PERMNO,GVKEY,SYMBOL,date,Hacked,Actual,Soft
10025,11903,AEPI,2010-09-09,1,0,-0.014726388593251363
10025,11903,AEPI,2013-01-22,1,0,
10025,11903,AEPI,2013-03-12,1,0,0.002306499544062363
10044,11976,RMCF,2012-07-10,1,0,
10044,11976,RMCF,2012-10-04,1,0,
10044,11976,RMCF,2013-07-11,1,0,
10044,11976,RMCF,2013-10-15,1,0,
10051,16456,HGR,2010-10-18,1,0,0.0032004837163003
10051,16456,HGR,2011-07-27,1,0,0.007599039578181536
10051,16456,HGR,2011-10-26,1,0,-0.004458272248887804
10051,16456,HGR,2012-02-08,1,0,-0.0006682015877813932
10104,12142,ORCL,2010-06-24,1,0,-0.011835385016004113
10104,12142,ORCL,2010-09-16,1,0,-0.0013434598303397622
10104,12142,ORCL,2010-12-16,1,0,0.0053229295100506
10104,12142,ORCL,2011-03-24,1,0,-0.00045571942267243117
10104,12142,ORCL,2011-06-23,1,0,-0.004189810256695346
10104,12142,ORCL,2011-09-20,1,0,-0.0008093615696398177
10104,12142,ORCL,2011-12-20,1,0,-5.763697457563874e-05
10104,12142,ORCL,2012-03-20,1,0,-0.005437294344528146
10104,12142,ORCL,2012-06-18,1,0,-0.009258909561234716
10104,12142,ORCL,2012-09-20,1,1,-0.0045525349788194565
10104,12142,ORCL,2012-12-18,1,1,0.001647866542590081
10104,12142,ORCL,2013-03-20,1,1,0.0004587324725136583
10104,12142,ORCL,2013-06-20,1,1,-0.012223727147578274
10104,12142,ORCL,2013-09-18,1,1,-0.0082551569422558
10107,12141,MSFT,2010-07-22,1,0,-0.002693882133409188
10107,12141,MSFT,2010-10-28,1,0,0.008410161825043274
10107,12141,MSFT,2011-07-21,1,0,0.01293600263118391
10107,12141,MSFT,2011-10-20,1,0,0.004644482174871035
10107,12141,MSFT,2012-01-19,1,0,-0.005637422439056725
10107,12141,MSFT,2013-01-24,1,0,0.000589386251743991
10116,11929,ACUR,2013-08-01,1,0,-0.0017259736192546012
10116,11929,ACUR,2013-11-04,1,0,-0.015716634190944573
10138,12138,TROW,2010-07-23,1,0,
10138,12138,TROW,2010-10-22,1,0,
10138,12138,TROW,2011-01-28,1,0,0.004130155716935833
10138,12138,TROW,2011-07-26,1,0,
10138,12138,TROW,2011-10-25,1,0,
10138,12138,TROW,2012-01-27,1,0,-0.002972904982284103
10138,12138,TROW,2013-01-29,1,0,-0.001498752367060499
10145,1300,HON,2010-07-23,1,0,0.00016653529731989677
10145,1300,HON,2010-10-22,1,0,-0.0020592093154294926
10145,1300,HON,2011-01-28,1,0,0.023216689441495353
10145,1300,HON,2011-07-22,1,1,0.01535017532262913
10145,1300,HON,2011-10-21,1,1,0.0237200466600924
10145,1300,HON,2012-01-27,1,1,0.004844732359826376
10145,1300,HON,2013-01-25,1,0,-0.00014564030511720477
10158,185128,AMRC,2015-03-05,1,0,0.0008620710567177762
10158,185128,AMRC,2015-05-07,1,0,-0.01084805074646123
10200,12181,RGEN,2010-11-02,1,0,0.004545989632371522
10205,16898,LSBX,2010-04-21,1,0,-0.008002374122229502
10205,16898,LSBX,2010-07-21,1,0,-0.00012397277768460332
10205,16898,LSBX,2010-10-20,1,0,0.0051275406550195055
10220,185229,BWC,2015-02-25,1,0,0.01799576427656442
10220,185229,BWC,2015-05-06,1,0,0.01956570314088918
10252,16889,INDB,2015-04-16,1,0,-0.012955086551181555
10253,12200,DMC,2010-08-12,1,0,
10253,12200,DMC,2010-11-16,1,0,
10259,12234,SIGM,2010-12-01,1,0,-0.003663233216498479
10259,12234,SIGM,2011-03-02,1,0,-0.005352865492613693
10259,12234,SIGM,2011-05-25,1,1,-0.03298001877118778
10259,12234,SIGM,2011-08-24,1,0,-0.04452620927382248
10259,12234,SIGM,2012-05-23,1,0,-0.0067280818151317385
10259,12234,SIGM,2012-12-05,1,1,-0.008131979894215994
10259,12234,SIGM,2013-06-12,1,0,-0.0011498117908169837
10259,12234,SIGM,2013-09-04,1,0,0.0011887866211376863
10272,12212,TKLC,2010-02-11,1,0,0.016496836546252207
10272,12212,TKLC,2010-05-06,1,0,0.0019416302827430744
10272,12212,TKLC,2010-08-05,1,0,-0.01180120057660281
10272,12212,TKLC,2010-11-04,1,0,0.0001769855436356488
10272,12212,TKLC,2011-02-10,1,1,-0.00022148167853177324
10272,12212,TKLC,2011-05-05,1,0,-0.0070886711110215266
10272,12212,TKLC,2011-08-04,1,0,-0.0032854737566539657
10272,12212,TKLC,2011-11-07,1,0,0.007372469633957067
10299,12216,LLTC,2015-01-13,1,0,0.009407421385733628
10299,12216,LLTC,2015-04-14,1,0,0.016488043382133163
10308,17240,TMP,2015-01-28,1,0,0.0029511563473879443
10308,17240,TMP,2015-04-24,1,0,-0.001909290099569215
10375,15363,TCB,2015-01-29,1,0,
10375,15363,TCB,2015-04-21,1,0,
10382,12262,ASTE,2010-07-20,1,0,0.010376227810141619
10382,12262,ASTE,2010-10-19,1,0,0.01495502719823679
10382,12262,ASTE,2011-07-25,1,0,0.012415735332109271
10382,12262,ASTE,2011-10-25,1,0,0.013795508532124804
10382,12262,ASTE,2012-02-21,1,0,0.012665695250531198
10382,12262,ASTE,2013-02-26,1,0,0.015348807091406765
10397,12266,WERN,2015-01-29,1,0,0.009802817828850754
10397,12266,WERN,2015-04-22,1,0,0.007533615574847138
10421,12392,SKYW,2010-08-04,1,0,0.0043181727894919565
10421,12392,SKYW,2010-11-03,1,0,0.007767424348239476
10421,12392,SKYW,2011-08-03,1,0,-0.023576978689485426
10421,12392,SKYW,2011-11-02,1,0,-0.007312798022794012
10421,12392,SKYW,2012-02-16,1,0,-0.018921271729032026
10421,12392,SKYW,2013-02-14,1,0,-0.004274435919977962
10501,12379,AMWD,2010-08-24,1,0,0.0030125756117373925
10501,12379,AMWD,2010-11-24,1,0,0.010320795395229617
10501,12379,AMWD,2011-08-23,1,0,0.006058466023576505
10501,12379,AMWD,2011-11-22,1,0,0.01671138299808301
10501,12379,AMWD,2012-02-21,1,0,0.013815534398385903
10501,12379,AMWD,2013-02-19,1,0,0.021561655608988442
10516,1722,ADM,2015-02-03,1,0,-0.0003899561592877994
10516,1722,ADM,2015-05-05,1,0,0.00845832547207686
10517,1076,AAN,2011-07-25,1,0,
10517,1076,AAN,2011-10-24,1,1,
10517,1076,AAN,2012-02-09,1,0,
10530,12433,VIVO,2015-01-22,1,0,-0.010445151097561086
10530,12433,VIVO,2015-04-23,1,0,
10606,12445,WTS,2015-02-17,1,1,-0.012441859749213564
10606,12445,WTS,2015-04-29,1,0,-0.015103582162825998
10629,18049,FNB,2010-07-26,1,0,0.00975843960459292
10629,18049,FNB,2010-10-25,1,0,0.012932348194877385
10629,18049,FNB,2011-01-24,1,0,0.0058162206733987434
10629,18049,FNB,2011-07-25,1,0,0.01996718186934494
10629,18049,FNB,2011-10-19,1,0,0.012024717181426288
10629,18049,FNB,2012-01-23,1,0,0.020559091219377282
10629,18049,FNB,2013-01-23,1,0,-0.0034071717504582863
10645,12597,LAKE,2010-12-13,1,0,
10645,12597,LAKE,2011-06-08,1,0,
10645,12597,LAKE,2011-09-08,1,0,
10645,12597,LAKE,2011-12-07,1,0,
10645,12597,LAKE,2012-04-18,1,0,
10693,12589,HLS,2011-07-27,1,0,0.007051471697583609
10693,12589,HLS,2011-10-27,1,0,0.012808734586186254
10693,12589,HLS,2012-02-23,1,0,0.014617727703199903
10696,12635,FISV,2015-02-03,1,0,0.00860181151996722
10696,12635,FISV,2015-05-05,1,0,0.006828867014245081
10779,1117,RWC,2010-11-10,1,0,0.005636826295138903
10779,1117,RWC,2011-08-09,1,0,-0.022318337284570278
10853,12815,RENT,2010-08-03,1,0,-0.002825967418949072
10853,12815,RENT,2010-11-02,1,0,
10853,12815,RENT,2011-08-04,1,0,-0.006592044835590708
10853,12815,RENT,2011-11-03,1,0,-0.01449861860439664
10853,12815,RENT,2012-02-07,1,0,-0.007070889053855485
10866,2436,BWS,2010-08-25,1,0,0.0032924489896882353
10866,2436,BWS,2010-11-23,1,0,0.011020361138462068
10866,2436,BWS,2015-03-11,1,0,0.00318606601453958
10874,2444,BC,2010-07-29,1,0,-3.9471138269163604e-05
10874,2444,BC,2010-10-28,1,0,0.002098956926113885
10886,4001,DXYN,2015-02-18,1,0,-0.0008692362029424664
10890,2504,UIS,2010-07-27,1,0,-0.003221467262135987
10890,2504,UIS,2010-10-26,1,0,-0.012328898597794223
10890,2504,UIS,2011-07-25,1,0,-0.013971084063241749
10890,2504,UIS,2011-10-24,1,0,-0.003067238491561394
10890,2504,UIS,2012-01-31,1,0,-0.0015047817448284977
10890,2504,UIS,2013-01-29,1,1,0.0013817356480923353
10932,17150,WBS,2010-07-16,1,0,-0.012966519972347176
10932,17150,WBS,2010-10-15,1,0,0.0005620054694115521
10932,17150,WBS,2011-01-14,1,0,0.015989038290756173
10932,17150,WBS,2011-07-15,1,0,0.007680733447531955
10932,17150,WBS,2011-10-14,1,0,0.005362346562433038
10932,17150,WBS,2012-01-19,1,0,0.013816093628926333
10932,17150,WBS,2013-01-18,1,0,0.010044322651112032
10933,12909,MKL,2010-08-06,1,0,
10933,12909,MKL,2010-11-05,1,0,
10933,12909,MKL,2011-08-08,1,0,
10933,12909,MKL,2011-11-07,1,0,
10933,12909,MKL,2012-02-01,1,0,0.0001425024833972329
10933,12909,MKL,2013-02-04,1,0,0.016707785964214454
11038,13011,NWK,2010-07-29,1,0,-0.032291979497912016
11144,1585,AVD,2015-02-26,1,0,
11144,1585,AVD,2015-04-30,1,0,-0.014299724932471275
11154,13200,PLAB,2015-02-17,1,0,0.003417233045590024
11154,13200,PLAB,2015-05-18,1,0,
11267,2818,CATO,2010-08-19,1,0,
11267,2818,CATO,2010-11-18,1,0,
11267,2818,CATO,2011-08-18,1,1,
11267,2818,CATO,2011-11-17,1,0,-0.016941280452785645
11267,2818,CATO,2013-03-21,1,0,
11293,17151,WSBC,2010-07-26,1,0,-0.006357998894706311
11293,17151,WSBC,2010-10-25,1,0,0.004505607859261344
11293,17151,WSBC,2011-01-26,1,0,-0.0024469091427120598
11293,17151,WSBC,2011-07-26,1,0,0.0026456833211785987
11293,17151,WSBC,2011-10-25,1,0,0.0037667500553676308
11293,17151,WSBC,2012-01-24,1,0,-0.010288756486922472
11293,17151,WSBC,2013-01-29,1,0,0.008937600279017984
11308,3144,KO,2015-02-10,1,0,-0.013985369083268166
11308,3144,KO,2015-04-22,1,0,0.002782264686159109
11343,13323,SAFM,2015-02-24,1,0,
11343,13323,SAFM,2015-05-28,1,0,-0.012390179564428469
11369,17248,UBSI,2015-01-29,1,0,-0.005656833642067887
11369,17248,UBSI,2015-04-28,1,0,-0.013544138935585889
11370,184576,ENV,2015-05-07,1,0,0.0041809143257963855
11378,13406,CCC,2015-02-19,1,0,-0.006552313101805219
11378,13406,CCC,2015-05-07,1,0,0.0023561768433471957
11379,13381,CMRG,2011-11-17,1,0,-0.007640563386838106
11379,13381,CMRG,2012-03-15,1,0,0.007089738490706981
11394,13794,KOOL,2010-11-04,1,0,-0.00826068217186969
11403,13421,CDNS,2010-02-03,1,0,-0.004043506829557073
11403,13421,CDNS,2010-04-28,1,0,
11403,13421,CDNS,2010-07-28,1,0,
11403,13421,CDNS,2010-10-27,1,0,
11403,13421,CDNS,2011-04-27,1,0,
11403,13421,CDNS,2011-07-28,1,0,
11403,13421,CDNS,2011-10-26,1,0,
11403,13421,CDNS,2012-04-25,1,0,
11403,13421,CDNS,2012-07-25,1,0,
11403,13421,CDNS,2012-10-24,1,1,
11403,13421,CDNS,2013-04-24,1,1,
11403,13421,CDNS,2013-07-24,1,1,
11403,13421,CDNS,2013-10-23,1,0,
11404,3413,ED,2010-05-06,1,0,
11404,3413,ED,2010-08-05,1,0,
11404,3413,ED,2010-11-01,1,0,
11404,3413,ED,2011-01-20,1,0,
11404,3413,ED,2011-05-05,1,0,
11404,3413,ED,2011-08-04,1,0,0.005130530819553291
11404,3413,ED,2011-11-03,1,0,0.0002155953669681892
11404,3413,ED,2012-01-19,1,0,-9.969577691508642e-05
11404,3413,ED,2012-05-03,1,0,
11404,3413,ED,2012-08-02,1,0,-0.0033111443042530588
11404,3413,ED,2012-11-05,1,0,-0.0012194438318217492
11404,3413,ED,2013-01-31,1,0,0.01152022942262468
11404,3413,ED,2013-05-02,1,0,0.002672291864637696
11404,3413,ED,2013-08-01,1,0,0.008490237332698894
11404,3413,ED,2013-11-04,1,0,0.007480512123246925
11406,8031,SUR,2010-07-30,1,0,-0.018106068818873125
11442,16781,CHCO,2010-07-22,1,0,0.012365531258255017
11442,16781,CHCO,2011-01-24,1,0,
11442,16781,CHCO,2012-01-23,1,0,-0.00665334697691654
11442,16781,CHCO,2015-04-23,1,0,
11499,1050,CECE,2011-11-10,1,0,0.013864689671308286
11499,1050,CECE,2013-03-07,1,0,0.010813756023013942
11513,16824,FFKY,2010-07-29,1,0,-0.012004041245856118
11533,13824,FICO,2012-01-26,1,0,0.004219784363565002
11533,13824,FICO,2013-01-30,1,0,0.007990691013868276
11547,13623,CNMD,2010-02-04,1,0,-0.009008649200724257
11547,13623,CNMD,2010-04-29,1,0,0.001003777679112184
11547,13623,CNMD,2010-07-29,1,0,0.0019952296520050605
11547,13623,CNMD,2011-02-03,1,0,-0.00520349025715861
11547,13623,CNMD,2011-04-28,1,1,0.014643492528907962
11547,13623,CNMD,2011-07-28,1,0,
11547,13623,CNMD,2011-10-27,1,0,
11547,13623,CNMD,2012-02-15,1,0,0.019178737763578424
11547,13623,CNMD,2012-07-26,1,0,0.005708304419712442
11547,13623,CNMD,2012-10-25,1,0,0.0028474724434001766
11547,13623,CNMD,2013-04-25,1,0,-0.014057989302883147
11547,13623,CNMD,2013-07-24,1,0,-0.0094413823027209
11547,13623,CNMD,2013-10-24,1,0,-0.0032889544177080714
11552,13599,CELG,2015-01-29,1,0,0.012548611079416475
11552,13599,CELG,2015-04-30,1,0,0.008023489375551975
11565,18533,HBNC,2015-04-22,1,0,0.011097748911996413
11581,1706,ATU,2015-03-18,1,0,-0.04021639650974776
11587,1234,ATRI,2010-02-19,1,0,0.005224213428016163
11587,1234,ATRI,2010-08-04,1,0,0.0034984398178189457
11587,1234,ATRI,2010-11-04,1,0,-0.0017964074774635703
11599,14182,ACO,2010-04-23,1,0,-0.0385685745340242
11599,14182,ACO,2010-07-23,1,0,0.010292464710844846
11599,14182,ACO,2010-10-22,1,0,0.007137045523317343
11599,14182,ACO,2011-07-22,1,0,
11599,14182,ACO,2011-10-28,1,0,0.0031671743553124882
11599,14182,ACO,2012-01-27,1,0,0.0016668535891575416
11599,14182,ACO,2012-04-27,1,0,-0.005144781697733469
11599,14182,ACO,2012-07-27,1,0,-0.004359792345397446
11599,14182,ACO,2012-10-26,1,0,-0.02114169689465574
11599,14182,ACO,2013-01-25,1,1,-0.0034001950857869105
11599,14182,ACO,2013-04-26,1,1,-0.012692777814362856
11599,14182,ACO,2013-07-26,1,0,-0.016241611766179657
11599,14182,ACO,2013-10-25,1,0,-0.011742792016044888
11628,16705,CPF,2010-07-30,1,0,-0.006175042596461325
11628,16705,CPF,2011-01-28,1,0,0.029212385788157595
11628,16705,CPF,2011-07-27,1,0,0.014598135726355658
11628,16705,CPF,2012-01-25,1,0,0.01483928434188017
11638,13782,LABL,2010-08-05,1,0,
11638,13782,LABL,2010-11-04,1,0,0.006663762993737536
11638,13782,LABL,2011-02-03,1,0,-2.9020196508657697e-05
11644,23002,CRK,2010-08-02,1,0,
11644,23002,CRK,2010-11-01,1,0,
11644,23002,CRK,2011-08-01,1,0,
11644,23002,CRK,2011-10-31,1,0,
11644,23002,CRK,2012-02-06,1,0,
11644,23002,CRK,2013-02-11,1,0,
11664,184392,GDOT,2015-01-29,1,0,
11664,184392,GDOT,2015-05-07,1,0,-0.0007251913523631699
11674,3897,DTE,2010-07-29,1,0,0.00878129085069784
11674,3897,DTE,2010-10-29,1,0,
11674,3897,DTE,2011-07-28,1,0,-0.004558532703905216
11674,3897,DTE,2011-11-04,1,1,-0.003932361749435495
11674,3897,DTE,2012-02-16,1,0,
11674,3897,DTE,2013-02-20,1,0,
11691,1254,MATX,2013-02-07,1,0,0.001045322456025015
11703,4087,DD,2010-07-27,1,0,0.014549272062009339
11703,4087,DD,2010-10-26,1,0,0.0009732025381800164
11703,4087,DD,2011-01-25,1,0,0.011394934930105221
11703,4087,DD,2011-07-28,1,0,0.0013438705447856233
11703,4087,DD,2011-10-25,1,1,0.013473138984318836
11703,4087,DD,2012-01-24,1,1,0.006006826159666701
11703,4087,DD,2013-01-22,1,0,-0.024721412783845494
11707,13839,CBM,2010-08-03,1,0,-0.017862396978357564
11707,13839,CBM,2010-11-03,1,0,-0.012632904660135202
11707,13839,CBM,2011-08-02,1,0,-0.005323505273300699
11707,13839,CBM,2012-02-06,1,0,-0.008167789796263097
11750,17168,RBPAA,2010-08-19,1,0,
11781,13940,TIGR,2010-11-12,1,0,
11786,17120,SIVB,2010-07-22,1,0,0.0022697259837724066
11786,17120,SIVB,2010-10-21,1,0,0.0016102652166750846
11786,17120,SIVB,2011-01-20,1,0,-0.010191194286210592
11786,17120,SIVB,2011-07-21,1,0,0.010277797980536962
11786,17120,SIVB,2011-10-20,1,0,0.004192306515382308
11786,17120,SIVB,2013-01-24,1,0,0.017462754019592214
11809,14027,CLH,2015-02-25,1,0,
11809,14027,CLH,2015-05-06,1,0,-0.039642747377888435
11844,19262,CTBI,2015-01-21,1,0,0.008905886080573803
11844,19262,CTBI,2015-04-15,1,0,-0.0019312318707606461
11850,4503,XOM,2015-02-02,1,0,0.0003189284579165454
11850,4503,XOM,2015-04-30,1,0,-0.003971382110876278
11884,14309,IPAR,2015-05-11,1,0,-0.011013399648634651
11891,14418,MGM,2010-08-03,1,0,-0.011156284511166696
11891,14418,MGM,2011-08-08,1,0,0.001066658307219249
11891,14418,MGM,2011-11-03,1,0,0.00378639670703129
11891,14418,MGM,2012-02-22,1,0,0.0009395432195527806
11891,14418,MGM,2013-02-20,1,0,-6.167423695949397e-05
11896,14256,MXIM,2012-01-26,1,1,
11896,14256,MXIM,2013-01-24,1,0,-0.002273211117165018
11917,14626,PTEC,2010-08-02,1,0,-0.0019791072044091623
11955,14477,WM,2015-02-17,1,0,0.000775100488154665
11955,14477,WM,2015-04-29,1,0,-0.018744364081243928
11995,3138,COKE,2015-05-05,1,0,
12008,4115,DY,2010-08-24,1,0,-0.007868625084859087
12008,4115,DY,2010-11-22,1,0,0.007592641760401091
12008,4115,DY,2011-08-23,1,1,-0.0031267124552172704
12008,4115,DY,2011-11-21,1,1,0.006525212221492244
12008,4115,DY,2013-02-26,1,1,0.02090060698249309
12009,184748,QUAD,2015-02-23,1,0,0.0070409209334054475
12009,184748,QUAD,2015-05-05,1,0,0.0005267845706355368
12011,184673,RLD,2015-02-09,1,0,0.010393614178190763
12026,184603,QLIK,2015-02-12,1,1,0.010020848549270609
12026,184603,QLIK,2015-04-23,1,0,0.005414617483759994
12036,4941,GMT,2015-01-22,1,0,0.005499495938720843
12036,4941,GMT,2015-04-23,1,0,0.014166071682170841
12049,175503,GORO,2012-08-09,1,0,-0.020844524008763486
12049,175503,GORO,2012-11-15,1,0,-0.010598948807501047
12049,175503,GORO,2013-05-08,1,1,-0.004956109902575551
12049,175503,GORO,2013-08-08,1,0,
12049,175503,GORO,2013-11-07,1,0,-0.00409507351837401
12051,184676,IL,2011-08-10,1,0,0.014441833031447837
12051,184676,IL,2011-11-08,1,0,0.002848451458330014
12052,5046,GD,2010-07-28,1,0,0.013351081340751018
12052,5046,GD,2010-10-27,1,0,0.016740051833158576
12052,5046,GD,2011-01-26,1,0,0.009288870802909192
12052,5046,GD,2011-07-27,1,0,0.014975008952562876
12052,5046,GD,2011-10-26,1,0,0.005363801718401993
12052,5046,GD,2012-01-25,1,0,0.002790159174129049
12052,5046,GD,2013-01-23,1,0,-0.014284746427171794
12060,5047,GE,2015-01-23,1,0,0.006300433324613392
12060,5047,GE,2015-04-17,1,0,0.008272728216966011
12062,14960,LH,2015-02-20,1,0,-0.002980299396421993
12062,14960,LH,2015-04-27,1,0,
12067,14623,NVLS,2010-07-12,1,0,-0.0035820696342938
12067,14623,NVLS,2010-10-26,1,0,0.00244572926965384
12067,14623,NVLS,2011-01-31,1,0,0.012980056545586129
12067,14623,NVLS,2011-07-11,1,0,-0.0037183491542133063
12067,14623,NVLS,2011-10-26,1,0,-0.004852568217819073
12067,14623,NVLS,2012-02-02,1,0,0.0020645774188021377
12067,14623,NVLS,2012-04-18,1,0,0.0006218153710712132
12073,16245,PBCT,2010-07-15,1,0,0.006688929473561018
12073,16245,PBCT,2010-10-21,1,0,0.005270093660052117
12073,16245,PBCT,2011-01-20,1,0,0.019879457080755926
12073,16245,PBCT,2011-07-21,1,0,-0.0034419702142467496
12073,16245,PBCT,2011-10-20,1,0,0.004575707541473223
12073,16245,PBCT,2012-01-19,1,0,0.02208105117736449
12073,16245,PBCT,2013-01-17,1,0,0.01577483913609133
12074,14908,PDE,2010-02-18,1,0,0.008452979358948808
12074,14908,PDE,2010-04-29,1,0,-0.004581890256036293
12074,14908,PDE,2010-07-29,1,0,-0.0032319886501702855
12074,14908,PDE,2010-11-04,1,0,-0.017207630817303907
12074,14908,PDE,2011-02-17,1,0,0.004860627302132064
12074,14908,PDE,2011-05-05,1,0,0.009592220695547013
12080,185190,GMAN,2011-11-30,1,0,0.0076988135674700454
12080,185190,GMAN,2012-05-11,1,0,0.0002528357559612379
12080,185190,GMAN,2012-11-28,1,0,0.006065086515749116
12080,185190,GMAN,2013-03-25,1,0,-0.023790783672182236
12080,185190,GMAN,2013-05-23,1,0,-0.009206253103800818
12080,185190,GMAN,2013-08-28,1,0,-0.0019846927624043893
12085,184884,PATH,2011-08-15,1,0,-0.013188689782046013
12085,184884,PATH,2011-11-14,1,0,-0.008423921868747427
12085,184884,PATH,2012-05-10,1,0,0.007817760227804959
12085,184884,PATH,2013-05-14,1,0,-0.006798766414402361
12085,184884,PATH,2013-08-08,1,0,-0.011895246021622298
12088,176375,PSTB,2011-11-02,1,0,0.01520640429235345
12089,184797,RP,2011-11-01,1,1,0.012573146244512218
12089,184797,RP,2012-02-16,1,1,0.010609170911855152
12089,184797,RP,2015-05-05,1,0,0.016557679371831807
12140,5229,GR,2010-07-29,1,0,-0.00017593833560934462
12140,5229,GR,2010-10-21,1,0,-0.009944625834274285
12140,5229,GR,2011-07-21,1,0,-0.007644829158076898
12140,5229,GR,2011-10-27,1,0,0.004475880912913586
12140,5229,GR,2012-02-02,1,0,0.006672742162217299
12166,18040,FRBK,2010-07-20,1,0,-0.0051770283715402415
12166,18040,FRBK,2010-10-21,1,0,0.006922399657139361
12166,18040,FRBK,2011-10-19,1,0,0.008004439351566769
12173,13375,GNCMA,2010-08-04,1,0,
12173,13375,GNCMA,2010-11-03,1,0,
12173,13375,GNCMA,2011-08-03,1,0,
12173,13375,GNCMA,2011-11-02,1,0,
12188,14606,EAR,2010-05-11,1,0,0.01347364341760482
12190,15027,TORM,2013-02-20,1,0,-0.007130912953885321
12209,15087,LWAY,2010-08-16,1,0,
12209,15087,LWAY,2010-11-15,1,0,
12209,15087,LWAY,2011-08-16,1,0,
12209,15087,LWAY,2011-11-14,1,0,
12211,14954,LNN,2015-01-06,1,0,-0.007218973222157513
12211,14954,LNN,2015-03-25,1,0,-0.005954504019775271
12266,14603,PPHM,2010-07-14,1,0,0.010467853430570127
12266,14603,PPHM,2010-09-09,1,0,0.008175370625488987
12266,14603,PPHM,2010-12-09,1,0,-0.0037748056341390824
12266,14603,PPHM,2011-03-11,1,0,-0.004462427466947579
12266,14603,PPHM,2011-09-09,1,0,0.00493791631683585
12266,14603,PPHM,2011-12-12,1,0,-0.004674413189318978
12266,14603,PPHM,2012-09-10,1,0,-0.00585731225140417
12266,14603,PPHM,2013-03-12,1,1,-0.009840658554177954
12266,14603,PPHM,2013-07-11,1,0,-0.003942602943360671
12266,14603,PPHM,2013-09-09,1,0,-0.0031543397977339092
12281,17318,WAIN,2010-10-20,1,0,
12308,126136,CHTR,2011-11-01,1,0,-0.010777514234572275
12308,126136,CHTR,2012-02-27,1,0,-0.00450038465363802
12308,126136,CHTR,2013-02-22,1,0,-0.0010596373502508721
12330,185584,EXAM,2011-11-03,1,0,-0.0019163561183271165
12330,185584,EXAM,2012-02-28,1,0,-0.026556662078494143
12330,185584,EXAM,2012-05-09,1,0,-0.005174673839223884
12330,185584,EXAM,2012-08-02,1,0,0.00937539041127779
12330,185584,EXAM,2012-11-05,1,1,0.01804102019071288
12330,185584,EXAM,2013-02-27,1,0,0.0193408721386834
12330,185584,EXAM,2013-05-08,1,1,0.0091250152451663
12330,185584,EXAM,2013-07-30,1,0,0.021569313832734666
12330,185584,EXAM,2013-10-30,1,0,0.016318565856584536
12340,184785,TOWR,2012-02-16,1,0,0.015942353728387315
12340,184785,TOWR,2013-02-15,1,0,0.015542069212823993
12366,185881,BAH,2015-01-28,1,0,-0.0026085700201754925
12366,185881,BAH,2015-05-21,1,0,-0.006542580723570989
12369,5073,GM,2012-02-16,1,0,-0.0009823585851018116
12369,5073,GM,2013-02-14,1,0,-0.0014056302982997926
12373,185797,HHC,2015-05-11,1,0,0.008993781498053284
12374,185112,IPHI,2012-04-24,1,0,0.005611521199810274
12374,185112,IPHI,2012-11-01,1,0,0.001095380279831245
12374,185112,IPHI,2013-05-01,1,1,0.01674514592459307
12374,185112,IPHI,2013-10-29,1,0,0.016655436989239863
12389,162941,TPLM,2011-12-15,1,0,
12389,162941,TPLM,2012-04-16,1,0,
12389,162941,TPLM,2012-06-11,1,0,
12389,162941,TPLM,2012-09-06,1,0,-0.007646385505298066
12389,162941,TPLM,2012-12-10,1,0,-0.006180008262041551
12389,162941,TPLM,2013-06-10,1,0,-0.005353375305706514
12389,162941,TPLM,2013-09-09,1,0,-0.007664660202904608
12392,179438,ANAC,2015-03-12,1,0,0.0015986138462924472
12392,179438,ANAC,2015-05-06,1,0,-0.002839524163238955
12400,178519,LPLA,2012-02-07,1,0,-0.0033535378461209773
12400,178519,LPLA,2013-02-06,1,0,9.924693179523894e-06
12410,184807,TFM,2015-03-05,1,0,0.002521800108942894
12410,184807,TFM,2015-05-21,1,0,-0.005488757974432707
12437,2337,ABH,2012-02-09,1,0,
12437,2337,RFP,2013-02-12,1,0,-0.004532578815123466
12449,184700,FLT,2015-02-05,1,0,0.005884089757622488
12449,184700,FLT,2015-04-30,1,1,0.02888063958339672
12450,185619,FRF,2012-03-01,1,0,
12450,185619,FRF,2012-05-10,1,0,0.009884066865966261
12450,185619,FRF,2012-08-13,1,0,0.001615273702602421
12450,185619,FRF,2012-11-12,1,0,-0.005183786863861546
12450,185619,FRF,2013-05-13,1,0,0.01363973912024529
12450,185619,FRF,2013-08-12,1,0,-0.000580552479271826
12450,185619,FRF,2013-11-11,1,0,0.0001986853811117087
12451,183528,GCAP,2012-02-28,1,0,0.00828837642737957
12451,183528,GCAP,2013-03-12,1,0,-0.009772000148818129
12456,186106,MMI,2012-01-26,1,0,-0.0026520532558742295
12473,185318,SWFT,2015-01-28,1,0,
12473,185318,SWFT,2015-04-27,1,0,
12477,185370,WD,2012-03-08,1,0,0.007473348593624973
12477,185370,WD,2013-03-06,1,0,0.006671483101473117
12493,65226,QADA,2015-03-12,1,0,0.007626379418941444
12493,65226,QADA,2015-05-28,1,0,0.013145482120123994
12496,147349,UNXL,2012-03-08,1,0,-0.009419903880945992
12496,147349,UNXL,2012-05-11,1,0,-0.0012194519227947277
12496,147349,UNXL,2012-07-30,1,0,-0.004820252355977524
12496,147349,UNXL,2012-11-07,1,0,0.004398270456128718
12496,147349,UNXL,2013-02-26,1,0,0.006771909827987974
12496,147349,UNXL,2013-04-30,1,0,0.011934848509551526
12496,147349,UNXL,2013-08-08,1,0,0.012076365253545553
12496,147349,UNXL,2013-11-07,1,0,
12501,148217,FRP,2013-03-06,1,0,0.0024286737279932353
12515,185824,BKU,2015-01-22,1,0,0.012935620548007114
12515,185824,BKU,2015-04-23,1,0,0.006467414196752311
12521,185703,DMD,2015-05-06,1,0,0.00889039677503028
12559,184702,NPTN,2015-05-07,1,0,0.004471669203394729
12570,5860,ITT,2015-02-13,1,0,0.010875128554371307
12570,5860,ITT,2015-05-01,1,0,-0.01450433002255288
12573,185908,ACRX,2013-03-12,1,0,0.00537670463048916
12577,179840,FLDM,2015-02-05,1,0,
12577,179840,FLDM,2015-05-07,1,1,
12583,185836,PCRX,2015-02-24,1,0,-0.013917562351509162
12583,185836,PCRX,2015-04-30,1,0,-0.006925433210953038
12588,120824,USCR,2012-05-11,1,0,0.011348800433535389
12588,120824,USCR,2012-08-09,1,0,0.006237432435464124
12591,184254,APO,2015-02-05,1,0,0.008947767359108258
12591,184254,APO,2015-05-07,1,0,0.02183828884193767
12592,185193,BONE,2012-03-22,1,0,0.008515087987958048
12622,22260,HCA,2015-02-03,1,0,0.0025110987345685135
12622,22260,HCA,2015-05-05,1,0,-0.002931751978761374
12629,233491,MX,2013-01-30,1,0,
12637,184742,EOX,2013-05-08,1,0,0.0003138827542393287
12637,184742,EOX,2013-08-06,1,0,0.011529949519023249
12637,184742,EOX,2013-11-05,1,0,-0.00019504917923872725
12639,185646,CSOD,2015-02-11,1,0,-0.00035910851641460413
12639,185646,CSOD,2015-05-06,1,1,0.0031865456975661167
12640,186129,SREV,2013-02-06,1,1,0.013373403177460962
12640,186129,SREV,2015-05-07,1,0,0.014867594001125157
12641,186278,AL,2015-02-26,1,0,0.019438874789207635
12641,186278,AL,2015-05-07,1,0,0.003151627777757944
12645,186955,ELLI,2015-02-12,1,1,0.02179121181485484
12645,186955,ELLI,2015-04-30,1,0,0.030632694338235567
12650,6335,KSU,2015-01-23,1,0,0.0028807480550540375
12650,6335,KSU,2015-04-21,1,0,-0.02010133420805804
12660,185645,GNC,2013-02-14,1,0,0.004086420996693671
12682,184880,TMS,2013-02-14,1,0,0.009369810434820377
12743,186087,LPR,2012-08-13,1,0,-0.017286924629946826
12743,186087,LPR,2012-11-13,1,0,0.006303965516435678
12747,185585,NMFC,2015-05-05,1,0,0.0004338186395993378
12758,1439,ECOL,2010-03-04,1,0,
12758,1439,ECOL,2010-04-27,1,0,
12758,1439,ECOL,2010-10-26,1,0,
12758,1439,ECOL,2011-03-08,1,0,
12758,1439,ECOL,2011-05-03,1,0,
12758,1439,ECOL,2011-08-02,1,0,
12758,1439,ECOL,2011-11-01,1,0,
12758,1439,ECOL,2012-02-16,1,0,
12758,1439,ECOL,2012-05-01,1,0,
12758,1439,ECOL,2012-07-31,1,1,
12758,1439,ECOL,2013-02-14,1,0,
12758,1439,ECOL,2013-04-25,1,1,
12758,1439,ECOL,2013-07-29,1,0,
12758,1439,ECOL,2013-10-28,1,0,
12781,6547,LG,2010-07-30,1,0,-0.0010126542899633684
12781,6547,LG,2010-10-29,1,0,-0.005712422999154252
12781,6547,LG,2011-01-27,1,0,0.0043089698139953826
12781,6547,LG,2011-10-28,1,0,-0.0015573746959080693
12781,6547,LG,2012-01-26,1,0,0.005026371819801559
12781,6547,LG,2013-02-05,1,0,0.005681224611512293
12783,186360,THR,2012-11-08,1,0,-0.005980690948835131
12783,186360,THR,2013-02-07,1,0,-0.004663629238837154
12783,186360,THR,2013-08-08,1,0,-0.0010439012093649983
12783,186360,THR,2013-11-07,1,0,0.004707412732193826
12785,17266,UAM,2015-02-18,1,0,-0.005886254890167425
12785,17266,UAM,2015-05-05,1,0,-0.009300513318594583
12797,186715,SZYM,2015-02-26,1,0,-0.007245633137188226
12797,186715,SZYM,2015-05-06,1,0,-0.006715250388569549
12798,186288,WIFI,2015-05-07,1,0,0.006861522875011391
12865,186683,FIO,2013-01-30,1,0,0.006139612875520969
12873,186520,P,2013-03-07,1,0,
12873,186520,P,2015-02-05,1,1,
12873,186520,P,2015-04-23,1,0,
12894,186336,CJES,2013-02-13,1,0,
12905,186773,SXC,2015-04-23,1,0,-0.004511167108337193
12906,178870,SYRG,2013-01-09,1,0,
12906,178870,SYRG,2013-04-09,1,0,0.007733551954792858
12906,178870,SYRG,2013-07-10,1,0,0.0019505441821436164
12906,178870,SYRG,2013-11-05,1,0,-0.010681310527422444
12908,187714,WAIR,2015-02-05,1,0,-0.004650061443375302
12908,187714,WAIR,2015-05-07,1,0,-0.03097052661954204
12914,174222,DNKN,2013-01-31,1,0,-0.0009668468845653606
12924,184715,TNGO,2015-02-12,1,1,0.00799971692593945
12924,184715,TNGO,2015-05-07,1,0,-0.003008474517231704
12960,187434,CARB,2013-02-04,1,0,0.0029977392762157214
12981,188255,FBHS,2015-02-04,1,1,-0.0029000273874375485
12981,188255,FBHS,2015-04-30,1,1,0.00964922042851966
13006,29855,FMNB,2015-04-22,1,0,0.005246568505561153
13018,189490,XLS,2015-02-27,1,0,0.004269261246987517
13018,189490,XLS,2015-05-06,1,0,0.006023859177905563
13035,189491,XYL,2015-02-05,1,0,0.003779949137608353
13035,189491,XYL,2015-04-30,1,0,-0.007023359806921826
13041,190959,LMOS,2015-03-04,1,0,0.005134230207415642
13041,190959,LMOS,2015-05-05,1,0,0.011609154102559166
13056,1468,AM,2010-09-29,1,0,-0.0024011911911946664
13056,1468,AM,2010-12-22,1,0,-0.01432982357450279
13056,1468,AM,2011-09-27,1,0,-0.005752806112011552
13056,1468,AM,2011-12-22,1,0,0.0024611734819176842
13080,187490,IMPV,2015-02-05,1,0,0.01231856735169905
13080,187490,IMPV,2015-05-07,1,0,
13084,189567,MN,2015-02-04,1,0,-0.002380992484897671
13084,189567,MN,2015-04-29,1,0,-0.01209648722304007
13105,192255,ACHC,2015-04-28,1,1,0.008390974096617708
13107,196055,CLVS,2015-05-06,1,0,-0.005305227203436522
13108,187363,GRPN,2015-05-05,1,1,-0.011377687265388825
13110,161036,MFRM,2015-03-19,1,1,0.006157504461370849
13111,186607,NLNK,2013-02-28,1,0,
13111,186607,NLNK,2013-05-06,1,0,
13111,186607,NLNK,2013-08-07,1,0,
13139,188663,SN,2013-03-06,1,0,0.0012357829317725727
13141,187128,WPX,2015-02-25,1,0,-0.0030398089330507944
13141,187128,WPX,2015-05-05,1,0,0.0036426440619540907
13167,175064,SGYP,2015-03-16,1,0,-0.0013102997282282165
13167,175064,SGYP,2015-05-11,1,0,-0.01055866544596072
13181,190455,GWRE,2015-03-02,1,0,
13188,170527,POST,2013-02-07,1,0,-0.003923627274484217
13196,162914,RLGT,2013-02-11,1,0,-0.007460856042392971
13201,187692,REGI,2015-03-03,1,0,-0.0018222123824174295
13201,187692,REGI,2015-05-05,1,0,
13202,194255,VSTM,2015-03-10,1,0,0.01139544296849511
13202,194255,VSTM,2015-05-11,1,0,
13225,187644,GSE,2013-03-14,1,0,0.00022826382889023708
13244,187812,MTDR,2015-03-02,1,0,0.00720382395836743
13244,187812,MTDR,2015-05-06,1,0,0.006808536745598322
13249,187696,PRLB,2015-02-05,1,0,0.0021197942776069994
13249,187696,PRLB,2015-04-23,1,0,0.0013878270475975937
13250,199456,RNDY,2015-03-04,1,0,
13250,199456,RNDY,2015-05-13,1,0,
13260,187959,BCOV,2015-04-30,1,0,0.002495394649797182
13263,190580,CEMP,2013-02-28,1,0,
13267,20423,CZR,2013-02-25,1,0,0.005591450170657689
13278,187164,HMST,2015-01-26,1,0,0.009871134512152581
13278,187164,HMST,2015-04-27,1,0,0.006461266806667403
13292,187687,DWRE,2015-02-19,1,0,-0.02180136383305381
13292,187687,DWRE,2015-05-07,1,0,-0.02269904901733455
13298,170458,MM,2015-05-05,1,0,
13299,184498,NSM,2015-02-26,1,0,-0.014014230376045241
13299,184498,NSM,2015-05-05,1,0,0.007308903986182726
13302,187253,RM,2015-03-09,1,0,-0.0065958005462251265
13302,187253,RM,2015-04-28,1,0,0.00011980582981235745
13305,180474,RXN,2015-05-20,1,0,-0.02090171606970246
13337,171059,FET,2015-02-11,1,0,-0.00332808078786267
13337,171059,FET,2015-04-23,1,0,0.006423048426653765
13342,170444,BLOX,2015-02-26,1,0,0.00861183487320544
13342,170444,BLOX,2015-05-28,1,0,0.001207937162483812
13356,170841,PSX,2015-01-29,1,0,8.88315378387225e-06
13356,170841,PSX,2015-04-30,1,0,0.001489394919730526
13367,170904,TUMI,2015-05-06,1,0,-0.03339916222509453
13373,184868,EAC,2015-02-25,1,0,-0.0022262589743507113
13373,184868,EAC,2015-05-11,1,0,0.015332607510141469
13375,187833,FRGI,2015-02-19,1,1,0.001250162674997883
13375,187833,FRGI,2015-04-30,1,0,0.009299404299046379
13377,170335,PFPT,2013-04-25,1,1,0.009913488422424635
13377,170335,PFPT,2013-07-25,1,0,0.009325452527171738
13377,170335,PFPT,2013-10-30,1,0,0.013615685308181288
13379,170616,SPLK,2015-02-26,1,1,-0.0007786868174507623
13379,170616,SPLK,2015-05-28,1,1,-0.002572289282897584
13384,186428,EVER,2015-01-28,1,0,0.009066561317888109
13384,186428,EVER,2015-04-29,1,0,0.015044756186320304
13399,187575,TLYS,2015-03-18,1,0,-0.005918088538849979
13399,187575,TLYS,2015-05-27,1,0,0.00023856848356632477
13402,170615,ADNC,2013-10-31,1,0,
13408,187737,IRG,2015-03-12,1,0,-0.012430193030997278
13408,187737,IRG,2015-05-04,1,0,0.01282292168093451
13447,171007,NOW,2015-01-28,1,1,0.0007428207583794425
13447,171007,NOW,2015-04-16,1,1,-0.0008453175469688877
13502,12413,EGL,2015-03-03,1,0,-0.003940163593884799
13520,187775,CHUY,2015-03-02,1,0,0.008055320043919574
13520,187775,CHUY,2015-05-04,1,0,-0.00768414989000984
13543,171002,GMED,2015-02-25,1,0,0.005115879681712876
13543,171002,GMED,2015-05-05,1,0,0.0024600940747940203
13567,14438,ADT,2015-01-28,1,0,0.009014893670308399
13567,14438,ADT,2015-04-29,1,0,0.005062072825447396
13600,11745,QLYS,2013-11-04,1,0,0.01996656439428857
13603,1539,AMPH,2010-08-02,1,0,0.01565957795748361
13603,1539,AMPH,2010-11-02,1,0,0.010988343756022038
13604,180483,BERY,2015-01-30,1,0,0.0022879545243428253
13604,180483,BERY,2015-05-01,1,0,-0.008909401606815909
13610,8123,OLN,2010-04-26,1,0,0.011077707131459145
13610,8123,OLN,2010-07-22,1,0,0.007834284800150595
13610,8123,OLN,2010-10-25,1,0,-0.005833743342639379
13610,8123,OLN,2011-01-31,1,0,0.016174721071368886
13610,8123,OLN,2011-07-21,1,0,0.017225250458967938
13610,8123,OLN,2011-10-27,1,0,-0.004850873023653947
13610,8123,OLN,2012-01-30,1,1,0.011434777956529758
13610,8123,OLN,2013-01-28,1,0,0.007869001812200554
13616,14032,LOCK,2015-02-10,1,0,0.00401090154869144
13616,14032,LOCK,2015-04-29,1,0,0.004635130543484575
13621,170945,PBYI,2015-03-02,1,0,0.00310018853049985
13621,170945,PBYI,2015-05-11,1,0,0.00024054071047533397
13622,174022,RLGY,2013-11-04,1,0,0.0029166137393414515
13628,15044,WDAY,2013-11-25,1,0,0.0018918554673532928
13640,164059,CUNB,2015-04-29,1,0,-0.002065622879684781
13687,111873,RH,2015-03-26,1,1,0.002408010544105499
13688,8264,PCG,2010-08-04,1,0,-0.0005177415656619864
13688,8264,PCG,2010-11-04,1,0,-0.009038931319918135
13688,8264,PCG,2011-08-04,1,0,-0.025800083214252686
13688,8264,PCG,2011-11-03,1,0,-0.02467582809718618
13688,8264,PCG,2013-02-21,1,0,-0.011053408201261094
13693,185659,ATOS,2013-11-12,1,0,-0.009630417944295389
13712,178823,UIHC,2015-02-18,1,0,0.0032818633962940786
13712,178823,UIHC,2015-04-29,1,0,0.007478153097270232
13730,196159,PBF,2015-02-12,1,0,0.005229110551744788
13730,196159,PBF,2015-04-30,1,0,0.006410924755269017
13757,17010,LMCA,2015-05-08,1,0,
13788,13721,ZTS,2015-02-11,1,0,-0.002615938163287852
13788,13721,ZTS,2015-05-05,1,0,0.0032807995832454424
13802,16113,APAM,2015-02-02,1,0,0.0032588726759424642
13802,16113,APAM,2015-04-28,1,0,-0.01271490866708064
13816,17553,MODN,2015-02-09,1,0,
13816,17553,MODN,2015-05-11,1,0,
13819,187607,SSNI,2015-02-09,1,0,-0.002327248863479351
13819,187607,SSNI,2015-05-07,1,0,0.007907323092304998
13825,16269,ENTA,2015-02-05,1,0,-0.0002545254321684766
13825,16269,ENTA,2015-05-07,1,0,-0.0019153250818053965
13831,17699,CST,2015-02-27,1,0,0.010683202222564078
13831,17699,CST,2015-05-08,1,0,0.011815886105707395
13856,8479,PEP,2012-02-09,1,0,0.008821467631554804
13856,8479,PEP,2013-02-14,1,0,0.002881478458178579
13862,16653,TMHC,2015-02-04,1,0,0.010499335902567804
13863,183322,TXMD,2015-05-05,1,0,0.0017935710118358872
13876,17687,HMTV,2015-03-11,1,0,0.00048609516326221167
13876,17687,HMTV,2015-05-04,1,0,0.01849400893503469
13883,15215,OVAS,2015-03-16,1,0,
13883,15215,OVAS,2015-05-11,1,0,
13890,17811,ECOM,2015-02-05,1,0,
13890,17811,ECOM,2015-05-04,1,0,
13891,17692,CYNI,2015-05-04,1,0,0.013254287995969605
13901,8543,MO,2015-01-30,1,0,
13901,8543,MO,2015-04-23,1,1,0.0068032236288919756
13903,185344,BRSS,2015-03-09,1,0,8.886485592570544e-05
13903,185344,BRSS,2015-05-11,1,0,-0.0020701882397730683
13906,24544,WLH,2015-02-20,1,0,0.011656581285394154
13906,24544,WLH,2015-05-08,1,0,0.023647295535407904
13908,17306,PFSI,2015-02-04,1,0,
13908,17306,PFSI,2015-05-06,1,0,
13909,18003,PGEM,2015-05-07,1,0,0.0006253379406940193
13911,17928,Q,2015-02-12,1,0,0.009804123349696919
13911,17928,Q,2015-04-29,1,0,-0.007972127604641804
13928,8549,COP,2015-01-29,1,1,-0.018642317556740985
13928,8549,COP,2015-04-30,1,0,-0.012070740832059971
13936,8551,PVH,2015-03-25,1,1,-0.0011803544588183876
13943,17696,TSC,2015-04-22,1,0,0.001583525962278412
13963,18043,NWSA,2015-02-05,1,0,-0.004492215561877027
13963,18043,NWSA,2015-05-05,1,0,-0.027322233523026644
14006,18066,TRMR,2015-02-19,1,0,
14006,18066,TRMR,2015-05-07,1,0,
14008,1602,AMGN,2011-07-29,1,0,0.005630714190901859
14008,1602,AMGN,2011-10-24,1,0,-0.010647122516763112
14008,1602,AMGN,2012-01-26,1,0,0.002949083601932398
14008,1602,AMGN,2013-01-23,1,0,0.0055676571745169705
14017,185363,DRII,2015-02-18,1,0,-0.004645337788939963
14017,185363,DRII,2015-04-29,1,0,-0.011429905018513537
14026,18109,JONE,2015-03-04,1,0,0.004541762612598059
14026,18109,JONE,2015-05-06,1,0,
14030,18293,NYLD,2015-02-27,1,0,0.018707216295052266
14040,10984,S,2015-02-05,1,0,0.0009953206408729797
14040,10984,S,2015-05-05,1,0,0.012711044899590691
14042,17689,UCP,2015-05-11,1,0,0.0221819979318783
14043,145186,WCIC,2015-02-25,1,0,0.016435129224659853
14043,145186,WCIC,2015-04-29,1,0,0.010426962470044893
14063,18322,CVT,2015-05-11,1,0,
14065,18432,EVHC,2015-02-26,1,0,0.0018073536358983863
14065,18432,EVHC,2015-04-30,1,0,0.0006256241011072883
14087,18271,YUME,2015-02-18,1,0,-0.008509242509672818
14087,18271,YUME,2015-05-07,1,0,-0.009931635832277188
14143,18623,VMEM,2015-03-05,1,0,-0.010508277242232232
14148,18535,BIND,2015-03-11,1,0,-0.0020950255418501797
14160,18469,FMI,2015-02-24,1,0,0.0016702484330170624
14160,18469,FMI,2015-05-11,1,0,-0.009185007109869784
14167,18572,OPHT,2015-02-23,1,0,0.0010653560373381837
14167,18572,OPHT,2015-05-11,1,0,0.007826931751580094
14176,18510,XLRN,2015-03-02,1,0,0.006742838939998935
14176,18510,XLRN,2015-05-07,1,0,0.008864760048669998
14229,3592,LEAF,2015-03-12,1,0,0.000986832777007252
14229,3592,LEAF,2015-05-07,1,0,0.005290919413666584
14231,18689,VEEV,2015-03-03,1,1,0.003974745804405786
14231,18689,VEEV,2015-05-28,1,1,0.0024465894332491456
14238,18749,AERI,2015-05-07,1,0,-0.011727340848019198
14239,18036,COMM,2015-02-20,1,0,-0.010408661745283996
14239,18036,COMM,2015-04-30,1,0,-0.004522425754886058
14274,18842,TCS,2015-01-08,1,0,-0.0027920317521849033
14274,18842,TCS,2015-04-27,1,0,-0.015103209978335986
14288,166746,JGW,2015-05-11,1,0,0.0033191987814682657
14290,18879,MVNR,2015-02-26,1,0,0.002428096809622877
14526,1686,APOG,2015-04-08,1,0,0.018930070997075114
14541,2991,CVX,2015-01-30,1,0,-0.001050330508755976
14541,2991,CVX,2015-05-01,1,0,-0.01284225442946854
14593,1690,AAPL,2010-07-20,1,0,
14593,1690,AAPL,2015-01-27,1,0,
14593,1690,AAPL,2015-04-27,1,0,-0.006901454694053401
14761,1712,ARSD,2013-03-07,1,0,
14795,10581,TKR,2010-07-29,1,0,
14795,10581,TKR,2010-10-28,1,0,
14795,10581,TKR,2011-01-27,1,0,
14795,10581,TKR,2011-07-28,1,0,0.037210655765079224
14795,10581,TKR,2012-01-26,1,0,0.012057216425816412
14795,10581,TKR,2013-01-24,1,0,0.013267570888771067
15069,7017,MRO,2010-08-03,1,0,-0.001108289561598785
15069,7017,MRO,2010-11-02,1,0,0.0022340680842498437
15070,16668,AROW,2010-07-13,1,0,0.014370914248674777
15070,16668,AROW,2011-07-15,1,0,0.004714451973219635
15070,16668,AROW,2011-10-18,1,0,0.006004176152443553
15202,11228,VMC,2010-08-02,1,0,-0.0035480905983622454
15202,11228,VMC,2010-11-01,1,0,0.0005653864703987601
15202,11228,VMC,2011-08-02,1,0,-0.014089051337253031
15202,11228,VMC,2011-11-02,1,0,-0.00974628517270684
15202,11228,VMC,2012-02-16,1,0,0.007236888924361798
15202,11228,VMC,2013-02-14,1,0,0.004657854927354506
15318,11842,ASBC,2010-07-22,1,0,-0.010178823973238086
15318,11842,ASBC,2010-10-21,1,0,0.013279345399988544
15318,11842,ASBC,2011-01-20,1,0,0.006104068232226951
15318,11842,ASBC,2011-07-21,1,0,0.006397759187036322
15318,11842,ASBC,2011-10-20,1,0,0.0020899383327742374
15318,11842,ASBC,2012-01-19,1,0,0.010141505628659609
15318,11842,ASBC,2013-01-17,1,0,0.01775283714466829
15456,11584,FL,2010-08-19,1,0,-0.0025426464495033746
15456,11584,FL,2010-11-18,1,0,-0.0013411471172520492
15456,11584,FL,2011-08-18,1,1,0.005207228378947911
15456,11584,FL,2011-11-17,1,1,-0.0036105483471287197
15456,11584,FL,2012-03-01,1,0,0.001166740057516883
15456,11584,FL,2013-03-08,1,0,0.013705231864075445
15553,1837,AGL,2010-07-29,1,0,-0.009901004674554603
15553,1837,AGL,2010-11-02,1,0,-0.0071730363588094846
15553,1837,AGL,2011-08-03,1,0,
15560,10332,RSH,2010-07-29,1,0,
15560,10332,RSH,2010-10-25,1,0,-0.009124802445188951
15560,10332,RSH,2011-07-26,1,0,-0.0264522568810135
15560,10332,RSH,2011-10-25,1,1,-0.028115340753412973
15560,10332,RSH,2012-02-21,1,0,-0.0207784348561477
15560,10332,RSH,2013-02-26,1,0,-0.0036801104119364263
15579,10499,TXN,2010-07-19,1,0,0.01816452800782828
15579,10499,TXN,2010-10-25,1,0,0.01593072924369298
15579,10499,TXN,2011-01-24,1,0,0.005179074479736912
15579,10499,TXN,2011-07-25,1,0,0.010413728806729187
15579,10499,TXN,2011-10-24,1,0,-0.010049262626193838
15579,10499,TXN,2012-01-23,1,1,-0.012795729168135277
15579,10499,TXN,2013-01-22,1,0,-0.014928191642273774
15720,9846,EIX,2015-02-24,1,0,-0.011031699386490007
15720,9846,EIX,2015-04-28,1,0,-0.02132869814179189
15721,1860,ATW,2010-08-04,1,0,0.0032431345795677744
15721,1860,ATW,2010-11-18,1,0,0.006286168375909133
15721,1860,ATW,2011-08-03,1,0,0.0028925677500307354
15721,1860,ATW,2011-11-17,1,0,0.006879370347323288
15721,1860,ATW,2012-02-01,1,0,0.00338896030987362
15721,1860,ATW,2013-01-30,1,0,0.007006812798987791
16126,1926,AZZ,2011-01-07,1,0,0.011808398812028043
16126,1926,AZZ,2011-09-29,1,0,0.0030889514560510666
16126,1926,AZZ,2013-01-09,1,0,0.012071883112308049
16432,5234,GT,2010-07-29,1,0,0.012322843743540608
16432,5234,GT,2010-10-28,1,0,0.0234591560495446
16432,5234,GT,2011-07-28,1,1,0.010603501663564534
16432,5234,GT,2011-10-28,1,0,0.016410956760306745
16432,5234,GT,2012-02-14,1,0,-0.010797265345436414
16432,5234,GT,2013-02-12,1,0,-0.006391189949811211
16600,5597,HSY,2015-01-29,1,0,-0.00832277934470799
16600,5597,HSY,2015-04-23,1,0,-0.029284580541828024
16678,6502,KR,2010-09-14,1,0,0.005950462929314383
16678,6502,KR,2010-12-02,1,0,-0.0012608845855082134
16678,6502,KR,2011-09-09,1,0,0.008033611859747034
16678,6502,KR,2011-12-01,1,1,0.024344224076454382
16678,6502,KR,2012-03-01,1,0,0.013734336253632535
16678,6502,KR,2013-03-07,1,0,0.019406176832749374
17005,7241,CVS,2010-07-28,1,0,-0.009086897877106119
17005,7241,CVS,2010-11-03,1,0,0.008939155452978298
17005,7241,CVS,2011-08-04,1,0,-0.01774767159513524
17005,7241,CVS,2011-11-03,1,0,-0.008142083511497707
17005,7241,CVS,2012-02-08,1,0,0.006324792271886027
17005,7241,CVS,2013-02-06,1,0,0.006142815111404414
17144,5071,GIS,2013-03-20,1,0,0.022268874076547242
17478,7163,MHP,2010-07-23,1,0,0.0034164174627358025
17478,7163,MHP,2010-10-26,1,0,-0.026666719259596378
17478,7163,MHP,2011-07-28,1,0,-0.020556306123509185
17478,7163,MHP,2011-10-20,1,1,-0.009033131638577005
17478,7163,MHP,2012-01-31,1,1,0.003919153661196278
17478,7163,MHP,2013-02-12,1,0,0.008307405767812654
17523,9922,SPA,2015-02-03,1,0,-0.005288644826314304
17523,9922,SPA,2015-05-05,1,0,-0.01006654903844629
17671,2163,BNHN,2011-08-25,1,0,0.025197346190269393
17671,2163,BNHN,2011-11-16,1,0,0.017199487600250203
17671,2163,BNHN,2012-02-08,1,0,0.011097581180315463
17726,3619,CCK,2010-07-19,1,0,0.009353979379157102
17726,3619,CCK,2010-10-18,1,0,0.002477056315925619
17726,3619,CCK,2011-07-19,1,0,-0.007148734853591703
17726,3619,CCK,2011-10-18,1,0,0.0062588308300840206
17726,3619,CCK,2012-02-01,1,0,-0.0013725143960482324
17726,3619,CCK,2013-01-30,1,0,-0.002299438924277088
17743,14822,WRB,2015-02-03,1,0,-0.018600171259835194
17743,14822,WRB,2015-04-27,1,0,0.0031708690654996753
17750,6435,KMB,2010-07-23,1,0,
17750,6435,KMB,2010-10-26,1,0,
17750,6435,KMB,2011-01-25,1,0,
17750,6435,KMB,2011-07-25,1,0,
17750,6435,KMB,2011-10-24,1,0,-0.007949444850491177
17750,6435,KMB,2012-01-24,1,0,
17750,6435,KMB,2013-01-25,1,0,-0.002131184752516174
17830,10983,UTX,2010-07-21,1,0,0.008695173126910809
17830,10983,UTX,2010-10-20,1,0,0.00591061093701336
17830,10983,UTX,2011-01-26,1,0,0.011766754946450138
17830,10983,UTX,2011-07-20,1,0,0.013429875284956075
17830,10983,UTX,2011-10-19,1,0,0.004671348373873011
17830,10983,UTX,2012-01-25,1,0,0.01055311943586367
17830,10983,UTX,2013-01-23,1,0,-0.0032677263206348766
17929,10801,UGI,2015-02-04,1,0,-0.018502283640141115
17929,10801,UGI,2015-05-04,1,0,0.006709166563095285
17961,2393,BGG,2010-10-21,1,0,-0.00024664030611022073
17961,2393,BGG,2011-01-27,1,0,
17961,2393,BGG,2011-08-11,1,0,-0.017379892710439326
17961,2393,BGG,2011-10-20,1,0,0.006669041955587043
17961,2393,BGG,2012-01-26,1,0,-0.0031468824836075656
17961,2393,BGG,2013-01-24,1,0,-0.002622725315746628
18033,2222,SVNT,2010-08-03,1,0,
18033,2222,SVNT,2010-11-04,1,0,
18033,2222,SVNT,2011-08-04,1,0,
18033,2222,SVNT,2011-11-03,1,0,
18163,8762,PG,2010-08-03,1,0,0.007736020809665298
18163,8762,PG,2010-10-27,1,0,-0.002214407887345244
18163,8762,PG,2011-01-27,1,0,0.007769700172946268
18163,8762,PG,2015-01-27,1,0,-0.012880095366315113
18163,8762,PG,2015-04-23,1,0,-0.016550383575904395
18403,8446,JCP,2011-08-12,1,0,-0.0036012359952985098
18403,8446,JCP,2012-02-24,1,0,
18411,9850,SO,2010-10-27,1,0,
18411,9850,SO,2011-01-26,1,0,
18411,9850,SO,2011-07-27,1,0,
18411,9850,SO,2011-10-26,1,0,
18411,9850,SO,2012-01-25,1,0,
18411,9850,SO,2013-01-30,1,0,
18542,2817,CAT,2010-07-22,1,0,0.021630865477985123
18542,2817,CAT,2010-10-21,1,0,0.013738696870978381
18542,2817,CAT,2011-01-27,1,0,0.0023320635630578223
18542,2817,CAT,2011-07-22,1,0,-0.004181018554497096
18542,2817,CAT,2011-10-24,1,1,0.007303429890523367
18542,2817,CAT,2012-01-26,1,1,0.03479903996424272
18542,2817,CAT,2013-01-28,1,0,-0.03452274881092865
18570,2282,BOBE,2010-08-17,1,0,-0.015927068600203813
18570,2282,BOBE,2010-11-16,1,0,0.010994714482091055
18570,2282,BOBE,2011-08-16,1,1,-0.00279054572650036
18570,2282,BOBE,2011-11-15,1,1,
18570,2282,BOBE,2012-02-14,1,0,0.006907277661900254
18570,2282,BOBE,2013-02-19,1,0,-0.0036400573868751833
18729,3170,CL,2015-01-29,1,0,0.005306595410085784
18729,3170,CL,2015-04-30,1,1,0.005042157682789372
18973,2352,BRC,2015-02-19,1,0,0.013325417271516532
18973,2352,BRC,2015-05-21,1,0,-0.004271434200172444
19166,4510,FMC,2010-07-28,1,0,0.01734634579531897
19166,4510,FMC,2010-10-27,1,0,0.019991821985161667
19166,4510,FMC,2011-08-01,1,0,0.01465443419152961
19166,4510,FMC,2011-10-31,1,0,0.02007679149706866
19166,4510,FMC,2012-02-08,1,1,0.019800213957093107
19166,4510,FMC,2013-02-06,1,1,0.009634959647163557
19350,3835,DE,2010-08-18,1,0,-0.002849020293700341
19350,3835,DE,2010-11-24,1,0,0.003438409692822879
19350,3835,DE,2011-08-17,1,0,0.00028558667565630955
19350,3835,DE,2011-11-23,1,1,0.010485988682156772
19350,3835,DE,2012-02-15,1,1,0.006511767716580879
19350,3835,DE,2013-02-13,1,0,-0.009851368966209062
19393,2403,BMY,2015-01-27,1,0,0.012862520260829614
19393,2403,BMY,2015-04-28,1,0,0.007693623845643409
19502,11264,WBA,2015-04-09,1,0,0.005699888682088167
19561,2285,BA,2010-07-28,1,0,-0.011850174650148296
19561,2285,BA,2010-10-20,1,0,-0.01217457448545889
19561,2285,BA,2011-01-26,1,0,-0.008734206201311623
19561,2285,BA,2011-07-27,1,0,0.008373109785809301
19561,2285,BA,2011-10-26,1,1,0.0016662603705871176
19561,2285,BA,2012-01-25,1,1,0.01202181737860371
19561,2285,BA,2013-01-30,1,0,0.0021091823935809094
19721,160785,VVI,2013-02-01,1,0,0.007798656311717302
19880,2497,MTZ,2010-08-04,1,0,0.009387322399436605
19880,2497,MTZ,2010-11-03,1,0,0.017059754032216493
19880,2497,MTZ,2011-08-03,1,0,0.03061861322471169
19880,2497,MTZ,2011-11-03,1,1,-0.015065682318663827
19880,2497,MTZ,2012-02-29,1,0,0.005233883463671394
19880,2497,MTZ,2013-02-28,1,0,0.0034329649810050586
20053,13041,SNV,2015-01-27,1,0,0.015397252317504091
20053,13041,SNV,2015-04-21,1,0,-0.004167791381002175
20117,2536,ACXM,2015-02-04,1,0,0.0026703690456131067
20204,3580,CR,2015-01-26,1,0,0.0177718529306902
20204,3580,CR,2015-04-27,1,1,-0.002935246475066121
20248,2555,CPY,2010-08-31,1,0,-0.010294791313617583
20248,2555,CPY,2011-08-31,1,0,-0.017117793330445656
20395,20019,CVBF,2015-01-21,1,0,
20395,20019,CVBF,2015-04-22,1,0,0.00044455927017288815
20482,1078,ABT,2010-07-21,1,0,0.009872857090671955
20482,1078,ABT,2010-10-20,1,0,-0.00013529157565840642
20482,1078,ABT,2011-10-19,1,0,0.006587515690893445
20482,1078,ABT,2012-01-25,1,0,-0.007001052565489611
20482,1078,ABT,2013-01-23,1,0,-0.005420704403154085
20512,2596,CACI,2015-01-28,1,0,-0.0038055689873625134
20512,2596,CACI,2015-04-29,1,1,-0.018165712400388848
20598,64275,CALM,2015-03-30,1,0,0.0024249883847774914
20618,2787,CRS,2015-01-28,1,0,-0.002188131257919895
20618,2787,CRS,2015-04-30,1,0,-0.0027641570486274906
20670,2615,CAMP,2010-07-08,1,0,
20670,2615,CAMP,2010-10-06,1,0,
20670,2615,CAMP,2011-01-04,1,0,
20670,2615,CAMP,2011-06-30,1,0,
20670,2615,CAMP,2011-09-29,1,0,
20670,2615,CAMP,2011-12-22,1,0,
20670,2615,CAMP,2012-06-28,1,0,
20670,2615,CAMP,2012-09-25,1,0,
20670,2615,CAMP,2012-12-20,1,0,
20670,2615,CAMP,2013-04-25,1,1,
20670,2615,CAMP,2013-06-27,1,0,
20750,2628,CWT,2010-04-28,1,0,-0.0012671664803986047
20750,2628,CWT,2010-07-28,1,0,-0.011930905200972413
20750,2628,CWT,2010-10-27,1,0,0.004811734803786343
20750,2628,CWT,2011-02-23,1,1,-0.014724664677061265
20750,2628,CWT,2011-05-04,1,0,-0.006862580290982289
20750,2628,CWT,2011-08-03,1,0,-0.001991757474260966
20750,2628,CWT,2011-10-26,1,0,
20750,2628,CWT,2012-05-07,1,0,0.007001870742554744
20750,2628,CWT,2012-07-25,1,0,-0.010644241448907974
20750,2628,CWT,2013-05-01,1,0,-0.006197555794727345
20750,2628,CWT,2013-07-31,1,0,
20750,2628,CWT,2013-11-05,1,0,-0.00068147158137779
20765,5018,GY,2011-09-29,1,0,0.010719739014022067
21020,1045,AMR,2010-07-21,1,0,
21020,1045,AMR,2011-01-19,1,0,
21020,1045,AMR,2011-07-20,1,0,-0.02369155798046274
21020,1045,AMR,2011-10-19,1,0,
21055,5109,GCO,2010-09-01,1,0,0.004502619974404331
21055,5109,GCO,2010-11-23,1,0,0.02939310422546669
21055,5109,GCO,2011-08-31,1,0,0.013640594318893189
21055,5109,GCO,2011-11-22,1,0,0.015354861306286695
21055,5109,GCO,2012-03-02,1,0,-0.00824287631883084
21055,5109,GCO,2013-03-08,1,0,-0.005228781637243782
21135,4622,FOE,2015-04-29,1,0,0.01051691148646105
21178,6774,LMT,2010-07-27,1,0,-0.01475888194996486
21178,6774,LMT,2010-10-19,1,0,-0.0064036314940312655
21178,6774,LMT,2011-01-27,1,0,0.00022392286016026646
21178,6774,LMT,2011-07-26,1,0,-0.0039219480796714844
21178,6774,LMT,2011-10-26,1,0,0.003033017388758528
21178,6774,LMT,2012-01-26,1,0,-0.009860170134248268
21178,6774,LMT,2013-01-24,1,0,0.002703259354089116
21186,11446,MWV,2015-01-26,1,0,0.0330284388375597
21186,11446,MWV,2015-04-29,1,0,0.010665318292167552
21207,7881,NEM,2011-07-29,1,0,0.0014434301801159967
21207,7881,NEM,2011-10-27,1,0,-0.002749726053094927
21207,7881,NEM,2012-02-23,1,0,-0.0041401697580756985
21207,7881,NEM,2013-02-21,1,0,0.00997403805206591
21207,7881,NEM,2015-02-19,1,0,7.881582007736396e-05
21207,7881,NEM,2015-04-23,1,0,-0.01375174394817671
21231,11296,WGL,2015-02-04,1,0,0.005260733456489271
21231,11296,WGL,2015-05-06,1,0,
21371,2751,CAH,2010-08-05,1,0,0.010096898749691507
21371,2751,CAH,2010-10-28,1,0,-0.0019501562944314564
21371,2751,CAH,2011-08-04,1,0,-0.0026992255893802126
21371,2751,CAH,2011-10-27,1,0,-0.003535935160637025
21371,2751,CAH,2012-02-02,1,0,0.004329710206024025
21371,2751,CAH,2013-02-05,1,0,-0.0029603883640605313
21573,6104,IP,2010-07-28,1,0,0.015300253900310647
21573,6104,IP,2010-10-27,1,0,0.011849214104319477
21573,6104,IP,2011-07-28,1,0,0.0059986197432125325
21573,6104,IP,2011-10-27,1,0,-0.004318798454341155
21573,6104,IP,2012-02-02,1,0,-0.004400861142032916
21573,6104,IP,2013-01-29,1,0,0.0014965877261101223
21742,2807,CASY,2015-03-09,1,0,0.003343619475437884
21776,8539,EXC,2015-02-13,1,0,-0.003330635668638119
21776,8539,EXC,2015-04-29,1,0,0.002531780104506617
21792,5742,CNP,2010-08-04,1,0,-0.005995641953979825
21792,5742,CNP,2010-10-28,1,0,-0.0037258176741557358
21792,5742,CNP,2011-08-04,1,0,-0.006415990792438073
21792,5742,CNP,2011-11-02,1,0,0.0034037073481967
21792,5742,CNP,2012-02-29,1,0,0.007160966519416347
21792,5742,CNP,2013-02-27,1,0,0.005381063710043114
21928,5870,IDA,2010-08-05,1,0,
21928,5870,IDA,2010-10-28,1,0,0.008254762845945483
21928,5870,IDA,2011-08-04,1,0,-0.007315268814258738
21928,5870,IDA,2011-11-03,1,0,0.010559016064069036
21928,5870,IDA,2012-02-22,1,0,0.016454312828739895
21928,5870,IDA,2013-02-21,1,0,-0.001288525455825324
21936,8530,PFE,2010-08-03,1,0,-0.008217112771096399
21936,8530,PFE,2010-11-02,1,0,-0.00915272160375938
21936,8530,PFE,2015-01-27,1,0,-0.003899522888510143
21936,8530,PFE,2015-04-28,1,0,-0.008037535330752516
22103,4321,EMR,2015-02-03,1,0,-0.01811858630006811
22103,4321,EMR,2015-05-05,1,0,-0.023671940877761234
22111,6266,JNJ,2010-07-20,1,0,
22111,6266,JNJ,2010-10-19,1,0,
22111,6266,JNJ,2011-01-25,1,0,
22111,6266,JNJ,2011-07-19,1,0,
22111,6266,JNJ,2011-10-18,1,0,
22111,6266,JNJ,2012-01-24,1,0,
22111,6266,JNJ,2013-01-22,1,0,
22293,3532,GLW,2015-01-27,1,0,
22293,3532,GLW,2015-04-28,1,0,-0.003211055966101193
22374,2888,CRDN,2010-07-27,1,0,-0.0048989339395810565
22374,2888,CRDN,2010-10-26,1,0,-0.0055077356459521006
22374,2888,CRDN,2011-02-24,1,0,0.007327165853083305
22374,2888,CRDN,2011-04-26,1,0,0.008218516757437603
22374,2888,CRDN,2011-07-26,1,0,-0.008310858144505393
22374,2888,CRDN,2011-10-25,1,0,-0.007464010213503904
22374,2888,CRDN,2012-02-16,1,0,-0.009281641630487824
22374,2888,CRDN,2012-04-24,1,0,-0.060948928027433166
22374,2888,CRDN,2012-07-24,1,0,-0.026822908437163985
22374,2888,CRDN,2012-11-14,1,0,
22509,8247,PPG,2015-01-15,1,0,0.020741731521628823
22509,8247,PPG,2015-04-16,1,0,-0.012708345906725082
22517,8455,PPL,2010-08-05,1,0,-0.005114051137154041
22517,8455,PPL,2010-10-28,1,0,-0.004028522390898064
22517,8455,PPL,2011-08-05,1,0,5.064231591494703e-05
22517,8455,PPL,2011-11-03,1,0,0.017662778757753874
22517,8455,PPL,2012-02-10,1,0,0.0021806634686752854
22517,8455,PPL,2013-02-14,1,0,0.006598798252525867
22592,7435,MMM,2015-01-27,1,0,0.0019583170823329905
22592,7435,MMM,2015-04-23,1,0,-0.021163259595158856
22752,7257,MRK,2015-02-04,1,0,-0.0069492014660226566
22752,7257,MRK,2015-04-28,1,0,0.002506062502298066
22753,2938,CHRS,2010-09-01,1,0,-0.07020547867259028
22753,2938,CHRS,2010-12-01,1,0,-0.04865888365596438
22753,2938,CHRS,2011-09-01,1,0,-0.0152264544817794
22753,2938,CHRS,2011-12-01,1,0,0.0008414335040464625
22753,2938,CHRS,2012-03-27,1,0,0.00033661809015817987
22779,7585,MOT,2010-07-29,1,0,-0.002694606687138102
22779,7585,MOT,2010-10-28,1,0,0.010896410473299303
22779,7585,MSI,2015-02-04,1,0,-0.0036252536587917713
22779,7585,MSI,2015-05-06,1,0,-0.002121530049116525
22921,2953,CKP,2015-05-06,1,0,-0.008206036568025087
23026,8099,FE,2010-08-03,1,0,0.0017217836468414339
23026,8099,FE,2010-10-26,1,0,-0.0017924434263397893
23026,8099,FE,2011-08-02,1,0,-0.0028553071247043593
23026,8099,FE,2011-11-01,1,0,0.0018277847820695583
23026,8099,FE,2012-02-28,1,1,-0.011286763522440622
23026,8099,FE,2013-02-25,1,0,-0.006813498745200165
23042,4331,EDE,2015-02-05,1,0,0.006234698604457381
23085,9445,SCG,2011-10-26,1,0,
23085,9445,SCG,2012-02-15,1,1,
23085,9445,SCG,2013-02-21,1,0,-0.003114367282270757
23114,2783,PGN,2010-08-06,1,0,-0.007106079340312425
23114,2783,PGN,2010-10-29,1,0,0.001900888319603969
23114,2783,PGN,2011-08-04,1,0,-0.0033083104815858338
23114,2783,PGN,2011-11-03,1,0,-0.006497543085684026
23114,2783,PGN,2012-02-16,1,0,-0.015659405981333634
23182,2986,CPK,2011-11-03,1,0,
23182,2986,CPK,2012-03-07,1,0,
23182,2986,CPK,2013-03-07,1,0,
23229,3439,CMS,2010-07-28,1,0,-0.007534834862180664
23229,3439,CMS,2010-10-28,1,0,-0.005405432997286073
23229,3439,CMS,2011-07-28,1,0,-0.008417219041566821
23229,3439,CMS,2011-10-27,1,0,-0.006761080500303138
23229,3439,CMS,2012-02-23,1,0,-0.006740481429734791
23229,3439,CMS,2013-02-21,1,0,
23297,3007,EAT,2010-08-12,1,0,
23297,3007,EAT,2010-10-27,1,0,
23297,3007,EAT,2011-01-25,1,0,
23297,3007,EAT,2011-08-11,1,0,0.000766925123408561
23297,3007,EAT,2011-10-26,1,0,
23297,3007,EAT,2012-01-24,1,0,
23297,3007,EAT,2013-01-22,1,0,-0.0032604675692280427
23393,3026,CHD,2015-02-03,1,0,0.00878943836512387
23393,3026,CHD,2015-05-07,1,0,0.018204927064623882
23473,14824,CINF,2010-07-28,1,0,0.009734261632872929
23473,14824,CINF,2010-10-27,1,0,0.012743701720051522
23473,14824,CINF,2011-07-27,1,0,0.010409778460355762
23473,14824,CINF,2011-10-27,1,0,0.006152246242760409
23473,14824,CINF,2012-02-08,1,1,0.008963450474939518
23473,14824,CINF,2013-02-06,1,0,0.007191771889674796
23501,8694,POM,2015-02-27,1,0,0.005201856552491356
23501,8694,POM,2015-05-01,1,0,-0.009402497785210429
23536,11550,WEC,2010-07-29,1,0,0.0047805729003413695
23536,11550,WEC,2010-10-26,1,0,0.006968945524392674
23536,11550,WEC,2011-07-28,1,0,-0.0013957735276556808
23536,11550,WEC,2011-10-27,1,0,0.0039455075690231385
23536,11550,WEC,2012-02-02,1,0,-0.0014750424619820145
23536,11550,WEC,2013-01-30,1,0,-0.008525580614344913
23579,10519,TXT,2015-01-28,1,0,0.007745863137206477
23579,10519,TXT,2015-04-28,1,1,0.002790247794407787
23660,3062,CTAS,2015-03-18,1,0,0.00694947640199648
23712,8810,PEG,2010-07-30,1,0,
23712,8810,PEG,2010-10-27,1,0,
23712,8810,PEG,2011-08-03,1,0,
23712,8810,PEG,2011-11-01,1,0,
23712,8810,PEG,2012-02-23,1,0,
23712,8810,PEG,2013-02-21,1,0,-0.02090714744656464
23799,16775,CIA,2011-08-08,1,0,
23799,16775,CIA,2011-11-03,1,0,
23799,16775,CIA,2012-03-12,1,0,
23799,16775,CIA,2013-03-11,1,0,
23819,5439,HAL,2015-01-20,1,0,
23819,5439,HAL,2015-04-20,1,0,
23835,6867,MDU,2015-02-02,1,1,-0.016495910856654694
23835,6867,MDU,2015-05-04,1,1,0.0007719208491028355
23887,135484,FTR,2015-02-19,1,0,0.021939913944860417
23887,135484,FTR,2015-05-05,1,0,-0.0054120325899228265
23931,7977,XEL,2015-01-29,1,0,
23931,7977,XEL,2015-04-30,1,0,
23975,3093,CLC,2015-01-14,1,0,-0.0028129088014651454
23975,3093,CLC,2015-03-18,1,0,-0.018115389231859916
24010,7366,ETR,2010-08-03,1,0,-0.006115304379633802
24010,7366,ETR,2010-10-21,1,0,-0.005084314205594517
24010,7366,ETR,2011-08-02,1,0,-0.011366490701452367
24010,7366,ETR,2011-11-01,1,0,-0.009280712046447892
24010,7366,ETR,2012-01-31,1,0,-0.0021718835376972386
24010,7366,ETR,2013-02-08,1,0,-0.001271446147097885
24053,6338,WR,2010-02-25,1,0,
24053,6338,WR,2010-05-06,1,0,
24053,6338,WR,2010-08-04,1,0,
24053,6338,WR,2010-10-28,1,0,
24053,6338,WR,2011-02-24,1,0,
24053,6338,WR,2011-05-05,1,0,
24053,6338,WR,2011-08-04,1,0,
24053,6338,WR,2011-11-03,1,0,
24109,1440,AEP,2010-07-30,1,0,-0.0008795226933566297
24109,1440,AEP,2010-10-19,1,0,0.009847629637350629
24109,1440,AEP,2011-01-28,1,0,0.002621172018273947
24109,1440,AEP,2011-07-29,1,0,0.00604800253088145
24109,1440,AEP,2011-10-26,1,0,0.008810922058983487
24109,1440,AEP,2012-01-27,1,0,-0.0063752906261473705
24109,1440,AEP,2013-02-15,1,0,0.004855150042684485
24248,7437,ALE,2015-02-17,1,0,
24272,1794,ASH,2010-07-23,1,0,
24272,1794,ASH,2010-10-26,1,0,
24272,1794,ASH,2011-01-25,1,0,
24328,4430,EQT,2010-07-29,1,0,0.000327342130183453
24328,4430,EQT,2010-10-28,1,0,0.007991405176175225
24328,4430,EQT,2015-02-05,1,0,0.018343023333173024
24328,4430,EQT,2015-04-23,1,1,-0.008744159583504418
24432,6334,GXP,2015-02-25,1,0,-0.0041768890402883
24432,6334,GXP,2015-05-07,1,0,-0.0025431125514574736
24440,8113,OGE,2010-08-05,1,0,
24440,8113,OGE,2010-10-29,1,0,
24440,8113,OGE,2011-08-04,1,0,
24440,8113,OGE,2011-11-03,1,0,
24440,8113,OGE,2012-02-16,1,0,
24440,8113,OGE,2013-02-27,1,0,
24441,3153,CDE,2015-02-18,1,0,-0.008925858302052355
24459,8606,PBI,2015-04-30,1,1,-0.01595685903182411
24476,3157,COHR,2010-07-29,1,0,0.017222352683181896
24476,3157,COHR,2010-11-04,1,0,0.009464996264139748
24476,3157,COHR,2011-01-27,1,0,0.020342929311792823
24476,3157,COHR,2011-07-27,1,0,0.009319262440775364
24476,3157,COHR,2011-11-02,1,0,0.0019095502839827708
24476,3157,COHR,2012-01-25,1,1,0.007877715539485675
24476,3157,COHR,2013-01-24,1,0,0.0019201913665511236
24643,1356,AA,2015-01-12,1,0,
24643,1356,AA,2015-04-08,1,1,
24766,7985,NOC,2010-07-29,1,0,0.009275422235521706
24766,7985,NOC,2010-10-27,1,0,0.019172452284959972
24766,7985,NOC,2011-07-27,1,0,-0.011356687540108304
24766,7985,NOC,2011-10-26,1,0,0.019568496807537805
24766,7985,NOC,2012-02-01,1,0,-0.008382481504313364
24766,7985,NOC,2013-01-30,1,0,-0.003765094667806392
24942,8972,RTN,2010-07-29,1,0,
24942,8972,RTN,2010-10-28,1,0,
24942,8972,RTN,2011-01-27,1,0,
24942,8972,RTN,2011-07-28,1,1,
24942,8972,RTN,2011-10-27,1,0,
24942,8972,RTN,2012-01-26,1,0,
24942,8972,RTN,2013-01-24,1,0,
24951,3218,CMRO,2010-09-07,1,0,0.0005030433824432523
24969,11304,AVA,2010-08-05,1,0,-0.01809555753680637
24969,11304,AVA,2010-10-28,1,0,-0.02064101344091187
24969,11304,AVA,2011-05-06,1,0,-0.002119865052726929
24969,11304,AVA,2011-08-04,1,0,-0.0015156486145836024
24969,11304,AVA,2011-11-02,1,0,-0.002891102954759958
24969,11304,AVA,2012-02-15,1,0,-0.0034989084314859063
24969,11304,AVA,2012-10-22,1,0,-0.02200873863118607
24969,11304,AVA,2013-02-20,1,1,-0.02545416845176912
24969,11304,AVA,2013-05-01,1,0,0.012678698019958155
24969,11304,AVA,2013-08-07,1,0,0.007391841325123371
24969,11304,AVA,2013-11-06,1,0,-0.0005844830557746395
24985,10860,AEE,2010-08-05,1,0,0.017825449853280308
24985,10860,AEE,2010-10-29,1,0,0.005486037769051962
24985,10860,AEE,2011-08-04,1,0,-0.012376957691008014
24985,10860,AEE,2011-11-04,1,0,0.012265402981406461
24985,10860,AEE,2012-02-23,1,0,-0.004958897340184362
24985,10860,AEE,2013-02-20,1,0,-0.03590381757338491
25081,3231,CMA,2010-07-21,1,0,-0.0025747936817009116
25081,3231,CMA,2010-10-20,1,0,-0.010798131569227926
25081,3231,CMA,2011-01-18,1,0,0.013541700331109203
25081,3231,CMA,2011-07-19,1,0,-0.004265872542287979
25081,3231,CMA,2011-10-19,1,0,-0.004001984809875134
25081,3231,CMA,2012-01-20,1,0,0.005521135223989732
25081,3231,CMA,2013-01-16,1,0,0.007999874765863288
25099,11555,TEG,2010-08-04,1,0,0.0005011822698330623
25099,11555,TEG,2010-11-03,1,0,0.005150527755236036
25099,11555,TEG,2011-08-04,1,0,-0.006771765694335243
25099,11555,TEG,2012-02-28,1,0,-0.002031230942172675
25099,11555,TEG,2013-02-28,1,0,-0.004743185989022248
25129,3238,CBSH,2015-01-27,1,0,-0.010745873177611715
25129,3238,CBSH,2015-04-13,1,0,-0.007410662348870287
25232,8151,OKE,2010-08-03,1,0,-0.005490360183748915
25232,8151,OKE,2010-11-02,1,0,-0.01003850087785191
25232,8151,OKE,2011-08-02,1,0,-0.004045694949203106
25232,8151,OKE,2011-11-01,1,1,0.002079496466841335
25419,11465,WHR,2010-07-20,1,0,0.010675791564676938
25419,11465,WHR,2010-10-27,1,0,0.0010310883615651748
25419,11465,WHR,2011-07-21,1,0,0.003491864881190815
25419,11465,WHR,2011-10-28,1,0,-0.016066095316419553
25419,11465,WHR,2012-02-01,1,0,-0.002530604241979888
25419,11465,WHR,2013-01-31,1,0,0.011778424020957027
25487,3278,CAR,2010-05-03,1,0,0.01723945513798226
25487,3278,CAR,2010-08-04,1,0,0.010135918493252636
25487,3278,CAR,2010-11-03,1,0,0.0200601752313826
25487,3278,CAR,2011-02-16,1,0,0.0042231057860298606
25487,3278,CAR,2011-05-03,1,0,0.0017033295830167269
25582,5492,HRS,2010-08-03,1,0,0.016968813037121288
25582,5492,HRS,2010-10-25,1,0,0.012746933450361785
25582,5492,HRS,2011-01-26,1,0,0.020474372729807205
25582,5492,HRS,2011-08-02,1,0,0.006831136399161562
25582,5492,HRS,2015-02-06,1,0,0.0054828054651720115
25590,7733,NFG,2015-01-29,1,0,-0.03239041484108553
25590,7733,NFG,2015-04-30,1,0,-0.019897289221343116
25778,3310,CA,2010-07-21,1,0,-0.008658167541387367
25778,3310,CA,2010-10-21,1,0,-0.0036814426722221044
25778,3310,CA,2011-01-25,1,0,0.002173059048355145
25778,3310,CA,2011-07-20,1,1,0.0014558833698993011
25778,3310,CA,2011-10-26,1,0,0.003204571713672015
25778,3310,CA,2012-01-24,1,1,0.0041117807159959385
25778,3310,CA,2015-01-20,1,1,-0.012998260560052733
25778,3310,CA,2015-05-07,1,1,-0.013990950234352992
25785,4839,F,2010-07-23,1,0,-0.0001468899703813654
25785,4839,F,2010-10-26,1,0,-0.006179086117180066
25785,4839,F,2011-01-28,1,0,-0.0008056863450578208
25785,4839,F,2013-01-29,1,0,-3.525898943476397e-05
25953,4058,DOV,2010-07-23,1,0,0.022424613656365104
25953,4058,DOV,2010-10-22,1,0,0.025509536610385457
25953,4058,DOV,2011-01-28,1,0,0.025192753618464556
25953,4058,DOV,2011-07-22,1,0,0.02901396466362452
25953,4058,DOV,2011-10-21,1,0,0.028021631940140825
25953,4058,DOV,2012-01-25,1,0,0.017096708762912263
25953,4058,DOV,2013-01-24,1,0,0.01588856396201767
26084,3342,CTGX,2011-07-25,1,0,0.006772332244743109
26084,3342,CTGX,2011-10-24,1,0,0.008300720869281323
26084,3342,CTGX,2012-02-21,1,0,0.009075739176800395
26084,3342,CTGX,2013-02-19,1,0,0.011882752123293825
26201,3358,CMTL,2015-03-11,1,0,-0.003346091802677101
26382,141400,MEE,2010-07-27,1,0,
26382,141400,MEE,2010-10-26,1,0,
26403,3980,DIS,2015-02-03,1,0,
26403,3980,DIS,2015-05-05,1,0,
26470,4351,EGN,2015-02-12,1,0,-0.010610578255437613
26470,4351,EGN,2015-05-06,1,0,-0.011534467312508014
26614,9831,SJI,2015-02-27,1,0,0.005352650675336504
26614,9831,SJI,2015-05-08,1,0,-0.003899454555159051
26650,3429,CTO,2010-10-21,1,0,-0.006619816342590861
26650,3429,CTO,2013-02-26,1,0,0.004687163817048616
27043,11115,VAR,2010-07-28,1,0,0.01471804177712232
27043,11115,VAR,2010-10-28,1,0,-0.0030488980714128804
27043,11115,VAR,2011-01-26,1,0,0.0035616175410628347
27043,11115,VAR,2011-07-27,1,0,-0.005247478339035256
27043,11115,VAR,2011-10-27,1,1,0.0005668656749078464
27043,11115,VAR,2012-01-25,1,1,-0.019400823513427777
27043,11115,VAR,2013-01-23,1,0,-0.013310851521047074
27334,2771,CSL,2015-02-05,1,0,-0.004682890818304076
27334,2771,CSL,2015-04-23,1,0,-0.008671663784111184
27422,3107,CLF,2011-07-27,1,0,
27422,3107,CLF,2011-10-27,1,0,
27422,3107,CLF,2012-02-15,1,0,0.002302847898884874
27422,3107,CLF,2013-02-12,1,1,-0.020658958466003942
27430,3502,CTB,2010-08-05,1,0,0.0198970341743084
27430,3502,CTB,2010-11-01,1,0,0.0140558827477078
27430,3502,CTB,2015-02-23,1,0,-0.007290598945150309
27430,3502,CTB,2015-05-01,1,0,0.007273086224803173
27562,3570,CBRL,2015-02-24,1,0,0.007113859733656561
27633,9299,R,2010-02-03,1,0,-0.0021836603934867835
27633,9299,R,2010-04-21,1,0,0.007507264569376556
27633,9299,R,2010-07-23,1,0,0.0222209730312476
27633,9299,R,2010-10-21,1,0,0.027257829406579948
27633,9299,R,2015-02-03,1,1,0.017461463577731675
27633,9299,R,2015-04-22,1,0,0.026203360795636316
27684,1919,AVT,2015-01-22,1,0,0.022401492912179286
27684,1919,AVT,2015-04-23,1,0,0.0010409784744302986
27756,8873,STR,2015-02-18,1,0,0.026437710861733923
27756,8873,STR,2015-04-29,1,0,0.00453410355006186
27828,5606,HPQ,2011-11-21,1,0,-0.005387345126929854
27828,5606,HPQ,2012-02-22,1,0,-0.01600214220672453
27828,5606,HPQ,2012-05-23,1,1,-7.800368835755855e-06
27828,5606,HPQ,2012-08-22,1,1,-0.008749947180614615
27828,5606,HPQ,2012-11-20,1,0,-0.0007650159856499228
27828,5606,HPQ,2013-02-21,1,1,0.004897043424255144
27828,5606,HPQ,2013-05-22,1,1,0.010541889773648328
27828,5606,HPQ,2013-08-21,1,0,-0.0010258123027649087
27828,5606,HPQ,2013-11-26,1,0,0.0028764483804794667
27887,2086,BAX,2015-01-29,1,0,0.009851735315298992
27887,2086,BAX,2015-04-23,1,0,0.014411803002285438
27888,3643,CFR,2010-07-28,1,0,0.007611211100354713
27888,3643,CFR,2010-10-27,1,0,-0.013165602401091341
27888,3643,CFR,2011-01-26,1,0,-0.009546792472627434
27888,3643,CFR,2011-07-27,1,0,-0.0032273357157061415
27888,3643,CFR,2011-10-26,1,0,-0.02139364005985435
27888,3643,CFR,2012-01-25,1,0,-0.0017771104014511659
27888,3643,CFR,2013-01-30,1,0,-0.003959359816690815
27909,3647,CFI,2015-03-04,1,0,
27959,4093,DUK,2010-08-03,1,0,0.008140674345871655
27959,4093,DUK,2010-10-28,1,0,0.005962444428205737
27959,4093,DUK,2011-08-02,1,0,0.014972483101730058
27959,4093,DUK,2011-11-03,1,0,0.0014897529671023214
27959,4093,DUK,2012-02-16,1,0,0.02364721774968464
27959,4093,DUK,2013-02-13,1,0,-0.0011065221777546968
27983,11636,XRX,2015-01-30,1,0,
27983,11636,XRX,2015-04-24,1,0,
27991,1075,PNW,2015-02-20,1,0,0.01135466581087544
27991,1075,PNW,2015-05-01,1,0,-0.011783205245761616
28118,7938,NC,2010-08-04,1,0,0.00756712648487102
28118,7938,NC,2011-08-03,1,0,0.004037413272943845
28118,7938,NC,2011-11-08,1,0,0.010096421063177869
28222,1209,APD,2010-07-22,1,0,0.018345239457669693
28222,1209,APD,2010-10-21,1,0,0.03179482810399561
28222,1209,APD,2011-01-21,1,0,0.027342510544496407
28222,1209,APD,2011-07-22,1,0,-0.024723545509844347
28222,1209,APD,2011-10-21,1,0,0.007500849533305456
28222,1209,APD,2012-01-24,1,0,-0.0055927228778363605
28222,1209,APD,2013-01-23,1,0,-0.014641908604162581
28345,7620,MUR,2015-01-28,1,0,-0.002624417487689759
28564,2577,CTS,2015-04-27,1,0,0.005091184189190696
28804,1230,ALK,2010-07-22,1,0,0.002546839565842933
28804,1230,ALK,2010-10-21,1,0,0.01113741402183306
28804,1230,ALK,2011-01-25,1,0,0.01026699921295967
28804,1230,ALK,2011-07-21,1,0,0.004585098115096923
28804,1230,ALK,2011-10-20,1,0,0.0023992013422618926
28804,1230,ALK,2012-01-26,1,0,0.012048448171438082
28804,1230,ALK,2013-01-24,1,0,0.007801274496420929
29050,3806,DWSN,2010-08-04,1,0,-0.0018574034213027259
29050,3806,DWSN,2011-07-26,1,0,
29050,3806,DWSN,2011-11-09,1,0,
29050,3806,DWSN,2012-02-01,1,0,
29050,3806,DWSN,2013-02-08,1,0,
29209,1773,ARW,2015-02-05,1,0,0.0038525281175554216
29209,1773,ARW,2015-04-30,1,0,-0.00584638061534095
29612,2101,AIT,2010-08-10,1,0,0.007559269202649314
29612,2101,AIT,2010-10-26,1,0,0.021439347286508162
29612,2101,AIT,2011-01-21,1,0,0.03615610794060774
29612,2101,AIT,2011-08-09,1,0,0.007592839202469163
29612,2101,AIT,2011-10-25,1,0,0.01336962899048404
29612,2101,AIT,2013-01-31,1,0,0.008413955191135887
30402,2811,CAS,2010-07-27,1,0,
30402,2811,CAS,2010-11-05,1,0,0.010223853982409686
30402,2811,CAS,2011-08-02,1,0,-0.00014061919766823663
30402,2811,CAS,2011-11-01,1,0,0.012256524317512025
30402,2811,CAS,2012-03-01,1,0,-0.007579574553154637
30402,2811,CAS,2013-02-26,1,0,-0.006052960732507372
30593,4052,DBLE,2010-10-28,1,0,0.004972422213632961
30593,4052,DBLE,2011-11-02,1,0,-0.004379531600377736
30593,4052,DBLE,2012-03-08,1,0,-0.0014753011796514205
30593,4052,DBLE,2013-03-13,1,0,-0.00347757080750841
30648,3158,COHU,2015-04-30,1,0,0.004331409902217163
30680,3246,CMC,2010-10-29,1,0,0.0020734626425114736
30680,3246,CMC,2010-12-21,1,0,0.014411375309954816
30680,3246,CMC,2011-10-28,1,0,-0.0019873732315772996
30680,3246,CMC,2012-01-06,1,0,0.01427562470778404
30680,3246,CMC,2012-03-28,1,0,0.015628921044020347
30680,3246,CMC,2013-01-07,1,0,0.004589250002760385
30680,3246,CMC,2013-03-28,1,0,-0.017321434597948132
30681,4066,OMC,2010-07-20,1,0,0.002013745874909236
30681,4066,OMC,2010-10-19,1,0,-0.0004801066767582216
30681,4066,OMC,2011-07-19,1,0,-0.0029910748233955946
30681,4066,OMC,2011-10-18,1,0,-0.0004520024530031263
30681,4066,OMC,2012-02-14,1,0,-0.0006371144232935767
30681,4066,OMC,2013-02-12,1,0,-0.00020915686402694835
30737,4072,ASNA,2015-03-03,1,0,0.0023924583589502828
30940,4108,FLS,2015-02-17,1,0,
30940,4108,FLS,2015-04-30,1,0,
31077,3639,CUB,2010-08-05,1,0,
31077,3639,CUB,2010-12-09,1,0,
31077,3639,CUB,2011-02-03,1,0,
31077,3639,CUB,2011-05-05,1,0,
31077,3639,CUB,2011-08-05,1,0,
31077,3639,CUB,2012-02-02,1,0,
31077,3639,CUB,2012-05-03,1,0,
31077,3639,CUB,2012-12-14,1,0,
31077,3639,CUB,2013-02-11,1,0,-0.019358528703606354
31077,3639,CUB,2015-05-18,1,0,-0.006312484017765688
31238,16716,EMCI,2015-02-13,1,0,-0.00048763943332611696
31238,16716,EMCI,2015-05-07,1,0,-0.004653448035334981
31691,4450,ESP,2013-02-13,1,0,
31691,4450,ESP,2013-05-13,1,0,
31691,4450,ESP,2013-08-26,1,0,
31691,4450,ESP,2013-11-14,1,0,
31974,4842,FCEA,2010-09-08,1,0,
31974,4842,FCEA,2010-12-08,1,0,
31974,4842,FCEA,2011-12-08,1,0,
31974,4842,FCEA,2012-03-29,1,0,
32046,4273,ELRC,2015-04-09,1,0,-0.003631594042680805
32054,4274,ESIO,2015-01-28,1,0,-0.014140839012545333
32540,4340,ELX,2013-01-31,1,0,
32548,4341,SORL,2010-08-12,1,0,0.02065505945259325
32548,4341,SORL,2010-11-15,1,0,0.014580184323237383
32548,4341,SORL,2011-08-15,1,0,
32548,4341,SORL,2011-11-14,1,0,
32548,4341,SORL,2012-03-29,1,0,
32651,5560,HL,2015-02-18,1,0,0.001502835139090812
32651,5560,HL,2015-05-07,1,0,0.001267001484058102
32707,5581,HP,2010-07-29,1,0,-0.02323254358862044
32707,5581,HP,2010-11-18,1,0,-0.0005661325275904561
32707,5581,HP,2011-01-27,1,0,0.015738314915430582
32803,5667,HOC,2010-08-05,1,0,0.003968829391228439
32803,5667,HOC,2010-11-04,1,0,0.010908093255227874
32803,5667,HFC,2011-08-05,1,0,-0.0009130608392267708
32803,5667,HFC,2011-11-08,1,0,0.0065953932560229925
32803,5667,HFC,2012-02-28,1,0,0.009445554427481268
32803,5667,HFC,2015-02-25,1,0,0.000913923896332971
32803,5667,HFC,2015-05-06,1,0,
32870,5709,HRL,2015-02-19,1,0,0.008454760491544866
32870,5709,HRL,2015-05-20,1,0,0.0009827317948850863
32986,4383,ATO,2015-02-03,1,0,0.0035895540890408043
32986,4383,ATO,2015-05-06,1,0,0.007771922284867781
33209,4418,ENZ,2015-03-12,1,0,-0.01061820630766651
33532,4448,ESCA,2010-03-04,1,0,
33823,4497,BOOM,2010-04-29,1,0,0.007960532416562832
33823,4497,BOOM,2010-07-29,1,0,0.012268583782936899
33823,4497,BOOM,2010-10-28,1,0,0.0006547634514919151
33823,4497,BOOM,2011-04-28,1,0,0.015101643279976401
33823,4497,BOOM,2011-11-01,1,0,0.0041062723847779085
33823,4497,BOOM,2012-02-23,1,0,0.00972348921925794
33823,4497,BOOM,2012-05-01,1,0,0.02830496100770847
33823,4497,BOOM,2012-07-31,1,1,-0.0005289507918108758
33823,4497,BOOM,2013-02-27,1,1,-0.002845876319262336
33823,4497,BOOM,2013-04-30,1,0,-0.004902186376911448
33823,4497,BOOM,2013-07-30,1,0,0.004911649761295239
33823,4497,BOOM,2013-10-30,1,0,-0.006499663023806697
34032,7085,MAS,2010-07-26,1,0,0.002401443353449483
34032,7085,MAS,2010-10-25,1,0,-0.036081809289184405
34032,7085,MAS,2011-07-25,1,0,-0.022379731449199497
34032,7085,MAS,2011-10-24,1,0,-0.027782917990334055
34673,7882,NR,2010-07-29,1,0,0.00999664838488019
34673,7882,NR,2010-10-28,1,0,-0.004931156289259612
34673,7882,NR,2011-07-28,1,0,0.0056833788585307935
34673,7882,NR,2011-10-27,1,0,0.008753437104793116
34673,7882,NR,2012-02-16,1,0,0.010058422782878168
34673,7882,NR,2013-02-14,1,0,0.005377675462099923
34746,4640,FITB,2010-07-22,1,0,0.010377016900095867
34746,4640,FITB,2010-10-21,1,0,0.005417817196103125
34746,4640,FITB,2011-01-19,1,0,-0.0022998009662436765
34746,4640,FITB,2015-01-21,1,0,0.010875646681027223
34746,4640,FITB,2015-04-21,1,0,0.008831344665192078
34817,8030,NUE,2010-07-22,1,0,-0.004992688477296793
34817,8030,NUE,2010-10-21,1,0,-0.002910987991862417
34817,8030,NUE,2011-01-27,1,0,-0.0061805694964297865
34817,8030,NUE,2011-07-21,1,0,-0.005334014625626462
34817,8030,NUE,2011-10-20,1,0,-0.005241954843717896
34817,8030,NUE,2012-01-26,1,0,-0.011278871543257152
34817,8030,NUE,2013-01-29,1,0,-0.009847737184345945
34818,4645,SGK,2010-05-05,1,0,-0.0017355834904441338
34818,4645,SGK,2010-08-04,1,0,0.004270831269668623
34818,4645,SGK,2010-11-03,1,0,-0.02830592365736633
34818,4645,SGK,2011-05-04,1,0,-0.009726531983653973
34818,4645,SGK,2011-11-02,1,0,-0.010285256633309333
34818,4645,SGK,2012-03-06,1,0,-0.021431639129262457
34818,4645,SGK,2012-08-01,1,0,-0.013558814263338216
34818,4645,SGK,2012-10-31,1,0,-0.021036173701166304
34818,4645,SGK,2013-05-01,1,0,-0.022557153526001857
34833,8068,OXY,2015-01-29,1,0,-0.003371184134805959
34833,8068,OXY,2015-05-06,1,0,0.0004901327427199341
34948,8219,OXM,2010-09-01,1,0,0.024046160972041562
34948,8219,OXM,2010-12-08,1,0,0.01389430967120358
34948,8219,OXM,2011-08-31,1,0,0.0016682903938666505
34948,8219,OXM,2011-12-06,1,1,0.0003142317929849779
34948,8219,OXM,2012-03-27,1,0,-0.0003953166926483195
35044,4674,RF,2015-01-20,1,0,-0.0019908275136592997
35044,4674,RF,2015-04-21,1,0,-0.0009116770700732264
35051,8304,PLL,2015-02-24,1,1,-0.008772186203715329
35051,8304,PLL,2015-05-21,1,0,-0.00016246641047374093
35124,12796,CLGX,2010-08-05,1,0,-0.003738578093791408
35124,12796,CLGX,2010-11-04,1,0,0.0018383224795907472
35124,12796,CLGX,2011-08-04,1,0,-0.013284228062627633
35124,12796,CLGX,2011-11-02,1,0,0.004523518542527996
35124,12796,CLGX,2012-02-27,1,0,0.010601920830957946
35124,12796,CLGX,2013-02-21,1,0,0.01585149552285931
35167,4678,FMER,2010-07-27,1,0,0.012132786738582936
35167,4678,FMER,2010-10-26,1,0,0.0015211730660443573
35167,4678,FMER,2011-07-26,1,0,-0.004608900652496731
35167,4678,FMER,2011-10-25,1,0,-0.005053372458334959
35167,4678,FMER,2012-01-24,1,0,-0.015142368205158989
35167,4678,FMER,2013-01-22,1,0,0.0010626274090676973
35263,4685,TRMK,2015-01-27,1,0,0.007971457727271699
35263,4685,TRMK,2015-04-28,1,0,-0.0003823088263956182
35554,4699,MTB,2010-07-21,1,0,-0.00928065822794732
35554,4699,MTB,2010-10-20,1,0,-0.015936914697775716
35554,4699,MTB,2011-01-14,1,0,-0.0011788770110320954
35554,4699,MTB,2011-07-20,1,1,-0.015293357540636295
35554,4699,MTB,2011-10-19,1,0,-0.024956441436489
35554,4699,MTB,2012-01-17,1,0,0.000677167613943039
35554,4699,MTB,2013-01-16,1,0,-0.0012067480373980921
35991,9216,ROG,2015-02-17,1,1,0.0185739979252299
35991,9216,ROG,2015-04-29,1,1,0.006616422660846049
36003,9225,ROL,2011-10-26,1,0,
36003,9225,ROL,2012-01-25,1,1,
36003,9225,ROL,2013-01-23,1,0,
36468,9667,SHW,2010-07-22,1,0,0.005303233296960276
36468,9667,SHW,2010-10-26,1,0,0.006619862221653533
36468,9667,SHW,2011-01-25,1,0,0.0013282024399961867
36468,9667,SHW,2011-07-21,1,0,0.00311182368979315
36468,9667,SHW,2011-10-25,1,0,0.00795293674218971
36468,9667,SHW,2012-01-26,1,0,0.0012730137981107554
36768,4771,FLXS,2015-04-20,1,0,0.005457063056455911
36898,10056,SCL,2010-07-27,1,0,
36898,10056,SCL,2010-10-20,1,0,
36898,10056,SCL,2011-07-27,1,0,-0.008616139327354876
36898,10056,SCL,2011-10-19,1,0,0.008995064787708777
36898,10056,SCL,2012-02-14,1,0,
36898,10056,SCL,2013-02-19,1,0,-0.014795611071283356
37058,4807,FLOW,2010-07-01,1,0,0.0024475963255807904
37058,4807,FLOW,2010-09-07,1,0,0.00706089746131059
37058,4807,FLOW,2010-12-02,1,0,-0.003686895265939299
37058,4807,FLOW,2011-09-01,1,0,0.0017601085241184906
37058,4807,FLOW,2011-12-08,1,0,0.00626699309055955
37058,4807,FLOW,2012-03-01,1,0,0.013704623894967512
37161,10277,TE,2015-02-09,1,0,-0.0012141206245475916
37161,10277,TE,2015-04-28,1,0,-0.00844453696540082
37217,14169,LDR,2010-12-07,1,0,0.0022392009226358768
37217,14169,LDR,2011-08-09,1,0,-0.005286514895447571
37217,14169,LDR,2011-12-06,1,0,-0.0002535759197076302
37217,14169,LDR,2012-02-06,1,0,0.001689828215174328
37217,14169,LDR,2013-02-11,1,0,-0.007223542313799318
37402,4860,FSTR,2010-10-26,1,0,0.007294116467664376
37402,4860,FSTR,2011-11-01,1,0,-0.012500877952441902
37402,4860,FSTR,2013-02-08,1,0,-0.0038533899806422033
37584,4885,BEN,2010-04-28,1,0,0.001900076564915188
37584,4885,BEN,2010-07-29,1,0,-0.0028273579580842464
37584,4885,BEN,2010-10-28,1,0,0.004592511768770328
37584,4885,BEN,2011-01-27,1,1,0.005478142392051046
37584,4885,BEN,2011-04-28,1,0,-0.0051694356331796806
37584,4885,BEN,2011-08-02,1,0,-0.00477532014315552
37584,4885,BEN,2011-10-27,1,0,0.00029393111287729073
37584,4885,BEN,2012-05-02,1,0,-0.004349911208637709
37584,4885,BEN,2012-07-30,1,0,-0.007508639827148694
37584,4885,BEN,2012-10-25,1,1,-0.0015933835269406303
37584,4885,BEN,2013-02-01,1,0,-0.005033742603406282
37584,4885,BEN,2013-04-30,1,1,-0.0024105767168371203
37584,4885,BEN,2013-07-29,1,0,-0.007851690756628033
37584,4885,BEN,2013-10-24,1,0,-0.002445130881467486
37807,11096,VAL,2015-02-24,1,0,-0.015267919111153426
37807,11096,VAL,2015-05-27,1,0,-0.02184242586515036
37875,4926,FUL,2011-09-21,1,0,0.014555753222340536
37875,4926,FUL,2012-01-18,1,0,0.005381418837765733
37875,4926,FUL,2012-03-28,1,0,-0.0012868194387746189
37875,4926,FUL,2013-03-27,1,0,-0.004296208400367223
37955,4936,GK,2015-01-27,1,0,0.008827159597202254
38093,4973,AJG,2010-07-27,1,0,0.0055056735137737275
38093,4973,AJG,2010-10-26,1,0,0.012315060924312138
38093,4973,AJG,2011-07-26,1,1,0.015145772587380807
38093,4973,AJG,2011-10-25,1,0,0.010154328194175227
38093,4973,AJG,2012-01-31,1,0,0.009772897012106332
38093,4973,AJG,2013-01-29,1,0,0.005162478040542748
38156,11506,WMB,2010-07-29,1,0,-0.005212254702399081
38156,11506,WMB,2010-10-28,1,0,-0.0027287389877306088
38156,11506,WMB,2011-08-03,1,0,0.0005804476194001479
38156,11506,WMB,2011-11-01,1,0,-0.0035315652626451803
38156,11506,WMB,2015-02-18,1,1,0.010023623309995922
38156,11506,WMB,2015-04-29,1,0,0.012273708974671373
38658,7824,NVE,2010-08-02,1,0,0.0012476111212235018
38658,7824,NVE,2010-10-25,1,0,0.0024624123241221343
38658,7824,NVE,2011-08-01,1,0,-0.0006230315786461584
38658,7824,NVE,2011-11-02,1,0,0.0020943533215151333
38658,7824,NVE,2012-02-21,1,0,0.004712610254420478
38658,7824,NVE,2013-02-22,1,0,0.0034403617595941704
38659,5116,GNTX,2010-04-22,1,0,0.010610705560306999
38659,5116,GNTX,2010-07-22,1,0,0.009111385541984048
38659,5116,GNTX,2010-10-21,1,0,0.015528784810153958
38659,5116,GNTX,2011-01-27,1,0,0.017505901468496544
38659,5116,GNTX,2011-04-21,1,0,0.007751473555240949
38659,5116,GNTX,2011-07-21,1,0,-0.0009129931728365454
38659,5116,GNTX,2011-10-20,1,0,0.010434979463110313
38659,5116,GNTX,2012-04-19,1,0,0.001402668071507387
38659,5116,GNTX,2012-07-24,1,1,-0.018068758419825706
38659,5116,GNTX,2012-10-23,1,0,-0.0042137659078920475
38659,5116,GNTX,2013-01-29,1,1,0.015299599394382262
38659,5116,GNTX,2013-04-23,1,0,-0.0001106563213264999
38659,5116,GNTX,2013-07-24,1,0,-0.0041520789914290535
38659,5116,GNTX,2013-10-22,1,1,0.008464293802119518
38703,8007,WFC,2015-01-14,1,0,0.0034252677142485376
38703,8007,WFC,2015-04-14,1,0,-0.004517850220731184
38746,1618,AXR,2010-09-10,1,0,
38762,7974,NI,2010-08-03,1,0,0.0028647201549609792
38762,7974,NI,2010-10-29,1,0,-0.00047081998537423786
38762,7974,NI,2011-08-02,1,0,0.007019848666732092
38762,7974,NI,2011-10-28,1,0,7.616265214382186e-05
38762,7974,NI,2012-02-01,1,0,0.005963705393591931
38762,7974,NI,2013-02-19,1,0,0.007389610118806815
38790,12708,GOK,2010-08-09,1,0,-0.03651349924472809
38790,12708,GOK,2010-11-09,1,0,-0.021437879475364192
39220,10000,SMP,2010-08-02,1,0,-0.006798689295200789
39220,10000,SMP,2010-11-02,1,0,0.011919092017234689
39220,10000,SMP,2011-07-27,1,0,0.002440495302638128
39220,10000,SMP,2011-11-01,1,0,-0.00394093973216939
39220,10000,SMP,2012-03-06,1,0,0.0007004094513980291
39490,1678,APA,2010-11-04,1,0,
39490,1678,APA,2011-08-04,1,0,
39490,1678,APA,2011-11-03,1,0,
39490,1678,APA,2012-02-16,1,0,
39490,1678,APA,2013-02-14,1,0,
39538,7116,MAT,2015-04-16,1,1,
39571,5252,GGG,2015-01-26,1,0,-0.0012556254164234719
39571,5252,GGG,2015-04-22,1,0,
39693,2049,B,2015-02-20,1,0,-0.002739150040847793
39693,2049,B,2015-04-24,1,0,-0.0034081518394207828
40125,3336,CSC,2015-02-09,1,0,
40125,3336,CSC,2015-05-19,1,1,
40272,6078,IFF,2015-02-12,1,1,0.013243681327060951
40272,6078,IFF,2015-05-12,1,0,0.00994865171426837
40416,1920,AVP,2010-07-29,1,0,0.016846760622129295
40416,1920,AVP,2010-10-28,1,0,-0.007426315205053231
40416,1920,AVP,2011-07-28,1,0,0.003116139363270565
40416,1920,AVP,2011-10-27,1,1,-0.017964893133785076
40416,1920,AVP,2012-02-14,1,1,-0.021371356695251642
40416,1920,AVP,2013-02-12,1,0,-0.03021063400432434
40440,3946,DBD,2010-07-29,1,0,-0.0020164404744996995
40440,3946,DBD,2010-10-28,1,0,0.0031324123866310616
40440,3946,DBD,2011-07-27,1,0,-0.007041478216691615
40440,3946,DBD,2011-10-27,1,1,-0.0026866199705090597
40440,3946,DBD,2012-02-13,1,0,0.009362271227748823
40440,3946,DBD,2013-02-12,1,0,-0.0485818624863464
40539,11672,TJX,2015-02-25,1,0,0.017603018445820143
40539,11672,TJX,2015-05-19,1,0,0.015691571589643447
41080,3650,CMI,2013-10-29,1,0,-0.00020823067176177056
41187,5526,HE,2013-02-15,1,0,0.009351231613604542
41241,5530,HWKN,2010-07-27,1,0,0.0014714151707275061
41241,5530,HWKN,2010-10-26,1,0,0.01349410824538096
41241,5530,HWKN,2011-01-26,1,0,0.005301459486741481
41292,5539,HCSG,2010-04-13,1,0,-0.006923831678978585
41292,5539,HCSG,2010-07-13,1,0,-0.0059179186605419435
41292,5539,HCSG,2010-10-12,1,0,0.0034139732534930766
41292,5539,HCSG,2011-04-12,1,0,
41292,5539,HCSG,2011-07-12,1,0,-0.003810156322129164
41292,5539,HCSG,2011-10-11,1,0,-0.0003853529186149795
41292,5539,HCSG,2012-04-10,1,0,-0.004137204468270152
41292,5539,HCSG,2012-07-10,1,0,-0.004324093539066714
41292,5539,HCSG,2012-10-09,1,0,-0.0007056849875129948
41292,5539,HCSG,2013-02-05,1,0,0.005639722768972219
41663,5594,HRLY,2010-12-09,1,0,
41929,3416,CNW,2010-08-04,1,0,-0.008102075667065195
41929,3416,CNW,2010-11-03,1,0,0.006783476035638732
41929,3416,CNW,2011-08-04,1,0,0.010244283511150129
41929,3416,CNW,2011-11-03,1,0,0.01033655941920746
41929,3416,CNW,2012-02-02,1,0,0.015472500224154978
41929,3416,CNW,2013-02-06,1,0,-0.005885587107129392
42024,2290,OMX,2010-08-03,1,0,-0.0022635585747222235
42024,2290,OMX,2010-10-28,1,0,-0.0042001852435415744
42024,2290,OMX,2011-08-02,1,0,-0.009235416596204938
42024,2290,OMX,2011-10-27,1,0,-0.004086606665796263
42024,2290,OMX,2012-02-23,1,0,-0.008685953889877156
42067,6331,FRM,2015-05-11,1,0,-0.014155955287759267
42083,1239,ACV,2010-07-26,1,0,-0.0012025004245581668
42083,1239,ACV,2010-11-01,1,0,0.00974394859308417
42083,1239,ACV,2011-01-31,1,0,0.012428576999157304
42140,5671,PNK,2010-07-29,1,0,
42140,5671,PNK,2010-10-28,1,0,
42140,5671,PNK,2011-08-03,1,0,
42140,5671,PNK,2011-10-27,1,0,
42140,5671,PNK,2012-02-15,1,0,
42200,4145,PKI,2015-01-29,1,1,0.016909347015111334
42200,4145,PKI,2015-04-30,1,1,0.010665274056641891
42286,11566,WWW,2010-07-15,1,0,-0.0032044398266185842
42286,11566,WWW,2010-10-05,1,0,0.0219856174542778
42286,11566,WWW,2011-07-12,1,0,0.00043427420863736965
42286,11566,WWW,2011-10-03,1,0,0.03720969010613471
42286,11566,WWW,2012-01-30,1,0,0.0196745056224178
42286,11566,WWW,2013-02-19,1,0,-0.0021075644524443243
42439,5690,HNI,2010-07-21,1,0,0.00857427583697919
42439,5690,HNI,2010-10-20,1,0,-0.019193172237270795
42439,5690,HNI,2011-07-20,1,0,-0.012330644597441745
42439,5690,HNI,2011-10-19,1,1,-0.003205369338134383
42534,6268,JCI,2010-07-23,1,0,
42534,6268,JCI,2010-10-26,1,0,
42534,6268,JCI,2011-01-20,1,0,
42534,6268,JCI,2011-07-20,1,0,
42534,6268,JCI,2011-10-27,1,0,
42534,6268,JCI,2012-01-19,1,0,
42534,6268,JCI,2013-01-18,1,0,
42550,4462,NEU,2015-01-29,1,0,0.00723756930998239
42550,4462,NEU,2015-04-22,1,0,0.0038310599706149542
42585,9777,SJM,2010-08-20,1,0,-0.003317012750108709
42585,9777,SJM,2010-11-18,1,0,-0.014682187670436561
42585,9777,SJM,2011-08-18,1,0,-0.004540456523290073
42585,9777,SJM,2011-11-17,1,1,0.0014396446811932454
42585,9777,SJM,2012-02-16,1,0,-0.03778708707925471
42585,9777,SJM,2013-02-15,1,0,0.012402269023056639
42796,7260,MDP,2010-07-29,1,0,-0.005724035310316719
42796,7260,MDP,2010-10-26,1,0,0.0026290273760926153
42796,7260,MDP,2011-01-25,1,0,0.011109716593509324
42796,7260,MDP,2011-07-28,1,0,0.009127762779360725
42796,7260,MDP,2011-10-26,1,0,0.007640428211983273
42796,7260,MDP,2012-01-24,1,1,0.0019193816050392864
42796,7260,MDP,2013-01-24,1,0,0.010544219175064554
42877,5783,JBHT,2015-01-22,1,0,0.012868822063206845
42877,5783,JBHT,2015-04-14,1,0,0.0018070792939088066
42906,5786,HBAN,2010-07-22,1,0,-0.012323011120787665
42906,5786,HBAN,2010-10-21,1,0,-0.017106601218966733
42906,5786,HBAN,2011-01-20,1,0,-0.009562436778655923
42906,5786,HBAN,2011-07-21,1,0,0.015383554988529061
42906,5786,HBAN,2012-01-19,1,0,-0.01236161311412612
42906,5786,HBAN,2013-01-17,1,0,0.0026639708413426387
42906,5786,HBAN,2015-01-22,1,0,0.008910294038318363
42906,5786,HBAN,2015-04-22,1,0,0.0074225270081392895
43123,10405,ATI,2015-01-20,1,0,
43123,10405,ATI,2015-04-21,1,0,
43290,5841,CYPB,2010-03-31,1,0,-0.0023177633774830887
43290,5841,CYPB,2010-05-10,1,0,-0.0012337717654509802
43290,5841,CYPB,2010-08-09,1,0,-0.004406176945161079
43290,5841,CYPB,2010-11-09,1,0,-0.0014497037282547587
43350,10016,SWK,2015-01-29,1,0,0.0041429381696835195
43449,7154,MCD,2010-10-21,1,0,0.006045814220107417
43449,7154,MCD,2011-01-24,1,0,0.007053095730552775
43449,7154,MCD,2011-07-22,1,0,0.013884913241220893
43449,7154,MCD,2011-10-21,1,1,0.0021368783619421282
43449,7154,MCD,2012-01-24,1,0,0.01699673741972546
43449,7154,MCD,2013-01-23,1,0,-0.022810953591510738
43481,10008,SXI,2015-02-03,1,0,-0.007993077194668931
43481,10008,SXI,2015-05-01,1,0,-0.0019546142085906555
43553,11060,VFC,2015-02-13,1,1,0.006719162574895673
43553,11060,VFC,2015-05-01,1,0,-0.0027628751955592473
43721,6830,LZ,2010-07-29,1,0,-0.0021343668950434876
43721,6830,LZ,2010-10-28,1,0,0.006916682339055907
43772,2154,BMS,2015-01-29,1,0,0.004823485874110043
43772,2154,BMS,2015-04-23,1,0,-0.007888024780794554
44134,6386,KMT,2010-07-29,1,0,0.018418891743846682
44134,6386,KMT,2010-10-28,1,0,0.013902077126415113
44134,6386,KMT,2011-01-27,1,0,0.027925440880311396
44134,6386,KMT,2011-07-28,1,0,0.0194735412825048
44134,6386,KMT,2011-10-27,1,1,0.02585242116365958
44134,6386,KMT,2012-01-26,1,1,0.015477323994169291
44134,6386,KMT,2013-01-24,1,0,-0.009770248155989687
44206,7970,ES,2015-04-29,1,0,0.006278972807973733
44274,5978,AEGN,2015-04-28,1,0,
44329,10407,TFX,2015-02-20,1,0,-0.01100707255405954
44329,10407,TFX,2015-04-30,1,0,
44506,6003,IDTI,2015-02-02,1,1,0.020041395617047826
44506,6003,IDTI,2015-05-04,1,1,0.010266793919155451
44601,1913,AVY,2015-02-02,1,0,-0.0094264488002352
44601,1913,AVY,2015-04-29,1,0,
44768,6034,IFSIA,2010-07-28,1,0,0.01514422191553735
44768,6034,IFSIA,2010-10-27,1,0,0.00830333213305642
44768,6034,IFSIA,2011-07-27,1,0,0.015429503216860143
44768,6034,IFSIA,2011-10-26,1,0,-0.004208229971941353
44768,6034,IFSIA,2012-02-22,1,0,0.00931354674429444
44768,6034,TILE,2013-02-14,1,0,0.0016269713808041777
44943,3969,DIOD,2015-05-07,1,0,
44951,10190,SVU,2015-01-07,1,0,0.002227722845574563
44951,10190,SVU,2015-04-28,1,0,0.007739702982802705
45277,6097,IGT,2010-07-27,1,0,-0.0042525796628879245
45277,6097,IGT,2010-11-09,1,0,0.006763468935551647
45277,6097,IGT,2011-01-20,1,0,0.000249234020859127
45277,6097,IGT,2011-07-26,1,1,0.011211784813560395
45277,6097,IGT,2011-11-08,1,0,0.010133808055836663
45277,6097,IGT,2012-01-24,1,1,0.005810145878184444
45277,6097,IGT,2013-01-22,1,0,0.005786371309862825
45437,6115,ISH,2015-02-10,1,0,0.009291829183701056
45437,6115,ISH,2015-04-29,1,0,0.00042287003283863773
45655,2538,CDI,2010-07-29,1,0,-0.0029703569566218533
45655,2538,CDI,2010-10-28,1,0,0.00566668342975851
45655,2538,CDI,2011-07-28,1,0,0.005607232817864007
45655,2538,CDI,2011-10-27,1,0,-1.4038422205191019e-05
45655,2538,CDI,2012-02-28,1,0,-0.001674284086121242
45728,6158,IVC,2015-04-23,1,0,-0.01713455039812279
45911,1327,SWKS,2015-01-22,1,1,0.01790341251482263
45911,1327,SWKS,2015-04-30,1,0,0.026233424106262795
46077,6196,AXE,2010-07-27,1,0,-0.0025024060674053196
46077,6196,AXE,2010-10-26,1,0,-0.0019571322831571855
46077,6196,AXE,2011-07-26,1,0,0.017175964129438264
46077,6196,AXE,2011-10-25,1,0,0.004506379900130697
46077,6196,AXE,2012-01-31,1,0,0.010453900559573532
46077,6196,AXE,2015-02-03,1,0,-0.015934606250187354
46077,6196,AXE,2015-04-28,1,0,-0.028338214404998036
46340,9355,SFE,2015-03-05,1,0,0.00015942748498843935
46340,9355,SFE,2015-04-23,1,0,0.008933700116464298
46392,30146,ITG,2010-07-29,1,0,0.005632193631080083
46392,30146,ITG,2010-10-28,1,0,-0.008326808211252187
46392,30146,ITG,2011-08-04,1,0,-0.00011557510117597095
46392,30146,ITG,2011-11-03,1,0,0.009175488406195923
46392,30146,ITG,2012-02-01,1,0,0.0008006428189524413
46392,30146,ITG,2013-01-31,1,0,-0.005467135131011916
46463,5987,GFF,2015-01-29,1,0,0.018465473498571146
46463,5987,GFF,2015-04-30,1,0,0.008560172600905294
46578,3121,CLX,2010-05-03,1,0,0.009002795689111798
46578,3121,CLX,2010-08-03,1,0,0.005020304793692973
46578,3121,CLX,2010-11-02,1,0,-0.05215351169072256
46578,3121,CLX,2011-02-04,1,0,-0.018405599859810266
46578,3121,CLX,2011-05-03,1,0,-0.02434803995211745
46578,3121,CLX,2011-08-03,1,0,0.005104395078115449
46578,3121,CLX,2011-11-02,1,0,0.006895554604489245
46578,3121,CLX,2012-02-03,1,0,-0.008159802857899396
46578,3121,CLX,2012-05-02,1,0,0.0028643275840083172
46578,3121,CLX,2012-08-02,1,0,0.00351987682289249
46578,3121,CLX,2012-10-31,1,0,0.006749009137693696
46578,3121,CLX,2013-02-04,1,0,0.01911404773858371
46578,3121,CLX,2013-05-01,1,1,-0.024752843245930987
46578,3121,CLX,2013-08-01,1,0,-0.006691216319571485
46578,3121,CLX,2013-10-31,1,0,-0.010983100522649602
46674,5125,GPC,2010-07-16,1,0,0.028940130126064716
46674,5125,GPC,2010-10-15,1,0,0.020782249439053584
46674,5125,GPC,2011-07-15,1,0,0.020593523452961428
46674,5125,GPC,2012-02-21,1,0,0.02405231010235087
46674,5125,GPC,2013-02-19,1,0,0.0023102982957045924
46690,2593,CBT,2010-07-28,1,0,0.020062773296530972
46690,2593,CBT,2010-10-26,1,0,0.0159162375811069
46690,2593,CBT,2015-01-28,1,0,-0.01824488704358361
46690,2593,CBT,2015-04-29,1,1,-0.029304946259279242
46877,2044,BCR,2015-01-29,1,1,-0.0050590966785477795
46877,2044,BCR,2015-04-23,1,0,0.0006754523711124151
46886,6304,KLAC,2010-07-29,1,0,0.008862430188644223
46886,6304,KLAC,2010-10-28,1,0,0.016544015291143514
46886,6304,KLAC,2011-01-27,1,0,0.028049171854032523
46886,6304,KLAC,2011-07-28,1,0,0.01360050546402215
46886,6304,KLAC,2011-10-27,1,0,0.0045093159529013705
46886,6304,KLAC,2012-01-26,1,1,0.01645163252049469
46886,6304,KLAC,2013-01-24,1,0,0.003990691296453089
46922,9155,RAD,2015-04-08,1,0,0.014666239834019029
47002,6326,KAMN,2010-08-05,1,0,0.0184775797055555
47002,6326,KAMN,2015-04-29,1,0,
47379,6379,KELYA,2010-02-05,1,0,0.017493006217046986
47379,6379,KELYA,2010-05-12,1,0,0.01407397213901415
47379,6379,KELYA,2010-08-11,1,0,0.00733766851736615
47379,6379,KELYA,2010-11-10,1,0,0.009842292885526653
47379,6379,KELYA,2011-02-03,1,0,0.013712254750277736
47379,6379,KELYA,2011-05-11,1,0,0.0014906393541372614
47379,6379,KELYA,2011-08-10,1,0,0.003749844248761961
47379,6379,KELYA,2011-11-09,1,0,0.00017558203969970584
47379,6379,KELYA,2012-02-02,1,0,0.004253772965560291
47379,6379,KELYA,2012-08-08,1,0,0.0015275981020142302
47379,6379,KELYA,2012-11-07,1,1,0.003945115731086948
47379,6379,KELYA,2013-01-31,1,0,0.017167835654962174
47379,6379,KELYA,2013-05-08,1,1,-0.0008127468720195525
47379,6379,KELYA,2013-08-07,1,0,-0.006158747812409129
47379,6379,KELYA,2013-11-06,1,0,0.009257199996257653
47423,2061,DFZ,2013-02-05,1,0,-0.004132456603476215
47466,7866,NYT,2015-02-03,1,0,-0.0014232108346650223
47466,7866,NYT,2015-04-30,1,0,-0.00482461353254225
47677,3036,CBB,2015-02-19,1,0,0.003559436132590162
47677,3036,CBB,2015-05-07,1,0,-0.0002221250459931174
47706,4608,FSS,2010-07-30,1,0,
47706,4608,FSS,2010-11-03,1,0,0.006756275886561516
47706,4608,FSS,2011-11-01,1,1,
47706,4608,FSS,2013-03-15,1,0,
47715,6433,KBAL,2015-02-03,1,0,0.012869860808531669
47715,6433,KBAL,2015-05-05,1,0,0.016423470006216245
47888,5142,GRB,2010-08-26,1,0,
47941,4988,GCI,2012-01-30,1,0,0.013498037947943865
47941,4988,GCI,2013-02-04,1,0,0.02153146479561241
48144,6509,KLIC,2015-01-28,1,0,0.013107827023419092
48267,6529,LSI,2010-07-28,1,0,0.0028134817279683905
48267,6529,LSI,2010-10-27,1,0,-0.0055674766840768854
48267,6529,LSI,2011-01-26,1,0,8.005582475011444e-05
48267,6529,LSI,2011-07-27,1,0,0.00790723528041666
48267,6529,LSI,2011-10-26,1,0,-0.0009222245400294857
48267,6529,LSI,2012-01-25,1,0,0.006044263486088535
48267,6529,LSI,2013-01-23,1,0,-0.004385441238722929
48347,6543,LZB,2010-08-17,1,0,-0.02636978272113353
48347,6543,LZB,2010-11-22,1,0,-0.016927951898122615
48347,6543,LZB,2011-08-23,1,1,-0.007723933462664784
48347,6543,LZB,2012-02-21,1,0,0.01322683771088461
48347,6543,LZB,2013-02-19,1,1,0.025211075808562286
48486,6565,LRCX,2011-07-27,1,0,-0.006526728246552932
48486,6565,LRCX,2011-10-19,1,0,-0.0008121396612505837
48486,6565,LRCX,2012-01-25,1,0,-0.0010118764447284972
48486,6565,LRCX,2012-04-18,1,1,-0.0008430330470827283
48486,6565,LRCX,2012-07-25,1,0,-0.00335629305491179
48486,6565,LRCX,2012-10-17,1,1,0.006057655389413737
48486,6565,LRCX,2013-01-23,1,0,
48486,6565,LRCX,2013-04-24,1,1,0.0013315250235966698
48486,6565,LRCX,2013-07-31,1,0,0.00020480415224865232
48486,6565,LRCX,2013-10-23,1,0,0.004120749766060307
48506,139665,MCO,2015-02-06,1,0,0.0024904063428448303
48506,139665,MCO,2015-05-01,1,0,0.00481437764153575
48523,6573,LANC,2010-08-19,1,0,-0.01461203232520541
48523,6573,LANC,2010-10-28,1,0,-0.0191082579013735
48523,6573,LANC,2011-01-27,1,0,-0.004627847101087724
48523,6573,LANC,2011-08-18,1,0,-0.01671988485004834
48523,6573,LANC,2011-10-27,1,0,-0.018816005169043602
48523,6573,LANC,2012-01-26,1,0,-0.02472720876008995
48531,6574,LNCE,2010-07-22,1,0,
48531,6574,LNCE,2010-11-03,1,0,0.0006343348924213871
48531,6574,LNCE,2011-08-09,1,0,-0.029569648670635204
48531,6574,LNCE,2011-11-03,1,0,
48531,6574,LNCE,2012-02-10,1,0,-0.0035993475248281333
48531,6574,LNCE,2013-02-12,1,0,-0.004156092339319687
48653,27914,HUM,2015-02-04,1,0,-0.01087550153310751
48653,27914,HUM,2015-04-29,1,0,0.018516644092735013
48725,10867,UNP,2013-01-24,1,0,0.0015190343439978196
48961,6617,LAWS,2015-04-30,1,0,-0.01774661259051722
49015,6742,LNC,2010-07-28,1,0,0.010152757083537182
49015,6742,LNC,2010-11-02,1,0,0.01374996103219759
49015,6742,LNC,2011-08-02,1,0,0.011408312040074753
49015,6742,LNC,2011-11-02,1,1,0.0018522272408355543
49015,6742,LNC,2012-02-07,1,0,-0.0019315538912177393
49015,6742,LNC,2013-02-06,1,0,0.0044396452588394315
49015,6742,LNC,2015-02-04,1,0,0.005233157288283457
49015,6742,LNC,2015-04-29,1,0,0.004179902873344388
49154,3813,TGT,2015-02-25,1,0,0.002921387136006348
49154,3813,TGT,2015-05-20,1,1,0.0034510521467712345
49373,2269,HRB,2010-03-08,1,0,-0.0577131144936896
49373,2269,HRB,2010-06-24,1,0,-0.016868397541129447
49373,2269,HRB,2010-09-02,1,0,-0.0038049910017650956
49373,2269,HRB,2010-12-07,1,0,-0.0031286961339689386
49373,2269,HRB,2011-03-09,1,1,-0.009571582294512089
49373,2269,HRB,2011-06-23,1,0,-0.0059816321204742805
49373,2269,HRB,2011-09-01,1,0,0.0001206617499432969
49373,2269,HRB,2011-12-01,1,0,-0.006047893838071465
49373,2269,HRB,2012-03-07,1,1,-0.0006516298817006291
49373,2269,HRB,2012-06-26,1,0,-0.006931085700404084
49373,2269,HRB,2012-09-05,1,0,-0.011843594967409306
49373,2269,HRB,2012-12-06,1,0,-0.0031578502240377036
49373,2269,HRB,2013-03-07,1,1,-0.0565018808225253
49373,2269,HRB,2013-06-12,1,1,-0.017486226955090722
49373,2269,HRB,2013-09-03,1,1,-0.017435318065407608
49429,3964,DDS,2015-02-23,1,0,
49429,3964,DDS,2015-05-14,1,0,-0.02865234395464019
49488,6528,LXU,2015-03-02,1,0,0.00813916429373303
49488,6528,LXU,2015-05-08,1,0,-0.008366369026190184
49656,2019,BK,2010-07-20,1,0,0.009909821231144894
49656,2019,BK,2010-10-19,1,0,0.008952184532501205
49656,2019,BK,2011-01-19,1,0,0.021881564715664194
49656,2019,BK,2011-07-19,1,0,0.01129989560199754
49656,2019,BK,2011-10-19,1,0,-0.0008992280502232624
49656,2019,BK,2012-01-18,1,1,0.0032838526086438587
49656,2019,BK,2013-01-16,1,0,0.014228043190477335
49680,3735,DHR,2010-07-22,1,0,0.003711876282829884
49680,3735,DHR,2010-10-21,1,0,0.007710301145428094
49680,3735,DHR,2011-01-27,1,0,-0.0009743695951955544
49680,3735,DHR,2011-07-21,1,0,0.0005333843038217824
49680,3735,DHR,2011-10-20,1,0,-0.0018697128625053561
49680,3735,DHR,2012-01-31,1,0,-0.004693147979040212
49680,3735,DHR,2013-01-29,1,0,-0.0030453444896480306
49905,6768,LIZ,2010-08-05,1,0,-0.0066980806157557905
49905,6768,LIZ,2010-11-04,1,0,-0.0053302524067674675
49905,6768,LIZ,2011-07-28,1,0,-0.007410061738812854
49905,6768,LIZ,2011-11-09,1,0,-0.000494327020832931
49905,6768,LIZ,2012-02-29,1,0,0.002275322023657063
49905,6768,FNP,2013-02-21,1,0,0.0036302365354411083
49971,8577,PNY,2010-09-09,1,0,
49971,8577,PNY,2010-12-23,1,0,
49971,8577,PNY,2011-09-09,1,0,
49971,8577,PNY,2011-12-23,1,0,
49971,8577,PNY,2012-03-09,1,0,
49971,8577,PNY,2013-03-06,1,0,
50550,8486,TPC,2015-02-26,1,0,-0.008584893681346484
50550,8486,TPC,2015-05-07,1,0,-0.012586098085459236
50623,6900,MTSC,2010-08-05,1,0,-0.02007039101507735
50623,6900,MTSC,2010-11-18,1,0,
50623,6900,MTSC,2011-08-04,1,0,0.009754085090473253
50623,6900,MTSC,2011-11-17,1,0,0.02131795616172353
50623,6900,MTSC,2012-02-02,1,0,0.01000680701620273
50623,6900,MTSC,2013-01-31,1,0,0.006301590051872767
50788,4460,ESL,2011-02-24,1,1,0.01871129030137826
50788,4460,ESL,2011-06-01,1,0,0.01599814068822452
50788,4460,ESL,2011-09-01,1,0,-0.0028808565969633375
50788,4460,ESL,2011-12-08,1,0,-0.0012545488488403828
50788,4460,ESL,2012-03-01,1,0,-0.0006836245386422643
50788,4460,ESL,2012-05-31,1,1,0.0010427145793158298
50788,4460,ESL,2012-08-30,1,1,-0.004909396562429214
50788,4460,ESL,2012-12-06,1,1,-0.022405467824594738
50788,4460,ESL,2013-02-28,1,1,0.0031752819157046127
50788,4460,ESL,2013-05-30,1,1,0.0015180745966519643
50788,4460,ESL,2013-08-29,1,0,0.004139248938382752
50876,6730,LLY,2010-07-22,1,0,
50876,6730,LLY,2010-10-21,1,0,
50876,6730,LLY,2011-01-27,1,0,
50876,6730,LLY,2011-07-21,1,1,
50876,6730,LLY,2011-10-20,1,0,
50876,6730,LLY,2012-01-31,1,0,
50876,6730,LLY,2013-01-29,1,0,
50948,9599,SMTC,2015-05-27,1,0,0.002909556965681447
50972,7203,MEG,2010-07-21,1,0,-0.010524742185608222
50972,7203,MEG,2010-10-20,1,0,-0.009192988417258812
50972,7203,MEG,2011-07-20,1,0,-0.02129207486012146
50972,7203,MEG,2011-10-19,1,0,-0.0092379761258708
51086,11537,WGO,2011-12-15,1,0,
51086,11537,WGO,2012-03-15,1,0,
51086,11537,WGO,2013-03-28,1,0,
51263,6994,MTW,2015-01-29,1,1,-0.008851379310739005
51263,6994,MTW,2015-04-29,1,0,-0.05583665931433463
51369,10453,TER,2015-01-28,1,1,0.007956716289888565
51369,10453,TER,2015-04-30,1,0,0.005169970407250741
51377,7772,NSM,2010-09-09,1,0,
51377,7772,NSM,2010-12-09,1,0,
51423,7022,MCS,2015-03-19,1,0,0.012904583861199186
51625,9611,SCI,2010-07-28,1,0,0.01466595855439031
51625,9611,SCI,2010-10-27,1,0,0.004172603217364435
51633,5918,VVC,2010-02-25,1,0,-0.004248283000060296
51633,5918,VVC,2010-05-06,1,0,-0.014762916025424405
51633,5918,VVC,2010-08-04,1,0,-0.021928766383103766
51633,5918,VVC,2010-11-09,1,0,-0.0063654800502047585
51633,5918,VVC,2011-02-16,1,0,-0.007397539768481143
51633,5918,VVC,2011-05-04,1,0,0.012320587937760513
51633,5918,VVC,2011-08-03,1,0,-0.0019967000603977533
51633,5918,VVC,2011-11-04,1,0,-0.00591940180611167
51633,5918,VVC,2012-02-15,1,0,-0.0008584389631078456
51633,5918,VVC,2012-05-02,1,0,-0.0012727417320105607
51633,5918,VVC,2012-08-01,1,0,
51633,5918,VVC,2012-11-05,1,0,0.005477323575271958
51633,5918,VVC,2013-02-14,1,0,0.007826920275427428
51633,5918,VVC,2013-05-01,1,0,-0.0514443570968071
51633,5918,VVC,2013-07-31,1,0,-0.029951620522916528
51633,5918,VVC,2013-11-07,1,0,-0.007634694905197496
51692,8579,PIR,2015-04-08,1,0,-0.054236567871576345
51706,7067,MI,2010-07-20,1,0,-0.0020356514486269406
51706,7067,MI,2010-10-20,1,0,0.003909825787177473
51706,7067,MI,2011-01-20,1,0,0.0016013632487194146
51829,7092,CCUR,2010-11-01,1,0,-0.022310317758764367
51829,7092,CCUR,2011-08-30,1,0,-0.02840757669918477
51829,7092,CCUR,2011-11-01,1,0,-0.05449189675530416
51829,7092,CCUR,2012-01-31,1,0,
51829,7092,CCUR,2013-01-29,1,0,-0.006046079641662452
51960,7124,MXWL,2010-07-29,1,0,-0.008240948294244349
51960,7124,MXWL,2010-10-28,1,0,-0.005352607647227418
51960,7124,MXWL,2011-07-28,1,0,0.004034494174190842
51960,7124,MXWL,2011-11-03,1,0,-0.0002061082262757091
51960,7124,MXWL,2012-02-16,1,1,
52090,7146,MKC,2013-01-24,1,0,0.006164279327740137
52230,2312,RHI,2010-07-21,1,0,-0.0014890171960490455
52230,2312,RHI,2010-10-20,1,0,0.0033425646785147003
52230,2312,RHI,2011-01-26,1,0,0.002447948323603538
52230,2312,RHI,2011-07-20,1,1,-0.0033490323776853154
52230,2312,RHI,2011-10-25,1,1,0.0023738439619327666
52230,2312,RHI,2013-01-29,1,0,0.003646318643837918
52329,6216,JEC,2010-07-26,1,0,-0.03974424409417193
52329,6216,JEC,2010-11-15,1,0,-0.0037226712060417326
52329,6216,JEC,2011-01-24,1,0,0.000304372834090994
52329,6216,JEC,2011-07-25,1,0,0.0054675859269404485
52329,6216,JEC,2012-01-25,1,0,0.004106813143820996
52329,6216,JEC,2013-01-23,1,0,0.0037084699252786786
52329,6216,JEC,2015-01-28,1,0,-0.007038439975544968
52329,6216,JEC,2015-04-28,1,0,-0.010676434652683463
52337,7750,THC,2015-02-23,1,1,0.004774024191615735
52337,7750,THC,2015-05-04,1,1,0.005952541074472469
52396,10195,SUP,2015-05-05,1,0,-0.011815063289432283
52476,4423,EFX,2010-07-28,1,0,0.0034536089097807906
52476,4423,EFX,2010-10-27,1,0,-0.0029531791728996566
52476,4423,EFX,2011-07-27,1,0,-0.011208199698257927
52476,4423,EFX,2011-10-26,1,0,0.00031400709144237
52476,4423,EFX,2012-02-08,1,0,-0.002356325907667541
52476,4423,EFX,2013-02-06,1,0,-0.005183545157913366
52708,6669,LEN,2010-09-20,1,0,-0.002809017204030142
52708,6669,LEN,2011-01-11,1,1,0.00020272663711324267
52708,6669,LEN,2011-09-19,1,0,0.006800799835531815
52708,6669,LEN,2012-01-11,1,0,0.01916554297449942
52708,6669,LEN,2012-03-27,1,0,0.013913505028255446
52708,6669,LEN,2013-01-15,1,0,0.012740167647490048
52708,6669,LEN,2013-03-20,1,0,0.008080327665566843
52716,5639,HRC,2011-01-26,1,0,0.00213593983635148
52716,5639,HRC,2011-07-27,1,0,-0.015139735461984867
52716,5639,HRC,2011-10-26,1,0,-0.00897238328579309
52716,5639,HRC,2012-01-25,1,0,0.003527466055382243
52716,5639,HRC,2013-01-23,1,0,-0.01643364459167152
52813,7251,MENT,2010-03-04,1,0,0.01059642317025709
52813,7251,MENT,2015-05-22,1,0,0.002706926464268417
52898,8542,WTR,2015-02-26,1,0,0.001094487462282901
52898,8542,WTR,2015-05-05,1,0,0.0005331685151162124
52936,17035,MCY,2010-08-02,1,0,-0.00824217188527371
52936,17035,MCY,2010-11-01,1,0,-0.005562696195436515
52936,17035,MCY,2011-08-01,1,0,0.011485416763175646
52936,17035,MCY,2011-10-31,1,0,-0.007797724978264904
52936,17035,MCY,2012-02-06,1,0,-0.01198336486840411
52936,17035,MCY,2013-02-04,1,0,-0.029677590709367707
52978,5518,HAS,2015-02-09,1,0,0.0003311747940861363
52978,5518,HAS,2015-04-20,1,0,0.010705181010247585
53074,7275,MLAB,2013-02-05,1,0,-0.017801248442688662
53110,1968,BMI,2015-02-05,1,0,-0.0020578713655055626
53110,1968,BMI,2015-04-20,1,0,-0.041068275638198294
53197,7291,MEI,2010-03-04,1,0,0.01282200601575326
53197,7291,MEI,2010-09-02,1,0,0.0023648475486571733
53197,7291,MEI,2011-03-03,1,1,0.0020288357498011705
53197,7291,MEI,2011-09-01,1,0,-0.003125996354815884
53197,7291,MEI,2011-12-08,1,0,-0.0015003761275714737
53197,7291,MEI,2012-03-01,1,0,-0.0012376554252144737
53197,7291,MEI,2012-08-30,1,0,-0.0054737662520993585
53197,7291,MEI,2012-12-06,1,0,-0.021736079485123606
53197,7291,MEI,2013-02-28,1,0,-0.027791578039338342
53197,7291,MEI,2013-08-29,1,0,0.011739273292628404
53480,7331,MCRS,2010-08-26,1,0,0.00554502459173793
53480,7331,MCRS,2010-10-28,1,0,0.0087195323337122
53480,7331,MCRS,2011-01-27,1,0,0.005989007431070698
53480,7331,MCRS,2011-08-25,1,1,0.016016233089909675
53480,7331,MCRS,2011-10-27,1,0,0.005751561855554312
53480,7331,MCRS,2012-01-26,1,0,0.0192303919557306
53480,7331,MCRS,2013-01-24,1,0,0.00482315517569629
53604,5237,GRC,2015-02-06,1,0,
53604,5237,GRC,2015-04-23,1,0,
53640,7346,MSCC,2011-11-10,1,0,0.011143013022730417
53640,7346,MSCC,2012-01-26,1,1,0.008743116264197475
53640,7346,MSCC,2013-01-24,1,0,0.006286989621773946
53663,10905,UIL,2015-02-25,1,0,-0.01370919913659959
53663,10905,UIL,2015-04-30,1,0,-0.007103433156539078
53859,7368,MSEX,2011-03-09,1,0,0.0012958096818272546
53859,7368,MSEX,2011-08-04,1,0,0.0012303842030528325
53859,7368,MSEX,2012-10-25,1,0,0.00612974061850131
53859,7368,MSEX,2013-08-02,1,0,-0.009612465809115638
53866,4560,FDO,2011-01-05,1,0,-0.004394922413790326
53866,4560,FDO,2015-01-08,1,0,-0.027031248399713464
53866,4560,FDO,2015-04-08,1,0,0.0012962057994432537
54084,5442,HWG,2010-08-13,1,0,
54084,5442,HWG,2010-11-12,1,0,
54148,8823,PHM,2011-07-28,1,0,0.008142956583730095
54148,8823,PHM,2011-10-27,1,1,0.011404992852028383
54148,8823,PHM,2012-02-02,1,0,0.010518306858615663
54148,8823,PHM,2013-01-31,1,0,0.016925459597476038
54199,9324,SJW,2015-04-29,1,0,-0.0030037238364719557
54253,7420,MSA,2010-07-28,1,0,0.00793649239222128
54253,7420,MSA,2010-10-28,1,0,0.004501076555738725
54253,7420,MSA,2011-07-28,1,0,0.010525360285654543
54253,7420,MSA,2012-02-15,1,0,
54594,1004,AIR,2010-07-13,1,0,-0.006969410681534928
54594,1004,AIR,2010-09-15,1,0,0.011232380656561953
54594,1004,AIR,2010-12-15,1,0,-0.008449594438856154
54594,1004,AIR,2011-07-06,1,0,0.013283930824870577
54594,1004,AIR,2011-09-15,1,0,0.0012267068165646095
54594,1004,AIR,2011-12-15,1,0,0.01404351421512808
54594,1004,AIR,2012-03-20,1,0,-0.005396092483871616
54594,1004,AIR,2013-03-19,1,0,0.004798681670354608
55001,10735,TRN,2015-02-18,1,0,0.01573564218534496
55001,10735,TRN,2015-04-23,1,0,0.029772729971469847
55212,5087,SPW,2010-08-04,1,0,0.0033505497047281504
55212,5087,SPW,2010-11-03,1,0,0.01706588399651331
55212,5087,SPW,2011-08-03,1,0,-0.005550901750995804
55212,5087,SPW,2011-11-02,1,0,0.0024736482706316093
55212,5087,SPW,2012-02-16,1,0,-0.004340997582758922
55212,5087,SPW,2013-02-14,1,0,-0.007503605513047377
55213,7566,RT,2015-01-08,1,0,-0.020410819398563117
55213,7566,RT,2015-04-09,1,0,-0.0067282923818670955
55511,8807,PNM,2015-02-27,1,0,0.008613609388237698
55511,8807,PNM,2015-05-01,1,0,0.0021446841562735314
55597,2448,MTRN,2015-02-19,1,0,0.009879358694503992
55597,2448,MTRN,2015-04-30,1,0,0.016359400596221735
56274,3362,CAG,2015-03-26,1,1,0.008511546663753875
56573,5878,ITW,2013-01-29,1,0,0.00027022177885982924
56611,17070,NPBC,2010-07-29,1,0,-0.003539743682849405
56611,17070,NPBC,2015-01-22,1,0,-0.0008967187709625563
56611,17070,NPBC,2015-04-24,1,0,-0.0016659040079951802
56777,7781,NTSC,2010-09-13,1,0,-0.0022154049498428596
56937,7798,NTY,2010-07-28,1,0,
57154,5179,GLT,2015-02-05,1,0,-0.020192196685780768
57154,5179,GLT,2015-05-05,1,0,-0.027731988995975336
57330,4911,FRS,2010-07-26,1,0,-0.007706964714420556
57330,4911,FRS,2010-10-19,1,0,0.007752761623782973
57330,4911,FRS,2011-10-18,1,0,-0.01214533761370294
57330,4911,FRS,2012-01-10,1,0,-0.001595326507047608
57446,17061,NYM,2010-08-05,1,0,
57446,17061,NYM,2010-11-04,1,0,
57509,8387,GDP,2010-08-04,1,0,0.004986950999932022
57509,8387,GDP,2010-11-03,1,0,0.012372388794337167
57509,8387,GDP,2011-08-03,1,0,0.009428800865440118
57509,8387,GDP,2011-11-02,1,0,0.010156354084962169
57509,8387,GDP,2012-02-22,1,1,-0.012180386523011273
57509,8387,GDP,2013-02-20,1,0,0.002654570022379221
57534,7883,NEWP,2010-07-28,1,0,0.0317007855239719
57534,7883,NEWP,2010-10-27,1,0,0.028184961143428763
57534,7883,NEWP,2011-08-03,1,0,0.02703848791677905
57534,7883,NEWP,2011-10-26,1,0,0.007444827621973378
57534,7883,NEWP,2012-02-22,1,0,0.008449500931107037
57534,7883,NEWP,2013-02-20,1,0,-0.0011626017140532654
57568,1988,BLL,2010-07-29,1,0,0.0107889723376071
57568,1988,BLL,2010-10-28,1,0,0.00883230785280019
57568,1988,BLL,2011-01-27,1,0,0.016099942900282334
57568,1988,BLL,2011-07-28,1,0,0.010344502519587198
57568,1988,BLL,2011-10-27,1,0,0.010458035175289052
57568,1988,BLL,2012-01-26,1,0,0.008075102245092128
57568,1988,BLL,2013-01-31,1,0,-0.005846040441776085
57665,7906,NKE,2015-03-19,1,1,0.0035139993522756625
57808,11191,VSH,2015-05-05,1,0,0.0012766066318266045
57809,7921,NDSN,2015-02-24,1,0,0.003162495157454955
57809,7921,NDSN,2015-05-19,1,1,0.005476859649200439
57817,7922,JWN,2015-02-19,1,1,0.004282404351196228
57817,7922,JWN,2015-05-14,1,0,0.0005008749045208403
57904,1449,AFL,2010-07-27,1,0,0.006612704454926707
57904,1449,AFL,2010-10-26,1,0,0.008008099737927923
57904,1449,AFL,2011-07-27,1,0,-6.220632534658776e-05
57904,1449,AFL,2011-10-26,1,0,0.0014391242430291454
57904,1449,AFL,2012-01-31,1,0,0.005955496099092239
57904,1449,AFL,2013-02-05,1,0,0.0017765669239902249
58246,7982,NTRS,2015-01-21,1,0,0.004143865576128595
58246,7982,NTRS,2015-04-21,1,0,0.003707396025522133
58318,7991,TEX,2015-02-17,1,0,-0.04138163873986535
58318,7991,TEX,2015-04-29,1,0,-0.008867680760681467
58675,8357,PKD,2010-08-05,1,0,-0.012609288811413483
58675,8357,PKD,2010-11-03,1,0,0.010460575733849932
58675,8357,PKD,2011-08-04,1,0,0.011070762242262739
58675,8357,PKD,2011-11-03,1,0,0.018092246646896428
58675,8357,PKD,2012-02-23,1,0,0.0035784013087639074
58675,8357,PKD,2013-02-21,1,0,-0.0005340395718204799
58683,9882,LUV,2010-07-29,1,0,0.020451225911687007
58683,9882,LUV,2010-10-21,1,0,0.02692612526800569
58683,9882,LUV,2011-01-20,1,0,0.005760888684487109
58683,9882,LUV,2011-08-04,1,0,-0.012378876588070456
58683,9882,LUV,2011-10-20,1,0,-0.01416424503485342
58683,9882,LUV,2012-01-19,1,0,-0.010083718007800361
58683,9882,LUV,2013-01-24,1,0,0.017520653666453917
58755,1981,BEZ,2010-07-29,1,0,
58771,9016,RBC,2010-08-02,1,0,0.02074720737143341
58771,9016,RBC,2010-11-01,1,0,0.023867498750897602
58771,9016,RBC,2011-08-04,1,0,-0.016849397428373235
58771,9016,RBC,2011-10-31,1,0,0.005748266672611538
58771,9016,RBC,2012-02-06,1,0,0.005717818183870683
58771,9016,RBC,2013-02-04,1,0,-0.005463503080578374
58819,11554,LNT,2010-08-05,1,0,0.004514018339433788
58819,11554,LNT,2010-10-29,1,0,0.002480141099508149
58819,11554,LNT,2011-08-04,1,0,7.751593817636147e-05
58819,11554,LNT,2011-11-03,1,1,-0.041144373196611676
58819,11554,LNT,2012-02-10,1,0,-0.03569978536546802
58819,11554,LNT,2013-02-14,1,0,-0.0011792682518399402
58975,8079,OII,2010-07-28,1,0,
58975,8079,OII,2010-10-26,1,0,
58975,8079,OII,2011-07-27,1,1,0.0180292183222169
58975,8079,OII,2011-10-26,1,1,0.01500174238556862
58975,8079,OII,2012-02-15,1,0,0.0010662411174893489
58975,8079,OII,2013-02-13,1,1,-0.0012512355002922328
59010,4990,GPS,2015-02-26,1,1,-0.0030643790929751075
59010,4990,GPS,2015-05-21,1,0,-0.017022067589437986
59045,6461,KEX,2010-07-28,1,0,-0.013515230656141465
59045,6461,KEX,2010-10-27,1,0,-0.020031291118288164
59045,6461,KEX,2011-01-26,1,0,0.004667437618013349
59045,6461,KEX,2011-07-27,1,0,0.009675858351203603
59045,6461,KEX,2011-10-26,1,0,0.011521217573106358
59045,6461,KEX,2012-02-02,1,0,0.0014821001976774648
59045,6461,KEX,2013-01-30,1,0,-0.007895127187242904
59089,8092,BRS,2010-08-04,1,0,
59089,8092,BRS,2011-08-08,1,0,
59089,8092,BRS,2011-11-07,1,0,
59089,8092,BRS,2012-02-02,1,0,
59089,8092,BRS,2013-02-04,1,0,
59176,1447,AXP,2015-01-21,1,0,0.0023484761420931085
59176,1447,AXP,2015-04-16,1,0,-0.0035379935988543946
59185,8105,ODC,2010-03-10,1,0,-0.002952310621794383
59185,8105,ODC,2010-06-08,1,0,3.333383191156565e-05
59192,3024,CB,2010-07-22,1,0,0.0016540871607717512
59192,3024,CB,2010-10-21,1,0,-0.0039284639269202
59192,3024,CB,2011-01-27,1,0,0.01235994025197976
59192,3024,CB,2011-07-21,1,1,-0.0014478383923369129
59192,3024,CB,2011-10-20,1,0,-0.010559210060184432
59192,3024,CB,2012-01-26,1,1,0.007781338674931181
59192,3024,CB,2013-01-31,1,0,0.012010491249881666
59256,3622,CRWS,2012-02-15,1,0,-0.0007336516827882262
59328,6008,INTC,2015-01-15,1,0,0.0039045797919664846
59328,6008,INTC,2015-04-14,1,0,-0.0022981332678361967
59396,14828,ORI,2010-07-22,1,0,-0.007368002564481538
59396,14828,ORI,2010-10-28,1,0,-0.001959615778220845
59396,14828,ORI,2011-01-27,1,0,-0.005526331406471411
59396,14828,ORI,2011-07-28,1,0,-0.003391241319276938
59396,14828,ORI,2011-10-27,1,0,-0.00473373432788439
59396,14828,ORI,2012-01-26,1,0,-7.360527063205238e-06
59396,14828,ORI,2013-01-24,1,0,-0.0031166620339361743
59408,7647,BAC,2010-07-16,1,0,0.002684291745646732
59408,7647,BAC,2015-01-15,1,0,-0.009666997977750403
59408,7647,BAC,2015-04-15,1,0,0.006454445861812009
59467,11440,WLB,2015-02-27,1,0,
59467,11440,WLB,2015-04-24,1,0,
59483,11649,YRCW,2011-07-22,1,0,0.010247914214677821
59483,11649,YRCW,2012-02-28,1,0,0.010432436494237085
59483,11649,YRCW,2013-02-08,1,0,0.0073007041898192305
59600,10777,TWIN,2015-02-03,1,0,0.00304489549236274
59600,10777,TWIN,2015-04-28,1,0,0.004347226521996308
59619,11012,SXT,2015-02-05,1,0,0.008106863838082807
59619,11012,SXT,2015-04-20,1,0,0.010245423163468199
59871,8176,ORBT,2013-05-09,1,0,-0.06316787673690392
60186,8213,OMI,2015-02-17,1,0,-0.00570313795315794
60186,8213,OMI,2015-04-27,1,0,0.0008586397724638607
60206,9778,SNA,2015-02-05,1,0,0.0009325444934646264
60206,9778,SNA,2015-04-23,1,0,0.01048435364119987
60442,8245,PNC,2010-07-22,1,0,-0.004843338177585409
60442,8245,PNC,2010-10-21,1,0,
60442,8245,PNC,2011-01-20,1,0,
60442,8245,PNC,2011-07-20,1,1,
60442,8245,PNC,2011-10-19,1,0,
60442,8245,PNC,2012-01-18,1,1,
60442,8245,PNC,2013-01-17,1,0,
60506,8253,PCAR,2015-01-30,1,0,0.016127068664181364
60506,8253,PCAR,2015-04-21,1,0,0.022111947980435965
60548,7281,MPR,2010-08-26,1,0,0.0011605207692466073
60548,7281,MPR,2011-09-01,1,0,
60548,7281,MPR,2011-12-08,1,0,0.010067563499874541
60548,7281,MPR,2012-03-22,1,0,
60580,10618,TTC,2015-02-19,1,0,0.015050794953257968
60580,10618,TTC,2015-05-21,1,0,-0.0017844078796125339
60599,2884,CTL,2010-08-04,1,0,-0.010647163307972165
60599,2884,CTL,2010-11-03,1,0,-0.010308591325956363
60599,2884,CTL,2011-08-03,1,0,-0.007014137187602278
60599,2884,CTL,2011-11-02,1,0,0.0055977535635181545
60599,2884,CTL,2012-02-15,1,1,-0.006540967150293776
60599,2884,CTL,2013-02-13,1,0,-0.006237933484006641
60628,4598,FDX,2015-03-18,1,0,0.0033226698071735228
60687,8431,AFG,2015-02-02,1,0,-0.00041205725412289326
60687,8431,AFG,2015-04-27,1,0,-0.002718649033976093
60871,1632,ADI,2015-02-17,1,1,0.006707394314895202
60871,1632,ADI,2015-05-19,1,1,0.010616419444590176
60943,6649,LEG,2010-07-22,1,0,-0.009449082460998093
60943,6649,LEG,2010-10-21,1,0,-0.018355780865400635
60943,6649,LEG,2011-07-28,1,0,-0.009056138471986207
60943,6649,LEG,2011-10-27,1,1,-0.01990706494156145
60943,6649,LEG,2013-02-04,1,0,0.008812143342591321
61138,8333,PRX,2010-08-04,1,0,
61138,8333,PRX,2010-11-03,1,0,
61138,8333,PRX,2011-08-03,1,0,
61138,8333,PRX,2011-11-02,1,0,
61138,8333,PRX,2012-02-28,1,0,
61188,9890,SWX,2010-08-09,1,0,
61188,9890,SWX,2010-11-08,1,0,
61188,9890,SWX,2011-08-08,1,0,
61188,9890,SWX,2011-11-07,1,0,
61188,9890,SWX,2012-02-28,1,0,
61188,9890,SWX,2013-02-26,1,0,
61241,1161,AMD,2010-10-14,1,0,0.00585487906347739
61241,1161,AMD,2011-01-20,1,0,0.006331274580386195
61241,1161,AMD,2011-04-21,1,0,0.011178883890290967
61241,1161,AMD,2011-07-21,1,0,0.004743318169809456
61241,1161,AMD,2011-10-27,1,0,0.0045218766770713376
61241,1161,AMD,2012-01-24,1,0,0.011585165142199256
61241,1161,AMD,2012-04-19,1,1,0.0059386202343802656
61241,1161,AMD,2012-07-19,1,1,-0.014622784688936895
61241,1161,AMD,2012-10-18,1,1,-0.008121766617055718
61241,1161,AMD,2013-01-22,1,0,0.0008991205586926735
61241,1161,AMD,2013-04-18,1,1,0.00015840642566079983
61241,1161,AMD,2013-07-18,1,1,0.005355206243061389
61241,1161,AMD,2013-10-17,1,1,-0.0009936565407081786
61269,8350,PKOH,2010-07-27,1,0,0.007768269364290528
61269,8350,PKOH,2011-07-27,1,0,0.006149172864006825
61269,8350,PKOH,2013-03-04,1,0,0.0058307401591180434
61313,4036,DCI,2015-02-24,1,0,-0.01831299529733877
61313,4036,DCI,2015-05-21,1,0,-0.016889074078416458
61487,1121,AE,2012-03-22,1,0,
61496,8386,PATK,2013-02-21,1,0,
61516,2220,BIO,2010-02-24,1,0,0.007854653073964647
61516,2220,BIO,2010-05-04,1,0,0.008305087171154938
61516,2220,BIO,2010-08-03,1,0,0.00552571605124766
61516,2220,BIO,2010-11-02,1,0,-0.007218069898000251
61516,2220,BIO,2011-02-24,1,1,0.008189440893372785
61516,2220,BIO,2011-05-03,1,1,-0.000503484602417466
61516,2220,BIO,2011-08-02,1,0,0.0020521519130290693
61516,2220,BIO,2011-11-01,1,0,
61516,2220,BIO,2012-02-23,1,0,-0.001588054360507539
61516,2220,BIO,2012-05-01,1,0,0.005850010500447392
61516,2220,BIO,2012-08-07,1,0,-0.0008773366718652122
61516,2220,BIO,2012-11-06,1,1,0.0011691456611719088
61516,2220,BIO,2013-05-07,1,1,-0.010020652133826328
61516,2220,BIO,2013-08-06,1,0,-0.0016866401662522321
61567,5608,HXL,2015-01-22,1,0,0.020876124523237317
61567,5608,HXL,2015-04-20,1,0,
61735,3221,AON,2011-07-29,1,0,
61735,3221,AON,2011-10-28,1,0,
61735,3221,AON,2012-02-03,1,0,
61743,3863,DLX,2010-07-22,1,0,0.01981880906529563
61743,3863,DLX,2011-01-27,1,0,0.005615461903235788
61743,3863,DLX,2011-07-28,1,0,0.0034223752500308026
61743,3863,DLX,2011-10-27,1,0,-0.001046996339867443
61743,3863,DLX,2015-01-22,1,0,0.030113891952161742
61743,3863,DLX,2015-04-23,1,0,0.010881257515641224
61807,7549,MOGA,2010-07-30,1,0,-0.0038089873208041886
61807,7549,MOGA,2010-11-04,1,0,0.007367329537016222
61807,7549,MOGA,2011-01-31,1,0,-0.0025127005911782987
61807,7549,MOGA,2011-05-02,1,0,0.00828662302378004
61807,7549,MOGA,2011-07-29,1,0,0.002276698625018795
61807,7549,MOGA,2012-01-27,1,0,-0.0019960621499187804
61807,7549,MOGA,2012-04-27,1,0,-0.0002354166136872603
61807,7549,MOGA,2012-07-27,1,0,-0.011299754033341354
61807,7549,MOGA,2012-11-02,1,0,-0.0035767470739279314
61807,7549,MOGA,2013-01-25,1,0,-0.018047605189567023
61807,7549,MOGA,2013-04-26,1,0,-0.01387869938110176
61807,7549,MOGA,2013-07-26,1,0,-0.006254683483641303
61807,7549,MOGA,2013-11-01,1,0,0.0019056404483166834
61815,7912,NBL,2010-07-29,1,0,-0.002492771390611095
61815,7912,NBL,2010-10-28,1,0,0.011386484279196137
61815,7912,NBL,2011-07-28,1,0,0.00040667614262837604
61815,7912,NBL,2011-10-20,1,1,0.004202851030792296
61815,7912,NBL,2012-02-09,1,0,-0.0010804783715053484
61815,7912,NBL,2013-02-07,1,0,0.009219243950078726
61946,2259,BKH,2010-08-05,1,0,0.0011598407069607292
61946,2259,BKH,2010-10-28,1,0,0.012943696727335231
61946,2259,BKH,2011-08-04,1,0,-0.00260487314818645
61946,2259,BKH,2011-11-03,1,0,0.0025307924888735974
61946,2259,BKH,2015-02-02,1,0,0.004928669886837062
62092,10530,TMO,2015-01-29,1,0,0.006971951186336419
62092,10530,TMO,2015-04-22,1,0,0.004686742266789719
62148,2574,CSX,2010-07-12,1,0,0.006933983143764605
62148,2574,CSX,2010-10-12,1,0,0.017828449822638363
62148,2574,CSX,2011-01-24,1,0,0.01647116686792468
62148,2574,CSX,2011-07-19,1,0,-0.00034633487317790174
62148,2574,CSX,2011-10-18,1,0,-0.0002921576564289966
62148,2574,CSX,2012-01-23,1,0,-0.0026178795462517366
62148,2574,CSX,2013-01-22,1,0,-0.014493991544723679
62296,12855,NLCI,2011-02-10,1,0,0.012682901345411342
62296,12855,NLCI,2011-05-12,1,0,0.020888824027838097
62308,10614,TMK,2010-07-28,1,0,-0.0015122779548545889
62308,10614,TMK,2010-10-27,1,0,-0.00046828593685276695
62308,10614,TMK,2011-07-27,1,0,-0.0001417802592048609
62308,10614,TMK,2011-10-26,1,0,-0.0012679984082350285
62308,10614,TMK,2012-02-06,1,0,0.004876162588592749
62308,10614,TMK,2013-02-04,1,0,0.0076551535160859895
62383,9302,RYL,2015-01-29,1,0,0.018095877535969026
62383,9302,RYL,2015-04-30,1,0,0.007486635532880188
62498,11376,WST,2010-08-03,1,0,-0.032842137172528145
62498,11376,WST,2010-11-02,1,0,-5.115848336199533e-05
62498,11376,WST,2011-07-28,1,0,-0.004818801621084829
62498,11376,WST,2011-11-01,1,0,0.012461037292992225
62498,11376,WST,2012-02-16,1,0,-0.0033503866317204003
62498,11376,WST,2012-08-02,1,0,0.025700856835395698
62498,11376,WST,2012-11-01,1,0,0.011784771871656325
62498,11376,WST,2013-05-02,1,0,0.02268736379894569
62498,11376,WST,2013-10-31,1,0,-0.0001788055484903961
62885,5357,GBE,2010-11-09,1,0,0.020639015058940283
63079,11644,KEG,2010-07-28,1,0,0.003693241880442276
63079,11644,KEG,2010-10-27,1,0,0.0001127019605987609
63079,11644,KEG,2011-07-28,1,0,0.007147411554776842
63079,11644,KEG,2011-10-27,1,0,0.008489922834902568
63079,11644,KEG,2012-02-16,1,0,0.008467478156229905
63079,11644,KEG,2013-02-14,1,0,-0.004508731653884096
63125,8599,AGYS,2010-08-04,1,0,-0.012054985902746595
63125,8599,AGYS,2015-05-28,1,0,
63132,4091,DCO,2015-04-09,1,0,-0.0008326473278993333
63132,4091,DCO,2015-05-12,1,0,-0.04353982538054032
63159,4156,STS,2015-04-23,1,0,0.007102795208118335
63335,9835,PDC,2010-08-05,1,0,0.010472917767209548
63335,9835,PDC,2010-11-04,1,0,0.010642419643954723
63335,9835,PDC,2011-08-04,1,0,0.00429734393267042
63335,9835,PDC,2011-11-03,1,0,0.008017173145649136
63335,9835,PDC,2012-02-21,1,0,0.010450445749161718
63335,9835,PES,2013-02-13,1,0,0.008899348830573216
63467,15417,BRO,2010-04-19,1,0,
63467,15417,BRO,2010-07-19,1,0,-0.004860002055407493
63467,15417,BRO,2010-10-18,1,0,
63467,15417,BRO,2011-02-07,1,0,
63467,15417,BRO,2011-04-18,1,0,
63467,15417,BRO,2011-07-18,1,0,-0.0016799126499878452
63467,15417,BRO,2011-10-17,1,0,0.011990277092584434
63467,15417,BRO,2012-02-03,1,0,
63467,15417,BRO,2012-04-16,1,0,0.009063068476674627
63467,15417,BRO,2012-07-16,1,0,0.005094386498339698
63467,15417,BRO,2012-10-15,1,0,0.007767858628452065
63467,15417,BRO,2013-02-01,1,1,0.0056159781894163825
63467,15417,BRO,2013-04-15,1,0,
63467,15417,BRO,2013-07-15,1,0,0.005132327050789467
63467,15417,BRO,2013-10-14,1,0,6.556169733986685e-05
63715,8699,POWL,2010-08-04,1,0,0.00702339891357846
63715,8699,POWL,2011-08-02,1,0,
63715,8699,POWL,2011-12-06,1,0,
63715,8699,POWL,2012-02-07,1,0,-0.014907085020634639
63715,8699,POWL,2013-02-05,1,0,0.021919368148664704
63765,9904,SWN,2010-08-05,1,0,-0.0020203726804871956
63765,9904,SWN,2010-10-28,1,0,-0.0006623355431647797
63765,9904,SWN,2011-07-28,1,0,-0.010580990266771487
63765,9904,SWN,2011-10-27,1,0,-0.005550296239842073
63765,9904,SWN,2012-02-27,1,0,-0.0019600054793732207
63765,9904,SWN,2013-02-20,1,0,0.0019233899344510193
63773,10411,TDS,2010-08-05,1,0,-0.01765786096933556
63773,10411,TDS,2010-11-04,1,0,-0.00611500343822924
63773,10411,TDS,2011-08-08,1,0,0.006156864464322385
63773,10411,TDS,2011-11-04,1,0,-0.003381198349493804
63773,10411,TDS,2012-02-24,1,0,0.0008284673836767486
63773,10411,TDS,2013-02-26,1,0,-0.0066056131559911555
63781,10877,UNT,2015-02-24,1,0,-0.00018921568838249116
63781,10877,UNT,2015-05-07,1,0,0.0022249913552787673
63811,8716,PPD,2010-07-21,1,0,
63811,8716,PPD,2010-10-25,1,0,
64020,6831,LUB,2010-10-28,1,0,-0.008589621072696283
64020,6831,LUB,2010-12-16,1,0,-0.012722042741280184
64020,6831,LUB,2011-12-21,1,0,-0.0006126648743481587
64020,6831,LUB,2012-03-21,1,0,-0.0033665829711410737
64020,6831,LUB,2013-03-20,1,0,-0.028330817894060646
64186,2547,CI,2015-02-05,1,0,
64186,2547,CI,2015-04-30,1,0,
64194,2960,CHE,2015-04-28,1,1,0.013018604003579197
64282,6733,LTD,2010-08-18,1,0,
64282,6733,LTD,2010-11-17,1,0,
64282,6733,LTD,2011-08-17,1,0,
64282,6733,LTD,2011-11-16,1,1,
64282,6733,LTD,2012-02-22,1,0,
64282,6733,LTD,2013-02-27,1,1,
64311,7923,NSC,2010-07-27,1,0,0.013413734289455794
64311,7923,NSC,2010-10-27,1,0,0.0030713735357583882
64311,7923,NSC,2011-01-25,1,0,0.009936223265794969
64311,7923,NSC,2011-07-26,1,1,0.01648710781454852
64311,7923,NSC,2011-10-26,1,1,0.00998440232736128
64311,7923,NSC,2012-01-24,1,0,0.009714886201237553
64311,7923,NSC,2013-01-22,1,0,-0.006097616122964963
64390,13341,PGR,2015-01-28,1,0,0.0013652936473982722
64450,7849,NJR,2015-02-04,1,0,0.004742328195560051
64557,2859,CNL,2010-02-25,1,0,0.0026871776194282325
64557,2859,CNL,2010-05-05,1,0,0.01581346976094992
64557,2859,CNL,2010-08-04,1,0,-0.0022838110932765984
64557,2859,CNL,2010-11-01,1,0,0.004979337373716048
64557,2859,CNL,2011-02-24,1,0,0.006879719791671912
64557,2859,CNL,2011-05-04,1,0,0.007205022867518041
64929,8850,KWR,2010-10-26,1,0,0.00032650481519158267
64929,8850,KWR,2011-07-27,1,0,-0.015571757535572864
64929,8850,KWR,2011-10-25,1,0,0.009316987154030093
64929,8850,KWR,2012-03-07,1,0,-0.025847479357319902
64936,4029,D,2010-07-28,1,0,0.0038777907238960493
64936,4029,D,2010-10-29,1,0,-0.002961245659683979
64936,4029,D,2011-01-28,1,0,0.005551771079793533
64936,4029,D,2011-07-28,1,0,-0.005356745471842806
64936,4029,D,2011-10-28,1,0,-0.012114976667141753
64936,4029,D,2012-01-27,1,1,-0.00649057772635042
64936,4029,D,2013-01-31,1,0,-0.005222926285600884
64961,8858,QSII,2015-01-22,1,0,0.019035889514342853
64961,8858,QSII,2015-05-21,1,0,0.001400298434351634
64995,9783,KEY,2010-07-22,1,0,0.0009908670833742852
64995,9783,KEY,2010-10-22,1,0,-0.002571284801203423
64995,9783,KEY,2011-01-25,1,0,0.0066300481975572
64995,9783,KEY,2011-07-19,1,0,0.005485187864274874
64995,9783,KEY,2011-10-20,1,0,0.02265308672702577
64995,9783,KEY,2012-01-24,1,0,0.014698918860830093
64995,9783,KEY,2013-01-24,1,0,0.004117742155223234
65008,8864,ASYS,2013-02-07,1,0,
65154,2271,BLT,2010-08-09,1,0,0.0037149896416635874
65154,2271,BLT,2010-11-03,1,0,0.0014171714027936856
65154,2271,BLT,2011-11-03,1,0,-0.014050888698827669
65294,13342,RLI,2015-01-26,1,0,0.016000842274107824
65294,13342,RLI,2015-04-20,1,0,-0.0012456370852684025
65306,10840,UNF,2015-01-07,1,0,0.002451250153060156
65306,10840,UNF,2015-04-01,1,0,-0.016807334223389613
65307,8902,RPM,2010-07-26,1,0,0.004740251412091804
65307,8902,RPM,2010-10-06,1,0,-0.003627822330017917
65307,8902,RPM,2011-01-06,1,0,-0.012014223343380556
65307,8902,RPM,2011-07-25,1,0,-0.002691602264996946
65307,8902,RPM,2011-10-05,1,0,-0.004945957367628151
65307,8902,RPM,2012-01-05,1,0,0.019714179303612182
65307,8902,RPM,2013-01-08,1,0,0.015476568888328117
65330,6653,LM,2010-07-26,1,0,0.01849152875794726
65330,6653,LM,2010-10-27,1,0,0.0007062095562353644
65330,6653,LM,2011-01-26,1,0,0.013894653577931088
65330,6653,LM,2011-07-28,1,0,0.0020769286618426957
65330,6653,LM,2011-10-27,1,0,0.0044092563244407575
65330,6653,LM,2012-01-27,1,1,-0.017640755889638114
65330,6653,LM,2013-02-01,1,0,
65365,7636,MYE,2015-05-01,1,0,-0.010153433948657553
65402,9771,AOS,2010-07-20,1,0,0.0030691416748699642
65402,9771,AOS,2010-10-19,1,0,0.03019492774918066
65402,9771,AOS,2011-01-25,1,0,0.0050325580313449175
65402,9771,AOS,2011-07-19,1,0,0.0016096313588540197
65402,9771,AOS,2011-10-21,1,0,0.0008348308756043581
65402,9771,AOS,2012-01-27,1,0,0.00611945233714987
65402,9771,AOS,2013-01-24,1,0,0.008948888726426858
65509,2150,BLC,2010-07-30,1,0,0.0004239240237555019
65509,2150,BLC,2010-10-28,1,0,-0.0057822510401316415
65509,2150,BLC,2011-08-04,1,0,0.002883266871884373
65509,2150,BLC,2011-11-03,1,0,-0.00437467285835727
65509,2150,BLC,2012-02-07,1,0,0.011526653252278203
65509,2150,BLC,2013-02-08,1,0,0.013030061254709988
65700,8947,USLM,2010-10-27,1,0,0.010911991524607844
65752,10353,TISI,2010-08-03,1,0,-0.010368335578255916
65875,2136,VZ,2011-01-25,1,0,0.012350288560352552
65875,2136,VZ,2011-07-22,1,0,0.010867300621765483
65875,2136,VZ,2011-10-21,1,0,-0.0020331229165991456
65875,2136,VZ,2012-01-24,1,0,0.0025728048159741326
65875,2136,VZ,2013-01-22,1,0,0.01479041823094281
66050,9289,KID,2010-05-06,1,0,0.004457779306364616
66050,9289,KID,2010-08-04,1,0,-0.01016279203507208
66050,9289,KID,2010-11-04,1,0,-0.011876640766975187
66050,9289,KID,2011-04-01,1,0,-0.010567085641638581
66050,9289,KID,2011-05-11,1,0,-0.06105038577103601
66050,9289,KID,2011-11-09,1,0,-0.021727342148875464
66050,9289,KID,2012-03-30,1,0,-0.03020468153104698
66050,9289,KID,2012-05-11,1,0,-0.016839510071236886
66050,9289,KID,2013-04-17,1,0,-0.023772315897840117
66050,9289,KID,2013-05-21,1,0,-0.027705605767424868
66050,9289,KID,2013-08-15,1,0,-0.025378903798513777
66050,9289,KID,2013-11-19,1,0,-0.022552297065057632
66093,9899,T,2015-01-27,1,0,-0.005332169802001657
66093,9899,T,2015-04-22,1,0,-0.001286244341794569
66157,4723,USB,2015-01-21,1,0,
66157,4723,USB,2015-04-15,1,1,
66181,5680,HD,2010-08-17,1,0,-0.007052416753645105
66181,5680,HD,2010-11-16,1,0,-0.006004877016440716
66181,5680,HD,2011-08-16,1,1,0.006303619609140593
66181,5680,HD,2011-11-15,1,1,0.004442823748242782
66181,5680,HD,2012-02-21,1,0,0.0030611309452403916
66181,5680,HD,2013-02-26,1,0,0.004991226073302887
66245,6865,MDC,2010-07-30,1,0,0.0004121180209709285
66245,6865,MDC,2011-08-04,1,0,-0.014523624612808423
66245,6865,MDC,2011-11-03,1,0,-0.032896628553569424
66245,6865,MDC,2012-02-02,1,0,0.00029628344270460436
66245,6865,MDC,2013-01-31,1,0,0.029269391356684514
66325,20430,SLM,2015-01-21,1,0,
66325,20430,SLM,2015-04-22,1,0,
66376,11313,WSO,2015-02-12,1,0,0.013566470939994952
66376,11313,WSO,2015-04-15,1,0,0.015412540984437886
66384,11399,WDC,2013-01-23,1,0,0.009873584385405598
66683,8901,RES,2010-07-28,1,0,
66683,8901,RES,2010-10-27,1,0,
66683,8901,RES,2011-01-26,1,0,
66683,8901,RES,2011-07-27,1,0,
66683,8901,RES,2011-10-26,1,0,
66683,8901,RES,2012-01-25,1,1,
66683,8901,RES,2013-01-23,1,0,
66739,10221,SFY,2015-02-26,1,0,-0.01160676283530135
66739,10221,SFY,2015-05-07,1,0,-0.011208333912490433
66800,1487,AIG,2015-02-12,1,0,-0.00022768556097378916
66800,1487,AIG,2015-04-30,1,0,-0.0022206646054082433
66852,9125,RELL,2015-01-07,1,0,
66852,9125,RELL,2015-04-08,1,0,
67002,7107,MASC,2012-01-12,1,0,0.017434210248304355
67029,8087,ITI,2015-02-05,1,0,0.0031981077470384805
67193,9173,RBN,2011-01-07,1,0,0.02849659663903492
67193,9173,RBN,2011-10-06,1,0,0.0030510251898490663
67193,9173,RBN,2012-01-06,1,0,0.020249170855754204
67193,9173,RBN,2012-03-27,1,0,0.019208538150598455
67360,10999,UTL,2010-07-27,1,0,
67360,10999,UTL,2010-10-25,1,0,
67360,10999,UTL,2015-04-23,1,0,
67467,12123,BIG,2010-08-24,1,0,
67467,12123,BIG,2010-12-03,1,0,
67467,12123,BIG,2011-08-25,1,0,
67467,12123,BIG,2011-12-02,1,0,
67467,12123,BIG,2012-03-02,1,0,
67467,12123,BIG,2013-03-06,1,0,
67847,9273,RGLD,2015-01-28,1,0,-0.0009440006146960618
67847,9273,RGLD,2015-04-29,1,0,0.0053711964776903326
68144,10187,STI,2010-07-22,1,0,0.00391538086746455
68144,10187,STI,2010-10-21,1,0,0.004658827544627282
68144,10187,STI,2011-01-21,1,0,0.004722705407080668
68144,10187,STI,2011-07-22,1,0,-0.008182862933481076
68144,10187,STI,2011-10-21,1,0,-0.008734180572214959
68144,10187,STI,2012-01-20,1,0,-0.008093170369398226
68144,10187,STI,2013-01-18,1,0,0.0037500628823830093
68196,9317,SEIC,2010-07-21,1,0,-0.01372000716466897
68196,9317,SEIC,2010-10-20,1,0,-0.013333855872737508
68196,9317,SEIC,2011-01-26,1,0,-0.005540020516005696
68196,9317,SEIC,2011-04-27,1,0,0.0005570424389686208
68196,9317,SEIC,2011-07-21,1,0,-0.01857661989475895
68196,9317,SEIC,2011-10-19,1,0,-0.004109701133834047
68196,9317,SEIC,2012-01-25,1,0,-0.015731646197562697
68196,9317,SEIC,2012-05-02,1,0,
68196,9317,SEIC,2012-07-18,1,0,0.0006312981563186462
68196,9317,SEIC,2012-10-24,1,1,
68196,9317,SEIC,2013-04-24,1,0,
68196,9317,SEIC,2013-07-18,1,0,0.01236164740985729
68292,17115,SIGI,2010-07-28,1,0,0.00839449801325479
68292,17115,SIGI,2010-10-27,1,0,0.010713801282551387
68292,17115,SIGI,2011-07-27,1,0,0.007486577946182893
68292,17115,SIGI,2011-10-26,1,0,0.0024892012421123128
68292,17115,SIGI,2012-02-02,1,0,0.005559926912257046
68292,17115,SIGI,2013-01-31,1,0,0.009284042948002981
68320,3031,CHYR,2013-08-08,1,0,0.007420504071076447
68340,9340,VRX,2010-08-02,1,0,0.0014135542805933819
68591,9372,STJ,2015-01-28,1,0,-0.00620652156844274
68591,9372,STJ,2015-04-22,1,0,-0.0019672848466855027
68830,1864,REX,2015-03-25,1,0,0.013374812758475092
68830,1864,REX,2015-05-21,1,0,-0.004301408430749148
68857,12485,CVC,2015-02-25,1,0,
68857,12485,CVC,2015-05-04,1,0,
69032,12124,MS,2015-01-20,1,0,-0.010456070715640415
69032,12124,MS,2015-04-20,1,0,0.0053730927238231085
69199,9472,SHLM,2010-07-08,1,0,0.005400156636440983
69199,9472,SHLM,2010-10-25,1,0,0.006604369495705256
69199,9472,SHLM,2011-01-05,1,0,-0.00195987847827102
69199,9472,SHLM,2011-07-06,1,0,0.011476188244959655
69199,9472,SHLM,2011-10-26,1,0,0.001972151388859298
69199,9472,SHLM,2012-01-05,1,0,0.0016701107086523788
69199,9472,SHLM,2013-01-03,1,0,-0.0010187618324966506
69586,17184,SBCF,2010-07-22,1,0,
69586,17184,SBCF,2010-10-21,1,0,
69586,17184,SBCF,2011-01-26,1,0,
69586,17184,SBCF,2011-10-20,1,0,
69586,17184,SBCF,2012-01-26,1,0,
69586,17184,SBCF,2013-01-24,1,0,
69796,2710,STZ,2010-07-01,1,0,-0.0004226594713578752
69796,2710,STZ,2010-10-06,1,0,-0.0029793246376248507
70033,12389,HOG,2010-07-20,1,0,-0.009179251318338482
70033,12389,HOG,2010-10-19,1,0,-0.003610715948682175
70033,12389,HOG,2011-01-25,1,0,0.00024250802102299997
70033,12389,HOG,2011-07-19,1,0,0.01687431755084625
70033,12389,HOG,2011-10-18,1,0,0.0015787748363785947
70033,12389,HOG,2012-01-24,1,0,0.007444482928389836
70033,12389,HOG,2013-01-29,1,0,0.0069610146475445
70092,12689,KBH,2015-01-13,1,0,0.011419215157775234
70092,12689,KBH,2015-03-20,1,1,0.006246262819182868
70308,12950,ARG,2015-02-03,1,0,-0.011048462574066864
70308,12950,ARG,2015-04-30,1,0,-0.029176671175196033
70332,11923,APC,2010-11-01,1,0,-0.0010944092156274145
70332,11923,APC,2011-01-31,1,0,-0.003036592901710107
70332,11923,APC,2011-05-02,1,0,-0.004103846045750271
70332,11923,APC,2011-07-25,1,0,0.0007678771151586085
70332,11923,APC,2011-10-31,1,0,0.0029457093165966867
70332,11923,APC,2012-02-06,1,0,-0.004293957081515792
70332,11923,APC,2012-04-30,1,0,0.014524887638236054
70332,11923,APC,2012-07-30,1,0,0.014873139804531298
70332,11923,APC,2013-02-04,1,1,-0.0034094768754529235
70332,11923,APC,2013-05-06,1,1,0.005468371851068278
70332,11923,APC,2013-07-29,1,0,0.0034159938346571142
70332,11923,APC,2013-11-04,1,0,0.008383997265937993
70500,12756,CCE,2015-02-12,1,0,
70500,12756,CCE,2015-04-30,1,0,
70519,3243,C,2015-01-15,1,0,-0.007980178529108683
70519,3243,C,2015-04-16,1,0,0.01940710496846885
70536,9699,SIAL,2010-07-22,1,0,0.01402972264930839
70536,9699,SIAL,2010-10-21,1,0,0.0293580032880474
70536,9699,SIAL,2011-07-26,1,0,0.020236263552452435
70536,9699,SIAL,2011-10-25,1,0,0.009576974959822127
70536,9699,SIAL,2012-02-09,1,0,0.0010816837837990976
70536,9699,SIAL,2013-02-07,1,0,0.008986132851342303
70616,9715,SYMM,2011-10-26,1,0,0.00030741676930994173
70616,9715,SYMM,2012-01-25,1,1,0.011419852627926216
70616,9715,SYMM,2013-01-23,1,0,-0.01418272512833353
71175,12726,UNM,2015-02-03,1,0,-0.0020217165855874134
71175,12726,UNM,2015-04-29,1,0,-0.011454652059158127
71176,9815,SON,2013-02-13,1,0,0.005948486651712583
71191,12804,VSR,2013-02-11,1,0,
71271,1274,Y,2011-08-04,1,0,-0.042420520532400696
71271,1274,Y,2011-11-07,1,0,-0.013307412969985494
71271,1274,Y,2012-02-23,1,0,0.0030312880001422083
71271,1274,Y,2013-02-21,1,0,0.003326697959140052
71475,9849,AWR,2015-05-05,1,0,-0.015115956622443858
71563,11856,BBT,2010-07-22,1,0,0.0019366447911280437
71563,11856,BBT,2010-10-21,1,0,0.013778475579014321
71563,11856,BBT,2011-01-21,1,0,0.0011624537143785684
71563,11856,BBT,2011-07-21,1,0,0.0081935872896728
71563,11856,BBT,2011-10-20,1,1,0.005149880564200177
71563,11856,BBT,2012-01-19,1,0,0.008215443352376839
71563,11856,BBT,2013-01-17,1,0,0.003913696681077751
71985,9919,SPAR,2010-07-23,1,0,-0.0009316011925548894
71985,9919,SPAR,2011-07-26,1,0,0.006940896672671218
71985,9919,SPAR,2011-10-26,1,0,0.01119539811539745
71985,9919,SPAR,2012-02-14,1,0,-0.01284077336084346
72005,9921,SEH,2010-03-03,1,0,-0.0028500315206368854
72005,9921,SEH,2010-06-09,1,0,0.015508418177575664
72005,9921,SEH,2010-09-08,1,0,-0.05269147464576096
72005,9921,SEH,2010-12-13,1,0,0.007097698008587522
72005,9921,SEH,2011-03-07,1,0,0.00013416879611578315
72005,9921,SEH,2011-06-08,1,0,-0.033338858072459655
72128,9937,SPEC,2010-09-23,1,0,0.008909495925473562
72304,9969,STAA,2010-11-02,1,0,
72304,9969,STAA,2011-08-02,1,0,
72304,9969,STAA,2011-10-24,1,0,0.0037279333525429355
72304,9969,STAA,2012-03-06,1,0,
72696,10002,SPF,2010-07-29,1,0,-0.004852706045932168
72696,10002,SPF,2010-10-26,1,0,-0.0031993959624192093
72696,10002,SPF,2011-07-28,1,0,-0.004119516507161091
72696,10002,SPF,2011-10-27,1,0,-0.0015950388905424332
72696,10002,SPF,2013-01-31,1,0,0.017607956021521418
72726,10035,STT,2015-01-23,1,1,0.009987836479591687
72726,10035,STT,2015-04-24,1,0,0.003796239473952625
72996,11770,SF,2010-04-29,1,0,0.010909294130656794
72996,11770,SF,2010-08-09,1,0,0.007980964000318504
72996,11770,SF,2010-11-09,1,0,
72996,11770,SF,2011-02-15,1,0,
72996,11770,SF,2011-05-09,1,1,
72996,11770,SF,2011-08-08,1,0,
72996,11770,SF,2011-11-09,1,0,
72996,11770,SF,2012-02-15,1,0,
72996,11770,SF,2012-05-09,1,0,
72996,11770,SF,2012-08-08,1,1,
72996,11770,SF,2012-11-05,1,0,0.015048226490688852
72996,11770,SF,2013-02-25,1,0,
72996,11770,SF,2013-05-09,1,1,
72996,11770,SF,2013-08-08,1,0,
72996,11770,SF,2013-11-07,1,0,
73139,10115,SYK,2010-07-20,1,0,0.002742816538318778
73139,10115,SYK,2010-10-19,1,0,0.012695222756651994
73139,10115,SYK,2011-01-25,1,0,0.00820685051969592
73681,10200,SUPX,2010-05-12,1,0,
73681,10200,SUPX,2010-07-27,1,0,
73681,10200,SUPX,2010-10-26,1,0,
73681,10200,SUPX,2011-01-25,1,0,
73681,10200,SUPX,2011-07-26,1,0,
73681,10200,SUPX,2011-10-25,1,0,
73681,10200,SUPX,2012-01-24,1,0,
73681,10200,SUPX,2012-05-09,1,0,
73681,10200,SUPX,2012-07-24,1,0,
73681,10200,SUPX,2012-10-22,1,0,-0.011249815818776142
73681,10200,SUPX,2013-01-22,1,0,-0.020007218881270925
73681,10200,SUPX,2013-07-23,1,0,0.0024861222944122753
73681,10200,SUPX,2013-10-22,1,0,0.004507413319610328
73809,17233,SUSQ,2015-01-21,1,0,0.005641327708456271
73809,17233,SUSQ,2015-04-22,1,0,0.004335477022426067
74406,10297,TRR,2010-11-03,1,0,
74406,10297,TRR,2013-02-06,1,0,
74406,10297,TRR,2013-05-08,1,0,
74406,10297,TRR,2013-11-06,1,0,
75033,13354,VOXX,2010-07-12,1,0,
75033,13354,VOXX,2011-01-10,1,0,-0.0033888555636299392
75033,13354,VOXX,2012-01-09,1,0,
75033,13354,VOXX,2013-01-09,1,0,
75034,1976,BHI,2010-08-03,1,0,-0.0072624790780037255
75034,1976,BHI,2010-11-01,1,0,-0.008188338992294127
75034,1976,BHI,2011-01-25,1,0,-0.016808322619692284
75034,1976,BHI,2011-07-25,1,0,0.006371403312172439
75034,1976,BHI,2012-01-24,1,0,0.0026616971982722296
75034,1976,BHI,2013-01-23,1,0,-0.000942598499985927
75070,12471,INT,2015-04-30,1,1,0.0027618264224210515
75100,13646,TIF,2015-03-20,1,0,-0.014920528225557615
75100,13646,TIF,2015-05-27,1,0,-0.020199949338607685
75104,13714,CBSA,2013-02-14,1,0,0.00810803760693075
75175,13561,MBI,2015-05-11,1,0,-0.01049580484778301
75182,14311,PII,2015-01-27,1,0,-0.0009113306462461895
75182,14311,PII,2015-04-23,1,0,-0.013252906744781518
75186,13988,SCHW,2015-01-16,1,0,-0.003107520728215577
75186,13988,SCHW,2015-04-15,1,0,0.0054738872284707035
75215,13032,CSH,2015-01-29,1,0,0.0015692422849931317
75215,13032,CSH,2015-04-30,1,0,0.0025989004510368974
75222,12895,AXLL,2015-02-18,1,0,-0.002787066693931705
75222,12895,AXLL,2015-05-05,1,0,0.0026587770919229642
75224,12788,HAR,2015-01-29,1,0,0.014562909024054788
75224,12788,HAR,2015-04-30,1,0,0.0014775160415834068
75241,14359,PXD,2015-02-10,1,1,-0.0019546861305632865
75241,14359,PXD,2015-05-05,1,1,-0.002250929532592977
75257,10420,TLAB,2010-07-27,1,0,-0.0032212471187621633
75257,10420,TLAB,2010-10-26,1,0,-0.002205766139128351
75257,10420,TLAB,2011-01-25,1,0,-0.0009402773177532124
75257,10420,TLAB,2011-07-26,1,0,-0.0014488771080514839
75257,10420,TLAB,2011-10-25,1,0,-0.03202090310058917
75257,10420,TLAB,2012-01-31,1,0,-0.0057078714634479465
75257,10420,TLAB,2013-01-31,1,0,0.00592727843390622
75261,14163,MNI,2010-10-19,1,0,-0.014018326533403137
75261,14163,MNI,2011-07-28,1,0,0.0009923961843890132
75261,14163,MNI,2011-10-21,1,0,-0.00488526028968965
75261,14163,MNI,2012-02-07,1,0,0.006581273067144214
75261,14163,MNI,2013-02-07,1,0,-0.003621185851749526
75285,14370,MAN,2010-07-21,1,0,0.015894025590084408
75285,14370,MAN,2010-10-20,1,0,0.014238238424522867
75285,14370,MAN,2011-07-21,1,0,0.01940247076162379
75285,14370,MAN,2011-10-21,1,0,0.021048208599544593
75285,14370,MAN,2012-02-01,1,0,0.011256759060584915
75285,14370,MAN,2013-01-30,1,0,-0.0029981004365388277
75320,14369,USM,2010-08-05,1,0,-0.027620742716365193
75320,14369,USM,2010-11-04,1,0,-0.004512195837894459
75320,14369,USM,2011-08-08,1,0,-0.03742363893770613
75320,14369,USM,2012-02-24,1,0,-0.006148482901139068
75320,14369,USM,2013-02-26,1,0,-0.011697429089641763
75326,14793,ACI,2010-07-30,1,0,0.006616201602869166
75326,14793,ACI,2010-10-29,1,0,0.02291330062428186
75326,14793,ACI,2011-01-28,1,0,0.01601159987641822
75326,14793,ACI,2011-07-29,1,0,0.008843387179510236
75326,14793,ACI,2011-10-28,1,0,0.005333431009200743
75326,14793,ACI,2012-02-10,1,0,-0.005621097982893208
75326,14793,ACI,2013-02-05,1,0,-0.008796416410051303
75342,14790,MTH,2013-04-24,1,1,0.024886363223033364
75342,14790,MTH,2013-07-24,1,1,0.022469236131833534
75342,14790,MTH,2013-10-23,1,0,0.009246444833489052
75383,15106,BEC,2010-07-22,1,0,-0.030151930576836676
75383,15106,BEC,2010-10-27,1,0,-0.03453484086563947
75460,10441,TNC,2015-04-27,1,0,-0.011318984211079566
75470,13570,MIDD,2015-05-13,1,0,-0.0025528416039065967
75510,12540,ADBE,2015-03-17,1,0,-0.003797774618461657
75517,12625,MRTN,2010-07-20,1,0,0.015339846414325115
75526,13800,AFAM,2010-08-04,1,0,0.0015291363182527665
75526,13800,AFAM,2010-10-28,1,0,0.013927441547098681
75526,13800,AFAM,2011-08-03,1,0,-0.00477475446455577
75526,13800,AFAM,2011-11-02,1,0,-6.009825826178931e-05
75526,13800,AFAM,2013-02-27,1,0,0.0024103897853697542
75527,12868,ZQK,2015-03-17,1,0,0.0027783727884225437
75573,14624,ODP,2015-02-24,1,0,0.006865573708471939
75573,14624,ODP,2015-05-05,1,0,-0.0028269941100264734
75577,14324,ALTR,2010-07-20,1,0,0.0029153053656010034
75577,14324,ALTR,2010-10-19,1,0,0.00453582596835213
75577,14324,ALTR,2011-01-25,1,0,0.008289493667383956
75577,14324,ALTR,2011-07-19,1,0,0.010071421215037618
75577,14324,ALTR,2011-10-20,1,0,0.001121113648597137
75577,14324,ALTR,2012-01-24,1,0,0.004865294364330731
75577,14324,ALTR,2013-01-23,1,0,0.01055622407235202
75591,15267,IEX,2015-01-28,1,0,0.00237469209040925
75591,15267,IEX,2015-04-20,1,0,-0.01083693282479409
75596,12581,MAG,2015-03-12,1,0,0.007851932525120769
75596,12581,MAG,2015-05-07,1,0,-0.0007478877832046366
75603,16401,CRUS,2015-01-28,1,1,0.007865113365697049
75603,16401,CRUS,2015-04-28,1,1,0.0017989435305137604
75607,15855,SYMC,2010-05-05,1,0,
75607,15855,SYMC,2010-07-28,1,0,
75607,15855,SYMC,2010-10-27,1,0,
75607,15855,SYMC,2011-01-26,1,1,
75607,15855,SYMC,2011-05-11,1,1,
75607,15855,SYMC,2011-07-27,1,0,
75607,15855,SYMC,2011-10-26,1,0,
75607,15855,SYMC,2012-01-25,1,0,
75607,15855,SYMC,2012-05-02,1,0,
75607,15855,SYMC,2012-07-25,1,0,
75607,15855,SYMC,2012-10-24,1,0,
75607,15855,SYMC,2013-01-23,1,1,
75607,15855,SYMC,2013-05-07,1,1,
75607,15855,SYMC,2013-07-30,1,0,
75607,15855,SYMC,2013-10-23,1,0,
75646,15708,AGN,2015-02-04,1,0,0.007479207011356953
75654,16188,CGNX,2015-02-12,1,1,0.00961279015315706
75654,16188,CGNX,2015-05-04,1,1,-0.008956381071183067
75694,15414,TECH,2010-08-03,1,0,
75694,15414,TECH,2010-10-26,1,0,0.001317776418963584
75694,15414,TECH,2011-08-02,1,0,
75694,15414,TECH,2011-10-25,1,0,0.003529209171310699
75694,15414,TECH,2013-02-05,1,0,
75714,18549,CLRO,2012-03-29,1,0,
75730,15347,PRST,2010-03-10,1,0,
75730,15347,PRST,2010-08-09,1,0,-0.006231453177832849
75730,15347,PRST,2010-11-08,1,0,0.007831908606075567
75730,15347,PRST,2011-05-09,1,0,-0.0025045698811903237
75734,15291,HNR,2010-08-09,1,0,
75734,15291,HNR,2010-11-09,1,0,
75734,15291,HNR,2011-08-09,1,0,
75734,15291,HNR,2011-11-09,1,0,
75734,15291,HNR,2012-03-15,1,0,
75755,19807,USHS,2010-11-04,1,0,-0.000954960632763179
75755,19807,USHS,2011-08-11,1,0,0.004410290817333616
75755,19807,USHS,2011-11-10,1,0,
75825,16478,EOG,2010-08-05,1,0,0.0008780013784943502
75825,16478,EOG,2010-11-02,1,0,-0.0007615913394800758
75825,16478,EOG,2011-08-04,1,1,0.012314247663196522
75825,16478,EOG,2011-11-01,1,0,0.009597604080677696
75825,16478,EOG,2012-02-16,1,1,0.02211186256628985
75825,16478,EOG,2013-02-13,1,1,0.018749653293293707
75828,16721,EA,2015-01-27,1,1,0.01758111541635724
75828,16721,EA,2015-05-05,1,1,0.004239169312675928
75831,16710,DGII,2015-01-22,1,0,0.009580636710750932
75831,16710,DGII,2015-04-23,1,0,0.006641806483299299
75853,16531,ZIXI,2015-04-21,1,0,0.006339878820608808
75854,16597,LSCC,2010-04-22,1,0,0.00896716068690994
75854,16597,LSCC,2010-07-22,1,0,0.003121692565684922
75854,16597,LSCC,2010-10-21,1,0,-0.008167938670067697
75854,16597,LSCC,2011-04-21,1,0,0.011173368867006686
75854,16597,LSCC,2011-07-21,1,0,0.004352925444905522
75854,16597,LSCC,2011-10-20,1,0,0.006723136852790893
75854,16597,LSCC,2012-01-26,1,0,0.004101562986670113
75854,16597,LSCC,2012-04-19,1,0,0.00027981365153906257
75854,16597,LSCC,2012-07-19,1,0,-0.014478468363116356
75854,16597,LSCC,2012-10-18,1,0,-0.01033061347329584
75854,16597,LSCC,2013-01-24,1,0,-0.006339468836338838
75854,16597,LSCC,2013-04-18,1,1,0.0020462782979334803
75854,16597,LSCC,2013-07-25,1,0,0.011821223469327898
75854,16597,LSCC,2013-10-24,1,0,-3.901765648838332e-05
75856,17105,PBCI,2010-05-11,1,0,0.005064887783398233
75860,17101,IMGN,2015-01-30,1,0,
75860,17101,IMGN,2015-04-24,1,0,
75905,19402,GIII,2015-03-24,1,0,0.03208201415560163
75906,19428,GSBC,2010-07-22,1,0,0.010164980930101809
75906,19428,GSBC,2010-10-21,1,0,0.014905710817310326
75906,19428,GSBC,2011-07-26,1,0,0.007471750408063816
75906,19428,GSBC,2011-10-25,1,0,0.013596909168734884
75906,19428,GSBC,2012-01-24,1,0,0.018418628891375244
75906,19428,GSBC,2013-01-24,1,0,0.014450591468054087
75912,18699,PTC,2015-01-28,1,0,-0.003970805204469309
75912,18699,PTC,2015-04-29,1,0,0.004953556654067964
75976,16453,NEOG,2010-09-23,1,0,0.013473402260028983
75976,16453,NEOG,2011-07-26,1,0,
75976,16453,NEOG,2011-09-27,1,0,
75976,16453,NEOG,2011-12-22,1,0,
75976,16453,NEOG,2012-03-27,1,0,0.008043531800323855
75976,16453,NEOG,2013-03-26,1,0,0.00936863842595003
76020,165179,SURG,2012-03-12,1,0,0.01449472420349534
76020,165179,SURG,2012-06-11,1,0,-0.020804138773820702
76020,165179,SURG,2012-10-01,1,0,-0.025945702273811065
76020,165179,SURG,2012-12-10,1,0,0.011216796891114739
76020,165179,SURG,2013-03-12,1,0,-0.0774915810585178
76020,165179,SURG,2013-06-10,1,0,0.012924254497421805
76037,17762,CBC,2010-08-16,1,0,-0.018851624279035584
76037,17762,CBC,2010-11-15,1,0,-0.01199044683765176
76076,20779,CSCO,2010-02-03,1,0,0.0056883792710261585
76076,20779,CSCO,2010-05-12,1,0,-0.002130878066780086
76076,20779,CSCO,2010-08-11,1,0,-0.006395611708233821
76076,20779,CSCO,2010-11-10,1,0,-0.0025179530599934424
76076,20779,CSCO,2011-02-09,1,0,-0.008991613480322342
76076,20779,CSCO,2011-05-11,1,0,-0.008305106599675892
76076,20779,CSCO,2011-08-10,1,0,-0.008003370143929408
76076,20779,CSCO,2011-11-09,1,0,-0.007706478055183567
76076,20779,CSCO,2012-02-08,1,0,0.007651126516055633
76076,20779,CSCO,2012-05-09,1,0,-0.009275419543808021
76076,20779,CSCO,2012-08-15,1,1,-0.010780909571195799
76076,20779,CSCO,2012-11-13,1,1,-0.012187211665239473
76076,20779,CSCO,2013-02-13,1,1,-0.002420243717036495
76076,20779,CSCO,2013-05-15,1,1,-0.00649371413192442
76076,20779,CSCO,2013-08-14,1,0,-0.005078886187135208
76076,20779,CSCO,2013-11-13,1,0,-0.012891587206356104
76081,10549,THO,2010-09-28,1,0,
76081,10549,THO,2010-11-29,1,0,
76081,10549,THO,2011-09-28,1,1,
76081,10549,THO,2011-11-28,1,0,
76081,10549,THO,2012-03-08,1,0,-0.001879026801550705
76081,10549,THO,2013-03-07,1,0,0.022387935005881696
76082,20548,COG,2010-07-22,1,0,-0.0027809319707665908
76082,20548,COG,2011-07-27,1,0,0.0028765694412564444
76082,20548,COG,2011-10-26,1,0,-0.006073161842715818
76082,20548,COG,2013-02-21,1,0,0.0076000866698641934
76095,20904,HOLX,2010-08-02,1,0,-0.0049498218109815875
76095,20904,HOLX,2010-11-08,1,0,0.0015578872400622478
76095,20904,HOLX,2011-01-31,1,0,0.012026914951625542
76095,20904,HOLX,2011-08-01,1,0,0.009551858139929013
76095,20904,HOLX,2011-11-07,1,0,0.010702669730139301
76095,20904,HOLX,2012-01-30,1,1,0.006819309883789046
76095,20904,HOLX,2013-02-04,1,0,0.016364800823438296
76100,10550,THOR,2010-07-29,1,0,0.003978045552571016
76100,10550,THOR,2010-10-28,1,0,-0.001088767172765662
76100,10550,THOR,2011-01-27,1,0,0.002235410130340348
76100,10550,THOR,2011-08-03,1,0,0.004595039574404384
76100,10550,THOR,2011-11-01,1,1,-0.0005757559284963552
76100,10550,THOR,2012-02-08,1,1,0.009318389426698036
76100,10550,THOR,2013-02-05,1,0,0.005356566847920241
76127,21237,TTI,2010-11-05,1,0,-0.021446658800210246
76127,21237,TTI,2011-08-05,1,0,-0.005119403742481481
76127,21237,TTI,2011-11-04,1,0,-0.01738886891946658
76127,21237,TTI,2012-02-28,1,0,0.006187665561446516
76127,21237,TTI,2013-02-28,1,0,0.006784098462548276
76128,21238,VICR,2012-02-22,1,0,-0.007049446018992761
76135,21429,GVA,2015-02-27,1,0,0.000665279855533699
76135,21429,GVA,2015-05-05,1,0,-0.008453059838982362
76136,21503,KMPR,2015-02-05,1,0,-0.0014611516973280798
76136,21503,KMPR,2015-05-07,1,0,0.003924475743061269
76138,21487,BEAV,2015-01-29,1,0,-0.001620839613645883
76138,21487,BEAV,2015-04-23,1,0,0.012648179593448602
76148,16650,RTI,2015-02-11,1,0,0.008743510119827515
76148,16650,RTI,2015-04-28,1,0,0.020684647203185802
76149,9359,SWY,2011-02-24,1,0,-0.0026115643856273393
76149,9359,SWY,2011-04-28,1,0,-0.004739652563170686
76149,9359,SWY,2011-07-21,1,0,-0.004178696564297906
76149,9359,SWY,2011-10-13,1,0,0.0003764372771768382
76149,9359,SWY,2012-02-23,1,0,0.006873483738295794
76149,9359,SWY,2012-04-26,1,0,-0.007009235252504823
76149,9359,SWY,2012-07-19,1,0,0.0027156598510042866
76149,9359,SWY,2012-10-11,1,0,-0.007636000509540499
76149,9359,SWY,2013-02-21,1,0,0.006548615470220817
76149,9359,SWY,2013-04-25,1,0,0.0004513937753747206
76149,9359,SWY,2013-07-18,1,0,0.011937232767873455
76149,9359,SWY,2013-10-10,1,0,-0.003606106770844072
76185,10789,TYL,2015-04-22,1,0,0.016767653694170645
76201,22325,XLNX,2010-07-21,1,0,0.005940404172215146
76201,22325,XLNX,2010-10-20,1,0,0.005309772784859817
76201,22325,XLNX,2011-01-19,1,0,0.012875818166064338
76201,22325,XLNX,2011-07-20,1,1,0.011924691118715226
76201,22325,XLNX,2011-10-19,1,1,0.003206727724413773
76201,22325,XLNX,2012-01-18,1,1,0.0017999114806710667
76201,22325,XLNX,2013-01-17,1,0,0.011995352234495136
76207,22461,ACAT,2015-01-28,1,0,-0.025263265135253545
76207,22461,ACAT,2015-05-13,1,0,-0.024116624657539623
76215,20204,ICON,2010-07-27,1,0,0.009015164954078331
76215,20204,ICON,2011-07-27,1,0,0.013816017062358512
76215,20204,ICON,2012-02-22,1,0,
76215,20204,ICON,2013-02-20,1,1,
76218,8638,PLA,2010-08-05,1,0,
76218,8638,PLA,2010-11-09,1,0,
76224,23084,BHE,2010-07-29,1,0,0.0023626796475842097
76224,23084,BHE,2010-10-26,1,0,0.007905489651502192
76224,23084,BHE,2011-07-28,1,0,-0.0022914677532464775
76224,23084,BHE,2011-10-27,1,0,-0.020950463918601267
76224,23084,BHE,2012-02-02,1,0,0.010068845850182865
76224,23084,BHE,2013-02-04,1,0,-0.014031848212394506
76226,13714,CBS,2010-08-03,1,0,0.005991990532209538
76226,13714,CBS,2010-11-04,1,0,0.013450560387101355
76226,13714,CBS,2011-08-02,1,0,0.012436826006020807
76226,13714,CBS,2011-11-03,1,0,0.0030445760094622446
76226,13714,CBS,2012-02-15,1,0,0.005066250524483506
76226,13714,CBS,2013-02-14,1,0,0.00810803760693075
76230,22815,TRMB,2010-07-27,1,0,-0.007466841883564808
76230,22815,TRMB,2010-11-02,1,0,-0.0005488219810450418
76230,22815,TRMB,2011-08-02,1,0,-0.0010743122996424385
76230,22815,TRMB,2011-11-01,1,0,-0.003159280401897913
76230,22815,TRMB,2012-02-02,1,0,
76230,22815,TRMB,2013-02-05,1,0,0.005736207978020219
76274,3581,CRDA,2010-08-09,1,0,
76274,3581,CRDA,2010-11-04,1,0,
76274,3581,CRDA,2011-11-07,1,0,
76279,23195,MTRX,2010-11-05,1,0,0.0039929110614289505
76279,23195,MTRX,2011-09-07,1,0,0.010665651877416056
76279,23195,MTRX,2011-11-02,1,0,0.00871272368269794
76279,23195,MTRX,2012-02-08,1,0,0.012513351843600553
76282,9063,AN,2010-07-22,1,0,0.006817890927946205
76282,9063,AN,2010-10-28,1,0,0.012347097421490021
76282,9063,AN,2011-07-27,1,0,0.006939347050956669
76282,9063,AN,2011-10-20,1,0,-0.00025391380071751197
76282,9063,AN,2012-01-26,1,0,0.01668933461408748
76282,9063,AN,2013-01-31,1,0,0.02783083102968229
76331,17780,WCBO,2010-07-16,1,0,0.01762664442450218
76331,17780,WCBO,2010-10-22,1,0,0.01406606126905217
76331,17780,WCBO,2011-01-28,1,0,
76331,17780,WCBO,2011-07-29,1,0,-0.004936908492561499
76331,17780,WCBO,2011-10-28,1,0,-0.011205055251712599
76331,17780,WCBO,2012-01-27,1,0,-0.011969428671394411
76359,18560,OUTD,2010-08-05,1,0,-0.014614155036850951
76359,18560,OUTD,2010-11-03,1,0,-0.014792986190169099
76367,22308,ATSI,2010-08-11,1,0,
76383,21776,AVNR,2011-08-08,1,0,-0.0055774843520815034
76383,21776,AVNR,2011-12-12,1,0,0.006275863403613605
76383,21776,AVNR,2012-02-07,1,0,0.004188827664748207
76383,21776,AVNR,2013-02-07,1,0,0.011614512903139574
76477,23220,ATK,2010-08-05,1,0,0.019482851074283616
76477,23220,ATK,2010-11-04,1,0,0.015028113363827554
76477,23220,ATK,2011-08-04,1,0,-0.002665986060131043
76477,23220,ATK,2011-11-03,1,0,-0.0029792222097046826
76477,23220,ATK,2012-02-02,1,0,-0.007283417083779558
76477,23220,ATK,2013-02-05,1,0,0.0052426975417676925
76489,6836,LUFK,2010-07-21,1,0,
76489,6836,LUFK,2010-10-20,1,0,
76489,6836,LUFK,2011-07-20,1,0,
76489,6836,LUFK,2011-10-19,1,0,
76489,6836,LUFK,2012-02-09,1,0,
76489,6836,LUFK,2013-02-14,1,0,
76504,23500,CATY,2010-07-27,1,0,0.00419544136610191
76504,23500,CATY,2010-10-26,1,0,0.005892040402015848
76504,23500,CATY,2011-01-24,1,0,0.006798583306773339
76504,23500,CATY,2011-07-20,1,0,0.006039888933214241
76504,23500,CATY,2011-10-19,1,0,0.008111050813524595
76504,23500,CATY,2012-01-23,1,0,0.007770009679191022
76504,23500,CATY,2013-01-23,1,0,0.008632473325197874
76515,23485,CVA,2010-07-22,1,0,0.003793081614860441
76515,23485,CVA,2010-10-20,1,0,-0.017579106490174516
76515,23485,CVA,2011-07-20,1,1,-0.011254257579149085
76515,23485,CVA,2011-10-19,1,0,-0.0016900549489836832
76515,23485,CVA,2012-02-08,1,0,-0.006983726146964284
76515,23485,CVA,2012-04-18,1,0,-0.004431727190443562
76515,23485,CVA,2012-07-18,1,0,-0.007935809642505905
76515,23485,CVA,2012-10-17,1,1,-0.0267379016747473
76515,23485,CVA,2013-02-06,1,0,-0.03208058101742845
76515,23485,CVA,2013-04-17,1,0,-0.0037448007815204312
76515,23485,CVA,2013-07-17,1,0,0.0041696338055769245
76515,23485,CVA,2013-10-23,1,0,-0.03399322713093248
76553,23577,TBAC,2010-11-10,1,0,-0.028076991349345118
76568,23697,SONC,2015-01-06,1,0,0.008619521477585573
76568,23697,SONC,2015-03-24,1,0,0.01313448143916579
76573,15343,MLI,2010-07-20,1,0,-0.0023628610077945453
76573,15343,MLI,2010-10-19,1,0,0.0019136578911002648
76573,15343,MLI,2011-07-26,1,0,0.007161354724453423
76573,15343,MLI,2011-10-25,1,0,-0.0012156312668003214
76573,15343,MLI,2012-02-07,1,0,-0.0056144815173683645
76573,15343,MLI,2013-02-05,1,0,0.0035513992104620282
76582,23753,DORM,2010-04-27,1,0,0.009059013853588094
76582,23753,DORM,2010-07-27,1,0,0.005497473993935001
76582,23753,DORM,2010-10-26,1,0,0.004734764148157615
76582,23753,DORM,2011-04-26,1,0,0.009219627995812196
76582,23753,DORM,2011-07-26,1,0,-0.004187578988838557
76582,23753,DORM,2011-10-25,1,0,-0.0013373757377113347
76582,23753,DORM,2012-05-01,1,0,0.01064106078790356
76582,23753,DORM,2012-07-31,1,0,0.003431189476077361
76582,23753,DORM,2013-04-30,1,1,0.0019320369191273088
76582,23753,DORM,2013-10-29,1,0,0.0042270781349061474
76584,23767,ATML,2010-08-04,1,0,
76584,23767,ATML,2010-11-04,1,0,
76584,23767,ATML,2011-08-03,1,0,
76584,23767,ATML,2011-11-01,1,1,
76584,23767,ATML,2012-02-08,1,0,
76584,23767,ATML,2013-02-06,1,0,
76591,7526,QDEL,2011-04-28,1,0,0.012126115903984765
76591,7526,QDEL,2011-08-02,1,0,0.004466551975145068
76591,7526,QDEL,2011-10-25,1,0,0.008379936993008395
76591,7526,QDEL,2012-02-29,1,0,0.007356991646972001
76591,7526,QDEL,2012-04-25,1,0,0.0026692340457886475
76591,7526,QDEL,2012-07-25,1,0,0.004650383294947009
76591,7526,QDEL,2012-10-23,1,0,0.004671762512318144
76591,7526,QDEL,2013-02-12,1,1,0.005849119393318636
76591,7526,QDEL,2013-04-23,1,0,0.003823301409989557
76591,7526,QDEL,2013-07-30,1,0,-0.00775034897445772
76591,7526,QDEL,2013-10-23,1,0,0.004975969873922947
76614,23812,REGN,2010-07-28,1,0,0.005048232187159501
76614,23812,REGN,2010-10-28,1,0,4.5130849771223e-05
76614,23812,REGN,2011-07-28,1,0,0.003124871727509186
76614,23812,REGN,2011-10-27,1,0,-0.003341654926343099
76614,23812,REGN,2012-02-13,1,0,-0.0015154345695122477
76614,23812,REGN,2013-02-14,1,0,0.004656568228468199
76624,23943,PMCS,2015-01-29,1,0,-0.0019248269105445418
76624,23943,PMCS,2015-04-27,1,0,-0.007380477610231081
76625,23945,CEPH,2010-07-27,1,0,0.00800285107508098
76625,23945,CEPH,2010-10-28,1,0,0.01213193680649171
76625,23945,CEPH,2011-08-02,1,0,0.006357103511580148
76638,24032,JNY,2010-07-28,1,0,0.0009680267694346534
76638,24032,JNY,2010-10-27,1,0,-0.0022408545467261717
76638,24032,JNY,2011-07-27,1,0,-0.00858777589720349
76638,24032,JNY,2011-10-26,1,0,-0.0027995471485911753
76638,24032,JNY,2012-02-08,1,0,-0.009662771880265873
76638,24032,JNY,2013-02-13,1,0,-0.001476190482952399
76639,10631,TSS,2015-01-27,1,0,0.0066509026350361775
76639,10631,TSS,2015-04-28,1,0,-0.00471027019598
76644,23978,X,2010-07-27,1,0,0.015566169158460628
76644,23978,X,2010-10-26,1,0,0.006288385002807145
76644,23978,X,2011-01-25,1,0,0.00821750714095515
76644,23978,X,2011-07-25,1,0,
76644,23978,X,2011-10-25,1,0,0.0037159670118302643
76644,23978,X,2012-01-31,1,0,0.015036757406294952
76644,23978,X,2013-01-29,1,0,0.011321393869205429
76671,21828,ANN,2010-08-20,1,0,0.019417093733385696
76671,21828,ANN,2010-11-19,1,0,0.012847745734121863
76671,21828,ANN,2011-08-19,1,1,-0.0015656741221975277
76671,21828,ANN,2011-11-18,1,1,0.0038120763960297803
76671,21828,ANN,2012-03-09,1,0,0.007252377079452492
76671,21828,ANN,2013-03-08,1,0,-0.01000422729714877
76686,24099,LCUT,2015-05-07,1,0,-0.008312134521888918
76695,24113,PNRA,2010-02-11,1,0,0.002204356682285141
76695,24113,PNRA,2010-04-27,1,0,0.009893824410775125
76695,24113,PNRA,2010-07-27,1,0,0.00107190562427892
76695,24113,PNRA,2010-10-26,1,0,0.006180027109696989
76695,24113,PNRA,2011-02-10,1,0,0.0029492890035863867
76695,24113,PNRA,2011-04-26,1,0,0.008146186989827232
76695,24113,PNRA,2011-07-26,1,0,-0.005042346922193235
76695,24113,PNRA,2011-10-25,1,0,0.0006650892587030909
76695,24113,PNRA,2012-02-07,1,0,-0.002514448862509103
76695,24113,PNRA,2012-04-24,1,0,-0.0016487521027306069
76695,24113,PNRA,2012-07-24,1,1,0.0027567801463792042
76695,24113,PNRA,2012-10-23,1,1,0.0010253351208208208
76695,24113,PNRA,2013-02-05,1,0,-0.0004405169815936052
76695,24113,PNRA,2013-04-23,1,1,-0.021676296703863084
76695,24113,PNRA,2013-07-23,1,1,-0.010290953790505679
76695,24113,PNRA,2013-10-22,1,1,-0.0017297940850422543
76697,29710,HNT,2015-02-10,1,0,0.0037739942202676654
76697,29710,HNT,2015-05-04,1,0,
76708,3905,DV,2015-02-05,1,0,-0.002479904466108301
76708,3905,DV,2015-04-23,1,0,0.0013850548581613165
76709,24197,IDXX,2010-07-23,1,0,-0.013464175098501974
76709,24197,IDXX,2010-10-22,1,0,-0.007805460060839131
76709,24197,IDXX,2011-01-28,1,0,-0.007402436423253165
76709,24197,IDXX,2011-07-22,1,0,0.0014399026640502842
76709,24197,IDXX,2011-10-21,1,1,-0.006206996464652639
76709,24197,IDXX,2012-01-27,1,1,0.005300810243285111
76709,24197,IDXX,2013-01-29,1,0,-0.007170524303849736
76711,9023,RGS,2015-01-29,1,0,-0.0044499427185664495
76711,9023,RGS,2015-04-30,1,0,-0.0017487765165773404
76712,24216,AES,2015-02-26,1,0,
76712,24216,AES,2015-05-11,1,0,
76722,24233,STFC,2015-02-19,1,0,
76722,24233,STFC,2015-04-30,1,0,
76732,24291,DIN,2010-03-03,1,0,
76732,24291,DIN,2010-05-04,1,0,
76732,24291,DIN,2010-07-29,1,0,0.0069872451532903305
76732,24291,DIN,2010-11-02,1,0,-0.00036674314045705494
76732,24291,DIN,2011-03-03,1,0,0.00593817354369222
76732,24291,DIN,2011-05-03,1,0,-0.007299747424203425
76732,24291,DIN,2011-08-02,1,0,-0.05085530086725542
76732,24291,DIN,2011-11-03,1,0,-0.018323454832172938
76744,24344,VRTX,2015-01-28,1,0,-0.0034733996570845173
76744,24344,VRTX,2015-04-29,1,1,0.0003717279528242957
76752,24352,PRGS,2010-06-22,1,0,-0.01362677351616246
76752,24352,PRGS,2010-09-21,1,0,-0.016182165556519815
76752,24352,PRGS,2010-12-21,1,0,-0.0023050635603611425
76752,24352,PRGS,2011-03-28,1,1,-0.004935807462823332
76752,24352,PRGS,2011-06-28,1,0,-0.016513368617114
76752,24352,PRGS,2015-01-13,1,0,-0.0015063909012426099
76752,24352,PRGS,2015-04-01,1,0,-0.0004646342028115629
76788,24396,HWAY,2015-02-24,1,0,0.007319415201133462
76788,24396,HWAY,2015-04-23,1,0,0.007235239483864292
76795,24405,ZBRA,2010-08-05,1,0,0.0029674429574722645
76795,24405,ZBRA,2010-11-04,1,0,0.0033739818093638674
76795,24405,ZBRA,2011-08-04,1,0,0.0002713461642346385
76795,24405,ZBRA,2011-11-08,1,1,
76795,24405,ZBRA,2012-02-14,1,0,0.008912234663504513
76795,24405,ZBRA,2013-02-12,1,0,-0.010984995451497883
76798,24430,EZPW,2010-07-22,1,0,-0.0012118140266313224
76798,24430,EZPW,2010-11-04,1,0,0.0032215629378414927
76798,24430,EZPW,2011-01-20,1,0,0.0025298061845555825
76798,24430,EZPW,2011-07-21,1,1,0.0038394412684811096
76798,24430,EZPW,2011-11-08,1,1,0.013802473014403353
76798,24430,EZPW,2012-01-19,1,1,-0.0007467377669557133
76798,24430,EZPW,2013-01-22,1,0,-0.00954223719065282
76804,24379,MTG,2010-07-20,1,0,-0.0001441204103371221
76804,24379,MTG,2010-10-19,1,0,0.00568128807554139
76804,24379,MTG,2011-01-19,1,0,0.0020275410604301347
76804,24379,MTG,2011-07-18,1,0,0.0009548063907246903
76804,24379,MTG,2011-10-21,1,1,0.00653358835573573
76804,24379,MTG,2012-01-24,1,1,0.00507093823392906
76804,24379,MTG,2013-02-28,1,0,0.0008415617826622746
76837,24021,HAE,2011-01-31,1,0,0.002148155687498111
76837,24021,HAE,2011-08-01,1,0,-0.011476996813852605
76837,24021,HAE,2011-10-31,1,0,-0.0050616411117762
76837,24021,HAE,2012-01-30,1,1,-0.011005356879353062
76837,24021,HAE,2013-01-30,1,0,-0.010451731373944001
76838,24440,PRA,2010-08-04,1,0,-0.0016485980400873582
76838,24440,PRA,2010-11-03,1,0,0.0010909368762416598
76838,24440,PRA,2011-08-03,1,1,0.0028807052784678654
76838,24440,PRA,2011-11-02,1,0,
76838,24440,PRA,2012-02-22,1,1,0.003005466285655922
76838,24440,PRA,2013-02-19,1,0,0.005860628538979799
76841,24468,BIIB,2015-01-29,1,0,-0.00194352824587604
76841,24468,BIIB,2015-04-24,1,0,-0.0009607800241909657
76847,24483,BONT,2015-03-12,1,0,0.004891394307330762
76847,24483,BONT,2015-05-21,1,0,0.0021699969880061808
76858,23062,JOEZ,2010-04-08,1,0,
76858,23062,JOEZ,2010-10-14,1,0,
76858,23062,JOEZ,2011-02-10,1,0,
76868,21542,AAON,2010-03-15,1,0,
76868,21542,AAON,2010-05-06,1,0,
76868,21542,AAON,2010-08-06,1,0,
76868,21542,AAON,2011-05-05,1,0,
76868,21542,AAON,2011-08-04,1,0,
76868,21542,AAON,2011-11-08,1,0,
76868,21542,AAON,2012-05-08,1,0,0.011876728586912813
76868,21542,AAON,2013-03-14,1,0,0.005234163923630547
76868,21542,AAON,2013-05-09,1,0,0.009951824047214501
76868,21542,AAON,2013-11-07,1,0,0.005999765660078234
76888,24005,AXAS,2015-03-04,1,0,0.0013512653365598927
76888,24005,AXAS,2015-05-07,1,0,-0.0035524976859178034
76892,24447,BOKF,2015-01-28,1,0,0.010925228016022666
76892,24447,BOKF,2015-04-29,1,0,0.016493074180577445
76927,5559,STRL,2015-03-16,1,0,-0.017871516588935273
76927,5559,STRL,2015-05-11,1,0,-0.03330233778197979
76978,23898,RTK,2015-05-11,1,0,0.002628180274969156
76980,24304,ROCM,2010-07-29,1,0,-0.007335318778412807
76980,24304,ROCM,2010-11-04,1,0,-0.0003622356310932747
76980,24304,ROCM,2011-01-25,1,0,-0.007069800890788012
76980,24304,ROCM,2011-07-28,1,0,0.0007717573419947221
76980,24304,ROCM,2012-01-25,1,0,0.0051794978345357165
76980,24304,ROCM,2013-01-29,1,0,0.013486829051935358
77007,24234,VVTV,2011-03-17,1,0,-0.008952979670259903
77007,24234,VVTV,2011-05-11,1,0,0.013623492012398219
77007,24234,VVTV,2011-08-16,1,0,-0.01146374886770213
77007,24234,VVTV,2011-11-16,1,0,-0.04021667773921464
77007,24234,VVTV,2012-03-15,1,0,-0.034261845271508475
77007,24234,VVTV,2012-05-16,1,0,-0.03962181364526667
77007,24234,VVTV,2013-03-06,1,0,-0.005573309881088803
77007,24234,VVTV,2013-05-22,1,1,-0.0015075679329830845
77007,24234,VVTV,2013-08-21,1,0,-0.011220062043988203
77007,24234,VVTV,2013-11-20,1,0,-0.010650669116267315
77037,24617,ODFL,2015-02-05,1,0,0.010742730376267377
77037,24617,ODFL,2015-04-30,1,0,-0.0035290650243127684
77043,24547,SWS,2010-08-30,1,0,-0.0005216693309475825
77043,24547,SWS,2010-11-02,1,0,-0.00127591358510213
77043,24547,SWS,2011-08-29,1,0,0.01699230707122611
77043,24547,SWS,2011-11-08,1,0,0.010948556478208684
77043,24547,SWS,2012-02-07,1,1,0.007140992695422695
77043,24547,SWS,2013-02-06,1,0,0.00933713787317592
77114,24725,WRLD,2010-07-27,1,0,0.005626179300381513
77114,24725,WRLD,2010-10-26,1,0,0.0156096107431566
77114,24725,WRLD,2011-01-27,1,0,0.007788223215025862
77114,24725,WRLD,2011-07-27,1,0,0.01095467217958863
77114,24725,WRLD,2011-10-27,1,0,0.009531485434756959
77114,24725,WRLD,2012-01-25,1,1,0.007813932645961091
77114,24725,WRLD,2013-01-30,1,0,0.008620295705047255
77114,24725,WRLD,2015-01-29,1,0,-0.00993685177172702
77114,24725,WRLD,2015-04-30,1,0,-0.009072550971811326
77117,24720,WNC,2010-02-08,1,0,-0.0038365185419736852
77117,24720,WNC,2010-05-04,1,0,0.0058883437118584766
77117,24720,WNC,2010-08-03,1,0,0.014990585774588219
77117,24720,WNC,2010-11-02,1,0,0.02138284980034212
77117,24720,WNC,2011-02-08,1,1,0.031142900183401476
77117,24720,WNC,2011-05-03,1,0,0.014914456279567695
77117,24720,WNC,2011-08-02,1,0,-0.000488515487599637
77117,24720,WNC,2011-11-01,1,0,0.0029307164785601727
77117,24720,WNC,2013-02-05,1,0,0.016483751405749647
77117,24720,WNC,2013-04-30,1,0,0.008281637341949751
77117,24720,WNC,2013-07-30,1,0,0.005929269627070155
77117,24720,WNC,2013-10-29,1,0,0.01155801525543031
77173,24803,VTSS,2013-05-07,1,0,0.010760545933588475
77173,24803,VTSS,2013-08-06,1,0,0.008940453388322327
77178,24800,QCOM,2010-07-21,1,0,0.023034151306073503
77178,24800,QCOM,2010-11-03,1,0,0.005532745484444656
77178,24800,QCOM,2011-01-26,1,0,0.02579941000254326
77178,24800,QCOM,2011-07-20,1,0,0.021429807714449987
77178,24800,QCOM,2011-11-02,1,1,0.006583032609535063
77178,24800,QCOM,2012-02-01,1,0,0.023168159100841898
77178,24800,QCOM,2013-01-30,1,0,0.03043270333550497
77191,24783,TTEK,2015-01-28,1,0,0.010753124744463455
77191,24783,TTEK,2015-04-29,1,0,0.014303373898024552
77205,20245,ONTY,2010-08-05,1,0,-0.006854038928202693
77205,20245,ONTY,2010-11-08,1,0,0.0014810126694760227
77205,20245,ONTY,2011-08-08,1,0,-0.008168562664687094
77205,20245,ONTY,2011-11-08,1,0,-0.007615999099570553
77205,20245,ONTY,2012-03-06,1,0,
77205,20245,ONTY,2013-03-14,1,0,-0.0012934348881750435
77208,24710,BSTC,2010-08-06,1,0,-0.006859340765657605
77208,24710,BSTC,2010-11-08,1,0,-0.003304928415132552
77208,24710,BSTC,2011-08-09,1,0,0.000330958160876485
77208,24710,BSTC,2013-03-12,1,0,
77236,19433,PHX,2010-08-06,1,0,
77256,23111,MSFG,2015-01-28,1,0,0.011049669058657646
77256,23111,MSFG,2015-04-23,1,0,0.0164244647391283
77264,24843,AMLN,2010-07-21,1,0,-0.003104531828551943
77264,24843,AMLN,2010-11-04,1,0,-0.025675356642456564
77264,24843,AMLN,2011-01-26,1,0,0.0016044564425993085
77264,24843,AMLN,2011-07-26,1,0,-0.010039659053759786
77264,24843,AMLN,2011-10-19,1,1,-0.015430949904244042
77264,24843,AMLN,2012-02-06,1,0,0.0041754069002530765
77271,24853,SPNC,2015-02-19,1,0,-0.00457882284625419
77271,24853,SPNC,2015-04-23,1,0,-0.01885664904202839
77274,24856,GILD,2015-02-03,1,1,-0.0011255835955122613
77274,24856,GILD,2015-04-30,1,0,-0.003982287619306586
77279,24888,ABAX,2010-07-29,1,0,0.0054961964564581
77279,24888,ABAX,2010-10-26,1,0,0.001872069142623051
77279,24888,ABAX,2011-07-28,1,1,-0.002975435136058446
77279,24888,ABAX,2011-10-25,1,0,0.0024590880998058597
77279,24888,ABAX,2012-01-26,1,1,0.003178125438744482
77279,24888,ABAX,2013-01-31,1,0,0.0036614506817130364
77281,24893,WFMI,2010-08-03,1,0,0.007418188286632988
77292,24878,PDLI,2010-07-28,1,0,0.007695789223399855
77292,24878,PDLI,2010-11-10,1,0,0.003988438226183886
77292,24878,PDLI,2011-07-27,1,0,0.001457012665958414
77292,24878,PDLI,2011-11-09,1,0,0.009205440960854176
77292,24878,PDLI,2012-02-23,1,0,0.005425065330921097
77292,24878,PDLI,2013-03-01,1,0,
77300,20185,SMG,2010-08-10,1,0,0.0019961805710509237
77300,20185,SMG,2010-11-04,1,0,-5.572093448207201e-06
77300,20185,SMG,2011-01-28,1,0,-0.02180443485662567
77300,20185,SMG,2011-08-08,1,0,-0.047425610836197646
77300,20185,SMG,2011-11-08,1,0,-0.050110363745013826
77300,20185,SMG,2012-02-07,1,0,-0.016316870717439654
77300,20185,SMG,2013-02-06,1,0,
77327,24912,ACFN,2010-08-12,1,0,-0.027820275468068124
77327,24912,ACFN,2010-11-10,1,0,
77327,24912,ACFN,2011-08-09,1,0,-0.007055453703407074
77327,24912,ACFN,2012-03-15,1,0,-0.007601191517871909
77338,24925,ROP,2010-07-26,1,0,0.014844278185168666
77338,24925,ROP,2010-10-25,1,0,0.017733025621716518
77338,24925,ROP,2011-01-31,1,0,0.012864549846459749
77338,24925,ROP,2011-07-25,1,0,0.02964895241375725
77338,24925,ROP,2011-10-24,1,0,0.020345925199978236
77354,9466,SCHL,2010-09-23,1,0,-0.0011834629557377439
77354,9466,SCHL,2010-12-16,1,0,-0.003917769815629241
77354,9466,SCHL,2011-07-21,1,0,0.015520119933169913
77354,9466,SCHL,2011-09-22,1,0,0.0011226475113703714
77354,9466,SCHL,2011-12-15,1,0,0.020982582048189088
77354,9466,SCHL,2012-03-15,1,0,0.02733298230849255
77354,9466,SCHL,2013-03-21,1,0,-0.032963473910292446
77357,24975,SNPS,2010-08-18,1,0,-0.008030002090086485
77357,24975,SNPS,2011-08-17,1,1,-0.008452361488860964
77357,24975,SNPS,2012-02-22,1,0,-0.014715070335349011
77357,24975,SNPS,2013-02-20,1,1,0.0006485758416532013
77366,24978,ELY,2010-07-28,1,0,-0.0040908464889061295
77366,24978,ELY,2010-10-26,1,0,-0.012912362337002275
77366,24978,ELY,2011-01-25,1,0,-0.002602873200004071
77366,24978,ELY,2011-07-26,1,1,0.007843069276946533
77366,24978,ELY,2011-10-27,1,0,-0.007142101624772969
77366,24978,ELY,2012-01-25,1,0,-0.0015085647390432316
77413,25047,SCLN,2010-03-02,1,0,0.001244848876814796
77413,25047,SCLN,2010-05-06,1,0,-0.007427047732855784
77413,25047,SCLN,2010-11-08,1,0,0.0032550985381349013
77413,25047,SCLN,2011-05-10,1,0,-0.007717683760619157
77413,25047,SCLN,2011-08-09,1,0,-0.0035221480549155106
77413,25047,SCLN,2011-11-08,1,0,0.008098989072505116
77413,25047,SCLN,2012-05-09,1,0,0.005619953529246727
77413,25047,SCLN,2012-08-08,1,0,0.014542288404688243
77413,25047,SCLN,2012-11-09,1,0,-0.04540760536163363
77413,25047,SCLN,2013-04-01,1,0,
77413,25047,SCLN,2013-08-07,1,0,-0.04608722856139995
77415,19094,NBTB,2010-04-26,1,0,-0.011532116217877886
77415,19094,NBTB,2010-07-26,1,0,-0.0015748152306590615
77415,19094,NBTB,2010-10-25,1,0,0.0063864284853897115
77415,19094,NBTB,2011-01-24,1,0,0.008971309872332953
77415,19094,NBTB,2011-04-25,1,0,0.00616659947065822
77418,25056,TWX,2015-02-11,1,0,0.018471794745260634
77418,25056,TWX,2015-04-29,1,0,0.0006132525082479445
77420,12403,FRED,2015-03-26,1,0,-0.015125685849640592
77420,12403,FRED,2015-05-28,1,0,-0.008396879060209797
77425,25069,USAK,2010-07-22,1,0,-0.015670694953655973
77425,25069,USAK,2010-10-21,1,0,0.010983692222563835
77425,25069,USAK,2011-01-27,1,0,-0.0017364375834432316
77425,25069,USAK,2011-07-21,1,0,
77425,25069,USAK,2011-10-21,1,0,
77425,25069,USAK,2012-02-06,1,0,
77425,25069,USAK,2013-01-31,1,0,0.012233172776633047
77453,13092,JACK,2015-02-17,1,1,0.015978775804043013
77453,13092,JACK,2015-05-13,1,0,0.03165415628896394
77461,25021,VCI,2010-07-29,1,0,0.0024995482635443234
77461,25021,VCI,2010-10-28,1,0,-0.004167430235049015
77461,25021,VCI,2011-07-28,1,0,-0.0004942190733035513
77461,25021,VCI,2011-10-26,1,0,-0.012531342323181932
77461,25021,VCI,2012-02-16,1,0,-0.002784747471771024
77461,25021,VCI,2013-02-21,1,0,-0.03578545102722203
77462,4611,M,2015-02-24,1,0,-0.0009970057358254713
77462,4611,M,2015-05-13,1,0,-0.009105312234342989
77481,4242,EP,2010-03-01,1,0,
77481,4242,EP,2010-05-06,1,0,
77481,4242,EP,2010-08-04,1,0,
77481,4242,EP,2010-11-03,1,0,
77481,4242,EP,2011-02-24,1,0,
77481,4242,EP,2011-05-05,1,0,
77481,4242,EP,2011-08-04,1,0,
77481,4242,EP,2011-11-02,1,0,
77481,4242,EP,2012-02-27,1,0,
77481,4242,EP,2012-05-03,1,0,
77496,25119,MHK,2010-08-05,1,0,0.00494321736415805
77496,25119,MHK,2010-11-04,1,0,-0.010904822737090132
77496,25119,MHK,2011-08-04,1,0,0.003966023313272222
77496,25119,MHK,2011-11-03,1,0,-0.012149815119634729
77496,25119,MHK,2012-02-23,1,0,0.0009760285836848516
77496,25119,MHK,2013-02-21,1,0,-0.0008521702587904025
77501,25130,NCS,2010-03-09,1,0,
77501,25130,NCS,2010-06-08,1,0,
77501,25130,NCS,2010-09-07,1,0,-0.015956743246662984
77501,25130,NCS,2010-12-07,1,0,
77501,25130,NCS,2011-12-06,1,0,0.022106067770716678
77501,25130,NCS,2012-03-06,1,0,0.012768937774079914
77501,25130,NCS,2013-03-05,1,0,-0.0066343854585842
77507,25140,HFFC,2011-07-25,1,0,-0.0029575464941680625
77507,25140,HFFC,2012-01-30,1,0,-0.008265690264543874
77515,25166,KOPN,2015-03-10,1,1,
77515,25166,KOPN,2015-05-05,1,0,
77516,25167,MW,2010-09-08,1,0,0.0007213842996151524
77516,25167,MW,2010-12-07,1,0,-0.012247437497708387
77516,25167,MW,2011-09-07,1,0,0.00019239065257368668
77516,25167,MW,2011-12-06,1,0,-0.006903107176670562
77516,25167,MW,2012-03-07,1,0,0.003735648262697293
77516,25167,MW,2013-03-13,1,0,-0.03577062568372495
77520,25180,AGCO,2015-02-03,1,1,-0.009803953887125688
77520,25180,AGCO,2015-04-28,1,1,-0.001353031221618171
77526,25173,RNST,2010-07-20,1,0,-0.004838377275288021
77526,25173,RNST,2010-10-19,1,0,-0.0013368107423002967
77526,25173,RNST,2011-01-18,1,0,0.003922193487336784
77526,25173,RNST,2011-07-19,1,0,0.0025972802679510194
77526,25173,RNST,2011-10-18,1,0,0.007164677625718668
77526,25173,RNST,2012-01-17,1,0,0.0019451824519595134
77526,25173,RNST,2013-01-15,1,0,0.004678604868206791
77528,19570,STBA,2010-07-19,1,0,-0.004041506900486245
77528,19570,STBA,2010-10-25,1,0,0.005858984484531276
77528,19570,STBA,2011-01-31,1,0,-0.0015561096285693129
77528,19570,STBA,2011-07-25,1,0,0.006789669236877302
77528,19570,STBA,2011-10-24,1,0,0.008266022301247554
77528,19570,STBA,2012-01-23,1,0,0.025131502416462677
77584,25234,BKE,2015-03-13,1,0,0.010037422305337464
77584,25234,BKE,2015-05-21,1,0,0.0027694265913984872
77585,25236,PNBC,2011-07-29,1,0,
77595,1743,ABFS,2010-07-21,1,0,0.0005036520784979029
77595,1743,ABFS,2010-11-03,1,0,-0.004362696869493331
77595,1743,ABFS,2011-08-02,1,0,-0.00018685509810269924
77595,1743,ABFS,2011-10-28,1,1,0.014770385207811876
77595,1743,ABFS,2012-01-27,1,1,0.00916142240424485
77595,1743,ABFS,2013-01-30,1,0,
77605,25279,BSX,2010-07-20,1,0,0.000810615852305731
77605,25279,BSX,2010-10-19,1,0,0.0035738617938749833
77605,25279,BSX,2011-07-28,1,0,0.022439214031198834
77605,25279,BSX,2011-10-20,1,0,-0.0021492293398433417
77605,25279,BSX,2012-02-02,1,0,-0.00990085868224314
77605,25279,BSX,2013-01-29,1,0,-0.01301248963478646
77606,25283,KSS,2015-02-26,1,0,0.014940328559160545
77606,25283,KSS,2015-05-14,1,0,0.010345618630319985
77610,25274,OLED,2015-05-07,1,0,0.009238590600564579
77629,25318,USPH,2015-05-07,1,0,-0.012386798105983152
77637,25331,FC,2015-01-08,1,0,0.010449911847419517
77637,25331,FC,2015-04-01,1,0,0.006074212762710749
77643,18241,FCF,2010-07-29,1,0,-0.0014697056522157362
77643,18241,FCF,2010-10-28,1,0,0.0026972280445571872
77643,18241,FCF,2011-01-27,1,0,0.007259603538808796
77643,18241,FCF,2011-10-27,1,0,-0.007586697754811982
77643,18241,FCF,2012-01-25,1,0,0.0002870195616663466
77659,25338,BBBY,2010-09-22,1,0,-0.0014839132838669472
77659,25338,BBBY,2010-12-22,1,0,0.00012834909009901575
77659,25338,BBBY,2011-09-21,1,0,-0.0036604722369421253
77659,25338,BBBY,2011-12-21,1,0,0.0028525697621762944
77668,25356,ESRX,2011-07-21,1,0,
77668,25356,ESRX,2011-10-25,1,0,
77668,25356,ESRX,2012-02-22,1,1,
77669,25357,FINL,2010-09-23,1,0,-0.002658593319270784
77669,25357,FINL,2010-12-21,1,0,0.0013167644244220008
77669,25357,FINL,2015-03-27,1,0,-0.019718368184533958
77679,25376,COLB,2010-07-29,1,0,0.009443169282988707
77679,25376,COLB,2010-10-28,1,0,
77679,25376,COLB,2011-07-28,1,0,0.0072967952423470105
77679,25376,COLB,2012-01-26,1,0,-0.0035041675873263827
77679,25376,COLB,2013-01-24,1,0,-0.005499015436986748
77702,25434,SBUX,2015-01-22,1,1,0.012248719522851859
77702,25434,SBUX,2015-04-23,1,0,0.015548307978182394
77722,10386,TECUA,2010-11-04,1,0,
77763,25509,SPN,2010-07-28,1,0,-0.0034339599481843647
77763,25509,SPN,2010-10-27,1,0,0.0014301211121177573
77763,25509,SPN,2011-07-27,1,0,0.0033818198324482166
77763,25509,SPN,2011-10-26,1,0,0.010802377776542728
77763,25509,SPN,2012-02-23,1,0,0.011441810110871161
77763,25509,SPN,2013-02-26,1,0,-0.0027029687361504826
77768,25124,PX,2015-01-28,1,1,
77768,25124,PX,2015-04-29,1,0,
77780,25536,CENT,2015-02-03,1,0,-0.012710529353400559
77780,25536,CENT,2015-05-05,1,0,0.003537867535343588
77785,25572,WIRE,2015-02-19,1,0,-0.007586053267482009
77785,25572,WIRE,2015-04-23,1,0,-0.005946444164773334
77798,19152,PNNW,2010-03-03,1,0,
77868,25676,PRCP,2010-11-10,1,0,
77868,25676,PRCP,2011-02-08,1,1,0.0012710514484250146
77868,25676,PRCP,2011-11-09,1,0,0.0024050325031663225
77868,25676,PRCP,2012-02-08,1,0,0.013476363411989368
77868,25676,PRCP,2012-05-09,1,0,0.007333278827095249
77868,25676,PRCP,2012-11-07,1,0,0.009071700697630195
77868,25676,PRCP,2013-11-13,1,0,
77889,18358,FUNC,2010-11-04,1,0,0.0021711283564316217
77897,25314,ISLE,2010-08-31,1,0,-0.021907514653618905
77897,25314,ISLE,2010-12-02,1,0,-0.00037275290112021367
77897,25314,ISLE,2011-08-25,1,0,-0.013586603332133447
77897,25314,ISLE,2011-12-01,1,0,-0.02419756940599286
77897,25314,ISLE,2012-02-23,1,0,-0.0002284608872666011
77897,25314,ISLE,2013-02-20,1,0,0.00481431785027783
77902,25737,CAKE,2015-02-11,1,1,-0.010202082377372778
77902,25737,CAKE,2015-04-22,1,1,0.020665019291570913
77917,25749,ASGN,2015-02-18,1,0,0.01275825545589463
77917,25749,ASGN,2015-04-29,1,0,-0.007164273309224048
77918,25747,LFUS,2015-04-29,1,0,-0.014960193821623653
78001,25848,KEM,2011-07-27,1,0,0.005086873666595647
78001,25848,KEM,2011-10-27,1,0,0.005536640110637983
78001,25848,KEM,2012-02-02,1,0,-0.0017932376429949243
78001,25848,KEM,2013-01-31,1,0,0.0006612866379398048
78009,25860,SBIB,2010-07-22,1,0,-0.00612379467751553
78009,25860,SBIB,2010-10-28,1,0,-0.0005330144862417934
78009,25860,SBIB,2011-01-18,1,0,0.013541700331109203
78034,25880,PDCO,2015-02-19,1,0,-0.010120857879688966
78034,25880,PDCO,2015-05-21,1,0,-0.003575583066065497
78038,25895,RDN,2015-02-12,1,0,
78038,25895,RDN,2015-04-30,1,0,
78044,10839,UFI,2010-07-29,1,0,0.012268036418421412
78044,10839,UFI,2010-10-27,1,0,0.010997972461065875
78044,10839,UFI,2011-07-27,1,0,0.014302059637621448
78044,10839,UFI,2011-10-26,1,0,-0.01901805606434246
78044,10839,UFI,2012-02-01,1,0,-0.023390722731700793
78044,10839,UFI,2013-01-22,1,0,0.003090428262006892
78049,1076,AAN,2010-07-26,1,0,
78049,1076,AAN,2010-10-25,1,0,
78051,25906,QCOR,2010-07-28,1,0,-0.002340852803413153
78051,25906,QCOR,2011-07-26,1,0,
78051,25906,QCOR,2011-10-25,1,0,
78051,25906,QCOR,2012-02-22,1,0,
78051,25906,QCOR,2013-02-26,1,0,
78054,25915,QUMU,2015-05-07,1,0,
78066,25924,NAVB,2015-05-11,1,0,
78068,25923,STLY,2015-05-04,1,0,-0.035161186076623566
78071,23291,BLTI,2010-08-17,1,0,-0.030775965736857147
78071,23291,BLTI,2010-11-02,1,0,-0.0070016746231559256
78071,23291,BLTI,2011-05-09,1,0,0.006343099955150289
78071,23291,BLTI,2011-08-10,1,0,-0.007176018708363091
78071,23291,BLTI,2011-11-07,1,0,0.004897790465979959
78071,23291,BLTI,2012-03-08,1,0,-0.002157633692587221
78071,23291,BIOL,2012-05-09,1,0,-0.009124872651474618
78071,23291,BIOL,2012-08-08,1,0,-0.01225380556071857
78071,23291,BIOL,2012-11-05,1,0,-0.0018680131522060758
78071,23291,BIOL,2013-03-06,1,1,0.0024416552231136214
78071,23291,BIOL,2013-05-07,1,0,-0.004275581438480759
78071,23291,BIOL,2013-08-07,1,0,0.0010070749129634168
78071,23291,BIOL,2013-11-11,1,0,-0.006340371409151191
78077,25922,KAI,2015-05-04,1,0,0.004001188002414171
78081,25937,LGND,2015-02-09,1,0,0.0034087847656512774
78081,25937,LGND,2015-05-11,1,0,-0.0009737204765913523
78137,26021,CKH,2010-02-18,1,0,-0.007977822121754794
78137,26021,CKH,2010-04-22,1,0,
78137,26021,CKH,2010-10-21,1,0,
78137,26021,CKH,2011-04-20,1,0,
78137,26021,CKH,2011-07-25,1,0,
78137,26021,CKH,2011-10-20,1,0,
78137,26021,CKH,2012-02-16,1,0,0.005651970649592354
78137,26021,CKH,2012-04-24,1,0,-0.0013304136662182896
78137,26021,CKH,2012-07-26,1,0,
78137,26021,CKH,2013-02-27,1,1,0.0058230628876083405
78137,26021,CKH,2013-04-29,1,1,-0.052733903806037485
78137,26021,CKH,2013-07-30,1,0,-0.0007645598631910201
78137,26021,CKH,2013-10-25,1,0,0.0009379232911246758
78156,26037,HMSY,2015-05-08,1,0,-0.011907499506527844
78170,26013,SM,2015-02-24,1,0,0.00498567691276138
78170,26013,SM,2015-05-05,1,1,0.005850711600030692
78172,26012,BBOX,2015-01-27,1,0,0.017559720831635928
78186,25874,PQ,2010-08-05,1,0,
78186,25874,PQ,2010-11-03,1,0,
78186,25874,PQ,2011-08-04,1,0,
78186,25874,PQ,2011-11-03,1,0,
78186,25874,PQ,2012-02-28,1,0,
78186,25874,PQ,2013-02-28,1,0,
78189,25979,PESI,2012-11-08,1,0,0.007892201400793044
78200,25980,SHFL,2012-03-05,1,0,
78200,25980,SHFL,2013-03-04,1,0,0.016808075595754455
78208,26015,TRID,2010-07-29,1,0,0.004643825853176612
78208,26015,TRID,2010-10-26,1,0,-0.004354802944147416
78210,25972,AHCI,2010-02-09,1,0,0.005923254914587728
78210,25972,AHCI,2010-05-06,1,0,0.006401108978756581
78210,25972,AHCI,2010-08-03,1,0,-0.0003066257290574364
78210,25972,AHCI,2011-02-09,1,0,0.006048219060548399
78210,25972,AHCI,2011-05-10,1,0,0.008201232603433993
78816,26900,CHMP,2010-09-10,1,0,-0.004106956000496591
78829,10916,UMBF,2015-01-27,1,0,0.003110743163872491
78840,26061,IACI,2010-07-28,1,0,-0.0010351435790136015
78840,26061,IACI,2010-10-27,1,0,0.004013436660861445
78840,26061,IACI,2011-11-03,1,0,0.007820874290497729
78840,26061,IACI,2012-02-01,1,0,0.002319060850668934
78840,26061,IACI,2013-02-06,1,0,-0.0009129715963776715
78841,27199,EGY,2010-08-09,1,0,
78841,27199,EGY,2010-11-08,1,0,
78841,27199,EGY,2011-08-08,1,0,
78841,27199,EGY,2011-11-07,1,0,
78841,27199,EGY,2012-03-12,1,0,
78869,27873,HEV,2010-08-05,1,0,0.00013624291992068993
78869,27873,HEV,2010-11-04,1,0,0.021143484869007523
78875,27794,CREE,2015-01-20,1,1,0.008810850649049518
78875,27794,CREE,2015-04-21,1,1,-0.0024364119170817416
78876,27823,CRY,2010-07-29,1,0,-0.0015611064608466573
78876,27823,CRY,2010-11-04,1,0,0.00032547182264587495
78876,27823,CRY,2011-07-28,1,0,0.009825988062360838
78876,27823,CRY,2011-10-27,1,0,0.006524602059221674
78876,27823,CRY,2013-02-14,1,0,0.010902589960187054
78877,27786,CHK,2015-02-25,1,0,-0.00466630454511739
78877,27786,CHK,2015-05-06,1,0,-0.009764319668581678
78881,27810,CYBX,2010-08-25,1,0,
78881,27810,CYBX,2010-11-22,1,0,
78881,27810,CYBX,2011-08-25,1,0,
78881,27810,CYBX,2011-11-18,1,0,
78881,27810,CYBX,2012-02-24,1,0,
78881,27810,CYBX,2013-02-22,1,1,
78889,27816,GLBL,2010-08-04,1,0,-0.011107124501329434
78889,27816,GLBL,2010-11-03,1,0,-0.03005386868463586
78889,27816,GLBL,2011-08-03,1,0,0.00457691044329935
78889,27816,GLBL,2011-11-03,1,0,0.021938827556118513
78892,5831,IEC,2012-02-08,1,0,-0.004694079300490532
78892,5831,IEC,2012-05-08,1,0,-0.002557783263207186
78892,5831,IEC,2012-07-31,1,0,-0.0043136634986707684
78892,5831,IEC,2012-11-20,1,0,-0.03199145357295733
78892,5831,IEC,2013-02-05,1,0,-0.07170698307473701
78892,5831,IEC,2013-07-03,1,0,
78892,5831,IEC,2013-08-08,1,0,-0.008528289673140633
78903,17106,PEBO,2011-07-26,1,0,
78903,17106,PEBO,2011-10-25,1,0,
78903,17106,PEBO,2012-01-24,1,0,
78903,17106,PEBO,2013-01-22,1,0,0.002576360219239118
78908,27776,RCKY,2015-04-21,1,0,-0.004391499862204979
78915,27828,UEIC,2015-05-07,1,0,-0.018208638751071156
78955,27925,AVID,2010-04-22,1,0,-0.00259190617693463
78955,27925,AVID,2010-07-22,1,0,-0.005697649249495559
78955,27925,AVID,2010-10-21,1,0,0.011791812267241263
78963,27981,CHS,2010-08-18,1,0,0.005922609700619352
78963,27981,CHS,2010-11-17,1,0,-0.012115470567300881
78963,27981,CHS,2011-08-17,1,0,-0.003780179726337001
78963,27981,CHS,2011-11-22,1,0,-0.0006979161577680172
78963,27981,CHS,2012-02-22,1,0,0.01115146731077235
78963,27981,CHS,2013-02-28,1,0,
78972,28018,GYMB,2010-08-18,1,0,-0.0023368008584054266
78972,28018,GYMB,2010-11-15,1,0,0.011393926144681732
78975,27928,INTU,2015-02-19,1,1,
78975,27928,INTU,2015-05-21,1,0,
78977,27980,JAH,2010-08-03,1,0,-0.0007712243542114076
78977,27980,JAH,2010-10-28,1,0,0.0023921142921985395
78977,27980,JAH,2011-07-27,1,0,0.003535542757753925
78977,27980,JAH,2011-10-26,1,1,0.017019066739658063
78977,27980,JAH,2012-02-15,1,0,0.014346180826660337
78977,27980,JAH,2013-02-14,1,0,0.013476641257698346
78981,21440,LSTR,2010-07-14,1,0,0.0013650583763621174
78981,21440,LSTR,2010-10-14,1,0,-0.0005309730463315008
78981,21440,LSTR,2011-07-21,1,0,0.0035616913142949656
78981,21440,LSTR,2011-10-24,1,1,-0.0005533302124319508
78981,21440,LSTR,2012-02-02,1,0,0.014995434639165353
78981,21440,LSTR,2013-01-31,1,1,0.000914906539363056
78990,27936,DEST,2010-07-28,1,0,0.01151106620192625
78990,27936,DEST,2010-11-18,1,0,
78990,27936,DEST,2011-01-27,1,0,0.017610554460739572
78990,27936,DEST,2011-07-27,1,0,0.005672675228415286
78990,27936,DEST,2011-11-17,1,1,
78990,27936,DEST,2012-01-26,1,1,0.005099622980594506
78990,27936,DEST,2013-01-31,1,0,-0.004104163901904271
79007,27938,SCVL,2015-03-18,1,0,0.019854955253057284
79007,27938,SCVL,2015-05-20,1,1,0.00031189526044204507
79013,22717,SYBT,2015-01-28,1,0,0.012178817020885175
79013,22717,SYBT,2015-04-22,1,0,-0.02815185081855126
79033,27790,SGA,2011-08-04,1,0,0.008028093285429718
79037,23252,ETH,2015-01-27,1,0,-0.0022766793067808475
79072,28022,BANF,2010-10-18,1,0,0.015362913787696988
79072,28022,BANF,2011-01-21,1,0,0.006626711827636862
79072,28022,BANF,2011-07-19,1,0,0.0053606784105275146
79072,28022,BANF,2011-10-13,1,0,0.010247887782110238
79072,28022,BANF,2012-01-17,1,0,0.010714078168146339
79072,28022,BANF,2013-01-24,1,0,0.013129987110983152
79094,28195,JBL,2015-03-18,1,0,-0.007942251426899359
79108,28139,SANM,2010-07-26,1,0,0.012020704227957923
79108,28139,SANM,2010-11-01,1,0,0.011394926522170605
79108,28139,SANM,2011-01-24,1,0,0.010097440697143523
79108,28139,SANM,2011-07-25,1,0,-0.001487779730344448
79108,28139,SANM,2011-11-01,1,0,0.009417886056549578
79108,28139,SANM,2012-01-18,1,0,-0.012999490233565144
79108,28139,SANM,2013-01-28,1,0,0.001690376717883052
79116,28155,TCBK,2015-01-30,1,0,0.010571626908175742
79116,28155,TCBK,2015-04-29,1,0,0.004720151872924811
79131,28152,MSL,2010-07-27,1,0,0.007485565299472128
79131,28152,MSL,2010-10-26,1,0,
79131,28152,MSL,2011-01-25,1,0,0.014565132964853312
79131,28152,MSL,2011-07-27,1,0,0.014761548396054945
79131,28152,MSL,2011-10-25,1,0,0.001297722185285597
79131,28152,MSL,2012-01-31,1,0,0.0046103690180922955
79131,28152,MSL,2013-01-29,1,0,
79133,28176,ATR,2015-02-05,1,0,-0.01535029226424441
79133,28176,ATR,2015-04-30,1,0,-0.010552906456500215
79150,28209,ANIK,2015-02-25,1,0,0.00746922672064591
79150,28209,ANIK,2015-04-28,1,0,
79159,28296,CWEI,2015-02-26,1,0,
79159,28296,CWEI,2015-04-30,1,0,
79210,28216,RGA,2010-10-25,1,0,-0.002486096322393338
79210,28216,RGA,2015-02-02,1,0,0.0027026908610658868
79210,28216,RGA,2015-04-23,1,0,-0.0020967942497042737
79244,10816,USG,2015-02-05,1,0,0.01022571882025233
79244,10816,USG,2015-04-23,1,0,0.008366428174728359
79248,28408,ARGN,2010-10-27,1,0,
79248,28408,ARGN,2011-11-08,1,0,-0.003787738522492274
79248,28408,ARGN,2012-03-12,1,0,-0.008879153390720226
79248,28408,THRM,2013-03-06,1,0,-0.0009932660802492565
79249,28410,BBSI,2011-10-25,1,0,0.01256168511869252
79249,28410,BBSI,2012-04-24,1,0,0.0045868586827305415
79249,28410,BBSI,2012-07-24,1,0,0.00413599551163496
79249,28410,BBSI,2012-10-23,1,0,0.008145991229596597
79249,28410,BBSI,2013-04-23,1,0,0.01715247649867651
79249,28410,BBSI,2013-07-23,1,1,0.005004869419311637
79259,22447,DPTR,2011-11-09,1,0,-0.0167261847927567
79265,28477,FLIR,2010-02-11,1,0,-0.01009930192191833
79265,28477,FLIR,2010-04-23,1,0,0.003467489210485126
79265,28477,FLIR,2010-07-22,1,0,0.0027642091429894732
79265,28477,FLIR,2010-10-21,1,0,-0.010041165625172656
79265,28477,FLIR,2011-02-09,1,0,-0.010715403401710436
79265,28477,FLIR,2011-04-29,1,0,-0.005357151844917665
79265,28477,FLIR,2011-07-22,1,0,-0.02077107896536038
79265,28477,FLIR,2011-10-20,1,0,-0.003943860392496034
79265,28477,FLIR,2012-02-10,1,0,-0.0009343352328576486
79265,28477,FLIR,2012-04-27,1,0,-0.014464977176334446
79265,28477,FLIR,2012-07-26,1,0,-0.010066671685289427
79265,28477,FLIR,2012-10-25,1,0,-0.01044763863242829
79265,28477,FLIR,2013-02-07,1,0,0.011866227623305206
79265,28477,FLIR,2013-04-26,1,0,0.0017569732475989051
79265,28477,FLIR,2013-07-25,1,0,-0.00016406431283928335
79265,28477,FLIR,2013-10-24,1,0,-0.04110642558057226
79299,28397,PZZA,2015-02-24,1,0,0.006812581117281468
79299,28397,PZZA,2015-05-05,1,0,0.004332500464264378
79303,10981,USTR,2013-02-14,1,0,0.006360075426174979
79307,28518,SHLO,2010-08-25,1,0,0.009553249293966434
79307,28518,SHLO,2011-02-22,1,0,0.015230493050984452
79307,28518,SHLO,2012-02-22,1,0,
79307,28518,SHLO,2013-03-01,1,0,
79307,28518,SHLO,2013-05-23,1,0,
79307,28518,SHLO,2013-08-29,1,0,
79315,24096,CHKE,2015-04-16,1,0,0.010773167755544297
79323,28349,ALL,2010-08-04,1,0,-0.006061835880852483
79323,28349,ALL,2010-10-27,1,0,-0.004125965727602784
79323,28349,ALL,2011-08-01,1,0,-0.010850494967848666
79323,28349,ALL,2011-10-31,1,1,0.0050473693077994885
79323,28349,ALL,2012-02-01,1,0,0.013181785389977711
79323,28349,ALL,2013-02-06,1,0,0.009255403497252882
79336,28462,LBY,2011-07-28,1,0,-0.002718283448500886
79336,28462,LBY,2011-10-27,1,0,-0.0014071455540805213
79336,28462,LBY,2013-02-21,1,0,0.0024878888214012592
79338,10991,SGMS,2010-08-05,1,0,-0.00024601773732380733
79338,10991,SGMS,2010-10-28,1,0,-0.013496225732072683
79338,10991,SGMS,2011-08-09,1,0,0.013944056992518319
79338,10991,SGMS,2011-11-02,1,0,0.0029356932479785297
79338,10991,SGMS,2012-02-28,1,0,0.005943454144642878
79382,28620,FDEF,2010-07-19,1,0,-0.00270084156978616
79382,28620,FDEF,2010-10-25,1,0,-0.02654184368325032
79382,28620,FDEF,2011-01-24,1,0,-0.01264970651444971
79382,28620,FDEF,2011-07-25,1,0,-0.0062243596338363814
79382,28620,FDEF,2011-10-24,1,0,-0.005552594018192523
79382,28620,FDEF,2012-01-23,1,0,-0.0014246744655521948
79382,28620,FDEF,2015-04-20,1,0,0.013698117648830825
79411,28648,PETM,2015-03-04,1,0,0.011877992366025285
79417,28616,RURL,2010-05-10,1,0,0.029085319365692433
79417,28616,RURL,2010-09-08,1,0,0.0089726184554918
79417,28616,RURL,2011-02-09,1,0,-0.009520037392878553
79417,28616,RURL,2011-05-09,1,0,
79444,28564,SGY,2010-08-03,1,0,
79444,28564,SGY,2010-11-03,1,0,
79444,28564,SGY,2011-08-02,1,0,
79444,28564,SGY,2011-11-01,1,1,
79444,28564,SGY,2012-02-22,1,1,
79444,28564,SGY,2013-02-25,1,1,
79467,28678,ACTL,2010-02-04,1,0,-0.012547052283803936
79467,28678,ACTL,2010-04-29,1,0,-0.0034814812020675275
79467,28678,ACTL,2010-07-29,1,0,0.004405250153078803
79490,28749,FLL,2015-03-17,1,0,-0.024368130629451853
79490,28749,FLL,2015-05-13,1,0,-0.027645916146578936
79507,28704,MCRI,2010-02-25,1,0,-0.0048088883012163824
79507,28704,MCRI,2010-04-21,1,0,0.014135839568999558
79507,28704,MCRI,2010-07-21,1,0,0.009748035319896485
79507,28704,MCRI,2010-10-20,1,0,0.0064367161314628765
79507,28704,MCRI,2011-04-20,1,1,0.004095189394530494
79507,28704,MCRI,2011-07-20,1,0,-0.0010463530661427543
79507,28704,MCRI,2011-10-19,1,0,-0.009512041142098622
79507,28704,MCRI,2012-04-18,1,0,
79507,28704,MCRI,2012-07-26,1,0,0.007958197904625746
79507,28704,MCRI,2012-10-24,1,0,0.008661392413212343
79507,28704,MCRI,2013-04-25,1,1,0.0009486848322658153
79507,28704,MCRI,2013-07-24,1,0,-0.00901795261891568
79507,28704,MCRI,2013-10-22,1,0,0.011459718741898455
79519,165979,FSIN,2010-08-04,1,0,
79519,165979,FSIN,2010-11-02,1,0,0.008190107112198334
79519,165979,FSIN,2011-11-03,1,0,0.00937714412856652
79545,28742,BWA,2010-07-30,1,0,0.025323392635372824
79545,28742,BWA,2010-10-27,1,0,0.02693457628808523
79545,28742,BWA,2011-07-28,1,1,0.029672268105399344
79545,28742,BWA,2011-10-28,1,1,-0.0026496293471593487
79545,28742,BWA,2012-02-14,1,0,0.0038950468350707574
79545,28742,BWA,2013-02-14,1,0,-0.007564173886051144
79564,28853,ARRS,2010-07-28,1,0,
79564,28853,ARRS,2010-10-27,1,0,
79564,28853,ARRS,2011-07-27,1,0,
79564,28853,ARRS,2011-10-26,1,0,
79564,28853,ARRS,2012-02-08,1,1,
79571,28866,CASH,2013-02-06,1,0,0.0014548145781859674
79584,21595,VIST,2011-01-25,1,0,
79584,21595,VIST,2011-07-26,1,0,0.01165393218786935
79584,21595,VIST,2011-10-25,1,0,0.009796852416838555
79586,28819,FTEK,2015-05-11,1,0,-0.016703413933840033
79588,28877,GMCR,2015-02-04,1,1,0.008631079739889275
79588,28877,GMCR,2015-05-06,1,1,
79611,7951,MOV,2010-12-02,1,0,0.005107253955160051
79611,7951,MOV,2011-09-01,1,0,0.012471762403124451
79611,7951,MOV,2011-12-01,1,0,0.018763750956335243
79611,7951,MOV,2012-03-29,1,0,0.004927254034408798
79611,7951,MOV,2015-05-27,1,0,-0.0006043114358968661
79628,28938,UTEK,2015-02-05,1,0,-0.026770150543850874
79628,28938,UTEK,2015-04-23,1,0,-0.010436010273874181
79637,11032,UHS,2010-07-26,1,0,0.0019485857714347833
79637,11032,UHS,2010-10-27,1,0,0.005603022952441248
79637,11032,UHS,2011-07-27,1,0,-0.007685973918602656
79637,11032,UHS,2011-10-27,1,0,0.004614833402054809
79637,11032,UHS,2012-02-27,1,0,0.0076659245452744065
79637,11032,UHS,2013-02-28,1,0,0.01390298155292119
79641,10484,CAL,2010-07-22,1,0,0.0110654492183522
79667,28924,BKS,2015-03-10,1,0,-0.001446545684585819
79668,28940,BDC,2010-07-29,1,0,0.0147964227702327
79668,28940,BDC,2010-10-28,1,0,0.01775740061796244
79668,28940,BDC,2011-07-28,1,1,0.015002841691270072
79668,28940,BDC,2011-10-27,1,0,0.005512132248170128
79668,28940,BDC,2012-02-09,1,0,0.012627333121922536
79668,28940,BDC,2015-02-05,1,0,0.026140024287844753
79668,28940,BDC,2015-04-30,1,0,0.008850227848728145
79678,180405,ATVI,2010-08-05,1,0,0.02075773780825256
79678,180405,ATVI,2010-11-04,1,0,0.024199870270953612
79678,180405,ATVI,2011-08-03,1,0,0.005087033341906767
79678,180405,ATVI,2011-11-08,1,0,0.0241292558165776
79678,180405,ATVI,2012-02-09,1,0,0.006242516804039808
79678,180405,ATVI,2013-02-07,1,0,0.012725025373774868
79678,180405,ATVI,2015-02-05,1,0,0.004881167214285134
79678,180405,ATVI,2015-05-06,1,1,0.015687769339196883
79698,12441,IT,2015-02-05,1,0,
79698,12441,IT,2015-05-07,1,0,
79702,29086,PTN,2011-09-22,1,0,-0.008454588948311234
79712,28998,LNET,2010-07-29,1,0,-0.01826722588744307
79712,28998,LNET,2010-10-20,1,0,0.010729329822416072
79712,28998,LNET,2011-07-27,1,0,0.006658076300048687
79712,28998,LNET,2011-10-25,1,0,0.01608311951159857
79724,29001,OMG,2010-08-05,1,0,0.015926272099574583
79724,29001,OMG,2010-11-04,1,0,0.011616223686575864
79724,29001,OMG,2011-08-04,1,0,0.0007069629227682969
79724,29001,OMG,2011-11-09,1,0,0.0005418037550579914
79724,29001,OMG,2012-02-28,1,1,-0.0017976295340843586
79724,29001,OMG,2013-02-19,1,0,-0.007011679990373368
79747,19713,UBSH,2011-01-26,1,0,-0.0005681786683224693
79747,19713,UBSH,2013-01-23,1,0,0.004950498893640967
79758,29011,BYD,2010-08-03,1,0,-0.010769295651638854
79758,29011,BYD,2010-10-25,1,0,-0.008000527748568994
79758,29011,BYD,2011-07-27,1,0,0.0027298648781037163
79758,29011,BYD,2011-10-25,1,0,-0.0013973302290540626
79758,29011,BYD,2012-02-21,1,0,0.004899432561672818
79758,29011,BYD,2013-03-04,1,0,0.0009905785166480878
79785,12459,NVR,2010-07-22,1,0,0.0004178227687527897
79785,12459,NVR,2010-10-21,1,0,0.004409873827995672
79785,12459,NVR,2011-01-27,1,0,-0.0015611409325129496
79785,12459,NVR,2011-07-21,1,0,-0.006303561827719958
79785,12459,NVR,2011-10-20,1,0,0.0019176924448820257
79785,12459,NVR,2012-01-26,1,1,-0.004286502204060211
79785,12459,NVR,2013-01-24,1,0,0.012560992511819517
79791,29151,CNTY,2013-03-28,1,0,0.005093370860873676
79795,29143,ASCA,2010-02-03,1,0,
79795,29143,ASCA,2010-05-04,1,0,
79795,29143,ASCA,2010-08-04,1,0,
79795,29143,ASCA,2010-11-03,1,0,
79795,29143,ASCA,2011-02-09,1,1,
79795,29143,ASCA,2011-05-04,1,0,
79795,29143,ASCA,2011-08-03,1,0,
79795,29143,ASCA,2011-11-03,1,0,
79795,29143,ASCA,2012-02-01,1,0,
79795,29143,ASCA,2012-08-01,1,0,
79795,29143,ASCA,2012-10-31,1,0,
79795,29143,ASCA,2013-02-07,1,0,-0.008546047314369901
79795,29143,ASCA,2013-05-03,1,0,-0.032804003965735795
79795,29143,ASCA,2013-07-25,1,0,-0.004200626602019263
79796,29246,AF,2010-07-21,1,0,0.0020279958692749666
79796,29246,AF,2010-10-20,1,0,0.0026950733667919944
79796,29246,AF,2011-01-26,1,0,0.015887691260826835
79796,29246,AF,2011-07-20,1,0,-0.027573724991076506
79796,29246,AF,2011-10-19,1,1,0.008103296407778928
79796,29246,AF,2012-01-25,1,1,0.008791542079952003
79796,29246,AF,2013-01-23,1,0,0.00414792552182361
79824,29101,FFIN,2010-07-22,1,0,-0.004661152211650844
79824,29101,FFIN,2010-10-21,1,0,0.01149507675230967
79824,29101,FFIN,2011-01-27,1,0,0.0053319667575354515
79824,29101,FFIN,2011-07-21,1,0,-0.00022102560757088392
79824,29101,FFIN,2011-10-20,1,0,0.007135526096682346
79824,29101,FFIN,2013-01-24,1,0,0.014136065063627308
79839,29133,ITRI,2015-02-11,1,0,-0.006207587531893594
79839,29133,ITRI,2015-05-04,1,0,0.00952392943480864
79841,29206,FWRD,2015-02-10,1,0,0.006302900227163988
79841,29206,FWRD,2015-04-21,1,0,-0.008898816197649536
79847,29278,MATK,2010-09-01,1,0,-0.004019064189591854
79847,29278,MATK,2010-12-08,1,0,-0.002035585511170496
79857,29108,PTEN,2010-07-29,1,0,0.0049657805239065045
79857,29108,PTEN,2010-10-28,1,0,0.007982797202824063
79857,29108,PTEN,2011-07-28,1,0,-0.005272565399747525
79857,29108,PTEN,2011-10-27,1,0,-0.0059752230104402684
79857,29108,PTEN,2012-02-02,1,0,-0.03673278569330043
79857,29108,PTEN,2013-02-07,1,0,0.015144685454441155
79859,29282,NYCB,2015-01-29,1,0,0.02422719440796227
79859,29282,NYCB,2015-04-29,1,0,0.020034046268844398
79864,11065,VSEC,2015-04-30,1,0,
79866,29217,SCHN,2015-01-08,1,0,-0.006999499702735938
79866,29217,SCHN,2015-04-07,1,0,0.0007473135373362418
79878,29156,UFPI,2015-04-15,1,0,
79879,29241,JDSU,2010-02-02,1,0,0.010476789238172442
79879,29241,JDSU,2010-05-05,1,0,0.010974474514346785
79879,29241,JDSU,2010-08-25,1,0,0.00531123067062121
79879,29241,JDSU,2010-11-04,1,0,0.004003376991964987
79879,29241,JDSU,2011-02-03,1,0,0.013526748377708963
79879,29241,JDSU,2011-05-04,1,0,0.01196565176218561
79879,29241,JDSU,2011-08-17,1,0,-0.0015937899583098342
79879,29241,JDSU,2011-11-01,1,0,0.016746732275648435
79879,29241,JDSU,2012-02-01,1,0,0.008033340949285518
79879,29241,JDSU,2012-05-02,1,1,0.004745824632522093
79879,29241,JDSU,2012-08-14,1,1,0.002328098323974008
79879,29241,JDSU,2013-01-30,1,1,0.01755630691073242
79879,29241,JDSU,2013-05-01,1,1,-0.007720270075875616
79879,29241,JDSU,2013-08-13,1,0,0.00951869534455759
79879,29241,JDSU,2013-10-30,1,0,0.013654866759452093
79903,12545,HHS,2010-02-02,1,0,-0.006000522663902434
79903,12545,HHS,2010-04-29,1,0,-0.006291320765638221
79903,12545,HHS,2010-07-29,1,0,-0.013544412993665237
79903,12545,HHS,2010-10-28,1,0,-0.006920135462638652
79903,12545,HHS,2011-02-01,1,0,0.006588815970772386
79903,12545,HHS,2011-04-28,1,0,-0.03368566064545328
79903,12545,HHS,2011-07-28,1,0,-0.010248953886674282
79903,12545,HHS,2011-10-27,1,0,-0.01977213180391324
79903,12545,HHS,2012-01-31,1,0,0.0047018997846640246
79903,12545,HHS,2012-04-26,1,0,-0.002329192078069158
79903,12545,HHS,2012-08-02,1,0,-0.04366955502820253
79903,12545,HHS,2012-10-25,1,0,-0.03761800472863759
79903,12545,HHS,2013-04-25,1,0,0.0024951097305271957
79903,12545,HHS,2013-10-31,1,0,-0.04232877144315858
79906,29127,INCY,2015-02-12,1,0,
79906,29127,INCY,2015-04-30,1,0,
79909,12615,MHO,2010-07-28,1,0,-0.004208511640163504
79909,12615,MHO,2010-10-25,1,0,-0.007876799122354764
79909,12615,MHO,2011-07-28,1,0,-0.009574919706848406
79909,12615,MHO,2011-10-27,1,0,-0.0013015684065210212
79915,29173,NFX,2010-07-22,1,0,-0.005407375072995267
79915,29173,NFX,2011-07-20,1,0,-0.007054098978235966
79915,29173,NFX,2011-10-19,1,0,-0.010487249776696383
79915,29173,NFX,2012-02-21,1,1,
79915,29173,NFX,2013-02-19,1,0,
80004,7694,MRNA,2010-05-13,1,0,
80004,7694,MRNA,2010-11-10,1,0,
80004,7694,MRNA,2011-03-23,1,0,
80007,29446,OKSB,2010-07-20,1,0,0.007164986952263793
80012,29435,PLNR,2015-02-03,1,0,0.0044575318846428345
80034,29382,SHOO,2015-02-24,1,0,
80034,29382,SHOO,2015-04-24,1,0,
80050,29449,UFPT,2015-05-05,1,0,-0.014745970450691417
80054,29517,MED,2010-08-05,1,0,
80054,29517,MED,2010-11-04,1,0,
80054,29517,MED,2011-08-04,1,0,
80054,29517,MED,2011-11-03,1,0,
80054,29517,MED,2012-03-13,1,0,
80069,28806,ARWR,2015-02-09,1,0,
80069,28806,ARWR,2015-05-11,1,0,
80072,11861,VLY,2010-07-22,1,0,-0.009241852772159666
80072,11861,VLY,2010-10-21,1,0,-0.00946878106480748
80072,11861,VLY,2011-01-27,1,0,-0.012759601684436088
80072,11861,VLY,2011-07-28,1,0,-0.0006478503699147813
80072,11861,VLY,2011-10-27,1,0,-0.0003484344840158863
80072,11861,VLY,2012-01-26,1,0,-0.010723452071461305
80072,11861,VLY,2013-01-30,1,0,0.0008643086427751433
80112,29613,CACB,2011-01-28,1,0,
80112,29613,CACB,2011-07-26,1,0,
80128,11094,VMI,2010-07-15,1,0,-0.0263422372590751
80128,11094,VMI,2010-10-14,1,0,-0.003091520175015362
80128,11094,VMI,2011-07-14,1,0,0.009436420215197588
80128,11094,VMI,2011-10-13,1,0,0.01318002579035234
80128,11094,VMI,2012-02-14,1,0,0.02012935834025765
80128,11094,VMI,2013-02-12,1,0,0.01894071882704921
80135,29647,SFN,2010-07-28,1,0,0.019661232531529578
80135,29647,SFN,2010-10-27,1,0,0.011327469129018556
80135,29647,SFN,2011-07-27,1,0,0.014368666433268076
80167,29609,HAIN,2010-08-25,1,0,0.006961695368706739
80167,29609,HAIN,2010-11-04,1,0,0.00861976543032589
80167,29609,HAIN,2011-08-23,1,1,0.013803415441240316
80167,29609,HAIN,2011-11-01,1,0,0.017304116113524823
80167,29609,HAIN,2012-02-01,1,0,0.006594468570237958
80167,29609,HAIN,2013-02-05,1,0,0.014334650757198987
80169,15153,AGM,2010-11-09,1,0,0.0025569075196406037
80179,11099,VALU,2010-09-14,1,0,
80185,8633,PLT,2010-05-04,1,0,
80185,8633,PLT,2010-07-26,1,0,
80185,8633,PLT,2010-11-02,1,0,
80185,8633,PLT,2011-02-01,1,0,
80185,8633,PLT,2011-05-03,1,0,
80185,8633,PLT,2011-08-01,1,0,
80191,29751,ALB,2010-07-26,1,0,0.01655342708934667
80191,29751,ALB,2010-10-21,1,0,0.016373766073423286
80191,29751,ALB,2011-01-24,1,0,0.021177473762478322
80191,29751,ALB,2011-07-21,1,0,0.01825290104799627
80191,29751,ALB,2011-10-24,1,1,0.016561643928496447
80191,29751,ALB,2012-01-23,1,0,0.014478011117626817
80191,29751,ALB,2013-01-22,1,0,0.00014777876612737627
80193,29755,BZH,2015-01-30,1,0,-0.006101959051502031
80193,29755,BZH,2015-04-30,1,0,0.020155142791400918
80204,29733,MLM,2015-02-10,1,0,0.016285959836733574
80204,29733,MLM,2015-04-30,1,0,0.024606380447980095
80223,29211,BPFH,2015-01-21,1,0,0.009212030661065986
80223,29211,BPFH,2015-04-14,1,0,0.0121074282129064
80237,29762,ARTX,2011-05-16,1,0,-0.01626802863567551
80237,29762,ARTX,2011-11-14,1,0,0.004929807152293296
80254,29734,MINI,2015-02-12,1,0,0.015301871238389815
80254,29734,MINI,2015-04-30,1,0,-0.0014114644416214229
80266,29791,QLGC,2015-01-29,1,0,0.014350616727044435
80266,29791,QLGC,2015-04-30,1,0,0.0021039522640880857
80286,29736,TSCO,2010-07-21,1,0,0.005261898751528455
80286,29736,TSCO,2010-10-20,1,0,0.030365251827228268
80286,29736,TSCO,2011-01-26,1,0,0.014997296543888872
80286,29736,TSCO,2011-07-20,1,0,0.020472340422912384
80286,29736,TSCO,2011-10-19,1,1,0.02197879169733452
80286,29736,TSCO,2012-02-01,1,0,0.004509331196506687
80286,29736,TSCO,2013-01-30,1,0,0.00488484332494283
80303,29968,AKS,2010-07-27,1,0,0.01296686820079675
80303,29968,AKS,2010-10-26,1,0,-0.001219048249606813
80303,29968,AKS,2011-01-25,1,0,0.005372316504019191
80303,29968,AKS,2011-07-26,1,0,
80303,29968,AKS,2011-10-25,1,0,
80303,29968,AKS,2012-01-24,1,0,
80303,29968,AKS,2013-01-29,1,0,0.0028127075508248066
80316,29900,CBR,2011-08-03,1,0,-0.028661421209228745
80316,29900,CBR,2011-11-01,1,0,-0.005591519075279421
80316,29900,CBR,2012-02-23,1,0,
80320,29901,CPRT,2015-02-24,1,0,0.018832956978523996
80320,29901,CPRT,2015-05-27,1,0,0.014310497611539668
80343,29894,NNBR,2010-11-04,1,0,0.00089979876687019
80343,29894,NNBR,2011-08-05,1,0,-0.0025357830538935283
80343,29894,NNBR,2011-11-01,1,0,0.005628536131808589
80343,29894,NNBR,2012-03-12,1,0,-0.00349954074752438
80343,29894,NNBR,2013-03-11,1,0,0.004505151595879887
80357,29964,GPIC,2013-03-26,1,0,0.005008980070616968
80362,29910,SCSC,2015-01-29,1,0,0.010855443596971055
80362,29910,SCSC,2015-04-30,1,0,-0.011688331948598486
80415,30032,EXP,2015-02-03,1,0,0.008846734726658813
80415,30032,EXP,2015-05-14,1,0,0.012698289822420328
80432,30059,AEO,2015-03-04,1,0,
80432,30059,AEO,2015-05-20,1,0,
80446,30098,GDI,2010-02-11,1,0,
80446,30098,GDI,2010-04-22,1,0,
80446,30098,GDI,2010-07-22,1,0,
80446,30098,GDI,2010-10-21,1,0,
80446,30098,GDI,2011-02-10,1,0,
80446,30098,GDI,2011-04-20,1,1,
80446,30098,GDI,2011-07-21,1,0,
80446,30098,GDI,2011-10-20,1,0,
80446,30098,GDI,2012-02-09,1,0,
80446,30098,GDI,2012-04-19,1,0,
80446,30098,GDI,2012-07-19,1,0,
80446,30098,GDI,2013-02-22,1,0,
80446,30098,GDI,2013-04-26,1,1,
80485,30007,VVUS,2010-08-02,1,0,0.0051216802610488605
80485,30007,VVUS,2010-11-08,1,0,0.003425828311882468
80485,30007,VVUS,2011-08-01,1,0,-0.008669068787880568
80485,30007,VVUS,2011-11-07,1,0,0.013722083353353683
80498,30222,ABCB,2010-07-22,1,0,0.010158447185550826
80498,30222,ABCB,2010-10-20,1,0,0.0033587454164869844
80498,30222,ABCB,2011-01-28,1,0,0.005930284709737853
80498,30222,ABCB,2011-07-21,1,0,0.0027888464775216205
80498,30222,ABCB,2012-01-26,1,0,0.008682994309455513
80498,30222,ABCB,2013-01-29,1,0,-0.0019451957367404484
80524,30205,DSCI,2015-03-11,1,0,
80539,30137,NKTR,2010-07-28,1,0,
80539,30137,NKTR,2011-08-04,1,0,0.0016225929798949464
80539,30137,NKTR,2011-11-02,1,0,0.0024681133004040333
80539,30137,NKTR,2012-02-29,1,0,
80539,30137,NKTR,2013-02-28,1,0,0.012141505286621876
80560,30255,NPSP,2015-02-18,1,0,
80563,30259,PENN,2015-01-29,1,0,-0.002403336910887687
80563,30259,PENN,2015-04-23,1,0,0.007446190718075787
80569,30188,PULB,2015-04-28,1,0,0.020296618483165045
80592,30219,BTH,2010-09-02,1,0,-0.010865748465791332
80621,30310,CGX,2010-08-04,1,0,0.002033044703319345
80621,30310,CGX,2010-11-03,1,0,0.002152970958796835
80621,30310,CGX,2011-08-03,1,0,-0.008998399275535366
80621,30310,CGX,2011-11-02,1,0,4.3555356983998594e-05
80621,30310,CGX,2013-02-06,1,0,0.006728690031376069
80670,30399,AAI,2010-07-21,1,0,0.003842810262412904
80670,30399,AAI,2010-10-22,1,0,0.012961321778214784
80679,30277,KCP,2010-08-04,1,0,
80679,30277,KCP,2010-11-04,1,0,
80679,30277,KCP,2011-11-02,1,0,
80719,30463,GBX,2010-07-08,1,0,0.0208101821431384
80719,30463,GBX,2010-11-10,1,0,0.004754567462961661
80719,30463,GBX,2011-01-07,1,0,0.024023823390819363
80719,30463,GBX,2011-07-08,1,0,-0.0018623189694555124
80719,30463,GBX,2011-11-03,1,0,0.01205798118634386
80719,30463,GBX,2012-01-06,1,0,0.03466525982154916
80719,30463,GBX,2013-01-09,1,0,0.01778115299538422
80791,30576,ADTN,2015-04-21,1,0,0.004702328187158214
80804,30618,CHDX,2010-08-09,1,0,-0.009888398916888743
80804,30618,CHDX,2010-11-08,1,0,0.010375783718375331
80804,30618,CHDX,2011-08-08,1,0,0.00847361236022671
80804,30618,CHDX,2011-11-08,1,0,0.02974343152007855
80804,30618,CHDX,2012-03-09,1,0,
80808,30640,METR,2015-01-26,1,0,0.020463953945787913
80828,30558,MLR,2010-08-04,1,0,0.0010378960984380615
80828,30558,MLR,2010-11-09,1,0,-0.01453958346179665
80828,30558,MLR,2011-11-08,1,0,0.00762526279740422
80837,30647,PNBK,2015-05-06,1,0,0.010306042218021292
80858,30649,WAVX,2010-08-09,1,0,-0.013710459003304544
80858,30649,WAVX,2012-05-10,1,0,-0.036681404230352016
80912,13174,TGE,2010-11-01,1,0,
80912,13174,TGE,2011-08-01,1,0,0.0028001064322360947
80912,13174,TGE,2011-10-31,1,0,0.014191436312066121
80912,13174,TGE,2012-02-27,1,0,0.011600811892470763
80912,13174,TGE,2013-02-25,1,0,0.0061670678353104415
80918,30674,ARIA,2015-02-19,1,0,0.007786456916132563
80918,30674,ARIA,2015-05-07,1,0,0.0032233129536653397
80924,30662,SIRI,2010-11-04,1,0,0.025623136226621948
80924,30662,SIRI,2011-08-02,1,0,0.03059722546068179
80924,30662,SIRI,2011-11-01,1,0,0.006449899392492915
80924,30662,SIRI,2012-02-09,1,0,0.007475526061796006
80924,30662,SIRI,2013-02-05,1,0,-0.003096383517983591
80928,30651,DAR,2010-08-12,1,0,
80928,30651,DAR,2010-11-10,1,0,
80928,30651,DAR,2011-08-11,1,0,
80928,30651,DAR,2011-11-10,1,0,
80928,30651,DAR,2012-02-29,1,0,
80928,30651,DAR,2013-02-27,1,1,
80943,30710,MTSN,2010-02-03,1,0,0.0034639733791412618
80943,30710,MTSN,2010-04-21,1,0,-0.002629010417813807
80943,30710,MTSN,2010-07-21,1,0,-0.004543201133193474
80943,30710,MTSN,2010-10-20,1,0,-0.0002863414902035972
80943,30710,MTSN,2011-02-02,1,0,-0.034025048057139004
80943,30710,MTSN,2011-04-27,1,0,0.005456245757344621
80943,30710,MTSN,2011-07-27,1,0,0.011223376814952765
80943,30710,MTSN,2011-10-25,1,0,-0.006222066444754025
80943,30710,MTSN,2012-04-25,1,0,0.01147340033112804
80943,30710,MTSN,2012-07-26,1,0,-0.026662150357983333
80943,30710,MTSN,2013-04-24,1,0,0.0036619596371621965
80943,30710,MTSN,2013-07-24,1,0,0.00330153136009878
80943,30710,MTSN,2013-10-22,1,0,0.008626935617063968
80951,30714,TESS,2015-01-15,1,0,-0.05779649932952051
80957,30870,AZPN,2015-04-28,1,0,-0.0024153326420069555
80969,30877,CVTI,2010-07-21,1,0,0.006841477355432473
80969,30877,CVTI,2010-10-25,1,0,-0.00040245961097844923
80969,30877,CVTI,2011-07-26,1,0,0.0049405653488989645
80969,30877,CVTI,2011-11-09,1,0,-0.035288787002051916
80969,30877,CVTI,2012-02-01,1,0,-0.0039938188827283085
80969,30877,CVTI,2013-01-30,1,0,0.014885643750939134
80987,30861,KNX,2015-01-28,1,0,0.017091535186181075
80987,30861,KNX,2015-04-22,1,0,
81055,30990,COF,2010-07-22,1,0,0.00936497962910675
81055,30990,COF,2010-10-18,1,0,0.010214698662540973
81055,30990,COF,2011-01-20,1,0,0.008244351472942541
81055,30990,COF,2011-07-13,1,0,-0.004275406661298763
81055,30990,COF,2011-10-20,1,0,0.0007243800778540714
81055,30990,COF,2012-01-19,1,0,-0.007761583407314794
81055,30990,COF,2013-01-17,1,0,-0.010665936502112403
81061,7171,MCK,2015-02-05,1,0,0.0033644991342643422
81061,7171,MCK,2015-05-12,1,0,-0.0017951462532626323
81073,1393,UHAL,2010-08-04,1,0,
81073,1393,UHAL,2010-11-03,1,0,
81073,1393,UHAL,2011-08-03,1,0,
81073,1393,UHAL,2011-11-02,1,1,
81084,30899,HDSN,2015-04-29,1,0,0.0037149098098802897
81095,30932,NWBI,2011-01-25,1,0,0.015357283074777113
81095,30932,NWBI,2013-01-22,1,0,0.007760075953283695
81116,11124,VECO,2015-02-17,1,0,-0.012407337118983076
81116,11124,VECO,2015-05-06,1,0,0.013262960521850947
81124,4322,MSN,2010-02-12,1,0,0.009463802888324768
81124,4322,MSN,2010-11-15,1,0,0.0007663282977876402
81128,31224,ESI,2010-07-22,1,0,0.00033945189276569487
81128,31224,ESI,2010-10-21,1,0,-0.008184478710478373
81128,31224,ESI,2011-01-20,1,0,-0.006373375517950827
81128,31224,ESI,2011-07-21,1,0,-0.0047513158770212515
81128,31224,ESI,2011-10-20,1,1,-0.006399235636685031
81128,31224,ESI,2013-01-24,1,0,-0.0009346390562076524
81138,31122,APOL,2015-01-08,1,0,-0.0038658965629740204
81138,31122,APOL,2015-03-25,1,0,-0.008267857329633602
81162,31147,MCRL,2010-07-22,1,0,-0.008454472425761196
81162,31147,MCRL,2010-10-21,1,0,0.02253312894025452
81162,31147,MCRL,2011-07-28,1,0,0.015564012367114846
81162,31147,MCRL,2011-10-27,1,0,-0.009615308028248644
81162,31147,MCRL,2012-01-26,1,0,-0.003215578339807474
81162,31147,MCRL,2013-04-25,1,1,0.005594685929422571
81162,31147,MCRL,2013-07-25,1,0,0.007669271212171907
81162,31147,MCRL,2013-10-24,1,0,-0.0008442451534196758
81165,31214,MIND,2010-09-07,1,0,-0.0034677614358114995
81165,31214,MIND,2010-12-07,1,0,-0.0026160586490628895
81165,31214,MIND,2011-09-07,1,0,0.011723450993037461
81165,31214,MIND,2011-12-06,1,0,0.019093063315341555
81173,31203,SWC,2010-02-25,1,0,-0.0069779312942239505
81173,31203,SWC,2010-05-03,1,0,0.017546069731514898
81173,31203,SWC,2010-07-28,1,0,-0.008929186864889358
81173,31203,SWC,2010-10-29,1,0,-0.020065021457600543
81173,31203,SWC,2011-02-22,1,0,3.794035687730308e-05
81173,31203,SWC,2011-05-03,1,0,0.008528591024613485
81173,31203,SWC,2011-08-03,1,0,0.0031754644254549684
81173,31203,SWC,2011-10-28,1,0,-0.008212723639939409
81173,31203,SWC,2012-02-21,1,0,-0.004486448487629895
81173,31203,SWC,2012-04-26,1,0,-0.0034977296866123154
81173,31203,SWC,2012-08-08,1,0,
81173,31203,SWC,2013-02-27,1,0,0.007858896432427542
81173,31203,SWC,2013-08-08,1,0,-0.006035784750398858
81173,31203,SWC,2013-11-12,1,0,-0.0013825571973481426
81222,31460,RCII,2015-02-02,1,0,-0.019898613301364915
81222,31460,RCII,2015-04-27,1,0,-0.00016896459112525873
81256,31488,ISSI,2010-07-27,1,0,0.008999480141539128
81256,31488,ISSI,2010-10-27,1,0,-0.013841426441050948
81256,31488,ISSI,2011-01-26,1,0,0.007077873280953531
81256,31488,ISSI,2011-07-27,1,0,-0.0038909639245648508
81256,31488,ISSI,2011-10-26,1,0,0.0075078226957410584
81256,31488,ISSI,2012-01-25,1,1,-0.0035442893779357876
81256,31488,ISSI,2013-01-30,1,1,0.010951725980090189
81282,31564,ACIW,2015-02-26,1,0,-0.012156882835904768
81282,31564,ACIW,2015-04-30,1,0,-0.010147948904362986
81292,31560,TRK,2015-04-29,1,0,-0.0027688566458324224
81294,11234,WDFC,2010-07-07,1,0,-0.005958596084306761
81294,11234,WDFC,2010-10-15,1,0,0.006383197047765027
81294,11234,WDFC,2011-01-10,1,0,0.004106344950640573
81294,11234,WDFC,2011-07-07,1,0,-0.02443270469121924
81294,11234,WDFC,2011-10-17,1,0,-0.010646011782324273
81294,11234,WDFC,2012-01-09,1,0,0.002240386676504385
81294,11234,WDFC,2013-01-08,1,0,0.0014341738089508772
81481,31587,DLTR,2015-02-25,1,0,0.015713832329102256
81481,31587,DLTR,2015-05-21,1,0,-0.01868572542869651
81501,31607,NATI,2010-07-27,1,0,-0.011217168565258033
81501,31607,NATI,2010-10-25,1,0,-0.005583443212611566
81501,31607,NATI,2011-01-25,1,0,0.0010866509051522559
81501,31607,NATI,2011-07-27,1,0,-0.007780341032439415
81501,31607,NATI,2011-10-26,1,0,-0.011055802159112284
81501,31607,NATI,2012-01-31,1,0,-0.0059094171550962814
81501,31607,NATI,2013-01-31,1,0,-0.007261443307686544
81530,31707,PMI,2010-07-29,1,0,-0.010684369460856638
81530,31707,PMI,2010-10-28,1,0,-0.008851063515261071
81530,31707,PMI,2011-08-04,1,0,-0.013283158917563832
81533,31739,TSH,2011-01-25,1,0,0.011797504231143011
81533,31739,TSH,2012-04-23,1,0,
81533,31739,TSH,2013-04-24,1,0,
81539,31743,ANAD,2010-02-18,1,0,
81539,31743,ANAD,2010-04-26,1,0,
81539,31743,ANAD,2010-07-29,1,0,8.260250957615404e-05
81539,31743,ANAD,2010-11-01,1,0,0.0010260410382025688
81539,31743,ANAD,2011-02-17,1,0,
81539,31743,ANAD,2011-05-03,1,0,-0.042543548303069896
81539,31743,ANAD,2011-08-04,1,0,-0.010131060748937324
81539,31743,ANAD,2011-10-26,1,0,-0.008025613813489086
81540,31673,ABC,2015-01-28,1,0,0.021219663614281577
81540,31673,ABC,2015-04-30,1,0,0.011127254107465814
81541,31692,MBFI,2015-01-29,1,0,0.011724082455275505
81541,31692,MBFI,2015-04-20,1,0,0.0040125441495583595
81564,24466,IBKC,2010-07-21,1,0,-0.04229864113209791
81564,24466,IBKC,2010-10-26,1,0,0.005141747899880361
81564,24466,IBKC,2011-01-25,1,0,-0.005270080556609866
81564,24466,IBKC,2011-07-27,1,0,-0.0030367417089937013
81564,24466,IBKC,2011-10-26,1,0,-0.0011187279681675096
81564,24466,IBKC,2012-01-25,1,1,0.002664348335727702
81564,24466,IBKC,2013-01-24,1,0,0.007324836522703295
81566,31674,PCMI,2015-04-29,1,0,0.00534712940173991
81577,17145,WFSL,2010-04-15,1,0,-0.02724408333077904
81577,17145,WFSL,2010-07-19,1,0,-0.008382170825563941
81577,17145,WFSL,2010-10-21,1,0,
81577,17145,WFSL,2011-01-13,1,0,-0.000311482675775185
81577,17145,WFSL,2011-04-14,1,0,
81577,17145,WFSL,2011-07-14,1,0,
81577,17145,WFSL,2011-10-20,1,0,
81577,17145,WFSL,2012-01-11,1,0,
81577,17145,WAFD,2012-04-12,1,0,
81577,17145,WAFD,2012-07-12,1,0,
81577,17145,WAFD,2012-10-18,1,0,
81577,17145,WAFD,2013-01-15,1,0,
81577,17145,WAFD,2013-04-16,1,0,
81577,17145,WAFD,2013-07-18,1,0,
81577,17145,WAFD,2013-10-15,1,0,0.008314804193565674
81584,31752,CBZ,2010-07-27,1,0,
81584,31752,CBZ,2010-10-28,1,0,
81584,31752,CBZ,2012-02-16,1,0,
81620,18654,HDNG,2010-08-06,1,0,0.003525844181395804
81620,18654,HDNG,2010-11-04,1,0,-0.0018771208793680674
81621,31843,HLIT,2010-02-04,1,0,-0.0068773534814309915
81621,31843,HLIT,2010-05-06,1,0,-0.004510588075074691
81621,31843,HLIT,2010-07-29,1,0,-0.002127990526273332
81621,31843,HLIT,2010-10-28,1,0,0.0012900099940953893
81621,31843,HLIT,2011-02-03,1,0,-0.004889587740359835
81621,31843,HLIT,2011-04-28,1,0,-0.004678785933750134
81621,31843,HLIT,2011-07-21,1,0,-0.003196616417259575
81621,31843,HLIT,2011-10-27,1,0,-0.0011599787039762053
81621,31843,HLIT,2012-01-31,1,0,-0.004398413185990676
81624,31775,ISNS,2010-08-04,1,0,-0.0032176580079083267
81624,31775,ISNS,2010-11-04,1,0,-0.006595964618240652
81624,31775,ISNS,2011-08-04,1,0,-0.017898263405161548
81624,31775,ISNS,2011-11-03,1,0,-0.026492560577237825
81655,31846,DRI,2010-09-21,1,0,-0.0002337955762370305
81655,31846,DRI,2010-12-20,1,0,0.007144113520335736
81655,31846,DRI,2011-09-28,1,0,0.00801855885673567
81655,31846,DRI,2011-12-16,1,0,0.003479172144060038
81655,31846,DRI,2012-03-23,1,1,0.022280057757971948
81655,31846,DRI,2013-03-22,1,0,0.0021660094505908467
81666,60902,HA,2010-07-27,1,0,-0.0002079215998419216
81666,60902,HA,2010-10-19,1,0,0.009650652967142804
81666,60902,HA,2011-07-26,1,0,0.015073352103689118
81666,60902,HA,2011-10-18,1,0,0.005954593872621291
81666,60902,HA,2012-01-31,1,0,0.005064053269291141
81666,60902,HA,2013-01-29,1,0,-0.02302893862006626
81670,60887,MFW,2010-08-05,1,0,-0.0031714254549592806
81670,60887,MFW,2010-11-04,1,0,0.0010373118064753361
81677,60979,WAB,2010-07-27,1,0,0.012563790329902859
81677,60979,WAB,2010-10-27,1,0,-0.008670815537658097
81677,60979,WAB,2011-07-26,1,0,0.0023644181313172852
81677,60979,WAB,2011-10-25,1,0,0.007487116090069696
81677,60979,WAB,2013-02-19,1,0,-0.0022184291821687255
81678,6737,LECO,2010-07-27,1,0,
81678,6737,LECO,2010-10-27,1,0,
81678,6737,LECO,2011-07-21,1,0,0.007108642714369606
81678,6737,LECO,2011-10-27,1,1,0.013477236068575146
81678,6737,LECO,2012-02-17,1,0,0.016191884672758526
81678,6737,LECO,2013-02-15,1,0,-0.01258309138400209
81696,60900,DISH,2010-08-09,1,0,
81696,60900,DISH,2010-11-05,1,0,
81696,60900,DISH,2011-08-09,1,0,
81696,60900,DISH,2011-11-07,1,0,
81696,60900,DISH,2012-02-23,1,0,
81696,60900,DISH,2012-05-07,1,0,-0.012219952859555511
81696,60900,DISH,2012-08-08,1,0,
81696,60900,DISH,2015-02-23,1,0,
81696,60900,DISH,2015-05-11,1,0,
81702,11315,WPP,2015-02-10,1,0,-0.0054930849267594405
81740,60800,SBGI,2010-08-04,1,0,0.0017931406851121271
81740,60800,SBGI,2010-11-03,1,0,0.007703918180608574
81740,60800,SBGI,2011-08-03,1,0,-0.007713839669508737
81740,60800,SBGI,2011-11-02,1,0,0.01407127969787882
81740,60800,SBGI,2013-02-06,1,0,0.007421001548024471
81774,14590,FCX,2015-01-27,1,0,-0.010904877749789927
81774,14590,FCX,2015-04-23,1,0,-0.0033688469362559235
81776,60992,WFR,2010-07-29,1,0,0.010150550985719662
81776,60992,WFR,2010-11-01,1,0,0.01580659549801332
81776,60992,WFR,2011-08-03,1,0,0.007025056034465928
81776,60992,WFR,2011-11-02,1,0,-0.018494635122899283
81776,60992,WFR,2012-02-15,1,0,-0.024902685849668246
81776,60992,WFR,2013-02-13,1,0,-0.003467411064057749
81857,60894,CAM,2010-08-04,1,0,-0.005875435082599998
81857,60894,CAM,2010-11-02,1,0,0.013937307329460956
81857,60894,CAM,2011-07-28,1,0,0.018466149465765636
81857,60894,CAM,2011-10-27,1,0,0.009413872000032077
81857,60894,CAM,2012-02-02,1,0,0.007961245469396461
81857,60894,CAM,2013-01-31,1,0,0.010325936702175501
81925,61153,GTI,2015-04-29,1,0,
82156,61140,DSCO,2013-03-13,1,0,-0.016145769497850584
82176,61192,BREW,2015-03-04,1,0,
82176,61192,BREW,2015-05-06,1,0,
82266,61338,CVO,2010-08-11,1,0,-0.0022667592196872685
82266,61338,CVO,2010-11-10,1,0,0.00038728472584183965
82266,61338,CVO,2011-08-10,1,1,-0.009214133133307148
82266,61338,CVO,2011-11-09,1,0,-0.0054197013559526275
82266,61338,CVO,2013-02-27,1,0,-0.014995944492234391
82272,61325,MD,2015-01-29,1,0,0.00951310015381732
82272,61325,MD,2015-04-30,1,0,-0.0003036473119633889
82279,8582,SENEA,2010-08-04,1,0,0.006999512694101323
82279,8582,SENEA,2011-01-27,1,0,0.0069267842651752265
82279,8582,SENEA,2011-08-03,1,0,-0.022013474382565054
82279,8582,SENEA,2011-10-27,1,0,0.011737105987189415
82281,61321,SMSI,2013-05-01,1,0,-0.006918871134722348
82281,61321,SMSI,2013-07-31,1,0,-0.01358788914604397
82287,61350,CRAY,2010-02-16,1,0,-0.019794112639507977
82287,61350,CRAY,2010-05-04,1,0,-0.021700929330455185
82287,61350,CRAY,2011-05-09,1,1,-0.01843425778621656
82287,61350,CRAY,2011-07-28,1,0,-0.007509063026539413
82287,61350,CRAY,2011-11-01,1,0,-0.015496064790490071
82287,61350,CRAY,2012-02-27,1,0,-0.0009591714551570518
82287,61350,CRAY,2012-04-26,1,1,0.000754298818901206
82287,61350,CRAY,2012-07-31,1,0,-0.010127206804505294
82287,61350,CRAY,2012-11-09,1,0,0.005226458298140933
82287,61350,CRAY,2013-02-14,1,0,0.0030790571588160966
82287,61350,CRAY,2013-04-30,1,0,-0.004538610985690276
82287,61350,CRAY,2013-07-31,1,0,-0.000599140406565485
82287,61350,CRAY,2013-11-11,1,0,
82292,61408,THG,2010-08-04,1,0,0.012453657351671081
82292,61408,THG,2010-11-03,1,0,0.013797980734613337
82292,61408,THG,2011-08-08,1,0,0.004547318701503299
82292,61408,THG,2011-11-02,1,0,0.0028341723426138126
82292,61408,THG,2012-02-08,1,0,0.0034689483765435354
82292,61408,THG,2013-02-06,1,0,0.005307367447505118
82486,61380,ERIE,2010-07-29,1,0,0.009526811545955985
82486,61380,ERIE,2010-11-04,1,0,0.01221373761109111
82486,61380,ERIE,2011-08-02,1,0,0.008859244428579688
82486,61380,ERIE,2012-02-27,1,0,0.012287007517981237
82486,61380,ERIE,2013-02-26,1,0,0.012763916671342293
82504,61398,LCRY,2010-08-18,1,0,0.006135093923866637
82504,61398,LCRY,2010-10-27,1,0,0.01747909860166301
82504,61398,LCRY,2011-01-26,1,0,0.020816672141296552
82504,61398,LCRY,2011-10-26,1,0,0.01320740704875072
82504,61398,LCRY,2012-01-25,1,0,-0.0071468499962640646
82513,61448,PCYC,2010-11-08,1,0,-0.0105834025090159
82513,61448,PCYC,2011-09-12,1,0,-0.0036610113591740157
82513,61448,PCYC,2011-11-07,1,0,-0.003950606849921618
82513,61448,PCYC,2012-02-09,1,0,-0.0026176147270098836
82513,61448,PCYC,2013-02-14,1,0,0.004753950592374557
82518,61418,RICK,2011-08-09,1,0,
82518,61418,RICK,2012-02-07,1,1,
82518,61418,RICK,2013-02-11,1,0,
82521,61439,RSYS,2015-02-03,1,0,0.0021705016136362044
82521,61439,RSYS,2015-04-28,1,0,-0.000874588733255255
82526,180698,OGXI,2010-08-05,1,0,
82526,180698,OGXI,2010-11-04,1,0,
82526,180698,OGXI,2011-08-04,1,0,
82526,180698,OGXI,2011-11-03,1,0,
82540,15274,WLT,2010-02-03,1,0,-0.01342882327206476
82540,15274,WLT,2010-04-28,1,0,0.00015703476162188396
82540,15274,WLT,2010-07-28,1,0,0.011145466268667359
82540,15274,WLT,2010-10-26,1,0,0.004775493213033262
82540,15274,WLT,2011-02-14,1,0,-0.004129941065244927
82540,15274,WLT,2011-04-20,1,0,-0.001005806005356072
82540,15274,WLT,2011-08-03,1,0,-0.003638678234398644
82540,15274,WLT,2011-11-02,1,0,0.0007038123985536994
82540,15274,WLT,2012-02-21,1,0,-0.00034058422899114343
82540,15274,WLT,2012-05-02,1,0,-0.0001478138965441975
82540,15274,WLT,2012-08-01,1,1,0.0066815411991013995
82540,15274,WLT,2012-11-05,1,1,-0.013885166039722995
82540,15274,WLT,2013-02-20,1,1,-0.010024517536612045
82540,15274,WLT,2013-08-01,1,0,-0.010826505078407692
82540,15274,WLT,2013-10-30,1,0,-0.0019972567371786595
82541,30029,NMRX,2010-07-27,1,0,0.006473393440910227
82541,30029,NMRX,2011-07-28,1,0,-0.006864800613552446
82541,30029,NMRX,2011-10-27,1,0,-0.004416764029242957
82541,30029,NMRX,2013-03-18,1,0,0.00038549309405048506
82546,61557,ADVS,2010-04-28,1,0,-0.012120632231579826
82546,61557,ADVS,2010-07-26,1,0,-0.00687951167778421
82546,61557,ADVS,2010-10-25,1,0,0.010502450981711205
82546,61557,ADVS,2011-02-07,1,0,0.018393694596661174
82546,61557,ADVS,2011-04-26,1,1,0.007885247549616503
82546,61557,ADVS,2011-07-25,1,0,-0.004276709441751432
82546,61557,ADVS,2011-10-24,1,0,0.011245249243705586
82546,61557,ADVS,2012-04-30,1,0,0.0014874031451047823
82546,61557,ADVS,2012-07-30,1,1,0.003399354062019957
82546,61557,ADVS,2013-02-04,1,0,0.007792316848873498
82546,61557,ADVS,2013-04-29,1,1,0.0012437965284339053
82546,61557,ADVS,2013-07-29,1,0,0.0002640123756892437
82546,61557,ADVS,2013-10-28,1,0,-0.0015085049764788899
82547,61562,AEIS,2010-07-21,1,0,0.013202160498614526
82552,61544,ASFI,2010-08-04,1,0,
82581,61494,HSIC,2010-08-02,1,0,-0.0062430029422315125
82581,61494,HSIC,2010-10-29,1,0,-0.0033096456459099626
82581,61494,HSIC,2011-08-02,1,0,0.009272562400674745
82581,61494,HSIC,2011-11-01,1,0,0.003623537810183754
82581,61494,HSIC,2012-02-15,1,0,6.080959089299273e-05
82581,61494,HSIC,2013-02-13,1,0,-0.003463786970640887
82587,61587,IVAC,2015-05-04,1,0,0.009904731838485965
82598,61591,NTAP,2010-02-17,1,0,0.010751249475388368
82598,61591,NTAP,2010-05-26,1,0,-0.00017814619783607533
82598,61591,NTAP,2010-08-18,1,0,-0.01866603140643555
82598,61591,NTAP,2011-02-16,1,0,0.0058103193503229135
82598,61591,NTAP,2011-05-25,1,0,0.007445995962350874
82598,61591,NTAP,2011-08-17,1,0,-0.011274057715071844
82598,61591,NTAP,2011-11-16,1,0,-0.005032351852581435
82598,61591,NTAP,2012-02-15,1,0,0.009129442816983165
82598,61591,NTAP,2012-05-23,1,1,0.0014715772648225293
82598,61591,NTAP,2012-08-15,1,1,-0.001728627746994187
82598,61591,NTAP,2012-11-14,1,1,0.009832557428728116
82598,61591,NTAP,2013-02-13,1,1,-0.0001916297091177268
82598,61591,NTAP,2013-05-21,1,1,0.0070825220778945345
82598,61591,NTAP,2013-08-14,1,0,-0.008326778417093483
82598,61591,NTAP,2013-11-13,1,0,-0.007034764244274922
82599,61635,NWPX,2010-11-16,1,0,0.011529723698787533
82599,61635,NWPX,2011-05-10,1,0,0.02091722523836604
82599,61635,NWPX,2011-08-05,1,0,
82599,61635,NWPX,2012-05-14,1,0,0.006687493777269409
82599,61635,NWPX,2012-08-06,1,0,0.00044312439585489794
82599,61635,NWPX,2012-11-08,1,0,-6.035763568329813e-05
82599,61635,NWPX,2013-05-06,1,0,-0.0010017189957000523
82599,61635,NWPX,2013-08-05,1,0,0.004390600730769131
82599,61635,NWPX,2013-11-04,1,0,0.006710887089601949
82607,61600,PRXL,2010-08-09,1,0,0.0007148801368062549
82607,61600,PRXL,2010-11-01,1,0,-0.039437491708172276
82607,61600,PRXL,2011-01-31,1,0,0.0059851982249214085
82607,61600,PRXL,2011-08-09,1,1,-0.009432987308575268
82607,61600,PRXL,2011-10-31,1,1,0.0013533665404059161
82607,61600,PRXL,2012-01-30,1,1,0.0017431693450531294
82607,61600,PRXL,2013-01-29,1,0,-0.006416116554573198
82618,61513,SNDK,2015-01-21,1,1,-0.022139324707349063
82618,61513,SNDK,2015-04-15,1,0,-0.03251865501335544
82634,61581,SAM,2010-08-03,1,0,-0.012478761679895011
82634,61581,SAM,2012-02-22,1,0,0.009945082025372967
82634,61581,SAM,2013-02-20,1,0,-0.00274926902444147
82642,61567,EL,2015-02-05,1,0,-0.015324801500629053
82642,61567,EL,2015-05-05,1,0,0.015643333040185274
82643,61552,LXK,2010-07-27,1,0,0.0072299517221626666
82643,61552,LXK,2010-10-26,1,0,0.009932312368936838
82643,61552,LXK,2011-07-26,1,0,-0.0009336106095236378
82643,61552,LXK,2011-10-25,1,0,-0.005423312168829745
82643,61552,LXK,2012-01-31,1,1,-0.022779024396704817
82643,61552,LXK,2013-01-29,1,1,-0.016408078142686633
82644,61589,MIG,2010-08-02,1,0,
82644,61589,MIG,2010-11-01,1,0,
82644,61589,MIG,2011-08-01,1,0,
82644,61589,MIG,2011-10-31,1,0,
82644,61589,MIG,2012-02-14,1,0,
82644,61589,MIG,2013-02-12,1,0,
82649,61519,SWM,2010-08-04,1,0,-0.025066346810292843
82649,61519,SWM,2010-11-03,1,0,-0.013068180625436332
82651,61574,WAT,2015-01-26,1,0,
82651,61574,WAT,2015-04-28,1,0,
82686,61676,CTXS,2015-01-28,1,0,0.00932314369843016
82686,61676,CTXS,2015-04-22,1,1,-0.03619634573103758
82694,6223,EME,2015-02-26,1,0,0.0027611488436632826
82694,6223,EME,2015-04-30,1,0,-0.0013133153035731187
82699,61763,RDEN,2011-04-28,1,0,0.00113017578240889
82699,61763,RDEN,2011-08-11,1,0,0.017673507035712722
82699,61763,RDEN,2011-11-03,1,0,0.004835058960188474
82699,61763,RDEN,2012-02-02,1,0,0.010007898114654096
82699,61763,RDEN,2012-05-03,1,0,-0.013440560248600271
82699,61763,RDEN,2012-08-09,1,0,4.412016636887693e-06
82699,61763,RDEN,2015-02-05,1,0,-0.013525413588570538
82699,61763,RDEN,2015-05-07,1,0,-0.01197773525656364
82717,61703,KNSY,2010-08-23,1,0,0.013070332411593704
82717,61703,KNSY,2010-10-21,1,0,-0.02398532792063307
82717,61703,KNSY,2011-08-18,1,0,-0.015627316957383466
82717,61703,KNSY,2011-10-20,1,0,-0.006961781767040548
82717,61703,KNSY,2012-02-02,1,0,0.004772981833493959
82759,61685,NUAN,2015-02-05,1,1,0.00592519979658045
82759,61685,NUAN,2015-05-07,1,1,0.0008078762345420506
82766,61737,ZRAN,2010-04-26,1,0,-0.0039722911588566615
82766,61737,ZRAN,2010-07-26,1,0,-0.02057333956216347
82766,61737,ZRAN,2010-10-25,1,0,-0.013106352833933457
82766,61737,ZRAN,2011-02-03,1,0,0.0005155470726531108
82766,61737,ZRAN,2011-05-09,1,0,-0.013118024162194887
82766,61737,ZRAN,2011-07-26,1,0,0.0011996457427083454
82775,61739,HIG,2015-02-02,1,1,0.0014289630212689043
82775,61739,HIG,2015-04-27,1,0,-0.003574894240406771
82779,61655,NVAX,2010-08-06,1,0,-0.006015666231403035
82779,61655,NVAX,2010-11-05,1,0,-0.005342895280404559
82825,61900,LCAV,2010-07-27,1,0,-0.01188638196705963
82825,61900,LCAV,2010-10-26,1,0,-0.015236872585029577
82825,61900,LCAV,2011-07-26,1,0,-0.01569454092194602
82825,61900,LCAV,2011-10-25,1,0,-4.1015403379160084e-05
82825,61900,LCAV,2012-02-14,1,0,0.0070397855902395645
82825,61900,LCAV,2013-02-19,1,0,-0.008823184879705515
82855,4241,EE,2015-05-06,1,0,
82859,62290,REV,2015-03-12,1,0,-0.002228642542173592
83011,11511,WSM,2015-03-18,1,1,0.0015393894557387986
83011,11511,WSM,2015-05-20,1,1,-0.009682264136839232
83111,62263,ALXN,2015-01-29,1,1,0.0014279764610667448
83111,62263,ALXN,2015-04-23,1,0,0.005006559025293317
83112,1659,ANDE,2010-08-04,1,0,0.004681664316710819
83112,1659,ANDE,2010-11-03,1,0,-0.0022980398832635734
83112,1659,ANDE,2011-08-03,1,0,0.009544136854186758
83112,1659,ANDE,2011-11-08,1,1,0.009901388395201074
83112,1659,ANDE,2012-02-08,1,1,0.007302639316619072
83112,1659,ANDE,2013-02-06,1,0,0.00892478740804778
83124,62266,CSGS,2015-02-04,1,0,0.0042584806659690215
83124,62266,CSGS,2015-05-05,1,0,0.009264645004573982
83131,62016,DGIT,2012-05-09,1,0,
83131,62016,DGIT,2012-08-09,1,1,
83131,62016,DGIT,2012-11-08,1,1,
83131,62016,DGIT,2013-05-07,1,0,
83131,62016,DGIT,2013-08-06,1,0,
83131,62016,DGIT,2013-11-06,1,0,
83145,62168,IRIX,2013-02-28,1,0,0.014211767744704586
83186,3707,DST,2010-07-27,1,0,-0.007286479396642781
83186,3707,DST,2010-10-26,1,0,-0.0011229167133638678
83186,3707,DST,2011-07-26,1,0,-0.012676136527217207
83186,3707,DST,2011-11-02,1,0,-0.006976099702148851
83233,5338,GEF,2010-09-01,1,0,
83233,5338,GEF,2010-12-08,1,0,
83233,5338,GEF,2011-08-31,1,0,
83244,62516,CENX,2010-07-27,1,0,-0.011975781702302532
83244,62516,CENX,2010-10-26,1,0,-0.004413430710682134
83244,62516,CENX,2011-02-15,1,1,0.001846015241305233
83244,62516,CENX,2011-05-03,1,1,-0.005752651364801175
83244,62516,CENX,2011-08-04,1,0,
83244,62516,CENX,2011-10-25,1,0,-0.009591931717811567
83244,62516,CENX,2012-02-23,1,0,-0.008155654888622538
83244,62516,CENX,2012-04-24,1,0,-0.009844528462582944
83244,62516,CENX,2012-07-24,1,0,-0.010631303354887526
83244,62516,CENX,2012-11-01,1,1,-0.00888094659047088
83244,62516,CENX,2013-02-21,1,0,-0.0066444406050024055
83244,62516,CENX,2013-04-25,1,1,-0.018832628279579017
83244,62516,CENX,2013-07-30,1,1,
83244,62516,CENX,2013-11-04,1,0,-0.007330381498625443
83272,62378,HUBG,2010-07-21,1,0,0.013845732017842727
83272,62378,HUBG,2010-10-19,1,0,0.017199027208918923
83272,62378,HUBG,2011-01-27,1,0,0.013021992236719014
83272,62378,HUBG,2011-07-27,1,0,0.010068460882964118
83272,62378,HUBG,2011-10-24,1,0,0.012696561863021209
83272,62378,HUBG,2012-01-26,1,0,0.008040522442766826
83272,62378,HUBG,2013-01-29,1,0,0.0044924303971289265
83291,62391,ELNK,2010-07-27,1,0,0.024127333424718934
83291,62391,ELNK,2010-10-26,1,0,
83291,62391,ELNK,2011-07-28,1,0,
83291,62391,ELNK,2011-10-27,1,0,
83291,62391,ELNK,2012-02-16,1,0,-0.0012842143390757663
83291,62391,ELNK,2013-02-19,1,0,-0.01993511641462193
83307,62317,PGI,2015-02-17,1,0,-0.00016306068420060896
83307,62317,PGI,2015-04-23,1,0,-0.029168154132270044
83333,62667,PSS,2010-03-09,1,0,0.0002302980561393088
83333,62667,PSS,2010-06-01,1,0,-0.004446185567878517
83333,62667,PSS,2010-09-01,1,0,-0.00836963311282716
83333,62667,PSS,2010-12-01,1,0,-0.0007436675373206272
83333,62667,PSS,2011-03-02,1,0,0.014887446196184973
83333,62667,PSS,2011-05-24,1,1,-0.008722202782768591
83333,62667,PSS,2011-08-24,1,0,-0.018979527813282535
83333,62667,PSS,2011-11-21,1,0,-0.016809358658324454
83333,62667,PSS,2012-02-28,1,0,-0.002493719465640226
83366,62686,CRR,2010-07-29,1,0,0.01921214775363453
83366,62686,CRR,2010-10-28,1,0,0.00878865472333415
83366,62686,CRR,2011-01-27,1,0,0.010002183931464815
83366,62686,CRR,2011-07-28,1,0,0.013440589766619578
83366,62686,CRR,2011-10-27,1,0,0.011866422719729524
83366,62686,CRR,2012-01-26,1,0,-0.009154287942297548
83366,62686,CRR,2013-01-31,1,0,0.0022913492869689467
83377,62700,MTXX,2010-08-03,1,0,-0.021112407803137244
83377,62700,MTXX,2010-10-25,1,0,-0.024591919397051805
83405,62730,PLCM,2010-04-21,1,0,-0.011975391867539322
83405,62730,PLCM,2010-07-15,1,0,-0.004473321864377185
83405,62730,PLCM,2010-10-21,1,0,0.0034812023337475757
83405,62730,PLCM,2011-01-20,1,0,-0.0033587442063228133
83405,62730,PLCM,2011-04-21,1,0,0.010619996460407358
83405,62730,PLCM,2011-07-21,1,0,0.0014056660123454318
83405,62730,PLCM,2011-10-19,1,0,-0.007132572788122108
83405,62730,PLCM,2012-01-23,1,0,0.008244490661996248
83405,62730,PLCM,2015-01-22,1,0,0.01045674830160111
83405,62730,PLCM,2015-04-22,1,0,0.0073864078996773355
83411,62626,EPM,2010-11-11,1,0,-0.02173082075216949
83411,62626,EPM,2011-09-07,1,0,-0.014727666575291775
83411,62626,EPM,2011-11-09,1,0,
83411,62626,EPM,2013-02-05,1,0,
83421,62655,DF,2010-08-03,1,0,-0.024235819241217475
83421,62655,DF,2010-11-09,1,0,-0.062191118451094984
83421,62655,DF,2011-08-04,1,0,-0.01323499299765441
83421,62655,DF,2011-11-09,1,1,-0.013953374486512767
83421,62655,DF,2012-02-15,1,1,-0.003926274113472506
83421,62655,DF,2013-02-13,1,0,
83435,62634,YHOO,2015-01-27,1,0,
83435,62634,YHOO,2015-04-21,1,0,-0.0039286504162608284
83452,62922,NDN,2011-08-08,1,0,-0.006921980183619137
83452,62922,NDN,2011-11-09,1,0,-0.002519161934340165
83462,62897,TUP,2010-07-19,1,0,-0.033015201744021956
83462,62897,TUP,2010-10-19,1,0,-0.004487378398384581
83462,62897,TUP,2011-07-27,1,1,0.0015420990216620158
83462,62897,TUP,2011-10-26,1,0,0.004211195129078885
83462,62897,TUP,2012-02-01,1,0,0.006809474121141579
83469,17341,ARTNA,2010-08-05,1,0,
83469,17341,ARTNA,2010-11-05,1,0,
83469,17341,ARTNA,2011-08-05,1,0,
83469,17341,ARTNA,2011-11-03,1,0,
83503,62948,EXAC,2015-02-17,1,0,0.011921446627942651
83503,62948,EXAC,2015-04-28,1,0,-0.011635826803710838
83509,62823,FCN,2010-08-05,1,0,0.0010482104564523333
83509,62823,FCN,2010-11-05,1,0,
83509,62823,FCN,2011-08-04,1,0,0.011760429611164355
83509,62823,FCN,2011-11-02,1,0,0.014126027142265133
83509,62823,FCN,2012-02-23,1,0,0.020109452456967613
83520,62745,JAKK,2015-02-25,1,0,-0.0010913123305375978
83520,62745,JAKK,2015-04-21,1,0,0.01517833861625028
83534,62921,NBIX,2010-07-28,1,0,0.00813120827596774
83534,62921,NBIX,2010-10-28,1,0,0.004638295402859814
83534,62921,NBIX,2011-07-28,1,0,0.0067764737684357975
83534,62921,NBIX,2011-10-31,1,0,0.0067765886152876195
83534,62921,NBIX,2012-02-08,1,0,0.0038606108471210088
83534,62921,NBIX,2013-02-08,1,0,0.011641803422401363
83541,62826,ONXX,2010-08-04,1,0,-0.0015170982561595776
83541,62826,ONXX,2010-11-03,1,0,0.013480388517080832
83541,62826,ONXX,2011-08-03,1,0,0.002520477184340681
83541,62826,ONXX,2011-11-02,1,1,0.010990242222917068
83541,62826,ONXX,2012-02-22,1,1,0.00866497555947585
83541,62826,ONXX,2012-11-01,1,1,0.00837865712078741
83541,62826,ONXX,2013-02-21,1,1,0.01161197246432145
83541,62826,ONXX,2013-05-07,1,1,0.014209767720357577
83541,62826,ONXX,2013-08-08,1,0,0.010706277977175235
83558,62967,SRZ,2011-08-03,1,0,-0.0011799887636012767
83565,62919,TAXI,2015-02-17,1,0,
83565,62919,TAXI,2015-04-29,1,0,
83601,11600,WOR,2012-01-05,1,0,-0.000996002172449024
83601,11600,WOR,2012-03-29,1,0,0.004089213779722247
83601,11600,WOR,2012-06-28,1,0,0.00953783749602317
83601,11600,WOR,2012-09-26,1,0,0.011858759140772423
83601,11600,WOR,2013-01-03,1,0,0.004661906168619273
83601,11600,WOR,2013-03-21,1,0,0.0037732188138741764
83601,11600,WOR,2013-06-27,1,0,-0.015656049166986277
83601,11600,WOR,2013-09-25,1,0,0.003162644196644072
83602,63138,IMN,2015-05-06,1,0,-0.0016786718268760013
83616,62990,AFFX,2015-02-04,1,1,0.017595007487150358
83616,62990,AFFX,2015-04-29,1,0,0.017364868932845473
83621,63080,ANSS,2011-08-04,1,1,0.016314943944604428
83621,63080,ANSS,2011-11-03,1,0,0.003189090925149403
83621,63080,ANSS,2013-02-28,1,0,0.003630307824424124
83633,63083,ELGX,2010-07-22,1,0,
83633,63083,ELGX,2010-10-27,1,0,-0.018595645759764308
83633,63083,ELGX,2011-07-21,1,0,
83659,28460,FXEN,2010-11-09,1,0,
83659,28460,FXEN,2011-03-07,1,0,
83659,28460,FXEN,2011-05-09,1,0,
83659,28460,FXEN,2011-08-09,1,0,
83659,28460,FXEN,2011-11-09,1,0,
83659,28460,FXEN,2012-03-12,1,0,
83659,28460,FXEN,2012-05-10,1,0,
83659,28460,FXEN,2012-08-09,1,1,
83659,28460,FXEN,2013-03-14,1,0,
83659,28460,FXEN,2013-05-09,1,0,
83659,28460,FXEN,2013-08-08,1,0,
83659,28460,FXEN,2013-11-07,1,0,
83661,63123,GWR,2015-02-10,1,0,-0.0033471467399979592
83661,63123,GWR,2015-05-01,1,0,-0.020417380844947812
83671,22207,TBI,2015-02-05,1,1,0.004200455363162497
83671,22207,TBI,2015-04-23,1,0,0.005550701625989831
83699,62984,TIE,2010-08-03,1,0,-0.01031077334410409
83699,62984,TIE,2010-11-02,1,0,-0.0019350974132098277
83699,62984,TIE,2011-08-02,1,0,
83720,63288,FFG,2015-02-05,1,0,0.019575046926500243
83720,63288,FFG,2015-05-07,1,0,0.016032752993930956
83779,63290,PEGA,2010-02-22,1,0,0.0003538232356076719
83779,63290,PEGA,2010-04-22,1,0,0.003997006403527313
83779,63290,PEGA,2010-08-09,1,0,-0.007000170146589055
83779,63290,PEGA,2010-11-09,1,0,0.012029077279862927
83779,63290,PEGA,2011-03-16,1,1,-0.006461608665668986
83779,63290,PEGA,2011-05-10,1,1,0.014190127899095961
83779,63290,PEGA,2011-08-09,1,0,0.017712367311893205
83779,63290,PEGA,2011-11-09,1,0,
83779,63290,PEGA,2012-02-29,1,0,0.0038871191075304685
83779,63290,PEGA,2012-05-03,1,0,0.002112072955920856
83779,63290,PEGA,2012-08-09,1,1,-0.022187292195876257
83779,63290,PEGA,2012-11-08,1,1,0.0019966135690478682
83779,63290,PEGA,2013-05-06,1,1,-0.011040843983426722
83799,63338,STRA,2015-05-06,1,0,-0.011659433609401597
83815,63135,DCOM,2010-04-28,1,0,
83815,63135,DCOM,2010-07-23,1,0,
83815,63135,DCOM,2010-10-25,1,0,-0.00361731675874059
83815,63135,DCOM,2011-01-27,1,0,
83815,63135,DCOM,2011-04-27,1,0,
83815,63135,DCOM,2011-07-28,1,0,
83815,63135,DCOM,2011-10-27,1,0,
83815,63135,DCOM,2012-01-26,1,0,
83815,63135,DCOM,2012-04-26,1,0,
83815,63135,DCOM,2012-07-26,1,0,
83815,63135,DCOM,2012-10-25,1,0,
83815,63135,DCOM,2013-01-24,1,0,
83815,63135,DCOM,2013-04-25,1,0,0.0036358885530792954
83815,63135,DCOM,2013-07-25,1,0,-0.0010315927897455073
83815,63135,DCOM,2013-10-28,1,0,
83822,63447,GES,2010-08-25,1,0,0.009103428379875744
83822,63447,GES,2010-11-23,1,0,0.015191242799667597
83822,63447,GES,2011-08-24,1,1,0.001500167428241191
83822,63447,GES,2011-11-30,1,0,-0.001061631292808742
83822,63447,GES,2012-03-14,1,0,-0.003930119722448989
83822,63447,GES,2013-03-20,1,0,-0.01358220623817367
83832,63424,LVB,2010-08-05,1,0,0.011048534452705809
83832,63424,LVB,2010-11-04,1,0,-0.007165041189092676
83832,63424,LVB,2011-08-04,1,0,0.00790928311761096
83832,63424,LVB,2011-11-08,1,0,0.009363560187703011
83834,63495,WG,2010-03-11,1,0,
83834,63495,WG,2010-05-10,1,0,
83834,63495,WG,2010-08-04,1,0,
83834,63495,WG,2010-11-08,1,0,
83834,63495,WG,2011-03-14,1,0,
83834,63495,WG,2011-05-09,1,0,-0.0019456114283004696
83834,63495,WG,2011-08-01,1,0,
83834,63495,WG,2011-11-07,1,0,
83856,63456,CSV,2010-08-04,1,0,-0.025033186858145692
83856,63456,CSV,2010-11-04,1,0,-0.02215965230735214
83856,63456,CSV,2011-08-03,1,0,
83856,63456,CSV,2013-02-25,1,0,0.0081886327394829
83862,63501,ETFC,2015-01-22,1,1,0.01158662208795494
83862,63501,ETFC,2015-04-23,1,0,0.0019629195284504644
83883,63490,BIOS,2013-03-11,1,0,
83885,63531,MVIS,2015-04-30,1,0,0.012485629857225091
83910,63520,TACT,2015-05-06,1,0,0.00599036671945523
83916,63417,TTEC,2010-02-22,1,0,0.003472295686841991
83916,63417,TTEC,2010-05-05,1,0,0.007748642297955244
83916,63417,TTEC,2010-08-04,1,0,-0.004946674642092154
83928,63600,CYMI,2010-07-22,1,0,0.0017672391159929057
83928,63600,CYMI,2010-10-21,1,0,0.005149345247308948
83928,63600,CYMI,2011-07-21,1,0,-0.009763218488943017
83928,63600,CYMI,2011-10-20,1,1,-0.0166127935117479
83950,63650,SPPI,2015-03-13,1,0,-0.004131962241055732
83950,63650,SPPI,2015-05-07,1,0,-0.01552834272105731
83961,63651,RSTI,2010-08-05,1,0,0.004092421313812362
83961,63651,RSTI,2010-11-05,1,0,0.013133292035054988
83961,63651,RSTI,2011-08-04,1,0,-0.0014648124761236486
83961,63651,RSTI,2011-11-04,1,0,0.0051134617048735915
83961,63651,RSTI,2012-02-02,1,0,-0.005669481690155834
83961,63651,RSTI,2013-02-07,1,0,0.013327409559470458
83976,63643,ANF,2010-08-17,1,0,-0.0011239389092957495
83976,63643,ANF,2010-11-16,1,0,
84010,63863,USNA,2015-02-10,1,0,0.006906623201838335
84010,63863,USNA,2015-05-05,1,0,0.010318094829465704
84032,63892,NOV,2015-02-03,1,0,0.004324673708282795
84032,63892,NOV,2015-04-28,1,0,0.009485209737554446
84041,63876,TGI,2015-01-28,1,0,-0.005402915787658485
84041,63876,TGI,2015-05-07,1,0,0.010899007051728124
84052,63789,ARQL,2015-05-06,1,0,
84084,63763,HIBB,2015-03-13,1,0,0.012268521922636454
84084,63763,HIBB,2015-05-22,1,0,-0.01965476517880739
84103,63724,NCI,2015-02-12,1,0,0.005372617786529573
84103,63724,NCI,2015-04-28,1,0,0.006000825745114111
84129,11687,ZION,2010-07-19,1,0,0.0033624500334760027
84129,11687,ZION,2010-10-18,1,0,0.006860430027329232
84129,11687,ZION,2011-01-24,1,0,0.0066012353351012016
84129,11687,ZION,2011-07-18,1,0,0.014634404950531442
84129,11687,ZION,2011-10-24,1,0,-0.02222302453736561
84129,11687,ZION,2012-01-23,1,0,0.0025705428485276382
84129,11687,ZION,2013-01-28,1,0,0.0023862732103026706
84161,11694,ZIGO,2010-05-04,1,0,0.010218317705768604
84168,63919,IM,2010-07-29,1,0,0.011980652820425208
84168,63919,IM,2010-10-28,1,0,0.011748983690006758
84168,63919,IM,2011-07-28,1,0,-0.012639112787992743
84168,63919,IM,2011-10-27,1,0,-0.008021535597253524
84168,63919,IM,2012-02-08,1,0,0.029834273488052815
84168,63919,IM,2013-02-13,1,0,0.011254851230803223
84172,64028,NUS,2010-07-28,1,0,0.01012878108028787
84172,64028,NUS,2010-11-02,1,0,0.0035271312265623767
84172,64028,NUS,2011-08-02,1,0,0.0010121189594708077
84172,64028,NUS,2011-10-25,1,0,0.003772501121117191
84172,64028,NUS,2012-02-02,1,0,0.025740438885432447
84172,64028,NUS,2013-02-06,1,0,-0.011435643978695268
84176,14535,SSP,2010-11-02,1,0,
84176,14535,SSP,2011-08-09,1,1,-0.011189001239214827
84176,14535,SSP,2011-11-08,1,0,-0.020665507192904026
84176,14535,SSP,2012-02-24,1,0,-0.006439813603828235
84210,64061,FORR,2015-04-29,1,0,0.006161123126735979
84226,6116,ISCA,2010-07-08,1,0,-0.01801825623656561
84226,6116,ISCA,2010-10-07,1,0,-0.024525911460884627
84226,6116,ISCA,2011-07-07,1,0,-0.0075329160636959935
84226,6116,ISCA,2011-10-06,1,0,-0.02268316458173604
84226,6116,ISCA,2012-01-26,1,0,0.0033215995222766114
84262,64030,STLD,2010-07-19,1,0,-0.007024345012522701
84262,64030,STLD,2010-10-18,1,0,0.008299755742479724
84262,64030,STLD,2011-01-24,1,0,-0.003493979122032899
84262,64030,STLD,2011-07-18,1,0,
84262,64030,STLD,2011-10-17,1,0,
84262,64030,STLD,2012-01-24,1,0,0.004415256141091296
84262,64030,STLD,2013-01-28,1,0,
84275,63927,UNFI,2010-09-08,1,0,-0.0025480488419083163
84275,63927,UNFI,2010-12-08,1,0,-0.012555813316182487
84275,63927,UNFI,2011-09-08,1,0,0.013229466230132454
84275,63927,UNFI,2011-11-30,1,0,-0.0012904935531415293
84275,63927,UNFI,2012-03-06,1,0,0.009163717362218134
84275,63927,UNFI,2013-02-26,1,0,0.002505032772664918
84275,63927,UNFI,2015-03-09,1,0,-0.010737771117512436
84281,64004,VPHM,2010-07-28,1,0,-0.002716943214332102
84281,64004,VPHM,2010-10-27,1,0,0.0004104243107557193
84281,64004,VPHM,2011-07-28,1,0,0.00044015844661231696
84281,64004,VPHM,2011-10-27,1,0,-0.009135042127870257
84281,64004,VPHM,2012-02-28,1,0,-0.002359012240658735
84281,64004,VPHM,2013-02-27,1,0,0.004520534170502281
84319,64175,LAD,2010-02-24,1,0,-0.019664832319547132
84319,64175,LAD,2010-04-27,1,0,0.003661460023944959
84319,64175,LAD,2010-07-29,1,0,-0.0017820661413006488
84319,64175,LAD,2010-10-27,1,0,0.0009559920245062505
84319,64175,LAD,2011-02-23,1,1,-0.006043189892813073
84319,64175,LAD,2011-04-27,1,0,-0.007457684976730683
84319,64175,LAD,2011-07-27,1,0,-0.0005849324236122562
84319,64175,LAD,2011-10-26,1,0,-0.007740788993176121
84319,64175,LAD,2012-02-22,1,0,
84319,64175,LAD,2012-04-25,1,0,-0.0003296223457181094
84319,64175,LAD,2012-07-25,1,0,0.00343140468847515
84319,64175,LAD,2012-10-24,1,0,0.0009516288985119796
84319,64175,LAD,2013-02-20,1,0,-0.008333200476119651
84319,64175,LAD,2013-04-24,1,1,
84319,64175,LAD,2013-07-24,1,1,0.004672312336909391
84319,64175,LAD,2013-10-23,1,0,0.0017263046661553988
84325,64102,SNAK,2010-07-27,1,0,
84325,64102,SNAK,2010-10-20,1,0,0.007653803088472242
84325,64102,SNAK,2011-07-28,1,0,0.017342977471679562
84325,64102,SNAK,2011-10-26,1,0,0.003752908529743328
84325,64102,SNAK,2013-02-28,1,0,0.011934815226077845
84348,64088,VSAT,2010-08-09,1,0,-0.02212512578550383
84348,64088,VSAT,2010-11-04,1,0,-0.016322874793207244
84348,64088,VSAT,2011-08-05,1,0,-0.010465636248501555
84348,64088,VSAT,2011-11-07,1,0,-0.019136304947030308
84348,64088,VSAT,2012-02-06,1,0,-0.01170812091400794
84348,64088,VSAT,2013-02-06,1,0,0.010950473327698116
84364,64162,CVD,2010-07-28,1,0,-0.025575556156222097
84364,64162,CVD,2010-11-03,1,0,-0.014238259213583534
84364,64162,CVD,2011-01-26,1,0,-0.0018022705588501397
84364,64162,CVD,2011-07-27,1,0,-2.63237057541851e-05
84364,64162,CVD,2011-11-02,1,0,0.008205637319848273
84364,64162,CVD,2012-01-25,1,0,0.004150030028578
84364,64162,CVD,2013-01-24,1,0,-0.003391174648658117
84365,64135,DEL,2015-02-25,1,0,0.014018295068593771
84365,64135,DEL,2015-04-20,1,0,0.0030905180542011184
84372,7648,NCR,2015-04-28,1,0,-0.007088540520004747
84373,64166,DGX,2010-07-21,1,0,-0.013426250806075528
84373,64166,DGX,2010-10-20,1,0,-0.0041632083703312395
84373,64166,DGX,2011-01-25,1,0,0.01369803616838813
84373,64166,DGX,2011-07-20,1,0,-0.0012829486702242137
84373,64166,DGX,2011-10-25,1,0,-0.002189675511489098
84373,64166,DGX,2012-01-24,1,0,0.0014331856333112377
84373,64166,DGX,2013-01-23,1,0,-0.007675948731689128
84375,10443,TEN,2015-02-02,1,0,0.008961918703791726
84375,10443,TEN,2015-04-27,1,0,0.011444505314469652
84381,9203,ROK,2015-01-28,1,0,-0.002796673927739522
84381,9203,ROK,2015-04-30,1,0,0.010550770413203401
84385,64302,NSP,2015-05-01,1,0,
84389,64547,SSB,2015-01-27,1,0,0.008395687267517547
84389,64547,SSB,2015-04-30,1,0,0.0071867864158385655
84403,11580,WGOV,2010-04-22,1,0,0.005897559809084258
84403,11580,WGOV,2010-07-28,1,0,0.010391838125910392
84403,11580,WGOV,2011-01-24,1,0,-0.004770250175386556
84403,11580,WWD,2011-04-25,1,1,0.012108370494376436
84403,11580,WWD,2011-07-25,1,0,0.014714807214372684
84403,11580,WWD,2011-11-14,1,0,
84403,11580,WWD,2012-01-23,1,0,0.01112655639184051
84403,11580,WWD,2012-04-23,1,0,0.0060808735203441225
84403,11580,WWD,2012-07-23,1,0,-0.010211981340775304
84403,11580,WWD,2012-11-13,1,0,0.007891872928966844
84403,11580,WWD,2013-01-22,1,1,-0.004836767968250935
84403,11580,WWD,2013-04-22,1,1,-0.009415052270133612
84403,11580,WWD,2013-07-25,1,1,0.009130674058565772
84403,11580,WWD,2013-11-12,1,0,0.0011203837005765178
84413,64327,CERS,2015-02-26,1,0,-0.005860976351631179
84413,64327,CERS,2015-05-05,1,0,-0.02051290288653867
84416,64304,CWTR,2010-08-25,1,0,0.005197190628743092
84416,64304,CWTR,2010-12-02,1,0,-0.029466540623853704
84438,64254,SNHY,2010-08-09,1,0,
84438,64254,SNHY,2010-11-08,1,0,
84438,64254,SNHY,2011-05-09,1,1,
84438,64254,SNHY,2011-08-08,1,0,
84438,64254,SNHY,2011-11-07,1,0,
84438,64254,SNHY,2012-03-12,1,0,
84438,64254,SNHY,2012-08-06,1,0,
84438,64254,SNHY,2012-11-05,1,1,
84438,64254,SNHY,2013-03-04,1,1,
84438,64254,SNHY,2013-08-05,1,0,
84438,64254,SNHY,2013-11-04,1,0,
84519,64356,CIEN,2015-03-05,1,0,0.010891454865055125
84555,64408,OVRL,2011-09-13,1,0,0.0006675152615686873
84555,64408,OVRL,2011-11-16,1,0,-0.002468308899438951
84555,64408,OVRL,2012-02-09,1,0,0.007221271083458187
84555,64408,OVRL,2012-05-10,1,0,0.01046769010099037
84555,64408,OVRL,2012-11-14,1,0,-0.01833010636730375
84555,64408,OVRL,2013-02-13,1,0,
84555,64408,OVRL,2013-05-15,1,0,-0.002879182271279092
84559,64341,ERT,2011-08-01,1,0,-0.007209964016558787
84559,64341,ERT,2011-10-27,1,0,-0.004136414875355361
84563,64389,SLGN,2015-02-03,1,0,-0.0029842407059834236
84563,64389,SLGN,2015-04-29,1,0,
84581,184487,PTX,2015-02-25,1,0,
84581,184487,PTX,2015-05-01,1,0,
84584,29942,RAH,2010-07-19,1,0,-0.021263862454379313
84584,29942,RAH,2010-11-09,1,0,-0.008571599281882074
84584,29942,RAH,2011-08-09,1,0,-0.002333108997971055
84584,29942,RAH,2011-11-29,1,0,-0.001576050532055645
84584,29942,RAH,2012-02-07,1,0,-0.0013744828511117156
84588,64344,MTN,2010-09-23,1,0,0.0031790093114329207
84588,64344,MTN,2010-12-07,1,0,0.004714170312046273
84588,64344,MTN,2011-09-22,1,0,0.013304850803148952
84588,64344,MTN,2011-12-07,1,0,-0.012142077265906456
84588,64344,MTN,2012-03-06,1,0,
84588,64344,MTN,2013-03-06,1,0,0.009862057003572894
84604,64515,CTIC,2011-10-25,1,0,
84607,64637,EMKR,2011-05-05,1,0,0.006387049301909675
84607,64637,EMKR,2011-08-03,1,0,-0.0008815971369157249
84624,64480,ROVI,2015-02-19,1,0,
84624,64480,ROVI,2015-04-30,1,1,
84723,29453,LNG,2010-08-06,1,0,0.002852081635256315
84723,29453,LNG,2010-11-05,1,0,0.009894621791660486
84723,29453,LNG,2011-08-05,1,0,-0.0029183696208579003
84723,29453,LNG,2011-11-07,1,0,0.001278994098770846
84723,29453,LNG,2012-02-24,1,0,-0.0005898134024585047
84723,29453,LNG,2013-02-22,1,0,-0.003010816276553698
84734,64699,FBC,2010-07-27,1,0,
84734,64699,FBC,2010-10-27,1,0,-0.0015742925517619171
84734,64699,FBC,2011-01-25,1,0,
84734,64699,FBC,2011-07-26,1,0,0.007914153909516795
84734,64699,FBC,2013-01-23,1,0,0.011301446880977027
84737,64568,GIFI,2015-04-23,1,0,
84761,64630,TTWO,2015-02-03,1,0,0.003498718728353078
84761,64630,TTWO,2015-05-18,1,0,-0.0007693838297536618
84769,14282,APH,2015-01-21,1,0,0.02171935351616556
84769,14282,APH,2015-04-22,1,0,0.017721095042358977
84776,25405,BGC,2015-02-04,1,0,-0.005981755003088028
84776,25405,BGC,2015-05-06,1,0,-0.0033611614248651427
84780,64745,KNL,2010-07-16,1,0,0.006377992421601304
84780,64745,KNL,2010-10-15,1,0,0.016772428948939325
84780,64745,KNL,2011-07-19,1,0,0.012475918391621245
84788,64768,AMZN,2015-01-29,1,1,-0.0025983456396615964
84788,64768,AMZN,2015-04-23,1,0,-0.008147365013397977
84792,64741,BEXP,2010-02-24,1,0,-0.009989765534097273
84792,64741,BEXP,2010-04-29,1,0,-0.0012154759137339086
84792,64741,BEXP,2010-08-03,1,0,-0.0014487583786993233
84792,64741,BEXP,2010-11-01,1,0,0.006620860088088473
84792,64741,BEXP,2011-02-24,1,0,0.0057394462359473325
84792,64741,BEXP,2011-05-03,1,0,0.007940135828140595
84792,64741,BEXP,2011-08-08,1,0,0.0003673174611897555
84792,64741,BEXP,2011-11-08,1,0,
84808,5379,GLF,2010-07-28,1,0,0.007292632873549899
84808,5379,GLF,2010-10-26,1,0,-0.01975056874131087
84808,5379,GLF,2011-07-21,1,0,-0.0038893041172955705
84808,5379,GLF,2011-10-19,1,0,0.013721941730424066
84827,64766,RMBS,2015-04-20,1,0,0.0028620612268382573
85002,64857,AVII,2010-05-10,1,0,-0.008022411912404263
85002,64857,AVII,2010-11-09,1,0,-0.0023420981216812752
85002,64857,AVII,2011-05-05,1,0,-0.006437007006972417
85002,64857,AVII,2011-08-04,1,0,-0.017685003625593693
85002,64857,AVII,2011-11-03,1,0,-0.011446687274207978
85002,64857,AVII,2012-05-10,1,0,-0.011974977727660844
85002,64857,SRPT,2012-11-07,1,1,-0.004987666502410216
85002,64857,SRPT,2013-03-07,1,0,
85002,64857,SRPT,2013-05-09,1,0,-0.005106745949772432
85002,64857,SRPT,2013-08-08,1,0,-0.005670155841592221
85002,64857,SRPT,2013-11-12,1,0,-0.01469360912012905
85013,64915,INTT,2010-11-03,1,0,
85013,64915,INTT,2011-03-02,1,0,-0.0022419299805685917
85013,64915,INTT,2011-05-04,1,0,
85013,64915,INTT,2011-08-03,1,0,
85013,64915,INTT,2013-07-31,1,0,
85013,64915,INTT,2013-10-30,1,0,
85019,64848,KMG,2015-03-12,1,0,0.011482607741616847
85020,64979,PPBI,2010-10-20,1,0,0.007540611913035284
85020,64979,PPBI,2011-07-27,1,0,0.008997672490681546
85020,64979,PPBI,2011-10-20,1,0,-0.001781920479334377
85020,64979,PPBI,2012-01-24,1,0,0.012672780509903562
85035,64853,RFMD,2011-01-25,1,0,
85035,64853,RFMD,2011-07-26,1,0,
85035,64853,RFMD,2011-10-25,1,0,
85035,64853,RFMD,2012-01-24,1,0,
85040,64929,SLP,2015-01-12,1,0,-0.0008213453141839386
85059,64997,FIX,2015-02-26,1,0,0.007231528924743091
85059,64997,FIX,2015-04-29,1,0,0.002569454408327348
85067,64901,MMS,2015-02-05,1,0,
85067,64901,MMS,2015-05-07,1,0,
85072,64891,RL,2015-02-04,1,0,-0.004339684991357305
85072,64891,RL,2015-05-13,1,0,0.00043578721117910457
85077,64942,SRT,2015-05-11,1,0,
85168,65006,HLX,2010-07-28,1,0,-0.01729687664018413
85168,65006,HLX,2010-10-27,1,0,-0.013199142428911454
85168,65006,HLX,2011-07-25,1,0,0.0013448436015209642
85168,65006,HLX,2011-10-24,1,0,-0.0029115315677181834
85168,65006,HLX,2015-04-20,1,0,-7.372081968674924e-05
85173,65026,CSTR,2010-07-29,1,0,0.02986293333652175
85173,65026,CSTR,2010-10-28,1,0,0.012922954443593971
85173,65026,CSTR,2011-07-28,1,0,0.01144491059153668
85173,65026,CSTR,2011-10-27,1,0,0.0012740560843495438
85173,65026,CSTR,2012-02-06,1,0,
85173,65026,CSTR,2013-02-07,1,0,-0.002160478266889863
85175,65042,CLRT,2010-07-28,1,0,0.019415705610894736
85176,64223,DXPE,2015-03-02,1,0,-0.003365041152786531
85176,64223,DXPE,2015-05-07,1,0,
85198,65106,OZRK,2015-01-15,1,0,
85198,65106,OZRK,2015-04-13,1,0,
85205,31418,PRPH,2010-08-12,1,0,-0.0129176239006992
85205,31418,PRPH,2010-11-10,1,0,-0.009818918544960515
85208,174876,SIRO,2015-02-06,1,0,0.01493671215025967
85208,174876,SIRO,2015-05-08,1,0,0.008754981181435863
85246,65108,JLL,2010-07-27,1,0,0.003432763757321113
85246,65108,JLL,2010-10-26,1,0,0.002053448320029581
85246,65108,JLL,2011-07-26,1,0,0.002280624651181536
85246,65108,JLL,2011-11-02,1,0,0.004720734495822852
85246,65108,JLL,2013-01-29,1,0,-0.003760725689827462
85257,1598,AME,2010-07-27,1,0,0.0050257881499232455
85257,1598,AME,2010-10-26,1,0,0.010356517748009665
85257,1598,AME,2011-01-27,1,0,0.01824672515141492
85257,1598,AME,2011-07-26,1,0,0.01912976088384933
85257,1598,AME,2011-10-25,1,0,0.015150920536625265
85257,1598,AME,2012-01-26,1,0,0.018062856466624942
85257,1598,AME,2013-01-24,1,0,0.0074043399392944385
85271,65345,ACAS,2010-08-03,1,0,-0.005063300424352633
85271,65345,ACAS,2010-11-02,1,0,0.0003108234932309743
85271,65345,ACAS,2011-08-02,1,0,-0.0008094631234016438
85271,65345,ACAS,2011-11-01,1,0,-0.013272855785213486
85271,65345,ACAS,2012-02-14,1,1,0.013130956044478557
85271,65345,ACAS,2013-02-11,1,0,0.0009024662294452651
85280,65220,CRZO,2010-03-10,1,0,0.0033763183349535208
85280,65220,CRZO,2010-05-06,1,0,0.007373135420453167
85280,65220,CRZO,2010-08-05,1,0,-0.004877146463748594
85280,65220,CRZO,2010-11-09,1,0,0.00498996589867146
85280,65220,CRZO,2011-05-10,1,0,0.0025549862031705494
85280,65220,CRZO,2011-08-09,1,0,0.011316106113837049
85280,65220,CRZO,2011-11-08,1,0,0.012359790143472164
85280,65220,CRZO,2012-02-28,1,0,0.011301896137765548
85280,65220,CRZO,2012-05-08,1,0,0.006181639395600566
85280,65220,CRZO,2012-08-07,1,0,0.010464563095261824
85280,65220,CRZO,2012-11-06,1,0,0.012498674258711078
85280,65220,CRZO,2013-02-26,1,0,0.017801772414681234
85280,65220,CRZO,2013-05-07,1,0,0.010533643996571643
85280,65220,CRZO,2013-08-07,1,0,0.006427251513604901
85280,65220,CRZO,2013-11-04,1,0,-0.0003991451405073697
85298,65317,KNDL,2010-08-04,1,0,-0.005254781479308308
85314,65226,QADB,2015-05-28,1,0,0.013145482120123994
85332,31895,BHB,2015-04-29,1,0,0.011002970209531594
85333,65413,HILL,2010-08-11,1,0,
85333,65413,HILL,2011-08-04,1,0,
85333,65413,HILL,2011-11-10,1,0,
85333,65413,HILL,2012-03-14,1,0,
85348,65417,YUM,2015-02-04,1,0,0.011638807176489793
85348,65417,YUM,2015-04-21,1,0,-0.0033503697648901015
85349,65399,ARM,2010-08-03,1,0,
85349,65399,ARM,2010-11-16,1,0,
85349,65399,MTOR,2011-08-02,1,0,
85349,65399,MTOR,2011-11-15,1,0,
85349,65399,MTOR,2012-02-02,1,0,
85349,65399,MTOR,2013-01-30,1,0,
85372,65421,FARO,2010-08-04,1,0,0.002817148273457726
85372,65421,FARO,2010-11-03,1,0,0.0020511300626523798
85372,65421,FARO,2011-08-03,1,0,-0.013454071443473608
85372,65421,FARO,2011-11-02,1,0,-0.003919090350009305
85372,65421,FARO,2013-02-27,1,0,-0.018782646598572234
85394,65343,PSMT,2010-04-08,1,0,
85394,65343,PSMT,2010-07-09,1,0,-0.006284077270701105
85394,65343,PSMT,2011-01-07,1,0,
85394,65343,PSMT,2011-04-07,1,0,
85394,65343,PSMT,2011-07-07,1,0,
85394,65343,PSMT,2011-11-09,1,0,
85394,65343,PSMT,2012-01-06,1,0,
85394,65343,PSMT,2012-04-04,1,0,
85394,65343,PSMT,2012-07-09,1,0,
85394,65343,PSMT,2013-01-09,1,0,
85394,65343,PSMT,2013-04-09,1,1,
85394,65343,PSMT,2013-07-10,1,0,
85411,65570,AIPC,2010-02-04,1,0,0.013583174411531698
85411,65570,AIPC,2010-05-06,1,0,0.0013963413788069525
85419,65732,CSU,2015-02-26,1,0,0.011662105879333532
85419,65732,CSU,2015-05-05,1,0,0.011818983685111702
85424,65671,DRQ,2010-08-06,1,0,
85424,65671,DRQ,2010-11-04,1,0,
85424,65671,DRQ,2011-08-05,1,0,-0.012632207727583023
85424,65671,DRQ,2011-11-04,1,0,0.00992198610955686
85424,65671,DRQ,2012-02-27,1,0,-0.003162426574002848
85424,65671,DRQ,2013-02-28,1,0,0.007114025710987157
85427,65718,GPI,2010-10-26,1,0,0.014981983090413398
85427,65718,GPI,2011-02-10,1,0,0.022164104208253994
85427,65718,GPI,2011-04-26,1,0,0.004397399588952015
85427,65718,GPI,2011-07-26,1,0,0.015354923587723371
85427,65718,GPI,2011-10-25,1,0,0.005822728323413083
85427,65718,GPI,2012-02-09,1,0,0.011925845323043985
85427,65718,GPI,2013-02-19,1,0,0.009336148095463974
85432,65630,TUC,2010-08-05,1,0,-0.0076615772080709105
85432,65630,TUC,2010-11-04,1,0,0.002649082273010324
85432,65630,TUC,2011-11-03,1,0,0.0024331954458829807
85439,1533,APFC,2013-02-07,1,0,0.010043435548612064
85440,65590,SRI,2010-07-28,1,0,
85440,65590,SRI,2010-10-22,1,0,
85440,65590,SRI,2011-08-04,1,0,-0.005096193594876206
85440,65590,SRI,2011-10-27,1,0,0.0145360308086542
85440,65590,SRI,2012-02-13,1,0,
85440,65590,SRI,2013-03-01,1,0,
85459,65609,CHRW,2015-02-03,1,0,
85459,65609,CHRW,2015-04-27,1,1,
85464,65702,CWST,2010-03-02,1,0,0.010381456924533919
85464,65702,CWST,2010-06-07,1,0,0.0004985190840329909
85464,65702,CWST,2010-09-01,1,0,-0.00173488033769764
85464,65702,CWST,2010-12-01,1,0,0.0031874206138149098
85464,65702,CWST,2011-03-01,1,0,-0.007151551560998431
85464,65702,CWST,2011-06-15,1,1,-0.008755511895727614
85464,65702,CWST,2011-08-29,1,0,0.006870999507620478
85464,65702,CWST,2011-11-30,1,0,-0.0014569867576437554
85464,65702,CWST,2012-02-29,1,0,-0.017527684373283843
85464,65702,CWST,2012-06-27,1,0,-0.0036440919539609297
85464,65702,CWST,2012-08-29,1,0,-0.017712639809912653
85464,65702,CWST,2012-12-03,1,0,-0.029015708772935855
85464,65702,CWST,2013-03-04,1,0,-0.005574024214745911
85488,65607,OSIS,2015-01-26,1,0,0.0276522044949349
85488,65607,OSIS,2015-04-27,1,0,0.012228143509782661
85496,65739,PSEM,2010-02-03,1,0,
85496,65739,PSEM,2010-05-03,1,0,
85496,65739,PSEM,2010-08-09,1,0,
85496,65739,PSEM,2010-11-02,1,0,
85496,65739,PSEM,2011-02-01,1,0,
85496,65739,PSEM,2011-11-01,1,0,
85496,65739,PSEM,2012-01-31,1,0,
85496,65739,PSEM,2012-05-01,1,0,
85496,65739,PSEM,2012-08-07,1,0,
85496,65739,PSEM,2013-01-29,1,0,
85496,65739,PSEM,2013-04-30,1,1,
85496,65739,PSEM,2013-10-29,1,0,
85517,65615,CHH,2010-07-27,1,0,-0.009176603559021732
85517,65615,CHH,2010-10-27,1,0,0.006336289151238551
85517,65615,CHH,2011-08-01,1,0,0.004026108170773403
85517,65615,CHH,2011-10-26,1,0,0.0029383055293533728
85517,65615,CHH,2013-02-11,1,1,0.0007709484232659887
85540,65765,CTIB,2010-08-04,1,0,-0.0027843711353824976
85540,65765,CTIB,2010-11-09,1,0,
85540,65765,CTIB,2013-03-21,1,0,0.002253207117155231
85540,65765,CTIB,2013-05-13,1,0,
85540,65765,CTIB,2013-08-12,1,0,-0.009291599631838359
85540,65765,CTIB,2013-11-11,1,0,
85567,65896,GEOS,2015-02-04,1,0,-0.0208578124268715
85567,65896,GEOS,2015-05-07,1,0,-0.027335268167409457
85576,65899,RNWK,2010-07-29,1,0,-0.0123000014501962
85576,65899,RNWK,2010-11-04,1,0,-0.006294853259688699
85576,65899,RNWK,2011-11-03,1,0,-0.014541279119949202
85576,65899,RNWK,2012-02-15,1,0,-0.005858592260766352
85590,65771,YDNT,2010-10-20,1,0,0.004277240666235894
85590,65771,YDNT,2011-07-20,1,0,-0.003069339770860007
85590,65771,YDNT,2011-10-19,1,0,-0.0014933554568156374
85621,65772,MTD,2010-07-22,1,0,0.024802193039448223
85621,65772,MTD,2010-11-04,1,0,0.01529131299975215
85621,65772,MTD,2011-07-28,1,0,0.008105293342098965
85621,65772,MTD,2011-11-03,1,1,0.006420336054414045
85621,65772,MTD,2012-02-08,1,0,0.0037123562465812493
85621,65772,MTD,2013-02-06,1,1,-0.005096416135084757
85627,65831,SAH,2010-07-29,1,0,0.01802746656719463
85627,65831,SAH,2011-07-26,1,0,-0.0043231843963748694
85627,65831,SAH,2011-10-25,1,0,0.021824743069599868
85627,65831,SAH,2012-02-28,1,0,0.01579468245690598
85627,65831,SAH,2013-02-20,1,0,0.0021095076546305555
85631,1878,ADSK,2015-02-26,1,1,0.004895648217044616
85631,1878,ADSK,2015-05-19,1,1,-0.0007972346505672051
85647,66061,DTG,2010-08-03,1,0,0.008046225315036435
85647,66061,DTG,2010-11-02,1,0,0.01586793545441759
85647,66061,DTG,2011-08-08,1,0,0.012349515899209088
85647,66061,DTG,2011-11-01,1,0,0.019654376165936092
85647,66061,DTG,2012-02-21,1,0,0.010997463345062908
85653,66085,AI,2011-07-27,1,0,-0.009100332791359857
85653,66085,AI,2011-10-26,1,0,-0.0022594443943784407
85653,66085,AI,2013-02-05,1,0,
85663,66065,URI,2015-01-21,1,1,0.01956098356069916
85663,66065,URI,2015-04-21,1,0,0.012307227358996024
85675,65967,AMSG,2015-02-25,1,1,
85675,65967,AMSG,2015-05-05,1,0,
85680,65133,CBKN,2010-07-30,1,0,
85680,65133,CBKN,2010-11-12,1,0,0.012366751316666029
85680,65133,CBKN,2011-01-31,1,0,-0.013508663468212488
85686,65944,DEPO,2010-11-01,1,0,0.013473040870233717
85686,65944,DEPO,2013-02-20,1,0,
85710,66032,POWI,2015-04-29,1,1,-0.005826764319235057
85716,66059,OPAY,2013-02-05,1,0,-0.006496936414712428
85724,66379,CECO,2015-05-06,1,0,-0.01276804246531132
85731,66285,HFWA,2010-08-02,1,0,-0.01639505112350012
85731,66285,HFWA,2010-11-01,1,0,0.017565857227748713
85731,66285,HFWA,2011-01-27,1,0,0.013619075192296907
85731,66285,HFWA,2011-07-28,1,0,0.008868849071817673
85731,66285,HFWA,2011-10-28,1,0,0.017586055648679003
85731,66285,HFWA,2012-02-01,1,0,0.006666724044365374
85731,66285,HFWA,2013-01-30,1,0,0.01247462716176275
85751,66286,TSBK,2010-07-29,1,0,
85751,66286,TSBK,2010-11-09,1,0,0.0031190566061774314
85751,66286,TSBK,2011-01-24,1,0,0.009631486006432743
85751,66286,TSBK,2011-04-26,1,0,
85751,66286,TSBK,2011-07-26,1,0,-0.004638251375462537
85751,66286,TSBK,2012-01-24,1,0,0.014336874171937745
85751,66286,TSBK,2012-07-24,1,0,-0.006199532980389369
85753,66368,VRSN,2010-02-02,1,0,0.004850676547733188
85753,66368,VRSN,2010-04-28,1,0,0.008465630720944268
85753,66368,VRSN,2010-08-02,1,0,0.0005956714253289455
85753,66368,VRSN,2010-10-28,1,0,0.0057305870597694954
85753,66368,VRSN,2011-01-27,1,0,0.00710679593576675
85753,66368,VRSN,2011-04-28,1,0,0.005221100466557271
85753,66368,VRSN,2011-07-28,1,0,-0.00010766467583160633
85753,66368,VRSN,2011-10-27,1,0,0.0006553963344954903
85753,66368,VRSN,2012-01-26,1,0,0.009667665085365545
85753,66368,VRSN,2012-04-26,1,1,-0.001279166727996741
85753,66368,VRSN,2012-07-26,1,0,0.0014250305420534229
85753,66368,VRSN,2012-10-25,1,1,-0.01881801531495489
85753,66368,VRSN,2013-01-24,1,0,0.00913441967114901
85753,66368,VRSN,2013-04-25,1,1,0.008766381287785733
85753,66368,VRSN,2013-07-25,1,0,0.012191940342604337
85753,66368,VRSN,2013-10-24,1,0,0.006650238550688291
85757,66301,ACY,2010-11-11,1,0,0.0006387688192950368
85757,66301,ACY,2011-08-12,1,0,
85757,66301,ACY,2011-11-08,1,0,0.005978133833382298
85763,66354,WPC,2010-05-06,1,0,0.03273565581207579
85763,66354,WPC,2010-08-05,1,0,0.030206615880857372
85763,66354,WPC,2010-11-04,1,0,0.019680313749092307
85763,66354,WPC,2011-05-10,1,0,
85763,66354,WPC,2011-08-09,1,0,
85763,66354,WPC,2011-11-08,1,0,
85768,66371,IESC,2010-08-09,1,0,-0.05226888843086671
85789,14219,BXS,2010-07-22,1,0,
85789,14219,BXS,2010-10-25,1,0,
85789,14219,BXS,2011-01-27,1,0,
85789,14219,BXS,2011-07-25,1,0,
85789,14219,BXS,2011-10-24,1,0,
85789,14219,BXS,2012-01-17,1,0,
85789,14219,BXS,2013-01-23,1,0,
85792,66446,PWR,2010-08-04,1,0,-0.026206629717534964
85792,66446,PWR,2010-11-03,1,0,-0.021209338182842943
85792,66446,PWR,2011-08-03,1,0,-0.0032349110647087505
85792,66446,PWR,2011-11-02,1,0,-0.006231561802002855
85792,66446,PWR,2012-02-22,1,0,0.00562194026250413
85792,66446,PWR,2013-02-21,1,0,
85829,106853,HFBC,2010-07-26,1,0,-0.0003691082844682215
85829,106853,HFBC,2010-11-01,1,0,
85829,106853,HFBC,2011-08-01,1,0,0.0007488656058762541
85829,106853,HFBC,2011-10-27,1,0,-0.004092407004378695
85829,106853,HFBC,2015-01-28,1,0,
85838,62088,NOOF,2010-08-06,1,0,-0.026129375477767877
85838,62088,NOOF,2010-11-05,1,0,-0.027409244487985103
85839,66496,NUTR,2010-07-29,1,0,-0.012008419535940918
85839,66496,NUTR,2011-12-19,1,0,-0.00023657953166078462
85863,105936,COLM,2015-02-12,1,1,0.005743920433096324
85863,105936,COLM,2015-04-30,1,1,0.02554195536751039
85880,66300,LDSH,2010-02-01,1,0,
85880,66300,LDSH,2010-07-19,1,0,
85880,66300,LDSH,2010-10-26,1,0,
85880,66300,LDSH,2011-04-25,1,0,
85886,66586,PCCC,2015-04-30,1,0,-0.006310573124618517
85889,66588,SRDX,2015-01-29,1,0,0.00013634295891478895
85889,66588,SRDX,2015-04-30,1,0,0.0011829947817176504
85903,66602,CIX,2010-08-02,1,0,
85903,66602,CIX,2010-10-29,1,0,
85908,5250,GRA,2015-02-05,1,0,0.013007180627877483
85908,5250,GRA,2015-04-23,1,0,0.005642452638180588
85909,182788,WAC,2013-03-18,1,0,0.0007837547368985936
85913,28930,MAR,2010-07-14,1,0,0.011704078263700738
85913,28930,MAR,2010-10-06,1,0,0.02455462274301847
85913,28930,MAR,2011-07-13,1,0,0.01570369358691065
85913,28930,MAR,2011-10-05,1,0,0.006096509066343601
85913,28930,MAR,2012-02-15,1,0,0.003860993242398014
85913,28930,MAR,2013-02-19,1,0,0.003068467037915804
85914,2184,BBY,2015-03-03,1,0,-0.00542415579951269
85914,2184,BBY,2015-05-21,1,0,0.003973416184400957
85926,9555,SEE,2010-10-27,1,0,0.011986015373576974
85926,9555,SEE,2015-02-10,1,0,0.019410064949638425
85926,9555,SEE,2015-04-30,1,0,0.01342225258983259
85931,66599,WDR,2015-02-03,1,0,-0.030935071214180675
85931,66599,WDR,2015-04-28,1,0,-0.015027317857074661
85939,109079,RLH,2010-08-04,1,0,-0.01356152560061536
85939,109079,RLH,2010-11-04,1,0,0.009240955324553116
85939,109079,RLH,2011-08-04,1,0,0.006639927119529548
85939,109079,RLH,2011-11-03,1,0,0.011292058954695698
85939,109079,RLH,2012-02-28,1,0,0.00834900849510269
85939,109079,RLH,2013-02-28,1,0,0.009067012429901416
85951,109084,OME,2010-08-05,1,0,-0.004016340231724846
85951,109084,OME,2010-11-04,1,0,0.00530661354221286
85951,109084,OME,2011-08-03,1,0,-0.0003511280025610313
85951,109084,OME,2011-11-08,1,0,0.011330887448995314
85951,109084,OME,2013-03-05,1,0,-0.002927172776551759
85953,109186,SOFO,2010-08-03,1,0,0.012114616734551397
85953,109186,SOFO,2012-01-26,1,0,-0.0018434177227897672
85959,109580,ADPI,2010-02-24,1,0,0.005063705677844508
85959,109580,ADPI,2010-04-28,1,0,
85959,109580,ADPI,2010-07-26,1,0,
85963,66708,BRCM,2010-07-27,1,0,0.0009130965500801606
85963,66708,BRCM,2010-10-26,1,0,
85963,66708,BRCM,2011-07-25,1,0,0.006088400850328451
85963,66708,BRCM,2011-10-25,1,0,0.0028593422756758337
85963,66708,BRCM,2012-01-31,1,0,0.007897947317373475
85963,66708,BRCM,2013-01-29,1,0,0.020394273705021622
85980,109366,CSBC,2010-10-18,1,0,-0.009069575482242577
85980,109366,CSBC,2011-10-24,1,0,0.002497758166026688
85980,109366,CSBC,2012-07-23,1,0,0.007929953097398208
85991,13440,LVLT,2011-07-27,1,0,0.013787936274843501
85991,13440,LVLT,2011-11-02,1,0,0.014923827176570864
85991,13440,LVLT,2012-02-08,1,0,0.015585274668937906
85991,13440,LVLT,2013-02-12,1,0,0.005087874687314031
85996,63814,NOVB,2010-08-03,1,0,
85996,63814,NOVB,2011-02-08,1,0,
85996,63814,NOVB,2011-05-03,1,0,
85996,63814,NOVB,2011-11-01,1,0,
85996,63814,NOVB,2012-04-30,1,0,
85996,63814,NOVB,2013-02-06,1,0,
85996,63814,NOVB,2013-04-30,1,0,
85996,63814,NOVB,2013-07-30,1,0,
85996,63814,NOVB,2013-10-29,1,0,
86004,65228,UMPQ,2015-01-28,1,0,0.005464193512066426
86004,65228,UMPQ,2015-04-15,1,0,0.004206283754385934
86008,11291,ALTV,2013-03-18,1,0,0.006879515605907251
86008,11291,ALTV,2013-11-12,1,0,
86017,66050,HWK,2010-05-04,1,0,
86017,66050,HWK,2010-08-05,1,0,0.0028962430748171977
86017,66050,HWK,2010-11-09,1,0,0.002649408525891384
86021,110685,LLL,2015-01-29,1,0,0.004588609494984606
86021,110685,LLL,2015-04-30,1,0,-0.019548689212109407
86042,61576,HW,2015-02-03,1,0,0.02640175324318144
86042,61576,HW,2015-05-05,1,0,0.010287140729554254
86047,110039,AMKR,2015-02-09,1,0,0.005760649719591931
86047,110039,AMKR,2015-04-27,1,0,0.00247713444969407
86048,111000,HCKT,2015-05-12,1,0,0.0064394249042684995
86051,110760,AXTI,2010-02-23,1,0,0.004871000755184108
86051,110760,AXTI,2010-04-28,1,0,0.01114972889137222
86051,110760,AXTI,2010-10-28,1,0,0.010361806152953235
86051,110760,AXTI,2011-02-23,1,0,-0.0013613746348876774
86051,110760,AXTI,2011-05-03,1,1,0.0025389998685502423
86051,110760,AXTI,2011-07-27,1,0,0.015219908969251435
86051,110760,AXTI,2011-10-26,1,0,-0.014017027680289009
86051,110760,AXTI,2012-05-02,1,0,4.989513638944867e-05
86051,110760,AXTI,2012-08-01,1,1,-0.013788272901215997
86051,110760,AXTI,2012-11-01,1,0,-0.011341969077064409
86051,110760,AXTI,2013-05-01,1,0,-0.023187466095843837
86051,110760,AXTI,2013-07-31,1,0,-0.0016822450653948082
86051,110760,AXTI,2013-10-30,1,0,-0.008818052496227125
86062,110529,EVOL,2010-08-05,1,0,-0.002330248490901422
86062,110529,EVOL,2011-05-11,1,0,0.009088786769432537
86062,110529,EVOL,2011-11-10,1,0,-0.019925078735803757
86062,110529,EVOL,2012-05-08,1,0,-0.007381088758843567
86062,110529,EVOL,2012-08-07,1,0,0.0022258338133634443
86062,110529,EVOL,2013-05-07,1,0,0.0060910226845667615
86062,110529,EVOL,2013-11-12,1,0,0.01864391199808796
86083,110728,PDII,2010-08-04,1,0,-0.006894438674788105
86083,110728,PDII,2011-08-08,1,0,0.003967096364743874
86091,62979,SBSI,2010-10-28,1,0,
86091,62979,SBSI,2011-01-27,1,0,
86102,66731,FII,2010-07-22,1,0,0.003039668829828566
86102,66731,FII,2010-10-28,1,0,0.004387568100499713
86102,66731,FII,2011-01-27,1,0,0.004208685498396464
86102,66731,FII,2011-07-28,1,0,0.007681465034055322
86102,66731,FII,2011-10-27,1,0,0.014125192257159028
86102,66731,FII,2012-01-26,1,0,0.010289356767752516
86102,66731,FII,2013-01-24,1,0,0.007791785464771983
86106,24810,EEP,2012-03-13,1,0,0.005492364817080549
86106,24810,EEP,2012-04-30,1,1,0.008299495679314121
86106,24810,EEP,2012-07-31,1,0,-0.013207601775711208
86106,24810,EEP,2012-10-31,1,1,-0.009512995900428306
86106,24810,EEP,2013-02-13,1,1,-0.015395463310983857
86106,24810,EEP,2013-04-30,1,0,-0.003132175957175031
86106,24810,EEP,2013-07-29,1,0,-0.008335179723850101
86106,24810,EEP,2013-10-30,1,0,-0.007096436229097442
86128,111103,HZO,2015-01-29,1,0,0.008368387682006184
86128,111103,HZO,2015-04-23,1,0,0.009860294282854655
86136,8272,SRE,2010-02-25,1,0,0.004408252449688494
86136,8272,SRE,2010-05-04,1,0,-0.020907462780877774
86136,8272,SRE,2010-08-03,1,0,0.005150994781502919
86136,8272,SRE,2010-11-09,1,0,0.004480232011990377
86136,8272,SRE,2011-08-09,1,0,0.002947252810428455
86136,8272,SRE,2011-11-03,1,0,0.0075194864104399465
86136,8272,SRE,2012-02-28,1,0,0.019018772935577313
86136,8272,SRE,2013-02-26,1,0,0.0009860104398084412
86150,111662,BEBE,2015-02-05,1,0,0.013765837811496644
86150,111662,BEBE,2015-05-07,1,0,0.007211036186571224
86157,111779,COBZ,2010-07-22,1,0,0.004067099131674512
86157,111779,COBZ,2010-10-21,1,0,0.01139870009411821
86157,111779,COBZ,2011-01-27,1,0,0.014513434294308191
86157,111779,COBZ,2011-07-21,1,0,0.001285651219377057
86157,111779,COBZ,2011-10-20,1,0,0.01278945910759062
86157,111779,COBZ,2012-01-26,1,0,0.02079038126138217
86158,111864,CTSH,2010-08-03,1,0,0.003446499941193198
86158,111864,CTSH,2010-11-01,1,0,0.0016428498531487175
86158,111864,CTSH,2011-08-02,1,0,0.004013243120073893
86158,111864,CTSH,2011-11-02,1,0,0.011356740560584864
86158,111864,CTSH,2012-02-08,1,0,0.0006520302475810221
86158,111864,CTSH,2013-02-07,1,0,0.004087947262732027
86176,112033,KG,2010-02-25,1,0,-0.0020788586874210067
86176,112033,KG,2010-05-05,1,0,-0.010852504669812977
86176,112033,KG,2010-08-09,1,0,-0.0026001731160318845
86176,112033,KG,2010-11-05,1,0,
86196,111064,ULTI,2015-02-03,1,0,0.0014330370238234812
86196,111064,ULTI,2015-04-28,1,0,0.0033728068036730425
86211,111534,MSTR,2010-08-02,1,0,
86211,111534,MSTR,2010-11-01,1,0,
86211,111534,MSTR,2011-01-25,1,0,
86211,111534,MSTR,2011-08-02,1,0,
86211,111534,MSTR,2011-10-31,1,0,
86211,111534,MSTR,2012-01-30,1,0,
86211,111534,MSTR,2013-01-28,1,0,
86228,112168,RSG,2010-07-29,1,0,0.01326993823828461
86228,112168,RSG,2010-11-04,1,0,0.019083824735592773
86228,112168,RSG,2011-07-28,1,0,-0.004409889533903541
86228,112168,RSG,2011-10-27,1,0,0.0001485210958655763
86228,112168,RSG,2012-02-09,1,0,0.012824711694401286
86228,112168,RSG,2013-02-07,1,1,0.00048773054487098125
86249,111961,CEDC,2010-08-05,1,0,-0.0035773281509420725
86249,111961,CEDC,2010-11-05,1,0,-0.034896750401212706
86249,111961,CEDC,2011-08-04,1,0,-0.017196671832666946
86249,111961,CEDC,2011-11-04,1,0,-0.022750418057400246
86249,111961,CEDC,2012-02-29,1,0,-0.003495784241703168
86253,115121,CITZ,2010-02-08,1,0,-0.008160395851768866
86253,115121,CITZ,2010-04-27,1,0,-9.193187790652434e-05
86253,115121,CITZ,2010-07-27,1,0,
86253,115121,CITZ,2010-10-27,1,0,-0.028066030913905443
86260,112774,ELON,2012-02-09,1,0,0.0057031597677429085
86260,112774,ELON,2013-02-12,1,1,-0.004729107241949854
86260,112774,ELON,2015-02-10,1,0,-0.0041843877650180016
86305,113419,CVG,2015-02-18,1,0,0.011142595675486824
86305,113419,CVG,2015-05-05,1,0,0.02854308036758199
86356,114524,EBAY,2015-01-21,1,1,-0.01664504628465057
86356,114524,EBAY,2015-04-22,1,0,-0.005941800930576635
86362,114370,IXYS,2015-01-29,1,0,0.010662426750360094
86432,115876,PRSP,2011-07-22,1,0,-0.0037047792687627985
86432,115876,PRSP,2011-10-21,1,0,0.008753500021555463
86432,115876,PB,2012-01-20,1,0,
86432,115876,PB,2013-01-25,1,0,0.010456422993107464
86489,116504,SCSS,2015-02-11,1,1,0.0017484613839983953
86489,116504,SCSS,2015-04-22,1,0,0.017754385295216384
86525,116787,CNQR,2010-11-10,1,0,0.008348128864627893
86525,116787,CNQR,2011-07-27,1,0,0.0023021037761591047
86525,116787,CNQR,2011-11-15,1,0,0.019282672010654534
86525,116787,CNQR,2012-02-01,1,0,0.017103158555108987
86525,116787,CNQR,2013-01-30,1,0,0.013188969127766396
86531,116791,MCBI,2011-07-21,1,0,0.003396690878648039
86531,116791,MCBI,2011-10-21,1,0,0.012752255694213562
86531,116791,MCBI,2012-01-20,1,0,0.004918449013333636
86547,117861,AXL,2010-07-30,1,0,0.01622983737553508
86547,117861,AXL,2010-10-29,1,0,0.012244159987511447
86547,117861,AXL,2011-07-29,1,0,0.013264454772937488
86547,117861,AXL,2011-10-28,1,1,0.0006458881615153548
86547,117861,AXL,2012-02-03,1,0,0.0035357910609248185
86547,117861,AXL,2013-02-08,1,0,0.01945271664556126
86560,117902,ETM,2015-05-04,1,0,0.004513517441385363
86566,17908,ALNC,2010-07-14,1,0,0.006092637579370079
86566,17908,ALNC,2010-10-14,1,0,0.0024635587616651444
86566,17908,ALNC,2011-07-14,1,0,0.0003124540015435164
86580,117768,NVDA,2010-02-17,1,0,0.014467060933958093
86580,117768,NVDA,2010-05-13,1,0,0.002508784411293803
86580,117768,NVDA,2010-08-12,1,0,-0.010939020840268996
86580,117768,NVDA,2010-11-11,1,0,0.004897399951308666
86580,117768,NVDA,2011-02-16,1,1,0.007027762889354459
86580,117768,NVDA,2011-05-12,1,0,-0.0016457156778607682
86580,117768,NVDA,2011-08-11,1,0,0.004225257324704492
86580,117768,NVDA,2011-11-10,1,0,0.0011935163350469463
86580,117768,NVDA,2012-02-15,1,0,0.010824134072288823
86580,117768,NVDA,2012-05-11,1,0,-0.0021919439663716754
86580,117768,NVDA,2012-08-09,1,1,3.5820719960017594e-05
86580,117768,NVDA,2012-11-08,1,1,0.005233505726206647
86580,117768,NVDA,2013-02-13,1,1,-0.00019736292869009138
86580,117768,NVDA,2013-05-09,1,1,0.003128195217762676
86580,117768,NVDA,2013-08-08,1,0,0.000583483398873836
86580,117768,NVDA,2013-11-07,1,0,7.394709159176411e-05
86582,117161,PBNY,2010-07-26,1,0,-0.0009072280977906648
86582,117161,PBNY,2010-10-26,1,0,-0.0036151238703182632
86582,117161,PBNY,2011-01-25,1,0,-0.004846846556840324
86582,117161,PBNY,2011-07-25,1,0,-0.009288710066595133
86582,117161,PBNY,2011-10-31,1,0,-0.012411480897576028
86582,117161,PBNY,2012-01-23,1,0,-0.004413692772084664
86582,117161,PBNY,2013-01-23,1,0,0.013361670302194248
86583,117903,SMHG,2010-08-09,1,0,0.0005084662228678266
86583,117903,EF,2011-08-09,1,0,0.003392007565162812
86583,117903,EF,2011-11-08,1,0,-0.005250852604420828
86583,117903,EF,2012-03-13,1,0,-0.0057731694007270365
86593,118264,GBL,2015-02-03,1,0,0.0033798571599402928
86593,118264,GBL,2015-05-05,1,0,-0.004623721495881757
86594,118267,KFY,2010-09-09,1,0,0.008365354733276436
86594,118267,KFY,2010-12-08,1,0,0.0008355414617446551
86594,118267,KFY,2011-09-08,1,0,0.0019487364193180225
86594,118267,KFY,2011-12-08,1,1,0.0038869881455331997
86594,118267,KFY,2012-03-07,1,0,0.005099225110908876
86594,118267,KFY,2013-03-06,1,0,0.0008097662843640063
86685,3071,CRBC,2011-10-27,1,0,-0.006502664571020391
86685,3071,CRBC,2012-01-26,1,0,-0.0049303672864103604
86685,3071,CRBC,2013-01-22,1,0,-0.004667586198196403
86709,118081,AMRI,2012-02-07,1,0,-0.011020427114828158
86715,118121,COCO,2010-08-20,1,0,-0.004578407277623521
86715,118121,COCO,2010-11-02,1,0,-0.011722095800500572
86719,118042,EWBC,2015-01-21,1,0,0.004375765230194898
86719,118042,EWBC,2015-04-21,1,0,0.011927801794000999
86720,118502,EXBD,2010-11-01,1,0,-0.005144593057708495
86720,118502,EXBD,2011-08-01,1,0,-0.008040052922661101
86720,118502,EXBD,2011-10-31,1,0,-0.0031961516878957225
86720,118502,EXBD,2012-02-07,1,0,0.005290996979360506
86720,118502,CEB,2015-02-04,1,0,0.009281365885371656
86720,118502,CEB,2015-04-28,1,0,-2.904529512719363e-05
86725,118577,LIFE,2011-07-28,1,0,-0.02738917049842491
86725,118577,LIFE,2011-10-25,1,0,0.002820467770766269
86725,118577,LIFE,2012-02-07,1,0,0.009634809220838337
86725,118577,LIFE,2013-02-04,1,0,0.021802587839701536
86759,118795,KWK,2010-03-01,1,0,-0.007105739583222441
86759,118795,KWK,2010-05-10,1,0,-0.0004200110634252135
86759,118795,KWK,2010-08-09,1,0,0.0004536615070600573
86759,118795,KWK,2010-11-08,1,0,0.0033238378589709318
86759,118795,KWK,2011-02-28,1,0,-0.00010050506839947258
86759,118795,KWK,2011-05-09,1,0,-0.0077136012006285785
86759,118795,KWK,2011-08-08,1,0,-0.0026701816597014504
86759,118795,KWK,2011-11-07,1,0,-0.00796222633545898
86759,118795,KWK,2012-02-27,1,0,0.0009119380964234891
86759,118795,KWK,2012-05-08,1,0,-0.021155243182046014
86759,118795,KWK,2012-08-07,1,0,-0.019923255084419375
86759,118795,KWK,2012-11-06,1,0,-0.022623913110745256
86778,119275,MKSI,2010-07-21,1,0,
86778,119275,MKSI,2010-10-20,1,0,
86778,119275,MKSI,2011-07-20,1,0,0.0014861490106516722
86783,119314,PCLN,2010-08-03,1,0,0.006801026178661757
86783,119314,PCLN,2010-11-08,1,0,0.015256078880079002
86783,119314,PCLN,2011-08-04,1,0,0.008394357485303984
86783,119314,PCLN,2011-11-07,1,0,0.009358354401772252
86783,119314,PCLN,2012-02-27,1,0,0.010308765133522137
86783,119314,PCLN,2013-02-26,1,0,0.004904004119065918
86791,119217,VSEA,2010-04-29,1,0,0.0028968742735892435
86791,119217,VSEA,2010-07-29,1,0,-0.004683514747920666
86791,119217,VSEA,2010-10-28,1,0,0.014949905001343144
86791,119217,VSEA,2011-01-27,1,1,0.006775157082673884
86791,119217,VSEA,2011-04-28,1,0,0.009995888978532368
86791,119217,VSEA,2011-07-28,1,0,0.0025257823294561697
86793,19932,YAVY,2010-04-22,1,0,
86793,19932,YAVY,2010-07-22,1,0,
86793,19932,YAVY,2010-10-28,1,0,
86793,19932,YAVY,2011-01-27,1,0,
86793,19932,YAVY,2011-04-28,1,0,
86793,19932,YAVY,2011-07-28,1,0,
86793,19932,YAVY,2011-10-27,1,0,
86793,19932,YAVY,2012-01-26,1,0,
86793,19932,YAVY,2012-07-26,1,0,
86793,19932,YAVY,2012-10-25,1,0,
86793,19932,YAVY,2013-01-24,1,0,
86793,19932,YAVY,2013-04-25,1,0,
86793,19932,YDKN,2013-07-25,1,0,
86793,19932,YDKN,2013-10-24,1,0,
86799,120093,CNX,2010-07-29,1,0,-0.009911452632664462
86799,120093,CNX,2010-10-29,1,0,0.001077684752702545
86799,120093,CNX,2011-01-27,1,0,0.006634734732389979
86799,120093,CNX,2011-07-28,1,0,0.00631872287618089
86799,120093,CNX,2011-10-27,1,0,0.02177548755491715
86799,120093,CNX,2012-01-26,1,1,-0.007150623275247202
86799,120093,CNX,2013-01-31,1,0,-0.014676850086757289
86809,119756,SFG,2015-01-29,1,0,-0.010637718448549488
86809,119756,SFG,2015-04-23,1,0,0.022582828432291195
86810,119316,TREX,2015-02-24,1,0,0.02472691359210552
86810,119316,TREX,2015-05-08,1,0,0.0055468520295906465
86814,17367,AMNB,2010-04-21,1,0,0.004551310467654995
86814,17367,AMNB,2010-07-27,1,0,0.0032967496649184873
86814,17367,AMNB,2010-10-26,1,0,0.004853190204663196
86814,17367,AMNB,2011-01-24,1,0,0.00492265949244608
86814,17367,AMNB,2011-04-20,1,0,0.004027278975627312
86814,17367,AMNB,2011-07-21,1,0,-0.006467526461513615
86814,17367,AMNB,2011-10-26,1,0,0.005158191872338661
86814,17367,AMNB,2012-01-30,1,0,0.012879877137698878
86814,17367,AMNB,2012-04-26,1,0,-0.00046696120071555974
86814,17367,AMNB,2012-07-20,1,0,0.005992430462218588
86814,17367,AMNB,2012-10-18,1,0,-0.00624362715770874
86814,17367,AMNB,2013-01-24,1,0,-0.003881266318744206
86814,17367,AMNB,2013-04-18,1,1,
86814,17367,AMNB,2013-07-17,1,0,0.014345292921143563
86818,65235,DHIL,2010-08-06,1,0,
86818,65235,DHIL,2010-11-05,1,0,0.007198852193767194
86820,119414,CFFN,2010-07-27,1,0,
86820,119414,CFFN,2011-07-29,1,0,0.005235914980996149
86820,119414,CFFN,2011-10-31,1,0,0.01421183284796931
86820,119414,CFFN,2012-01-30,1,0,0.007339599289814963
86820,119414,CFFN,2013-01-29,1,0,0.015975791717376633
86822,119574,EXTR,2010-08-02,1,0,0.009767436954382522
86822,119574,EXTR,2010-11-01,1,0,0.008578190815319284
86822,119574,EXTR,2011-08-01,1,0,-0.0007351615648132966
86822,119574,EXTR,2011-11-02,1,0,0.005700423189330388
86822,119574,EXTR,2012-08-01,1,1,0.015468247864222653
86822,119574,EXTR,2013-01-30,1,0,0.005473847290901577
86840,119493,PLXT,2011-10-24,1,0,-0.005790978676927768
86840,119493,PLXT,2012-01-23,1,0,-0.007317467729991868
86840,119493,PLXT,2012-07-30,1,0,0.0018571771036838339
86840,119493,PLXT,2013-01-28,1,0,-0.0050989395580968225
86840,119493,PLXT,2013-04-22,1,0,-0.002002347555161781
86840,119493,PLXT,2013-07-22,1,0,-0.014768448232919838
86840,119493,PLXT,2013-10-21,1,0,-0.004890851633885796
86868,114628,GS,2015-01-16,1,0,0.002796889325934438
86868,114628,GS,2015-04-16,1,1,0.019325936659143568
86876,120444,WCC,2010-07-22,1,0,0.019010233870516893
86876,120444,WCC,2010-10-21,1,0,0.02303738934578716
86876,120444,WCC,2011-01-27,1,0,0.021648151590346065
86876,120444,WCC,2011-07-21,1,0,0.026823545778472693
86876,120444,WCC,2011-10-20,1,0,0.016727741928338744
86876,120444,WCC,2012-01-26,1,0,0.012142738150486226
86876,120444,WCC,2013-01-31,1,0,0.006364361371981804
86881,120774,BRCD,2011-02-17,1,0,0.012090684603599255
86881,120774,BRCD,2011-05-19,1,1,0.006082671046960298
86881,120774,BRCD,2011-08-18,1,0,-0.013852044025568324
86881,120774,BRCD,2011-11-21,1,0,0.006025877239379936
86881,120774,BRCD,2012-02-21,1,0,0.011671804407565118
86881,120774,BRCD,2012-05-17,1,0,-0.0001347967490082187
86881,120774,BRCD,2012-08-16,1,1,
86881,120774,BRCD,2012-11-19,1,1,-0.004076259041779795
86881,120774,BRCD,2013-02-14,1,1,-0.003110686695924774
86881,120774,BRCD,2013-05-16,1,1,-0.023495634835878118
86881,120774,BRCD,2013-08-13,1,0,-0.0339727274392227
86881,120774,BRCD,2013-11-18,1,0,0.0013231451865401015
86889,27760,NLS,2015-02-23,1,0,0.01884000932961414
86889,27760,NLS,2015-05-04,1,0,0.025353138796962403
86896,16790,CBU,2015-04-20,1,0,0.007746793119413822
86899,120297,LPNT,2015-02-12,1,0,0.0073941846287945995
86899,120297,LPNT,2015-05-01,1,0,0.00946562134330979
86926,120359,TWTC,2010-08-09,1,0,0.007709212932698341
86926,120359,TWTC,2010-11-03,1,0,0.0101360995524656
86926,120359,TWTC,2011-08-08,1,0,0.017410900076407953
86926,120359,TWTC,2011-11-07,1,0,0.015430424989390899
86926,120359,TWTC,2012-02-08,1,0,0.010176100365118186
86935,120557,RUBO,2010-08-05,1,0,-0.009052174356431261
86946,120877,RAI,2010-07-22,1,0,0.0168502654610603
86946,120877,RAI,2010-10-21,1,0,0.0020483786078192836
86946,120877,RAI,2011-07-22,1,0,-0.00746589854964165
86946,120877,RAI,2011-10-25,1,0,-0.023097202016356295
86946,120877,RAI,2012-02-08,1,0,-0.00560080990672155
86946,120877,RAI,2013-02-12,1,0,-0.0014364551578464838
86949,121142,SKX,2015-02-11,1,1,0.011954153829218411
86949,121142,SKX,2015-04-22,1,1,0.0017704781052392485
86964,121077,FFIV,2015-01-21,1,0,-0.005734758939911615
86964,121077,FFIV,2015-04-22,1,0,
86979,121718,JNPR,2010-04-20,1,0,0.01330041505697624
86979,121718,JNPR,2010-07-20,1,0,0.00041985717922675067
86979,121718,JNPR,2010-10-19,1,0,0.013865822722053223
86979,121718,JNPR,2011-01-25,1,0,0.008091473329677253
86979,121718,JNPR,2011-04-19,1,1,0.0014392659950066286
86979,121718,JNPR,2011-07-26,1,0,-0.016948445256249896
86979,121718,JNPR,2011-10-18,1,0,0.0027209006576223113
86979,121718,JNPR,2012-01-26,1,0,-0.01866588244381731
86979,121718,JNPR,2012-07-24,1,0,-0.007960579848714748
86979,121718,JNPR,2012-10-23,1,1,-0.001378530540565583
86979,121718,JNPR,2013-01-24,1,1,0.002381217705758277
86979,121718,JNPR,2013-04-23,1,1,0.01644743260021566
86979,121718,JNPR,2013-07-23,1,1,
86979,121718,JNPR,2013-10-22,1,1,0.014519333877714292
86989,121662,QPSA,2012-03-01,1,0,0.004464693744404344
86989,121662,MEET,2013-03-07,1,0,0.0018123887004415562
86989,121662,MEET,2013-05-08,1,0,-0.00927914359483333
86989,121662,MEET,2015-02-27,1,0,0.014909931283620973
87000,121673,STMP,2010-04-29,1,0,
87000,121673,STMP,2010-07-29,1,0,
87000,121673,STMP,2010-10-28,1,0,
87000,121673,STMP,2011-04-28,1,0,
87000,121673,STMP,2011-07-28,1,0,
87000,121673,STMP,2011-10-27,1,0,
87000,121673,STMP,2012-04-25,1,0,
87000,121673,STMP,2012-07-25,1,0,
87000,121673,STMP,2013-04-24,1,1,
87000,121673,STMP,2013-07-31,1,0,
87000,121673,STMP,2013-10-23,1,0,
87006,121440,UTHR,2010-07-28,1,0,-0.006881326319293349
87006,121440,UTHR,2010-10-28,1,0,-0.001565970371157379
87006,121440,UTHR,2011-07-28,1,0,-0.008603459763538495
87006,121440,UTHR,2011-10-27,1,0,0.005779088591596863
87006,121440,UTHR,2013-02-26,1,0,-0.0040698076596214095
87014,105538,BSRR,2010-10-14,1,0,0.01523900712455337
87014,105538,BSRR,2011-01-24,1,0,0.0013035028719932586
87014,105538,BSRR,2011-07-25,1,0,-0.02059181224715341
87014,105538,BSRR,2011-10-24,1,0,-0.016551664276109802
87014,105538,BSRR,2013-01-22,1,0,0.004700762193913769
87020,121816,PVTB,2010-07-27,1,0,0.0046428177128082695
87020,121816,PVTB,2010-10-26,1,0,-0.0023602333533300403
87020,121816,PVTB,2011-01-25,1,0,0.0007472843450672768
87020,121816,PVTB,2011-07-26,1,0,0.00019397796028203674
87020,121816,PVTB,2011-10-25,1,0,0.01571574429075678
87020,121816,PVTB,2012-01-24,1,0,0.011146110375926355
87020,121816,PVTB,2013-01-22,1,0,0.014153354870898029
87034,122380,LII,2010-07-27,1,0,0.04794218551724149
87034,122380,LII,2010-10-26,1,0,0.01971226744445321
87034,122380,LII,2011-07-26,1,0,-0.006374798146305217
87034,122380,LII,2011-10-25,1,0,0.005343922164255476
87034,122380,LII,2012-02-02,1,0,0.004262256662597976
87034,122380,LII,2013-02-05,1,0,0.013196475060842905
87043,8867,QTM,2010-07-28,1,0,-0.016207640274647606
87043,8867,QTM,2010-10-27,1,0,0.0029706393625872638
87043,8867,QTM,2011-01-26,1,0,-0.0017921743707982208
87043,8867,QTM,2011-05-17,1,0,0.0036133811001845175
87043,8867,QTM,2011-07-27,1,0,-0.021507475057986274
87043,8867,QTM,2012-01-25,1,0,0.009102226939442005
87043,8867,QTM,2012-07-31,1,0,-0.04223328832918318
87043,8867,QTM,2012-10-24,1,0,-0.007948148206585558
87043,8867,QTM,2013-05-08,1,0,-0.003444268717550464
87043,8867,QTM,2013-08-01,1,0,0.0013067512019365691
87043,8867,QTM,2013-10-23,1,0,0.0011911303897136375
87053,22373,ATCO,2010-02-02,1,0,
87053,22373,LRAD,2010-05-04,1,0,
87053,22373,LRAD,2010-08-04,1,0,
87054,121934,HK,2010-08-02,1,0,
87054,121934,HK,2010-11-02,1,0,-0.006070662437172681
87054,121934,HK,2011-08-03,1,0,-0.00033218413414979556
87055,29028,COST,2010-03-03,1,0,-0.0045129324990051106
87055,29028,COST,2010-10-06,1,0,-0.012172131781077402
87055,29028,COST,2010-12-08,1,0,7.347208496894138e-05
87055,29028,COST,2011-03-02,1,0,-0.0016410347452782293
87055,29028,COST,2011-05-25,1,0,-0.004862387523902277
87055,29028,COST,2011-10-05,1,0,-0.008418322126937385
87055,29028,COST,2011-12-08,1,0,-0.0023223049080726664
87055,29028,COST,2012-02-29,1,0,-0.00269458095712999
87055,29028,COST,2012-05-24,1,0,-0.004154099983674971
87055,29028,COST,2012-10-10,1,0,-0.008352786861777787
87055,29028,COST,2012-12-12,1,0,-0.00024280084879077513
87055,29028,COST,2013-03-12,1,0,0.001564688514167226
87055,29028,COST,2013-05-30,1,0,-0.00415656163963986
87055,29028,COST,2013-10-09,1,0,-0.00711818622930273
87056,122257,BMRN,2010-08-02,1,0,-0.025391077027939163
87056,122257,BMRN,2010-10-28,1,0,-0.007240760308955206
87056,122257,BMRN,2011-07-28,1,0,-0.004120978789194282
87056,122257,BMRN,2011-10-27,1,0,0.020961370816039812
87066,122078,EGOV,2015-02-05,1,0,0.008451997524057132
87066,122078,EGOV,2015-05-04,1,0,0.0007289508749128244
87070,122015,HCBK,2010-07-21,1,0,
87070,122015,HCBK,2010-10-20,1,0,-0.015051995605256835
87070,122015,HCBK,2011-01-19,1,0,-0.012257512599858652
87070,122015,HCBK,2011-07-20,1,0,0.010067558593307152
87070,122015,HCBK,2011-10-26,1,0,-0.005766238725202511
87070,122015,HCBK,2012-01-25,1,0,0.014697094658077661
87070,122015,HCBK,2013-01-30,1,0,0.012859645726523747
87075,122172,JCOM,2015-02-12,1,0,0.009901425271178248
87075,122172,JCOM,2015-05-07,1,0,0.0014212319285464795
87077,121815,ECPG,2010-08-02,1,0,0.003720901747505237
87077,121815,ECPG,2010-10-26,1,0,0.005959480936861601
87077,121815,ECPG,2011-08-01,1,0,-0.00029187801087507056
87077,121815,ECPG,2011-10-26,1,0,-0.001061755574144019
87077,121815,ECPG,2013-02-13,1,0,0.01100897256903342
87078,181104,MDRX,2010-07-20,1,0,0.012618448068610046
87078,181104,MDRX,2010-11-08,1,0,0.00548541019308116
87078,181104,MDRX,2011-08-02,1,0,0.005255444742026794
87078,181104,MDRX,2011-11-03,1,1,0.021899232576886633
87078,181104,MDRX,2012-02-16,1,0,0.01745763650804006
87078,181104,MDRX,2013-02-19,1,0,0.007913340822050561
87086,122394,PRFT,2015-03-05,1,0,0.0038385991070335897
87086,122394,PRFT,2015-05-07,1,0,-0.005514023662496028
87092,122061,TIBX,2012-06-28,1,1,0.006517687653756156
87092,122061,TIBX,2012-09-20,1,0,0.002023715079856234
87092,122061,TIBX,2012-12-20,1,1,0.007429425901726624
87092,122061,TIBX,2013-03-21,1,1,-0.0032119752573025045
87092,122061,TIBX,2013-06-20,1,0,0.0006031079796365085
87092,122061,TIBX,2013-09-19,1,1,-0.0022282438975666143
87105,122355,DSCM,2010-08-03,1,0,-0.0035167327095409345
87105,122355,DSCM,2010-11-02,1,0,0.0029166372830037703
87114,65689,MBWM,2011-07-19,1,0,0.00022689335292045733
87114,65689,MBWM,2011-10-18,1,0,0.007733771774474178
87114,65689,MBWM,2013-01-15,1,0,0.0031344703645096814
87121,121817,SALM,2010-11-08,1,0,0.006867519121936716
87121,121817,SALM,2011-05-09,1,0,0.00782966900740815
87121,121817,SALM,2011-11-03,1,0,0.0013421978281347897
87121,121817,SALM,2012-05-03,1,0,0.00753070380567652
87121,121817,SALM,2012-08-06,1,0,-0.0035073729303047793
87121,121817,SALM,2013-02-25,1,0,0.0031375830530521705
87121,121817,SALM,2013-05-07,1,0,-0.006195835507283334
87121,121817,SALM,2013-08-06,1,0,-0.004845646920835427
87137,14934,DVN,2015-02-17,1,0,0.03896292919921736
87137,14934,DVN,2015-05-05,1,0,0.03254073434143517
87160,113269,DTLK,2015-05-05,1,0,-0.03503449640091297
87162,122519,FLWS,2015-02-02,1,0,0.011060215190746334
87162,122519,FLWS,2015-04-28,1,0,0.016558851129061677
87165,122674,MOVE,2010-08-05,1,0,-0.002001723325605456
87165,122674,MOVE,2010-11-04,1,0,-0.00023690457753548777
87165,122674,MOVE,2011-11-03,1,0,-0.01688968754087649
87172,123016,LIOX,2010-08-04,1,0,0.011263664629902055
87172,123016,LIOX,2010-11-04,1,0,-0.006730105787819331
87172,123016,LIOX,2011-08-02,1,0,0.008508547962184957
87172,123016,LIOX,2011-11-03,1,0,0.0086736173406789
87172,123016,LIOX,2012-02-07,1,0,0.010982018973124522
87172,123016,LIOX,2013-02-13,1,0,0.020379357705022277
87179,122902,NTCT,2015-01-22,1,0,0.013708160452254233
87179,122902,NTCT,2015-04-30,1,0,0.011171651531445887
87184,122841,RHT,2015-03-25,1,1,
87214,124254,OMN,2011-09-27,1,1,-0.022147256121622987
87214,124254,OMN,2012-01-27,1,0,-0.0016461734451291097
87214,124254,OMN,2012-03-20,1,0,0.010892751321973334
87227,124036,EGAN,2012-11-06,1,0,0.0010458610785210737
87227,124036,EGAN,2013-02-05,1,0,0.010270225390753318
87227,124036,EGAN,2013-05-07,1,0,0.025233035655885062
87227,124036,EGAN,2013-08-28,1,0,0.002398578720086973
87227,124036,EGAN,2013-10-30,1,0,-0.00598240541920581
87236,124358,INAP,2010-08-04,1,0,0.0037631072142510443
87236,124358,INAP,2010-11-04,1,0,0.01325651460565827
87236,124358,INAP,2011-07-28,1,0,0.021205387879176592
87236,124358,INAP,2011-10-27,1,0,0.01737216669989195
87236,124358,INAP,2012-02-23,1,0,0.009560388938456186
87236,124358,INAP,2013-02-21,1,1,0.005893678169000046
87255,124394,TIVO,2010-03-08,1,0,0.0016696791186751516
87255,124394,TIVO,2010-05-25,1,0,-0.03719492201223864
87255,124394,TIVO,2010-08-25,1,0,0.008797510617008963
87255,124394,TIVO,2010-11-23,1,0,-0.013698397319436761
87255,124394,TIVO,2011-03-01,1,0,-0.010830245635028686
87255,124394,TIVO,2011-05-24,1,0,0.007671534732994759
87255,124394,TIVO,2011-08-24,1,0,0.008587470166992364
87255,124394,TIVO,2011-11-22,1,0,0.01089734912606386
87255,124394,TIVO,2012-02-23,1,0,0.0057897062940422545
87255,124394,TIVO,2012-05-30,1,0,0.0040694719297360545
87255,124394,TIVO,2012-08-29,1,0,-0.0015361859500640385
87255,124394,TIVO,2012-11-28,1,1,0.016505827596036665
87255,124394,TIVO,2013-02-26,1,0,0.017224914155086445
87255,124394,TIVO,2013-05-20,1,1,0.011927682183061276
87255,124394,TIVO,2013-08-27,1,1,0.008045518032236404
87255,124394,TIVO,2013-11-26,1,0,0.004104440684171659
87261,124198,UNTD,2015-05-05,1,0,0.007146283391314968
87264,124038,ININ,2015-05-04,1,0,-0.017984193240560588
87267,124434,BLK,2015-01-15,1,0,0.0018537637930060094
87267,124434,BLK,2015-04-16,1,1,-0.007505478657111774
87268,124775,CIR,2015-02-18,1,0,-0.0029994476757197637
87268,124775,CIR,2015-04-28,1,0,0.005115782499226758
87277,125237,MSO,2010-07-28,1,0,-0.0044486579399798335
87277,125237,MSO,2010-10-27,1,0,-0.007579529331305996
87277,125237,MSO,2011-07-26,1,0,0.01105785462535226
87277,125237,MSO,2011-11-01,1,0,-0.003950954581191154
87299,125595,AKAM,2010-07-28,1,0,-0.00043241029218692856
87299,125595,AKAM,2010-10-27,1,0,0.003159500208109223
87299,125595,AKAM,2011-07-27,1,0,0.000852332464149807
87299,125595,AKAM,2011-10-26,1,0,0.0022586416622818115
87299,125595,AKAM,2012-02-08,1,1,0.0001842304329183345
87299,125595,AKAM,2013-02-06,1,0,-0.002553891784129266
87310,125276,CRDS,2013-03-12,1,0,-0.0008107721979448302
87310,125276,CRDS,2013-06-07,1,0,-0.0030696563502590844
87321,125601,GAIA,2010-08-04,1,0,-0.009942721131285437
87321,125601,GAIA,2010-11-03,1,0,0.00440797908122243
87321,125601,GAIA,2011-08-08,1,0,-0.020671364565206747
87321,125601,GAIA,2011-11-02,1,0,-0.015679732891010073
87345,124599,SIMG,2015-02-05,1,0,
87361,125014,PCTI,2015-05-05,1,0,0.0005254885465003044
87364,65036,QUIK,2010-08-03,1,0,
87364,65036,QUIK,2011-02-08,1,0,
87364,65036,QUIK,2011-05-03,1,0,
87364,65036,QUIK,2011-08-02,1,0,
87364,65036,QUIK,2011-11-01,1,0,
87364,65036,QUIK,2012-02-07,1,0,
87364,65036,QUIK,2012-05-01,1,0,
87364,65036,QUIK,2012-07-31,1,0,
87364,65036,QUIK,2013-05-01,1,0,
87364,65036,QUIK,2013-07-31,1,0,
87364,65036,QUIK,2013-10-30,1,0,
87377,126615,BCSI,2011-05-26,1,1,
87377,126615,BCSI,2011-08-16,1,0,
87390,126417,FNSR,2010-06-10,1,0,0.001978435999294422
87390,126417,FNSR,2010-09-02,1,0,0.0031702209753376558
87390,126417,FNSR,2010-12-01,1,0,0.0031929437049955252
87390,126417,FNSR,2011-03-08,1,0,0.014259199131855062
87390,126417,FNSR,2011-06-15,1,1,0.009609163988347838
87390,126417,FNSR,2011-09-01,1,0,0.0065923301751454316
87390,126417,FNSR,2011-11-30,1,0,0.00039647541013469907
87390,126417,FNSR,2012-02-29,1,0,0.0038508102889185363
87390,126417,FNSR,2012-06-11,1,1,0.0012175532290559649
87390,126417,FNSR,2012-09-05,1,0,
87390,126417,FNSR,2012-12-05,1,1,0.007945098274418656
87390,126417,FNSR,2013-06-19,1,1,0.015394991756845833
87390,126417,FNSR,2013-09-05,1,1,0.025087371202209434
87394,126318,IMMR,2015-02-26,1,0,
87394,126318,IMMR,2015-04-30,1,0,
87414,126434,RMKR,2010-11-11,1,0,0.003732760947899476
87415,126423,RTEC,2015-02-02,1,0,0.004444548401582118
87415,126423,RTEC,2015-04-27,1,0,0.020417895900322967
87426,11796,DW,2010-08-02,1,0,0.015160759431416438
87426,11796,DW,2010-11-01,1,0,-0.013273994915634217
87426,11796,DW,2011-08-01,1,0,-0.0023536133661653854
87426,11796,DW,2011-11-02,1,0,-0.0015659922626414316
87426,11796,DW,2012-02-13,1,0,0.005421543957592274
87426,11796,DW,2013-02-20,1,0,0.01563885024350082
87432,126554,A,2015-02-17,1,1,
87432,126554,A,2015-05-18,1,0,
87445,126721,TDY,2015-01-29,1,0,0.005721098053738345
87445,126721,TDY,2015-04-30,1,0,-0.027845444107656124
87476,31764,BMRC,2015-04-20,1,0,-0.00016680728214026833
87478,127455,CALP,2010-08-03,1,0,-0.004760598182309367
87478,127455,CALP,2010-10-28,1,0,0.0016958758137938417
87478,127455,CALP,2011-11-03,1,0,0.01742563366352925
87487,127377,BGCP,2011-07-25,1,0,-0.0025038647874744673
87487,127377,BGCP,2011-10-27,1,0,0.011946167675426401
87487,127377,BGCP,2012-02-24,1,0,0.004736512181126071
87487,127377,BGCP,2013-02-14,1,0,-0.019001318353205204
87498,127282,GKNT,2013-02-27,1,0,-0.004378719710562246
87505,25481,NKSH,2010-04-15,1,0,0.0030082238527992136
87505,25481,NKSH,2010-10-14,1,0,0.008150200652202096
87505,25481,NKSH,2011-04-14,1,0,0.011065244802369032
87505,25481,NKSH,2011-07-14,1,0,0.012447286213649295
87505,25481,NKSH,2011-10-13,1,0,0.009592849713829621
87505,25481,NKSH,2012-04-12,1,0,0.013072057709012942
87505,25481,NKSH,2013-04-18,1,0,0.004326624649591387
87505,25481,NKSH,2013-07-18,1,0,0.018661354465138412
87508,107446,NTWK,2010-02-10,1,0,-0.0013363627937671325
87525,127797,MFSF,2010-10-20,1,0,
87525,127797,MFSF,2011-07-13,1,0,0.009558101838192211
87525,127797,MFSF,2011-10-25,1,0,0.013628274873681137
87541,128978,PKG,2015-01-26,1,0,-0.007335447219339203
87541,128978,PKG,2015-04-20,1,0,-0.0032916910412597693
87583,129466,AGEN,2015-02-26,1,0,0.004985782807387905
87583,129466,AGEN,2015-04-23,1,0,0.012518767569081142
87601,130041,VRNM,2010-08-09,1,0,0.005716113168583999
87601,130041,VRNM,2010-11-09,1,0,0.007910369059946323
87601,130041,VRNM,2011-08-09,1,0,-0.004397699726877556
87601,130041,VRNM,2013-03-27,1,0,-0.007524668972945106
87602,129840,ELOY,2010-02-10,1,0,-0.0010785860018279695
87602,129840,ELOY,2010-05-05,1,0,-0.007754248235207093
87602,129840,ELOY,2010-08-04,1,0,-0.010876970963958324
87602,129840,ELOY,2010-11-03,1,0,-0.005093223463437848
87602,129840,ELOY,2011-05-12,1,0,-0.0025665709827863478
87602,129840,MATR,2012-02-15,1,0,0.00445188569798618
87602,129840,MATR,2012-05-10,1,0,0.0016851720513329773
87602,129840,MATR,2012-08-08,1,0,-0.006968082050039983
87602,129840,MATR,2012-11-07,1,0,-0.0023872398914364223
87602,129840,MATR,2013-05-08,1,0,-0.001953211968577156
87602,129840,MATR,2013-08-07,1,0,-0.0046397385706512615
87612,130762,ISIL,2010-04-21,1,0,0.008425848717202688
87612,130762,ISIL,2010-07-21,1,0,0.005938120506737578
87612,130762,ISIL,2010-10-20,1,0,0.019632053182660716
87612,130762,ISIL,2011-02-02,1,0,0.007031687056451846
87612,130762,ISIL,2011-04-27,1,0,0.007594262639678145
87612,130762,ISIL,2011-07-27,1,0,0.013658652493579317
87612,130762,ISIL,2011-10-26,1,0,-0.006353432763901629
87612,130762,ISIL,2012-02-01,1,0,-0.003517512233785979
87612,130762,ISIL,2012-04-25,1,1,0.0036942610288850817
87612,130762,ISIL,2012-07-25,1,1,-0.01931429581408315
87612,130762,ISIL,2012-10-24,1,1,-0.01906040673250576
87612,130762,ISIL,2013-01-30,1,0,0.012865878633765388
87612,130762,ISIL,2013-04-24,1,1,0.013812205427629828
87612,130762,ISIL,2013-07-30,1,0,0.0053971311556370374
87632,128663,SQNM,2010-08-05,1,0,-0.0020163432370440756
87632,128663,SQNM,2010-11-04,1,0,-0.00272887828184434
87632,128663,SQNM,2011-08-04,1,1,-0.0031366090421852226
87632,128663,SQNM,2011-11-03,1,0,0.000347990332627523
87632,128663,SQNM,2012-03-07,1,0,-0.006745455985910361
87632,128663,SQNM,2013-03-07,1,0,0.0023323149346563153
87633,130305,SVVS,2010-07-26,1,0,0.007537121179023914
87633,130305,SVVS,2010-10-27,1,0,0.005725389569017242
87652,20297,LNBB,2015-04-30,1,0,0.0026169397455366
87657,133366,EW,2010-02-04,1,0,0.008093592608109944
87657,133366,EW,2010-04-20,1,0,0.0033375015576332856
87657,133366,EW,2010-07-21,1,0,0.017809022311543833
87657,133366,EW,2011-02-02,1,0,0.011716372793633096
87657,133366,EW,2011-04-20,1,1,0.014693774765565751
87657,133366,EW,2011-07-21,1,0,-0.0012699349211471103
87657,133366,EW,2011-10-19,1,0,0.0043100662523049196
87657,133366,EW,2012-02-02,1,0,0.0025344484522999873
87657,133366,EW,2012-04-24,1,0,-0.0011185719119757341
87657,133366,EW,2012-07-24,1,0,0.00033938866803174053
87657,133366,EW,2012-10-19,1,1,0.00022917915919562493
87657,133366,EW,2013-02-04,1,0,0.00537582794587971
87657,133366,EW,2013-04-23,1,1,-0.006751372352808862
87657,133366,EW,2013-07-25,1,0,0.011920547737419686
87657,133366,EW,2013-10-28,1,0,0.0102125659990858
87658,114698,EMAN,2015-03-12,1,0,0.0050593657109756236
87658,114698,EMAN,2015-05-14,1,0,-0.002844281178126894
87659,133367,ENR,2010-07-27,1,0,
87659,133367,ENR,2010-11-02,1,0,
87659,133367,ENR,2011-07-27,1,0,-0.009071354081253378
87659,133367,ENR,2011-11-03,1,0,-0.0005598675575015852
87659,133367,ENR,2012-02-01,1,0,-0.0004453760000159481
87659,133367,ENR,2013-01-31,1,0,-0.008707407051738527
87696,4476,EXAR,2010-07-29,1,0,0.006470239005728569
87696,4476,EXAR,2010-10-28,1,0,0.004645111286954192
87696,4476,EXAR,2011-01-25,1,0,0.003913163404458924
87696,4476,EXAR,2011-07-26,1,1,0.004510630265631208
87696,4476,EXAR,2011-10-25,1,0,0.0012958643947534772
87696,4476,EXAR,2012-02-01,1,0,0.011339146681800024
87696,4476,EXAR,2013-01-23,1,0,0.015453334421110666
87717,4494,EXPD,2015-02-24,1,0,0.0016458349161756081
87717,4494,EXPD,2015-05-06,1,0,0.004084570383346479
87725,4498,IIIN,2010-07-22,1,0,-0.013822818098616503
87725,4498,IIIN,2010-10-21,1,0,-0.0017726235115406944
87725,4498,IIIN,2011-01-27,1,0,-0.004109259534396293
87725,4498,IIIN,2011-07-21,1,1,0.0027485279823793586
87725,4498,IIIN,2011-10-20,1,0,0.007428099274920388
87725,4498,IIIN,2012-01-19,1,0,-0.00041187782660862416
87725,4498,IIIN,2013-01-17,1,0,0.009946772990206815
87752,132518,ASIA,2010-07-28,1,0,0.021141794024726865
87752,132518,ASIA,2010-11-02,1,0,-0.002009602003019903
87752,132518,ASIA,2011-08-04,1,0,-0.02311304045997968
87752,132518,ASIA,2011-10-31,1,0,-0.007198892893624015
87752,132518,ASIA,2012-02-13,1,0,0.0016122830339204914
87777,133328,RDEA,2010-08-06,1,0,-0.002498558692339406
87777,133328,RDEA,2010-11-09,1,0,0.009342510084644175
87777,133328,RDEA,2011-08-05,1,0,-0.007206840340889056
87777,133328,RDEA,2011-11-04,1,0,0.0020042694374077918
87777,133328,RDEA,2012-03-09,1,0,-0.0050005470048150764
87777,133328,RDEA,2012-05-07,1,0,-0.0021246967309502384
87785,133246,ITMN,2010-07-27,1,0,-0.03133115329046085
87785,133246,ITMN,2010-10-28,1,0,0.00018988592436462292
87785,133246,ITMN,2011-08-04,1,0,-0.012937074325072016
87785,133246,ITMN,2011-11-03,1,0,-0.011133886820124743
87785,133246,ITMN,2012-02-09,1,0,-0.0029368404638681275
87785,133246,ITMN,2013-02-21,1,0,-0.0019607742019445117
87789,133504,LMNX,2010-08-05,1,0,-0.00770112988071734
87789,133504,LMNX,2010-11-04,1,0,-0.004694486284824214
87789,133504,LMNX,2011-08-08,1,1,0.002733764465881475
87789,133504,LMNX,2011-11-01,1,0,-0.005938026098069293
87789,133504,LMNX,2012-02-06,1,0,-0.006692737476308981
87812,133288,SLAB,2015-04-29,1,0,-0.006657561161816936
87814,132644,SLTC,2013-11-07,1,0,-0.0023440855128410865
87827,133432,WBSN,2010-07-27,1,0,-0.019805871190245065
87827,133432,WBSN,2010-10-26,1,0,-0.003942326172252653
87827,133432,WBSN,2011-04-26,1,0,-0.004946467861579255
87827,133432,WBSN,2011-07-26,1,1,0.0017289523409633693
87827,133432,WBSN,2011-10-25,1,0,-0.004625440533630452
87827,133432,WBSN,2012-01-31,1,0,-0.0033978700651017633
87827,133432,WBSN,2013-01-29,1,1,0.008197513432469689
87837,65717,LTS,2015-05-08,1,0,0.019642811102914565
87842,133768,MET,2015-02-11,1,0,0.004092003920806397
87842,133768,MET,2015-05-06,1,0,0.006618352172610185
87952,16832,GBCI,2010-07-22,1,0,-0.00046249422159934557
87952,16832,GBCI,2010-10-21,1,0,0.002106629712491458
87952,16832,GBCI,2011-01-27,1,0,
87952,16832,GBCI,2011-07-28,1,0,0.017805100239972817
87952,16832,GBCI,2011-10-27,1,0,-0.004722465336637857
87952,16832,GBCI,2012-01-26,1,0,-0.008132371884520335
88159,133885,EXEL,2015-04-30,1,0,-0.014307087657942376
88163,62388,VTRO,2010-11-04,1,0,-0.004126826718152243
88163,62388,VTRO,2011-05-12,1,0,0.00768440197161553
88163,62388,VTRO,2011-08-10,1,0,-0.016052342841325305
88167,133766,HSTM,2015-02-18,1,0,0.007208743757400583
88167,133766,HSTM,2015-04-20,1,0,0.008851394026653027
88172,133767,KKD,2010-09-02,1,0,
88172,133767,KKD,2010-12-01,1,0,
88172,133767,KKD,2011-08-25,1,0,
88172,133767,KKD,2011-11-30,1,0,
88172,133767,KKD,2012-03-20,1,0,
88172,133767,KKD,2013-03-14,1,0,
88173,133868,LXRX,2010-08-09,1,0,
88173,133868,LXRX,2010-11-05,1,0,
88173,133868,LXRX,2011-08-08,1,0,-0.0011025402723642804
88174,133869,LPSN,2010-08-04,1,0,0.0017995820882785157
88174,133869,LPSN,2010-11-04,1,0,-0.022856610417023027
88174,133869,LPSN,2011-11-03,1,0,0.005903387315379108
88174,133869,LPSN,2012-02-13,1,0,0.003032566443346646
88174,133869,LPSN,2013-02-12,1,1,0.0005546312419004813
88182,134932,ONNN,2015-02-05,1,0,0.002468448966039819
88195,133871,SGMO,2010-07-28,1,0,0.004979021367186689
88195,133871,SGMO,2010-10-27,1,0,0.003611532870928176
88195,133871,SGMO,2011-07-27,1,0,0.008195047949813666
88195,133871,SGMO,2011-10-25,1,0,0.005441918054421171
88195,133871,SGMO,2013-02-06,1,0,0.004574194168434822
88197,14172,FULT,2010-04-20,1,0,0.010521637966306788
88197,14172,FULT,2011-10-18,1,0,0.011302238794013864
88197,14172,FULT,2012-01-17,1,0,0.01571231794042214
88197,14172,FULT,2012-04-17,1,0,0.012306906127222995
88197,14172,FULT,2012-07-17,1,0,0.011192572162382597
88197,14172,FULT,2012-10-16,1,0,0.019344926299490497
88197,14172,FULT,2013-01-15,1,0,0.018569461064088865
88197,14172,FULT,2013-04-16,1,0,0.009476112230897966
88197,14172,FULT,2013-07-23,1,0,-0.002058243805584406
88197,14172,FULT,2013-10-22,1,0,-0.003274938794764917
88203,66686,VDSI,2010-07-27,1,0,
88203,66686,VDSI,2010-10-26,1,0,
88203,66686,VDSI,2011-07-26,1,0,
88203,66686,VDSI,2011-10-27,1,1,
88203,66686,VDSI,2012-02-16,1,1,
88208,2990,CLSN,2011-11-10,1,0,0.002262479424864742
88208,2990,CLSN,2012-03-15,1,0,0.005336863051052485
88208,2990,CLSN,2012-05-15,1,0,0.008249786224266717
88208,2990,CLSN,2012-08-14,1,0,-0.003157901605911251
88257,112254,PFBX,2010-07-28,1,0,-0.007228726327457717
88257,112254,PFBX,2011-07-27,1,0,0.00330420244002517
88257,112254,PFBX,2011-10-26,1,0,-0.0012130683448206593
88257,112254,PFBX,2012-01-31,1,0,0.012960450294555496
88260,135044,PXLW,2015-04-30,1,0,0.0028315216030967375
88264,135965,SONS,2010-08-03,1,0,
88264,135965,SONS,2010-11-02,1,0,
88264,135965,SONS,2015-02-18,1,0,
88264,135965,SONS,2015-04-22,1,0,
88278,184281,SCOK,2010-10-04,1,0,
88278,184281,SCOK,2010-11-16,1,0,
88280,137351,BHLB,2010-10-20,1,0,0.027436261740261224
88280,137351,BHLB,2011-01-24,1,0,0.014987025345254862
88280,137351,BHLB,2011-07-26,1,0,0.010918705170430334
88280,137351,BHLB,2011-10-25,1,0,0.012658676554979707
88281,137131,CRL,2015-02-10,1,1,0.0021373831035361307
88281,137131,CRL,2015-04-29,1,0,-0.0014880941683344182
88284,23714,CYH,2015-02-19,1,0,0.004338234485880846
88284,23714,CYH,2015-05-05,1,0,0.0021733046656375044
88287,137432,DLA,2015-02-05,1,0,-0.03033851554868519
88313,137232,JNS,2015-01-22,1,0,
88313,137232,JNS,2015-04-23,1,0,
88319,136648,VC,2012-02-27,1,0,0.013603862212105498
88319,136648,VC,2013-02-28,1,1,0.004589630609149001
88331,136804,CPHD,2010-07-22,1,0,
88331,136804,CPHD,2010-10-21,1,0,
88331,136804,CPHD,2011-01-27,1,0,
88331,136804,CPHD,2011-07-21,1,1,
88331,136804,CPHD,2011-10-20,1,1,0.0062799888596919646
88331,136804,CPHD,2012-01-26,1,1,
88331,136804,CPHD,2013-01-24,1,0,
88335,136884,DNDN,2010-08-03,1,0,-0.012665463271932157
88335,136884,DNDN,2010-11-03,1,0,
88335,136884,DNDN,2011-08-03,1,1,-0.03255293192985653
88343,136265,PACW,2010-07-15,1,0,0.0027271073409609677
88351,136186,INSM,2011-11-08,1,0,-0.02119653853105192
88351,136186,INSM,2013-03-18,1,0,
88351,136186,INSM,2013-05-07,1,0,
88351,136186,INSM,2013-08-06,1,0,
88351,136186,INSM,2013-11-05,1,0,
88367,65532,PCBK,2010-10-20,1,0,0.006094746148779428
88367,65532,PCBK,2011-01-19,1,0,-7.418976081481794e-05
88367,65532,PCBK,2011-07-20,1,0,0.007952476898861926
88367,65532,PCBK,2011-10-17,1,0,
88367,65532,PCBK,2012-01-24,1,0,0.005552439984106557
88367,65532,PCBK,2013-01-16,1,0,0.006793380691663173
88370,133949,QBAK,2010-02-11,1,0,0.00417944494975799
88370,133949,QBAK,2010-11-11,1,0,0.011597743868081392
88370,133949,QBAK,2011-05-11,1,0,-0.0026825462824866288
88370,133949,QBAK,2011-11-10,1,0,0.006823570230645774
88370,133949,QBAK,2012-01-31,1,0,-0.009866460384310235
88370,133949,QBAK,2012-05-10,1,0,0.006718312309194749
88370,133949,QBAK,2012-11-07,1,0,-0.005946682350782537
88370,133949,QBAK,2013-02-06,1,0,-0.006771702880627983
88370,133949,QBAK,2013-05-14,1,0,-0.009340870151044458
88372,120301,ROIAK,2010-08-17,1,0,0.0038379241920019876
88372,120301,ROIAK,2011-08-04,1,0,
88384,66597,USBI,2010-08-06,1,0,
88384,66597,USBI,2010-11-05,1,0,-0.02197885772839779
88417,137602,ACLS,2011-10-25,1,0,0.004951890110613459
88421,138122,ARNA,2010-08-03,1,0,-0.009707674387145758
88421,138122,ARNA,2010-11-09,1,0,-0.006562230879197176
88421,138122,ARNA,2011-08-09,1,0,0.0018154455899935433
88421,138122,ARNA,2011-11-09,1,0,-0.0065194999419158975
88434,175533,INFI,2015-02-24,1,0,
88434,175533,INFI,2015-05-06,1,0,-0.005897277654818395
88446,138205,ILMN,2015-01-27,1,1,0.0001708444393288492
88446,138205,ILMN,2015-04-21,1,1,0.002561824994155551
88451,138126,KERX,2010-11-04,1,0,0.006964874761715761
88451,138126,KERX,2011-08-08,1,0,-0.006859040327168435
88451,138126,KERX,2011-11-02,1,0,0.006100088352559837
88451,138126,KERX,2013-03-11,1,0,0.019027774936367703
88457,137641,NEI,2011-01-27,1,0,0.014582229076735133
88457,137641,NEI,2011-07-28,1,0,0.016474470198569582
88457,137641,NEI,2011-11-10,1,0,
88458,137704,OVTI,2010-08-26,1,0,0.007830183079754268
88458,137704,OVTI,2010-11-30,1,0,0.0055947793694969055
88458,137704,OVTI,2011-08-25,1,1,0.004792756768850518
88458,137704,OVTI,2011-11-29,1,1,-0.031048765480575294
88458,137704,OVTI,2012-02-23,1,1,0.01396797925250338
88458,137704,OVTI,2013-02-28,1,0,0.006611002439573492
88467,137611,SOHU,2010-07-26,1,0,
88467,137611,SOHU,2010-10-25,1,0,
88467,137611,SOHU,2011-01-31,1,0,
88467,137611,SOHU,2011-08-01,1,0,
88467,137611,SOHU,2011-10-31,1,0,
88467,137611,SOHU,2012-02-06,1,0,
88467,137611,SOHU,2013-02-04,1,0,
88468,133825,SPRT,2010-04-29,1,0,-0.00981204693902882
88468,133825,SPRT,2010-07-29,1,0,-0.013120947587292315
88468,133825,SPRT,2010-10-28,1,0,-0.0029767340907360627
88468,133825,SPRT,2011-04-28,1,0,
88468,133825,SPRT,2011-07-27,1,0,-0.006142996330097695
88468,133825,SPRT,2011-10-27,1,0,
88485,137943,EVC,2010-08-05,1,0,0.0058106578191090994
88485,137943,EVC,2010-11-04,1,0,0.009365257335800906
88485,137943,EVC,2011-08-03,1,0,0.004460142829657
88485,137943,EVC,2011-11-03,1,0,0.008315565496452133
88485,137943,EVC,2012-03-07,1,0,0.007192537915876965
88485,137943,EVC,2013-02-27,1,0,0.008146611008717887
88497,138601,ACPW,2013-02-19,1,0,-7.622435970310905e-05
88497,138601,ACPW,2013-04-30,1,1,0.0008184886253266924
88497,138601,ACPW,2013-07-30,1,0,0.004746015900781922
88497,138601,ACPW,2013-11-18,1,0,0.008988337023271075
88504,138483,BRKR,2015-02-19,1,0,-0.021903661038293866
88504,138483,BRKR,2015-05-06,1,1,-0.009150559506343843
88516,112754,DYAX,2015-02-24,1,0,0.004612638012480981
88516,112754,DYAX,2015-04-29,1,0,-0.0004440847698689585
88534,135844,ISSC,2015-01-21,1,0,-0.010333958096651759
88534,135844,ISSC,2015-05-06,1,0,0.0010118307955997337
88535,138662,ISTA,2010-08-04,1,0,-0.007662832426037283
88535,138662,ISTA,2010-11-02,1,0,
88535,138662,ISTA,2011-02-23,1,0,0.0013387333201630627
88535,138662,ISTA,2011-05-04,1,0,-0.007329603329422077
88535,138662,ISTA,2011-07-28,1,0,-0.006755314543017582
88535,138662,ISTA,2011-11-01,1,0,-0.009390149589467428
88535,138662,ISTA,2012-05-03,1,0,-0.0005881391822198153
88542,138467,LTRX,2012-08-29,1,0,0.0048185857383764505
88542,138467,LTRX,2012-11-01,1,0,-0.00039395619545311983
88542,138467,LTRX,2013-05-02,1,0,0.00597253162278674
88542,138467,LTRX,2013-08-29,1,0,-0.012917545097183075
88542,138467,LTRX,2013-10-31,1,0,-0.010123090742386381
88545,138608,MDCO,2010-02-17,1,0,0.011210099234624508
88545,138608,MDCO,2010-04-28,1,0,0.004834940347184492
88545,138608,MDCO,2010-07-28,1,0,0.0022415622781118997
88545,138608,MDCO,2010-10-27,1,0,0.003531086631988052
88545,138608,MDCO,2011-02-16,1,0,0.007523949465042914
88545,138608,MDCO,2011-04-27,1,0,0.004128793524656872
88545,138608,MDCO,2011-07-27,1,0,-0.0011157018324596726
88545,138608,MDCO,2011-10-26,1,0,0.007560545007891337
88545,138608,MDCO,2012-02-22,1,0,0.005382972187775733
88545,138608,MDCO,2012-04-25,1,0,0.0001630211440609144
88545,138608,MDCO,2012-07-25,1,0,0.004645359600972633
88545,138608,MDCO,2012-10-24,1,0,0.007822410911472124
88545,138608,MDCO,2013-02-20,1,0,0.0052952165784422595
88545,138608,MDCO,2013-04-24,1,0,0.004820095825235487
88545,138608,MDCO,2013-07-24,1,0,-0.0037335876010963446
88545,138608,MDCO,2013-10-23,1,0,0.004217098009989659
88564,138707,RTIX,2015-04-23,1,0,
88568,28762,SPTN,2015-03-03,1,0,0.005830664079389484
88568,28762,SPTN,2015-05-27,1,0,0.014683967172415635
88574,138613,TSYS,2010-02-04,1,0,0.00922668782001029
88574,138613,TSYS,2010-04-29,1,0,-0.013729014385252524
88574,138613,TSYS,2010-07-29,1,0,-0.012118672919304905
88574,138613,TSYS,2011-02-03,1,0,
88574,138613,TSYS,2011-04-28,1,0,-0.012272314385291855
88574,138613,TSYS,2011-07-28,1,0,0.0019783178239960253
88574,138613,TSYS,2011-10-27,1,0,
88574,138613,TSYS,2012-04-26,1,0,
88574,138613,TSYS,2013-01-31,1,0,0.0005781638954991657
88590,4094,DNB,2015-02-09,1,0,
88590,4094,DNB,2015-05-04,1,0,
88597,28194,POL,2010-08-02,1,0,0.0004116107659457788
88597,28194,POL,2010-11-04,1,0,0.00579732590542733
88597,28194,POL,2011-08-03,1,0,0.007888250378921276
88597,28194,POL,2011-10-25,1,0,-0.009874785051556463
88597,28194,POL,2012-02-17,1,0,-0.00928131662287039
88597,28194,POL,2013-01-29,1,0,0.00328726315337044
88620,140042,VRML,2011-08-04,1,0,
88620,140042,VRML,2011-11-09,1,0,0.0137312460568381
88620,140042,VRML,2012-03-27,1,0,0.0070982166140468
88626,140044,DRRX,2010-08-04,1,0,-0.0015951156333423588
88626,140044,DRRX,2010-11-03,1,0,-0.0019133612310199156
88626,140044,DRRX,2011-08-04,1,0,0.0015188115471465227
88661,140541,COH,2015-01-29,1,0,-0.006668738472968132
88661,140541,COH,2015-04-28,1,0,-0.0036930054480799404
88664,11811,JKHY,2010-08-17,1,0,0.0012371400341999591
88664,11811,JKHY,2010-11-02,1,0,-0.0023308109411950308
88664,11811,JKHY,2011-08-16,1,0,0.0027126766954930254
88664,11811,JKHY,2011-11-01,1,0,-0.0034961697018363273
88664,11811,JKHY,2012-01-31,1,0,0.006606747781979186
88664,11811,JKHY,2013-02-05,1,0,-0.0017118258577536512
88668,140760,MON,2010-10-06,1,0,-0.004939564820601027
88668,140760,MON,2011-01-06,1,0,0.00524276311201208
88668,140760,MON,2011-10-05,1,0,0.026317455673020657
88668,140760,MON,2012-01-05,1,0,0.020119433474187293
88668,140760,MON,2013-01-08,1,0,0.03029145020206475
88668,140760,MON,2015-01-07,1,0,0.0002427110869659332
88668,140760,MON,2015-04-01,1,0,-0.012708993259728083
88719,60983,AMRB,2010-04-22,1,0,
88719,60983,AMRB,2010-07-22,1,0,-0.012945197557429901
88719,60983,AMRB,2010-10-21,1,0,-0.0016712672435376195
88719,60983,AMRB,2011-04-21,1,0,-0.0010640029336668032
88719,60983,AMRB,2011-10-20,1,0,-0.003774234709918327
88719,60983,AMRB,2012-04-19,1,0,0.006358501905428324
88719,60983,AMRB,2012-07-19,1,0,0.00780551474406193
88719,60983,AMRB,2012-10-18,1,0,0.0074175364009445134
88719,60983,AMRB,2013-01-24,1,0,0.004838124544879689
88719,60983,AMRB,2013-04-18,1,0,-0.002913258249433658
88719,60983,AMRB,2013-07-18,1,0,-0.0012708297135975745
88719,60983,AMRB,2013-10-17,1,0,0.00351881728716323
88740,140672,POZN,2015-03-09,1,0,
88740,140672,POZN,2015-05-08,1,0,
88750,140759,XXIA,2010-07-22,1,0,0.004009313955218233
88750,140759,XXIA,2010-10-21,1,0,0.013640555764963052
88750,140759,XXIA,2011-02-03,1,0,0.006875434425738748
88750,140759,XXIA,2011-04-21,1,0,0.015963218399735385
88750,140759,XXIA,2011-07-21,1,0,-0.0420851669178589
88750,140759,XXIA,2011-10-20,1,0,0.007436249544039023
88750,140759,XXIA,2012-02-02,1,0,0.007324168728550412
88750,140759,XXIA,2012-04-19,1,1,-0.00043444916799073065
88750,140759,XXIA,2015-02-24,1,0,0.014753375927742125
88750,140759,XXIA,2015-05-05,1,0,0.00935085829083258
88790,141197,ARRY,2013-02-04,1,0,-0.0014594945144878121
88792,140983,BKMU,2010-10-21,1,0,
88792,140983,BKMU,2011-07-22,1,0,
88792,140983,BKMU,2011-10-20,1,0,-0.0017829949468010711
88792,140983,BKMU,2012-01-19,1,0,
88792,140983,BKMU,2013-01-17,1,0,-0.006909485527338149
88807,141178,NVTL,2010-10-28,1,0,-0.008570787048741351
88807,141178,NVTL,2011-08-04,1,1,-0.014037291671184076
88807,141178,NVTL,2011-11-01,1,0,-0.0030553719998181097
88810,133468,RIGL,2010-08-03,1,0,-0.0026621067609535875
88810,133468,RIGL,2011-08-02,1,0,
88810,133468,RIGL,2011-11-01,1,0,0.0017240460658848513
88810,133468,RIGL,2012-03-06,1,0,0.003338962174448081
88810,133468,RIGL,2013-03-05,1,0,-0.0008025666135315166
88811,62977,SLXP,2015-03-02,1,0,-0.0005744904160070695
88820,107817,PGC,2015-04-28,1,0,0.012246142426784509
88841,141359,RECN,2010-07-20,1,0,0.011755914494021285
88841,141359,RECN,2010-09-30,1,0,0.0024940819139998016
88841,141359,RECN,2011-07-14,1,0,0.01564497934118908
88841,141359,RECN,2011-10-04,1,1,-0.0028633413229170925
88841,141359,RECN,2012-03-28,1,0,0.011106906071249248
88841,141359,RECN,2015-04-08,1,0,0.0128663967335991
88845,1177,AET,2015-02-03,1,0,-0.0035355899181431106
88845,1177,AET,2015-04-28,1,0,0.005575119372779798
88853,4818,FLR,2015-02-18,1,1,-0.023035620793572686
88853,4818,FLR,2015-04-30,1,0,-0.009526109308670415
88860,141384,ALGN,2012-10-17,1,1,-0.009527682404270562
88860,141384,ALGN,2013-01-30,1,1,0.007067034358932869
88860,141384,ALGN,2013-04-18,1,1,0.0007420167889013512
88860,141384,ALGN,2013-07-18,1,1,
88860,141384,ALGN,2013-10-17,1,1,0.003494065536511477
88863,141277,EXAS,2015-02-24,1,0,-0.000822316951970963
88863,141277,EXAS,2015-05-04,1,0,0.005053754605324585
88871,22053,MCF,2015-03-02,1,0,-0.014586272249215987
88871,22053,MCF,2015-05-08,1,0,
88873,141913,GPN,2010-07-27,1,0,0.0006812401862930344
88873,141913,GPN,2010-10-11,1,0,-0.006130091575975213
88873,141913,GPN,2011-01-06,1,0,0.01037392122512539
88873,141913,GPN,2011-07-21,1,0,0.00730807050201208
88873,141913,GPN,2011-10-04,1,1,0.009404979145614306
88873,141913,GPN,2012-01-05,1,0,0.007131238040224145
88873,141913,GPN,2013-01-08,1,0,-0.00558651833218656
88895,142546,MPX,2013-01-23,1,0,
88908,142088,CSFL,2010-07-21,1,0,0.008159702083874211
88908,142088,CSFL,2011-10-24,1,0,0.0023723605010007604
88908,142088,CSFL,2012-01-30,1,0,0.011345663761918562
88908,142088,CSFL,2013-01-30,1,0,0.012289674734694705
88912,16890,IBCP,2010-11-04,1,0,-0.0051999395510083386
88912,16890,IBCP,2013-01-30,1,0,-0.004558804965716482
88924,4809,FLO,2010-08-19,1,0,-0.04291728631133405
88924,4809,FLO,2010-11-11,1,0,-0.04739048637758601
88924,4809,FLO,2011-08-17,1,0,-0.028346087390064598
88924,4809,FLO,2011-11-10,1,0,-0.028923976465436846
88924,4809,FLO,2012-02-09,1,1,-0.0012759304375952601
88924,4809,FLO,2013-02-07,1,1,-0.007119539935753021
88940,114608,PLKI,2015-02-25,1,1,-0.013236224567655804
88940,114608,PLKI,2015-05-27,1,0,0.006395820378623987
88949,141460,SGEN,2015-02-10,1,0,-0.004773000430383444
88949,141460,SGEN,2015-04-30,1,1,0.00306124824456847
88970,143153,SHBI,2010-07-27,1,0,
88970,143153,SHBI,2010-10-26,1,0,
88970,143153,SHBI,2011-07-26,1,0,-0.0020906502271061528
88970,143153,SHBI,2011-10-25,1,0,
88970,143153,SHBI,2013-01-29,1,0,
88976,18364,FSCI,2010-03-11,1,0,-0.00447881248178051
88976,18364,FSCI,2010-04-29,1,0,0.006818700236417225
88976,18364,FSCI,2010-11-02,1,0,0.0019286781992420322
88976,18364,FSCI,2012-03-01,1,0,0.009330428296895243
88976,18364,FSCI,2013-02-28,1,0,0.008863189051596044
88991,142460,BTU,2010-07-20,1,0,0.021442635629037907
88991,142460,BTU,2010-10-19,1,0,0.014679551397439386
88991,142460,BTU,2011-01-25,1,0,0.002539667677806825
88991,142460,BTU,2011-07-19,1,0,0.01925537419036734
88991,142460,BTU,2011-10-25,1,0,0.0033789698230076506
88991,142460,BTU,2012-01-24,1,0,0.011127955382167085
88991,142460,BTU,2013-01-29,1,0,-0.002725471365282407
88992,140977,RRI,2010-02-25,1,0,-0.03170986018929643
88992,140977,RRI,2010-05-06,1,0,-0.009743374869361028
88992,140977,RRI,2010-07-30,1,0,-0.0019781933678491934
88992,140977,RRI,2010-11-03,1,0,0.0028422596803259963
88992,140033,GEN,2011-03-01,1,0,
88992,140033,GEN,2011-05-09,1,0,
88992,140033,GEN,2011-08-08,1,0,
88992,140033,GEN,2011-11-09,1,0,
88992,140033,GEN,2012-05-10,1,0,
88992,140033,GEN,2012-08-09,1,0,
88992,140033,GEN,2012-11-09,1,0,
89002,143974,ADS,2010-07-21,1,0,0.013100893931122903
89002,143974,ADS,2010-10-20,1,0,0.006784445375370102
89002,143974,ADS,2011-07-21,1,0,0.013680492951163043
89002,143974,ADS,2011-10-20,1,0,0.025756910468303612
89002,143974,ADS,2012-02-02,1,0,0.025867649148713173
89002,143974,ADS,2013-01-31,1,0,0.024844303479561965
89003,165993,FIS,2015-02-05,1,0,0.0030159422566282492
89003,165993,FIS,2015-04-30,1,0,0.007787802983372581
89004,142811,FTI,2010-07-26,1,0,0.000879796816864736
89004,142811,FTI,2010-10-27,1,0,0.007289265970618627
89004,142811,FTI,2011-07-25,1,0,-0.004675144078074078
89004,142811,FTI,2011-10-25,1,0,-0.006984876550961324
89004,142811,FTI,2012-02-14,1,1,0.0012292149528638774
89004,142811,FTI,2013-02-12,1,0,0.001851446636797596
89006,142953,KFT,2010-11-04,1,0,-0.0031999160830620734
89006,142953,KFT,2011-08-04,1,0,
89006,142953,KFT,2011-11-02,1,0,0.02475303358081407
89006,142953,KFT,2012-02-21,1,0,0.02539045557511766
89006,142953,MDLZ,2013-02-13,1,0,0.028675312631572893
89014,144066,COL,2015-01-23,1,0,0.005927418688147848
89014,144066,COL,2015-04-23,1,1,0.004889087189145567
89029,141278,MOSY,2015-01-30,1,0,-0.0033001646254025886
89030,144010,REVU,2010-08-05,1,0,0.0025338630442324032
89030,144010,REVU,2010-11-05,1,0,-0.004915338979014257
89031,143912,TASR,2010-07-27,1,0,-0.02771563799161525
89031,143912,TASR,2010-10-27,1,0,-0.011541702362966524
89031,143912,TASR,2011-02-23,1,0,-0.0007108759129503834
89031,143912,TASR,2011-04-21,1,0,0.008624847955382028
89031,143912,TASR,2011-07-28,1,0,0.010224115245507027
89031,143912,TASR,2012-04-26,1,0,-0.0025510518261973
89031,143912,TASR,2012-07-26,1,0,0.016348106803502148
89031,143912,TASR,2013-02-21,1,0,0.009856820079854028
89031,143912,TASR,2013-04-25,1,0,0.01246015671165186
89031,143912,TASR,2013-07-31,1,0,0.015488665428691496
89031,143912,TASR,2013-10-30,1,0,-0.00017443939642982059
89040,143605,MDTH,2010-08-09,1,0,0.001818389902811665
89040,143605,MDTH,2010-11-23,1,0,0.007209852154134222
89040,143605,MDTH,2011-08-09,1,0,-0.0019335081821661455
89070,144559,ZMH,2010-07-22,1,0,-0.005643565337706243
89070,144559,ZMH,2010-10-28,1,0,-0.006935940682971443
89070,144559,ZMH,2011-01-27,1,0,0.0010650918955931316
89070,144559,ZMH,2011-07-27,1,0,-0.007027242443110806
89070,144559,ZMH,2011-10-27,1,0,0.0026018360204690186
89070,144559,ZMH,2012-01-26,1,1,0.001132881118232976
89070,144559,ZMH,2013-01-31,1,0,-0.008751062496071556
89105,13003,JOY,2015-03-05,1,0,-0.011719596263297246
89110,142956,OMCL,2010-07-22,1,0,
89110,142956,OMCL,2010-10-27,1,0,
89110,142956,OMCL,2011-01-27,1,0,
89110,142956,OMCL,2011-07-28,1,0,
89110,142956,OMCL,2011-10-27,1,0,
89110,142956,OMCL,2012-01-26,1,0,
89110,142956,OMCL,2013-01-31,1,0,
89141,19305,PLPC,2010-08-05,1,0,-0.025221943823263378
89141,19305,PLPC,2010-11-04,1,0,0.006241357611886995
89142,9242,SURW,2010-07-29,1,0,
89142,9242,SURW,2010-10-28,1,0,
89142,9242,SURW,2011-07-28,1,0,
89142,9242,SURW,2011-10-27,1,0,
89142,9242,SURW,2012-02-29,1,0,
89167,144396,CCRN,2015-03-04,1,0,0.009580844836211147
89167,144396,CCRN,2015-05-06,1,0,0.007181601659549767
89169,140023,DCTH,2011-11-07,1,0,-0.0028261078555138017
89179,145046,WLP,2010-07-28,1,0,0.0021692657296884695
89179,145046,WLP,2010-11-03,1,0,0.019027106846048213
89179,145046,WLP,2011-01-26,1,0,0.01854885183817785
89179,145046,WLP,2011-07-27,1,0,0.010203618316844933
89179,145046,WLP,2011-10-26,1,0,0.017203558704199512
89179,145046,ANTM,2015-01-28,1,1,0.006661540681252899
89179,145046,ANTM,2015-04-29,1,1,0.005165993364196855
89195,145701,PFG,2015-01-29,1,0,-0.0027627400419024412
89195,145701,PFG,2015-04-23,1,0,0.0054769558224362375
89203,145042,ABCO,2010-07-29,1,0,0.01644577894129099
89203,145042,ABCO,2010-11-04,1,0,0.017675488899707166
89203,145042,ABCO,2011-08-02,1,0,-0.006920479597110325
89203,145042,ABCO,2011-11-02,1,0,0.0063785466328418776
89203,145042,ABCO,2012-02-01,1,0,0.013075328040994445
89203,145042,ABCO,2013-02-06,1,1,0.005876111885412208
89204,145367,AGP,2010-07-30,1,0,0.008998816422093277
89204,145367,AGP,2010-10-29,1,0,0.019199983165482618
89204,145367,AGP,2011-07-29,1,0,-0.008515791279770675
89204,145367,AGP,2011-10-28,1,1,0.004218120409989603
89204,145367,AGP,2012-02-17,1,1,0.01724377117501423
89207,17239,KND,2015-02-26,1,0,-0.002476654785246316
89207,17239,KND,2015-05-06,1,0,0.004344415608412365
89213,24539,WOOF,2015-02-11,1,1,
89213,24539,WOOF,2015-04-29,1,0,
89215,144520,AHS,2010-07-28,1,0,0.009467161185185822
89215,144520,AHS,2010-11-04,1,0,0.0174827579236222
89215,144520,AHS,2011-08-04,1,0,0.01461197177914097
89215,144520,AHS,2011-11-03,1,0,0.017484222436770773
89215,144520,AHS,2012-03-08,1,0,0.02086261462578471
89215,144520,AHS,2013-02-21,1,1,0.021004512113551733
89217,145977,AAP,2015-02-12,1,0,0.00033312431649110477
89217,145977,AAP,2015-05-21,1,0,-0.0031575630170892818
89230,146156,ALR,2010-07-28,1,0,-0.00394377027417008
89230,146156,ALR,2010-11-01,1,0,-0.012800298045417881
89230,146156,ALR,2011-07-27,1,0,-0.006671474062142874
89230,146156,ALR,2011-10-26,1,0,-0.0015319040541901894
89230,146156,ALR,2012-02-08,1,0,-0.007487598501581741
89230,146156,ALR,2013-02-15,1,0,-0.005849822133639958
89244,145308,WTW,2010-08-05,1,0,-0.027674315709347842
89244,145308,WTW,2010-11-09,1,0,-0.006308354792285226
89244,145308,WTW,2011-08-05,1,0,0.014018745527733998
89244,145308,WTW,2011-11-08,1,0,0.002502040197824044
89244,145308,WTW,2012-02-14,1,1,0.004952949496141298
89244,145308,WTW,2013-02-13,1,0,-0.045107195287490055
89252,146500,FVE,2015-03-16,1,0,-0.004887514013797816
89252,146500,FVE,2015-05-11,1,0,-0.006041890508771101
89258,143356,PRU,2015-02-04,1,0,-0.013288252520527425
89258,143356,PRU,2015-05-06,1,1,-0.008159029124007866
89262,146607,WFD,2015-01-30,1,0,
89269,145552,CNC,2010-07-27,1,0,-0.003266173357340878
89269,145552,CNC,2010-10-26,1,0,-0.00023407796479211086
89269,145552,CNC,2011-07-26,1,0,-0.000493848258163572
89269,145552,CNC,2011-10-25,1,0,0.011517909619937778
89269,145552,CNC,2012-02-07,1,0,0.014324461263025664
89269,145552,CNC,2013-02-05,1,1,-0.010877500353195393
89270,65467,FCCY,2010-04-30,1,0,0.00716267693011427
89270,65467,FCCY,2011-07-28,1,0,0.005024675141166293
89270,65467,FCCY,2011-10-28,1,0,0.013787364404336134
89270,65467,FCCY,2012-01-27,1,0,0.017653521940196884
89270,65467,FCCY,2013-01-29,1,0,0.02443632829203135
89278,108306,SCMF,2010-04-22,1,0,0.008005895680460073
89278,108306,SCMF,2011-01-31,1,0,-0.010227133967269297
89278,108306,SCMF,2011-04-28,1,0,0.010830026701088763
89278,108306,SCMF,2011-07-21,1,0,0.0019141630244052894
89278,108306,SCMF,2011-10-20,1,0,0.0117699815356727
89278,108306,SCMF,2012-01-30,1,0,0.008919179489714844
89289,63874,SSI,2015-03-03,1,0,
89289,63874,SSI,2015-05-19,1,0,-0.0063508747262620985
89290,142814,SYNA,2010-07-29,1,0,-0.001100062889609301
89290,142814,SYNA,2010-10-21,1,0,-0.0058414243160782135
89290,142814,SYNA,2011-01-20,1,0,-0.00108631716313245
89290,142814,SYNA,2011-07-28,1,0,-0.000757012608253462
89290,142814,SYNA,2011-10-20,1,0,-0.015317230466004467
89290,142814,SYNA,2012-01-26,1,0,-0.010596613778084974
89290,142814,SYNA,2013-01-24,1,0,0.0010378598492450462
89297,147204,CCOI,2010-08-05,1,0,-0.009986214562999854
89297,147204,CCOI,2010-11-04,1,0,0.004337138304503387
89297,147204,CCOI,2011-08-04,1,0,-0.01179318495111264
89297,147204,CCOI,2011-11-03,1,0,-0.002032927449380351
89297,147204,CCOI,2012-02-22,1,0,0.0042929290492609296
89297,147204,CCOI,2013-02-21,1,0,-0.0026262937227255184
89301,145049,GME,2015-03-26,1,1,-0.008036491722771091
89301,145049,GME,2015-05-28,1,1,0.011965638057397292
89312,145416,SRLS,2011-07-26,1,0,-0.03771864575042644
89312,145416,SRLS,2012-02-10,1,0,0.017378501627984988
89323,64794,UCBI,2011-07-28,1,0,0.01817173008129399
89323,64794,UCBI,2011-10-27,1,0,0.008340790035311742
89323,64794,UCBI,2012-01-25,1,0,0.006948841397902143
89323,64794,UCBI,2012-04-26,1,0,0.015949546237975447
89323,64794,UCBI,2012-07-26,1,0,-0.002733838143657215
89323,64794,UCBI,2012-10-25,1,0,0.006319836176865843
89323,64794,UCBI,2013-01-24,1,0,0.003072984061830243
89323,64794,UCBI,2013-04-25,1,0,-0.017235031619503648
89323,64794,UCBI,2013-07-25,1,0,-0.0022081887984528106
89323,64794,UCBI,2013-10-24,1,0,-0.008799833643003286
89327,144640,ABG,2010-07-27,1,0,0.013292165478272
89327,144640,ABG,2010-10-26,1,0,0.004049954715455358
89327,144640,ABG,2011-07-26,1,0,-0.00618048187738892
89327,144640,ABG,2011-10-26,1,0,0.007378831192841805
89327,144640,ABG,2012-02-14,1,0,-0.0009224158541631666
89327,144640,ABG,2013-02-19,1,0,0.020635588924528596
89329,10884,CQB,2010-07-29,1,0,-0.015143919534093048
89329,10884,CQB,2010-11-02,1,0,-0.055624221067570326
89329,10884,CQB,2011-08-03,1,0,-0.010546175157259885
89329,10884,CQB,2011-11-03,1,0,-0.023630977813019607
89329,10884,CQB,2012-02-21,1,0,0.004641046574975098
89329,10884,CQB,2013-03-11,1,0,
89333,6370,KEI,2010-07-28,1,0,0.010546206955718769
89353,147305,JBLU,2010-07-22,1,0,-0.009445535854188091
89353,147305,JBLU,2010-10-21,1,0,-0.013475626722386986
89353,147305,JBLU,2011-01-27,1,0,-0.010468772019647589
89353,147305,JBLU,2011-07-26,1,0,0.00017875184170883154
89353,147305,JBLU,2011-10-26,1,0,0.001553253833048913
89353,147305,JBLU,2012-01-26,1,0,0.0009635626715419976
89353,147305,JBLU,2013-01-29,1,0,0.001439782878159544
89367,144375,XJT,2010-08-11,1,0,0.0076813240957331105
89369,22632,LCI,2015-02-04,1,0,
89386,12669,CKEC,2015-03-02,1,0,-0.005722627286815224
89386,12669,CKEC,2015-05-04,1,0,-0.007891914018292189
89387,147849,CPSI,2015-01-29,1,0,0.005512320934767896
89387,147849,CPSI,2015-04-30,1,0,-0.02153785785602745
89393,147579,NFLX,2010-07-21,1,0,-0.0046381178953940234
89393,147579,NFLX,2010-10-20,1,0,0.0007850307928947238
89393,147579,NFLX,2011-01-26,1,0,-0.00593444437940719
89393,147579,NFLX,2011-07-25,1,0,-0.01293565583538041
89393,147579,NFLX,2011-10-24,1,0,-0.028783602219709006
89393,147579,NFLX,2012-01-25,1,0,0.021278154978084843
89393,147579,NFLX,2013-01-23,1,0,-0.0020751655851691704
89394,147868,OSTK,2010-10-29,1,0,
89394,147868,OSTK,2011-07-28,1,1,0.01919617717191307
89394,147868,OSTK,2011-10-27,1,1,0.018271832693001727
89395,139025,PNFP,2015-01-20,1,0,0.013321771814334516
89395,139025,PNFP,2015-04-20,1,0,-0.0002320931822812648
89397,147242,VRNT,2015-03-25,1,0,0.02248768428744713
89399,147661,ARO,2010-08-19,1,0,-0.008005126617749776
89399,147661,ARO,2010-12-01,1,0,-0.00963134173019044
89399,147661,ARO,2011-08-18,1,1,-0.041925920249290524
89399,147661,ARO,2011-11-30,1,0,-0.025283987171137258
89399,147661,ARO,2012-03-08,1,0,-0.039972440476391924
89399,147661,ARO,2013-03-14,1,0,-0.04411067247266606
89406,148950,NPO,2010-08-05,1,0,0.013738003871049707
89406,148950,NPO,2010-11-04,1,0,0.005217601930901704
89406,148950,NPO,2011-08-04,1,0,0.010884468854935
89406,148950,NPO,2015-02-19,1,0,
89406,148950,NPO,2015-04-30,1,0,0.0032114485958520877
89409,147638,RGC,2015-02-12,1,0,0.012552988418992182
89409,147638,RGC,2015-04-30,1,0,0.0085004981649652
89413,145041,BGFV,2010-08-05,1,0,
89447,147708,CVGW,2015-01-15,1,0,0.01904893231258037
89447,147708,CVGW,2015-03-06,1,0,
89453,148470,RRGB,2015-02-13,1,0,0.005234288372966117
89453,148470,RRGB,2015-05-19,1,0,0.0016640841525675711
89471,148410,LF,2010-07-26,1,0,0.011336847872240954
89471,148410,LF,2010-11-01,1,0,0.014773483663565137
89471,148410,LF,2011-08-02,1,0,-0.0017488939487784756
89471,148410,LF,2011-11-01,1,0,
89471,148410,LF,2012-02-09,1,0,-0.0012715388215807453
89471,148410,LF,2013-02-06,1,0,0.010128396961087003
89482,149618,BANC,2015-03-05,1,0,0.004181580629294754
89482,149618,BANC,2015-04-29,1,0,0.009776804522219988
89497,142748,ARB,2010-07-21,1,0,-0.011708374768304297
89497,142748,ARB,2010-10-26,1,0,-0.01453505235494826
89497,142748,ARB,2011-07-21,1,0,-0.008299374479428965
89497,142748,ARB,2011-10-25,1,0,0.0020973714160930825
89497,142748,ARB,2012-02-14,1,0,-0.009808820373392814
89502,14186,GPRO,2010-07-29,1,0,0.002119612662067568
89502,14186,GPRO,2010-10-28,1,0,-0.007087147819804485
89502,14186,GPRO,2011-07-28,1,0,-0.014215600408466743
89502,14186,GPRO,2011-11-02,1,0,-0.006356789302321574
89502,14186,GPRO,2012-02-13,1,0,0.0040006571334802905
89506,150481,SAIA,2010-07-29,1,0,-0.008925061132584625
89506,150481,SAIA,2010-10-28,1,0,-0.01179916808306337
89506,150481,SAIA,2011-01-31,1,0,0.007815112879615702
89506,150481,SAIA,2011-04-28,1,0,0.004208025621574022
89506,150481,SAIA,2011-07-27,1,0,-0.00929429163165056
89506,150481,SAIA,2011-10-26,1,0,-0.0029690088378492435
89506,150481,SAIA,2012-01-31,1,0,0.004021789128598612
89506,150481,SAIA,2012-04-27,1,0,0.013893216482920847
89506,150481,SAIA,2012-07-27,1,0,0.016974848780424608
89506,150481,SAIA,2012-11-01,1,1,0.0006097099952068336
89506,150481,SAIA,2013-01-30,1,0,0.007772582821306247
89506,150481,SAIA,2013-04-26,1,0,0.012864147172859776
89506,150481,SAIA,2013-07-26,1,0,-0.004219929339849868
89506,150481,SAIA,2013-10-30,1,0,0.00987542511203995
89508,64410,KMX,2015-04-02,1,0,0.003218163614755301
89509,150699,XEC,2010-08-04,1,0,0.000974505865709469
89509,150699,XEC,2010-11-03,1,0,-0.002297712815652846
89509,150699,XEC,2011-08-04,1,0,-0.012793585158370589
89509,150699,XEC,2011-11-03,1,0,-0.006781704305091962
89509,150699,XEC,2012-02-15,1,0,-0.007641360633173529
89509,150699,XEC,2013-02-19,1,0,-0.006577654142498581
89530,108449,TAYC,2010-07-29,1,0,-0.011959802417920102
89530,108449,TAYC,2010-10-21,1,0,0.005996199751336997
89530,108449,TAYC,2011-07-21,1,0,-0.005097979251896952
89530,108449,TAYC,2011-10-20,1,1,0.009634656688786426
89530,108449,TAYC,2012-01-24,1,0,-0.0031970513096219403
89530,108449,TAYC,2013-01-24,1,0,0.018002041089550495
89533,149318,WYNN,2015-02-03,1,0,-0.0013443432892047344
89533,149318,WYNN,2015-04-28,1,0,-0.0038419521284075078
89540,150139,DKS,2010-08-19,1,0,0.014866404268143554
89540,150139,DKS,2010-11-16,1,0,0.025263140357429985
89540,150139,DKS,2011-08-16,1,1,0.010057350603994744
89540,150139,DKS,2011-11-15,1,1,0.023465077463786184
89540,150139,DKS,2012-03-06,1,0,0.0057047361770856155
89540,150139,DKS,2013-03-11,1,0,-0.004684152627455742
89546,150562,NGS,2010-08-05,1,0,0.00533164781974059
89546,150562,NGS,2010-11-03,1,0,0.011612761947606194
89549,151161,OFI,2013-02-13,1,0,
89549,151161,OFI,2013-05-15,1,0,0.011574169043129797
89567,148249,COSI,2011-03-28,1,0,0.004354589489909474
89567,148249,COSI,2011-05-12,1,0,0.004959703202211518
89567,148249,COSI,2012-05-17,1,0,
89567,148249,COSI,2013-08-15,1,0,-0.01166718909407447
89572,135788,CEVA,2010-07-28,1,0,0.009577650522788155
89572,135788,CEVA,2010-10-26,1,0,0.00931253698848044
89572,135788,CEVA,2011-01-31,1,0,0.012880050470919283
89572,135788,CEVA,2011-07-26,1,0,0.019991836441790575
89572,135788,CEVA,2011-10-27,1,0,0.020082962278759567
89572,135788,CEVA,2012-01-31,1,0,0.013867063852892533
89572,135788,CEVA,2013-01-30,1,0,0.004386661722114087
89573,151544,PKBK,2010-07-26,1,0,0.019928137700795885
89573,151544,PKBK,2011-07-25,1,0,0.004378023738753805
89573,151544,PKBK,2013-01-25,1,0,0.020491562542853878
89574,150477,PRAA,2010-02-11,1,0,0.0012806405176110456
89574,150477,PRAA,2010-04-27,1,0,0.01876961766013812
89574,150477,PRAA,2010-07-29,1,0,0.003224851498756328
89574,150477,PRAA,2010-10-27,1,0,0.014869662131101772
89574,150477,PRAA,2011-05-04,1,0,0.007236993565404775
89574,150477,PRAA,2011-07-28,1,0,0.011304437515633809
89574,150477,PRAA,2011-10-27,1,0,0.0069931952210362
89574,150477,PRAA,2012-05-07,1,0,0.021551541187704467
89575,148469,SAFT,2015-02-24,1,0,0.000500756421698556
89575,148469,SAFT,2015-05-05,1,0,0.0013012942103117877
89597,126010,FSI,2015-03-31,1,0,
89597,126010,FSI,2015-05-15,1,0,
89606,115757,SWHC,2010-09-09,1,0,-0.009351919351033343
89606,115757,SWHC,2010-12-08,1,0,-0.013992674715704543
89606,115757,SWHC,2011-09-07,1,0,-0.012897826720809484
89606,115757,SWHC,2011-12-08,1,0,0.011945696189170326
89606,115757,SWHC,2012-03-08,1,0,0.015130417824021929
89606,115757,SWHC,2013-03-05,1,0,0.010204832481858779
89609,14581,MGCD,2013-03-05,1,0,0.0045224979885604725
89611,61004,ACTG,2015-04-23,1,0,0.00983660989157885
89626,149070,CME,2010-07-29,1,0,0.0087083292088295
89626,149070,CME,2010-10-28,1,0,0.0037763547710885506
89626,149070,CME,2011-07-28,1,0,0.0016017880594364868
89626,149070,CME,2011-11-01,1,0,0.009942865644106446
89626,149070,CME,2012-02-02,1,0,0.009043259087483851
89626,149070,CME,2013-02-05,1,0,0.005208595720659415
89636,149268,PXP,2010-08-05,1,0,
89636,149268,PXP,2010-11-05,1,0,
89636,149268,PXP,2011-08-04,1,0,
89636,149268,PXP,2011-11-04,1,1,
89636,149268,PXP,2012-02-23,1,0,
89636,149268,PXP,2013-02-21,1,0,
89642,143910,BBNK,2015-01-27,1,0,
89642,143910,BBNK,2015-04-20,1,0,0.005269144436415222
89643,112295,FCCO,2013-01-16,1,0,0.033298770266363645
89653,150279,PFS,2010-07-30,1,0,
89653,150279,PFS,2010-10-29,1,0,
89653,150279,PFS,2011-01-28,1,0,-0.00201470665272902
89653,150279,PFS,2011-07-29,1,0,
89653,150279,PFS,2011-10-28,1,0,
89653,150279,PFS,2012-01-27,1,0,
89653,150279,PFS,2013-02-01,1,0,0.00013594519441925083
89659,12789,LOJN,2010-08-04,1,0,-0.008588988263073302
89659,12789,LOJN,2010-10-27,1,0,0.0045707754926964245
89685,140902,NIHD,2010-07-29,1,0,0.005337922820779687
89685,140902,NIHD,2010-10-28,1,0,0.0017119746855607859
89685,140902,NIHD,2011-07-28,1,0,-0.006774478389198745
89685,140902,NIHD,2011-10-27,1,0,-0.011543936593921144
89685,140902,NIHD,2012-02-23,1,0,-0.01722145458587556
89685,140902,NIHD,2013-02-28,1,0,-0.005153948085289772
89736,61693,HTLF,2015-01-26,1,0,0.016954954615911393
89736,61693,HTLF,2015-04-27,1,0,0.015632424926724425
89753,148390,FORM,2010-04-27,1,0,
89753,148390,FORM,2010-07-27,1,0,
89753,148390,FORM,2010-10-26,1,0,
89753,148390,FORM,2011-04-26,1,1,
89753,148390,FORM,2011-07-26,1,0,
89753,148390,FORM,2011-10-27,1,0,
89753,148390,FORM,2012-02-07,1,0,
89753,148390,FORM,2012-05-01,1,0,
89753,148390,FORM,2012-08-01,1,0,
89753,148390,FORM,2012-11-01,1,1,
89753,148390,FORM,2013-02-06,1,0,
89753,148390,FORM,2013-05-01,1,0,
89753,148390,FORM,2013-07-31,1,0,
89753,148390,FORM,2013-10-24,1,0,
89757,6307,SHLD,2010-11-18,1,0,-0.06183175157856802
89757,6307,SHLD,2011-08-18,1,0,-0.02831454088658414
89757,6307,SHLD,2011-11-17,1,0,-0.018347745016493146
89757,6307,SHLD,2012-02-23,1,0,-0.01839065394833416
89757,6307,SHLD,2013-02-28,1,0,-0.011858238850527844
89781,152149,MOH,2015-02-09,1,0,-0.002470530106277645
89781,152149,MOH,2015-05-07,1,0,-0.01250042423406005
89796,153728,IPAS,2010-02-11,1,0,-0.009763620436896893
89796,153728,IPAS,2010-05-06,1,0,-0.02002983879658802
89796,153728,IPAS,2010-08-05,1,0,-0.0187160437343495
89796,153728,IPAS,2010-11-04,1,0,-0.019410000801504332
89796,153728,IPAS,2011-02-17,1,0,-0.0045363166512875815
89796,153728,IPAS,2011-05-09,1,0,-0.013392607890856547
89796,153728,IPAS,2011-08-04,1,0,-0.02475911410334885
89796,153728,IPAS,2011-11-07,1,0,-0.010434734184724728
89796,153728,IPAS,2012-08-07,1,0,-0.009706203228285923
89796,153728,IPAS,2013-02-13,1,0,0.019585551125733902
89796,153728,IPAS,2013-05-08,1,0,0.005916330522583784
89796,153728,IPAS,2013-11-06,1,0,-0.030592666480038867
89799,154595,MNRK,2010-07-21,1,0,0.02633043563637276
89799,154595,MNRK,2010-10-27,1,0,0.024253776409548823
89799,154595,MNRK,2011-01-27,1,0,0.012525085917299672
89799,154595,MNRK,2011-07-21,1,0,0.020683434776855407
89799,154595,MNRK,2013-01-31,1,0,0.02428350003882538
89800,154039,NTGR,2010-07-21,1,0,0.0014507158973055883
89800,154039,NTGR,2010-10-26,1,0,0.0031745075885669665
89800,154039,NTGR,2011-07-28,1,0,0.013465364501429527
89800,154039,NTGR,2011-10-27,1,0,0.00867156404409571
89800,154039,NTGR,2013-02-12,1,0,-0.002479402930580254
89805,154755,CSE,2010-07-30,1,0,0.016576939506919845
89805,154755,CSE,2010-10-29,1,0,0.0006630461836035009
89810,25389,GPK,2011-07-28,1,0,0.00038317258372412566
89810,25389,GPK,2011-10-27,1,0,-0.014568845193624941
89810,25389,GPK,2012-02-23,1,0,0.004852545899078852
89810,25389,GPK,2013-02-07,1,0,-0.004975207608837646
89821,109699,BNCN,2011-07-29,1,0,0.0010580487842166784
89821,109699,BNCN,2011-10-28,1,0,0.005496092189935561
89821,109699,BNCN,2012-01-31,1,0,0.007678875857218679
89821,109699,BNCN,2013-01-30,1,0,0.018077911245285908
89824,154758,PRSC,2010-08-04,1,0,-0.006627905145460385
89824,154758,PRSC,2010-11-03,1,0,0.03540956865727889
89824,154758,PRSC,2011-08-08,1,0,-0.018499051274236893
89824,154758,PRSC,2011-11-02,1,0,-0.005810424778275739
89841,12603,CNO,2010-08-03,1,0,0.010762867103917526
89841,12603,CNO,2010-11-02,1,0,0.01688409611706289
89841,12603,CNO,2011-07-27,1,0,0.014627874865079207
89841,12603,CNO,2011-10-25,1,0,0.009740631339387212
89841,12603,CNO,2012-02-22,1,1,0.014025630309087688
89841,12603,CNO,2013-02-11,1,0,0.0036056438005119635
89850,154056,NFP,2010-08-03,1,0,0.005612633489691131
89850,154056,NFP,2010-11-02,1,0,-0.005535848863301088
89850,154056,NFP,2011-08-01,1,0,0.00823961537909837
89850,154056,NFP,2011-10-27,1,0,0.004349186378400617
89850,154056,NFP,2012-02-07,1,0,0.0038533590433069173
89850,154056,NFP,2013-02-14,1,0,0.002655086088136381
89876,150278,CRI,2015-02-26,1,0,0.00228690580222762
89876,150278,CRI,2015-04-29,1,0,-0.00029738412571243215
89877,156156,FMD,2010-04-23,1,0,0.005962451526586794
89877,156156,FMD,2010-08-16,1,0,-0.008557466096585161
89877,156156,FMD,2010-11-04,1,0,-0.01083216929981196
89877,156156,FMD,2011-02-01,1,0,-0.003361820334381047
89877,156156,FMD,2012-01-31,1,0,0.0029453212461804192
89877,156156,FMD,2012-11-01,1,0,0.007698877675877937
89877,156156,FMD,2013-08-15,1,0,-0.003615552934188646
89889,155616,CIDM,2010-02-11,1,0,-0.003105865544501582
89889,155616,CIDM,2010-06-10,1,0,-0.0035284771951248645
89889,155616,CIDM,2010-08-12,1,0,-0.0034229177746594747
89889,155616,CIDM,2010-11-11,1,0,-0.0063415172335321845
89889,155616,CIDM,2011-02-08,1,0,0.01327419153808039
89889,155616,CIDM,2011-08-11,1,0,0.007248401601225133
89889,155616,CIDM,2011-11-10,1,0,0.0100584384357884
89889,155616,CIDM,2012-02-09,1,0,
89889,155616,CIDM,2012-08-14,1,0,-0.011561772933101159
89889,155616,CIDM,2015-02-12,1,0,-0.010110780838533383
89900,156155,SNX,2015-01-12,1,0,-7.838090559715225e-05
89900,156155,SNX,2015-03-31,1,1,-0.004761973781046071
89901,155393,WLL,2010-07-28,1,0,0.01530112967651313
89901,155393,WLL,2015-02-25,1,1,-0.0013141069354205889
89901,155393,WLL,2015-04-29,1,0,0.004735983067346144
89905,156613,CALD,2010-04-29,1,0,-0.007506720534861934
89905,156613,CALD,2010-07-29,1,0,-0.008847013401570366
89905,156613,CALD,2010-10-28,1,0,0.005300959943390885
89905,156613,CALD,2011-02-03,1,0,0.006502561625940788
89905,156613,CALD,2011-05-03,1,0,0.01199391264597684
89905,156613,CALD,2011-08-02,1,0,0.000984953672630122
89905,156613,CALD,2011-10-27,1,0,-0.0056773948057561065
89905,156613,CALD,2012-02-08,1,0,0.0037870916818663596
89905,156613,CALD,2012-05-02,1,0,0.004544455891986803
89905,156613,CALD,2012-08-02,1,0,0.007836157044579996
89905,156613,CALD,2012-11-01,1,0,0.01587143795126421
89905,156613,CALD,2013-05-02,1,0,-0.00036101173109409634
89905,156613,CALD,2013-08-01,1,0,0.007446705627741407
89905,156613,CALD,2013-10-31,1,0,0.006664642050857294
89908,156614,CONN,2015-03-31,1,0,-0.0007577972569007075
89916,149177,NXST,2015-05-07,1,0,0.013414009736590286
89919,147453,PNCL,2010-05-04,1,0,-0.003951777968671829
89919,147453,PNCL,2010-08-03,1,0,-0.02604079172257067
89919,147453,PNCL,2010-11-09,1,0,0.005957083536035283
89919,147453,PNCL,2011-08-04,1,0,-0.01870942514703825
89919,147453,PNCL,2011-11-03,1,0,-0.048304211725944776
89922,156153,TSRA,2015-02-10,1,0,
89922,156153,TSRA,2015-05-05,1,0,
89924,155933,XPRT,2010-02-16,1,0,-0.00455371217473477
89924,155933,XPRT,2010-05-04,1,0,-8.418662670132016e-05
89924,155933,XPRT,2010-08-03,1,0,-0.010695988640943276
89925,140979,ZHNE,2015-04-21,1,0,
89934,118125,MIGP,2010-02-25,1,0,0.0004609275806147879
89934,118125,MIGP,2010-04-29,1,0,0.011106222796260905
89934,118125,MIGP,2010-07-29,1,0,-0.003410520328695453
89934,118125,MIGP,2010-10-28,1,0,-0.0015945584587397591
89941,149721,TZOO,2015-01-22,1,0,0.0036371092883654256
89941,149721,TZOO,2015-04-16,1,0,0.00821003705161849
89952,157153,CMP,2015-02-09,1,0,0.01735492139874096
89952,157153,CMP,2015-04-27,1,1,0.00036990092761878153
89954,12206,DTV,2015-02-19,1,0,-0.004147255271212383
89954,12206,DTV,2015-05-05,1,0,-0.0036301017280395073
89960,157354,KRO,2010-08-03,1,0,0.009130473755214454
89960,157354,KRO,2010-10-22,1,0,
89964,155738,NNI,2010-08-09,1,0,-0.006309436406552517
89964,155738,NNI,2010-11-09,1,0,-0.004952834455782491
89964,155738,NNI,2011-08-09,1,0,-0.014985505277108352
89964,155738,NNI,2011-11-08,1,0,-0.010689249485930035
89968,8605,PJC,2015-02-05,1,0,0.003478436220683923
89968,8605,PJC,2015-04-23,1,0,0.008066801994631221
89971,156861,TPX,2010-07-20,1,0,0.01621882505825735
89971,156861,TPX,2010-10-19,1,0,0.018898963189951094
89971,156861,TPX,2011-01-20,1,0,0.02372859566315541
89971,156861,TPX,2011-07-26,1,1,0.018912496223814048
89971,156861,TPX,2011-10-20,1,1,0.012106073830187924
89973,156633,UTI,2010-08-03,1,0,0.0054330846409849165
89973,156633,UTI,2011-07-27,1,0,-0.010751300783829293
89973,156633,UTI,2011-11-29,1,0,-0.010376340758413061
89973,156633,UTI,2012-02-02,1,0,-0.0031367683625591076
89973,156633,UTI,2013-01-31,1,0,-0.006793933038542142
90011,2940,MGLN,2015-02-26,1,0,0.00532347508694523
90011,2940,MGLN,2015-04-30,1,0,0.010473631623097755
90022,157635,ATHR,2010-04-19,1,0,
90022,157635,ATHR,2010-07-19,1,0,
90022,157635,ATHR,2010-10-25,1,0,
90022,157635,ATHR,2011-02-10,1,0,
90022,157635,ATHR,2011-04-29,1,0,
90029,141496,DVAX,2010-07-30,1,0,
90029,141496,DVAX,2011-05-05,1,0,-0.009278052597343085
90029,141496,DVAX,2011-07-20,1,0,0.007899956375915852
90029,141496,DVAX,2012-03-06,1,0,0.00689761979119723
90029,141496,DVAX,2012-04-27,1,0,
90029,141496,DVAX,2012-08-01,1,0,0.0007112919660595511
90029,141496,DVAX,2012-11-01,1,0,0.001088640029573382
90029,141496,DVAX,2013-03-01,1,0,-0.010738930329657352
90029,141496,DVAX,2013-05-06,1,0,-0.011324056426547739
90029,141496,DVAX,2013-07-29,1,0,-0.004231989745494437
90037,156953,HTH,2015-04-30,1,0,0.0027910917208008603
90038,157057,AIZ,2010-07-28,1,0,0.00658440115365223
90038,157057,AIZ,2010-10-27,1,0,0.0056739506145655726
90038,157057,AIZ,2011-07-27,1,0,-0.0021802703661606866
90038,157057,AIZ,2011-10-26,1,0,-0.008061326201299391
90038,157057,AIZ,2012-02-01,1,0,-0.0028066673757681914
90038,157057,AIZ,2015-02-12,1,1,-0.03792823335325724
90038,157057,AIZ,2015-05-05,1,0,0.00298694601024216
90052,157415,TRW,2010-08-04,1,0,0.015294135504779552
90052,157415,TRW,2010-11-03,1,0,0.011159081538264549
90052,157415,TRW,2011-08-03,1,0,0.015557952160025552
90052,157415,TRW,2011-11-02,1,0,0.006805535199893374
90052,157415,TRW,2012-02-16,1,1,0.01782382028280232
90052,157415,TRW,2013-02-15,1,0,0.010716745846322989
90067,150258,HOS,2010-07-29,1,0,-0.005200882815028856
90067,150258,HOS,2010-11-04,1,0,0.01111943569296988
90067,150258,HOS,2011-08-04,1,0,-0.002363417079598071
90067,150258,HOS,2011-11-03,1,0,-0.000491222706919774
90067,150258,HOS,2012-02-16,1,0,0.008991605079068777
90067,150258,HOS,2013-02-06,1,0,0.012685414592571751
90071,135990,NRG,2015-02-27,1,0,-0.0035185083634782476
90071,135990,NRG,2015-05-08,1,0,0.005849983109723954
90079,157414,ANDS,2010-07-29,1,0,-0.007097299972613616
90079,157414,ANDS,2010-11-08,1,0,-0.0035605396637974837
90079,157414,ANDS,2011-08-08,1,0,-0.0010529779290896412
90082,63224,CVCY,2010-04-22,1,0,0.014042171299150991
90082,63224,CVCY,2010-07-22,1,0,
90082,63224,CVCY,2010-10-21,1,0,
90082,63224,CVCY,2011-02-01,1,0,0.021987810180724092
90082,63224,CVCY,2011-04-20,1,0,0.015772874616647968
90082,63224,CVCY,2011-10-19,1,0,
90082,63224,CVCY,2012-02-01,1,0,0.017727945763064055
90082,63224,CVCY,2012-07-18,1,0,0.009838761177573414
90082,63224,CVCY,2012-10-17,1,1,0.018923480098248825
90082,63224,CVCY,2013-04-17,1,0,0.011880219961988993
90082,63224,CVCY,2013-07-17,1,0,0.004147507004182857
90082,63224,CVCY,2013-10-16,1,0,0.010679733823096577
90086,16929,MBVT,2010-04-29,1,0,0.010553771493453566
90086,16929,MBVT,2010-07-26,1,0,
90086,16929,MBVT,2010-10-25,1,0,0.0035964057633827086
90086,16929,MBVT,2011-01-26,1,0,-0.005905228021775934
90086,16929,MBVT,2011-04-28,1,0,
90086,16929,MBVT,2011-07-25,1,0,0.0006510710471188353
90086,16929,MBVT,2011-10-25,1,0,
90086,16929,MBVT,2012-01-25,1,0,0.019653943144123123
90086,16929,MBVT,2012-04-23,1,0,0.015034730919690641
90086,16929,MBVT,2012-07-23,1,0,
90086,16929,MBVT,2012-10-24,1,0,0.0001292910637978907
90086,16929,MBVT,2013-01-23,1,0,0.02326504440565106
90086,16929,MBVT,2013-04-23,1,0,0.004030264413024086
90086,16929,MBVT,2013-07-22,1,0,0.001855667510487242
90088,157755,MCHX,2015-05-06,1,0,0.016590725052446673
90090,160776,SBNY,2015-01-22,1,0,
90090,160776,SBNY,2015-04-21,1,0,
90092,28543,SUNH,2010-03-03,1,0,0.011280661898276421
90092,28543,SUNH,2010-04-28,1,0,-0.011435512064562755
90092,28543,SUNH,2010-07-28,1,0,-0.013742506027541202
90092,28543,SUNH,2010-10-27,1,0,0.012622554256256491
90097,264416,UCTT,2010-07-26,1,0,0.0012247112598139107
90097,264416,UCTT,2010-10-25,1,0,-0.012056218041239302
90097,264416,UCTT,2011-07-25,1,0,0.0035283062659641653
90097,264416,UCTT,2011-10-24,1,0,-0.011159120806664572
90097,264416,UCTT,2012-02-13,1,0,0.010630074585271702
90097,264416,UCTT,2013-02-19,1,0,-0.005274819852604966
90101,63790,ANX,2010-08-06,1,0,
90101,63790,ANX,2010-11-08,1,0,
90101,63790,ANX,2011-08-08,1,0,
90110,160255,HSP,2010-07-28,1,0,0.0026806568614088054
90110,160255,HSP,2010-10-26,1,0,-0.01808204440754259
90110,160255,HSP,2011-07-27,1,0,-0.004256058024582791
90110,160255,HSP,2011-10-26,1,0,-0.014578324593102798
90110,160255,HSP,2012-02-14,1,0,-0.020674668629944826
90110,160255,HSP,2013-02-13,1,1,-0.0031485829683447313
90125,146616,CORT,2010-08-12,1,0,
90125,146616,CORT,2010-11-10,1,0,
90125,146616,CORT,2011-05-04,1,0,-0.007202263762994288
90125,146616,CORT,2011-11-07,1,0,-0.002611695633379287
90125,146616,CORT,2012-03-05,1,0,
90125,146616,CORT,2012-05-03,1,0,
90125,146616,CORT,2012-08-07,1,0,
90125,146616,CORT,2012-10-31,1,0,0.007264746560744918
90125,146616,CORT,2013-03-07,1,0,0.0016977869160979325
90125,146616,CORT,2013-05-02,1,0,0.0076125448389468865
90125,146616,CORT,2013-11-07,1,0,
90126,158563,CYTK,2010-02-03,1,0,-0.004868083813569736
90126,158563,CYTK,2010-04-29,1,0,0.00361864031222586
90126,158563,CYTK,2010-07-28,1,0,0.005109536051680663
90126,158563,CYTK,2011-02-14,1,0,0.0056397763227703365
90126,158563,CYTK,2011-04-27,1,0,0.011426734699118306
90126,158563,CYTK,2011-10-27,1,0,-0.0026359089100651822
90126,158563,CYTK,2012-04-26,1,0,0.005738756404322123
90126,158563,CYTK,2013-04-30,1,0,0.006918202268884393
90126,158563,CYTK,2013-07-31,1,0,-0.008105227288997721
90126,158563,CYTK,2013-10-30,1,0,0.006200471764227311
90136,19361,SMTB,2010-02-01,1,0,
90136,19361,SMTB,2010-05-03,1,0,-0.009177128024367464
90162,158354,GNW,2010-07-29,1,0,-0.005900671567441755
90162,158354,GNW,2010-10-28,1,0,0.006184549657044008
90162,158354,GNW,2011-07-28,1,0,-0.03104992491387641
90162,158354,GNW,2011-11-03,1,0,-0.0025063833891299965
90162,158354,GNW,2012-02-02,1,0,-0.004347812800033745
90162,158354,GNW,2013-02-05,1,0,-0.032099700633532235
90164,264395,GHL,2010-07-21,1,0,-0.005814550201692767
90164,264395,GHL,2010-10-20,1,0,-0.004603119177184841
90164,264395,GHL,2011-01-26,1,0,
90164,264395,GHL,2011-10-19,1,0,-0.006019861256744254
90164,264395,GHL,2012-01-25,1,0,-0.0026474605572053573
90164,264395,GHL,2013-01-23,1,0,0.0005454572544049607
90177,141846,ACAD,2015-02-26,1,0,-0.005483294525859285
90177,141846,ACAD,2015-05-07,1,0,-0.009826470962273315
90178,264265,ALNY,2015-02-12,1,1,-0.02107326431891641
90178,264265,ALNY,2015-05-07,1,0,-0.015307593718213884
90183,181617,CRTX,2010-11-04,1,0,0.0044741348754988985
90183,181617,CRTX,2011-05-12,1,0,0.012855536599638595
90183,181617,CRTX,2011-08-04,1,0,0.0034980910133057385
90183,181617,CRTX,2011-11-03,1,0,0.000540159044158512
90183,181617,CRTX,2012-05-15,1,0,0.0014848173448922105
90183,181617,CRTX,2012-08-09,1,0,-0.012436945000603565
90183,181617,CRTX,2012-11-08,1,0,0.00714987110737207
90183,181617,CRTX,2013-03-14,1,0,-0.0029993601244706868
90183,181617,CRTX,2013-05-09,1,0,
90183,181617,CRTX,2013-08-06,1,0,-0.006014235910500158
90183,181617,CRTX,2013-11-07,1,0,-0.0033126162226376765
90188,264385,NUVA,2010-07-27,1,0,0.006548620482104136
90188,264385,NUVA,2010-10-28,1,0,-0.013692815898474127
90188,264385,NUVA,2011-02-23,1,0,-0.005230333147258105
90188,264385,NUVA,2011-05-04,1,1,0.01727088922870846
90188,264385,NUVA,2011-07-25,1,0,0.003121171349521632
90188,264385,NUVA,2011-10-27,1,0,-0.0011825268363022607
90188,264385,NUVA,2012-02-22,1,0,0.00045081692773663376
90188,264385,NUVA,2012-04-30,1,0,0.005977515079931794
90188,264385,NUVA,2012-07-25,1,0,0.006005950544285627
90188,264385,NUVA,2012-10-24,1,1,-0.013866720440258244
90188,264385,NUVA,2013-02-26,1,1,0.005379625226680556
90188,264385,NUVA,2013-04-30,1,1,-0.001157885527414965
90188,264385,NUVA,2013-07-30,1,0,-0.0013394650240076082
90188,264385,NUVA,2013-10-29,1,0,0.005376538205855597
90199,260774,CBG,2015-02-04,1,0,0.015546526571184473
90199,260774,CBG,2015-04-29,1,0,0.013300276282281443
90200,264708,CAB,2015-02-12,1,0,-0.0006583285859125976
90200,264708,CAB,2015-04-23,1,0,0.010979887020148207
90204,146137,END,2010-08-05,1,0,-0.007356941001061908
90204,146137,END,2010-11-03,1,0,0.005842226192842084
90204,146137,END,2011-08-03,1,0,-0.015652961109830638
90204,146137,END,2012-02-29,1,0,-0.014567727933614707
90204,146137,END,2013-03-06,1,0,-0.0029325995070045574
90209,264507,JTX,2010-07-14,1,0,-0.013909786673546294
90209,264507,JTX,2010-09-08,1,0,-0.016290632159494854
90210,160183,LTM,2015-02-26,1,0,0.0018646537048227574
90210,160183,LTM,2015-04-28,1,0,
90215,157855,CRM,2010-08-19,1,0,0.021130003699288302
90215,157855,CRM,2010-11-18,1,0,0.002734300358930281
90215,157855,CRM,2011-08-18,1,0,0.009146329329502257
90215,157855,CRM,2011-11-17,1,0,0.02159767467223097
90215,157855,CRM,2012-02-23,1,0,0.018376008539410068
90215,157855,CRM,2013-02-28,1,1,0.009541390189295512
90220,264386,BBBB,2010-08-09,1,0,
90220,264386,BBBB,2010-11-03,1,0,0.02722290704599844
90220,264386,BBBB,2011-08-03,1,0,0.0024204329954899493
90221,112112,BOCH,2011-10-28,1,0,-0.016205305954403906
90232,160216,MFLX,2010-08-05,1,0,-0.014728720024051659
90232,160216,MFLX,2010-11-04,1,0,-0.0020198920547543475
90232,160216,MFLX,2011-08-04,1,0,-0.0065156071160754215
90232,160216,MFLX,2011-11-03,1,0,-0.007747883332712436
90232,160216,MFLX,2012-02-02,1,0,0.0002478548026876399
90232,160216,MFLX,2013-02-07,1,0,-0.030424071133878128
90238,142812,SNMX,2012-05-03,1,0,-0.0036136263334091475
90238,142812,SNMX,2013-03-15,1,0,0.00970567269686164
90248,160211,DPZ,2010-07-27,1,0,0.011730591425159689
90248,160211,DPZ,2010-10-19,1,0,0.007797539578194738
90248,160211,DPZ,2011-07-26,1,0,0.013756703065838979
90248,160211,DPZ,2011-10-18,1,0,0.003849491473796638
90248,160211,DPZ,2012-02-28,1,0,0.010275940427699535
90248,160211,DPZ,2013-02-28,1,0,0.009458670178495627
90249,160893,ENS,2010-08-11,1,0,-0.003584494311336478
90249,160893,ENS,2010-11-09,1,0,0.0015443597197353325
90249,160893,ENS,2011-08-10,1,0,3.36247486923142e-06
90249,160893,ENS,2011-11-09,1,0,0.003302788453755615
90249,160893,ENS,2012-02-08,1,0,0.007800387209826566
90272,260778,WCG,2015-02-11,1,0,-0.026202106002790784
90274,160891,ANCX,2015-04-17,1,0,
90275,160272,AUXL,2010-02-17,1,0,-0.0018959451280915196
90275,160272,AUXL,2010-05-03,1,0,0.01244896391163933
90275,160272,AUXL,2010-08-05,1,0,-0.0028267524177493387
90275,160272,AUXL,2010-11-04,1,0,0.0034238045854217873
90275,160272,AUXL,2011-08-01,1,0,-0.0058865441921524715
90275,160272,AUXL,2011-10-31,1,0,-0.0031678625992504258
90275,160272,AUXL,2012-02-23,1,0,0.009003499917790373
90275,160272,AUXL,2013-02-26,1,0,0.01026019180672587
90280,148169,IDIX,2010-07-26,1,0,0.007365746780324143
90280,148169,IDIX,2010-10-29,1,0,-0.00044615178706327273
90280,148169,IDIX,2011-08-08,1,0,-0.002378100214086701
90280,148169,IDIX,2011-11-02,1,0,-0.0023405287942735616
90280,148169,IDIX,2012-02-23,1,0,0.009125187957659677
90295,184064,XBKS,2011-11-08,1,0,0.005605909939404195
90303,266214,CNS,2010-07-21,1,0,-0.0024961697089679446
90303,266214,CNS,2010-10-20,1,0,0.0031803271363535406
90303,266214,CNS,2011-01-26,1,0,0.014689854816349716
90303,266214,CNS,2011-07-20,1,0,-0.008092772343751803
90303,266214,CNS,2011-10-19,1,0,0.006582838803687407
90303,266214,CNS,2012-01-25,1,0,0.012419568401611958
90303,266214,CNS,2013-01-23,1,0,0.0036316437678148776
90312,160684,WLK,2010-08-03,1,0,0.0009666288769447431
90312,160684,WLK,2010-11-03,1,0,-0.0005083169559702691
90312,160684,WLK,2011-08-02,1,0,0.0005751062812559523
90312,160684,WLK,2011-11-01,1,0,0.008532204805791057
90312,160684,WLK,2012-02-21,1,0,0.0030131242794612326
90312,160684,WLK,2013-02-19,1,0,0.00414499808366753
90313,149683,CAAS,2010-08-09,1,0,0.015579717277918126
90313,149683,CAAS,2010-11-09,1,0,0.012594386655116627
90313,149683,CAAS,2011-07-22,1,0,
90313,149683,CAAS,2011-08-09,1,0,
90313,149683,CAAS,2011-11-08,1,0,-0.000799486852300333
90313,149683,CAAS,2012-03-09,1,0,
90314,160570,CVGI,2010-08-04,1,0,0.0021763950086749204
90314,160570,CVGI,2010-11-03,1,0,-0.0001902864973694334
90314,160570,CVGI,2011-07-26,1,1,0.00312500236772698
90314,160570,CVGI,2011-10-26,1,1,0.008883802784566509
90314,160570,CVGI,2012-02-15,1,0,0.008032049046636701
90319,160329,GOOG,2010-04-15,1,0,
90319,160329,GOOG,2010-07-15,1,0,
90319,160329,GOOG,2010-10-14,1,0,
90319,160329,GOOG,2011-01-20,1,0,
90319,160329,GOOG,2011-04-14,1,0,
90319,160329,GOOG,2011-07-14,1,0,
90319,160329,GOOG,2011-10-13,1,0,
90319,160329,GOOG,2012-01-19,1,0,
90319,160329,GOOG,2012-04-12,1,0,
90319,160329,GOOG,2012-07-19,1,0,
90319,160329,GOOG,2013-01-22,1,0,
90319,160329,GOOG,2013-04-18,1,0,
90319,160329,GOOG,2013-07-18,1,0,
90319,160329,GOOG,2013-10-17,1,0,
90325,160375,STXS,2010-08-02,1,0,0.005572295665328972
90325,160375,STXS,2010-11-01,1,0,-0.006922256602734024
90325,160375,STXS,2011-11-07,1,0,0.003332641309893433
90352,25495,DYN,2015-02-24,1,1,0.007754108830975669
90352,25495,DYN,2015-05-06,1,1,-0.004507852051691456
90353,160598,BECN,2015-02-06,1,0,0.008631977652841688
90353,160598,BECN,2015-05-08,1,0,0.0002878556622689307
90354,133944,OCLR,2010-07-29,1,0,0.013256950740749741
90354,133944,OCLR,2010-10-28,1,0,-0.010551188182787849
90354,133944,OCLR,2011-01-27,1,0,0.0061620339655090615
90354,133944,OCLR,2011-07-28,1,0,
90354,133944,OCLR,2011-11-09,1,1,-0.001955081035596799
90354,133944,OCLR,2012-01-26,1,0,-0.004215748845430361
90354,133944,OCLR,2013-01-31,1,0,0.005296626860303796
90371,161055,BBW,2015-02-19,1,0,0.004268746003886302
90371,161055,BBW,2015-05-05,1,0,-0.0015924319184958523
90374,160912,DWA,2010-07-27,1,0,-0.0007704918145559521
90374,160912,DWA,2010-10-26,1,0,0.01020331029581692
90374,160912,DWA,2011-07-26,1,0,0.008724051884873192
90374,160912,DWA,2011-10-25,1,0,0.008535860624808251
90374,160912,DWA,2012-02-28,1,0,0.0114803542654596
90374,160912,DWA,2013-02-26,1,1,0.0016287472411865575
90386,162129,MOS,2010-07-22,1,0,0.0014210378540495542
90386,162129,MOS,2010-10-04,1,0,0.007308764190397907
90386,162129,MOS,2011-01-04,1,0,0.01727477030661549
90386,162129,MOS,2011-07-18,1,0,0.004249433060434473
90386,162129,MOS,2011-09-23,1,0,-0.008035051358231309
90386,162129,MOS,2012-01-04,1,0,0.0018676939422688846
90386,162129,MOS,2012-03-28,1,0,0.012717952613137854
90386,162129,MOS,2013-01-04,1,0,-0.004772129686202137
90386,162129,MOS,2013-03-28,1,0,0.0042545220796841214
90387,160571,NWY,2015-03-19,1,0,-0.008014416434895264
90387,160571,NWY,2015-05-21,1,0,0.004651261664980145
90404,160989,CLMS,2010-08-05,1,0,0.0022972113141783114
90404,160989,CLMS,2010-10-26,1,0,0.005141313987243246
90404,160989,CLMS,2011-08-02,1,0,-0.006064374762467956
90404,160989,CLMS,2011-11-03,1,0,0.002901768024404389
90404,160989,CLMS,2012-02-02,1,0,0.00137909452026087
90404,160989,CLMS,2013-02-04,1,0,-0.006098633512160754
90409,161997,HURN,2015-04-28,1,0,-0.004702380536691066
90411,160798,LOCM,2015-02-27,1,0,-0.03831055880906858
90423,160668,THRX,2010-02-11,1,0,0.0007537071893413821
90423,160668,THRX,2010-04-21,1,0,0.006303519501502724
90423,160668,THRX,2010-07-22,1,0,0.003282004962366628
90423,160668,THRX,2010-10-21,1,0,-0.002486795420654027
90423,160668,THRX,2011-02-15,1,0,0.009827135966238009
90423,160668,THRX,2011-04-28,1,0,0.01254843336392622
90423,160668,THRX,2011-07-28,1,0,0.011139539791922337
90423,160668,THRX,2011-10-27,1,0,0.0034168444531085798
90423,160668,THRX,2012-02-09,1,0,0.0025485601237924963
90423,160668,THRX,2013-02-12,1,0,0.01001967990916756
90423,160668,THRX,2013-04-25,1,0,
90423,160668,THRX,2013-07-25,1,0,-0.007914774720676445
90423,160668,THRX,2013-10-24,1,0,0.0027205337833846694
90427,160376,TXRH,2015-02-23,1,1,-0.0009840204172861262
90427,160376,TXRH,2015-05-04,1,0,0.007471331186476097
90436,151630,HALO,2010-08-06,1,0,0.0005917938480013195
90436,151630,HALO,2010-11-05,1,0,0.00919624908946011
90436,151630,HALO,2011-08-05,1,0,0.007915250937533492
90436,151630,HALO,2011-11-07,1,0,0.00866543748394986
90436,151630,HALO,2012-03-09,1,0,0.000587274331484775
90436,151630,HALO,2013-02-25,1,0,-0.010515754482961938
90439,161797,NLC,2011-08-02,1,0,0.0030266233711741977
90439,161797,NLC,2011-11-01,1,1,0.023376333824938915
90442,12886,FOX,2015-02-04,1,0,0.001969143373175013
90442,12886,FOX,2015-05-06,1,0,0.0005663217918987764
90444,160913,ORA,2010-08-04,1,0,-0.0005602066013765637
90444,160913,ORA,2011-08-03,1,0,0.006833181271012491
90444,160913,ORA,2011-11-02,1,0,
90444,160913,ORA,2012-02-23,1,0,
90444,160913,ORA,2013-02-27,1,0,0.008244516268192541
90454,158742,MKTX,2010-07-28,1,0,0.005778145737841227
90454,158742,MKTX,2010-10-27,1,0,0.0031600528923179418
90454,158742,MKTX,2011-07-27,1,0,0.0003195445472896855
90454,158742,MKTX,2011-10-26,1,0,0.003945666139137535
90455,160888,MPWR,2010-07-28,1,0,0.006792090156939162
90455,160888,MPWR,2010-11-03,1,0,-0.01738049268870158
90455,160888,MPWR,2011-08-02,1,0,0.0024265016988446802
90455,160888,MPWR,2011-10-27,1,0,0.011408544075965737
90455,160888,MPWR,2013-02-06,1,0,0.010174610388480427
90458,8001,NWE,2010-07-29,1,0,0.00173593351553548
90458,8001,NWE,2010-10-28,1,0,-0.0016323245058036898
90458,8001,NWE,2011-07-27,1,0,0.0006982103405995437
90458,8001,NWE,2011-10-26,1,0,0.001511407530401937
90458,8001,NWE,2012-02-16,1,0,0.002767855227364298
90458,8001,NWE,2013-02-14,1,0,0.0032671008235628856
90466,160503,ZIPR,2010-11-02,1,0,-0.034060709256174736
90467,160657,ABBC,2010-10-29,1,0,
90467,160657,ABBC,2011-01-26,1,0,0.016002889962810136
90467,160657,ABBC,2011-04-29,1,0,
90467,160657,ABBC,2011-07-29,1,0,0.0065831226779422
90478,141389,CSCD,2010-05-04,1,0,-0.00058099188261535
90478,141389,CSCD,2010-08-03,1,0,-0.002094070156367176
90478,141389,CSCD,2010-11-02,1,0,-0.0072491717619678955
90478,141389,CSCD,2011-02-09,1,0,-0.0011640881342293487
90478,141389,CSCD,2011-05-04,1,0,-0.013156969726644376
90478,141389,CSCD,2011-08-02,1,0,-0.011326912325203003
90478,141389,CSCD,2011-11-01,1,0,
90478,141389,CSCD,2012-02-08,1,0,0.003931178055450997
90478,141389,CSCD,2012-04-30,1,0,0.0007735064237896945
90478,141389,CSCD,2013-02-05,1,0,-0.00015605196802812634
90478,141389,CSCD,2013-04-30,1,0,-0.008869145485610101
90490,158587,TBBK,2015-01-29,1,0,-0.005498028010918305
90493,161067,AEA,2010-07-28,1,0,-0.01435999651060386
90493,161067,AEA,2010-10-27,1,0,-0.005087315215477478
90493,161067,AEA,2011-07-27,1,0,-0.010152503844659091
90493,161067,AEA,2011-10-26,1,0,0.009177934353420519
90494,162459,BBG,2010-02-23,1,0,
90494,162459,BBG,2010-05-04,1,0,
90494,162459,BBG,2010-08-03,1,0,
90494,162459,BBG,2010-11-02,1,0,
90494,162459,BBG,2011-08-04,1,1,
90494,162459,BBG,2011-11-03,1,0,
90494,162459,BBG,2012-02-23,1,0,
90494,162459,BBG,2013-02-21,1,0,
90503,156933,IBI,2010-07-30,1,0,0.007382093984830442
90505,161844,LVS,2010-02-17,1,0,0.009055196178602013
90505,161844,LVS,2010-05-06,1,0,0.021975261099048276
90505,161844,LVS,2010-07-28,1,0,0.020097772949526332
90505,161844,LVS,2010-10-27,1,0,0.024460204778547268
90505,161844,LVS,2011-02-03,1,0,0.012876619705144862
90505,161844,LVS,2011-05-03,1,0,0.016646493824142433
90505,161844,LVS,2011-07-26,1,0,0.01695346602015826
90505,161844,LVS,2011-10-27,1,0,0.01696847953914954
90505,161844,LVS,2012-02-01,1,0,0.02001245500024999
90505,161844,LVS,2012-04-25,1,0,0.019776871740925715
90505,161844,LVS,2012-07-25,1,1,-0.0011012868182888862
90505,161844,LVS,2012-11-01,1,1,0.001315185957639695
90505,161844,LVS,2013-01-30,1,0,0.0023751657519208696
90505,161844,LVS,2013-05-01,1,1,0.005079826229895477
90505,161844,LVS,2013-07-24,1,1,0.007073039699373484
90505,161844,LVS,2013-10-17,1,1,0.014559802261944792
90507,161120,MIC,2015-02-18,1,1,0.007271854885313142
90507,161120,MIC,2015-05-04,1,1,
90515,160600,SMA,2010-08-05,1,0,0.006901743975897981
90515,160600,SMA,2010-11-04,1,0,0.0002681645584392883
90515,160600,SMA,2011-08-04,1,0,-0.0131780381294137
90520,162254,CE,2015-01-22,1,0,0.016631930510941036
90520,162254,CE,2015-04-16,1,0,0.011464400151171533
90531,8240,PHH,2015-02-17,1,0,-0.01544094406289214
90531,8240,PHH,2015-05-06,1,0,
90533,160341,WTI,2010-08-03,1,0,-0.004859809863234752
90533,160341,WTI,2010-11-02,1,0,0.008551884219348795
90533,160341,WTI,2011-08-03,1,0,0.0018389826403555614
90533,160341,WTI,2011-10-31,1,0,0.013110604624058214
90533,160341,WTI,2012-02-23,1,0,0.007317478517083057
90533,160341,WTI,2013-02-26,1,0,
90536,160719,GFIG,2010-02-18,1,0,-0.014751821566152795
90536,160719,GFIG,2010-04-29,1,0,0.008581876720555368
90536,160719,GFIG,2010-08-02,1,0,-0.014329514399170603
90536,160719,GFIG,2010-10-28,1,0,-0.007560379593459527
90536,160719,GFIG,2011-02-22,1,0,0.0044904603218749025
90536,160719,GFIG,2011-07-28,1,0,-0.0024193226950962095
90536,160719,GFIG,2011-10-27,1,0,0.008073214612244313
90536,160719,GFIG,2012-02-16,1,0,0.0058891774425847854
90536,160719,GFIG,2013-02-14,1,0,0.003083055238962812
90538,160838,JRCC,2010-08-06,1,0,-0.003949822839771244
90538,160838,JRCC,2010-11-03,1,0,-0.014191759847524627
90538,160838,JRCC,2011-08-09,1,0,0.002552698700536691
90538,160838,JRCC,2011-11-08,1,0,-0.014806996756107112
90538,160838,JRCC,2012-03-01,1,0,0.011121271569920554
90538,160838,JRCC,2013-03-07,1,0,-0.008774737466509263
90539,122916,COOL,2011-06-13,1,0,0.009146407825600226
90539,122916,COOL,2012-01-17,1,0,0.005528071156674795
90539,122916,COOL,2012-03-12,1,0,
90539,122916,COOL,2012-06-11,1,0,
90539,122916,COOL,2012-09-10,1,0,
90542,253527,PSDV,2015-02-05,1,0,-0.0022614672892595587
90547,162448,ANR,2010-08-04,1,0,0.00498096137946985
90547,162448,ANR,2010-11-03,1,0,0.007737133043841512
90547,162448,ANR,2011-08-04,1,0,-0.001529670246849751
90547,162448,ANR,2011-11-03,1,0,-0.004345917726632656
90547,162448,ANR,2012-02-24,1,0,-0.012091853919208242
90547,162448,ANR,2013-02-14,1,0,-0.0011056856786520507
90548,162076,ARP,2010-02-23,1,0,-0.01084246653676296
90548,162076,ARP,2010-05-04,1,0,-0.01038102027958246
90548,162076,ARP,2010-08-03,1,0,-0.00863635331760351
90548,162076,ARP,2010-11-02,1,0,-0.009374397082359516
90548,162076,ARC,2011-02-22,1,0,-0.015544578218280944
90548,162076,ARC,2011-05-03,1,0,-0.005837860381122356
90548,162076,ARC,2011-08-04,1,0,-0.016884461475161053
90548,162076,ARC,2011-11-02,1,0,-0.00310133435643491
90548,162076,ARC,2012-05-08,1,0,-0.008239787305390779
90548,162076,ARC,2012-08-07,1,0,-0.015403769199980077
90548,162076,ARC,2012-11-05,1,1,-0.0455475257795633
90548,162076,ARC,2013-05-07,1,0,0.0008594631496793206
90548,162076,ARC,2013-08-06,1,0,0.0021925111968899586
90550,162354,DLB,2015-01-21,1,0,-0.007273813391912198
90550,162354,DLB,2015-04-21,1,1,-0.00781159181366666
90558,162401,HUN,2010-08-05,1,0,-0.004327454429752532
90558,162401,HUN,2010-11-04,1,0,0.006715357068022147
90558,162401,HUN,2011-08-04,1,0,0.011831370866857385
90558,162401,HUN,2011-11-02,1,0,0.007049530663402095
90558,162401,HUN,2012-02-16,1,0,0.002771118451110314
90558,162401,HUN,2013-02-12,1,0,0.016447088813016368
90560,136864,MBR,2010-08-16,1,0,
90560,136864,MBR,2010-11-15,1,0,-0.0019917295582258625
90564,162335,PBH,2015-02-05,1,0,0.0010609450302927308
90568,161843,MNTX,2010-08-11,1,0,
90568,161843,MNTX,2010-11-10,1,0,0.0036719165988042543
90568,161843,MNTX,2011-08-10,1,0,0.010361374789946464
90568,161843,MNTX,2011-11-09,1,0,0.016231100423387892
90569,162385,WEX,2015-02-09,1,0,0.00960278097620515
90569,162385,WEX,2015-04-29,1,0,0.02701350318138066
90603,109183,PFBC,2010-07-29,1,0,
90603,109183,PFBC,2010-10-28,1,0,
90603,109183,PFBC,2011-01-31,1,0,
90603,109183,PFBC,2011-07-20,1,0,
90603,109183,PFBC,2011-10-20,1,0,
90604,160204,THLD,2011-11-03,1,0,
90604,160204,THLD,2012-03-08,1,0,
90604,160204,THLD,2012-05-03,1,0,
90604,160204,THLD,2012-08-02,1,0,
90604,160204,THLD,2012-11-02,1,0,
90604,160204,THLD,2013-03-07,1,0,
90604,160204,THLD,2013-05-02,1,0,
90604,160204,THLD,2013-08-01,1,0,
90604,160204,THLD,2013-11-04,1,0,
90605,162338,UACL,2010-07-29,1,0,0.004001265090143726
90605,162338,UACL,2010-10-28,1,0,0.0012432780660967483
90605,162338,UACL,2011-07-28,1,0,-0.0038480264684493427
90605,162338,UACL,2011-10-27,1,0,-0.0012227402757841246
90605,162338,UACL,2013-02-21,1,0,0.006267510550310303
90609,11910,NOVL,2010-08-26,1,0,-0.009021749182227779
90609,11910,NOVL,2010-12-02,1,0,0.008367252383622688
90614,160474,MEA,2010-10-29,1,0,0.012848039709326572
90614,160474,MEA,2011-03-10,1,0,0.012309670818361047
90614,160474,MEA,2011-04-28,1,0,0.013899504720177331
90614,160474,MEA,2011-07-28,1,0,0.003370420545068486
90614,160474,MEA,2011-11-03,1,0,-0.006854899354983632
90614,160474,MEA,2012-03-14,1,0,-0.029900125030286363
90614,160474,MEA,2012-05-03,1,0,-0.0054371024976840425
90614,160474,MEA,2012-08-07,1,0,-0.014939817351401827
90614,160474,MEA,2013-11-12,1,0,0.011184973726284946
90636,163069,KFFB,2010-11-03,1,0,0.00903515734767944
90638,65448,RCNI,2010-05-06,1,0,-0.004467697034975264
90638,65448,RCNI,2010-08-10,1,0,-0.0018983721197904438
90656,150049,TBV,2010-11-15,1,0,0.012420151527071632
90657,162733,PAY,2015-03-10,1,1,0.004866150588430747
90664,162887,DXCM,2015-02-25,1,1,0.004326733849876184
90664,162887,DXCM,2015-04-29,1,0,
90672,162742,RAIL,2015-05-04,1,0,0.013262038356044493
90674,140757,AEZ,2010-03-16,1,0,
90674,140757,AEZ,2010-05-18,1,0,
90674,140757,AEZ,2010-08-17,1,0,-0.008665354585606291
90674,140757,AEZ,2010-11-15,1,0,
90679,160742,JVA,2013-03-15,1,0,0.005191030846230606
90679,160742,JVA,2013-09-11,1,0,-0.014369557230173831
90696,143283,TSTC,2011-08-15,1,0,
90699,163118,WMG,2010-02-09,1,0,-0.009792874272251508
90699,163118,WMG,2010-05-06,1,0,-0.006681966017954054
90699,163118,WMG,2010-08-05,1,0,-0.01964408435315035
90699,163118,WMG,2010-11-17,1,0,-0.012129246499514619
90699,163118,WMG,2011-02-08,1,0,-0.016513256741188226
90699,163118,WMG,2011-05-10,1,0,-0.004718851837199603
90706,163051,CTRN,2015-03-13,1,0,0.005029714385267902
90706,163051,CTRN,2015-05-20,1,0,0.0022670828107148626
90708,160373,MORN,2010-07-28,1,0,
90708,160373,MORN,2010-10-27,1,0,
90708,160373,MORN,2011-07-27,1,0,0.0012649387752799949
90708,160373,MORN,2011-10-26,1,0,-0.00430285231767473
90715,162988,ZUMZ,2010-03-11,1,0,-0.0038760535928949215
90715,162988,ZUMZ,2010-05-20,1,0,
90715,162988,ZUMZ,2010-08-19,1,0,0.00028693403643775123
90715,162988,ZUMZ,2010-12-01,1,0,0.00680145680688877
90715,162988,ZUMZ,2011-03-10,1,1,0.004326685954382011
90715,162988,ZUMZ,2011-05-19,1,0,-0.01257970937053973
90715,162988,ZUMZ,2011-08-31,1,0,-0.007292932377826064
90715,162988,ZUMZ,2011-12-01,1,0,-0.002415025241774652
90715,162988,ZUMZ,2012-03-08,1,0,0.008556617523622892
90715,162988,ZUMZ,2012-05-17,1,0,0.0029274042695118293
90715,162988,ZUMZ,2012-08-30,1,1,-0.007632934028637347
90715,162988,ZUMZ,2012-11-29,1,1,-0.017535873205022985
90715,162988,ZUMZ,2013-03-14,1,1,0.0033740914715496826
90715,162988,ZUMZ,2013-05-23,1,1,-0.01415760811783953
90715,162988,ZUMZ,2013-09-05,1,0,-0.019133106873831386
90716,155280,ATSG,2015-03-05,1,0,0.003722240312178705
90716,155280,ATSG,2015-05-05,1,0,0.006100949404497508
90730,163673,HBOS,2015-01-22,1,0,0.012996403326396327
90730,163673,HBOS,2015-04-28,1,0,0.017575058801387197
90733,114484,LEAP,2011-08-03,1,0,-0.005020684893230761
90733,114484,LEAP,2011-10-31,1,0,
90733,114484,LEAP,2012-02-16,1,0,0.0020381269409960514
90733,114484,LEAP,2013-02-20,1,0,-0.010548158402796605
90742,162907,SGI,2011-08-18,1,0,0.013860603158796857
90742,162907,SGI,2011-11-08,1,0,0.016937061996819814
90742,162907,SGI,2012-02-07,1,0,-0.0209749234093558
90742,162907,SGI,2013-08-07,1,0,-0.011053727800443528
90742,162907,SGI,2013-10-30,1,0,-0.025893831937695747
90748,162809,XNPT,2015-02-19,1,0,0.0038539307252597604
90748,162809,XNPT,2015-05-06,1,0,-0.006589618962735274
90751,163601,DSW,2010-08-31,1,0,-0.009808198398859496
90751,163601,DSW,2010-11-23,1,0,0.004132717068394075
90751,24171,DSW,2011-08-30,1,0,0.013692115160221605
90751,24171,DSW,2011-11-22,1,0,0.00867291965552643
90751,24171,DSW,2012-03-20,1,0,0.008371011764445676
90751,24171,DSW,2013-03-19,1,0,0.004972693156297767
90756,11721,OSK,2015-01-27,1,0,-0.005084649780792776
90756,11721,OSK,2015-04-28,1,1,-7.421615888405543e-05
90760,161000,KFN,2010-08-04,1,0,-0.003054752204939618
90760,161000,KFN,2010-11-04,1,0,0.008194457084028396
90760,161000,KFN,2011-08-01,1,0,0.008056344966528163
90760,161000,KFN,2011-11-03,1,0,0.005315623166053191
90760,161000,KFN,2012-02-06,1,0,0.0074010329346635186
90760,161000,KFN,2013-02-05,1,0,0.004313315692877883
90763,163629,NSR,2010-07-28,1,0,0.013446343510010488
90763,163629,NSR,2010-10-28,1,0,0.006320121001446087
90763,163629,NSR,2015-04-29,1,0,-0.0010574148972921533
90775,163983,THS,2010-08-05,1,0,0.012404858139444086
90775,163983,THS,2010-11-05,1,0,0.010191650662223495
90775,163983,THS,2011-08-04,1,0,-0.004912746253570509
90775,163983,THS,2011-11-04,1,0,-0.004183713161308779
90775,163983,THS,2012-02-10,1,0,-0.016681207027956987
90775,163983,THS,2013-02-21,1,0,0.008011183423654533
90776,163920,WAL,2015-04-20,1,0,0.015191416501669752
90779,163939,ALJ,2010-08-05,1,0,-0.006885075178163572
90779,163939,ALJ,2010-11-04,1,0,-0.00393029201625106
90779,163939,ALJ,2011-08-04,1,0,-0.005182228705580572
90779,163939,ALJ,2011-11-03,1,0,-0.00508615742400193
90779,163939,ALJ,2012-03-08,1,0,-0.007427559727727887
90779,163939,ALJ,2013-03-06,1,0,0.00012418962581618037
90780,120656,AOB,2010-08-09,1,0,
90783,28347,FTK,2010-08-12,1,0,0.009692968128921804
90783,28347,FTK,2010-11-10,1,0,
90783,28347,FTK,2011-08-10,1,0,0.005372220538165545
90783,28347,FTK,2011-11-09,1,0,0.01561468357818868
90783,28347,FTK,2013-03-13,1,0,0.009685814819700368
90786,163669,ITC,2010-07-28,1,0,0.003009338116105609
90786,163669,ITC,2010-10-27,1,0,0.009067782638258541
90786,163669,ITC,2011-07-27,1,0,-0.004339033879757464
90786,163669,ITC,2011-10-26,1,0,0.0025673865683223628
90786,163669,ITC,2012-02-21,1,0,-0.008055828141767097
90786,163669,ITC,2013-02-27,1,0,0.003851719334179942
90789,163879,MFB,2010-08-11,1,0,0.00313116547372429
90789,163879,MFB,2011-08-10,1,1,0.0026799772349233785
90789,163879,MFB,2011-11-09,1,0,-0.04139216854654119
90792,163877,PIKE,2010-11-09,1,0,0.003565220322650597
90792,163877,PIKE,2011-09-06,1,0,0.010136568337342878
90792,163877,PIKE,2011-11-09,1,0,0.0009234611249460314
90792,163877,PIKE,2012-02-07,1,0,0.011409135066975001
90795,164255,JMBA,2015-03-12,1,0,-0.014131989463444959
90795,164255,JMBA,2015-05-07,1,0,0.0004597980863553959
90805,164296,DISCA,2010-08-03,1,0,-0.0008193373228585227
90805,164296,DISCA,2010-11-02,1,0,0.005985260659617459
90805,164296,DISCA,2011-08-04,1,0,0.007967082346948852
90805,164296,DISCA,2011-11-01,1,0,0.014535908856363623
90805,164296,DISCA,2012-02-16,1,0,0.005683860457937623
90805,164296,DISCA,2013-02-14,1,0,0.015014241408628167
90806,164296,DISCB,2011-08-04,1,0,0.007967082346948852
90806,164296,DISCB,2011-11-01,1,0,0.014535908856363623
90806,164296,DISCB,2013-02-14,1,0,0.015014241408628167
90822,163929,SWSI,2010-08-09,1,0,
90824,163681,UBNK,2010-07-16,1,0,
90824,163681,UBNK,2010-10-22,1,0,
90824,163681,UBNK,2011-01-24,1,0,0.012630736565062408
90824,163681,UBNK,2011-07-22,1,0,0.004383804492958507
90824,163681,UBNK,2011-10-21,1,0,-0.0030772268608506657
90824,163681,UBNK,2012-01-23,1,0,0.012190876545729538
90824,163681,UBNK,2013-01-24,1,0,0.00758161123695335
90825,164506,ABD,2012-02-15,1,0,-0.0072519356564057676
90825,164506,ACCO,2013-02-13,1,0,-0.011222617725602608
90829,163946,CF,2015-02-17,1,0,0.004230530049204418
90829,163946,CF,2015-05-06,1,0,0.005999191586221399
90831,163948,DRC,2010-07-28,1,0,0.012016185074683893
90831,163948,DRC,2010-10-28,1,0,0.005751434691277134
90831,163948,DRC,2011-08-04,1,0,-0.026833150989534628
90831,163948,DRC,2011-11-02,1,0,-0.0050142727225308045
90831,163948,DRC,2012-02-29,1,0,-0.0017991281181245558
90831,163948,DRC,2013-02-28,1,0,0.007340530943938927
90833,161040,HPY,2015-02-13,1,0,-0.0012537743719116413
90833,161040,HPY,2015-05-01,1,0,0.005574769091032795
90847,160163,FRZ,2011-11-09,1,0,-0.002724685137419247
90856,163889,ATRC,2015-02-23,1,1,0.007065163135485514
90856,163889,ATRC,2015-04-29,1,0,-0.003185821080449916
90862,164368,FSGI,2015-05-08,1,0,0.0013317354453331338
90863,163975,HOKU,2010-08-05,1,0,-0.01925944423263542
90863,163975,HOKU,2010-11-04,1,0,-0.014485949759952032
90863,163975,HOKU,2011-08-11,1,0,-0.016520194170625474
90863,163975,HOKU,2011-11-10,1,0,-0.0023207180365159095
90865,164290,KONA,2011-07-26,1,0,0.013905454857624669
90865,164290,KONA,2011-10-25,1,0,0.00936784847985384
90865,164290,KONA,2012-04-30,1,0,0.019290588250904895
90865,164290,KONA,2012-07-30,1,1,0.011245946036725157
90865,164290,KONA,2013-04-29,1,1,0.005938626213940527
90865,164290,KONA,2013-10-30,1,0,-0.0032115228575713313
90867,163893,MWIV,2010-02-04,1,0,-0.003952784011181853
90867,163893,MWIV,2010-05-06,1,0,0.008666268064264723
90867,163893,MWIV,2010-07-29,1,0,0.006474926523843277
90867,163893,MWIV,2010-11-04,1,0,0.014059661949662764
90867,163893,MWIV,2011-02-03,1,0,0.011575617744102429
90867,163893,MWIV,2011-05-05,1,0,0.015145317123918395
90867,163893,MWIV,2011-07-28,1,0,0.003091832213512924
90867,163893,MWIV,2012-02-02,1,0,0.014784621569662463
90867,163893,MWIV,2012-05-03,1,0,0.0030855309424808026
90867,163893,MWIV,2012-07-30,1,0,0.004217499080057709
90867,163893,MWIV,2012-11-08,1,0,0.013891150291067876
90867,163893,MWIV,2013-02-04,1,0,0.024618659323523084
90867,163893,MWIV,2013-05-02,1,0,0.006983299764895413
90867,163893,MWIV,2013-07-29,1,0,0.005580989792260498
90867,163893,MWIV,2013-11-07,1,0,0.009329702826690035
90870,164557,ROLL,2015-02-03,1,0,0.012709129884476693
90870,164557,ROLL,2015-05-27,1,0,0.012205393524267357
90871,163891,RUTH,2015-02-13,1,0,0.0024735028832748134
90871,163891,RUTH,2015-05-01,1,0,-0.022661064695217864
90875,65540,UEPS,2010-08-26,1,0,-0.013856576288874963
90875,65540,UEPS,2010-11-09,1,0,-0.012138128576133318
90875,65540,UEPS,2011-10-27,1,0,-0.012831525792269349
90875,65540,UEPS,2012-11-08,1,0,-0.020481582434084343
90875,65540,UEPS,2013-02-07,1,0,-0.015579662368685606
90875,65540,UEPS,2013-05-09,1,0,-0.010967737488737412
90875,65540,UEPS,2013-11-07,1,0,0.000553972866977258
90880,164708,AMP,2015-01-28,1,0,0.019487732745031325
90880,164708,AMP,2015-04-22,1,1,0.0027942009537145042
90889,163586,HRZ,2010-07-23,1,0,
90889,163586,HRZ,2010-10-22,1,0,
90889,163586,HRZ,2011-07-29,1,0,-0.0004757968560010709
90893,1382,LCC,2013-01-23,1,0,0.009465876391607723
90900,164609,GHDX,2010-08-04,1,0,-0.004213536016965792
90900,164609,GHDX,2011-08-03,1,0,0.0006604010090742757
90900,164609,GHDX,2011-11-01,1,0,0.022118769804205955
90900,164609,GHDX,2012-02-06,1,0,0.0027424173003617403
90900,164609,GHDX,2013-02-06,1,0,-0.011575169758953412
90901,160797,IKAN,2010-05-04,1,0,-0.0001826430187919061
90901,160797,IKAN,2011-02-10,1,0,-7.058434476891768e-05
90901,160797,IKAN,2011-04-28,1,0,-0.0013578659761849764
90901,160797,IKAN,2011-07-28,1,0,-0.007520802068466434
90901,160797,IKAN,2013-04-25,1,1,-0.012201935171790043
90901,160797,IKAN,2013-07-25,1,0,-0.01208607495799994
90910,165244,TLEO,2010-02-10,1,0,-0.0006754713509466836
90910,165244,TLEO,2010-04-28,1,0,-0.003141827527037103
90910,165244,TLEO,2010-07-28,1,0,-0.001238959779053462
90910,165244,TLEO,2010-10-28,1,0,0.0025767409926416357
90910,165244,TLEO,2011-02-09,1,0,0.005753652749919959
90910,165244,TLEO,2011-05-05,1,0,0.010591571174563826
90910,165244,TLEO,2011-08-04,1,0,0.0020490363156942734
90910,165244,TLEO,2011-11-01,1,0,-0.0059071972422510555
90910,165244,TLEO,2012-02-09,1,0,0.0032292782815004427
90914,115404,WBMD,2010-08-03,1,0,0.00242080694553336
90914,115404,WBMD,2010-11-03,1,0,-0.0015639923811951676
90914,115404,WBMD,2011-11-02,1,0,0.002062281437334658
90914,115404,WBMD,2012-02-23,1,0,0.005495418472254196
90914,115404,WBMD,2013-02-21,1,0,0.01636797408324138
90925,165264,FNF,2010-07-21,1,0,-0.006355620991218509
90925,165264,FNF,2010-10-20,1,0,0.0013616563135059228
90925,165264,FNF,2011-01-27,1,0,-0.0036927236914759964
90925,165264,FNF,2011-07-25,1,0,0.013834624273158475
90925,165264,FNF,2011-10-19,1,1,0.00017826687348408438
90925,165264,FNF,2012-02-08,1,0,0.006569480600298191
90925,165264,FNF,2013-02-19,1,1,0.0004519894688488936
90926,164510,PIP,2010-08-12,1,0,
90926,164510,PIP,2010-11-11,1,0,
90926,164510,PIP,2011-08-10,1,0,
90926,164510,PIP,2011-11-09,1,0,
90926,164510,PIP,2013-03-13,1,0,
90940,164585,TAL,2015-04-29,1,0,-0.00710052083984242
90942,65218,UPI,2010-10-27,1,0,
90942,65218,UPI,2011-01-27,1,0,
90942,65218,UPI,2011-07-28,1,0,
90942,65218,UPI,2011-10-27,1,0,
90942,65218,UPI,2012-01-26,1,0,
90942,65218,UPI,2013-01-24,1,0,
90946,162897,ACLI,2010-02-09,1,0,-0.006699683224531811
90946,162897,ACLI,2010-04-28,1,0,0.004171759023098307
90946,162897,ACLI,2010-07-29,1,0,-0.026379411720346503
90946,162897,ACLI,2010-10-28,1,0,0.0026801519158612926
90948,162489,GBNK,2010-07-26,1,0,-0.0005348244155254341
90948,162489,GBNK,2011-10-20,1,0,0.01003291334407135
90948,162489,GBNK,2012-01-25,1,0,
90948,162489,GBNK,2012-04-19,1,0,0.013031493250779557
90948,162489,GBNK,2012-07-18,1,0,0.005129570495309432
90948,162489,GBNK,2012-10-17,1,0,0.007206841314366476
90948,162489,GBNK,2013-04-17,1,0,
90948,162489,GBNK,2013-07-17,1,0,-0.003771682495546177
90948,162489,GBNK,2013-10-16,1,0,
90951,164607,HERO,2010-08-03,1,0,0.0025631837062854964
90951,164607,HERO,2010-10-27,1,0,-0.009341101064943525
90951,164607,HERO,2011-07-28,1,0,-0.0060385468722012475
90951,164607,HERO,2011-10-27,1,0,-0.01096067437814221
90951,164607,HERO,2012-02-09,1,0,0.008867360324645985
90951,164607,HERO,2013-02-12,1,0,0.006172647760350715
90952,164364,ISBC,2010-07-28,1,0,
90952,164364,ISBC,2010-10-25,1,0,
90952,164364,ISBC,2011-07-28,1,0,
90952,164364,ISBC,2011-10-27,1,0,
90952,164364,ISBC,2012-01-26,1,0,
90952,164364,ISBC,2013-01-31,1,0,
90956,164432,NCIT,2015-02-11,1,0,0.008404140630041686
90956,164432,NCIT,2015-04-29,1,0,0.00289702386227759
90957,164612,NXTM,2010-07-23,1,0,
90957,164612,NXTM,2010-11-04,1,0,0.011291281728072844
90957,164612,NXTM,2011-08-03,1,0,0.014081637327235559
90957,164612,NXTM,2012-02-29,1,0,-0.0007196297955413319
90963,164572,AMSF,2010-08-04,1,0,-0.026675239665869946
90963,164572,AMSF,2010-11-04,1,0,-0.04479916101153954
90969,165053,DOVR,2010-11-09,1,0,-0.00257203619258127
90978,165051,SPWRA,2010-08-10,1,0,0.012105128063094796
90978,165051,SPWRA,2010-11-11,1,0,0.0043698593470606365
90978,165051,SPWRA,2011-08-09,1,0,0.000863799820750675
90978,165051,SPWR,2011-11-03,1,0,-0.005126756223260488
90978,165051,SPWR,2012-02-16,1,0,0.005876771291580387
90978,165051,SPWR,2013-02-07,1,0,-0.005187816778788443
90979,165052,UA,2010-07-27,1,0,0.024945529946385055
90979,165052,UA,2010-10-26,1,0,0.02074563859979208
90979,165052,UA,2011-01-27,1,0,0.025795744544933497
90979,165052,UA,2011-07-26,1,0,0.027631899452195866
90979,165052,UA,2011-10-25,1,0,0.026830220910524574
90979,165052,UA,2012-01-26,1,0,0.0005327957513958474
90979,165052,UA,2013-01-31,1,0,0.007524132335034371
90980,144809,UDRL,2010-08-04,1,0,0.0012932158317250277
90980,144809,UDRL,2010-11-02,1,0,0.005965168238335651
90980,144809,UDRL,2011-08-03,1,0,-0.003979381282658942
90980,144809,UDRL,2011-10-31,1,0,0.013731886865499941
90980,144809,UDRL,2012-03-07,1,0,0.018741831775073672
90988,164652,BKD,2010-08-02,1,0,0.004354685464329644
90988,164652,BKD,2010-11-01,1,0,0.01804462849969707
90988,164652,BKD,2011-08-08,1,1,-0.008980275031078526
90988,164652,BKD,2011-11-03,1,0,0.004709553893054106
90988,164652,BKD,2012-02-16,1,0,-0.0023464576961990703
90988,164652,BKD,2013-02-11,1,0,
90989,164660,CCO,2015-02-19,1,0,-0.005011971562043796
90989,164660,CCO,2015-04-30,1,0,-0.0033575288750689013
90992,162906,IHS,2015-01-13,1,0,
90992,162906,IHS,2015-03-24,1,0,
90993,163610,ICE,2010-08-04,1,0,
90993,163610,ICE,2010-11-01,1,0,
90993,163610,ICE,2011-08-03,1,0,
90993,163610,ICE,2011-11-02,1,1,
90993,163610,ICE,2012-02-08,1,1,
90993,163610,ICE,2013-02-06,1,0,
90993,163610,ICE,2015-02-05,1,0,0.003636416987644371
90993,163610,ICE,2015-05-05,1,0,0.009929135519134394
90994,162283,ICO,2010-07-28,1,0,0.003338999160760906
90994,162283,ICO,2010-10-27,1,0,-0.0065732771083651075
91018,162876,CORE,2010-05-06,1,0,-0.0054123275041837275
91018,162876,CORE,2010-08-06,1,0,-0.01385394614156048
91018,162876,CORE,2010-11-08,1,0,-0.007725872799104149
91018,162876,CORE,2011-03-15,1,1,-0.001842206266695831
91018,162876,CORE,2011-05-09,1,0,0.009346499862102769
91018,162876,CORE,2011-08-08,1,0,0.00636625231714687
91018,162876,CORE,2012-05-08,1,0,0.005671904650686438
91018,162876,CORE,2012-11-08,1,1,-0.007814558211655753
91018,162876,CORE,2013-03-14,1,0,0.003325724667520819
91018,162876,CORE,2013-05-07,1,0,-0.012705078227173606
91018,162876,CORE,2013-08-07,1,0,0.0037935070923225656
91020,164664,CYNO,2010-07-27,1,0,
91020,164664,CYNO,2010-10-26,1,0,
91020,164664,CYNO,2011-07-26,1,0,
91020,164664,CYNO,2011-10-25,1,1,
91020,164664,CYNO,2013-02-12,1,1,
91021,254096,CYTX,2011-08-09,1,0,-0.012129406199303349
91021,254096,CYTX,2011-11-03,1,0,-0.0020268599842292144
91021,254096,CYTX,2012-11-08,1,0,0.0009634754930102456
91021,254096,CYTX,2015-05-11,1,0,
91032,164422,TRAK,2010-11-03,1,0,0.005754143455929835
91032,164422,TRAK,2011-08-08,1,0,0.01853431762105578
91032,164422,TRAK,2011-11-07,1,1,0.01840361628271279
91032,164422,TRAK,2012-02-21,1,0,0.007936031055728985
91032,164422,TRAK,2015-02-23,1,1,0.009068993776036585
91032,164422,TRAK,2015-05-08,1,0,-0.0014075121532639602
91040,137024,BAS,2010-07-27,1,0,0.015193519371618738
91040,137024,BAS,2010-10-25,1,0,0.0009260560040613951
91040,137024,BAS,2011-07-21,1,0,0.015823431949280348
91040,137024,BAS,2011-10-20,1,0,0.019504154074791245
91040,137024,BAS,2012-02-21,1,0,0.011595486361406226
91040,137024,BAS,2013-02-19,1,0,-0.004664232357537846
91041,165746,LYV,2010-08-05,1,0,0.001226211104157827
91041,165746,LYV,2010-11-04,1,0,0.003008457337399699
91041,165746,LYV,2011-08-08,1,0,0.009866523525273055
91041,165746,LYV,2011-11-03,1,0,0.021398912485238585
91041,165746,LYV,2012-02-23,1,0,0.02054211893469212
91041,165746,LYV,2013-02-26,1,0,0.005602424773288028
91063,165675,VIAB,2010-08-05,1,0,0.0022587201383823773
91063,165675,VIAB,2010-11-11,1,0,0.01798489769743286
91063,165675,VIAB,2011-08-05,1,1,0.01763149772392525
91063,165675,VIAB,2011-11-10,1,0,0.01353522057846148
91063,165675,VIAB,2012-02-02,1,0,0.0035376515328485927
91063,165675,VIAB,2013-01-31,1,0,-0.00828125304843339
91066,165675,VIA,2010-11-11,1,0,0.01798489769743286
91066,165675,VIA,2011-11-10,1,0,0.01353522057846148
91068,165914,CMG,2015-02-03,1,0,0.02064918404875893
91068,165914,CMG,2015-04-21,1,1,0.007170011631792041
91071,140033,MIR,2010-08-06,1,0,0.005353055173603707
91071,140033,MIR,2010-11-05,1,0,0.004965794103960228
91080,165856,HEES,2015-02-26,1,0,0.015565966141993808
91080,165856,HEES,2015-04-30,1,0,0.004455010118038309
91086,156617,ACOR,2015-02-12,1,0,0.000599044788342492
91086,156617,ACOR,2015-04-30,1,0,-0.0009380181103192577
91088,165943,CRDC,2010-11-11,1,0,0.006721410109373074
91088,165943,CRDC,2011-01-27,1,0,-0.005490609783611171
91088,165943,CRDC,2011-08-09,1,0,0.00346428499003103
91088,165943,CRDC,2011-10-27,1,0,-0.01094560179969121
91088,165943,CRDC,2012-02-06,1,0,-0.000986378121425104
91088,165943,CRDC,2013-01-31,1,0,-0.005107496657912139
91095,166213,LQDT,2015-02-05,1,0,-0.028287835497484273
91095,166213,LQDT,2015-05-07,1,0,-0.011777519520204562
91096,165924,MHGC,2010-08-05,1,0,0.005552205067424858
91096,165924,MHGC,2010-11-03,1,0,0.017452311085933717
91096,165924,MHGC,2011-08-02,1,0,0.009603601792687985
91096,165924,MHGC,2011-11-07,1,0,0.008403433371687337
91096,165924,MHGC,2012-02-28,1,0,0.008825706029725608
91096,165924,MHGC,2013-02-28,1,0,0.0023619063986781525
91102,165912,TWPG,2010-04-28,1,0,0.031252736347256976
91103,10795,UAL,2010-10-21,1,0,0.00833910410928806
91103,10795,UAL,2011-01-26,1,0,0.0004187796423667312
91103,10795,UAL,2011-07-21,1,0,-0.0016613318737081773
91103,10795,UAL,2011-10-27,1,0,-0.005332492547352416
91103,10795,UAL,2012-01-26,1,0,0.0047944727106535735
91103,10795,UAL,2013-01-24,1,0,-0.0034793478115603387
91109,7422,XCO,2015-02-24,1,0,-0.01079563747665451
91109,7422,XCO,2015-04-28,1,0,0.004499795394684732
91114,163113,KOP,2010-02-17,1,0,-0.016474675078453994
91114,163113,KOP,2010-05-06,1,0,-0.007212411392415165
91114,163113,KOP,2010-08-05,1,0,-0.012466965202443841
91114,163113,KOP,2010-11-04,1,0,-0.007485071672145844
91114,163113,KOP,2011-02-16,1,0,-0.0016107193965853618
91114,163113,KOP,2011-05-05,1,0,
91114,163113,KOP,2011-08-04,1,0,0.006153682618592338
91114,163113,KOP,2011-11-03,1,0,0.005990396031458657
91114,163113,KOP,2012-02-16,1,0,0.003985227829037854
91114,163113,KOP,2012-05-04,1,0,-0.002499023330501388
91114,163113,KOP,2012-08-09,1,0,-0.0061999548475183165
91114,163113,KOP,2012-11-08,1,0,-0.0022709140215638867
91114,163113,KOP,2013-02-14,1,0,0.00015089088657480043
91114,163113,KOP,2013-05-03,1,0,-0.012166333959243452
91114,163113,KOP,2013-08-08,1,0,-0.01193801839141661
91114,163113,KOP,2013-11-07,1,0,-0.007903287043711104
91116,148281,ME,2010-03-01,1,0,-0.005235232994171888
91116,148281,ME,2010-05-06,1,0,0.0015399476649501209
91116,148281,ME,2010-08-05,1,0,4.389532474440537e-05
91141,164266,MDVN,2010-08-09,1,0,0.006504902075142032
91141,164266,MDVN,2010-11-05,1,0,0.0002762850518433554
91141,164266,MDVN,2011-05-06,1,0,-0.0017353588983863022
91141,164266,MDVN,2011-11-09,1,0,-0.0023125419502606007
91141,164266,MDVN,2012-02-29,1,0,-0.010837979875067462
91141,164266,MDVN,2012-05-08,1,0,-0.015936882251339983
91141,164266,MDVN,2012-08-09,1,1,-0.0005081872999550749
91141,164266,MDVN,2012-11-09,1,1,0.0033745524755825393
91141,164266,MDVN,2013-02-28,1,0,0.004706155364437811
91141,164266,MDVN,2013-05-09,1,1,0.014432816154826108
91141,164266,MDVN,2013-08-08,1,0,0.006474718361947867
91141,164266,MDVN,2013-11-12,1,0,0.007594180501347514
91152,148349,TDG,2010-08-10,1,0,0.0021632952238656317
91152,148349,TDG,2010-11-15,1,0,0.008711451901377303
91152,148349,TDG,2011-08-09,1,1,0.0016248452753933138
91152,148349,TDG,2011-11-17,1,1,0.006334917731660342
91152,148349,TDG,2012-02-07,1,0,0.0162296431869401
91152,148349,TDG,2013-02-04,1,0,0.0063410844863539635
91154,166414,ALXA,2010-07-26,1,0,-0.005356544369794184
91154,166414,ALXA,2010-11-09,1,0,0.006123394271909742
91154,166414,ALXA,2011-08-08,1,0,-0.009619737950788501
91154,166414,ALXA,2011-11-07,1,0,-0.00898201505787324
91154,166414,ALXA,2013-03-26,1,0,0.003554741216568992
91186,166435,VNDA,2010-08-05,1,0,-0.019695320740519932
91186,166435,VNDA,2010-11-03,1,0,-0.005698911266040829
91186,166435,VNDA,2011-08-04,1,0,0.0008435680600196293
91186,166435,VNDA,2011-11-04,1,0,0.0030138680393358825
91186,166435,VNDA,2013-02-12,1,0,0.00944452907211025
91204,12428,POR,2015-02-13,1,0,-0.00220088688732808
91204,12428,POR,2015-04-28,1,0,-0.01378969077859729
91205,8101,ZZ,2010-09-28,1,0,-0.0010349275858553579
91205,8101,ZZ,2011-01-13,1,0,0.01754196353596376
91205,8101,ZZ,2011-09-27,1,0,-0.018266719914520363
91205,8101,ZZ,2012-03-27,1,0,0.014739549706374274
91207,5723,HOT,2015-02-10,1,0,0.007367763318511102
91207,5723,HOT,2015-04-29,1,0,-0.0036646369487223444
91215,166563,DK,2015-02-23,1,0,
91215,166563,DK,2015-05-05,1,0,
91233,160225,MA,2015-01-30,1,0,
91233,160225,MA,2015-04-29,1,0,
91237,166562,VG,2010-08-04,1,0,0.002944585148737242
91237,166562,VG,2010-11-03,1,0,0.003385213289130575
91237,166562,VG,2011-08-03,1,0,-0.004247262600815238
91237,166562,VG,2011-11-02,1,0,0.00037308621408883077
91269,148772,CBAK,2011-01-28,1,0,0.00977508466835091
91277,174147,QVCA,2015-05-08,1,0,
91279,182383,TSPT,2010-08-09,1,0,
91279,182383,TSPT,2011-08-11,1,0,
91279,182383,TSPT,2011-11-10,1,0,
91279,182383,TSPT,2012-03-14,1,0,
91279,182383,TSPT,2013-02-27,1,0,
91302,116104,JCG,2010-08-26,1,0,0.0049327543705169515
91349,164606,CLUB,2015-05-05,1,0,-0.01828549023218755
91351,165854,EIHI,2010-08-05,1,0,0.0044378634180081205
91351,165854,EIHI,2010-11-04,1,0,0.002947250692018748
91351,165854,EIHI,2011-08-04,1,0,0.010586558667905758
91351,165854,EIHI,2011-11-03,1,0,0.018668624853143738
91351,165854,EIHI,2012-02-09,1,0,0.022245228058782616
91357,174119,HWCC,2010-03-15,1,0,-0.0053909676957317795
91357,174119,HWCC,2010-05-10,1,0,-0.0004883459015851983
91357,174119,HWCC,2010-08-09,1,0,-0.020563929512514525
91357,174119,HWCC,2010-11-09,1,0,-0.006516651252934748
91357,174119,HWCC,2011-03-15,1,0,0.017317711534513718
91357,174119,HWCC,2011-05-05,1,0,0.01079721355139
91357,174119,HWCC,2011-08-08,1,0,0.003902528953781531
91357,174119,HWCC,2011-11-07,1,0,-0.00014146438774279447
91357,174119,HWCC,2012-05-10,1,0,0.00600612400144825
91357,174119,HWCC,2012-08-09,1,1,-0.01752753584328051
91357,174119,HWCC,2012-11-09,1,1,-0.0031987433601485035
91357,174119,HWCC,2013-03-18,1,0,0.0036089606899973804
91357,174119,HWCC,2013-05-09,1,0,0.01196660967795141
91357,174119,HWCC,2013-08-06,1,0,-0.0009714786002979689
91357,174119,HWCC,2013-11-12,1,0,-0.010703491639323366
91360,140565,NCBC,2011-11-04,1,0,
91365,179413,CSII,2015-01-28,1,0,0.00886484849858126
91365,179413,CSII,2015-04-29,1,0,0.010522705544865125
91366,166593,SNCR,2015-02-05,1,0,0.006190659223809932
91366,166593,SNCR,2015-04-29,1,0,0.006518096594625844
91371,174118,VOLC,2010-07-30,1,0,-2.288820661882924e-05
91371,174118,VOLC,2010-11-03,1,0,-0.005262518415622098
91371,174118,VOLC,2011-08-01,1,0,-0.004076460815100323
91371,174118,VOLC,2011-10-31,1,0,-0.006520943983667133
91371,174118,VOLC,2012-02-22,1,0,0.012882467419148363
91371,174118,VOLC,2013-02-21,1,0,-0.012263136112194076
91392,174729,WYN,2010-07-28,1,0,0.0019906678145539033
91392,174729,WYN,2010-10-26,1,0,
91392,174729,WYN,2011-07-27,1,0,
91392,174729,WYN,2011-10-26,1,0,0.015040175303347177
91392,174729,WYN,2012-02-08,1,0,0.010897992330585242
91392,174729,WYN,2013-02-06,1,0,0.008599239126117387
91406,174148,NFSB,2013-01-25,1,0,0.016710283791545228
91413,174744,EVR,2015-02-04,1,0,0.0029011538364913355
91413,174744,EVR,2015-04-22,1,0,0.020302346527471517
91416,175319,HBI,2015-01-29,1,1,0.0012468553991637097
91416,175319,HBI,2015-04-23,1,0,0.01151005766773084
91419,66029,MHR,2010-08-12,1,0,
91419,66029,MHR,2010-11-10,1,0,-0.010600193762782125
91419,66029,MHR,2011-02-18,1,0,
91419,66029,MHR,2011-05-09,1,0,-0.004100070134430745
91419,66029,MHR,2011-08-09,1,0,-0.01444212899387553
91419,66029,MHR,2012-02-29,1,0,-0.006957976835302063
91419,66029,MHR,2012-05-03,1,0,-0.0028304469036031545
91419,66029,MHR,2012-08-09,1,0,-0.011816403695995284
91419,66029,MHR,2012-11-13,1,0,-0.0032080669854119125
91419,66029,MHR,2013-06-14,1,0,0.0043859271641730965
91419,66029,MHR,2013-07-08,1,0,-0.003916498864028908
91419,66029,MHR,2013-08-09,1,0,-0.0006348127834195898
91419,66029,MHR,2013-11-08,1,0,0.0020039542583247883
91429,66198,BJGP,2010-08-09,1,0,
91429,66198,BJGP,2010-11-09,1,0,
91432,174541,INWK,2015-02-12,1,1,-0.0011843565466618106
91432,174541,INWK,2015-05-07,1,0,-0.01129100923413095
91434,174648,OSIR,2015-03-05,1,0,0.010704270125433957
91434,174648,OSIR,2015-05-08,1,0,-0.0003510821213505433
91461,175263,WU,2015-02-10,1,1,-0.001780884858105727
91461,175263,WU,2015-04-30,1,0,-0.007605166060393841
91463,174077,CVLT,2011-08-02,1,0,-0.0029500732271904324
91463,174077,CVLT,2011-11-01,1,0,0.00331517296921025
91463,174077,CVLT,2012-02-01,1,0,0.008320949839758233
91463,174077,CVLT,2013-01-30,1,0,-0.0006585067134411487
91465,114748,GEOY,2010-11-08,1,0,
91465,114748,GEOY,2011-08-01,1,0,
91465,114748,GEOY,2011-10-31,1,1,
91467,166208,HUGH,2010-08-04,1,0,-0.004946813882662118
91468,174637,ICFI,2015-05-07,1,0,-0.02486328399372416
91486,175376,SFLY,2015-04-29,1,0,
91493,175111,APKT,2012-02-02,1,0,0.005140247128842991
91493,175111,APKT,2012-05-02,1,0,0.00573704307670368
91493,175111,APKT,2012-07-26,1,1,-0.000727458203576668
91493,175111,APKT,2012-10-25,1,1,0.0009267858762003704
91493,175111,APKT,2013-02-04,1,0,
91495,175483,CADX,2010-08-05,1,0,-0.02045256951107291
91495,175483,CADX,2010-11-05,1,0,-0.007991592095317688
91495,175483,CADX,2011-08-03,1,0,0.02573344174641149
91495,175483,CADX,2011-11-03,1,0,0.004685829073651353
91495,175483,CADX,2012-03-12,1,0,0.003729720185493368
91495,175483,CADX,2013-03-07,1,0,0.018059591167555726
91498,174389,EHTH,2010-02-11,1,0,0.00483862214781876
91498,174389,EHTH,2010-05-03,1,0,-0.00696790270687726
91498,174389,EHTH,2010-07-27,1,0,-5.826240402849632e-05
91498,174389,EHTH,2010-10-26,1,0,0.0006896159545015951
91498,174389,EHTH,2011-02-16,1,0,0.008980326668222608
91498,174389,EHTH,2011-04-26,1,1,0.0039978869280533355
91498,174389,EHTH,2011-07-26,1,0,0.004114315075437126
91498,174389,EHTH,2011-10-25,1,0,0.007301078166228123
91498,174389,EHTH,2012-02-16,1,0,0.008247108076451992
91498,174389,EHTH,2012-04-26,1,0,0.018434484296263508
91498,174389,EHTH,2012-07-26,1,1,0.008782336612568168
91498,174389,EHTH,2012-10-25,1,0,0.009290811686609286
91498,174389,EHTH,2013-02-14,1,0,-0.0006604288489194463
91498,174389,EHTH,2013-04-25,1,1,0.0069741693182329735
91498,174389,EHTH,2013-07-25,1,0,0.00394588300625245
91498,174389,EHTH,2013-10-24,1,0,0.008734519216923206
91507,165702,SUSS,2010-08-11,1,0,0.001135250217944259
91507,165702,SUSS,2010-11-09,1,0,-0.0021028780117884876
91507,165702,SUSS,2011-08-10,1,0,0.009513435923943518
91507,165702,SUSS,2011-11-09,1,0,0.008636609344038024
91507,165702,SUSS,2012-02-22,1,0,0.008384213024935415
91507,165702,SUSS,2013-02-27,1,0,0.008478651165679547
91509,175153,TRBN,2010-08-16,1,0,0.004087766831183818
91514,174313,VPFG,2010-07-23,1,0,
91514,174313,VPFG,2010-11-04,1,0,0.014719548530209264
91514,174313,VPFG,2011-07-28,1,0,0.0019022034039439919
91514,174313,VPFG,2011-10-27,1,0,0.0033854414569700468
91514,174313,VPFG,2012-02-28,1,0,0.015205999231355169
91516,175689,AWI,2010-08-06,1,0,0.0011143154179857322
91516,175689,AWI,2010-11-05,1,0,0.0004554757858714958
91516,175689,AWI,2011-08-01,1,0,0.006910609248608233
91516,175689,AWI,2011-10-31,1,0,0.0123745096555587
91516,175689,AWI,2012-02-27,1,0,0.014974011007068877
91517,31037,ALC,2012-08-03,1,0,-0.017001529749248068
91517,31037,ALC,2012-11-02,1,0,0.002824039051681087
91517,31037,ALC,2013-03-14,1,0,0.00027874381754780346
91523,175092,FMR,2010-08-02,1,0,-0.0016141320275264662
91523,175092,FMR,2010-10-28,1,0,
91531,8214,OC,2010-08-04,1,0,0.007117130041049478
91531,8214,OC,2010-10-27,1,0,-0.000810631743890222
91531,8214,OC,2011-08-03,1,0,0.005276916108582107
91531,8214,OC,2011-10-26,1,1,0.0011436272247575584
91531,8214,OC,2012-02-15,1,1,-0.012454995219678052
91531,8214,OC,2013-02-20,1,1,0.00365389185270692
91547,165123,SAI,2010-09-01,1,0,0.005580973439443205
91547,165123,SAI,2010-12-08,1,0,-0.004273652364307183
91547,165123,SAI,2011-08-31,1,0,-0.054283241375425936
91547,165123,SAI,2011-12-06,1,0,-0.01654751952598308
91547,165123,SAI,2012-03-20,1,0,0.009462661264177441
91547,165123,SAI,2013-03-26,1,0,-0.011148492433081416
91556,9248,ROST,2010-08-19,1,0,0.006258319903871084
91556,9248,ROST,2010-11-18,1,0,0.006880344425658226
91556,9248,ROST,2011-08-18,1,0,0.007101766558628218
91556,9248,ROST,2011-11-17,1,0,0.0018198860149090572
91556,9248,ROST,2012-03-15,1,0,0.01831167328996796
91556,9248,ROST,2013-03-21,1,0,0.019919051432859266
91575,5600,HTZ,2010-11-02,1,0,
91575,5600,HTZ,2011-02-22,1,0,
91575,5600,HTZ,2011-04-26,1,0,
91575,5600,HTZ,2011-08-02,1,0,
91575,5600,HTZ,2011-11-01,1,0,
91575,5600,HTZ,2012-05-02,1,0,
91575,5600,HTZ,2012-07-30,1,0,
91575,5600,HTZ,2012-10-31,1,0,
91575,5600,HTZ,2013-02-25,1,0,
91575,5600,HTZ,2013-04-29,1,0,
91575,5600,HTZ,2013-07-29,1,0,
91575,5600,HTZ,2013-11-04,1,0,
91579,174310,KBR,2015-02-27,1,0,-0.015029051531323398
91579,174310,KBR,2015-04-29,1,0,-0.005548319183488694
91594,164494,SPR,2010-08-03,1,0,0.005787871906705886
91594,164494,SPR,2010-11-02,1,0,-0.041513857881351035
91594,164494,SPR,2011-08-04,1,0,-0.007476525819992913
91594,164494,SPR,2011-11-03,1,1,-0.00878339351729114
91594,164494,SPR,2012-02-09,1,1,-0.006452410947037338
91594,164494,SPR,2013-02-12,1,0,0.00042462831054764383
91598,176070,VQ,2010-02-25,1,0,-0.0013253334672520475
91598,176070,VQ,2010-05-04,1,0,-0.006931332289155935
91598,176070,VQ,2010-08-03,1,0,-0.005489689105309474
91598,176070,VQ,2010-11-02,1,0,-0.0073317909929201085
91598,176070,VQ,2011-02-22,1,0,-0.008364428170578397
91598,176070,VQ,2011-05-05,1,0,-0.00412166524822054
91598,176070,VQ,2011-08-02,1,0,-0.00867878985267369
91598,176070,VQ,2011-11-01,1,0,-0.01065485062415285
91598,176070,VQ,2012-02-16,1,0,-0.021659903416267424
91598,176070,VQ,2012-05-01,1,0,-0.005304278062894558
91598,176070,VQ,2012-08-08,1,0,-0.004775171370949731
91605,163878,CPLA,2015-02-12,1,0,0.007037448739416509
91605,163878,CPLA,2015-04-28,1,0,0.001129278301759972
91611,175404,FSLR,2015-02-24,1,0,-0.011071950127731644
91611,175404,FSLR,2015-04-30,1,1,-0.0089455960579586
91613,175978,HNSN,2010-05-05,1,0,-0.00176895924490701
91613,175978,HNSN,2010-08-04,1,0,-0.013013419169813854
91613,175978,HNSN,2010-11-03,1,0,0.0019696085523991822
91613,175978,HNSN,2011-02-23,1,0,-0.006685088898723806
91613,175978,HNSN,2011-05-04,1,0,-0.008480227040519997
91613,175978,HNSN,2011-08-03,1,0,0.000861416515163917
91613,175978,HNSN,2011-11-02,1,0,0.004474160063573829
91613,175978,HNSN,2012-02-22,1,0,-0.0034796204113685704
91613,175978,HNSN,2012-05-02,1,0,-0.007094044549307768
91613,175978,HNSN,2012-08-08,1,0,-0.016237096893329632
91613,175978,HNSN,2012-11-07,1,0,-0.00864532169232641
91613,175978,HNSN,2013-02-27,1,0,0.009002315490397218
91613,175978,HNSN,2013-05-08,1,0,-0.0067664826899018465
91613,175978,HNSN,2013-08-07,1,0,-0.009547603552294377
91613,175978,HNSN,2013-11-06,1,0,-0.024410759587203762
91614,174567,IPHS,2010-08-02,1,0,-0.007834304524472438
91614,174567,IPHS,2010-11-02,1,0,-0.03373029734192142
91614,174567,IPHS,2011-08-01,1,0,0.005622454175824007
91614,174567,IPHS,2011-11-07,1,0,-0.011437708730988665
91614,174567,IPHS,2012-02-21,1,1,-0.0073931233822064225
91614,174567,IPHS,2013-02-14,1,0,
91616,176035,NLST,2010-08-11,1,0,0.0003160183337873974
91616,176035,NLST,2011-11-10,1,0,0.008334701229155419
91616,176035,NLST,2012-05-15,1,0,-0.00649761178423856
91616,176035,NLST,2012-08-14,1,1,-0.004017323363743348
91616,176035,NLST,2012-11-13,1,0,-0.017265122045971852
91618,175004,ORBC,2015-03-12,1,0,0.003974483110197766
91618,175004,ORBC,2015-05-07,1,0,-0.005969460183830761
91623,175913,SLTM,2010-08-03,1,0,0.0005537523553991851
91623,175913,SLTM,2010-11-02,1,0,-0.00425475814941193
91623,175913,SLTM,2011-08-02,1,0,-0.01635297311117124
91623,175913,SLTM,2011-11-01,1,0,5.821959935634058e-05
91623,175913,SLTM,2012-02-13,1,0,0.0011729671582028514
91623,175913,SLTM,2013-02-19,1,0,0.0019053200034912033
91625,175654,WLDN,2015-05-14,1,0,0.0060739291310750254
91627,166485,ADK,2010-08-17,1,0,
91627,166485,ADK,2011-05-10,1,0,
91627,166485,ADK,2011-08-11,1,0,-0.0037608566658579572
91627,166485,ADK,2011-11-09,1,0,0.0005669392893954848
91627,166485,ADK,2012-03-08,1,0,0.0025809794761647627
91627,166485,ADK,2012-05-10,1,0,0.001326671596280981
91627,166485,ADK,2012-08-07,1,0,-0.005318026362079311
91627,166485,ADK,2012-11-13,1,0,-0.0004546692518196376
91627,166485,ADK,2013-08-14,1,0,-0.016138638401913902
91650,176282,SE,2010-08-04,1,0,0.008925592839033386
91650,176282,SE,2010-11-03,1,0,0.01458720782151961
91650,176282,SE,2011-08-03,1,0,0.010932183902829417
91650,176282,SE,2011-11-03,1,0,0.020242709439719994
91650,176282,SE,2012-02-02,1,0,0.0034981542265563985
91650,176282,SE,2013-02-05,1,0,-0.014824254721749286
91659,175007,ALGT,2010-07-21,1,0,0.006368393887598565
91659,175007,ALGT,2010-10-27,1,0,-0.005149611130839662
91659,175007,ALGT,2011-01-31,1,0,0.013488735165623406
91659,175007,ALGT,2011-08-01,1,0,0.017614691926310183
91659,175007,ALGT,2011-10-26,1,0,0.01653973528550088
91659,175007,ALGT,2012-02-01,1,0,0.02445930947786095
91659,175007,ALGT,2013-01-30,1,0,0.010214106584145718
91665,148223,GLDD,2015-02-24,1,0,-0.01096652204503844
91665,148223,GLDD,2015-05-05,1,0,-0.002018550427093025
91666,176255,GUID,2015-05-06,1,0,-0.005659299660177501
91668,175955,IPGP,2015-02-20,1,0,0.003908038671458483
91668,175955,IPGP,2015-04-28,1,0,-0.0020129867122524892
91669,176279,ISLN,2010-07-22,1,0,
91669,176279,ISLN,2010-10-21,1,0,
91678,176249,TAST,2015-05-05,1,0,0.03283341871033924
91683,175900,SBH,2015-02-05,1,0,-0.0035247095440224113
91683,175900,SBH,2015-05-05,1,0,-0.00518527101359627
91688,176591,EIG,2010-08-04,1,0,-0.0033140357958282244
91688,176591,EIG,2010-11-03,1,0,-0.010483965373101289
91688,176591,EIG,2015-02-18,1,0,-0.0053803598440112215
91688,176591,EIG,2015-04-29,1,0,-0.017405665411317744
91692,176592,HF,2015-02-26,1,0,0.0172585043852425
91692,176592,HF,2015-04-29,1,0,0.012930337124837323
91727,148350,TA,2015-03-13,1,0,0.0028975556089889404
91727,148350,TA,2015-05-07,1,0,0.0013120281732127937
91733,176362,AVAV,2015-03-03,1,0,-0.0012652377829505557
91735,114421,FRPT,2011-08-04,1,0,-0.05156102187369005
91735,114421,FRPT,2011-11-07,1,0,
91737,156859,HRBN,2010-11-09,1,0,
91737,156859,HRBN,2011-08-09,1,0,
91750,176595,FIG,2015-02-26,1,0,0.040840542502100646
91754,176251,III,2010-08-02,1,0,-0.015084670090057197
91754,176251,III,2010-11-09,1,0,-0.009641034344643215
91754,176251,III,2011-08-08,1,0,0.014127302129127812
91754,176251,III,2013-03-07,1,0,-0.009201521996157173
91814,176670,ARAY,2010-08-31,1,0,-0.0062650993740484065
91814,176670,ARAY,2010-11-08,1,0,-0.012412702202366012
91814,176670,ARAY,2011-01-27,1,0,0.005931511143960633
91814,176670,ARAY,2011-09-19,1,0,-0.003975151423351019
91814,176670,ARAY,2011-11-08,1,0,0.0046737073146242225
91814,176670,ARAY,2013-02-06,1,0,0.006127320254628394
91820,166200,MIPI,2010-05-06,1,0,0.0011710152473958912
91822,176523,NCMI,2015-02-26,1,0,0.005984858882374455
91822,176523,NCMI,2015-05-11,1,0,-0.0009550096315592057
91824,176594,OPTR,2010-08-04,1,0,-0.006450069235555935
91824,176594,OPTR,2010-11-02,1,0,-0.0077492450135331886
91824,176594,OPTR,2011-08-04,1,0,-0.013611565296091957
91824,176594,OPTR,2011-11-03,1,0,-0.01652791689725614
91824,176594,OPTR,2012-03-07,1,0,-0.0016445859895748427
91824,176594,OPTR,2013-02-28,1,0,-0.003158680824524083
91826,176593,PRTS,2010-08-02,1,0,-0.019982877869766866
91826,176593,PRTS,2010-11-08,1,0,-0.004248369657615282
91826,176593,PRTS,2011-08-09,1,0,-0.010940556451899055
91826,176593,PRTS,2011-11-08,1,0,
91831,176658,SLRY,2010-08-10,1,0,-0.0094578599333625
91832,162770,SNTA,2015-05-07,1,0,
91836,176572,AVNW,2010-08-25,1,0,-0.017413189674111422
91836,176572,AVNW,2010-11-04,1,0,-0.011782598631642592
91836,176572,AVNW,2011-11-02,1,0,-0.003386790661437024
91836,176572,AVNW,2012-02-01,1,0,0.0024193137397032017
91836,176572,AVNW,2013-01-30,1,0,0.008351193558809606
91837,127644,ADY,2010-08-09,1,0,
91837,127644,ADY,2010-11-08,1,0,
91837,127644,ADY,2011-08-09,1,0,0.03860900531957761
91837,127644,ADY,2011-11-14,1,0,
91837,127644,ADY,2012-11-09,1,0,0.020775869953984963
91849,176928,BR,2010-02-04,1,0,0.010065356364085313
91849,176928,BR,2010-08-12,1,0,0.00922474483832566
91849,176928,BR,2010-11-04,1,0,-0.008244365498245728
91849,176928,BR,2011-02-08,1,0,-0.06352281661414487
91849,176928,BR,2011-05-10,1,0,0.00161394493594595
91849,176928,BR,2011-11-03,1,0,-0.017934964310889784
91849,176928,BR,2012-02-07,1,0,-0.01147898453265315
91849,176928,BR,2012-05-08,1,0,-0.008798071784759094
91849,176928,BR,2012-08-09,1,0,-0.024271865420194
91849,176928,BR,2012-11-06,1,0,0.006979196841652407
91849,176928,BR,2013-02-07,1,0,
91849,176928,BR,2013-05-07,1,0,-0.0035489470892224734
91849,176928,BR,2013-11-07,1,0,0.013463388850533421
91854,176760,UFS,2010-07-30,1,0,0.009609515972631618
91854,176760,UFS,2010-10-29,1,0,0.002160001804889026
91854,176760,UFS,2011-07-28,1,0,-0.0058799143774589165
91854,176760,UFS,2011-10-27,1,0,-0.003927897373157083
91854,176760,UFS,2012-02-03,1,0,-0.0026231968084784903
91854,176760,UFS,2013-02-01,1,0,-0.00044044765090091916
91883,176404,TWC,2015-01-29,1,1,0.0055002462284681666
91883,176404,TWC,2015-04-30,1,0,0.00985409618636194
91888,176781,ARUN,2015-02-26,1,1,0.0002831359053066286
91899,176556,FIRE,2012-04-30,1,0,0.008732990024500814
91899,176556,FIRE,2012-07-31,1,0,-0.013868265557930163
91899,176556,FIRE,2012-11-01,1,0,-0.0008639287284895056
91899,176556,FIRE,2013-02-21,1,0,-0.00166336411528893
91899,176556,FIRE,2013-04-30,1,1,0.003688329115617145
91899,176556,FIRE,2013-07-29,1,0,-0.00940514688805902
91900,176782,GLUU,2015-04-29,1,1,
91901,160213,GSIT,2013-01-31,1,0,-0.004071389028141012
91901,160213,GSIT,2013-05-02,1,0,-0.01327509742536962
91901,160213,GSIT,2013-07-25,1,0,-0.004862982935056872
91901,160213,GSIT,2013-10-31,1,0,0.003952189565692759
91907,176567,SMCI,2015-01-20,1,1,
91907,176567,SMCI,2015-04-21,1,1,
91909,176874,SUMR,2010-05-03,1,0,
91909,176874,SUMR,2010-08-02,1,0,0.018907547004707835
91909,176874,SUMR,2010-11-01,1,0,0.005686217827117453
91909,176874,SUMR,2011-03-09,1,1,-0.009901233260623815
91909,176874,SUMR,2011-05-11,1,0,0.012154703328782532
91909,176874,SUMR,2011-08-08,1,0,-0.006171694356740379
91909,176874,SUMR,2011-11-09,1,0,0.012804066216228777
91909,176874,SUMR,2012-05-14,1,0,-0.011616010568601032
91909,176874,SUMR,2012-08-13,1,0,-0.011395889643752067
91909,176874,SUMR,2012-11-13,1,0,-0.03309120576156715
91909,176874,SUMR,2013-03-12,1,0,0.004464996353689798
91909,176874,SUMR,2013-05-13,1,0,-0.016174036724701767
91909,176874,SUMR,2013-08-14,1,0,-0.025782319279176263
91909,176874,SUMR,2013-11-14,1,0,-0.05132875622809309
91910,62213,USAT,2015-02-17,1,0,
91910,62213,USAT,2015-05-11,1,0,
91915,177108,CNK,2015-02-18,1,0,0.00973632001427043
91915,177108,CNK,2015-05-07,1,0,0.008951609817440954
91926,3851,DAL,2010-07-19,1,0,0.0029736389825583817
91926,3851,DAL,2010-10-20,1,0,0.02044918499086032
91926,3851,DAL,2011-01-18,1,0,0.020857996034825445
91926,3851,DAL,2011-07-27,1,0,0.009526948027742423
91926,3851,DAL,2011-10-25,1,0,0.012347221338995998
91926,3851,DAL,2012-01-25,1,0,0.019235107370020064
91926,3851,DAL,2013-01-22,1,0,0.005308088641990132
91937,160256,PCS,2013-02-26,1,0,0.0229086089186017
91937,17874,TMUS,2015-02-19,1,0,-0.0051649102443803874
91937,17874,TMUS,2015-04-28,1,0,0.0030191016608846783
91965,176861,OREX,2010-08-05,1,0,-0.002556244270470673
91965,176861,OREX,2010-11-03,1,0,-0.0005456175169451091
91965,176861,OREX,2011-08-08,1,0,0.004797524475715172
91965,176861,OREX,2011-11-08,1,0,0.0038334848269981976
91965,176861,OREX,2012-03-08,1,0,0.002557273306534728
91965,176861,OREX,2013-03-13,1,0,-0.008929832521108311
91966,177216,PNNT,2010-05-05,1,0,-0.0017533158569099216
91966,177216,PNNT,2010-08-04,1,0,-0.006929429496750374
91966,177216,PNNT,2010-11-17,1,0,-0.003576262462238935
91966,177216,PNNT,2011-02-02,1,0,0.009886049643608289
91966,177216,PNNT,2011-05-04,1,0,0.0011436433172360332
91966,177216,PNNT,2011-08-03,1,0,-0.00803766905900388
91966,177216,PNNT,2011-11-16,1,0,0.009663333067700734
91966,177216,PNNT,2012-02-08,1,0,0.0051611682068116276
91966,177216,PNNT,2012-05-02,1,0,-0.0001747895294381312
91966,177216,PNNT,2012-08-08,1,0,-0.008865821406260152
91966,177216,PNNT,2012-11-14,1,0,0.0035383147443202247
91966,177216,PNNT,2013-02-06,1,0,0.014788921740134188
91966,177216,PNNT,2013-05-08,1,0,0.002644780601932019
91966,177216,PNNT,2013-08-07,1,0,-0.0027395908265110437
91967,165124,SYUT,2010-08-09,1,0,0.016279953613262257
91967,165124,SYUT,2010-11-04,1,0,0.004509429201227346
91967,165124,SYUT,2011-08-09,1,0,-0.015904508852745608
91967,165124,SYUT,2011-11-09,1,0,-0.01632860749017751
91967,165124,SYUT,2012-02-09,1,0,0.005019495870894111
91967,165124,SYUT,2013-02-08,1,0,-0.011431669479444443
91971,174507,VRUS,2010-08-09,1,0,
91971,174507,VRUS,2010-11-23,1,0,
91971,174507,VRUS,2011-07-25,1,0,
91971,174507,VRUS,2011-11-14,1,0,
91975,147988,ACM,2015-02-10,1,0,0.0024771861552260284
91975,147988,ACM,2015-05-12,1,0,0.0018602979941904673
91976,177405,ANV,2010-05-10,1,0,
91976,177405,ANV,2010-11-05,1,0,
91976,177405,ANV,2011-02-28,1,0,
91976,177405,ANV,2011-05-05,1,0,
91976,177405,ANV,2011-08-04,1,0,
91977,158743,BGS,2015-02-18,1,0,-0.012044280829244166
91977,158743,BGS,2015-04-23,1,0,-0.0034009908235497904
91979,177109,CAP,2015-02-10,1,0,0.007536350562812194
91979,177109,CAP,2015-04-30,1,0,0.003011174839732793
91983,3469,CLR,2013-02-27,1,0,0.012901842308292243
92009,23079,HQS,2010-05-10,1,0,
92009,23079,HQS,2010-08-09,1,0,0.008247128795095083
92009,23079,HQS,2010-11-09,1,0,
92010,177255,JMP,2015-02-13,1,0,
92010,177255,JMP,2015-04-24,1,0,0.004455913320282373
92020,176291,SKH,2010-08-05,1,0,-0.010770965327604689
92020,176291,SKH,2010-11-01,1,0,0.0026382223282789014
92020,176291,SKH,2011-08-01,1,0,-0.02987738519232324
92020,176291,SKH,2011-10-31,1,0,0.004359908604066681
92020,176291,SKH,2012-02-13,1,0,0.004641936328914799
92020,176291,SKH,2013-02-11,1,1,-0.006438768364225184
92021,177429,SLH,2010-08-26,1,0,-0.006004038530342872
92021,177429,SLH,2010-11-03,1,0,0.007120313602269556
92021,177429,SLH,2011-08-24,1,0,0.004641805081976809
92021,177429,SLH,2011-11-03,1,0,0.009161208732598201
92021,177429,SLH,2012-02-07,1,0,0.010956405690890647
92021,177429,SLH,2013-02-07,1,0,0.017215105645915905
92029,15252,TRS,2010-08-03,1,0,0.029366443550615615
92029,15252,TRS,2010-10-28,1,0,0.031870839679609554
92029,15252,TRS,2011-07-28,1,0,0.009406154622266513
92029,15252,TRS,2011-10-27,1,0,0.0005860099927190027
92029,15252,TRS,2012-02-27,1,0,0.009448524065824
92029,15252,TRS,2015-02-25,1,0,0.00386628196187687
92029,15252,TRS,2015-04-28,1,0,-0.02579783376018118
92032,177112,BIOD,2010-08-05,1,0,
92032,177112,BIOD,2010-12-09,1,0,
92032,177112,BIOD,2011-08-04,1,0,
92034,177225,CAVM,2010-04-26,1,0,
92034,177225,CAVM,2010-07-29,1,0,
92034,177225,CAVM,2010-10-27,1,0,
92034,177225,CAVM,2011-01-31,1,0,-0.00731028041777137
92034,177225,CAVM,2011-04-28,1,0,
92034,177225,CAVM,2011-08-02,1,0,
92034,177225,CAVM,2011-10-31,1,0,
92034,177225,CAVM,2012-02-02,1,0,
92034,177225,CAVM,2013-01-31,1,0,
92035,176343,CLNE,2015-02-26,1,0,0.02128707763781225
92035,176343,CLNE,2015-05-11,1,0,-0.00024099460066323054
92038,177256,ENOC,2011-02-16,1,1,0.010618750972685442
92038,177256,ENOC,2011-05-04,1,0,-0.0067809720201213
92038,177256,ENOC,2011-08-08,1,0,-0.014060663833462493
92038,177256,ENOC,2011-11-07,1,0,0.017006412727959424
92038,177256,ENOC,2012-02-27,1,0,0.004091595645580953
92038,177256,ENOC,2012-05-03,1,0,0.007493561661084631
92040,175008,FOLD,2010-08-05,1,0,0.005968795985020382
92043,176701,IBKR,2015-01-20,1,0,0.006859637788692006
92043,176701,IBKR,2015-04-21,1,0,-0.002017400457804599
92044,164680,KS,2010-08-04,1,0,-0.0009516100229297261
92044,164680,KS,2010-11-03,1,0,0.007851209904010809
92044,164680,KS,2011-08-03,1,0,0.008109737180072503
92044,164680,KS,2011-11-02,1,0,0.006260923096267532
92044,164680,KS,2012-02-15,1,0,0.005593695313461957
92044,164680,KS,2013-02-13,1,0,-0.005627228358194247
92046,177110,NGSX,2010-08-05,1,0,-0.018532832426008915
92046,177110,NGSX,2010-11-03,1,0,-0.003439580789291935
92050,177227,PODD,2010-02-09,1,0,0.011256577556986327
92050,177227,PODD,2010-05-06,1,0,0.0037658435817124287
92050,177227,PODD,2010-07-29,1,0,0.0025718137746669296
92050,177227,PODD,2010-11-09,1,0,0.00048366533714196223
92050,177227,PODD,2011-02-15,1,0,0.005050565183322727
92050,177227,PODD,2011-05-09,1,0,0.01512734409839494
92050,177227,PODD,2011-08-02,1,0,5.083252753009838e-06
92050,177227,PODD,2011-11-03,1,0,0.0020124279511773892
92050,177227,PODD,2012-02-09,1,0,-0.001316228046904802
92050,177227,PODD,2012-05-09,1,0,0.0008313155039462545
92050,177227,PODD,2012-08-08,1,1,-0.005983281298097023
92050,177227,PODD,2012-11-08,1,1,0.011405945447603124
92050,177227,PODD,2013-02-27,1,0,0.018995763062654367
92050,177227,PODD,2013-05-06,1,0,0.009846637029214088
92050,177227,PODD,2013-08-07,1,0,0.0009381447986522703
92050,177227,PODD,2013-11-07,1,0,0.004357070803868384
92052,177111,TTGT,2015-02-11,1,0,
92052,177111,TTGT,2015-05-05,1,1,
92053,177125,TOMO,2010-02-17,1,0,-0.013999827798658613
92053,177125,TOMO,2010-04-27,1,0,-0.009011689862081536
92053,177125,TOMO,2010-07-29,1,0,-0.011686861237804451
92053,177125,TOMO,2010-10-27,1,0,0.009656029324410093
92053,177125,TOMO,2011-05-03,1,0,0.006264509197379929
92090,177782,BKCC,2015-03-05,1,0,0.01077592937322642
92090,177782,BKCC,2015-04-30,1,0,0.008060135576966467
92094,118046,FCVA,2013-02-01,1,0,
92095,177257,INFN,2010-04-20,1,0,0.007739321018009044
92095,177257,INFN,2010-07-22,1,0,0.005548466139445391
92095,177257,INFN,2010-10-18,1,0,0.0023306959696917443
92095,177257,INFN,2011-01-27,1,0,0.0030298833542784474
92095,177257,INFN,2011-04-28,1,0,0.0023037658788158007
92095,177257,INFN,2011-07-19,1,0,0.0044763077981589145
92095,177257,INFN,2011-10-18,1,0,0.011425637534845875
92095,177257,INFN,2012-02-02,1,0,-0.007653093027738771
92095,177257,INFN,2012-04-25,1,0,0.007579807587257007
92095,177257,INFN,2012-07-24,1,0,0.004998723493031363
92095,177257,INFN,2013-02-05,1,0,0.005739747592323311
92095,177257,INFN,2013-04-24,1,1,0.0052071991615625975
92095,177257,INFN,2013-07-24,1,1,-0.002579772952822846
92095,177257,INFN,2013-10-23,1,0,0.005216220079975832
92096,177287,JAZZ,2010-08-10,1,0,-0.008891923518574107
92096,177287,JAZZ,2010-11-04,1,0,-0.004800767690053647
92096,177287,JAZZ,2011-07-28,1,0,-0.005370574466834428
92096,177287,JAZZ,2011-11-01,1,0,-0.003994694594683596
92102,177780,SCOR,2010-07-29,1,0,0.013999498544967844
92102,177780,SCOR,2010-11-02,1,0,-0.002667506285720647
92102,177780,SCOR,2011-08-03,1,0,
92102,177780,SCOR,2011-11-02,1,0,0.01601373517494966
92102,177780,SCOR,2012-02-14,1,0,0.009374656072061668
92102,177780,SCOR,2013-02-14,1,0,0.006271834031303919
92105,177697,BZ,2010-08-03,1,0,0.0061725144114100515
92121,177376,DFS,2015-01-21,1,0,0.007355595079160517
92121,177376,DFS,2015-04-21,1,0,0.009569473427846654
92143,177744,PRO,2015-05-07,1,0,-0.0004462189095469776
92172,177943,DHX,2010-07-27,1,0,-0.009911142667470426
92172,177943,DHX,2010-11-02,1,0,0.002785940849502694
92172,177943,DHX,2011-07-26,1,0,0.0002454507084999249
92172,177943,DHX,2012-02-02,1,0,0.011140184009731975
92177,177882,HGG,2015-01-29,1,0,0.001983960469868505
92183,177953,OWW,2010-08-05,1,0,0.0018952466171175417
92183,177953,OWW,2010-11-04,1,0,0.0021551985431622163
92183,177953,OWW,2011-11-03,1,0,-3.2551523329840855e-05
92183,177953,OWW,2012-02-16,1,0,0.007479005952773623
92183,177953,OWW,2013-02-14,1,0,0.01398419948087654
92184,177924,PMC,2015-05-07,1,0,0.011272247151050251
92185,238157,LOV,2012-08-14,1,0,-0.0013793896394830273
92185,238157,LOV,2012-11-13,1,0,0.015321956166941384
92185,238157,LOV,2013-04-23,1,0,0.006516693031196868
92185,238157,LOV,2013-08-08,1,0,0.012894812858666395
92185,238157,LOV,2013-11-13,1,0,0.02063050432059214
92188,177925,WBC,2010-05-05,1,0,0.034538078901863875
92188,177925,WBC,2010-07-28,1,0,0.028283839126982124
92188,177925,WBC,2010-10-29,1,0,0.028296086413205128
92188,177925,WBC,2011-02-11,1,0,0.010733899308559166
92188,177925,WBC,2011-04-29,1,0,0.04532301745897531
92188,177925,WBC,2011-07-28,1,0,0.03236557434949145
92188,177925,WBC,2011-10-27,1,0,0.013470775119952608
92188,177925,WBC,2012-02-02,1,0,0.004927836266481433
92188,177925,WBC,2012-04-26,1,0,0.00802199304093816
92188,177925,WBC,2012-07-27,1,0,0.0019930365150411904
92188,177925,WBC,2012-11-02,1,0,0.007336993942018121
92188,177925,WBC,2013-02-15,1,0,-0.0016715223352450174
92188,177925,WBC,2013-04-25,1,0,-0.00010635258662232416
92188,177925,WBC,2013-07-26,1,0,0.010564187080052181
92188,177925,WBC,2013-10-25,1,0,0.011382069172120802
92197,162384,CFSG,2010-08-09,1,0,
92197,162384,CFSG,2011-08-15,1,0,
92203,178015,LULU,2015-03-26,1,0,0.00237730271366874
92207,177127,SHOR,2013-01-30,1,0,-0.009683670023934861
92210,177099,TYPE,2015-02-12,1,0,0.0004987191273929459
92210,177099,TYPE,2015-05-01,1,0,-0.011462426887517694
92220,177881,MASI,2010-08-03,1,0,0.01517904758417257
92220,177881,MASI,2010-11-02,1,0,0.005426939231646277
92220,177881,MASI,2011-08-09,1,0,0.003493448533766587
92220,177881,MASI,2011-10-25,1,0,-0.039608714302724224
92220,177881,MASI,2012-02-14,1,0,0.014103121463551244
92220,177881,MASI,2013-02-14,1,0,0.017824545723397416
92220,177881,MASI,2013-07-31,1,0,-0.00040730863117335956
92220,177881,MASI,2013-10-30,1,0,0.007327275408112726
92229,177871,VRTU,2015-02-04,1,0,0.009203557731831274
92229,177871,VRTU,2015-05-11,1,0,0.000783140379941363
92231,165177,WATG,2010-08-09,1,0,
92231,165177,WATG,2010-11-09,1,0,
92232,176639,ZINC,2010-08-09,1,0,0.0010998931491569839
92232,176639,ZINC,2010-11-04,1,0,0.007617678731020229
92232,176639,ZINC,2015-02-24,1,0,-0.0009060496400768864
92232,176639,ZINC,2015-05-08,1,0,-0.023346758951105308
92239,177884,CXO,2015-02-25,1,0,0.0007464674365014997
92239,177884,CXO,2015-05-04,1,1,0.024109453779153203
92245,65009,EXH,2015-02-26,1,0,0.003493258838001322
92245,65009,EXH,2015-05-05,1,0,0.010186377194027492
92252,176229,CUR,2010-11-16,1,0,
92252,176229,CUR,2011-11-09,1,0,
92257,178083,VMW,2010-04-20,1,0,0.005075052143354589
92257,178083,VMW,2010-07-20,1,0,0.009688558369202259
92257,178083,VMW,2010-10-18,1,0,-0.004234003206868625
92257,178083,VMW,2011-01-24,1,0,0.0047756956807869875
92257,178083,VMW,2011-04-19,1,1,0.001012434549647596
92257,178083,VMW,2011-07-19,1,0,-0.004460708685079296
92257,178083,VMW,2011-10-17,1,0,0.006709871669635464
92257,178083,VMW,2012-01-23,1,0,-0.0073342267797468046
92257,178083,VMW,2012-04-18,1,0,-0.010369336935506046
92257,178083,VMW,2012-07-23,1,0,-0.013761168467678697
92257,178083,VMW,2012-10-23,1,0,0.001108026166876437
92257,178083,VMW,2013-01-28,1,1,-0.0033338066547794944
92257,178083,VMW,2013-04-23,1,0,0.0017697472178668603
92257,178083,VMW,2013-07-23,1,1,0.006202692334469862
92257,178083,VMW,2013-10-21,1,1,0.004973179936256051
92282,158791,PKT,2011-07-20,1,0,0.022516842824049622
92282,158791,PKT,2011-11-07,1,0,0.012974483532407051
92282,158791,PKT,2012-02-21,1,0,0.01386642916851524
92282,158791,PKT,2012-08-02,1,1,0.00026278044969903127
92282,158791,PKT,2013-02-28,1,0,-0.0067233108156720765
92282,158791,PKT,2013-05-02,1,1,0.005568147645624566
92282,158791,PKT,2013-08-07,1,0,-0.009416069331097366
92282,158791,PKT,2013-11-04,1,0,0.006748281372833393
92293,178310,TDC,2010-08-05,1,0,-0.0018770471477543276
92293,178310,TDC,2010-11-04,1,0,0.010076603270079563
92293,178310,TDC,2011-08-04,1,1,-0.0021396600836522672
92293,178310,TDC,2011-11-03,1,0,0.013332848623627812
92293,178310,TDC,2012-02-09,1,0,-0.005701427655441958
92293,178310,TDC,2013-02-07,1,1,0.00041110303551024005
92294,165798,UEC,2011-10-13,1,0,-0.011791806447792928
92294,165798,UEC,2012-03-12,1,0,-0.005316958234455353
92294,165798,UEC,2013-03-12,1,0,-0.008862464117422428
92300,270989,CAST,2010-11-09,1,0,0.006494059301828825
92300,270989,CAST,2011-08-09,1,0,
92300,270989,CAST,2011-11-09,1,0,
92302,178493,CTCT,2015-04-30,1,0,
92310,178531,MAPP,2010-08-03,1,0,-0.004476344484595817
92310,178531,MAPP,2010-11-05,1,0,-0.0008211566494918396
92310,178531,MAPP,2011-08-04,1,0,0.0016124922606004363
92310,178531,MAPP,2011-11-08,1,0,0.004298361214538048
92310,178531,MAPP,2012-03-29,1,0,0.019805530296431614
92320,66268,SAAS,2012-02-29,1,0,0.0026596913443435195
92322,178704,ULTA,2015-03-12,1,0,0.004204405368140737
92322,178704,ULTA,2015-05-28,1,1,0.007295229171934879
92326,178672,CVI,2010-08-04,1,0,-0.0034259902204997455
92326,178672,CVI,2010-11-01,1,0,0.012827501810123959
92326,178672,CVI,2011-08-03,1,0,-0.0012530854672495907
92326,178672,CVI,2011-11-02,1,1,0.003267558999037235
92326,178672,CVI,2012-02-27,1,0,0.0009304803192197557
92326,178672,CVI,2013-03-12,1,0,0.00020439052672065194
92330,178548,CML,2010-04-28,1,0,-0.004678766314958463
92330,178548,CML,2010-07-28,1,0,0.005173628130936495
92330,178548,CML,2010-10-26,1,0,-0.0015164868824005667
92332,160961,GSI,2011-08-15,1,0,
92346,178608,PCX,2010-07-27,1,0,-0.003008099873109552
92346,178608,PCX,2010-10-21,1,0,-0.0374839840096599
92346,178608,PCX,2011-07-26,1,0,0.006952603625987916
92346,178608,PCX,2011-10-20,1,0,0.007832534603440428
92346,178608,PCX,2012-02-02,1,0,-0.0041841431731726685
92378,178538,ZEP,2015-01-06,1,0,0.007051216177937067
92378,178538,ZEP,2015-04-08,1,0,0.006551547928790458
92389,178846,ES,2010-02-24,1,0,
92389,178846,ES,2010-05-05,1,0,-0.005443325358299772
92389,178846,ES,2010-08-05,1,0,0.0012896368595506375
92389,178846,ES,2010-11-08,1,0,0.004946578791862855
92389,178846,ES,2011-03-31,1,0,0.011250064917166604
92389,178846,ES,2011-05-10,1,0,0.009070200354286045
92389,178846,ES,2011-08-09,1,0,-0.0046381204742907065
92389,178846,ES,2011-11-08,1,0,0.005397982151536307
92389,178846,ES,2012-03-14,1,0,0.006399368469618761
92389,178846,ES,2012-05-09,1,0,-0.010915198632101773
92389,178846,ES,2012-08-08,1,0,-0.0004502535296906961
92389,178846,ES,2012-11-08,1,0,0.002352294220658516
92389,178846,ES,2013-03-18,1,0,0.00999402924820389
92389,178846,ES,2013-05-10,1,0,
92400,178806,LL,2010-08-04,1,0,0.014703610080756217
92400,178806,LL,2010-11-03,1,0,-0.025645563738491785
92402,178507,MSCI,2015-04-30,1,0,0.013931189247383156
92421,176899,SD,2010-08-04,1,0,-0.0017188204869494853
92421,176899,SD,2010-11-04,1,0,0.002291914024662344
92421,176899,SD,2011-08-04,1,0,-0.004090088168371076
92421,176899,SD,2011-11-03,1,0,0.0054104138592629275
92421,176899,SD,2012-02-23,1,1,0.003640031679379663
92421,176899,SD,2013-02-28,1,0,0.0011060448396780793
92424,178866,PAR,2010-07-29,1,0,0.00623437234640061
92428,178797,APEI,2015-05-11,1,0,-0.003944012286865804
92429,178798,AREX,2015-02-25,1,0,-0.007363350277018545
92429,178798,AREX,2015-05-06,1,0,-0.0016028884355486963
92432,178803,ENSG,2010-08-06,1,0,
92432,178803,ENSG,2010-10-28,1,0,
92432,178803,ENSG,2011-08-03,1,0,-0.011738591351965177
92432,178803,ENSG,2011-11-02,1,0,-0.012512154819719753
92432,178803,ENSG,2012-02-15,1,0,
92433,178847,ETRM,2011-01-27,1,0,0.012792959100941144
92433,178847,ETRM,2011-07-21,1,0,-0.008409028344868943
92433,178847,ETRM,2012-04-24,1,0,0.003705063298977699
92433,178847,ETRM,2012-08-07,1,0,-0.008227194715911981
92433,178847,ETRM,2012-10-24,1,0,-0.0007030043930541744
92433,178847,ETRM,2013-02-13,1,0,0.0060862316792119385
92433,178847,ETRM,2013-07-31,1,0,
92433,178847,ETRM,2013-10-31,1,0,0.013236935868616241
92442,178850,INET,2010-04-28,1,0,0.011374316900713704
92442,178850,INET,2010-07-29,1,0,
92445,178752,NSPH,2013-02-13,1,1,
92445,178752,NSPH,2013-05-08,1,0,0.004896591203539263
92445,178752,NSPH,2013-08-06,1,0,-0.01165892379636021
92445,178752,NSPH,2013-11-06,1,0,-0.0041155498576208385
92448,178865,RBCN,2015-02-12,1,0,-0.021166064031544626
92448,178865,RBCN,2015-05-07,1,0,-0.01841699548432745
92449,176378,REED,2013-11-14,1,0,
92451,178868,SFSF,2010-07-26,1,0,
92451,178868,SFSF,2010-11-02,1,0,
92451,178868,SFSF,2011-08-02,1,0,
92451,178868,SFSF,2011-10-26,1,0,
92453,160592,SYMX,2012-02-10,1,0,-0.002634165696818737
92466,179058,OESX,2015-05-21,1,0,-0.022377964094027668
92469,179202,SATS,2010-05-10,1,0,
92469,179202,SATS,2010-08-09,1,0,
92469,179202,SATS,2010-11-05,1,0,
92469,179202,SATS,2011-02-24,1,0,
92469,179202,SATS,2011-05-02,1,0,
92469,179202,SATS,2011-08-09,1,0,
92469,179202,SATS,2011-11-07,1,0,
92469,179202,SATS,2013-02-20,1,0,
92471,178973,TITN,2015-04-15,1,0,0.001306619419625653
92478,179077,FOR,2015-03-05,1,0,0.015698238022945267
92478,179077,FOR,2015-05-06,1,0,-0.005458422081824758
92497,179084,N,2010-08-05,1,0,0.018077350829766123
92497,179084,N,2010-11-04,1,0,0.02573889538783336
92497,179084,N,2011-07-28,1,0,-0.00281825500428692
92497,179084,N,2011-11-03,1,0,0.00748649544018438
92497,179084,N,2012-02-02,1,0,0.0019453556480871171
92497,179084,N,2013-01-31,1,0,-0.0009889122693529087
92502,25632,KW,2015-02-25,1,0,0.004072364810341652
92502,25632,KW,2015-05-06,1,0,-0.0021927177673255038
92505,65350,SOA,2010-07-26,1,0,0.015756559757711952
92505,65350,SOA,2010-10-27,1,0,0.006977289082899114
92505,65350,SOA,2011-01-26,1,0,0.018708394741975772
92505,65350,SOA,2011-07-25,1,0,0.016772453889429488
92505,65350,SOA,2011-10-26,1,0,-0.0053563549358957106
92505,65350,SOA,2012-01-27,1,0,0.000551504196113539
92521,162233,DGLY,2010-11-10,1,0,
92521,162233,DGLY,2011-03-31,1,0,-0.06893976542124107
92521,162233,DGLY,2011-05-10,1,0,-0.0392414063538316
92530,63605,CPN,2015-02-13,1,0,0.009070327645039676
92530,63605,CPN,2015-05-01,1,0,0.005166350275755266
92555,179361,CBNJ,2011-04-25,1,0,0.005227517824147482
92555,179361,CBNJ,2011-07-29,1,0,
92555,179361,CBNJ,2011-10-21,1,0,
92555,179361,CBNJ,2012-02-03,1,0,
92555,179361,CBNJ,2012-04-26,1,0,0.00252622806137685
92555,179361,CBNJ,2012-07-25,1,0,0.0024933581675441454
92555,179361,CBNJ,2012-10-24,1,0,-0.0076163538443953915
92555,179361,CBNJ,2013-02-01,1,0,
92555,179361,CBNJ,2013-04-19,1,0,
92555,179361,CBNJ,2013-07-23,1,0,-0.0009537533468680299
92555,179361,CBNJ,2013-10-24,1,0,0.00936415544317785
92560,66592,SUTR,2010-09-28,1,0,0.011318960972764563
92560,66592,SUTR,2010-11-12,1,0,0.000655845120449086
92570,3734,DAN,2010-07-29,1,0,0.024259807291292672
92570,3734,DAN,2010-10-28,1,0,0.029880814499837587
92570,3734,DAN,2011-07-28,1,0,0.029271930337292182
92570,3734,DAN,2011-10-27,1,0,0.004454421339437933
92570,3734,DAN,2012-02-21,1,0,0.014078393501952995
92570,3734,DAN,2013-02-21,1,1,0.005448903018775401
92597,179657,HI,2010-08-04,1,0,-0.0004982645773828585
92597,179657,HI,2011-11-28,1,1,0.008326428239542214
92597,179657,HI,2012-02-01,1,0,-0.010273652772403318
92597,179657,HI,2013-02-04,1,0,0.010199576207295846
92601,142337,NOG,2010-08-09,1,0,
92601,142337,NOG,2010-11-08,1,0,
92601,142337,NOG,2011-08-09,1,0,
92601,142337,NOG,2011-11-09,1,0,
92601,142337,NOG,2012-02-29,1,0,8.201737068187082e-05
92601,142337,NOG,2013-02-28,1,0,0.0007773282954709618
92611,179534,V,2013-02-06,1,0,0.0063727798693916735
92618,179700,DPS,2010-07-29,1,0,
92618,179700,DPS,2010-10-27,1,0,
92618,179700,DPS,2015-02-12,1,0,
92618,179700,DPS,2015-04-23,1,0,
92619,164046,GTE,2010-08-05,1,0,-0.007294975476887025
92619,164046,GTE,2010-11-04,1,0,
92619,164046,GTE,2011-08-08,1,0,
92619,164046,GTE,2011-11-08,1,0,
92619,164046,GTE,2012-02-27,1,0,-0.027014976711184302
92619,164046,GTE,2013-02-26,1,0,-0.002378620795496965
92640,4600,FDML,2011-07-28,1,0,0.01695181088790528
92640,4600,FDML,2011-10-27,1,0,0.01727315166136288
92640,4600,FDML,2012-02-28,1,0,0.0034541444837653938
92648,179577,CFX,2010-07-28,1,0,-0.00653561155838623
92648,179577,CFX,2010-11-04,1,0,0.010641658516208954
92648,179577,CFX,2011-07-29,1,0,0.0075223702276566
92648,179577,CFX,2011-10-27,1,0,0.014368140574267158
92648,179577,CFX,2012-02-07,1,0,0.005587752032619258
92655,10903,UNH,2015-01-21,1,0,0.015656866208474684
92655,10903,UNH,2015-04-16,1,0,0.020946855847267108
92681,164404,CHLN,2010-08-12,1,0,-0.000910710182312484
92681,164404,CHLN,2010-11-12,1,0,
92681,164404,CHLN,2011-08-15,1,0,
92681,164404,CHLN,2011-11-14,1,0,
92696,180249,HPJ,2011-05-12,1,0,-0.005664054170100172
92697,180272,LPS,2011-07-25,1,0,
92697,180272,LPS,2011-10-25,1,0,
92697,180272,LPS,2012-02-13,1,1,
92697,180272,LPS,2013-02-07,1,0,
92709,180167,SNI,2015-02-12,1,0,0.0082922552246004
92709,180167,SNI,2015-05-07,1,0,0.005797083456651221
92772,180395,IILG,2015-05-07,1,0,0.00858226150206385
92773,175686,PRIM,2015-05-05,1,0,-0.011147830019443477
92775,180423,TREE,2010-07-29,1,0,-0.008437298095260242
92775,180423,TREE,2011-11-11,1,0,
92806,164342,CHBT,2010-08-09,1,0,
92806,164342,CHBT,2010-11-09,1,0,
92807,17269,ASRV,2010-07-20,1,0,
92807,17269,ASRV,2010-10-19,1,0,
92852,180083,LOPE,2011-08-04,1,0,0.003606130270212423
92852,180083,LOPE,2011-11-07,1,0,0.022030601759069724
92852,180083,LOPE,2012-02-21,1,0,0.011026724149571603
92854,181931,CLW,2015-02-04,1,0,0.0003614493008599895
92854,181931,CLW,2015-04-22,1,0,-0.00176943437716621
92871,25030,VRTS,2011-08-02,1,0,-0.011859537226888999
92871,25030,VRTS,2013-01-29,1,0,-0.004263622054925458
92875,177031,HEAT,2010-11-10,1,0,
92890,180833,MJN,2015-01-29,1,0,-0.006134138058161518
92890,180833,MJN,2015-04-23,1,0,0.00233519044923175
92894,271794,HTWR,2010-08-05,1,0,0.0020435846856678205
92894,271794,HTWR,2010-11-03,1,0,0.005552771033324074
92894,271794,HTWR,2011-08-04,1,0,0.0034436438199169695
92894,271794,HTWR,2011-10-27,1,0,
92894,271794,HTWR,2013-02-27,1,0,0.005523329438458135
92897,21241,CGA,2010-11-10,1,0,0.014056671014157402
92902,182112,BPI,2010-08-03,1,0,0.0035881689407201143
92902,182112,BPI,2010-11-02,1,0,0.010470177274168822
92902,182112,BPI,2011-08-02,1,0,-0.0049862868442541765
92902,182112,BPI,2011-11-01,1,0,0.007171635366759463
92913,180905,RST,2015-05-06,1,0,-0.009867481427768535
92919,111819,ORRF,2011-07-28,1,0,-0.028796151203187008
92919,111819,ORRF,2012-01-25,1,0,-0.0012225060660194572
92919,111819,ORRF,2013-01-23,1,0,
92924,180029,DGI,2011-02-28,1,1,-0.002657061464504531
92924,180029,DGI,2012-02-29,1,0,-0.012094084965548145
92924,180029,DGI,2012-05-01,1,0,0.015744774951204986
92924,180029,DGI,2012-07-31,1,1,0.029384863434311514
92924,180029,DGI,2013-02-26,1,1,0.007690522960754788
92924,180029,DGI,2013-05-07,1,1,-0.0022166879705992175
92924,180029,DGI,2013-08-06,1,0,-0.007247846121949538
92924,180029,DGI,2013-10-31,1,0,0.004349042422490793
92931,179690,SWI,2010-07-21,1,0,
92931,179690,SWI,2010-10-28,1,0,
92931,179690,SWI,2011-02-09,1,0,
92931,179690,SWI,2011-05-04,1,0,
92931,179690,SWI,2011-08-03,1,0,
92931,179690,SWI,2011-10-27,1,0,
92931,179690,SWI,2012-02-07,1,0,
92931,179690,SWI,2012-07-25,1,1,
92931,179690,SWI,2012-10-25,1,1,
92931,179690,SWI,2013-02-04,1,1,
92931,179690,SWI,2013-04-30,1,1,
92931,179690,SWI,2013-07-25,1,0,
92932,163819,UTA,2010-08-10,1,0,0.02004944097286355
92934,182387,OPEN,2011-08-02,1,0,0.0012580551310642212
92934,182387,OPEN,2011-11-01,1,0,0.006655590790319041
92934,182387,OPEN,2012-02-07,1,0,0.004443237427872065
92934,182387,OPEN,2013-02-07,1,0,-0.00019060481611662006
92937,164407,CBEH,2010-08-04,1,0,0.006838016989972065
92937,164407,CBEH,2010-11-04,1,0,0.007854275860454495
92940,182308,MDSO,2015-02-05,1,0,-0.0022970812702543825
92940,182308,MDSO,2015-04-23,1,0,0.014772015981343742
92988,183257,CFN,2010-11-02,1,0,-0.010427607493031945
92988,183257,CFN,2011-08-08,1,0,0.006679404351866898
92988,183257,CFN,2011-11-07,1,0,-0.0024528818301116258
92988,183257,CFN,2012-02-02,1,0,-0.007755705499210419
92988,183257,CFN,2013-02-07,1,0,0.014687380548157745
92992,175903,EM,2010-11-08,1,0,0.007387404293265419
92992,175903,EM,2011-08-08,1,0,-0.004082199636387961
93004,178097,CPIX,2010-08-16,1,0,-0.0014646318942173452
93004,178097,CPIX,2010-11-11,1,0,0.00855830067864341
93004,178097,CPIX,2011-08-04,1,0,0.009962731927229759
93004,178097,CPIX,2011-11-03,1,0,0.012353321290929585
93004,178097,CPIX,2013-02-28,1,0,
93006,183380,HAWK,2010-11-09,1,0,-0.012516910257236202
93007,141240,KITD,2010-08-16,1,0,
93007,141240,KITD,2010-11-22,1,0,
93007,141240,KITD,2011-05-09,1,0,
93007,141240,KITD,2011-08-09,1,0,
93007,141240,KITD,2011-11-09,1,0,
93007,141240,KITD,2012-05-15,1,0,
93007,141240,KITD,2012-08-14,1,0,
93031,179782,REN,2011-08-08,1,0,-0.009510696900520721
93031,179782,REN,2011-11-07,1,0,-0.004945280583361871
93031,179782,REN,2012-03-12,1,0,-0.0066794779211477445
93031,179782,REN,2013-03-07,1,0,0.0036668442900162626
93035,174236,SEM,2010-11-04,1,0,-0.007974324016529694
93035,174236,SEM,2011-08-04,1,0,
93035,174236,SEM,2011-11-03,1,0,0.004152479688604986
93035,174236,SEM,2012-02-23,1,0,0.006633170234743354
93035,174236,SEM,2013-02-21,1,0,0.005886346015916452
93040,179586,FUBC,2010-10-25,1,0,
93040,179586,FUBC,2011-07-27,1,0,
93040,179586,FUBC,2011-10-24,1,0,0.01540338667511469
93040,179586,FUBC,2012-02-08,1,0,
93040,179586,FUBC,2013-02-08,1,0,
93043,62766,HUVL,2010-10-27,1,0,0.0055677304939807356
93043,62766,HUVL,2011-07-27,1,0,0.006552256927467887
93043,62766,HVB,2011-10-26,1,0,-0.0026049541479507467
93043,62766,HVB,2012-02-01,1,0,-0.008793403080418746
93043,62766,HVB,2013-01-31,1,0,0.0005678844974232686
93048,178003,YONG,2010-11-15,1,0,
93048,178003,YONG,2011-08-09,1,0,0.014520148198627358
93049,183228,ZSTN,2010-11-03,1,0,0.019156764306584473
93049,183228,ZSTN,2011-08-03,1,0,-0.0041262309185848365
93071,178201,VSI,2010-10-27,1,0,0.0229391688407395
93071,178201,VSI,2011-07-28,1,0,0.02128875269704618
93071,178201,VSI,2011-10-26,1,0,0.013796305789447036
93071,178201,VSI,2012-02-28,1,0,0.01843330891231014
93071,178201,VSI,2013-02-26,1,0,-0.00295125347969347
93072,25007,WWIN,2011-08-10,1,0,-0.0007866999128070071
93072,25007,WWIN,2012-02-09,1,0,-0.013144659268399339
93073,183283,ADUS,2010-11-04,1,0,-0.030462981712215224
93073,183283,ADUS,2011-08-04,1,0,0.010240552978417885
93079,179957,ECHO,2012-10-25,1,0,-0.011468335519025605
93079,179957,ECHO,2013-02-07,1,0,-0.010606961485544531
93079,179957,ECHO,2013-04-25,1,1,-0.0032933100997298258
93079,179957,ECHO,2013-07-25,1,0,0.000962501562565451
93079,179957,ECHO,2013-10-24,1,0,-0.0030735290686109314
93080,63907,EDMC,2010-11-03,1,0,0.01103916612644735
93080,63907,EDMC,2011-08-03,1,0,-0.008958766305166366
93080,63907,EDMC,2011-10-26,1,0,-0.009901060290577824
93080,63907,EDMC,2013-01-30,1,0,-0.005000207252874277
93085,183593,OMER,2010-11-04,1,0,-0.0002990014065627376
93085,183593,OMER,2011-08-09,1,0,-0.004807000453244668
93085,183593,OMER,2011-11-08,1,0,-0.008336999217102617
93085,183593,OMER,2012-03-15,1,0,0.0026566939342691862
93088,175995,TLCR,2010-10-28,1,0,0.0031786222944487088
93091,183920,AOL,2015-02-11,1,0,0.006402686047909275
93091,183920,AOL,2015-05-08,1,0,0.0015582205977215761
93095,180635,CLD,2015-02-17,1,1,-0.0004464948175661107
93095,180635,CLD,2015-04-30,1,1,0.0041739272380768725
93096,4016,DG,2015-03-12,1,0,0.012100730309389702
93098,183366,H,2015-02-18,1,0,-0.003889481661614378
93098,183366,H,2015-05-05,1,0,-0.0017143285439274493
93101,16477,LEA,2011-08-04,1,0,0.011637606781232629
93101,16477,LEA,2011-10-28,1,0,0.011352139907061872
93101,16477,LEA,2012-02-02,1,0,0.0030925269074145705
93101,16477,LEA,2013-02-01,1,1,0.0029705214597528225
93128,183797,COWN,2015-02-26,1,0,0.016289170151043874
93128,183797,COWN,2015-04-30,1,0,0.017726052413552344
93129,116284,CVVT,2011-08-09,1,0,0.01650525735167247
93129,116284,CVVT,2012-02-09,1,0,0.013267828048161125
93132,183377,FTNT,2011-01-25,1,0,0.009547605014957916
93132,183377,FTNT,2011-04-27,1,0,0.002242070223748371
93132,183377,FTNT,2011-07-19,1,0,0.005147477920938892
93132,183377,FTNT,2011-10-24,1,0,0.0067732635706063285
93132,183377,FTNT,2012-01-31,1,0,0.009386853018497923
93132,183377,FTNT,2012-04-24,1,0,0.005509488947564689
93132,183377,FTNT,2012-07-25,1,0,0.013638983676316095
93132,183377,FTNT,2012-10-16,1,0,0.002077934155358392
93132,183377,FTNT,2013-01-30,1,0,0.012431209360485933
93132,183377,FTNT,2013-04-30,1,0,-0.006434349183926645
93132,183377,FTNT,2013-07-30,1,0,0.00463753987362644
93132,183377,FTNT,2013-10-23,1,0,
93150,149738,CIT,2015-01-27,1,0,0.010920990963118672
93150,149738,CIT,2015-04-28,1,0,-0.002758346041320636
93152,184040,CIE,2015-02-23,1,0,-0.022077886050307326
93152,184040,CIE,2015-05-05,1,0,-0.008871602427181052
93174,183581,KAR,2012-05-07,1,0,0.004718365678662986
93174,183581,KAR,2012-08-06,1,0,-0.003165313414086863
93174,183581,KAR,2012-11-06,1,1,0.005991026328546501
93174,183581,KAR,2013-02-20,1,0,0.0064429893831892135
93174,183581,KAR,2013-05-01,1,0,-7.993442320942522e-05
93174,183581,KAR,2013-08-06,1,0,-0.0014278696901717809
93174,183581,KAR,2013-11-05,1,0,0.0065338608861369996
93175,166230,KRA,2011-08-02,1,0,-0.0055435566391728325
93175,166230,KRA,2011-10-31,1,0,-0.00933827626962701
93175,166230,KRA,2012-02-29,1,0,0.00198387836285222
93175,166230,KRA,2013-02-27,1,0,-0.005422152898399599
93179,12785,PPC,2011-07-29,1,0,
93185,183684,TMH,2011-08-02,1,0,-0.007038549397285071
93185,183684,TMH,2011-11-01,1,0,0.009187382581505109
93185,183684,TMH,2012-02-07,1,0,0.0053373235407040386
93185,183684,TMH,2013-02-05,1,0,
93222,166705,SYA,2015-02-04,1,0,0.010498989181948262
93222,166705,SYA,2015-04-23,1,0,0.0078093191537825435
93223,29887,TW,2015-02-05,1,0,0.019311135055383268
93223,29887,TW,2015-05-05,1,1,0.012067355816073539
93225,183526,AMCF,2011-08-11,1,0,
93230,183480,ESSX,2015-05-07,1,0,0.030421223180497378
93246,183736,GNRC,2015-02-11,1,1,0.010926856594312622
93246,183736,GNRC,2015-04-30,1,0,-0.023248545805782637
93247,148221,GRM,2011-08-11,1,0,0.00500196703380502
93270,254399,UNIS,2011-11-09,1,0,-0.00685254145087256
93270,254399,UNIS,2012-02-09,1,0,0.016456801373556006
93270,254399,UNIS,2013-02-11,1,0,0.004952541428730419
93271,133346,VIAS,2015-05-06,1,0,
93272,183903,CALX,2011-07-21,1,0,-0.0083519417000555
93272,183903,CALX,2011-10-20,1,0,-0.038293072260509105
93272,183903,CALX,2012-05-01,1,0,-0.007286476050964738
93272,183903,CALX,2012-07-31,1,0,-0.011492876211529194
93272,183903,CALX,2012-10-25,1,0,-0.013347935688428443
93272,183903,CALX,2013-04-25,1,1,-0.002202176691712779
93272,183903,CALX,2013-07-30,1,0,-0.00025867333528682614
93272,183903,CALX,2013-10-29,1,0,-0.0006717225021821358
93285,65921,AUMN,2012-03-08,1,0,
93285,65921,AUMN,2012-05-09,1,0,
93295,65459,SPB,2015-02-04,1,0,-0.005104894106898841
93295,65459,SPB,2015-04-29,1,0,-0.041119366332218146
93300,183879,ANTH,2011-07-29,1,0,-0.0031350479224580355
93300,183879,ANTH,2011-11-01,1,0,-0.001985822398768258
93300,183879,ANTH,2012-02-21,1,0,0.0026504556100163433
93301,184046,AVEO,2015-05-07,1,0,
93304,184167,FIBK,2015-01-27,1,0,0.010507838895557004
93304,184167,FIBK,2015-04-27,1,0,0.007597143524725511
93305,184009,FNGN,2015-02-19,1,0,0.0022356760198878074
93305,184009,FNGN,2015-05-06,1,0,-0.0020489181540510274
93307,184057,MERU,2011-07-27,1,1,
93307,184057,MERU,2011-10-26,1,0,
93307,184057,MERU,2012-02-01,1,0,
93323,175087,MUSA,2011-07-25,1,0,0.005824129932683974
93323,175087,MUSA,2011-10-20,1,1,0.0020428213901544654
93323,175087,MUSA,2012-01-26,1,1,0.011575531302847148
93323,175087,MUSA,2013-02-06,1,0,
93330,1414,PRI,2015-02-09,1,0,-0.0038322641063147315
93330,1414,PRI,2015-05-06,1,0,-0.0034462878675881655
93345,179841,CDXS,2011-07-28,1,0,0.0035523391705488453
93345,179841,CDXS,2012-02-07,1,1,0.0059074272065859305
93352,184689,GBDC,2012-02-06,1,0,0.008551448705646269
93352,184689,GBDC,2013-02-07,1,0,0.007006410295284258
93355,284041,OCZ,2012-07-10,1,0,0.011357452703737957
93355,284041,OCZ,2013-10-07,1,0,
93358,184079,TNGN,2011-08-09,1,0,-0.02066570920759058
93371,183945,CRMD,2015-05-07,1,0,
93373,184323,EXPR,2011-08-24,1,0,0.011040057267719812
93373,184323,EXPR,2011-11-30,1,0,0.019013200816704746
93373,184323,EXPR,2012-03-07,1,0,0.012531952042814515
93373,184323,EXPR,2013-03-13,1,0,0.006362368727934319
93374,184899,FAF,2011-07-28,1,0,-0.0049032017914937085
93374,184899,FAF,2011-10-27,1,0,-0.009238109187747033
93374,184899,FAF,2013-02-21,1,0,0.0055342522047844645
93384,180562,RRTS,2011-08-03,1,0,7.864248168204784e-05
93384,180562,RRTS,2011-11-02,1,0,0.004782277678237744
93384,180562,RRTS,2012-02-08,1,0,0.0069783815305435445
93384,180562,RRTS,2015-02-04,1,0,0.0017521638999504034
93384,180562,RRTS,2015-04-29,1,0,-0.001194199733494666
93387,163772,CODE,2011-07-27,1,0,-0.0077273286993798755
93387,163772,CODE,2011-10-27,1,0,-0.020048198243601857
93387,163772,CODE,2012-01-26,1,0,-0.003596724131431042
93387,163772,CODE,2013-01-29,1,0,-0.005911119201078112
93393,184542,GNMK,2015-02-24,1,0,0.002931774761310736
93393,184542,GNMK,2015-05-05,1,0,0.008137561407266812
93397,29962,LMNR,2015-01-12,1,0,
93397,29962,LMNR,2015-03-09,1,0,
93398,66228,MILL,2013-03-12,1,0,0.011250926558464441
93398,66228,MILL,2013-07-16,1,0,8.43641396876954e-06
93398,66228,MILL,2013-09-09,1,0,0.0035328446861089637
93399,184149,NAUH,2013-04-03,1,0,-0.001346466770799774
93399,184149,NAUH,2013-10-02,1,0,-0.020362987966486883
93418,184571,ONE,2015-05-07,1,0,-0.002755378950032611
93420,184442,OAS,2011-08-08,1,0,
93420,184442,OAS,2011-11-07,1,0,0.004179704852874857
93420,184442,OAS,2012-02-22,1,0,-0.0018213894167325492
93420,184442,OAS,2013-02-25,1,0,0.005980917900787799
93422,154357,QEP,2011-07-26,1,0,
93422,154357,QEP,2011-10-25,1,1,
93422,154357,QEP,2012-02-22,1,1,-0.007404667922212005
93423,10567,SIX,2011-07-25,1,0,0.002705865192469331
93423,10567,SIX,2011-10-27,1,0,-0.0010091140140492802
93423,10567,SIX,2012-02-15,1,0,0.0026110018435359077
93423,10567,SIX,2013-02-20,1,0,0.015023002638586422
93426,185138,VPG,2015-02-11,1,0,0.0011698094614636
93426,185138,VPG,2015-05-05,1,0,-0.009859051939959515
93428,184514,BSFT,2011-08-08,1,0,0.012456155007056893
93428,184514,BSFT,2012-02-29,1,0,0.015282141881854444
93428,184514,BSFT,2012-05-07,1,0,0.01390706786169438
93428,184514,BSFT,2012-08-06,1,1,0.009328109176643055
93428,184514,BSFT,2012-11-05,1,1,0.0041550479491107295
93428,184514,BSFT,2013-05-06,1,1,0.01819853704436586
93428,184514,BSFT,2013-08-05,1,0,0.012738694621519308
93428,184514,BSFT,2013-11-04,1,0,-0.0008923598909236705
93429,184500,CBOE,2011-08-04,1,1,0.008608895482885345
93429,184500,CBOE,2011-11-03,1,0,0.005790602380981561
93429,184500,CBOE,2012-02-09,1,0,0.00022911372779065627
93429,184500,CBOE,2013-02-08,1,0,-0.007904374549676385
93434,184259,SANW,2012-11-13,1,0,-0.011790555605527211
93434,184259,SANW,2013-02-13,1,0,
93434,184259,SANW,2013-05-13,1,0,-0.015056874868293097
93434,184259,SANW,2013-11-14,1,0,-0.007681367491526503
93436,184996,TSLA,2011-08-03,1,0,
93436,184996,TSLA,2011-11-02,1,0,
93436,184996,TSLA,2012-02-15,1,0,
93436,184996,TSLA,2012-05-09,1,0,
93436,184996,TSLA,2012-07-25,1,0,
93436,184996,TSLA,2012-11-05,1,0,
93436,184996,TSLA,2013-02-20,1,0,
93436,184996,TSLA,2013-05-08,1,0,
93436,184996,TSLA,2013-08-07,1,0,
93436,184996,TSLA,2013-11-05,1,0,
