source_trade_row,event_id,PERMNO,GVKEY,SYMBOL,first_trade_ts,public_announcement_ts,announcement_local_date,text_date,exact_text_date_match,timestamp_confidence,information_asymmetry_seconds,Soft,prior_text_jaccard_distance,clean_text,text_sha256,outcome_date,stock_open,stock_close,raw_open_close_return,spy_open_close_return,market_adjusted_open_close_return,outcome_status,test_year
1,HEJFE-8D40B9782E1E6F33,10145,1300,HON,2012-01-26 15:53:00,2012-01-27T12:30:00Z,2012-01-27,2012-01-27,True,B-EXACT,56220.0,0.0048447323598263,0.6262626262626263,ex news releas contact media investor relat robert c ferri elena doom honeywel report full year sale billion proforma earn per share report earn per share morri township nj januari honeywel nyse hon today announc fourth quarter full year result follow sale billion versu billion organ growth reflect continu strength end market contribut new product launch geograph expans proforma earn exclud impact pension mark market adjust per share report earn reflect loss per share versu earn per share prior year pension mark market adjust per share calcul use million weight averag share outstand assum dilut cash flow oper billion includ million cash pension contribut quarter free cash flow cash flow oper less capit expenditur billion prior million cash pension contribut compani report full year result includ sale billion approxim organ sale growth reflect strong end market success new product launch continu expans high growth region proforma earn exclud impact pension mark market adjust per share report ep versu prior year pension mark market adjust per share calcul use million weight averag share outstand assum dilut cash flow oper billion includ billion cash pension contribut year free cash flow approxim billion prior billion cash pension contribut q result pension mark market adjust per share calcul use million weight averag share outstand assum dilut cash flow oper billion includ billion cash pension contribut year free cash flow approxim billion prior billion cash pension contribut honeywel terrif said honeywel chairman ceo dave cote execut across portfolio record organ sale growth segment margin perform reflect oper financi disciplin underpin transform taken place compani last year deploy honeywel initi growth product cash peopl enabl creat common one honeywel cultur commit continu improv result built better set busi great posit good industri terrif perform track record great leadership team truli global focu full pipelin new product technolog key process initi gain momentum weve come long way feel even better futur expect challeng macro environ ahead primarili driven soft europ impact short cycl busi confid honeywel well posit continu outperform continu cote long cycl busi acceler commerci aerospac oe uop build solut distribut process solut substanti backlog total billion expect growth moder first half confid drive strong sale convers lead higher segment margin cours year invest weve made coupl execut track record disciplin playbook key continu outperform beyond fourth quarter segment highlight aerospac sale compar fourth quarter primarili due growth commerci origin equip aftermarket volum partial offset,2488e1b90b3c9dc3a94140a4bb9c1844882370048aacc01bcbfda57d402e6744,2012-01-30,54.610809326171875,54.82755661010742,0.003968944731087776,0.006562387630348887,-0.0025934428992611114,ok_market_adjusted,2012
2,HEJFE-D346C6CFDFB6E581,10606,12445,WTS,2015-02-17 14:19:00,2015-02-17T21:30:00Z,2015-02-17,2015-02-17,True,A-EXACT,7860.0,-0.0124418597492135,0.456221198156682,ex ex immedi releas contact timothi macphe vice presid investor relat telephon fax watt water technolog report fourth quarter full year result announc transform program full year record sale billion organ sale growth full year record adjust ep exclud aerco growth free cash flow gener prior year aerco acquisit success complet signific transform effort drive long term oper margin accret north andov mafebruari watt water technolog inc nyse wt today announc result fourth quarter year end decemb sale fourth quarter flat organ compar fourth quarter sale year end decemb increas organ compar year end decemb net incom loss per dilut share continu oper ep fourth quarter year end decemb respect compar fourth quarter year end decemb respect adjust ep fourth quarter year end decemb respect compar fourth quarter year end decemb respect refer tabl reconcili adjust special item arriv adjust result ep fourth quarter full year adjust result includ loss per dilut share aerco intern inc aerco compani recent acquisit refer tabl reconcili adjust aerco acquisit arriv adjust result ep exclud aerco summari fourth quarter full year financi result follow fourth quarter full year earn summari fourth quarter end decemb year end decemb million except per share inform chang chang sale net loss incom continu oper loss discontinu oper net loss incom dilut loss earn per share continu oper special item adjust earn per share adjust earn per share exclud aerco acquisit financi inform period period refer continu oper basi unless otherwis note organ sale growth exclud impact acquisit divestitur foreign exchang year year comparison reconcili discontinu oper gener accept account principl gaap non gaap reconcili provid attach financi tabl fourth quarter year date result retrospect revis alloc corpor cost discuss detail current report form date april fourth quarterful year highlight fourth quarter organ sale growth america asia pacif partial offset organ sale reduct europ middl east africa emea foreign exchang movement reduc sale million compar fourth quarter mostli associ declin euro us dollar decemb acquisit aerco contribut million consolid sale fourth quarter address current market condit commenc increment restructur initi emea restructur impair cost million incur fourth quarter includ million expect sever cost million non cash impair charg total expect cost variou new initi approxim million approxim million expect incur million annual save initi approxim million million expect save exclud aerco adjust oper margin decreas percentag point fourth quarter compar fourth quarter margin declin primarili due plant absorpt issu,554060d9fb5a4e4bec8b33c79270fd5011956ea0b33ffb572ec4eb7bf8a4edb7,2015-02-18,59.869998931884766,55.40999984741211,-0.0744947246374078,0.0022632770145796233,-0.07675800165198743,ok_market_adjusted,2015
3,HEJFE-A413A5AC6E515E3C,11547,13623,CNMD,2011-04-27 15:22:00,2011-04-28T11:00:00Z,2011-04-28,2011-04-28,True,A-EXACT,56280.0,0.0146434925289079,0.5325670498084292,ex ex ex news releas contact conm corpor robert shallish chief financi offic fd investor brian ritchi releas eastern april conm corpor announc first quarter financi result first quarter sale increas driven growth capit equip revenu oper margin expans help gener first quarter gaap non gaap ep increas respect confer call held et today utica new york april conm corpor nasdaq cnmd today announc financi result first quarter sale first quarter end march million compar million quarter increas gaap dilut earn per share grew compar first quarter non gaap dilut earn per share equal compar non gaap dilut earn per share first quarter increas discuss use non gaap financi measur compani present variou non gaap financi measur releas investor consid non gaap measur addit substitut superior financi perform measur prepar accord gaap pleas refer attach reconcili gaap non gaap financi measur deliv solid top line growth first quarter significantli exceed bottom line expect respect sale singl use arthroscopi devic grew first quarter lead increas dispos product categori capit equip product whole grew robust year year regard profit particular note increas oper profit cash flow result variou effici program oper margin percentag increas non gaap compar non gaap last year first quarter cash flow also strong result meaning growth cash reduct debt amount million equival quarter revenu comment mr joseph j corasanti presid chief execut offic intern sale first quarter million repres total sale foreign currenc exchang rate chang compar rate effect first quarter neglig impact sale cash provid oper total million time greater net incom primarili use reduc debt conm news releas continu page april outlook mr corasanti ad made consist measur progress last sever quarter implement strategi increas revenu profit new product gain traction cost effici action grown bottom line quarter quarter fluctuat remain possibl given today ever evolv busi environ clearli trend right direct respect second quarter compani expect revenu million non gaap dilut earn per share also reiter full year sale guidanc million non gaap earn per share guidanc non gaap estim exclud addit non cash interest expens compani convert bond restructur cost expect incur relat manufactur administr function sale earn expect base march currenc exchang rate take account currenc hedg enter compani conm estim currenc exposur hedg restructur cost first quarter compani continu consolid certain administr function continu transfer addit product line mexican manufactur facil expens associ activ includ sever reloc cost amount million charg includ,3f54947344e209f1445cb2cd3c65db05155281a3f6586cb7be77cf5b36c261c7,2011-04-29,28.809999465942383,28.079999923706055,-0.025338408738927343,0.0020147161878065756,-0.027353124926733918,ok_market_adjusted,2011
4,HEJFE-AC78A2434E4AE8FB,11599,14182,ACO,2013-04-25 14:40:00,2013-04-26T11:00:00Z,2013-04-26,2013-04-26,True,A-EXACT,58800.0,-0.0126927778143628,0.4857142857142857,ex amcol intern corpor nyse aco report first quarter result hoffman estat il marketwir april first quarter amcol intern corpor nyse aco gener dilut earn attribut sharehold continu oper per share versu per share prior year quarter quarter includ per share reorgan expens per share increas expens associ amend certain sec file net sale increas million million first quarter gross profit decreas million million gross profit margin decreas basi point oper profit decreas million oper profit margin decreas basi point sga expens increas million million includ million reorgan expens larg construct technolog segment million increas expens corpor segment relat amend certain sec file net compris expens decreas million prior year period includ million loss certain non oper asset effect tax rate first quarter compar prior year period continu see solid result energi servic offset continu soft sever end market perform materi construct technolog segment said amcol presid ceo ryan mckendrick sale gross margin declin perform materi compar lower sale drill fluid primari driver declin see gradual increas demand develop declin specialti materi sale reflect discontinu paper relat product well lower demand fabric care industri product soft pet product secur addit volum product line improv perform start mckendrick continu construct technolog segment sale declin primarili result lower sale line technolog product domest europ gross margin segment continu exceed due action reduc manufactur cost sga segment includ million non recur expens associ close reorgan sever european offic locat action continu second quarter outlook line technolog busi improv near term secur new order product contain recent develop proprietari technolog mckendrick ad mckendrick continu energi servic segment achiev record revenu quarter major revenu increas driven domest busi three largest domest servic area coil tube well test water treatment show nice increas also experienc strong growth domest nitrogen busi global special water treatment technolog contribut largest share growth intern locat continu perform line expect summari enter middl part year continu confid fundament busi continu execut strategi invest growth opportun reorgan exit busi unit fit strateg perform object conclud statement oper highlight statement oper highlight support quarterli segment result schedul includ press releas follow comment relat result current quarter compar quarter prior year unless otherwis note net sale net sale increas million increas energi servic segment dampen decreas perform materi construct technolog segment perform materi sale decreas mostli due activ domest european market domest experienc sale declin princip drill fluid addit specialti materi product previous highlight,1a653653dfad65a83a1fda683777a086882fb1ad203c289e99b1178c64af47f5,,,,,,,missing_stock_history,2013
5,HEJFE-EDFDC1213C9AF586,11896,14256,MXIM,2012-01-26 11:44:00,2012-01-26T21:00:00Z,2012-01-26,2012-01-26,True,A-EXACT,15360.0,,,,,,,,,,,,2012
6,HEJFE-4080E04F012A7290,12026,184603,QLIK,2015-02-12 15:39:00,2015-02-12T21:05:00Z,2015-02-12,2015-02-12,True,A-EXACT,1560.0,0.0100208485492706,0.6055045871559632,ex ex ex investor releas investor contact brett pollack email phone media contact maria scurri email phone qlik announc fourth quarter full year financi result fourth quarter total revenu million increas year year constant currenc fourth quarter licens revenu million increas year year constant currenc radnor pennsylvania februari qlik nasdaq qlik leader data discoveri deliv intuit solut self servic data visual guid analyt today announc financi result fourth quarter full year end decemb lar bjrk chief execut offic qlik state pleas fourth quarter result deliv revenu non gaap oper profit exceed expect success captur increas demand next gener bi solut believ well posit enter dual product strategi qlikview guid analyt qlik sens self servic bi open even opportun us fulfil compani complet bi requir focu year drive meaning revenu growth grow expens slower rate order realiz increment oper leverag financi highlight fourth quarter end decemb total revenu fourth quarter million increas million fourth quarter constant currenc basi total revenu increas compar fourth quarter licens revenu fourth quarter million increas million fourth quarter constant currenc basi licens revenu increas compar fourth quarter gaap incom oper fourth quarter million compar gaap incom oper million fourth quarter gaap net incom million fourth quarter per dilut common share compar gaap net incom million per dilut common share fourth quarter non gaap incom oper million fourth quarter increas compar non gaap incom oper million fourth quarter non gaap net incom million fourth quarter per dilut common share increas compar non gaap net incom million per dilut common share fourth quarter financi highlight full year end decemb total revenu full year million increas full year constant currenc basi total revenu increas compar full year licens revenu full year million increas full year constant currenc basi licens revenu increas compar full year gaap loss oper full year million compar gaap incom oper million full year gaap net loss full year million per dilut common share compar gaap net loss million per dilut common share full year non gaap incom oper million full year compar million full year non gaap net incom million per dilut common share full year compar million per dilut common share full year cash cash equival decemb million compar million decemb net cash provid oper activ million compar million oper highlight fourth quarter constant currenc basi total revenu america increas prior year period total revenu europ increas prior year period total revenu rest world,318f787256e18520b72aea92e7e508ebed06391be5ace7e1ed5971f8e368afc2,,,,,,,missing_stock_history,2015
7,HEJFE-D7BD84C255F2273D,12049,175503,GORO,2013-05-08 15:58:00,2013-05-08T21:27:00Z,2013-05-08,2013-05-08,True,A-EXACT,5340.0,-0.0049561099025755,0.4915254237288136,ex ex ex immedi releas news may nyse mkt goro gold resourc corpor report first quarter result maintain product outlook colorado spring may gold resourc corpor nyse mkt goro compani report product result first quarter end march ounc preciou metal gold equival aueq calcul actual sale price ratio gold resourc corpor low cost gold produc oper southern state oaxaca mexico compani return million sharehold monthli dividend sinc declar commerci product juli offer sharehold option convert cash dividend physic gold silver take deliveri highlight ounc mill product preciou metal gold equival aueq preciou metal aueq ounc sold million cash flow mine site oper accumul deficit reduc zero total cash cost per ounc aueq includ royalti net incom million per share dividend distribut million per share quarter overview result el aguila project gold resourc corpor el aguila project produc ounc preciou metal gold equival aueq total cash cost per aueq ounc realiz averag price per ounc gold per ounc silver sale first quarter gold silver price decreas respect first quarter cash flow mine site oper million compani paid million sharehold dividend first quarter track annual product target state gold resourc corpor presid mr jason reid point maintain product goal target rang preciou metal gold equival ounc mr reid continu first quarter mark mileston compani accumul deficit reduc zero achiev mileston distribut million sharehold speak effici capit deploy behalf sharehold tabl key product statist el aguila project three month end march product sale statist la arista underground mine three monthsend march product summari mill tonn mill tonn mill per day grade averag gold grade gt averag silver grade gt averag copper grade averag lead grade averag zinc grade recoveri averag gold recoveri averag silver recoveri averag copper recoveri averag lead recoveri averag zinc recoveri mill product payabl metal deduct gold oz silver oz copper tonn lead tonn zinc tonn payabl metal sold gold oz silver oz copper tonn lead tonn zinc tonn averag metal price realiz gold oz silver oz copper tonn lead tonn zinc tonn preciou metal gold equival ounc produc mill product gold ounc gold equival ounc silver total preciou metal gold equival ounc preciou metal gold equival ounc sold gold ounc gold equival ounc silver total preciou metal gold equival ounc total cash cost per preciou metal gold equival ounc sold mill product repres metal contain concentr produc mill payabl metal deduct levi buyer concentr reconcili non gaap measur mine,3b45a86a361efbe630ed472f1a9e97196de9e77f64b27a8a1b67b9435a2cae24,2013-05-09,5.599999904632568,5.599999904632568,0.0,-0.002379619260918231,0.002379619260918231,ok_market_adjusted,2013
8,HEJFE-AF58BD8CAE4E8D1C,12449,184700,FLT,2015-04-30 15:28:00,2015-04-30T20:01:00Z,2015-04-30,2015-04-30,True,B-EXACT,1980.0,0.0288806395833967,0.5148514851485149,ex ex ex fleetcor report first quarter financi result adjust net incom per share grow year year rais guidanc norcross ga april fleetcor technolog inc nyse flt lead global provid fuel card workforc payment product busi today report financi result first quarter end march report good first quarter result despit pretti unfavor macro environ importantli fundament strong organ revenu growth approxim quarter constant fuel price currenc spread basi said ron clark chairman chief execut offic fleetcor technolog inc rais full year guidanc reflect first quarter beat financi result first quarter gaap result total revenu increas million compar million first quarter compani report gaap net incom million per dilut share first quarter compar gaap net incom million per dilut share first quarter non gaap result adjust revenu revenu net less merchant commiss increas million compar million first quarter adjust net incom increas million compar million first quarter adjust net incom per dilut share increas compar first quarter fiscal year outlook first quarter anoth strong quarter compani despit signific macro econom headwind around foreign exchang rate declin fuel price aggreg macro econom headwind impact busi first quarter approxim million adjust revenu adjust net incom per dilut share said eric dey chief financi offic fleetcor technolog inc rais guidanc reflect strong first quarter result continu cautiou remaind year fiscal year fleetcor technolog inc rais financi guidanc follow total revenu million million chang prior guidanc adjust net incom million million previou guidanc rang million million adjust net incom per dilut share previou guidanc rang reconcili gaap result non gaap result provid attach addit supplement data provid segment inform provid compani fiscal year guidanc assumpt follow weight fuel price slightli averag balanc year us compar prior guidanc compar per gallon averag us approxim market spread assumpt remain approxim prior guidanc foreign exchang rate equal averag april april th neg impact revenu approxim million adjust net incom approxim adjust net incom per dilut share compar previou guidanc sv busi retain entir second quarter full year tax rate versu previou guidanc fulli dilut share outstand million share impact relat acquisit materi new partnership agreement alreadi disclos confer call compani host confer call discuss first quarter financi result today pm et host call ron clark chief execut offic eric dey chief financi offic confer call access live phone dial intern caller replay avail one hour call access dial intern caller confer id replay avail may call webcast live,1d09906340e7bce14b62eca9a5888fc3acfa7533b9730204f3cfda890488b7c7,,,,,,,missing_stock_history,2015
9,HEJFE-5E9AD5C9AD67944D,12639,185646,CSOD,2015-05-06 15:29:00,2015-05-06T20:01:00Z,2015-05-06,2015-05-06,True,B-EXACT,1920.0,0.0031865456975661,0.6761363636363636,ex fy cornerston ondemand announc first quarter financi result record first quarter revenu million year year record first quarter book million year year end quarter client million user santa monica calif may talent manag softwar provid cornerston ondemand inc nasdaq csod today announc result quarter end march revenu first quarter million repres increas compar period non gaap revenu first quarter million repres increas compar period book compani defin revenu plu chang defer revenu period million first quarter repres increas compar period defer revenu march million repres increas compar balanc march solid first quarter includ strong result asia pacif said adam miller compani presid ceo state art analyt capabl platform servic offer unveil annual client confer next week believ pois begin second act transform way organ empow peopl realiz potenti compani oper loss first quarter million yield oper loss margin compar oper loss million yield oper loss margin first quarter non gaap oper loss first quarter million yield non gaap oper loss margin compar non gaap oper loss million yield non gaap oper loss margin first quarter compani net loss first quarter million yield net loss margin net loss per share compar net loss million yield net loss margin net loss per share first quarter non gaap net loss first quarter million yield non gaap net loss margin non gaap net loss per share compar non gaap net loss million yield non gaap net loss margin non gaap net loss per share first quarter compani end quarter client million user book non gaap revenu non gaap oper loss non gaap oper loss margin non gaap net loss non gaap net loss margin non gaap net loss per share non gaap financi measur pleas see discuss section non gaap financi measur reconcili end releaseinclud contract client activ user enterpris mid market solut exclud cornerston salesforc cornerston growth editionquarterli confer call cornerston ondemand inc host confer call discuss first quarter result pm pt pm et today live audio webcast confer call togeth detail financi inform access compani investor relat web site live call access dial us outsid us referenc passcod replay call also avail via telephon pm pt may dial us outsid us referenc passcod cornerston ondemand cornerston ondemand inc leader cloud base applic talent manag solut help organ recruit train manag engag employe empow peopl increas workforc product base santa monica california solut use client worldwid span million user across countri languag,6fab3cd18bba9fcb07cacc193e6a62ce9d74a0f2b59bce3d7fa66139e4a55343,,,,,,,missing_stock_history,2015
10,HEJFE-12CC8075D3F634CD,12758,1439,ECOL,2013-04-24 15:07:00,2013-04-25T10:00:00Z,2013-04-25,2013-04-25,True,A-EXACT,53580.0,,,,,,,,,,,,2013
11,HEJFE-847F0EFE669B2440,12873,186520,P,2015-02-05 15:59:00,2015-02-05T21:02:00Z,2015-02-05,2015-02-05,True,A-EXACT,180.0,,,,,,,,,,,,2015
12,HEJFE-AF5106891E058D23,12924,184715,TNGO,2015-02-12 15:10:00,2015-02-12T21:05:00Z,2015-02-12,2015-02-12,True,A-EXACT,3300.0,0.0079997169259394,0.3648648648648649,ex ex immedi releas tango inc announc fourth quarter full year financi result fourth quarter highlight total revenu million gaap oper incom million non gaap oper incom million gaap ep non gaap ep adjust ebitda million adjust ebitda margin orang conn februari tango inc nasdaq tngo lead global provid connect lifecycl manag clm softwar relat servic today announc financi result fourth quarter full year end decemb fourth quarter made progress number key initi pleas abil exceed profit expect state al subbloi presid ceo tango tango deliv solid combin growth profit enhanc market leadership launch rollout new matrix connect lifecycl manag suit look forward believ compani well posit gain market share matrix suit add sever new connect type spend categori exist core fix mobil telecom spend includ cloud mm asset expens manag fourth quarter financi highlight revenu total revenu fourth quarter million increas year year basi recur technolog servic revenu million increas year year basi strateg consult softwar licens servic revenu contribut remain million total revenu fourth quarter oper incom gaap oper incom fourth quarter million compar million fourth quarter non gaap oper incom fourth quarter million compar million fourth quarter net incom gaap net incom fourth quarter million compar million period last year gaap dilut net incom per share fourth quarter base million weight averag dilut share outstand compar per share base million weight averag dilut share outstand period last year non gaap net incom fourth quarter million compar million fourth quarter non gaap dilut net incom per share fourth quarter base million weight averag dilut share outstand compar per share base million weight averag dilut share outstand period last year adjust ebitda adjust ebitda fourth quarter million compar million fourth quarter adjust ebitda margin fourth quarter compar margin period last year cash cash flow decemb tango cash cash equival million increas million end prior quarter primarili due cash gener quarter partial offset repurchas common stock quarter compani gener million net cash oper fourth quarter compar million fourth quarter compani gener million unlev free cash flow quarter compar million fourth quarter full year financi highlight revenu total revenu full year million increas year year basi recur technolog servic revenu million increas year year basi strateg consult softwar licens servic contribut remain million total revenu oper incom gaap oper incom full year million compar gaap oper incom million non gaap oper incom million compar million net incom gaap net incom full,1d9e581a270ebb13404b2aff0556ef241bc52a704ca9a9f9477ad3feafb48024,,,,,,,missing_stock_history,2015
13,HEJFE-6F0A7632D9B4FFF6,13105,192255,ACHC,2015-04-28 14:35:00,2015-04-28T20:00:00Z,2015-04-28,2015-04-28,True,B-EXACT,5100.0,0.0083909740966177,0.6254980079681275,ex acadia healthcar first quarter adjust ep increas revenu grow increas guidanc adjust earn per dilut share rang previou rang franklin tenn busi wire april acadia healthcar compani inc nasdaq achc today announc financi result first quarter end march revenu increas million million first quarter incom continu oper million per dilut share first quarter compar million per dilut share first quarter adjust incom continu oper increas million first quarter million first quarter adjust incom continu oper per dilut share increas adjust result exclud transact relat expens million million first quarter respect exclud slight gain foreign currenc deriv first quarter weight averag share outstand increas first quarter first quarter primarili due issuanc common stock june februari relat acquisit reconcili gaap non gaap financi result releas page acadia produc strong first quarter growth revenu adjust ep primarili reflect acquisit crc health group latest quarter partnership care pic juli said joey jacob chairman chief execut offic acadia aggreg complet six acquisit latest month end march bring inpati behavior health facil acadia bed well comprehens treatment facil ctc acquisit includ purchas qualiti addict manag also first quarter oper seven ctc also pleas report three addit acquisit thu far second quarter pastor healthcar choic lifestyl vista healthcar ad five facil bed oper unit kingdom result transact oper total facil uk approxim bed addit accret impact acquisit first quarter result reflect continu strong organ growth driven addit bed primarili exist facil latest month end march ad bed first quarter includ open bed de novo facil us addit bed exist facil uk acadia facil revenu increas quarter primarili due new bed ad facil base previou month well continu initi build revenu facil facil patient day grew first quarter revenu per patient day decreas growth facil revenu produc addit oper leverag combin effort improv facil product effici result basi point increas facil ebitda margin quarter acadia consolid adjust ebitda first quarter increas million million first quarter consolid adjust ebitda margin increas basi point acadia today increas guidanc adjust earn per dilut share rang previou rang compani guidanc includ impact futur acquisit transact relat expens acadia hold confer call discuss first quarter financi result eastern time wednesday april live webcast confer call avail investor relat section websit webcast confer call avail may risk factor news releas contain forward look statement gener word may could anticip expect intend estim plan continu believ neg variat similar express identifi forward look statement,3173cb2657512a39e679b357e9a1ac597bba52ab75d4361068be9b285d6d8a2f,2015-04-29,73.5,68.88999938964844,-0.06272109673947701,0.0009399968666770064,-0.06366109360615402,ok_market_adjusted,2015
14,HEJFE-05DE1473D5D7F7FB,13110,161036,MFRM,2015-03-19 15:55:00,2015-03-19T20:01:00Z,2015-03-19,2015-03-19,True,B-EXACT,360.0,0.0061575044613708,0.5900383141762452,ex ex immedi releas mattress firm announc fourth fiscal quarter full fiscal year financi result quarterli net sale increas prior year sixth consecut quarter posit compar store sale growth open acquir new store fourth fiscal quarter provid guidanc fiscal year houston march businesswir mattress firm hold corp compani nasdaq mfrm today announc financi result fourth fiscal quarter week full fiscal year week end februari net sale fourth fiscal quarter increas prior year million reflect compar store sale growth increment sale new acquir store compar store sale growth exclud benefit fifti third week compani report fourth fiscal quarter earn per dilut share ep gener accept account principl gaap basi ep non gaap adjust basi exclud acquisit relat cost secondari offer cost erp system implement cost fix asset impair cost adjust report sale result expect gaap adjust ep preliminari remain subject audit adjust file compani annual report form us secur exchang commiss compani expect report final fourth fiscal quarter full fiscal year result late march expect dilut ep gaap basi adjust basi reconcil tabl fourth fiscal quarter full fiscal year reconcili gaap adjust ep adjust cash ep see reconcili report gaap adjust statement oper data note thirteen week end fourteen week end fifti two week end fifti three week end januari februari januari februari gaap ep adjust acquisit relat cost secondari offer cost erp system implement cost expens adjust ep non cash adjust depreci amort expens stock base compens expens adjust cash ep due round nearest cent total may equal sum line tabl fiscal monument year compani drove net sale full year approxim repres year year compar store sale growth ad net new store nine gulf freeway houston tx phone fax acquisit organ store open state steve stagner mattress firm chief execut offic momentum weve gener year highlight effect growth plan reaffirm rel market share strategi mr stagner ad pleas report sixth consecut quarter posit compar store sale growth achiev deliber oper initi implement begin year deliv expect balanc posit result unit averag unit price simultan commenc integr multipl acquisit enthusiast overal impact acquisit collect busi date particularli posit sale result energi contribut legaci sleep train busi earli month focus consolid oper around three primari brick mortar brand mattress firm sleep train mattress pro allow us concentr enhanc profit across enterpris consist proven rel market share model mr stagner continu look forward enhanc posit nation largest mattress specialti retail preliminari fourth quarter,2e8fd16d1641f321d2e96a8efe26c01a7cc0a60dc6817a108c690c8494c75b6c,,,,,,,missing_stock_history,2015
15,HEJFE-87DDC59E7BB99A84,13284,177966,ALSN,2015-04-27 15:17:00,2015-04-27T20:10:00Z,2015-04-27,2015-04-27,True,A-EXACT,3180.0,-0.0009531031670238,0.3591160220994475,ex ex ex allison transmiss announc first quarter result net sale million adjust net incom million adjust ebitda million adjust free cash flow million per dilut share indianapoli april allison transmiss hold inc nyse alsn largest global provid commerci duti fulli automat transmiss today report net sale first quarter million percent increas period increas net sale princip driven continu recoveri north america highway end market higher demand north america highway end market price increas certain product partial offset lower demand end market adjust net incom non gaap financi measur quarter million compar adjust net incom million period increas million adjust ebitda non gaap financi measur quarter million percent net sale compar million percent net sale period exclud million technolog relat licens expens adjust ebitda first quarter million percent net sale adjust free cash flow non gaap financi measur quarter million per dilut share compar million period per dilut share lawrenc e dewey chairman presid chief execut offic allison transmiss comment first quarter result within full year guidanc rang provid market februari net sale improv year year basi sixth consecut quarter led continu recoveri north america highway end market higher demand north america highway end market price increas certain product partial offset lower demand end market first quarter allison start experi unfavor impact lower energi price global highway servic part support equip end market continu prudent well defin approach capit alloc first quarter settl million share repurchas pay dividend per share repay million debt commenc refinanc allison senior note due given increas level uncertainti lack near term visibl global highway servic part support equip end market updat full year net sale guidanc decreas rang percent year year execut sever initi align cost program across busi challeng end market demand condit first quarter net sale end market end market net salesm net salesm varianc north america highway north america hybrid propuls system transit bu north america highway defens outsid north america highway outsid north america highway servic part support equip total net sale first quarter highlight north america highway end market net sale percent period percent sequenti basi princip driven higher demand rug duti seri model north america hybrid propuls system transit bu end market net sale percent period princip driven lower demand due engin emiss improv non hybrid altern gener requir fulli automat transmiss eg xng flat sequenti north america highway end market net sale percent period princip driven higher demand,b8b10d27e99bfbec426789ea1fbee4cd8f83e3c054f5e7b06f34238e9c642f4d,2015-04-28,30.81999969482422,30.889999389648438,0.002271242554099606,0.00333646126577003,-0.0010652187116704237,ok_market_adjusted,2015
16,HEJFE-6C73B4B05384BC1E,13377,170335,PFPT,2013-04-25 15:00:00,2013-04-25T20:05:00Z,2013-04-25,2013-04-25,True,B-EXACT,3900.0,0.0099134884224246,,ex ex proofpoint announc first quarter financi result total revenu million year year bill million year year gaap ep loss non gaap ep loss gener oper cash flow million free cash flow million sunnyval calif april proofpoint inc nasdaq pfpt lead secur servic provid today announc financi result first quarter end march pleas strong first quarter perform abil meet exceed first quarter guidanc state gari steel chief execut offic proofpoint high level execut quarter driven continu high win rate strong renew expans exist custom ongo traction strateg partner steel continu continu leverag invest global sale infrastructur cloud base product portfolio demand integr secur platform remain robust worldwid proofpoint remain posit grow global market share custom continu replac legaci secur solut protect data first quarter financi highlight revenu total revenu first quarter million increas compar million prior year period within total revenu subscript revenu million increas year year basi hardwar servic revenu contribut remain million total revenu benefit complet larg servic contract contribut approxim million first quarter bill total bill million first quarter increas compar million first quarter compani defin bill non gaap financi measur revenu recogn period plu chang defer revenu begin end period gross profit gaap gross profit first quarter million compar million first quarter non gaap gross profit quarter million compar million year ago period non gaap gross margin first quarter compar period last year oper loss gaap oper loss first quarter million compar loss million first quarter last year non gaap oper loss first quarter million compar loss million period last year net loss gaap net loss first quarter million per share base million weight averag dilut share outstand compar gaap net loss million per share base million weight averag dilut share outstand prior year period non gaap net loss first quarter million per share base million weight averag dilut share outstand compar loss million per share base million weight averag dilut share outstand period last year adjust ebitda adjust ebitda first quarter neg million compar neg million first quarter cash cash flow march proofpoint cash cash equival short term invest million compar million decemb compani gener million net cash oper first quarter compar million first quarter compani gener million free cash flow quarter compar neg million first quarter reconcili gaap non gaap financi measur provid financi tabl includ press releas explan measur calcul also includ head non gaap financi measur first quarter recent busi highlight expand,b315d5c9c454d158131d02bab6012b04808c5b3f8b6db150c5c53bcf33009690,,,,,,,missing_stock_history,2013
17,HEJFE-DC66D5F2BDEC7C74,13447,171007,NOW,2015-01-28 13:31:00,2015-01-28T21:05:00Z,2015-01-28,2015-01-28,True,B-EXACT,9240.0,0.0007428207583794,0.4535519125683059,ex servicenow report financi result fourth quarter fiscal year fourth quarter revenu million fiscal year revenu million santa clara calif busi wire januari servicenow nyse enterpris cloud compani today announc financi result fourth quarter fiscal year fourth quarter result revenu million increas compar fourth quarter increas third quarter gaap net loss million loss per basic dilut share compar gaap net loss million loss per basic dilut share fourth quarter non gaap net incom million incom per basic dilut share compar non gaap net loss million loss per basic dilut share fourth quarter see tabl entitl result oper gaap non gaap reconcili reconcili gaap non gaap financi measur bill million increas million period last year increas million report previou quarter see tabl entitl non gaap bill reconcili reconcili non gaap bill gaap revenu defer revenu million increas million report end prior quarter ad net new custom bring total custom renew rate quarter upsel repres annual contract valu book quarter fiscal year result revenu million increas compar prior year gaap net loss million loss per basic dilut share compar gaap net loss million loss per basic dilut share prior year non gaap net loss million loss per basic dilut share compar non gaap net loss million loss per basic dilut share prior year see tabl entitl result oper gaap non gaap reconcili reconcili gaap non gaap financi measur sign billion total contract valu increas prior year bill million increas million report prior year see tabl entitl non gaap bill reconcili reconcili non gaap bill gaap revenu combin backlog defer revenu end year total billion grow year year compar year year growth backlog repres futur amount invoic agreement includ defer revenu finish strong metric across board maintain consist high year year growth rate said frank slootman presid chief execut offic servicenow addit grow list new custom includ global continu see exist custom expand relationship us result highest quarterli upsel rate sinc ipo total number custom pay million annual contract valu increas year year said michael scarpelli chief financi offic servicenow within global annual contract valu per custom increas year year expand contract help us grow combin backlog defer revenu year year financi outlook financi guidanc discuss non gaap basi except revenu exclud stock base compens expens amort purchas intang acquisit relat expens see tabl reconcil non gaap financi measur relat gaap measur neg number shown parenthes first quarter expect total revenu million repres,9a0f376830352b62582db87f1a02fd1fc7b4bb84e15db088c403642ac0189644,2015-01-29,14.609999656677246,14.776000022888184,0.011362106099370717,0.008040533098358837,0.0033215730010118794,ok_market_adjusted,2015
18,HEJFE-47A3794D1C360650,13447,171007,NOW,2015-04-16 14:33:00,2015-04-16T20:06:00Z,2015-04-16,2015-04-16,True,A-EXACT,5580.0,-0.0008453175469688,0.5821596244131455,ex servicenow report financi result first quarter santa clara calif busi wire april servicenow nyse enterpris cloud compani today announc financi result first quarter first quarter result revenu million increas year year constant currenc gaap net loss million loss per basic dilut share compar gaap net loss million loss per basic dilut share first quarter non gaap net incom million incom per basic share per dilut share compar non gaap net loss million loss per basic dilut share first quarter bill million increas year year constant currenc ad net new global custom bring total reconcili gaap non gaap financi measur pleas see tabl entitl result oper gaap non gaap reconcili includ end releas solid start head knowledg annual confer said frank slootman presid chief execut offic servicenow close eight new deal quarter annual contract valu excess million ad net new global custom quarter said michael scarpelli chief financi offic servicenow also continu penetr exist custom base annual contract valu per global custom increas period last year financi outlook financi guidanc discuss non gaap basi except revenu exclud stock base compens expens amort purchas intang acquisit relat expens pleas see tabl includ end releas reconcili non gaap financi measur relat gaap financi measur neg number shown parenthes second quarter expect total revenu million repres year year growth total second quarter revenu estim consist subscript revenu million profession servic revenu million bill million repres year year growth subscript gross margin approxim profession servic gross margin exclud knowledg revenu approxim overal gross margin approxim oper loss approxim million includ net expens million relat knowledg free cash flow approxim million full year expect total revenu rang million billion repres year year growth total annual revenu estim consist subscript revenu million profession servic revenu million updat sinc last earn releas servicenow acquir intri team expert focus integr enterpris govern risk complianc solut servic manag across enterpris environ quarter servicenow releas latest cloud base softwar extend servic manag across enterpris legal market financ confer call detail confer call begin pm pacif time gmt thursday april interest parti may listen call dial passcod outsid north america dial passcod individu may access live teleconfer investor relat section servicenow websit audio replay confer call webcast avail two hour complet access day hear replay interest parti may go investor relat section servicenow websit dial passcod outsid north america dial passcod statement regard use non gaap financi measur compani report non,bd755b24b0a902af98af1094830d354bc3d729294e37a411811580fcb703f1b8,2015-04-17,14.949999809265137,14.657999992370605,-0.019531760576583235,-0.004784688995215336,-0.014747071581367899,ok_market_adjusted,2015
19,HEJFE-9B84208BA575EAC4,13687,111873,RH,2015-03-26 15:41:00,2015-03-26T20:04:00Z,2015-03-26,2015-03-26,True,A-EXACT,1380.0,0.0024080105441054,0.647887323943662,ex ex ex rh report record fourth quarter fiscal year financi result compar brand revenu growth top last year adjust dilut ep compar last year fiscal mark th consecut year plu compar brand revenu growth adjust oper margin expand basi point adjust net incom increas compani expect fiscal oper margin reach adjust dilut ep rang net revenu rang billion billion cort madera camarch rh restor hardwar hold incnys rh today announc record financi result fourth quarter fiscal year end januari compani also post video present highlight continu evolut recent perform rh investor relat websit fourth quarter highlight net revenu increas top increas last year compar brand revenu increas top increas last year adjust oper margin increas basi point gaap oper margin compar period last year adjust net incom increas million gaap net incom million compar million period last year adjust dilut ep increas gaap dilut ep compar period last year fiscal year highlight net revenu increas top increas last year compar brand revenu increas top increas last year adjust oper margin increas basi point gaap oper margin compar period last year adjust net incom increas million gaap net incom million compar million period last year adjust dilut ep increas gaap dilut ep compar period last year gari friedman chairman chief execut offic comment rh continu outperform home furnish industri wide margin fiscal mark rh fifth consecut year net revenu growth excess averag approxim net revenu growth period four year least compar brand revenu growth rh achiev compar brand revenu growth fiscal mileston unseen amongst home furnish peer fiscal adjust oper margin increas adjust net incom increas reflect qualiti earn growth primarili driven basi point expans gross margin demonstr power multi channel busi model mr friedman ad pleas initi trend perform first next gener design galleri rh atlantath galleri estat buckhead rh atlanta first galleri showcas current concept rh interior rh small space rh babi child rh outdoor earli indic strong expect atlanta perform acceler continu add futur new busi rh kitchen two new yet disclos concept announc later year mr friedman continu neg impact west coast port disrupt first quarter year believ point revenu earn record first quarter fiscal shift forward posit effect second quarter mr friedman conclud fiscal bridg year rhwith revenu growth target mid teen reacceler long term goal real estat transform step fiscal guid revenu long term target guid adjust net incom growth rang long term target,9e81cf41db7e6254582f28e2132201672b10c3341d1c27b92146a34d3bdafd89,2015-03-27,90.72000122070312,96.91999816894531,0.06834211711658678,0.0029455869751500163,0.06539653014143676,ok_market_adjusted,2015
20,HEJFE-DF726FADF321F8E3,13936,8551,PVH,2015-03-25 15:18:00,2015-03-25T20:01:00Z,2015-03-25,2015-03-25,True,B-EXACT,2580.0,-0.0011803544588183,0.4708171206225681,ex exqk pvh corp madison avenuenew york ny immedi releas march contact dana perlmantreasur senior vice presid busi develop investor relat corp report fourth quarter full year result announc outlook fourth quarter ep non gaap basi match top end guidanc includ neg impact relat foreign currenc exchang rate gaap ep compani provid preliminari non gaap ep guidanc reflect expect neg impact approxim per share primarili relat foreign currenc exchang ratesnew york new york pvh corp nyse pvh report fourth quarter full year result announc guidancenon gaap amount non gaap amount discuss releas exclud item describ releas head non gaap exclus reconcili gaap non gaap amount constant currenc amount present later releas identifi quantifi exclud item overview fourth quarter result earn per share non gaap basi increas includ neg impact relat foreign currenc exchang rate earn per share non gaap basi prior year fourth quarter gaap earn per share compar prior year fourth quarter loss per share revenu increas constant currenc basi increas gaap basi prior year fourth quarter revenu billion revenu chang busi prior year period includ increas calvin klein busi constant currenc basi increas gaap basi ii increas tommi hilfig busi constant currenc basi increas gaap basi iii decreas heritag brand busi ceo comment comment result emanuel chirico chairman chief execut offic note overal pleas fourth quarter result match top end earn guidanc despit highli challeng market environ foreign currenc headwind calvin klein tommi hilfig busi deliv improv year year result driven strength global consum appeal year action pvh follow invest initi center peopl product infrastructur suppli chain distribut also announc exit izod retail busi end focu higher margin businessesmr chirico continu look ahead take prudent approach plan busi strength us dollar rel major currenc conduct busi volatil global macroeconom environ expect signific neg impact result nonetheless expect global lifestyl brand calvin klein tommi hilfig continu demonstr strong underli perform global mr chirico conclud remain commit maxim potenti busi believ strength brand togeth strateg invest made along strong balanc sheet continu debt repay posit us deliv long term global growth stockhold valuefourth quarter busi review calvin kleinrevenu calvin klein busi quarter increas constant currenc basi increas gaap basi million prior year fourth quarter calvin klein north america revenu increas driven growth wholesal busi coupl squar footag expans compani oper retail store underwear busi experienc strong momentum depart store channel help fuel overal growth wholesal busi north america retail compar,6ba07893ef411ced935d6b3610504c83983809233acfd60d776d8bf125ccae2e,2015-03-26,104.66999816894531,104.55999755859375,-0.0010509277947441387,0.0015008576329331724,-0.002551785427677311,ok_market_adjusted,2015
21,HEJFE-EBC49B9A024181AD,14231,18689,VEEV,2015-03-03 13:31:00,2015-03-03T21:03:00Z,2015-03-03,2015-03-03,True,A-EXACT,9120.0,0.0039747458044057,0.6231884057971014,ex veeva announc fourth quarter fiscal year result fiscal year total revenu year year total revenu year year fiscal year subscript servic revenu year year subscript servic revenu year year pleasanton calif busi wire march veeva system inc nyse veev lead provid industri cloud solut life scienc today announc result fiscal fourth quarter fiscal year end januari anoth strong year veeva execut well goal becom grow billion dollar industri cloud compani said ceo peter gassner expand solut continu deliv extraordinari valu one world largest industri veeva crm lead industri multichannel veeva vault becom standard content manag life scienc veeva network emerg key solut address custom data challeng well posit deliv anoth solid year financi result success custom fiscal fourth quarter result revenu total revenu fourth quarter million million one year ago increas year year subscript servic revenu million million one year ago increas year year net incom non gaap net incom fourth quarter net incom million compar million one year ago increas year year non gaap net incom fourth quarter million compar million one year ago increas year year net incom per share non gaap net incom per share fourth quarter fulli dilut net incom per share non gaap fulli dilut net incom per share fiscal year result revenu total revenu fiscal year end januari million million year prior increas subscript servic revenu million million year prior increas net incom non gaap net incom fiscal year net incom million compar million year prior increas non gaap net incom fiscal year million compar million year prior increas net incom per share non gaap net incom per share fiscal year fulli dilut net incom per share non gaap fulli dilut net incom per share dedic custom success drove outstand subscript servic revenu retent rate year said cfo tim cabral veeva uniqu combin growth profit cash flow stem valu industri specif cloud solut abl drive custom fiscal year recent highlight expand custom base growth across product line veeva end fiscal year total custom last year repres strong growth across product line veeva crm custom veeva vault custom veeva network custom close fiscal year make multichannel crm realiti industri veeva brought multichannel industri tripl veeva crm approv email custom count year launch new offer support digit engag fourth quarter saw notabl global veeva crm project start two top pharma custom deploy veeva crm multichannel capabl becom standard content manag life scienc veeva continu gain,55e189681148c03e16443e48f076dacee6b71381ffb254bee10b47f5c55cf4f7,2015-03-04,27.700000762939453,25.719999313354492,-0.0714801947671444,-0.0007867407951327454,-0.07069345397201166,ok_market_adjusted,2015
22,HEJFE-1950A4340036BB95,15456,11584,FL,2011-08-18 15:43:00,2011-08-18T20:45:00Z,2011-08-18,2011-08-18,True,A-EXACT,3720.0,0.0052072283789479,0.4382978723404255,ex cex contact john maurer vice presid treasur investor relat foot locker inc foot locker inc report second quarter result net incom per share versu per share last year compar store sale increas percent gross margin increas basi point sixth consecut quarter sale profit growth versu compar prior year period new york ny august foot locker inc nyse fl new york base specialti athlet retail today report financi result second quarter end juli second quarter result net incom compani second quarter end juli million per share compar net incom million per share last year second quarter sale increas percent million year compar sale million correspond prior year period second quarter compar store sale increas percent exclud effect foreign currenc fluctuat total sale second quarter increas percent associ worldwid excel job execut initi strateg plan said ken c hick chairman chief execut offic foot locker inc result abl deliv strong sale profit result second quarter includ compar store sale gain percent earn cent per share addit outstand second quarter result also pleas report sixth consecut quarter sale profit growth versu compar prior year period result longer time period encourag us believ right strategi place creat sharehold valu sustain basi year date result net incom compani first six month year increas percent million per share compar net incom million per share correspond period last year year date sale increas percent million compar sale million last year year date compar store sale increas percent exclud effect foreign currenc fluctuat total sale year date increas percent financi posit compani merchandis inventori end second quarter million percent higher end second quarter last year second quarter compani repurchas approxim million share common stock million compani million share repurchas program year date compani repurchas approxim million share common stock million foot locker inc west th street new york ny juli compani cash short term invest total million debt balanc sheet million compani total cash posit net debt million higher time last year store base updatedur first six month year compani open new store remodeledreloc store close store juli compani oper store countri north america europ australia new zealand addit franchis store oper middl east south korea compani host live confer call et friday august discuss result provid comment current busi environ trend confer call may access live investor relat section foot locker inc websit confer call avail webcast replay pm friday august disclosur regard forward look statement,416fb6b7acebd53ed6e77f4ab834e2d7a6725eaba577283bb03c8483f9777d85,,,,,,,missing_stock_history,2011
23,HEJFE-B704E62641681A73,16432,5234,GT,2011-07-27 15:59:00,2011-07-28T12:00:00Z,2011-07-28,2011-07-28,True,A-EXACT,57660.0,0.0106035016635645,0.3807106598984772,ex ex ex news releas corpor headquart east market street akron ohio media websit media contact keith price analyst contact gregori fritz immedi releas goodyear report higher second quarter earn sale growth sale billion record quarter pricemix improv drove revenu per tire last year segment oper incom million second quarter record north american tire progress continu oper incom million akron ohio juli goodyear tire rubber compani today report record sale higher earn second quarter im pleas outstand second quarter result repres anoth step path toward target said richard j kramer chairman chief execut offic present confirm strategi right work ad earn growth north america key outcom strategi north american tire second quarter result show type perform abl sustain reach target kramer said goodyear second quarter sale billion percent year ago highest ever achiev compani quarter tire unit volum total million percent primarili reflect weaker industri volum particularli north american consum tire busi second quarter sale also reflect strong pricemix improv drove revenu per tire percent quarter exclud impact foreign currenc translat busi continu make solid progress drive improv pricemix innov product offer target market segment kramer said second quarter sale also impact million increas sale tire relat busi primarili north america favor foreign currenc translat million compani segment oper incom million second quarter million year ago quarter second quarter record segment oper incom reflect improv pricemix million offset million higher raw materi cost million net raw materi cost reduct action goodyear second quarter net incom avail common sharehold million cent per share compar million cent per share quarter per share amount dilut second quarter includ total charg million cent per share due ration asset write off acceler depreci financ fee million cent per share relat earli partial redempt senior note million cent per share relat discret tax charg million cent per share cost relat tornado damag manufactur facil gain million cent per share asset sale amount tax minor interest see tabl end releas list signific item impact quarter busi segment result see note end releas explan segment oper incom reconcili tabl north american tire second quarter six month million tire unit sale segment oper incom segment oper margin north american tire second quarter sale increas percent last year billion second quarter record sale reflect improv pricemix drove percent increas revenu per tire exclud impact foreign currenc translat compar second quarter origin equip unit volum decreas percent replac tire shipment percent,497528fa5824ea3c0ca149d4ec8e50a7df9ae50ea6b55524260f134b653edb66,2011-07-29,15.720000267028809,16.170000076293945,0.028625941578955816,0.0032222426809058735,0.025403698898049942,ok_market_adjusted,2011
24,HEJFE-95933AA0B84D2F60,18542,2817,CAT,2012-01-25 14:35:00,2012-01-26T12:30:00Z,2012-01-26,2012-01-26,True,A-EXACT,60900.0,0.0347990399642427,0.6829268292682926,ex ex caterpillar inc earn releas januari immedi releas caterpillar report record sale profit fourth quarter full year profit percent momentum carri sale revenu outlook rais billion peoria ill driven outstand execut stronger global demand caterpillar inc nyse cat deliv record break sale revenu billion increas percent billion profit billion increas percent billion profit per share percent exclud impact acquisit bucyru intern inc bucyru profit per share percent year ago fourth quarter sale revenu time quarterli record billion increas percent compar billion fourth quarter fourth quarter profit billion compar million fourth quarter profit per share percent higher per share fourth quarter strategi squar focus custom employe supplier dealer deliv improv product qualiti invest significantli manufactur capac product develop improv market posit complet two larg acquisitionsbucyru motoren werk mannheim hold gmbh mwmin import growth industri great strateg fit provid custom even broader rang product said caterpillar chairman chief execut offic doug oberhelman also deliv stockhold outstand financi result beat previou profit record per share percent great year cash gener well machineri power system mp oper cash flow near billionour best year ever oberhelman ad increas sale revenu largest percentag increas year sinc much driven demand caterpillar product servic outsid unit state result record break year us export nearli billion support thousand job unit state demonstr tangibl benefit free trade sale export growth creat job unit state around world includ acquisit global workforc grew sinc start increas workforc job unit state oberhelman ad accomplish strong growth industri serv focu execut updat strategi provid foundat record break financi result strategi center oper excel drive valu custom improv wide rang oper area around compani caterpillar product system cp way life caterpillar princip driver improv safeti qualiti veloc effici continu improv area achiev new record mani area safeti workforc contractor visitor fundament valu caterpillar pleas enterpris safeti metric improv percent improv safeti perform sinc product qualiti import custom continu see meaning improv product reliabl given sizabl increas demand stretch factori supplier produc result outstand abl significantli increas product improv time deliveri perform thank supplier remark year support busi mani product demand strong capac throughout year factori around world along mani supplier invest product capac support custom despit increas capac expect addit still tight mani product current quot extend deliveri time product exampl quot deliveri time mani model larg truck saw signific new product introduct relat new emiss requir unit state europ continu extens new product,8705bd0a0ab7d2273f4d068e5c59c38696863668feb04c378ff01942bd33e5c3,2012-01-27,110.52999877929688,111.27999877929688,0.0067854881777169584,0.004380475594493172,0.0024050125832237867,ok_market_adjusted,2012
25,HEJFE-A9D220DE2F7E7FC3,19350,3835,DE,2015-02-19 15:40:00,2015-02-20T12:00:00Z,2015-02-20,2015-02-20,True,A-EXACT,55200.0,-0.003906530301621,0.4878048780487805,ex ex file herewith news releas contact ken golden director global public relat deer announc first quarter earn million weaker condit global farm economi contribut lower result construct forestri financi servic oper higher profit progress shown manag cost asset molin illinoi februari net incom attribut deer compani million per share first quarter end januari compar million per share period last year worldwid net sale revenu first quarter decreas percent billion compar billion last year net sale equip oper billion quarter compar billion year ago deer first quarter perform reflect sluggish condit global farm sector reduc demand agricultur machineri particularli larger model led lower sale incom said samuel r allen chairman chief execut offic time construct forestri financi servic divis higher profit show benefit well round busi lineup deer result also demonstr progress weve made creat flexibl respons cost structur summari oper net sale worldwid equip oper declin percent quarter sale includ price realiz percent unfavor currenc translat effect percent equip net sale unit state canada decreas percent outsid us canada net sale percent unfavor currenc translat effect percent deer equip oper report oper profit million quarter compar million last year declin quarter due primarili lower shipment volum impact less favor product mix partial offset lower sell administr gener expens price realiz net incom deer announc first quarter earn compani equip oper million quarter compar million financi servic report net incom attribut deer compani million quarter compar million last year improv primarili due growth credit portfolio higher insur margin partial offset less favor financ spread last year result also benefit favor effect tax rate compani outlook summari compani equip sale project decreas percent fiscal percent second quarter compar year ago period includ forecast neg currenc translat effect percent full year percent second quarter fiscal net incom attribut deer compani anticip billion even continu pullback agricultur sector john deer expect remain solidli profit allen said forecast reflect level result much better weve experienc previou downturn illustr success establish wider rang revenu sourc durabl busi model longer term compani futur continu hold great promis custom investor allen said global popul growth rise live standard power trend larg unaffect period swing farm economi time deer plan reach new market custom group make progress reason remain confid compani abil deliv solid return throughout busi cycl benefit world need product equip futur equip divis perform agricultur turf sale decreas percent quarter due larg lower shipment volum,c7ca5ef4668a3a809c5b4755bd1ac817fe531717b79134c0b95b10151c4356eb,2015-02-23,92.02999877929688,90.9800033569336,-0.011409273457466229,0.0013078733978550972,-0.012717146855321326,ok_market_adjusted,2015
26,HEJFE-45E6DA32B37F83D4,19561,2285,BA,2012-01-24 15:19:00,2012-01-25T12:30:00Z,2012-01-25,2012-01-25,True,A-EXACT,58260.0,0.0120218173786037,0.5159817351598174,ex ex ex news releas boe corpor offic north riversid plaza chicago il boe report strong fourth quarter result provid guidanc fourth quarter earn per share rose driven strong core perform ep includ favor tax settlement compar revenu rose billion increas commerci airplan deliveri full year earn per share increas percent record revenu billion oper cash flow increas percent billion backlog grew record billion includ billion order year outlook ep guidanc reflect strong oper perform offset higher pension expens revenu guidanc establish billion oper cash flow guidanc set greater billion includ billion discretionari pension contribut tabl summari financi result fourth quarter full year dollar million except per share data chang chang revenu earn oper oper margin pt pt net incom earn per share oper cash flow nm chicago jan boe compani nyse ba report fourth quarter net incom rose billion per share revenu billion result reflect continu strong core perform across compani busi per share impact relat favor tax settlement higher pension expens tabl fourth quarter result includ per share favor tax settlement net incom full year increas billion per share revenu billion includ impact favor tax settlement per share year full year result includ per share favor tax settlement per share tax charg result health care legisl earn guidanc establish per share reflect solid core perform higher pension expens revenu guidanc billion strong fourth quarter oper perform record revenu backlog expand earn cash flow cap year substanti progress boe said jim mcnerney boe chairman presid chief execut offic major accomplish team year includ certifi deliv first win us air forc tanker program launch max secur import us missil defens contract key agreement saudi arabia enter renew momentum proven busi product strategi record backlog intens focu product well posit deliv growth increas competit even face constrain us defens spend pension headwind prioriti year continu disciplin increas product rate commerci airplan custom build strong posit defens space secur aggress pursuit growth core adjac intern market said tabl cash flow fourth quarter full year million oper cash flow less addit properti plant equip free cash flow non gaap measur complet definit boe use non gaap measur identifi asterisk found page non gaap measur disclosur boe quarterli oper cash flow billion strong oper perform offset continu invest program full year oper cash flow billion free cash flow billion quarter tabl tabl cash market secur debt balanc quarter end billion q cash market secur,8f064f0b8a14ca891203b88903e035e27abb30a428d7f793039baad210a69fd9,2012-01-26,75.83999633789062,75.30999755859375,-0.0069883808661536095,-0.009516256938937317,0.002527876072783708,ok_market_adjusted,2012
27,HEJFE-E1B57B6A71B06A7F,20204,3580,CR,2015-04-27 15:39:00,2015-04-27T21:38:00Z,2015-04-27,2015-04-27,True,A-EXACT,7140.0,-0.0029352464750661,0.549738219895288,ex ex ex press releas crane co news contact jason feldman director investor relat crane co report first quarter result updat ep guidancefirst quarter highlight exclud special item earn per dilut share ep decreas compar gaap ep increas compar sale million declin compar core sale slightli impact unfavor foreign exchang reduc ep guidanc exclud special item sole reflect impact foreign exchang revis gaap ep guidanc complet million share repurchas first quarter stamford connecticut april crane co nyse cr diversifi manufactur highli engin industri product report first quarter earn per dilut share compar per share first quarter first quarter result includ special item million tax charg per dilut share first quarter result includ special item million tax charg per dilut share exclud special item year first quarter earn per dilut share compar first quarter pleas see attach non gaap financi measur tabl special item first quarter includ million tax charg per share relat reposit activ million per share tax restructur integr relat charg associ mei acquisit special item first quarter includ tax charg million per share relat acquisit mei tax charg million per share relat reposit activ first quarter sale million decreas compar million first quarter sale declin compris million impact unfavor foreign exchang divestitur impact million partial offset slightli posit core sale growth millionoper profit first quarter increas million compar first quarter exclud special item first quarter oper profit decreas million compar first quarter pleas see attach non gaap financi measur tabl quarter develop expect said max mitchel crane co presid chief execut offic depress demand across fluid handl end market consist year end outlook particularli pleas improv organ growth payment merchandis technolog full year expect organ growth margin perform unchang view provid februari investor day howev given sustain strength us dollar updat guidanc reflect foreign exchang rate end march reduc full year ep expect segment resultsal comparison detail section refer oper result first quarter versu first quarter exclud special itemsfluid handl first quarter changedollar million sale oper profit oper profit special item profit margin profit margin special item pleas see attach non gaap financi measur tabl sale decreas million driven million unfavor foreign exchang million core sale declin million divestitur impact adjust oper margin declin primarili reflect impact lower volum neg product mix unfavor foreign exchang fluid handl order backlog million march compar million decemb adjust small divestitur impact compar backlog million march payment merchandis technolog first quarter changedollar,43c870a26d4888a493e3615e223c1cc0aed9b1dcf4dec6d4600b0eeb406ee4bf,,,,,,,missing_stock_history,2015
28,HEJFE-B9C8B3D0EF3DCB5E,20512,2596,CACI,2015-04-29 14:54:00,2015-04-29T20:05:00Z,2015-04-29,2015-04-29,True,A-EXACT,4260.0,-0.0181657124003888,0.5669014084507042,ex caci report result fiscal third quarter oper cash flow million contract fund order million percent higher year year contract award million nearli billion year date fund backlog billion percent higher year year arlington va busi wire april caci intern nyse mkt caci lead inform solut servic provid feder govern announc result today third fiscal quarter end march ceo commentari outlook ken asburi caci presid ceo said third quarter fiscal year continu win new busi deliv oper excel deploy capit growth opportun strong contract award fund order despit continu delay award decis protest impact start new work financi perform work offic personnel manag opm continu grow track expect also acquir ltc engin associ deepen bench highli skill profession expand offer cisr cyber market area confid competit postur solut support custom endur critic mission counter threat home around world confid strategi believ well posit solid fourth quarter start fy third quarter result million except per share data fy fy chang revenu oper incom net incom attribut caci dilut earn per share revenu third quarter fiscal year fy decreas percent compar third quarter fiscal year fy maintain direct labor base quarter direct cost declin due reduct subcontract labor direct cost result gener feder govern budget relat activ decreas oper incom result aforement budget relat activ offset lower indirect cost sell expens occur ongo cost control action lesser decreas dilut earn per share compar decreas net incom due fewer dilut share result pay convert note may cash provid oper quarter million addit financi metric fy fy chang earn interest tax depreci amort ebitda non gaap measur million dilut adjust earn per share non gaap measur day sale outstand third quarter award contract fund order contract award million third quarter fy compar million contract award third quarter fy approxim percent award quarter new busi contract award first nine month fy nearli billion award quarter includ million three year task order provid engin technic support us armi softwar engin center new work us expand presenc cisr logist materi readi market area million one year task order continu provid engin support includ model simul sensor develop us armi night vision electron sensor director work sustain busi cisr market area million five year contract provid rapid prototyp technolog insert support us armi commun electron research develop engin center continu work reinforc busi cisr market area million five year contract provid weapon system support includ test evalu inform,02eddec0b517a4015ce7f44ea083c44f4f5a42ddcf0dd7bf352aa7806e918e5b,2015-04-30,88.98999786376953,88.23999786376953,-0.00842791345099414,-0.006752512562814061,-0.0016754008881800786,ok_market_adjusted,2015
29,HEJFE-ED8CFC03F1053B9A,20670,2615,CAMP,2013-04-25 15:48:00,2013-04-25T20:01:00Z,2013-04-25,2013-04-25,True,A-EXACT,780.0,,,,,,,,,,,,2013
30,HEJFE-B5A8A297D14CD19D,23579,10519,TXT,2015-04-27 15:34:00,2015-04-28T10:30:00Z,2015-04-28,2015-04-28,True,A-EXACT,53760.0,0.0027902477944077,0.4438502673796791,ex ex corpor commun depart news releas investor contact dougla wilburn robert bridg immedi releas media contact david sylvestr textron report first quarter incom continu oper per share revenu provid rhode island april textron inc nyse txt today report first quarter incom continu oper per share percent per share first quarter revenu quarter billion percent compar billion first quarter textron segment profit quarter million million first quarter first quarter manufactur cash flow pension contribut reflect use cash million compar use cash million last year first quarter revenu textron aviat industri quarter revenu bell textron system expect said textron chairman ceo scott c donnelli oper achiev signific margin improv textron aviat industri reflect strong perform segment donnelli continu expect militari deliveri would bell year medium segment commerci helicopt market remain soft result adjust product level take addit cost action allow bell perform within target segment margin rang percent compani expect net impact bell cost action lower commerci revenu textron expect earn cash flow offset stronger result textron aviat industri outlook textron confirm earn per share continu oper guidanc expect cash flow continu oper manufactur group pension contribut million plan pension contribut million first quarter segment result textron aviat revenu textron aviat million primarili reflect impact beechcraft acquisit textron aviat deliv new jet quarter compar jet last year first quarter king air turboprop textron aviat record segment profit million first quarter compar million year ago increas primarili due improv perform reflect impact beechcraft acquisit higher volum textron aviat backlog end first quarter billion million end fourth quarter bell bell revenu decreas million primarili result lower deliveri bell deliv quarter compar last year first quarter commerci helicopt compar unit last year segment profit decreas million primarili due lower volum unfavor mix commerci aircraft deliveri bell backlog end first quarter billion million end fourth quarter textron system revenu textron system decreas million primarili due lower marin land system volum segment profit million reflect lower volum textron system backlog end first quarter billion million end fourth quarter industri industri revenu increas million due higher overal volum impact acquisit partial offset million unfavor year year impact foreign exchang segment profit increas million reflect higher volum financ financ segment revenu decreas million segment profit increas million confer call inform textron host confer call today april eastern discuss result outlook call avail via webcast direct dial us outsid us request textron earn call addit call record avail playback,7e3e00c00b5c25aabc3c758be6c04b566118e3d697fce18a85c03f79f4d6b990,2015-04-29,44.209999084472656,44.15999984741211,-0.0011309486110825384,0.0009399968666770064,-0.002070945477759545,ok_market_adjusted,2015
31,HEJFE-6101FFEDBA6EE41B,23835,6867,MDU,2015-02-02 14:47:00,2015-02-02T22:30:00Z,2015-02-02,2015-02-02,True,B-EXACT,9780.0,-0.0164959108566546,0.6690140845070423,ex mdu earn releas wdesk ye earn news releas mdu resourc report higher earn initi guidanc construct servic report second consecut year record earn construct materi higher earn util plan record capit invest program next five year pipelin energi servic earn improv substanti diesel refineri begin commerci product second quarter compani substanti invest opportun plan record capit expenditur billion next five yearsbismarck nd feb mdu resourc group inc nyse mdu today report consolid gaap earn million per share compar million per share consolid gaap earn fourth quarter million cent per share compar earn million cent per share solid perform busi unit testament manag team employe abil execut even light challeng present lower commod price unfavor weather impact said david l goodin presid ceo mdu resourc group look forward focus execut busi plan invest opportun util pipelin energi servic construct oper also determin appropri time begin market explor product businessbecaus compani strateg decis market explor product busi releas adjust earn adjust earn guidanc defin result util pipelin energi servic construct busi earn adjust certain item exclud result explor product busi gaap earn gaap earn guidanc infor consolid adjust earn million per share compar million per share consolid adjust earn fourth quarter million cent per share compar million cent per share fourth quarter consolid adjust earn non gaap measur explan non gaap earn adjust see reconcili gaap adjust earn use non gaap financi measur section press releasewith commit invest approxim billion capit project next five year strateg decis market explor product busi appropri time futur confid well posit produc signific long term valu sharehold lower overal busi risk profil goodin saidbusi unit resultsth construct servic busi report earn million second consecut year record earn construct materi contract busi also higher result report earn million gaap basi adjust earn busi net multiemploy pension plan withdraw liabil record fourth quarter million basi earn fourth quarter million highest ever busi fourth quarter follow record third quarter combin adjust earn highest level sinc continu trend four consecut year stronger combin earn year yearth util busi report earn million electr util increas earn percent result percent increas electr retail sale well rate recoveri environment upgrad natur ga earn declin reflect million effect warmer weather well higher oper mainten expens although prolong period lower commod price may slow growth futur custom growth bakken still percent electr percent natur ga combin group experienc custom growth percent util group record,c538fd98f9dc394092c37301328c5ae4f9e6b24865791e35f7b2eed43c293d06,2015-02-03,8.673382759094238,8.886320114135742,0.02455066967017383,0.009023700804522639,0.015526968865651192,ok_market_adjusted,2015
32,HEJFE-977FEBE8CA3CFCB6,23835,6867,MDU,2015-05-04 15:57:00,2015-05-04T21:30:00Z,2015-05-04,2015-05-04,True,B-EXACT,5580.0,0.0007719208491028,0.9107806691449816,ex mdu resourc earn releas wdesk mdu unit state secur exchang commissionwashington dc form kcurrent reportpursu section secur exchang act date report date earliest event report may mdu resourc group incexact name registr specifi charterdelawar state jurisdict ofcommiss file numberir employ identif incorpor west centuri avenuepo box bismarck north dakota address princip execut officeszip coderegistr telephon number includ area code check appropri box form file intend simultan satisfi file oblig registr follow provis owritten commun pursuant rule secur act cfr osolicit materi pursuant rule exchang act cfr opr commenc commun pursuant rule b exchang act cfr b opr commenc commun pursuant rule e c exchang act cfr e c item result oper financi condit anditem regul fd disclosureon may mdu resourc group inc compani issu press releas announc first quarter earn copi press releas compani furnish secur exchang commiss attach incorpor refer hereinitem financi statement exhibitsd exhibit press releas issu may regard first quarter earningssignaturepursu requir secur exchang act registr duli caus report sign behalf undersign hereunto duli author mdu resourc group inc date may nathan w ring nathan w ring vice presid control chief account officerexhibit indexexhibit numberdescript press releas issu may regard first quarter earn,47793fc27391854aea73304bfe4d4c7c59ccae709ed512f3580a53c0b1636d4d,2015-05-05,8.361581802368164,7.958522796630859,-0.048203679072200245,-0.010099432557655219,-0.038104246514545026,ok_market_adjusted,2015
33,HEJFE-4291CBF555CED6A9,24459,8606,PBI,2015-04-29 14:47:00,2015-04-30T11:00:00Z,2015-04-30,2015-04-30,True,A-EXACT,58380.0,-0.0159568590318241,0.6008583690987124,ex pitney bow announc first quarter financi result stamford conn busi wire april pitney bow inc nyse pbi global technolog compani provid product solut power commerc today report financi result first quarter quarterli financi result revenu million declin percent constant currenc basi declin percent report revenu flat prior year adjust impact currenc divest certain european revenu stream gaap ep includ per share neg impact currenc sga million declin million percent adjust ebit million increas million percent free cash flow million gaap cash oper million reduc debt million reaffirm annual guidanc import year pitney bow continu transform compani said marc b lautenbach presid ceo pitney bow despit currenc headwind affect first quarter result continu unlock valu compani first quarter reduc cost across compani grew oper incom even increas invest market infrastructur growth area busi enterpris busi solut group deliv constant currenc revenu profit growth perform north america mail consist previou quarter softwar licens revenu increas high singl digit despit strengthen dollar ecommerc busi continu deliv solid result look beyond first quarter remain confid abil continu meet strateg object result reaffirm guidanc first quarter result revenu total million declin percent constant currenc basi percent report basi versu prior year compar purpos revenu would flat compar prior year current prior period adjust impact currenc reduct revenu result exit direct oper european countri complet third quarter digit commerc solut revenu grew percent constant currenc basi percent report basi revenu constant currenc basi benefit growth ecommerc market servic ship solut softwar solut flat enterpris busi solut revenu grew percent constant currenc basi flat report basi revenu constant currenc basi benefit continu growth presort servic revenu product mail flat compar purpos revenu would grown percent adjust impact currenc divest revenu europ prior year small medium busi smb solut revenu declin percent constant currenc basi percent report basi compar purpos revenu would declin percent adjust impact currenc divest revenu europ prior year adjust earn interest tax ebit million increas million versu prior year adjust ebit margin expand basi point gener accept account principl gaap earn per dilut share includ advers impact currenc per share earn per share quarter also impact higher tax rate part due higher usual charg relat expir certain stock option greater percentag revenu us oper compani earn per share result quarter summar tabl first quarter adjust ep continu oper restructur charg asset impair extinguish debt gaap ep continu oper discontinu oper gaap ep sum,1ed8a2cdad80eb154aaa7f8a3711b84d273542468b76c249844d5636cbabbc84,2015-05-01,22.559999465942383,22.829999923706055,0.011968105680643992,0.00634837355718787,0.005619732123456123,ok_market_adjusted,2015
34,HEJFE-76B03970FA6BDB42,24969,11304,AVA,2013-02-19 15:46:00,2013-02-20T12:05:00Z,2013-02-20,2013-02-20,True,A-EXACT,55140.0,-0.0254541684517691,0.55,ex press releas februaryearningspressreleas contact media jessi wuerst jason lang avista media access avista corp report financi result fourth quarter fiscal year confirm earn guidancespokan wash feb pt avista corp nyse ava today report result net incom attribut avista corp sharehold million per dilut share year end dec compar million per dilut share year end dec fourth quarter net incom attribut avista corp sharehold million per dilut share compar million per dilut share fourth quarter challeng year earn expect reflect perform busi segment primarili due warmer weather first fourth quarter decreas earn core util busi expens relat voluntari sever incent program continu slow load growth addit increas cost segment slower expect integr acquisit primari unregul subsidiari ecova howev believ well posit signific improv consolid result confirm consolid earn guidanc rang per dilut share said avista chairman presid chief execut offic scott l morristh washington commiss approv multi parti gener rate case settlement decemb new rate went effect jan addit rate increas becom effect jan month reach settlement idaho gener rate case would provid rate increas april addit rate increas effect oct idaho settlement subject approv idaho commiss resolut washington idaho gener rate case togeth cost manag initi current place elimin major regulatori lag experienc relat util cost invest recover ratemak purposesw believ settlement provid fair reason outcom custom sharehold give custom certainti energi rate next two year settlement agre gener rate increas prior jan ecova difficult year primarili due increas oper cost limit increas revenu forecast revenu growth process effici improv expect ecova perform improv significantli number challeng relat non util busi expect improv result howev remain commit pursu opportun futur growth morri said summari result avista corp result fourth quarter year end dec compar respect period present tabl thousand except per share dataq year year oper revenuesincom operationsnet incom attribut avista corpor shareholdersnet incom loss attribut avista corpor sharehold busi segment avista utilitiesecovaotherearn loss per dilut share busi segment attribut avista corpor sharehold avista utilitiesecovaothertot earn per dilut share attribut avista corporationth decreas quarterli util earn primarili due increas oper expens includ cost voluntari sever incent plan depreci amort interest expens partial offset slight increas gross margin due gener rate increas mostli offset warmer weather decreas tax incom tax estim warmer weather compar fourth quarter decreas util earn contribut per dilut share cost voluntari sever incent plan reduc earn per dilut share factor signific gener rate increas partial offset,9c1515d9502926950876575285d1a7431cafc841c068721f9ddd465e34ae0e70,2013-02-21,25.969999313354492,25.969999313354492,0.0,-0.003573600973236002,0.003573600973236002,ok_market_adjusted,2013
35,HEJFE-376286473ECFECB4,25778,3310,CA,2011-07-20 15:46:00,2011-07-20T20:05:00Z,2011-07-20,2011-07-20,True,A-EXACT,1140.0,0.0014558833698993,0.5854545454545454,ex vex ca technolog report first quarter fiscal year resultsislandia ny juli prnewswir ca technolog nasdaq ca today report financi result first quarter end june revenu billion percent constant currenc percent reportedgaap ep percent constant currenc percent reportednon gaap ep percent constant currenc percent reportedannounc intent take million million charg second quarter disinvest less product part businessreaffirm full year outlook revenu non gaap ep cash flow oper updat gaap ep interact tko acquisitionfinanci overviewnot financi result adjust reflect classif compani internet secur busi divest first quarter discontinu oper first quarter fy vs fyin million except share datafyfi chang chang ccrevenuegaap net incom continu operationsnon gaap net incom continu operationsgaap dilut ep continu operationsnon gaap dilut ep continu operationscash flow continu oper non gaap incom earn per share non gaap financi measur note discuss non gaap result reconcili non gaap financi measur compar gaap financi measur includ tabl follow news releasecc constant currencyexecut commentaryw solid start fiscal year said bill mccracken chief execut offic ca technolog first quarter result show improv oper effici reflect non gaap oper margin improv doubl digit growth non gaap earn per share continu build product servic portfolio acquisit base technolog privat held consult firm focus manag asset agreement acquir interact tko lead provid servic simul solut develop applic composit cloud environ mccracken said also deliv commit return cash sharehold repurchas million common stock quarter distribut million dividend increas percentour custom tell us becom primari vehicl use adapt busi chang market demand becom competit evolut driven virtual cloud implement saa applic allow busi model chang day week instead month year technolog increas flexibl also introduc signific manag complex mccracken continu eighteen month ago call evolut built strategi around believ year experi core strength tradit manag secur combin signific invest portfolio posit us standard industri revenu bookingsdur first quarter compani saw healthi demand servic assur ident access manag nimsoft mainfram product percentag point revenu growth constant currenc percentag point report driven organ product percentag point constant currenc percentag point report came product servic acquisit base technolog hyperformix inc arcot system inc percent compani revenu came north america percent came intern operationsrevenu year year total revenu billion percent constant currenc percent reportedtot revenu backlog billion percent constant currenc percent report current portion revenu backlog billion percent constant currenc percent report north america revenu million percent constant currenc reportedintern revenu million percent constant currenc percent report book year year total,5582810c1d77fbaad598fb2a5b71f21ae8b543e38ddd3504a7ceca7fb4138ae7,,,,,,,missing_stock_history,2011
36,HEJFE-2D81C70F59E076BA,25778,3310,CA,2012-01-24 13:32:00,2012-01-24T21:05:00Z,2012-01-24,2012-01-24,True,A-EXACT,9180.0,0.0041117807159959,0.5607843137254902,ex vex ca technolog report third quarter fiscal year resultsislandia ny jan prnewswir ca technolog nasdaq ca today report financi result third quarter fiscal year end dec revenu billion percent constant currenc reportedgaap ep percent constant currenc percent reportednon gaap ep percent constant currenc percent reportedsingl licens payment contribut percentag point revenu growth gaap non gaap ep growthcash flow continu oper million percent constant currenc percent reportedrais full year outlook gaap non gaap ep adjust revenu guidanc high end rang maintain cash flow continu oper outlookenh capit alloc program target return billion sharehold fiscal year financi overviewnot financi result adjust reflect discontinu oper third quarter fy vs fyin million except share datafyfi chang chang ccrevenuegaap incom continu operationsnon gaap incom continu operationsgaap dilut ep continu operationsnon gaap dilut ep continu operationscash flow continu oper non gaap incom earn per share non gaap financi measur note discuss non gaap result reconcili non gaap financi measur compar gaap financi measur includ tabl follow news releasecc constant currencyexecut commentari good quarter mani measur continu make solid progress long term goal said bill mccracken chief execut offic ca technolog howev done remain focus continu execut strategi make oper enhanc includ drive new product sale increas sale product billion enhanc capit alloc program announc today culmin signific work evalu way optim balanc sheet maintain financi flexibl need build busi enhanc competit posit mccracken continu believ path achiev balanc approach return even cash sharehold still invest futurerevenu bookingsth compani receiv final licens payment third quarter million licens agreement enter connect litig settlement softwar compani payment reflect final amount owe schedul repaid fiscal year compani made final payment discret without discount concess ca technologiesdur third quarter compani saw demand virtual servic autom product secur solut includ product arcot system interact tko itko product mainfram solut profession servic percentag point revenu growth constant currenc report driven organ product percentag point constant currenc report came acquir product percent compani revenu came north america percent came intern operationsrevenu year year total revenu billion percent constant currenc report singl licens payment contribut percentag point revenu growth north americatot revenu backlog billion percent constant currenc report current portion revenu backlog billion percent constant currenc percent report north america revenu million percent constant currenc reportedintern revenu million percent constant currenc report book year year total book third quarter billion percent constant currenc percent report singl licens payment contribut percentag point growth book north,5878b54f20f6c1ef5b4e3db3c087b5a1a04f5eef3052eb63229988c4a4b339fc,,,,,,,missing_stock_history,2012
37,HEJFE-E8C5063581BE7EB7,25785,4839,F,2015-01-28 15:59:00,2015-01-29T12:00:00Z,2015-01-29,2015-01-29,True,A-EXACT,54060.0,-0.0035546599997829,0.4814814814814815,ex exhibittoearn earn date januari news achiev pre tax profit billion net incom billion outlook pre tax profit billion billion full year pre tax profit billion declin billion compar year ago full year tax earn exclud special item per share cent lower compar year ago full year net incom billion cent per share automot pre tax profit billion north america profit asia pacif post record profit europ middl east africa improv south america report loss wholesal volum equal year ago compani revenu percent achiev record market share asia pacif driven record share china best result ford credit sinc record set year vehicl launch global includ new mustang escort ka transit lincoln mkc fourth quarter pre tax profit billion decreas million compar year ago tax earn per share cent exclud special item nd consecut profit quarter fourth quarter net incom million cent per share decreas billion compar year ago includ non repeat favor billion special tax item year ago pre tax special item charg billion reflect primarili one time account chang ford venezuela oper well separ relat action europ asia pacif support compani transform plan settlement compani convert note fourth quarter wholesal volum compani revenu declin year year percent percent respect posit automot oper relat cash flow million automot gross cash billion end fourth quarter exceed debt billion global pension plan statu unchang despit significantli lower discount rate reflect success de risk strategi outlook compani pre tax profit unchang expect rang billion billion higher automot revenu oper margin compar improv outlook automot oper relat cash flow posit higher financi result summari fourth quarter full year bw bw wholesal revenu bil oper result pre tax result mil tax result mil earn per share special item pre tax mil net incom attribut ford tax result mil earn per share automot oper relat cash flow bil gross cash bil debt bil net cash bil see end note page see end note page news releas relat materi high resolut photo video visit follow dearborn mich januari ford motor compani nyse f today report full year pre tax profit billion compani fifth consecut year profit posit automot oper relat cash flow compani result consist septemb guidanc driven profit north america record result asia pacif highest ford credit profit sinc full year tax earn exclud special item per share cent lower net incom billion cent per share billion lower year ago includ non repeat favor fourth quarter,357da19ecb7e627c57436bd5945ce69e6231f824c3c59f755698abd2c433562d,2015-01-30,14.75,14.710000038146973,-0.0027118618205442813,-0.005611795774647765,0.002899933954103484,ok_market_adjusted,2015
38,HEJFE-7C93D3838E60926C,26201,3358,CMTL,2014-12-10 15:41:00,2014-12-10T21:12:00Z,2014-12-10,2014-12-10,True,A-EXACT,1860.0,-0.0110748486973971,0.4449152542372881,ex press releas qfi media contact michael porcelain senior vice presid chief financi offic telecommun corp announc result first quarter fiscal andprovid updat fiscal guidancemelvil new york decemb comtech telecommun corp nasdaq cmtl today report oper result three month end octob net sale three month end octob million compar million three month end octob period period decreas reflect lower net sale three compani oper segment gaap net incom million per dilut share three month end octob compar million per dilut share three month end octob exclud expens million associ compani strateg altern analysi non gaap net incom three month end octob million per dilut shareth compani also announc tighten fiscal revenu guidanc expect rang million million despit incur million expens associ compani strateg altern analysi compani maintain gaap dilut earn per share guidanc rang compani also maintain adjust ebitda defin tabl guidanc expect rang million millionin comment compani perform updat fiscal busi outlook fred kornberg presid chief execut offic state although market condit remain challeng pleas post solid result first quarter becom cautiou still expect top bottom line growth fiscal select fiscal first quarter financi metric item backlog octob million compar million juli total book three month end octob million compar million three month end octob adjust ebitda million three month end octob compar million three month end octob adjust ebitda non gaap financi measur defin tabl compani effect incom tax rate three month end octob expect approxim twelv month end juli exclud potenti discret tax adjust legisl chang octob compani million cash cash equival reflect quarterli dividend payment million paid novemb decemb compani author repurchas approxim million addit common stock pursuant exist stock repurchas program three month end octob compani repurchas share common stock compani expect fiscal second quarter financi result similar first quarter fiscal growth fiscal heavili weight toward second half fiscal year fourth quarter fiscal peak quarter far addit inform compani updat fiscal guidanc includ compani first quarter investor present locat compani websit confer callth compani schedul investor confer call et thursday decemb investor public invit access live webcast confer call investor relat section comtech web site altern investor access confer call dial domest intern use confer id comtech replay confer call avail seven day dial addit updat investor present includ earn guidanc avail compani web siteabout comtechcomtech telecommun corp design develop produc market innov product system servic advanc commun solut compani believ mani solut play vital,b90ca46ac49efec51ef333179f2647f0e9b7dc93d956e5814857311d2fa0f36d,2014-12-11,34.75,32.720001220703125,-0.05841723105890284,0.0015238924567322343,-0.059941123515635075,ok_market_adjusted,2014
39,HEJFE-99F3FC8CE022DEA1,27043,11115,VAR,2012-01-25 12:46:00,2012-01-25T21:01:00Z,2012-01-25,2012-01-25,True,A-EXACT,11700.0,-0.0194008235134277,0.6452991452991452,ex vex inform contact elisha finney spencer sia immedi releas varian medic system report result first quarter fiscal year first quarter net earn per dilut share revenu million palo alto calif jan varian medic system nyse var today report result first quarter fiscal year net earn per dilut share percent year ago quarter revenu quarter million percent year ago period includ million proton therapi backlog compani end first quarter billion backlog percent end first quarter fiscal met guidanc net earn revenu challeng quarter compani varieti way said tim guertin presid ceo varian medic system experienc order push out north american oncolog busi ray product order sale hurt inventori adjust custom japan anticip gross margin impact tough year ago comparison product mix account scripp proton revenu zero margin addit oper margin impact dilut effect calypso acquisit compani end first quarter million cash cash equival million debt oncolog system oncolog system first quarter revenu total million percent period fiscal year first quarter net order million percent percent increas intern market offset percent declin north america versu compar year ago period net order intern region solid doubl digit compris nearli percent net order receiv busi quarter guertin said sever order aim north america quarter push fulli expect book fiscal year varian medic system report result first quarter fiscal year ray product first quarter revenu ray product busi million percent year ago quarter compar correspond period fiscal year ray product first quarter net order fell percent million ray product busi experienc weak relat inventori adjust among sever custom japan appear overstock tube panel believ relat effort maintain normal product schedul spite blackout follow earthquak tsunami said guertin expect region return typic level year progress compani categori compris secur inspect product busi varian particl therapi busi ginzton technolog center record first quarter revenu million million year ago period driven princip revenu instal scripp proton system compar first quarter fiscal net order categori fell million million princip fall secur busi versu compar strong year ago quarter subsequ close quarter compani sign contract book order suppli king fahd medic center saudi arabia million proton therapi system new center riyadh outlook remain confid growth outlook fiscal expect busi strengthen year progress annual revenu grow percent earn per dilut share rise percent said guertin second quarter fiscal believ revenu could increas percent second quarter fiscal total net earn per dilut share could rise percent investor confer call varian medic,2e95addca856d11019137df256de8db9c0fced83036d2d73cfb9825d0ec6f245,,,,,,,missing_stock_history,2012
40,HEJFE-A25F33B630365184,27633,9299,R,2015-02-02 15:43:00,2015-02-03T13:55:00Z,2015-02-03,2015-02-03,True,A-EXACT,61920.0,0.0174614635777316,0.4223300970873787,ex exhibit press releas press releas news releasecontact media investor relat david bruce bob brunn ryder report record fourth quarter full year result provid forecast record compar ep continu oper ep continu oper reflect voluntari pension buyout record oper revenu billion grow total revenu billion record full year compar ep continu oper full year ep continu oper reflect voluntari pension buyout record full year oper revenu billion total revenu grow billion compar ep forecast vs miami februari ryder system inc nyse r leader commerci fleet manag suppli chain solut today report record fourth quarter compar earn reflect continu strong perform fleet manag solut fm earn earn per dilut share ep continu oper three month end decemb follow millionsearn dilut ep chang changegaap pension cost primarili buyout charg net compar compani report record fourth quarter oper revenu revenu exclud fm fuel subcontract transport reflect higher full servic leas revenu growth commerci rental revenu well new busi increas volum suppli chain solut sc total fourth quarter revenu growth impact lower fuel price pass custom oper total revenu three month end decemb follow millionsoper revenu total revenu chang changetot fleet manag solut suppli chain solut comment compani fourth quarter full year perform ryder chairman ceo robert sanchez said close strong perform fleet manag solut especi core leas rental product line also encourag suppli chain solut busi return revenu earn growth fourth quarter full year grew oper revenu earn achiev new record level exceed expect full year organ leas fleet growth vehicl highest growth rate decad repres third consecut year organ leas fleet growth transact rental use vehicl sale busi deliv strong return throughout year fleet manag solut pre tax margin highest six yearsw continu see strong sale activ end year enter well posit growth continu benefit improv econom condit north america primari market make meaning progress strategi penetr non outsourc transport logist market support ongo macro trend favor outsourcingfourth quarter busi segment oper resultsfleet manag solut fm busi segment oper revenu revenu exclud fuel fourth quarter million compar year earlier period total revenu fourth quarter billion compar year earlier period oper revenu growth partial offset impact lower fuel price full servic leas revenu increas due higher price replac vehicl growth fleet size number full servic leas vehicl exclud uk trailer increas year earlier period grew vehicl sequenti third quarter commerci rental revenu improv reflect increas demand higher price north america fuel servic revenu,267ba1419b3973eb5b3064f575bb4db98a0a6832c828973662d3e83150ac6727,2015-02-04,87.61000061035156,88.45999908447266,0.009702071318336003,0.0007035012717138134,0.00899857004662219,ok_market_adjusted,2015
41,HEJFE-36433565499915E2,35051,8304,PLL,2015-02-23 15:03:00,2015-02-24T12:00:00Z,2015-02-24,2015-02-24,True,B-EXACT,57420.0,-0.0087721862037153,0.5521235521235521,ex press releas date februari furnish pursuant item exhibitqfi pall corpor report second quarter resultsport washington ny februari pall corpor nyse pll today report financi result second quarter fiscal year end januari dilut ep quarter pro forma dilut ep free cash flow six month million reduc full year pro forma ep guidanc due fx impactsecond quarter six month sale earn overview second quarter sale million compar million last year sale local currenc lc exclud acquisit dilut ep quarter compar last year pro forma dilut ep increas compar year earlier includ headwind approxim foreign currenc translat sale six month billion increas year year sale lc exclud acquisit dilut ep six month compar last year pro forma dilut ep increas compar year earlier includ headwind approxim foreign currenc translationlarri kingsley pall chairman ceo said deliv solid oper quarter consolid result significantli impact foreign currenc translat particularli due strong us dollar despit global revenu profil us centric cost structur deliv modest increas report oper marginlif scienc second quarter highlightsdollar amount million discuss sale chang local currenc sale jan jan chang chang lcbiopharmaceut food beverag medic total consum system total life scienc segment gross profit sale segment profit sale biopharmaceut consum sale grew compar last year overal market strength growth singl use system acquisit benefitfood beverag consum sale compar last year growth regionsmed consum sale compar last yearsystem sale compar last year time biopharmaceut food beverag capit project industri second quarter highlightsdollar amount million discuss sale chang local currenc sale jan jan chang chang lcprocess technolog aerospac microelectron total consum system total industri segment gross profit sale segment profit sale process technolog consum sale flat compar last year acquisit benefit offset broad base weak machineri equip time fuel chemic plant shipmentsaerospac consum sale increas compar last year strong commerci militari sale microelectron consum sale grew compar last year continu strength asia system sale increas compar last year time process technolog capit projectsconclusionoutlook kingsley conclud prevail rate well see million full year headwind revenu around impact ep even greater increas around cent princip foreign currenc translat accordingli reduc full year pro forma ep guidanc repres increas fiscal forecast impact strong us dollar repres larg headwind report result underli oper perform compani reinforc confid continu perform deliv year year earn growth full yearconfer call tuesday februari et pall corpor host confer call review result call access webcast archiv daysabout pall corpor pall corpor nyse pll filtrat,08612efdc83f1438cf9db96d4a43294133c61b2bb5dcd3bacff10120db4adbe9,,,,,,,missing_stock_history,2015
42,HEJFE-7CEFB3FE3D986464,35991,9216,ROG,2015-02-17 15:44:00,2015-02-17T21:01:00Z,2015-02-17,2015-02-17,True,A-EXACT,1020.0,0.0185739979252299,0.5423728813559322,ex roger corpor report fourth quarter year end result record fourth quarter net sale million fourth quarter gross margin basi point fourth quarter oper margin basi point fourth quarter non gaap oper margin basi point record full year net sale million full year gross margin basi point full year oper margin basi point full year non gaap oper margin basi point roger conn busi wire februari roger corpor nyse rog global leader engin materi solut today announc financi result fourth quarter full year compani report record fourth quarter net sale million line compani previous announc guidanc increas net sale million fourth quarter net sale neg impact approxim million due declin valu euro fourth quarter net incom continu oper fourth quarter per dilut share per dilut share exclud special charg exceed compani previous announc guidanc compar per dilut share per dilut share exclud special charg fourth quarter fourth quarter special charg includ non cash pension charg non cash tax charg associ cash repatri million europ fund part acquisit arlon llc discret special charg net incom neg impact approxim million due declin valu euro fourth quarter net sale full year record million increas net sale million full year full year net incom continu oper per dilut share per dilut share exclud special charg compar per dilut share full year per dilut share exclud special charg bruce hoechner presid ceo comment roger achiev eighth consecut quarter year year revenu growth fourth quarter post solid gain gross margin oper margin deliv strong earn cap excel strength high growth global market along execut key element five year strategi led record set sale except net incom growth total sharehold return also pleas acquisit arlon llc strong strateg fit print circuit materi high perform foam busi segment busi segment discuss print circuit materialsprint circuit materi report record fourth quarter net sale million increas compar fourth quarter net sale million strong growth driven primarili signific demand high frequenc circuit materi support expans wireless base station connect global glte infrastructur build across multipl geographi especi china addit automot safeti radar applic advanc driver assist system show continu strength quarter strong growth offset lower demand mobil internet devic wireless antenna satellit tv applic year end inventori adjust temper demand high perform foamshigh perform foam report fourth quarter net sale million increas compar fourth quarter net sale million growth driven primarili higher demand gener industri mass transport batteri applic hybrid electr,61997b4df1aa6807db7934dbece615fa419f13e6cb4588e8c39b426e346c23c2,2015-02-18,80.58999633789062,80.3499984741211,-0.0029780106052280653,0.0022632770145796233,-0.0052412876198076885,ok_market_adjusted,2015
43,HEJFE-33FC1D00348D7C59,35991,9216,ROG,2015-04-29 15:29:00,2015-04-29T20:01:00Z,2015-04-29,2015-04-29,True,A-EXACT,1920.0,0.006616422660846,0.5590909090909091,ex roger corpor report strong earn time record quarterli sale first quarter time record net sale million organ growth exclud unfavor currenc impact acquisit contribut growth ep non gaap exclud discret acquisit relat impact per dilut share gaap ep gross margin non gaap basi point gaap gross margin oper margin non gaap basi point gaap oper margin complet arlon acquisit januari roger conn busi wire april roger corpor nyse rog today announc financi result first quarter first quarter result includ newli acquir arlon busi date acquisit januari first quarter net sale million net earn per dilut share arlon contribut million net sale earn per dilut share quarter compani incur discret charg per dilut share relat integr activ non recur purchas account cost first quarter exclus acquisit relat impact net earn per dilut share net sale slightli non gaap net earn exceed compani guidanc provid februari first quarter net sale million net earn per dilut share compani record net sale perform achiev year year quarterli sale growth currenc adjust basi compani deliv organ sale growth quarter prior year fluctuat currenc exchang rate first quarter unfavor impact organ sale million arlon contribut increas net sale quarter bruce hoechner presid ceo comment roger achiev ninth consecut quarter year year revenu growth set anoth sale record first quarter addit continu journey improv margin perform result strateg focu oper excel arlon acquisit close earli quarter abl make strong contribut top bottom line overal result temper believ temporari weaker demand market well unfavor impact currenc exchang rate busi segment discuss print circuit materialsprint circuit materi report first quarter net sale million increas compar first quarter net sale million currenc adjust basi organ sale grew quarter prior year fluctuat currenc exchang rate unfavor impact net sale first quarter approxim million compar first quarter net sale includ million arlon first quarter growth driven increas demand high frequenc circuit materi go wireless infrastructur automot advanc driver assist system aerospac defens applic growth partial offset lower demand mobil internet devic wireless antenna applic due higher expect inventori level suppli chain high perform foamshigh perform foam report first quarter net sale million increas compar first quarter net sale million currenc adjust basi organ sale declin quarter prior year fluctuat currenc exchang rate unfavor impact net sale first quarter approxim million compar first quarter net sale includ million arlon first quarter weaker demand portabl electron partial offset increas demand gener industri consum,abaed33157cedaaec131e2a4a800de94cf2862f390e1c7b17c0d342937acc51f,2015-04-30,82.13999938964844,72.70999908447266,-0.11480399775074968,-0.006752512562814061,-0.10805148518793561,ok_market_adjusted,2015
44,HEJFE-30CA515BC590DDA6,36003,9225,ROL,2012-01-24 10:14:00,2012-01-25T12:30:00Z,2012-01-25,2012-01-25,True,A-EXACT,76560.0,,,,,,,,,,,,2012
45,HEJFE-1783DE88400AF6CC,38156,11506,WMB,2015-02-18 14:54:00,2015-02-18T21:05:00Z,2015-02-18,2015-02-18,True,A-EXACT,4260.0,0.0100236233099959,0.4898989898989899,ex ex ex news releas william nyse wmb one william center tulsa ok william date feb media contact investor contact tom droeg john porter brett krieg william report year end financi result updat guidanc full year cash distribut william partner access midstream partner total billion million adjust segment profit dda billion access midstream acquisit william partnersaccess midstream merger creat lead larg cap invest grade natur ga infrastructur focus mlp robust growth outlook major posit key basin updat guidanc reflect sharpli lower commod price assumpt commod margin lower assum wti henri hub ga expect new william partner adjust ebitda approxim billion increas approxim billion gross margin expect fee base expect william partner per unit distribut annual lp unit distribut growth rate grow coverag expect william dividend per share annual dividend growth grow coverag tulsa okla william nyse wmb today announc unaudit financi result includ pre merger financi result two master limit partnership mlp william partner lp access midstream partner lp effect feb two mlp merg form one lead natur ga focus mlp name william partner lp nyse wpz william summari financi inform full year amount million except per share amount per share amount report dilut basi allamount attribut william compani inc unaudit total mlp cash distribut william adjust segment profit dda adjust incom continu oper adjust incom continu oper per share net incom net incom per share quarterli cash distribut tabl declar receiv follow quarter schedul reconcil segment profit adjust segment profit dda incom continu oper adjust incom continu oper non gaap measur avail attach news releas william report total mlp cash distribut william partner access midstream partner billion million percent increas total mlp cash distribut receiv quarterli cash distribut discuss news releas declar receiv follow quarter distribut relat prior quarter cash flow fourth quarter william report total mlp cash distribut million million percent increas total mlp cash distribut fourth quarter fourth quarter cash distribut per unit common unithold merg mlp paid feb common unithold record close busi feb william report adjust segment profit dda billion compar billion million percent year year growth adjust segment profit dda driven million increas adjust segment profit dda access midstream fourth quarter william report million adjust segment profit dda compar million fourth quarter million percent increas quarter primarili driven million increas adjust segment profit dda access midstream partial offset million decreas adjust segment profit dda william partner varianc adjust segment profit dda year quarter discuss,958df9ace27391026b8535f509c27ce868b1571c714e1d5fb5d971639a82601a,2015-02-19,49.209999084472656,49.40999984741211,0.004064230169891658,0.0026874637719342953,0.001376766397957363,ok_market_adjusted,2015
46,HEJFE-BD3F577ADD90D512,38659,5116,GNTX,2013-10-21 15:21:00,2013-10-22T12:03:00Z,2013-10-22,2013-10-22,True,A-EXACT,60120.0,0.0084642938021195,0.7324840764331211,ex exhibit gentex report third quarter financi resultszeeland michigan octob gentex corpor zeeland michigan base manufactur automot automat dim rearview mirror automot electron dimmabl aircraft window fire protect product today report financi result third quarter end septemb third quarter compani net sale million increas compar net sale million third quarter gross profit margin third quarter percentag point compar gross profit margin third quarter primarili due impact purchas cost reduct product mix partial offset annual custom price reduct gross profit margin third quarter also increas sequenti second quarter due purchas cost reduct product mix net incom third quarter increas million compar net incom million third quarter also increas sequenti million second quarter earn per dilut share increas compar earn per dilut share third quarter sequenti second quarter pleas report continu strong revenu earn growth despit year date reduc light vehicl product europ japankorea region said fred bauer gentex chairman board chief execut offic excit momentum continu strong financi perform give us move futur includ growth come homelink acquisitionunit shipment net salesautomot mirror unit shipment increas third quarter compar third quarter automot net sale increas third quarter million compar automot net sale million second quarter north american automot mirror unit shipment increas compar third quarter north american light vehicl product increas recent complet quarter compar quarter last yearintern automot mirror unit shipment increas third quarter compar third quarter primarili due increas mirror unit shipment certain european asian automak european light vehicl product decreas recent complet quarter compar quarter last year japan korea light vehicl product increas compar quarter last yearoth net sale includ fire protect product dimmabl aircraft window million third quarter compar million third quarter futur estim compani forecast light vehicl product follow period compar period base ih automot octob forecast light vehicl product north america europ japan korealight vehicl product per ih automot octob light vehicl product forecastin millionsregionth quarter th quarter chang calendar year calendar year changenorth america europ japan korea compani estim net sale fourth quarter includ sale complet acquisit homelink increas compar fourth quarter base octob ih product forecast current forecast product mixth compani also estim gross profit margin fourth quarter rang base octob ih product forecast current forecast product mixth compani current estim erd expens fourth quarter increas compar erd fourth quarter addit sga expens fourth quarter estim increas compar sga fourth quarter safe harbor forward look statementsthi new releas contain forward look statement within mean,1861b0a1005d20fd11cbe2de63108aed6bb93578629a42373bdeb19b4d03aaa6,2013-10-23,14.949999809265137,15.234999656677246,0.019063535187169967,-0.0014235796557525715,0.020487114842922538,ok_market_adjusted,2013
47,HEJFE-263620F13A6443DD,39538,7116,MAT,2015-04-16 14:39:00,2015-04-16T20:05:00Z,2015-04-16,2015-04-16,True,A-EXACT,5160.0,,,,,,,,,,,,2015
48,HEJFE-704E64D64C11C119,42796,7260,MDP,2012-01-23 14:39:00,2012-01-24T14:15:00Z,2012-01-24,2012-01-24,True,A-EXACT,66960.0,0.0019193816050392,0.6491228070175439,ex press releas f exh earn releas meredith corpor report fiscal second quarter resultsloc media non polit ad revenu gain percent ninth straight quarterli increas purchas doubl meredith digit scale support total sharehold return strategyd moin ia januari meredith corpor nyse mdp lead media market compani serv american women today report fiscal second quarter earn per share compar year ago period revenu million compar million meredith record million per share less polit advertis revenu second quarter fiscal year ago period expect elect yearour local media group deliv industri lead percent gain non polit advertis revenu second quarter fiscal said meredith chairman chief execut offic stephen laci advertis market remain challeng nation media group see improv trend look earli calendar particularli food home advertis categorieslaci note meredith total sharehold return financi strategi announc octob well receiv invest commun key element includ percent annual dividend increas per share produc yield percent quarter new million share repurchas author ongo strateg invest drive increment revenu profit growth time today announc meredith would acquir reader digest associ inc addit world digit food site doubl scale meredith women network term audienc reach revenu also fulfil two meredith previous state criteria strateg acquisit nation media brand provid access new audienc advertis categori digit platform significantli increas scale meredith women network premium own oper websit women lifestyl categori accord recent comscor data significantli enhanc digit platform laci said increas relev larg loyal group consum strengthen posit marketplac connect advertis audienc million consum fit perfectli total sharehold return strategi ad strateg valu meredith expect drive increment growth revenu profit free cash flow timelaci note meredith execut follow strateg initi sinc start fiscal acquisit popular familyfun everi day rachael ray brand launch tablet edit meredith nation brand across ipad nook color kindl fire samsung galaxi platform extens meredith success brand licens arrang better home garden line home garden product walmart invest iri lead global market compani creation meredith iri global network serv increas global need domest client open door intern client expans meredith daili syndic better show reach market across countryi particularli pleas ongo execut digit video expans strategi said laci grown audienc onlin televis aggress extend brand across tablet mobil platform digit video perfect complement lead portfolio nation brand consum advertis alik continu extend reach platform acquisit latest initi first six month fiscal earn per share compar year ago period revenu million compar million meredith record million per share,ad9128a53caaaf00b50de68613cbd1939c14d0f446aaebda8f05b1a53575483b,,,,,,,missing_stock_history,2012
49,HEJFE-9861757889227DD4,44506,6003,IDTI,2015-02-02 14:24:00,2015-02-02T21:05:00Z,2015-02-02,2015-02-02,True,A-EXACT,6060.0,0.0200413956170478,0.6135135135135135,ex qfi earn immedi releasefinanci contact press contact suzann schmidtidt investor relationsphon e mail graham robertsonidt worldwid marketingphon e mail report fiscal year financi result fy revenu qq yyq fy gaap dilut ep continu oper fy non gaap dilut ep san jose calif februari integr devic technolog inc idt nasdaq idti today announc result fiscal third quarter end decemb achiev excel financi result third fiscal quarter revenu percent sequenti percent year year driven primarili strength high perform comput commun busi said greg water presid chief execut offic particular becom clear leader latest gener ddr memori interfac srio busi benefit continu deploy g lte base station global basi addit consum busi posit strong growth excel traction area wireless power grow well semiconductor industri averag meaning contribut wireless power busi continu gain traction new product new content gain share key custom across key busi line addit strong top line perform non gaap oper margin improv quarter percent free cash flow percent revenu quarter ongo focu oper excel target invest area offer highest potenti return pois continu leverag busi technolog strength anticip drive sustain profit growth futur conclud mr watersrec busi highlight commun idt introduc new high perform synthes deliv ultra low phase jitter serial data commun idt univers frequenc translat win elektra award best digit product year idt expand versaclock famili six new product deliv best class jitter perform cost effect configur idt introduc high perform crystal oscil best class jitter perform low cost short product lead time idt announc new intern match broadband rf vga ultra high linearityrec busi highlight consum idt introduc new famili highli effici wireless power transmitt target expand ecosystem wireless charg applic idt wireless power chip use state art cube remot control recent busi highlight comput idt surpass mileston million low power pcie gen buffer ship idt orang silicon valley nvidia acceler comput breakthrough rapidio base cluster ideal game analyt idt launch rapidio gbp interfac portfolio reduc latenc boost bandwidth commun computingth follow highlight compani financi perform gaap supplement non gaap basi compani pursu divestitur high speed data convert busi activ discuss potenti buyer financi statement purpos high speed data convert busi classifi asset held sale treat discontinu oper period present idt exclud result high speed data convert busi current histor non gaap result compani provid supplement inform regard oper perform non gaap basi exclud certain gain loss charg occur rel infrequ manag consid outsid core oper,292ca2e94ad9b631506387ac31e0d9ee70e74a9dde4dfe95335d0d827d48bc9a,,,,,,,missing_stock_history,2015
50,HEJFE-EFFA194386ABDD28,44506,6003,IDTI,2015-05-04 15:40:00,2015-05-04T20:05:00Z,2015-05-04,2015-05-04,True,A-EXACT,1500.0,0.0102667939191554,0.4875,ex qfi earn immedi releasefinanci contact press contact suzann schmidtidt investor relationsphon e mail graham robertsonidt worldwid marketingphon e mail report fiscal year financi result fy revenu qq yyq fy gaap dilut ep continu oper fy non gaap dilut ep san jose calif may integr devic technolog inc idt nasdaq idti today announc result fiscal fourth quarter fiscal year end march conclud fiscal year except result across board fourth quarter fiscal revenu grew percent year year non gaap oper margin quarter reach free cash flow percent revenu reach trail twelv month basi addit achiev key new design win primari busi said greg water presid chief execut offic revenu high perform computingdata center busi reach record level fourth quarter driven increas demand mobil data real time process rf wireless charg rel new busi becam establish busi fiscal base design win activ look continu grow strongli addit board recent increas share repurchas author million replac prior author remain balanc million end fiscal result combin strong balanc sheet leverag busi model posit us continu momentum next fiscal year conclud mr watersrec busi highlight commun idt introduc ultra low jitter famili lvcmo clock buffer idt surpass million rfic shipment idt introduc high perform crystal oscil best class jitter perform low cost short product lead timesrec busi highlight consum ikea furnitur featur idt wireless charg idt latest wireless power receiv bring faster charg higher effici idt wireless power transmitt adopt samsung galaxi idt introduc wireless powershar technolog enabl mobil devic wirelessli charg one anoth new idt wireless power chipset unteth tablet phabletsrec busi highlight comput idt surpass mileston million low power pcie gen buffer ship idt orang silicon valley nvidia acceler comput breakthrough rapidio base cluster ideal game analyt idt launch rapidio gbp interfac portfolio reduc latenc boost bandwidth commun comput idt collabor cern speed improv data analyt larg hadron collid data centerth follow highlight compani financi perform gaap supplement non gaap basi financi statement purpos high speed data convert busi classifi asset held sale treat discontinu oper period present idt exclud result high speed data convert busi current histor non gaap result compani provid supplement inform regard oper perform non gaap basi exclud certain gain loss charg occur rel infrequ manag consid outsid core oper result non gaap result accord gaap may compar non gaap inform provid compani non gaap inform consid supplement substitut financi statement prepar accord gaap complet reconcili gaap non gaap,07b3a8e23fb77839a48d8f8378ddb5846ef5672c72d2be522643352dd3f3f653,,,,,,,missing_stock_history,2015
51,HEJFE-7E8FA3E5E417B5E7,45277,6097,IGT,2012-01-23 15:31:00,2012-01-24T11:30:00Z,2012-01-24,2012-01-24,True,A-EXACT,53940.0,0.0058101458781844,0.6117021276595744,ex ex press releas ex news releas intern game technolog report first quarter fiscal year result first quarter summari highlight compar last year total revenu decreas million intern revenu increas million oper incom decreas million game oper instal base increas unit la vega jan intern game technolog nyse igt today report oper result fiscal first quarter end decemb gaap incom continu oper quarter million per share compar million per share quarter last year prior year quarter favor impact per share certain discret tax benefit invest gain adjust incom continu oper quarter million per share compar million per share quarter last year first quarter result gener million oper incom million adjust ebitda demonstr divers built global busi model profit intern busi game oper busi continu show strength cost control remain tight said patti hart ceo igt anticip revenu profit margin strengthen throughout year remain track meet fiscal year oper goal adjust incom continu oper adjust ebitda non gaap measur gaap non gaap reconcili provid end releas consolid oper total revenu first quarter million gener game oper product sale compar million quarter last year lower revenu mainli due fewer new casino open north america consolid gross profit oper incom quarter million million respect compar million million respect prior year first quarter decreas primarili due lower north america machin part convers sale igt right reserv news releas intern game technolog report first quarter result page game oper first quarter revenu game oper increas million compar million quarter last year primarili due increas interact intern leas oper north america megajackpot averag revenu per unit per day first quarter prior year quarter sequenti averag revenu per unit decreas primarili due higher mix lower yield unit game oper gross profit total million first quarter compar million quarter last year game oper gross margin first quarter compar quarter last year primarili due unfavor interest rate chang jackpot expens decemb igt game oper instal base grew unit prior year unit septemb increas instal base driven increas north america leas oper open resort world casino new york citi intern leas oper latin america product sale first quarter product sale revenu million compar quarter last year compani recogn unit quarter last year first quarter primarili due fewer new casino open north america domest averag sell price increas first quarter compar quarter last year mainli due higher mix univers slant g mld sale intern averag sell price increas first quarter compar,1a8b32f7f73185449a5907bfa354dfdb560f20c30183683f00c8ad67c35bcff6,,,,,,,missing_stock_history,2012
52,HEJFE-4DEF5FDB3210E91B,45911,1327,SWKS,2015-01-22 15:41:00,2015-01-22T21:15:00Z,2015-01-22,2015-01-22,True,A-EXACT,2040.0,0.0179034125148226,0.6092307692307692,ex press releas ex earn releas skywork media relat skywork investor relat pilar barriga stephen ferranti skywork exce fy revenu ep guidanc deliv revenu million year year expand non gaap oper margin gaap post non gaap dilut ep gaap vs year ago gener million cash flow oper guid better season revenu millionwoburn mass jan skywork solut inc nasdaq swk innov high perform analog semiconductor connect peopl place thing today report first fiscal quarter result period end januari revenu first fiscal quarter million percent year year percent sequenti exceed compani origin guidanc million non gaap basi oper incom first fiscal quarter million percent million first fiscal quarter non gaap dilut earn per share first fiscal quarter better guidanc percent report first fiscal quarter gaap basi oper incom first fiscal quarter million dilut earn per share solid start fiscal said david j aldrich chairman chief execut offic skywork busi result fuel global surg connect across wide rang set applic increas analog rich content requir power today innov devic skywork forefront technolog advancementfacilit secur high speed seamless connect integr solut result show capit trend todaydriv superior financi return sharehold busi highlight captur new design win cisco latest home gateway cabl oper secur multipl analog devic lead telemat platform gm vehicl commenc volum product skylitetm integr system support mediatek latest refer design sever oem custom ramp ic fire tv echo stream media devic major onlin retail deliv divers receiv modul lte smartphon samsung other introduc zigbe solut smart light product lg philip expand wearabl design multipl devic timex ironman smartwatch deliv switch connect modul xiaomi mi platform support thale avion platform hi rel switch product captur ten dollar analog content set top box applic directv power linksi stream access point ac front end solutionssecond fiscal quarter outlook creat uniqu busi model combin strong growth connect internet thing financi return diversifi analog compani said donald w palett execut vice presid chief financi offic skywork increas market reach expand content opportun new product launch enabl us outperform normal march quarter season trend second fiscal quarter anticip revenu millionup percent year year non gaap dilut earn per share inform regard use non gaap measur press releas pleas refer discuss regard use non gaap financi measur set forth dividend declarationskywork board director declar cash dividend per share compani common stock dividend payabl march stockhold record close busi februari skywork first fiscal quarter confer callskywork host confer call analyst,e86e70f90b6f9a87b48bf4967e69352ddedba5a3678c8718a0627fa52de2269c,2015-01-23,78.41000366210938,80.86000061035156,0.031245974159112455,-0.004021663359965677,0.03526763751907813,ok_market_adjusted,2015
53,HEJFE-9DF82252ED78E41F,46690,2593,CBT,2015-04-29 13:33:00,2015-04-29T20:05:00Z,2015-04-29,2015-04-29,True,B-EXACT,9120.0,-0.0293049462592792,0.4220183486238532,ex cabot corp report second quarter adjust ep dilut ep boston busi wire april cabot corpor nyse cbt today announc result second quarter fiscal year key highlight margin pressur reinforc materi lower project activ specialti fluid led lower earn solid cash flow oper perform net work capit reduct repurchas share second fiscal quarter million share fiscal year date million million except per share amount fiscal fiscal second first second first quarter month quarter month net sale net incom attribut cabot corpor net earn per share attribut cabot corpor less adjust net loss per share discontinu oper certain item per share adjust ep comment result cabot presid ceo patrick prevost said experienc challeng quarter macroeconom competit environ neg affect reinforc materi specialti fluid segment volum held rel well global basi experienc margin pressur reinforc materi lower contract price feedstock relat effect purif solut result improv custom order rose mercuri remov product anticip mercuri air toxic standard mat implement final continu use portion solid cash flow gener repurchas share quarter financi detailfor second quarter fiscal net incom attribut cabot corpor million per dilut common share net incom includ per share charg certain item princip reflect charg associ recent restructur action tax relat item adjust ep second quarter fiscal per share segment resultsreinforc materi second quarter fiscal ebit reinforc materi decreas million compar second quarter fiscal million sequenti declin ebit period princip driven lower unit margin lower contract price lower raw materi purchas save temporari impact high cost inventori move suppli chain quarter lower benefit gener energi effici invest result lower energi price volum declin second quarter fiscal compar second quarter fiscal driven lower contractu volum north america partial offset increas region volum sequenti volum flat higher volum europ south america southeast asia japan offset continu custom inventori destock china lower contractu volum north america global region volum chang rubber black product line second quarter fiscal compar quarter prior year first quarter fiscal includ tabl second quarter second quarter year year chang sequenti chang global flat japan southeast asia china europ middl east africa north america south america perform chemic second quarter fiscal ebit perform chemic decreas million compar second quarter fiscal due lower volum specialti carbon formul driven custom inventori destock specialti carbon product line less favor product mix impact partial offset higher volum metal oxid improv margin specialti carbon product line lower raw materi cost sequenti perform chemic ebit increas million,102d8ae2bcc95f0725935b0c925d4113707332ccdc8419aa15ac8c231f71611a,2015-04-30,47.11000061035156,42.7400016784668,-0.09276159786176141,-0.006752512562814061,-0.08600908529894735,ok_market_adjusted,2015
54,HEJFE-E25BAF3CFF23A3BE,46877,2044,BCR,2015-01-29 15:27:00,2015-01-29T21:05:00Z,2015-01-29,2015-01-29,True,B-EXACT,2280.0,-0.0050590966785477,0.2413793103448276,ex ex ex contact investor relat todd w garner vice presid investor relat media relat scott lowri vice presid treasur bard announc fourth quarter result murray hill nj januari c r bard inc nyse bcr today report fourth quarter financi result fourth quarter net sale million increas percent prior year period report basi exclud impact foreign exchang fourth quarter net sale increas percent prior year period fourth quarter net sale us million net sale outsid us million increas percent percent respect prior year period exclud impact foreign exchang fourth quarter net sale outsid us increas percent prior year period net sale full year million increas percent prior year period report constant currenc basi fourth quarter net incom million dilut earn per share adjust certain item affect compar period detail tabl fourth quarter net incom million dilut earn per share adjust certain item affect compar period exclud amort intang increas percent percent respect compar fourth quarter result full year net incom million dilut earn per share adjust certain item affect compar period full year net incom million dilut earn per share adjust certain item affect compar period exclud amort intang increas percent percent respect compar full year result timothi ring chairman chief execut offic comment two year ago announc strateg invest plan object shift mix portfolio faster growth invest emerg market new product develop said time expect earli return invest begin back half pleas perform invest plan far deliv acceler organ revenu growth throughout remain focus execut plan object improv long term growth profil compani profit manner add valu sharehold c r bard inc headquart murray hill nj lead multin develop manufactur market innov life enhanc medic technolog field vascular urolog oncolog surgic specialti product press releas may contain forward look statement within mean privat secur litig reform act base manag current expect accuraci necessarili subject risk uncertainti statement histor natur use word anticip estim expect project intend forecast plan believ word similar mean connect discuss futur oper financi perform mani factor may caus actual result differ materi anticip result includ product develop sale effort incom tax matter outcom conting legal proceed econom busi competit regulatori factor compani undertak oblig updat forward look statement pleas refer cautionari statement regard forward look inform septemb form detail inform factor may caus actual result differ materi express impli c r bard inc consolid statement incom dollar share thousand except per share amount unaudit quarter,7bbd140ab46ce5f288a1216bfc088aa18f98c00f3edfbc79375a938959df6980,,,,,,,missing_stock_history,2015
55,HEJFE-5089F8E69B6BC646,47379,6379,KELYA,2013-05-07 15:49:00,2013-05-08T11:30:00Z,2013-05-08,2013-05-08,True,A-EXACT,56460.0,-0.0008127468720195,0.5767918088737201,ex kelyakex kelli servic report st quarter result troy mi may kelli servic inc nasdaq kelya nasdaq kelyb leader provid workforc solut today announc result first quarter carl camden presid chief execut offic announc revenu first quarter total billion decreas compar correspond quarter earn oper first quarter total million compar million report first quarter dilut earn per share continu oper first quarter compar per share first quarter sluggish econom growth saw throughout continu first quarter accompani soften demand temporari labor note camden given tough condit pleas report kelli perform exceed expect deliv oper profit control expens move ahead strateg invest camden acknowledg persist slow pace recoveri may medium term realiti remain confid kelli posit long term growth strategi design modern labor market mind win higher margin busi expand key custom relationship strengthen talent suppli chain growth see profession technic solut outsourc consult group confirm right track kelli also report may board director declar dividend per share dividend payabl june sharehold record close busi may conjunct first quarter earn releas kelli servic inc host confer call et may review result answer question call may access one follow way via telephon us intern pass code kelli servic via internet call also avail via internet kelli servic websit releas contain statement forward look natur accordingli subject risk uncertainti factor includ limit competit market pressur includ price technolog introduct chang market econom condit abil achiev busi strategi includ abil success expand new market servic line materi chang demand loss larg corpor custom impair charg trigger advers industri market develop unexpect termin custom contract avail temporari worker appropri skill requir custom liabil employ relat claim loss includ class action lawsuit collect action liabil improp disclosur sensit privat employe inform unexpect chang claim trend worker compens benefit plan abil maintain specifi financi coven bank facil abil access credit market continu avail financ fund work capit abil sustain critic busi applic key data center abil effect implement manag inform technolog program abil retain servic senior manag local manag field personnel impact chang law regul includ feder state intern tax law net financi impact patient protect afford care act busi risk associ conduct busi foreign countri includ foreign currenc fluctuat risk uncertainti factor discuss releas compani file secur exchang commiss actual result may differ materi forward look statement contain herein intent updat statement kelli servic kelli servic inc nasdaq kelya kelyb leader provid workforc solut kelli offer comprehens,946c2bf2412e8b303bbf0aa3e7b5d387f1cf81fc7dfbb4470a4f7eb847423aa7,2013-05-09,17.09000015258789,16.809999465942383,-0.016383890236718823,-0.002379619260918231,-0.014004270975800592,ok_market_adjusted,2013
56,HEJFE-66BA40A20548B7E3,48486,6565,LRCX,2013-04-24 13:43:00,2013-04-24T20:05:00Z,2013-04-24,2013-04-24,True,A-EXACT,8520.0,0.0013315250235966,0.57847533632287,ex ex ex immedi releas lam research corpor contact shany hudson investor relat phone mail ed rebello corpor commun phone mail lam research corpor report financi result quarter end march fremont calif april lam research corp nasdaq lrcx today announc financi result quarter end march highlight quarter follow deliv shipment million march quarter prior quarter report revenu million march quarter prior quarter report gaap gross margin gaap oper margin gaap dilut ep deliv non gaap gross margin non gaap oper margin non gaap ep complet billion stock buyback reduc share count approxim million share quarter lam research corpor financi highlight quarter end march thousand except per share data percentag us gaap march decemb chang qq revenu oper margin bp net incom dilut ep non gaap march decemb chang qq revenu oper margin bp net incom dilut ep gaap financi result revenu period million gross margin million revenu oper expens million net incom million per dilut share gaap basi compar revenu million gross margin million revenu oper expens million net incom million per dilut share decemb quarter non gaap financi result non gaap gross margin million revenu non gaap oper expens million non gaap net incom million per dilut share compar non gaap gross margin million revenu non gaap oper expens million non gaap net incom million per dilut share decemb quarter lam deliv solid march quarter result underscor abil execut well newli integr compani state martin anstic lam presid chief execut offic great start year continu make progress multi year growth strateg plan build upon technolog leadership key product area strengthen competit differenti page balanc sheet cash flow result cash cash equival short term invest restrict cash invest balanc decreas billion end march quarter plan compar billion end decemb quarter decreas primarili result approxim million stock repurchas offset approxim million cash flow oper activ march quarter defer revenu defer profit balanc end march quarter increas million million respect compar million million respect end decemb quarter lam defer revenu balanc includ shipment japanes custom titl transfer custom accept shipment japanes custom classifi inventori cost time accept anticip futur revenu shipment japanes custom approxim million march geograph distribut geograph distribut shipment revenu march quarter shown follow tabl region shipment revenu north america europ japan korea taiwan asia pacif use non gaap financi result addit us gaap result commentari also contain non gaap financi result compani non gaap result march decemb quarter exclud,18233f965b492e58d6c1b200c7ec687141edca61946f4a690a16873460f753bc,2013-04-25,4.400000095367432,4.561999797821045,0.03681811339599195,0.0011547344110853786,0.03566337898490657,ok_market_adjusted,2013
57,HEJFE-334BAA0D940A418A,51369,10453,TER,2015-01-28 15:49:00,2015-01-28T22:32:00Z,2015-01-28,2015-01-28,True,A-EXACT,6180.0,0.0079567162898885,0.5560165975103735,ex ex ex teradyn report fourth quarter fiscal year result revenu million year year full year revenu quarterli cash dividend million share repurchas program announc q fy fy order mil revenu mil non gaap ep gaap ep north read mass januari teradyn inc nyse ter report revenu million fourth quarter million semiconductor test million system test million wireless test non gaap basi teradyn net incom fourth quarter million per dilut share exclud wireless test goodwil impair charg million pension actuari loss million well acquir intang asset amort discret incom tax adjust gaap net loss fourth quarter million per share order fourth quarter million million semiconductor test million system test million wireless test fiscal year teradyn report revenu million million semiconductor test million wireless test million system test non gaap basi teradyn net incom million per dilut share exclud charg note first quarter ceo retir equiti charg non cash convert debt interest gaap net incom year million per share gaap oper profit declin cash provid oper activ million purchas properti plant equip million fourth quarter wrap strong year teradyn market share cash flow perspect said ceo presid mark jagiela revenu grew driven strong system chip soc demand oper profit grew gener million free cash flow despit expect soften soc test demand cycl harden oper model combin long term outlook market serv provid us confid substanti increas capit return plan teradyn announc board director approv share repurchas program author compani repurchas million common stock open market privat transact million author replac compani exist repurchas program announc board director also declar quarterli cash dividend per share payabl march sharehold record close busi februari intend execut million repurchas author year jagiela continu strong balanc sheet expect futur cash gener provid teradyn flexibl return capit sharehold signific share repurchas program quarterli cash dividend continu invest futur growth strateg busi develop opportun guidanc first quarter revenu million million non gaap net incom per dilut share gaap net incom per dilut share non gaap guidanc exclud acquir intang asset amort gain sale equiti invest relat tax impact non gaap adjust webcast confer call discuss fourth quarter result along manag busi outlook follow et thursday januari interest investor access webcast click investor least five minut call begin present materi avail et replay call also avail teradyn websit non gaap result addit disclos result determin accord gaap teradyn also disclos non gaap result oper exclud certain incom item charg,080c1a89ee284f192528f77374d52427644bf26e79cc0fc0ee27fa32904e453c,2015-01-29,19.239999771118164,18.6200008392334,-0.03222447709253451,0.008040533098358837,-0.04026501019089335,ok_market_adjusted,2015
58,HEJFE-D1D8268651584B6A,52090,7146,MKC,2013-04-01 15:38:00,2013-04-02T10:30:00Z,2013-04-02,2013-04-02,True,A-EXACT,53520.0,-0.0017182670522048,0.5924528301886792,ex ex ex immedi releas mccormick report first quarter financi result reaffirm outlook spark md april mccormick compani incorpor nyse mkc global leader flavor today report first quarter financi result fiscal year reaffirm outlook net sale rose million led growth consum busi sale strong volum product mix report earn per share compar first quarter cash flow oper rose million million prior year reaffirm outlook sale growth local currenc earn per share alan wilson chairman presid ceo comment financi result first quarter includ strong growth consum busi earn per share slightli ahead initi outlook great start cash flow pleas achiev result challeng environ thank employe throughout mccormick deliv high perform contribut success grew consum busi sale innov spice season recip mix region leader zatarain us vahin franc digit media store merchandis brand market support also drove growth first quarter particularli strong perform emerg market increas consum busi sale expect industri busi slower start year compar rate sale growth first quarter industri busi sale declin first quarter demand weak certain market includ quick servic restaur us china although expect recoveri upcom quarter reaffirm overal expect increas sale achiev earn per share mccormick first quarter sale rose led price action taken respons higher materi cost volum product mix ad sale growth first quarter compani expect increas volum product mix consum busi exceed industri busi volum product mix consum busi grew driven mainli product innov brand market support increas three geograph region america europ middl east africa emea asiapacif industri busi volum product mix declin larg due weaker demand quick servic restaur comparison strong growth rate first quarter oper incom million compar year ago period higher sale cost save mccormick comprehens continu improv program cci offset unfavor impact higher materi cost increas approxim million retir benefit expens brand market support million lower first quarter compani spent addit million increas price promot paid allow gain distribut new item earn per share grew first quarter due part favor tax rate higher incom unconsolid oper reduc share outstand cash flow oper million first quarter compar million year ago period improv mainli result slight decreas inventori period versu first quarter inventori use cash due season mccormick busi cash flow oper typic increas significantli second half fiscal year compani reaffirm expect grow sale local currenc larg higher volum product mix expect minim impact foreign currenc exchang rate base current rate compani also reaffirm guidanc increas oper incom includ project,8b6e4805ae5f29e23a5281b445377f66746d430c683052ed76e918760c7ae356,2013-04-03,36.23500061035156,35.79999923706055,-0.01200500527014603,-0.010705702425169328,-0.001299302844976702,ok_market_adjusted,2013
59,HEJFE-0273F1BFCD285E7F,52337,7750,THC,2015-02-23 15:57:00,2015-02-23T21:11:00Z,2015-02-23,2015-02-23,True,A-EXACT,840.0,0.0047740241916157,0.5045454545454545,ex ex ex tenet report adjust ebitda million quarter end decemb dalla februari tenet healthcar corpor nyse thc report adjust ebitda million fourth quarter end decemb increas million percent compar million fourth quarter anoth quarter robust earn growth across entir busi cap tenet strongest year decad said trevor fetter presid chief execut offic strategi captur increment market share combin improv economi expand health coverag gener admiss growth among highest industri conif also achiev record growth continu gain recognit lead provid revenu cycl manag valu base care servic well posit continu drive strong perform discuss result percentag chang oper metric compar q hospit basi unless otherwis note tenet gener hospit growth admiss adjust admiss percent percent respect compar fourth quarter addit compani achiev one strongest quarterli percentag increas hospit commerci volum decad achiev increas pay admiss percent driven part growth commerci admiss surgeri increas percent emerg depart visit increas percent compani estim approxim percent volum growth quarter relat invest servic line develop qualiti improv enhanc physician align independ growth attribut expand insur coverag afford care act aca tenet increas outpati visit percent approxim percent growth organ end tenet oper outpati facil increas facil prior year payer mix improv quarter five state expand medicaid uninsur plu chariti admiss declin admiss percent medicaid admiss increas admiss percent uninsur plu chariti outpati visit decreas visit percent medicaid outpati visit grew visit percent five state across entir compani uninsur plu chariti admiss decreas admiss percent medicaid admiss increas admiss percent declin chariti uninsur outpati visit visit percent increas medicaid outpati visit visit percent page tenet exchang volum admiss outpati visit fourth quarter compar third quarter compani drove increas exchang admiss exchang outpati visit percent percent respect net oper revenu provis doubt account grew million percent billion compar net oper revenu billion fourth quarter tenet drove revenu growth increas patient volum improv term commerci manag care contract grow compani conif servic busi addit california provid fee program contribut million net oper revenu fourth quarter increas million compar million fourth quarter due program approv fourth quarter includ impact california provid fee program relat fourth quarter million hospit basi tenet increas patient revenu net bad debt expens per adjust admiss percent compani grew commerci manag care revenu percent per admiss percent per outpati visit tenet continu increas invest urgent care center lower acuiti gener lower revenu cost per patient encount contribut smaller percentag increas commerci outpati price select,c58471168e4858f73603f163f153a125aa12ce761d71f9b924c31a29b07cbf43,2015-02-24,45.540000915527344,45.290000915527344,-0.0054896792923594395,0.003240643947313382,-0.008730323239672821,ok_market_adjusted,2015
60,HEJFE-6C4EA140AD75FFE2,52337,7750,THC,2015-05-04 15:48:00,2015-05-04T20:05:00Z,2015-05-04,2015-05-04,True,A-EXACT,1020.0,0.0059525410744724,0.5833333333333333,ex ex ex tenet report adjust ebitda million quarter end march dalla may tenet healthcar corpor nyse thc report adjust ebitda million first quarter increas million percent compar million first quarter good quarter tenet character continu strong volum trend second half except result conif ebitda exceed expect said trevor fetter presid chief execut offic also made number import step quarter improv tenet strateg posit expect action enabl us gener faster growth improv margin increas free cash flow includ recent announc joint ventur unit surgic partner intern welsh carson form nation largest network ambulatori surgeri center lead provid ambulatori solut profit health system discuss result percentag chang oper metric compar q hospit basi unless otherwis note tenet gener hospit growth admiss adjust admiss percent percent respect compar first quarter pay admiss increas even stronger percent reflect growth number newli insur patient surgeri increas percent emerg depart visit increas percent compani estim approxim two third volum growth quarter relat invest servic line develop target capit invest tenet increas outpati visit percent approxim percent growth organ end quarter tenet oper outpati facil increas facil prior year metric includ ambulatori surgeri center imag center contribut joint ventur unit surgic partner compani continu benefit declin uninsur chariti volum six state expand medicaid hospit uninsur plu chariti admiss declin admiss percent medicaid admiss increas admiss percent uninsur plu chariti outpati visit decreas visit percent medicaid outpati visit grew visit percent six state compris five state expand medicaid includ arizona california illinoi massachusett michigan pennsylvania expand medicaid includ non expans state hospit uninsur plu chariti admiss decreas admiss percent medicaid admiss increas admiss page percent declin hospit chariti uninsur outpati visit visit percent increas medicaid outpati visit visit percent tenet hospit exchang volum admiss outpati visit first quarter compar fourth quarter compani drove increas exchang admiss exchang outpati visit percent percent respect net oper revenu provis doubt account grew million percent billion compar net oper revenu billion first quarter major compani revenu growth driven percent increas hospit adjust patient admiss percent increas hospit net patient revenu per adjust patient admiss million increas revenu conif non tenet hospit repres growth rate percent year year comparison also benefit outpati develop activ acquisit two hospit open one newli construct hospit select oper expens defin sum salari wage benefit suppli oper expens increas percent per adjust admiss quarter tenet record million electron health record incent first quarter million decreas compar million,09e2f013614b25e3b745a7b6ca6ce5a4919582176cf446bca64b8851050b239c,2015-05-05,50.959999084472656,47.88999938964844,-0.06024332319424308,-0.010099432557655219,-0.05014389063658786,ok_market_adjusted,2015
61,HEJFE-830D52F9F7F1CEEB,53640,7346,MSCC,2012-01-26 14:51:00,2012-01-26T21:00:00Z,2012-01-26,2012-01-26,True,A-EXACT,4140.0,0.0087431162641974,0.6839826839826839,ex vex microsemi report first quarter resultsaliso viejo calif jan prnewswir microsemi corpor nasdaq mscc lead provid semiconductor solut differenti power secur reliabl perform today report unaudit result first quarter fiscal year end jan logo net sale million percent prior year percent prior quarternon gaap dilut ep book bill ratio greater net sale microsemi first quarter achiev record million percent first quarter percent fourth quarter result includ partial quarter contribut zarlink acquisit non gaap gross margin percent basi point prior year first quarter basi point prior quarter non gaap oper margin percent basi point prior year first quarter basi point prior quarter non gaap net incom million per dilut share compar million per dilut share prior year first quarter million per dilut share prior quarter gaap result reflect impact acquisit cost credit facil amend cost non cash amort expens gaap gross margin includ effect non cash purchas account adjust percent basi point prior year first quarter basi point prior quarter gaap oper margin loss percent basi point prior year first quarter basi point prior quarter gaap net loss million per dilut share compar net loss million per dilut share prior year first quarter net incom million per dilut share prior quarter adjust reconcil microsemi gaap non gaap result discuss believ great year microsemi challeng environ transform compani ad organ growth product capabl time compani histori said jame j peterson presid chief execut offic microsemi continu oper focu streamlin busi provid leverag necessari drive profit new height dollar bottom line benefit sharehold microsemi remain focus goalsbusi outlookmicrosemi expect second quarter fiscal year net sale increas percent percent sequenti non gaap basi compani expect earn per dilut share second quarter fiscal year microsemi regularli announc quarterli outlook form issu news releas undertak updat inform public announc reflect subsequ event circumst pleas refer safe harbor statement risk may affect futur actual resultsinform first quarter earn confer call webcast date thursday jan time pm est pm pstto access webcast log go investor section event present listen live webcast visit websit approxim minut prior start call regist download instal necessari audio softwar unabl particip live webcast replay avail shortli call websit daysto particip confer call telephon call approxim pm est pm pst pleas provid follow id number telephon replay avail pm est pm pst thursday jan pm est pm pst thursday feb access replay call pleas enter follow id number non gaap adjustmentsmicrosemi gaap result,e760cca3d0f15af2a837d357056d2c6418f1b0e845a3f3e4c48ffc0056f236cc,,,,,,,missing_stock_history,2012
62,HEJFE-EDF80619CED083CB,56274,3362,CAG,2015-03-25 15:19:00,2015-03-26T11:30:00Z,2015-03-26,2015-03-26,True,B-EXACT,58260.0,0.0085115466637538,0.5303030303030303,ex ex ex news releas inform contact teresa paulsen media vice presid commun extern relat conagra food inc tel chri klinefelt analyst vice presid investor relat conagra food inc tel immedi releas conagra food compar third quarter ep expect fiscal ep guidanc increas fiscal debt reduct goal reaffirm impair charg privat brand fiscal third quarter highlight cite vs year ago period amount applic dilut ep continu oper post loss per share report due signific non cash impair charg vs year ago adjust item impact compar dilut ep quarter ahead expect year ago compar dilut ep consum food post flat volum compar segment oper profit increas commerci food sale compar oper profit grew segment post good domest result lamb weston potato oper good overal effici privat brand compar profit substanti year ago amount due continu competit bid environ execut shortfal privat brand compar profit expect improv fiscal beyond due execut relat initi implement compani recogn pre tax noncash impair charg approxim billion write privat brand goodwil intang asset amount identifi item impact compar due fiscal third quarter ep perform compani rais fiscal dilut ep expect adjust item impact compar compani continu expect repay approxim billion debt fiscal year compani repaid million debt far fiscal year approxim million reflect util proce relat ardent mill transact capit alloc goal unchang previous announc sean connolli began role ceo elect march becom ceo april omaha neb march conagra food inc nyse cag one north america lead food compani today report result fiscal third quarter end feb conagra food page dilut loss per share continu oper fiscal third quarter due signific impair charg vs dilut ep report fiscal third quarter adjust item impact compar compar dilut ep quarter year ago period item impact compar summar toward end releas reconcil regul purpos start page gari rodkin conagra food chief execut offic said pleas perform consum food segment domest commerci food busi well robust effici gener across compani privat brand segment howev significantli expect midst implement initi improv execut drive better perform start fiscal given upcom retir conagra food would like thank sharehold interest encourag support last nine year significantli transform compani year team made signific stride cultur organiz oper marketplac gener consist strong cash flow put us good posit capit next set opportun excit sean connolli compani next ceo look forward watch compani progress leadership consum food segment brand food item sold worldwid retail channel consum food,fb00f03ef03030e9b5ea825b45a0d9473b365812452baaf10c7c188f39176123,2015-03-27,27.120622634887695,28.607004165649414,0.05480632029626231,0.0029455869751500163,0.051860733321112296,ok_market_adjusted,2015
63,HEJFE-0BAF70D8CC8F1631,57665,7906,NKE,2015-03-19 15:58:00,2015-03-19T20:15:00Z,2015-03-19,2015-03-19,True,A-EXACT,1020.0,0.0035139993522756,0.4067796610169492,ex earn releas exhibit investor contact media contact kelley hall kelli leonard nike inc report fiscal third quarter result revenu percent billion percent growth exclud currenc chang dilut earn per share percent worldwid futur order percent percent growth exclud currenc chang inventori februari percent beaverton ore march nike inc nyse nke today report financi result fiscal third quarter end februari dilut earn per share quarter percent due higher revenu result continu strong demand nike inc brand gross margin expans partial offset higher sga invest higher effect tax rateour strong third quarter result show growth strategi work even challeng macroeconom condit said mark parker presid ceo nike inc nike abil deliv consist sharehold valu due strength brand relentless commit innov power portfolio allow us invest opportun highest potenti growth well manag riskthird quarter incom statement review revenu nike inc rose percent billion percent currenc neutral basi revenu nike brand billion percent currenc neutral basi driven growth everi geographi key categoriesrevenu convers million percent currenc neutral basi mainli driven continu growth time shipment north america transit direct distribut ag austria germani switzerland growth direct consum dtc busi gross margin expand basi point percent gross margin benefit continu shift mix higher margin product partial offset higher product input wareh cost sell administr expens increas percent billion demand creation expens million flat prior year increas invest digit brand market sport market offset lower advertis expens due product launch time oper overhead expens increas percent billion reflect growth dtc busi target invest infrastructur consum focus digit capabl incom net million compris primarili net foreign exchang gain quarter compani estim year year chang foreign currenc relat gain loss includ incom net combin impact chang exchang rate translat foreign currenc denomin profit decreas pretax incom approxim million effect tax rate percent compar percent period last year primarili due impact tax expens intercompani transact partial offset retroact reinstat us research develop tax credit net incom increas percent million driven strong revenu growth gross margin expans dilut earn per share increas percent reflect percent declin weight averag dilut common share outstand februari balanc sheet review inventori nike inc billion percent februari driven percent increas nike brand wholesal inventori well higher inventori associ growth dtc nike brand wholesal inventori higher due percent increas unit chang averag product cost per unit combin impact chang foreign currenc exchang rate decreas growth approxim percentag point cash short term invest billion million higher last,a0746bcea4271a370cfd510ee7cd09a4be757a34b31d08c51c55471bf20782ec,2015-03-20,51.314998626708984,50.9900016784668,-0.006333371469156135,0.0033003300330034513,-0.009633701502159586,ok_market_adjusted,2015
64,HEJFE-332D5C6DC3ACE6B1,57809,7921,NDSN,2015-05-19 15:35:00,2015-05-19T20:30:00Z,2015-05-19,2015-05-19,True,B-EXACT,3300.0,0.0054768596492004,0.4663677130044843,ex nordson corpor report fiscal year second quarter result sale quarter million gaap dilut ep unfavor currenc translat impact second quarter sale ep compar prior year million respect free cash flow dividend quarter million reflect strong cash convers net incom pro forma week order rate increas percent period year ago third quarter guidanc sale expect increas percent prior year inclus percent organ volum growth gaap dilut ep rang westlak ohio busi wire may nordson corpor nasdaq ndsn today report result second quarter fiscal year quarter end april sale million percent decreas prior year second quarter chang sale includ percent increas organ volum percent increas relat first year effect acquisit neg percent impact relat unfavor effect currenc translat oper profit million net incom million dilut earn per share prior year second quarter sale oper profit net incom dilut earn per share million million million respect reconcili gaap dilut ep normal amount calcul free cash flow includ attach tabl global team continu execut challeng macroeconom environ nordson deliv solid quarter revenu oper profit earn per share within rang expect said nordson presid chief execut offic michael f hilton underli busi remain sound total compani organ sale volum growth posit quarter sequenti basi result demonstr continu strength busi model leverag solid top line growth percent gener increment oper margin percent free cash flow quarter dividend million balanc sheet signific capac ongo invest return valu directli sharehold quarter invest million repurchas share distribut approxim million dividend also continu develop releas innov product quarter maintain focu varieti continu improv initi look ahead current backlog order rate project list continu support view strong organ growth third quarter second quarter segment result sale volum adhes dispens system decreas percent compar second quarter year ago strength rigid packag nonwoven inject mold gener assembl end market offset soft extrus pellet end market said hilton adhes dispens segment oper margin second quarter percent advanc technolog system second quarter sale volum increas percent prior year inclus percent decreas organ volum percent increas relat first year effect acquisit strong demand surfac treatment test inspect solut electron end market fluid manag compon serv medic industri end market offset lower demand autom dispens system oper margin advanc technolog segment percent second quarter industri coat system organ sale volum increas percent compar second quarter year ago segment gener strong organ growth product line driven consum durabl automot industri food beverag end market said hilton industri,e01333c8913c36c3f851d7e0e0097d196fc2bdd7a88cfe65f54fe46766e9476a,2015-05-20,82.19000244140625,82.79000091552734,0.007300139387985016,-0.0012885269559839152,0.008588666343968931,ok_market_adjusted,2015
65,HEJFE-7ED8DBD4804E4330,57817,7922,JWN,2015-02-19 14:29:00,2015-02-19T21:05:00Z,2015-02-19,2015-02-19,True,A-EXACT,5760.0,0.0042824043511962,0.446236559139785,ex ex jwn ex releas investor contact trina schurmanfebruari pm pst nordstrom inc media contact dan evan nordstrom inc nordstrom fourth quarter fiscal year earn line expectationsachiev sale growth percent compar sale increas percent yearseattl wash februari nordstrom inc nyse jwn today report fiscal earn per dilut share line compani full year outlook year compani open three full line store includ first store canada nordstrom rack store launch acquir trunk club growth initi contribut net sale growth percent compar period last year compar sale increas percent fiscal exceed compani full year outlook approxim percentfor fourth quarter end januari earn per dilut share compar quarter last year net sale increas percent compar sale increas percent compar period last yearfourth quarter summari fourth quarter net earn million compar million period last year earn interest tax million percent net sale compar million percent net sale quarter last year trunk club acquisit reduc earn interest tax fourth quarter million total compani net sale billion fourth quarter increas percent compar net sale billion period fiscal total compani compar sale fourth quarter increas percent top last year increas percent nordstrom compar sale consist full line busi increas percent top perform merchandis categori includ cosmet accessori men apparel full line net sale increas percent compar period fiscal period reflect two us store open sinc fourth quarter fiscal full line compar sale increas percent rel last year repres improv year date trend southeast southwest region top perform geograph area net sale increas percent top last year increas percent nordstrom rack net sale increas million percent compar period fiscal reflect increment volum exist store impact new store sinc fourth quarter fiscal nordstrom rack compar sale increas percent top last year compar sale increas percent net sale increas percent top last year increas percent primarili driven expand merchandis select associ launch gross profit percentag net sale percent decreas basi point compar period fiscal primarili due increas markdown nordstrom rack sell gener administr expens percentag net sale percent increas basi point compar period fiscal primarili due expens relat acquisit trunk club ongo technolog fulfil invest effect tax rate fourth quarter increas percent versu expect tax rate approxim percent due tax adjust relat reassess defer tax asset nordstrom reward loyalti program continu play import role reach new custom strengthen exist custom relationship compani open approxim new account fourth quarter quarter compani repurchas million share common stock million total billion remain exist share,8ae86f99bc43e2a4d227e86b74fe122b18fa0cf3032f63761df6711e43a253a3,,,,,,,missing_stock_history,2015
66,HEJFE-76DCF0FCA248E814,59192,3024,CB,2012-01-26 12:17:00,2012-01-26T21:03:00Z,2012-01-26,2012-01-26,True,B-EXACT,13560.0,0.0077813386749311,0.4216867469879518,ex press releas date januari press releas date januari news chubb corpor chubb corpor mountain view road po box warren new jersey telephon immedi releas chubb report fourth quarter net incom per share oper incom per share combin ratio net incom per share oper incom per share combin ratio compani expect oper incom per share rang warren new jersey januari chubb corpor nyse cb today report net incom fourth quarter million per share compar million per share fourth quarter oper incom compani defin net incom exclud tax realiz invest gain loss million compar million fourth quarter oper incom per share declin net written premium fourth quarter increas billion billion premium us outsid us local currenc fourth quarter combin loss expens ratio impact catastroph combin ratio percentag point fourth quarter loss catastroph occur fourth quarter partial offset downward revis estim loss hurrican iren catastroph occur earlier year impact catastroph fourth quarter point exclud impact catastroph combin ratio expens ratio fourth quarter properti casualti invest incom tax fourth quarter declin million million net incom fourth quarter includ net realiz invest loss million tax per share tax net incom fourth quarter reflect net realiz invest gain million tax per share tax amount period larg relat compani altern invest fourth quarter chubb repurchas million share common stock total cost million averag cost per share averag dilut share outstand fourth quarter million million book valu per share decemb compar end third quarter decemb full year result year end decemb net incom billion per share compar billion per share year end decemb oper incom total billion billion oper incom per share declin net written premium increas billion billion exclud effect foreign currenc translat premium premium us outsid us local currenc combin ratio compar impact catastroph account percentag point combin ratio point exclud impact catastroph combin ratio expens ratio year properti casualti invest incom tax flat billion net incom includ net realiz invest gain million tax per share tax net incom reflect net realiz invest gain million tax per share tax amount period larg relat compani altern invest chubb repurchas million share common stock total cost billion averag cost per share averag dilut share outstand million million chubb solid fourth quarter oper incom per share combin ratio said john finnegan chairman presid chief execut offic pleas record billion net incom year despit unpreced level catastroph loss reflect strong underli perform three busi unit fourth quarter especi encourag,21c9fb3b9cd14a093f5f710d0be812243625414800177d3af911a78d9a42e61f,2012-01-27,70.72000122070312,69.45999908447266,-0.017816771980790125,0.004380475594493172,-0.022197247575283297,ok_market_adjusted,2012
67,HEJFE-D9C52E6CC595C380,60871,1632,ADI,2015-02-17 14:05:00,2015-02-17T21:05:00Z,2015-02-17,2015-02-17,True,A-EXACT,7200.0,0.0067073943148952,0.4085106382978724,ex analog devic report first quarter fiscal year result increas quarterli cash dividend percent norwood mass busi wire februari analog devic inc nasdaq adi global leader high perform semiconductor signal process applic today announc financi result first quarter fiscal year end januari execut well first quarter result near high end guidanc rang year year revenu growth said vincent roch presid ceo typic happen order rate improv januari particularli industri automot end market remain strong thu far accordingli plan strong growth second quarter signific oper leverag also increas quarterli cash dividend reflect long term confid busi adi announc board director approv increas quarterli cash dividend per outstand share common stock quarterli dividend declar board director paid march sharehold record close busi februari addit inform pleas visit adi financi press releas page result first quarter fiscal year revenu total million sequenti year year gaap gross margin revenu non gaap gross margin revenu gaap oper margin revenu non gaap oper margin revenu gaap dilut ep non gaap dilut ep pleas refer schedul provid summari revenu earn select balanc sheet inform cash flow statement first quarter fiscal year well immedi prior year ago quarter addit inform revenu end market provid schedul complet tabl cover prior period avail outlook second quarter fiscal year follow statement base current expect indic present gaap non gaap basi statement forward look actual result may differ materi result among thing import factor discuss end releas statement supersed prior statement regard busi outlook set forth prior adi news releas adi disclaim oblig updat forward look statement gaap non gaapadjust non gaap revenu million million gross margin approx million approx oper expens approxim flat million sequenti interest expens million million tax rate approx approx earn per share reflect estim adjust amort purchas intang asset repres impact amort purchas intang asset per share basi confer call schedul pm et adi host confer call discuss first quarter result short term outlook today begin pm et investor may join via webcast access telephon call ten minut call begin provid password adi replay avail two hour complet call replay may access two week dial replay provid confer id visit non gaap financi inform releas includ non gaap financi measur accord altern gener accept account principl may differ non gaap measur use compani addit non gaap measur base comprehens set account rule principl schedul press releas provid reconcili compani histor non gaap measur gaap measur manag use,13c7876e32da3d0bb806ba33c7f406648812655aa8240a7046abf4851c8dbf4c,2015-02-18,58.400001525878906,58.380001068115234,-0.00034247358289551943,0.0022632770145796233,-0.0026057505974751427,ok_market_adjusted,2015
68,HEJFE-09EB83905864C50A,60871,1632,ADI,2015-05-19 15:15:00,2015-05-19T20:00:00Z,2015-05-19,2015-05-19,True,A-EXACT,2700.0,0.0106164194445901,0.1962616822429906,ex analog devic report second quarter fiscal year result revenu increas record million non gaap dilut earn per share increas norwood mass busi wire may analog devic inc nasdaq adi global leader high perform semiconductor signal process applic today announc financi result second quarter fiscal year end may success second quarter driven qualiti innov divers busi strong execut said vincent roch presid ceo revenu increas record million oper model gener strong cash flow dilut earn per share growth well ahead revenu growth look ahead book bill ratio posit second quarter see stabl order rate across end market result plan sequenti growth third quarter revenu rang million million adi also announc board director declar cash dividend per outstand share common stock dividend paid june sharehold record close busi may addit inform pleas visit adi financi press releas page result second quarter fiscal year revenu total million sequenti year year gaap gross margin revenu non gaap gross margin revenu gaap oper margin revenu non gaap oper margin revenu gaap dilut ep non gaap dilut ep pleas refer schedul provid summari revenu earn select balanc sheet inform cash flow statement second quarter fiscal year well immedi prior year ago quarter addit inform revenu end market provid schedul complet tabl cover prior period avail outlook third quarter fiscal year follow statement base current expect indic present gaap non gaap basi statement forward look actual result may differ materi result among thing import factor discuss end releas statement supersed prior statement regard busi outlook set forth prior adi news releas adi disclaim oblig updat forward look statement gaap non gaapadjust non gaap revenu million million gross margin approx million approx oper expens million interest expens million million tax rate approx approx earn per share reflect estim adjust amort purchas intang asset repres impact amort purchas intang asset per share basi confer call schedul pm et adi host confer call discuss second quarter result short term outlook today begin pm et investor may join via webcast access telephon call ten minut call begin provid password adi replay avail two hour complet call replay may access two week dial replay provid confer id visit non gaap financi inform releas includ non gaap financi measur accord altern gener accept account principl may differ non gaap measur use compani addit non gaap measur base comprehens set account rule principl schedul press releas provid reconcili compani histor non gaap measur,b28740dd87c28c88212e2fa0455c59ae693ac549daf59bd7723c9a1c79d79abf,2015-05-20,64.19999694824219,66.18000030517578,0.03084117525005281,-0.0012885269559839152,0.032129702206036725,ok_market_adjusted,2015
69,HEJFE-B46D4F8F72DD0212,61241,1161,AMD,2013-10-17 14:40:00,2013-10-17T20:15:00Z,2013-10-17,2013-10-17,True,A-EXACT,5700.0,-0.0009936565407081,0.4838709677419355,ex ex ex news releas media contact drew prairi investor contact ruth cotter amd report third quarter result compani return profit product diversif strategi result amd revenu billion increas percent sequenti percent year year gross margin percent oper incom million non gaap oper incom million net incom million earn per share non gaap net incom million earn per share sunnyval calif oct amd nyse amd today announc revenu third quarter billion oper incom million net incom million per share compani report non gaap oper incom million non gaap net incom million per share amd return profit gener free cash flow third quarter continu success execut strateg transform plan outlin year ago said rori read amd presid ceo achiev percent sequenti revenu growth driven semi custom busi remain commit gener approxim percent revenu high growth market next two year develop industri lead technolog remain core middl multi year journey redefin amd leader across divers set growth market gaap financi result revenu b b b oper incom loss net incom loss earn loss per share non gaap financi result revenu b b b oper incom loss net incom loss earn loss per share quarterli financi summari gross margin percent gross margin decreas sequenti gross margin includ million benefit approxim percentag point sale inventori previous reserv compar similar million benefit approxim percentag point cash cash equival market secur balanc includ long term market secur billion end quarter slightli target optim level billion comput solut segment revenu decreas percent sequenti decreas percent year year sequenti year year declin due decreas notebook chipset unit shipment partial offset increas desktop unit shipment oper incom million compar oper incom million oper loss million oper loss includ inventori write approxim million primarili consist first gener seri acceler process unit apu microprocessor averag sell price asp flat sequenti decreas year year graphic visual solut gv compris graphic process unit gpu includ profession graphic well semi custom product develop game consol royalti gv segment revenu increas percent sequenti increas percent year year driven larg semi custom busi gpu revenu declin sequenti year year third quarter custom began transit new product late quarter oper incom million compar breakeven million gpu asp decreas sequenti year year recent highlight amd announc amd radeon r r seri graphic card base award win graphic core next gcn architectur amd radeon r seri graphic card support amd mantl technolog enabl game develop easili har full capabl,707676a794059397ab9abbc281d30bc5a2a3f17d9c85eea98e7296e356cf6477,2013-10-18,3.559999942779541,3.5299999713897705,-0.008426958391001382,0.003057905009759221,-0.011484863400760603,ok_market_adjusted,2013
70,HEJFE-2FD552B9358078C6,61516,2220,BIO,2013-05-07 15:55:00,2013-05-07T20:15:00Z,2013-05-07,2013-05-07,True,A-EXACT,1200.0,-0.0100206521338263,0.6451612903225806,ex bio earn releas bio ex immedi releasebio rad report first quarter financi result hercul ca may bio rad laboratori inc nyse bio biob multin manufactur distributor life scienc research clinic diagnost product announc financi result today first quarter end march first quarter report revenu million compar million report first quarter result includ million sale result compani acquisit abd serotec januari currenc neutral basi quarterli revenu increas compar period last year first quarter gross margin compar quarter last year year year reduct gross margin first quarter reflect unfavor sale mix inclus amort expens relat acquisit higher manufactur cost increas royalti licens accrual obsolet inventori cost associ new medic devic tax us net incom attribut bio rad first quarter million per share fulli dilut basi compar million per share period last year lower net incom first quarter versu first quarter reflect lower gross profit higher rel sga expens larg due employe expens associ acquisit invest new system well decreas incom due higher realiz gain sale equiti invest first quarter result somewhat offset lower tax rate due retroact reinstat us research develop tax creditw continu see soft research market impact result first quarter said norman schwartz bio rad presid chief execut offic soft togeth number oper factor affect profit first quarter sale growth slow outlook remaind year cautious optimist morelif scienc life scienc segment net sale first quarter million compar period last year currenc neutral basi life scienc segment sale increas compar first quarter result first quarter benefit increas sale droplet digit pcr product proteon xpr protein interact array system reagent well sale antibodi reagent result compani acquisit abd serotec abd serotec one world lead antibodi manufactur offer antibodi kit accessori acquisit provid bio rad access comprehens catalog antibodi power vitro antibodi gener technolog enabl valid total assay solut bio rad research platform western blot multiplex protein express elisa cell sort product line growth life scienc segment first quarter offset continu challeng research spend environ particularli us europeclin diagnosticsnet sale clinic diagnost segment first quarter million increas compar first quarter currenc neutral basi net sale compar period last year first quarter clinic diagnost segment growth across product line notabl qualiti control diabet product well placement bioplex system februari bio rad inpeco lead compani field laboratori autom enter develop agreement build interfac bio rad clinic diagnost platform diabet autoimmun diseas infecti diseas test inpeco flexlab system agreement provid clinic diagnost lab complet integr,c5784ca35e32b3ec021a6c44e214558a244e798a770006baadaca80423006d45,2013-05-08,113.7300033569336,118.37000274658203,0.04079837556221744,0.0056282538342480315,0.035170121727969406,ok_market_adjusted,2013
71,HEJFE-C85CE64DFF947CFD,66683,8901,RES,2012-01-24 15:20:00,2012-01-25T12:22:00Z,2012-01-25,2012-01-25,True,A-EXACT,57720.0,,,,,,,,,,,,2012
72,HEJFE-7B8A1A0CD3E2966F,70332,11923,APC,2013-05-06 13:27:00,2013-05-06T22:15:00Z,2013-05-06,2013-05-06,True,B-EXACT,17280.0,0.0054683718510682,0.5836734693877551,ex anadarko press releas date may anadarko press releas date may news anadarko announc first quarter result increas full year sale volum guidanc houston may anadarko petroleum corpor nyse apc today announc first quarter net incom attribut common stockhold million per share dilut result includ certain item typic exclud invest commun publish estim total item decreas net incom approxim million per share dilut tax basi cash flow oper activ first quarter approxim billion discretionari cash flow total billion first quarter highlight achiev record daili sale volum barrel oil equival boe monet asset total billion initi oil product el merk project algeria deliv outstand deepwat success gulf mexico shenandoah basin record first quarter result reflect commit acceler valu increas product core oper area select monet asset deliv larg scale project budget said anadarko presid ceo al walker achiev percent year year increas oil sale volum primarili driven barrel per day growth us onshor asset plu benefit acceler tanker lift jubile addit monet billion asset includ million carri interest agreement heidelberg achiev first oil el merk develop algeria im also proud activ global deepwat explor program continu deliv industri lead success differenti valu oper summari anadarko report total sale volum million boe boe per day first quarter liquid sale volum averag boe per day includ barrel oil per day natur ga volum averag approxim billion cubic feet per day result perform anadarko increas full year sale volum guidanc rang million boe previou rang million boe anadarko wattenberg field achiev record quarterli sale volum averag boe per day includ percent increas liquid sale volum first quarter eagleford shale also deliv record perform surpass product mileston million boe quarter total liquid sale volum averag approxim barrel per day repres percent increas first quarter anadarko also achiev record sale volum quarter marcellu shale east texa horizont play permian oil asset quarter anadarko partner achiev first oil el merk project algeria product el merk expect steadili increas throughout net barrel oil per day addit product facil field brought line explor summari anadarko partner announc two new success deepwat well gulf mexico emerg shenandoah basin anadarko shenandoah well locat walker ridg block encount net feet oil pay establish shenandoah one compani largest gulf mexico oil discoveri date addit coronado well locat walker ridg block encount net feet oil pay drill activ nearbi yucatan well walker ridg block ongo subsequ quarter end anadarko announc phobo discoveri locat sigsbe,bb4f8e489e1f8e7f70d9d6052b3050a8222aa83d94e5a61d98d5218c389b1b81,,,,,,,missing_stock_history,2013
73,HEJFE-824BABBAD988A068,70616,9715,SYMM,2012-01-25 14:54:00,2012-01-25T21:18:00Z,2012-01-25,2012-01-25,True,A-EXACT,5040.0,0.0114198526279262,0.5495867768595042,ex press releas press releas contact dan madden vp financ investor relat symmetricom report second quarter fiscal year financi result solid quarter quarter revenu momentum net revenu million fiscal non gaap net incom million per share gaap net incom million per share free cash flow million san jose calif januari symmetricom inc nasdaq symm worldwid leader precis time frequenc technolog today report financi result second quarter fiscal year end januari net revenu second quarter fiscal million million compar first quarter fiscal driven higher shipment packetimetm product continu solid perform overal govern enterpris busi symmetricom report net incom million per share second quarter fiscal compar net incom million per share first quarter fiscal non gaap net incom second quarter fiscal million per share compar million per share report first quarter fiscal cash cash equival short term invest total million januari increas million million report octob reflect strong cash inflow oper offset approxim million stock repurchas second quarter fiscal net cash gener oper activ second quarter million due part decreas inventori subtract approxim million properti plant equip purchas free cash flow approxim million symmetricom deliv solid perform second quarter revenu high end expect see continu momentum commun govern enterpris busi strong custom demand solut said dave ct presid chief execut offic symmetricom execut growth initi revenu stream becom even diversifi product custom geographi remain focus deliv profit growth creat long term valu sharehold symmetricom report second quarter financi result januari page busi result revenu commun busi second quarter fiscal million compar million report first quarter fiscal million report second quarter fiscal revenu govern enterpris busi second quarter fiscal million compar million report first quarter fiscal million report second quarter fiscal third quarter guidanc symmetricom guidanc third quarter fiscal follow net revenu expect rang million million gaap earn per share expect rang non gaap earn per share expect rang reconcili gaap non gaap guidanc provid end press releas investor confer call previous announc manag hold confer call discuss result today pm pacif time investor invit join confer call dial referenc symmetricom live webcast also avail investor relat section compani websit audio replay avail one week access dial symmetricom inc symmetricom nasdaq symm world leader precis time solut set world standard time compani gener distribut appli precis time commun aerospacedefens infrastructur metrolog industri symmetricom custom commun servic provid network equip manufactur govern supplier worldwid abl build reliabl network system use compani advanc time technolog,3c1136e5067a6fe09f0d562a4d285e0637bc4b5440b9a7560c20d6bef0291717,,,,,,,missing_stock_history,2012
74,HEJFE-EC5EB2BE0D97833F,72726,10035,STT,2015-01-22 15:50:00,2015-01-23T10:52:00Z,2015-01-23,2015-01-23,True,B-EXACT,50520.0,0.0099878364795916,0.5193133047210301,ex q earn press releas one lincoln streetboston unit state americanew releas investor contact anthoni ostlermedia contact hannah grove state street report fourth quarter gaap basi ep revenu billion full year gaap basi ep revenu billionfourth quarter oper basi ep revenu billion compar fourth quarter full year oper basi ep revenu billion compar full year boston januari announc today financi result joseph l hooley state street chairman chief execut offic said fourth quarter full year result reflect strength across asset servic asset manag busi despit low interest rate environ revenu experienc solid growth compar asset servic asset manag result oper basi total fee revenu exceed percent focu develop deliv solut serv client evolv need continu posit us well strong global growth trend result achiev new asset servic commit trillion includ approxim billion fourth quarter net new asset manag approxim billion includ approxim billion fourth quarter hooley continu pleas complet busi oper inform technolog transform program end plan want acknowledg effort entir state street team help us complet import initi manag expens continu drive effici remain ongo prioriti despit continu pressur regulatori cost hooley conclud recent submit capit plan review feder reserv continu emphas return capit sharehold dividend common stock purchas program purchas approxim million common stock fourth quarter billion sinc april current billion common stock purchas program effect march fourth quarter gaap basi result earn per common share ep decreas third quarter increas fourth quarter fourth quarter result includ net tax charg million per share increas legal accrual associ indirect foreign exchang matter fourth quarter result also includ net tax restructur charg million per share relat complet busi oper inform technolog transform program net incom avail common sharehold million decreas million third quarter million fourth quarter revenu billion increas billion third quarter billion fourth quarter net interest revenu million increas million third quarter decreas million fourth quarter provis loan loss million increas million third quarter decreas million fourth quarter expens billion increas billion third quarter billion fourth quarter return averag common sharehold equiti roe decreas third quarter fourth quarter full year gaap basi result ep increas revenu increas billion billion expens increas billion billion roe decreas non gaap financi measur addit present state street financi result conform us gener accept account principl gaap manag also present result non gaap oper basi order highlight compar financi trend respect state street busi oper period period non gaap measur substitut superior measur present,cf5f3822914b48b7c0d1fe104709a6d566cfd70755b68d09e6a9a30981546906,2015-01-26,71.48999786376953,73.27999877929688,0.025038480473007496,0.0036116651393456323,0.021426815333661864,ok_market_adjusted,2015
75,HEJFE-D51AC412EDF93AA8,75070,12471,INT,2015-04-30 15:40:00,2015-05-01T00:09:00Z,2015-04-30,2015-04-30,True,A-EXACT,16140.0,0.002761826422421,0.7484472049689441,ex world fuel servic corpor report record first quarter earn gener million oper cash flow first quarter miami busi wire april world fuel servic corpor nyse int today report first quarter net incom million dilut earn per share compar million dilut earn per share first quarter exclud impact previous disclos retir former aviat segment presid defer revenu purchas account adjust adjust first quarter net incom million dilut earn per share non gaap net incom dilut earn per share first quarter exclud share base compens amort acquir intang asset cost associ aforement retir defer revenu adjust million respect compar million strength busi model divers market serv us well post solid result first quarter state michael j kasbar chairman chief execut offic world fuel servic corpor continu develop global energi logist transact manag payment process platform within exist market product expand adjac provid us sustain growth compani aviat segment gener gross profit million increas million sequenti million year year compani marin segment gener gross profit million decreas million sequenti increas million year year compani land segment post gross profit million decreas million sequenti increas million year year gener million oper cash flow first quarter mark eleventh consecut quarter posit cash flow oper total million period said ira birn execut vice presid chief financi offic continu drive oper excel across busi segment deliv solid return sharehold non gaap financi measur non gaap financi measur exclud cost associ share base compens amort acquir intang asset defer revenu purchas account adjust expens relat acquisit watson petroleum termin employ agreement primarili believ reflect compani core oper result believ exclus share base compens oper expens use given variat expens result chang fair valu common stock effect unrel oper condit give rise variat compon oper cost also believ exclus amort acquir intang asset expens relat acquisit watson petroleum termin employ agreement use purpos evalu oper perform core oper result compar period period accord fair valu provis applic account busi combin acquir defer revenu often record open balanc sheet amount lower histor carri valu although acquisit account requir impact busi cash flow advers impact report gaap revenu report period follow acquisit believ exclus defer revenu purchas account adjust use investor addit mean reflect trend busi provid investor financi inform facilit comparison histor futur result believ non gaap financi measur consid conjunct financi inform prepar accord gaap use investor aid evalu ongo financi perform compani provid greater transpar supplement inform,0db7cf5dbed1a1e13a5f5f591e083b98db2524e0ea65ce1bbb3251818a35fa27,,,,,,,missing_stock_history,2015
76,HEJFE-9B43F5B767ECD0FA,75342,14790,MTH,2013-04-23 14:24:00,2013-04-24T12:00:00Z,2013-04-24,2013-04-24,True,A-EXACT,63360.0,0.0248863632230333,,ex mth mth qexhibit immedi releas contact brent anderson vp investor relat offic home report result first quarter includ growth order increas revenu dilut ep scottsdal ariz april globe newswir meritag home corpor nyse mth lead us homebuild today announc first quarter result period end march summari oper result unauditeddollar thousand except per share amount three month end march chghome close unit home close revenu averag sale price close home order unit home order valu averag sale price order end backlog unit end backlog valu averag sale price backlog net incomeloss nmdilut ep nmmanag commentsw continu achiev signific gain virtual everi key metric target across state first quarter said steven j hilton chairman chief execut offic meritag home grew first quarter order close backlog averag price revenu gross margin pretax margin significantli prior year metric reach height seen mani year believ strong perform due sound strategi oper execut well healthier market condit evid spring sell seasonh demand greater suppli home avail sale mani area oper caus home price increas mr hilton explain meet higher demand open new commun first quarter also grew activ commun count highest point almost four year addit order per averag commun quarter increas even rais price mani commun result receiv order home increas total order valu compar first quarter price home limit number lot releas sale commun better manag order volum rel product capac maxim profit communitiesstrong growth meritag end quarter activ commun march end meritag establish solid posit new carolina market sinc open end end first quarter activ sell commun four march order per averag commun increas first quarter prior year period order cancel rate declin first quarter compar first quarter close revenu order order valu end backlog increas everi state first quarter california led area increas close revenu increas total order valu compani highest averag price order per commun first quarter averag sale price home order reach highest point sinc fourth quarter larg reflect continu shift order toward state meritag averag home price highest california colorado carolina florida four state made compani first quarter order total order valu increas total order total order valu first quarter last year oper leverag net incom increas million first quarter million per dilut share loss million per share first quarter primarili due higher home close revenu gross margin supplement leverag overhead expens home close revenu increas prior year result close increas averag price home close quarter home close,0b2462a7bc16bb7127d9ad838fe3d0aff4bafaf2a2c459d3da4d88600a203d59,2013-04-25,24.520000457763672,24.594999313354492,0.0030586808397499166,0.0011547344110853786,0.001903946428664538,ok_market_adjusted,2013
77,HEJFE-2D6ABDFDE39E5919,75342,14790,MTH,2013-07-23 15:18:00,2013-07-24T11:00:00Z,2013-07-24,2013-07-24,True,A-EXACT,56520.0,0.0224692361318335,0.5175438596491229,ex mth mth qexhibit immedi releas contact brent anderson vp investor relat offic home report result second quarter growth order increas home close revenu home close gross margin dilut ep scottsdal ariz juli globe newswir meritag home corpor nyse mth lead us homebuild today announc second quarter result period end june summari oper result unauditeddollar thousand except per share amount three month end june six month end june chg chghome close unit home close revenu averag sale price close home order unit home order valu averag sale price order end backlog unit end backlog valu averag sale price backlog net earn dilut ep manag commentsth second quarter anoth quarter strong growth continu signific improv across oper metric said steven j hilton chairman chief execut offic meritag home ninth consecut quarter posit year year growth order seventh consecut quarter growth close revenu year year importantli earn continu grow much higher rate revenu gross margin home close increas addit oper leverag drove year year net earn growth increas home close revenuedespit recent rise interest rate home price afford remain excel demand new home continu strong market evidenc pace order increas last quarter pace well second quarter mr hilton explain competit land market also pleas abil acquir new lot posit addit growth increas total lot suppli lot quarter put new lot control second highest number lot acquir last six quarter continu seek new opportun expand footprint also alloc capit grow within exist marketsstrong growth total order valu second quarter increas year year due increas averag price increas total order total order valu backlog grew everi state except nevada compani ceas oper averag sale price approxim order highest meritag eight year reflect combin greater portion order higher price commun addit home price appreci end backlog valu increas second quarter combin increas averag sale price growth unit colorado carolina florida led growth backlog valu respect prior year meritag expans charlott earli last year account growth carolina order per averag commun increas second quarter second quarter first quarter meritag end quarter activ commun june order cancel rate fell second quarter compar prior year oper leverag net earn second quarter increas year year million per dilut share compar million per dilut share primarili due higher home close revenu gross margin coupl overhead expens leverag home close revenu increas year year due increas averag price top increas total home close second quarter everi state grew prior year close,b6c9750c519938e2a37e2a5c877e9983182110a55f76e46efda5f8d9299d108b,2013-07-25,22.940000534057617,21.850000381469727,-0.04751526273809947,0.004189472261639349,-0.05170473499973882,ok_market_adjusted,2013
78,HEJFE-FBA59D82CEE8FD00,75654,16188,CGNX,2015-02-12 14:04:00,2015-02-12T21:06:00Z,2015-02-12,2015-02-12,True,A-EXACT,7320.0,0.009612790153157,0.3809523809523809,ex cognex report record result natick mass busi wire februari cognex corpor nasdaq cgnx today announc compani set new annual record revenu net incom earn per share select financi data quarter year end decemb compar third quarter fourth quarter year end decemb tabl reconcili certain financi measur gaap non gaap shown news releas tabl revenu net incom net incom perdilut share quarterli comparison current quarter prior year quarter chang prior quarter chang year date comparison year end decemb year end decemb chang notabl contributor compani result million revenu singl custom million recogn fabul year cognex report highest annual revenu net incom earn per share year histori said dr robert j shillman chairman cognex addit oper margin expand driven substanti leverag busi model level dramat increas report achiev despit signific invest made sale engin year proud outstand perform great see ongo effort new product develop sale channel expans deliv impress result said robert j willett chief execut offic cognex made signific progress area give us substanti momentum head mr willett continu expect strong revenu growth year year gross margin mid rang plan continu invest engin sale necessari deliv opportun see come later year detail quarter statement oper highlight fourth quarter revenu increas decreas growth year year came factori autom market surfac inspect set new quarterli revenu record sequenti basi growth market overshadow substanti revenu singl custom repeat currenc exchang rate fluctuat reduc revenu growth percentag point year year percentag point sequenti gross margin compar gross margin decreas year year due revenu mix higher proport revenu came surfac inspect system servic year ago research develop engin rde expens increas decreas rde increas year year due cognex invest engin personnel higher outsid servic relat new product develop stock option expens rde decreas sequenti basi due time new product develop effort lower bonu accrual sell gener administr sga expens increas decreas sga increas year year due invest made cognex sale support organ stock option expens sga decreas sequenti basi due time market initi lower spend sale demonstr equip impact currenc exchang rate fluctuat compani intern oper tax rate compar exclud discret tax item tax rate period present tax adjust summar balanc sheet highlight decemb cognex financi posit decemb continu strong debt million cash invest cognex spent million repurchas share common stock averag price per share cognex repurchas share offset potenti dilut employe stock option award compani believ instrument abil recruit retain motiv high calib,6eea2faf2a9a701a428522ff16145720e07cd07571dc838681d2f04c48110ffc,2015-02-13,20.489999771118164,20.90999984741211,0.0204978077591762,0.00337802174601487,0.01711978601316133,ok_market_adjusted,2015
79,HEJFE-8EAA8616B1750B40,75654,16188,CGNX,2015-05-04 15:09:00,2015-05-04T20:06:00Z,2015-05-04,2015-05-04,True,A-EXACT,3420.0,-0.008956381071183,0.5335689045936396,ex cognex report record first quarter revenu net incom ep natick mass busi wire may cognex corpor nasdaq cgnx today announc result first quarter tabl select financi data quarter end april compar first fourth quarter reconcili certain financi measur gaap non gaap shown news releas tabl net net incom per revenu incom dilut share quarterli comparison current quarter prior year quarter chang prior quarter chang cognex start strong note said dr robert j shillman chairman cognex revenu grew year year record first quarter level drive highest first quarter net incom earn per share cognex year histori pleas team strong perform first quarter said robert j willett chief execut offic cognex outstand revenu perform due past invest made new product develop sale channel expans continu invest heavili engin sale first quarter typic lowest revenu quarter year goal capit substanti opportun anticip occur subsequ quarter detail quarter statement oper highlight first quarter revenu increas decreas growth year year came factori autom market revenu increas sequenti basi revenu declin due lower surfac inspect revenu record level achiev declin partial offset higher revenu factori autom increas despit typic season soft experienc revenu semiconductor electron capit equip market also increas constant currenc revenu grew year year flat sequenti gross margin compar declin year year due volum price discount certain larg order shift mix rel lower margin mainten support servic research develop engin rde expens increas increas due cognex invest engin resourc new product develop potenti high volum opportun constant currenc rde increas sequenti sell gener administr sga expens increas increas due invest cognex made grow sale forc increment legal fee relat compani patent disput microscan system inc increas partial offset lower commiss constant currenc sga increas sequenti tax rate exclud discret tax item rate period tax adjust summar balanc sheet highlight april cognex financi posit april strong debt million cash invest earlier today cognex announc reinstat payment quarterli cash dividend per share begin cognex last paid dividend special dividend prepaid two year dividend advanc chang feder tax rate dividend inventori increas million end prepar larg custom shipment expect come quarter upcom new product introduct account payabl accru liabil decreas million end decreas cognex paid accru employe bonus paid purchas oper facil cork ireland financi outlook cognex expect report revenu million million rang includ larg order consum electron industri compani expect ship gross margin expect mid target rang slightli lower gross margin report sequenti basi oper,0ff25cf87de475f7f85ee66aee6f8f374264f36f81738ea02435b33d23efff5b,2015-05-05,23.93000030517578,22.770000457763672,-0.048474710932670306,-0.010099432557655219,-0.03837527837501509,ok_market_adjusted,2015
80,HEJFE-0B87675BF7BEDBCA,75828,16721,EA,2015-01-27 15:48:00,2015-01-27T21:35:00Z,2015-01-27,2015-01-27,True,B-EXACT,2820.0,0.0175811154163572,0.4939271255060729,ex press releas earn releas electron art report fy financi resultsq net revenu ep result exceed guidancefisc year net revenu ep guidanc raisedachiev record cash flow calendar year periodredwood citi ca januari electron art inc nasdaq ea today announc preliminari financi result third fiscal quarter end decemb electron art deliv amaz experi player award win dragon age inquisit simciti buildit live servic fifa madden nfl said chief execut offic andrew wilson great execut lead ip new mobil hit continu strength catalogu top game servic foundat excel perform ea driven anoth quarter record break financi said chief financi offic blake jorgensen ongo digit transform includ live servic like ea sport ultim team coupl ongo cost disciplin enabl us deliv consist cash flow earn growthnew ongo updat regard ea game avail ea blog oper highlight metric calendar year ea publish playstat xbox one consol world driven success dragon age inquisit fifa nhl madden nfl ea sportstm ufc titanfalltm battlefield tm fifa simciti buildit launch decemb alreadi achiev million download date reach top io game download countri dragon age inquisit captiv fan critic worldwid quickli becam success launch biowar histori addit name game year list singl player campaign alon enjoy million hour monthli activ user ea mobil titl averag million ea mobil sport game continu engag player madden nfl mobil fifa ultim team togeth averag monthli activ player compar previou iter period last yearselect financi highlight non gaap basi quarter net revenu billion guidanc billion dilut earn per share guidanc trail twelv month basi ea net revenu billion record billion digit half first time ever net incom million oper cash flow billion record calendar year ea rais fiscal net revenu guidanc billion billion dilut ep guidanc per share net revenu ea fifa madden nfl hockey ultim team servic continu grow collect year year ea repurchas million share million pursuant million share repurchas program initi may million except per share amount quarter end quarter end gaap digit net revenu gaap packag good net revenu gaap total net revenu non gaap digit net revenu non gaap packag good net revenu non gaap total net revenu gaap net incom lossnon gaap net incomegaap dilut earningsloss per sharenon gaap dilut earn per share oper cash flowtrail twelv month ttm financi highlight million ttm end ttm end gaap net revenuegaap net incom lossnon gaap net revenuenon gaap net incom oper cash flow busi outlook januari follow forward look,5449136a69e676ed8ebf524b4c16d46c7d8c320e45c724410dce9ce34cefbf66,2015-01-28,51.86000061035156,54.61000061035156,0.05302738078740177,-0.01972759701653881,0.07275497780394058,ok_market_adjusted,2015
81,HEJFE-B7EFA7CF95262283,75854,16597,LSCC,2013-04-18 14:24:00,2013-04-18T20:00:00Z,2013-04-18,2013-04-18,True,A-EXACT,5760.0,0.0020462782979334,0.507537688442211,ex exh earn releas news releasefor inform contact joe bedewi chief financi offic lattic semiconductor corpor david pasqual global ir partner lattic semiconductor report first quarter result financi highlight revenu million increas million decreas million gross margin compar oper expens million exclud restructur charg compar million million net incom per basic dilut share compar net loss per basic dilut share net loss per dilut share q financi result includ million per basic dilut share incom tax expens million amort expens acquir intang million restructur relat charg financi result includ million per basic dilut share incom tax expens million amort expens acquir intang million restructur relat charg financi result includ million per basic dilut share incom tax expens million acquisit relat cost million restructur relat charg hillsboro april lattic semiconductor corpor nasdaq lscc today announc financi result fiscal first quarter end march first quarter revenu million increas million report prior quarter decreas million report quarter year ago fpga revenu first quarter million increas million report prior quarter slight decreas million report quarter year ago pld revenu first quarter million increas million report prior quarter essenti flat million report quarter year ago net incom first quarter million per dilut share includ tax expens million amort expens acquir intang million restructur charg million compar prior quarter net loss million per basic dilut share net loss million per basic dilut share report quarter year ago fourth quarter financi result includ million per basic dilut share incom tax expens million amort expens acquir intang million restructur relat charg first quarter financi result includ million per basic dilut share incom tax expens million acquisit relat cost million restructur relat chargesdarin g billerbeck presid chief execut offic said revenu first quarter came high end upwardli revis guidanc well origin guidanc strong revenu growth directli reflect expans consum market along strengthen commun market importantli return profit first quarter ultim valid market strategi oper execut pleas traction see low densiti low power programm devic especi applic long batteri life crucialjo bedewi corpor vice presid chief financi offic ad gross margin midpoint origin guidanc margin continu strong due higher anticip oem shipment mix inventori manag margin continu fluctuat throughout year due mix volum consum market offset mix relat impact continu cost reduct oper long term gross margin target remain mid level oper expens first quarter approxim million includ million restructur charg final quarter repurchas approxim million share common stock cost,3c9729a6035cd598cd33ecd831787629c943c4d4c22ec7f3396f8d18fc354dda,2013-04-19,5.150000095367432,4.800000190734863,-0.06796114527209485,0.0063609467455623125,-0.07432209201765716,ok_market_adjusted,2013
82,HEJFE-CCC7747CFBDE893E,76695,24113,PNRA,2013-04-23 14:25:00,2013-04-23T20:00:00Z,2013-04-23,2013-04-23,True,A-EXACT,5700.0,-0.021676296703863,0.8797653958944281,ex immedi releasecontact michel harrisonvic presid investor relat bread co ceo bill moreton transit execut vice chairman intend remain activ involv manag compani co ceo ron shaich becom sole ceo effect august st loui mo april panera bread compani nasdaq pnra announc today presid co ceo bill moreton transit execut vice chairman due recognit need spend increas amount time famili mattermoreton comment result famili matter found unabl travel clear challeng fulli execut respons presid co ceo panera bread thu board agre best evolv role execut vice chairman new role hope abl fulfil person respons maintain strong engag panera assist ron team lead compani effect august upon mr moreton transit chairman co ceo ron shaich serv panera sole ceo pursuant panera manag success plan shaich panera founder longtim ceo serv sole ceo may may co ceo januari may march present shaich comment bill deep person bond work togeth friend mani year wish could continu co ceo partnership creat last month also know bill struggl challeng led decis evolv duti us panera respect bill decis pleas bill remain activ partner panera addit know bill need make decis possibl confid present place leadership capabl necessari execut key initi continu panera record success well futur panera bread companypanera bread compani own franchis bakeri cafe march panera bread saint loui bread co paradis bakeri caf name bakeri cafe princip locat suburban strip mall region mall locat featur high qualiti reason price food warm invit comfort environ ident root handcraft fresh bake artisan bread commit provid great tast qualiti food peopl trust nearli bakeri cafe menu highlight antibiot free chicken whole grain bread select organ natur ingredi zero gram artifici tran fat per serv provid flavor wholesom offer menu includ wide varieti year round favorit complement new item introduc season goal creat new standard everyday food choic neighborhood across unit state ontario canada custom enjoy warm welcom environ featur comfort gather area relax decor free internet access bakeri cafe routin donat bread bake good commun organ need addit inform avail websit matter discuss news releas public disclosur whether written oral relat futur event futur perform includ discuss express impli anticip growth oper result plan object futur earn per share contain forward look statement within mean section secur act section e secur exchang act statement often identifi word believ posit estim project target plan goal assumpt continu intend expect futur anticip similar express whether neg affirm statement,8e00a098ae4016552180a3d84d9ac79c998d13a8c08d837e835a3411af395a48,,,,,,,missing_stock_history,2013
83,HEJFE-600696AB8463FFD8,76695,24113,PNRA,2013-07-23 15:11:00,2013-07-23T20:00:00Z,2013-07-23,2013-07-23,True,A-EXACT,2940.0,-0.0102909537905056,0.8746355685131195,ex ex press releas contact michel harrison vice presid investor relat panera bread compani report dilut ep highlight compani own compar net bakeri cafe sale system wide new bakeri cafe aw record pace fy new bakeri cafe open expect high end target rang fy ep target rang revis versu fy st loui mo juli panera bread compani nasdaq pnra today report net incom million per dilut share fiscal second quarter end june second quarter fiscal result compar net incom million per dilut share fiscal second quarter end june repres year year increas dilut earn per share twenti six week end june net incom million per dilut share result compar net incom million per dilut share twenti six week end june repres year year increas dilut earn per share compani second quarter fiscal consolid statement comprehens incom margin analys attach releas schedul follow tabl set forth period indic certain item includ compani consolid statement comprehens incom thousand except per share data percentag week end percentag chang june june total revenu net incom dilut earn per share share use dilut ep week end percentag chang june june total revenu net incom dilut earn per share share use dilut ep second quarter fiscal result busi reviewcompar net bakeri cafe sale growthin second quarter fiscal compani own compar net bakeri cafe sale increas franchis oper compar net bakeri cafe sale increas system wide compar net bakeri cafe sale increas compar compar period fiscal two year compani own compar net bakeri cafe sale increas two year franchis oper compar net bakeri cafe sale increas two year system wide compar net bakeri cafe sale increas compani own compar net bakeri cafe sale increas second quarter fiscal compris year year averag check growth transact declin averag check growth compris retail price increas approxim posit mix impact approxim schedul compar net bakeri cafe sale inform attach releas schedul iiioper marginin second quarter fiscal compani gener oper margin improv approxim basi point compar second quarter fiscal increas driven primarili lower gener administr expens percentag total revenu improv margin fresh dough product sale franchise offset declin bakeri cafe marginnew bakeri cafe develop awsdur second quarter fiscal compani open new bakeri cafe franchise open new bakeri cafe result bakeri cafe open system wide june compani own franchis oper total systembakeri cafe march bakeri cafe open bakeri cafe close bakeri cafe acquir bakeri cafe june averag weekli sale aw compani own new,f59fa84dfc9377da5b80490f99368323c979299a91f4cc780435b94f499fbcbe,,,,,,,missing_stock_history,2013
84,HEJFE-8167467EBF64AABE,76695,24113,PNRA,2013-10-22 15:20:00,2013-10-22T20:05:00Z,2013-10-22,2013-10-22,True,A-EXACT,2700.0,-0.0017297940850422,0.3087248322147651,ex ex press releas contact michel harrison vice presid investor relat panera bread compani report dilut ep versu highlight favor tax relat adjust per dilut share dilut ep net favor tax relat adjust excess one million share repurchas subsequ period ep target rang lower versu fy ep target rang narrow versu fy st loui mo octob panera bread compani nasdaq pnra today report net incom million per dilut share fiscal third quarter end septemb third quarter fiscal result compar net incom million per dilut share fiscal third quarter end septemb repres year year increas dilut earn per share third quarter fiscal result includ impact favor tax relat adjust million per dilut share exclud adjust dilut earn per share thirteen week end septemb versu compar period fiscal reconcili gaap non gaap inform attach schedul ivfor thirti nine week end septemb net incom million per dilut share result compar net incom million per dilut share thirti nine week end septemb repres year year increas dilut earn per share compani third quarter fiscal consolid statement comprehens incom margin analys attach releas schedul follow tabl set forth period indic certain item includ compani consolid statement comprehens incom thousand except per share data percentag week end percentag chang septemb septemb total revenu net incom dilut earn per share share use dilut ep week end percentag chang septemb septemb total revenu net incom dilut earn per share share use dilut ep third quarter fiscal result busi reviewcompar net bakeri cafe sale growthin third quarter fiscal compani own compar net bakeri cafe sale increas franchis oper compar net bakeri cafe sale increas system wide compar net bakeri cafe sale increas compar compar period fiscal two year compani own compar net bakeri cafe sale increas two year franchis oper compar net bakeri cafe sale increas two year system wide compar net bakeri cafe sale increas compani own compar net bakeri cafe sale increas third quarter fiscal compris year year averag check growth transact declin averag check growth compris retail price increas approxim posit mix impact approxim schedul compar net bakeri cafe sale inform attach releas schedul iiioper marginin third quarter fiscal oper margin consist oper margin period fiscal lower gener administr expens percentag total revenu offset declin bakeri cafe marginsnew bakeri cafe develop awsdur third quarter fiscal compani open new bakeri cafe franchise open new bakeri cafe result bakeri cafe open system wide septemb compani own franchis oper,9b64c01b41c973cc45da4f07b2107ca7fb2e1e2351e11425236b84a0622b1e69,,,,,,,missing_stock_history,2013
85,HEJFE-4E643D38FFB3016E,76695,24113,PNRA,2015-02-11 14:58:00,2015-02-11T22:28:00Z,2015-02-11,2015-02-11,True,A-EXACT,9000.0,0.0008328896100407,0.4294117647058824,ex contact steve west vice presid investor relat bread compani report dilut ep fiscal year dilut ep highlight compani own compar net bakeri cafe sale compani own compar net bakeri cafe transact fy new bakeri cafe open system widest loui mo februari panera bread compani nasdaq pnra today report net incom million per dilut share thirteen week end decemb dilut ep fiscal versu fiscal exclud goodwil impair charg record fiscal million per dilut share exclud estim per dilut share benefit fiscal addit oper week fourteen week end decemb compani report net incom million per dilut share reconcili gaap non gaap inform attach releas schedul vfor fifti two week end decemb net incom million per dilut share dilut ep full year fiscal per dilut share compar full year fiscal exclud certain item full year fiscal fiscal outlin schedul v fifti three week end decemb compani report net incom million per dilut share reconcili gaap non gaap inform attach releas schedul vthe compani fiscal full year fiscal consolid statement comprehens incom margin analys attach releas schedul follow tabl set forth period indic certain item includ compani consolid statement comprehens incom thousand except per share data percentag week end week end percentag chang decemb decemb total revenu net incom dilut earn per share share use dilut ep week end week end percentag chang decemb decemb total revenu net incom dilut earn per share share use dilut ep fiscal full year fiscal result busi reviewcompar net bakeri cafe sale growth fiscal calendar basi compani own compar net bakeri cafe sale increas franchis oper compar net bakeri cafe sale increas system wide compar net bakeri cafe sale increas compar period fiscal compani own compar net bakeri cafe sale increas calendar basi fiscal compris year year transact growth averag check growth full year fiscal calendar basi compani own compar net bakeri cafe sale increas franchis oper compar net bakeri cafe sale increas system wide compar net bakeri cafe sale increas compar fiscal compani believ calendar basi comparison better reflect perform busi elimin impact extra week fiscal compar consist calendar week note fiscal basi compani own compar net bakeri cafe sale fiscal decreas full year fiscal decreas schedul compar net bakeri cafe sale inform attach releas schedul iii oper marginin fiscal compani experienc declin oper margin approxim basi point compar fiscal declin primarili result food cost inflat well cost initi design make panera better competit altern enabl,faf86416bcb38cacf2859a394674099ddac04fb8396ed2c2fd4c583349bbdb1a,,,,,,,missing_stock_history,2015
86,HEJFE-99CCB9D9BECE4E72,76709,24197,IDXX,2012-01-26 13:47:00,2012-01-27T12:00:00Z,2012-01-27,2012-01-27,True,A-EXACT,61980.0,0.0053008102432851,0.4352941176470588,ex vex idexx laboratori announc fourth quarter full year resultswestbrook main jan prnewswir idexx laboratori inc nasdaq idxx today report revenu fourth quarter increas million million fourth quarter organ revenu growth defin earn per dilut share ep quarter end decemb increas compar period prior year fourth quarter ep includ million mileston payment earn relat sale product right previous includ pharmaceut product line ad ep fourth quarter ep includ similar mileston payment well full year benefit reinstat feder research develop tax credit ad combin epslogo revenu growth fourth quarter exclud revenu acquisit contribut revenu growth impact chang foreign currenc exchang rate contribut less revenu growthi pleas fourth quarter result mark conclus strong year state jonathan ayer chairman chief execut offic organ growth fourth quarter econom environ still contribut significantli perform demonstr continu success bring innov product servic veterinari custom well strong commerci execut market around worldour result reflect continu momentum initi aim help veterinarian practic better medicin run effici practic increas relev pet owner global refer laboratori consult servic busi achiev organ growth fourth consecut quarter market respons procyt dx catalyst dx instrument continu posit around world achiev highest quarterli placement level instrument platform bode well futur consum sale pace innov continu launch pet health network valuabl web base resourc pet owner expand knowledg pet health pet health network build strong foundat offer help veterinarian commun import role diagnost inform pet owner revenu performancepleas refer tabl entitl revenu revenu growth analysi product servic categori conjunct follow anim group companion anim group cag revenu fourth quarter million compar million fourth quarter organ growth due primarili growth refer laboratori diagnost consult servic busi instrument consum busi refer laboratori diagnost consult servic busi revenu increas due higher sale volum driven primarili acquisit new custom lesser extent increas net sale price revenu increas instrument consum busi larg result higher sale volum catalyst dx procyt dx instrument relat consum revenu acquisit contribut revenu growth chang foreign currenc exchang rate contribut less revenu growthwat water segment revenu fourth quarter million compar million fourth quarter organ revenu growth due primarili higher colilert product sale volum driven new account acquisit chang foreign currenc exchang rate contribut less revenu growthlivestock poultri diagnost livestock poultri diagnost lpd revenu fourth quarter million compar million fourth quarter declin organ revenu due part lower sale bovin spongiform encephalopathi bse mad cow diseas test result chang european union bse test requir effect juli age healthi,7ebfe8c80a0d21e415384b95c46d0fb88b384ff4460c9c4524df63d39df2d9e4,2012-01-30,41.625,42.345001220703125,0.017297326623498588,0.006562387630348887,0.0107349389931497,ok_market_adjusted,2012
87,HEJFE-13FC93F4D143B268,76837,24021,HAE,2012-01-27 15:55:00,2012-01-30T13:00:00Z,2012-01-30,2012-01-30,True,A-EXACT,230700.0,-0.011005356879353,0.6124031007751938,ex press releas financi hae news releas releas contact datejanuari gerri gould vp investor relationstim eastern tel alt haemonet report revenu growth third quarter fiscal adjust ep announc multi year contract extens key plasma collect custom affirm fiscal guidanc braintre januari haemonet corpor nyse hae today report third quarter gaap net revenu million net incom million dilut earn per share exclud restructur transform cost adjust third quarter net incom million adjust earn per share exclud currenc impact net revenu quarter year date haemonet report gaap net revenu million net incom million dilut earn per share exclud restructur transform cost conting consider incom adjust year date net incom million adjust earn per share exclud currenc impact year date fiscal net revenu brian concannon haemonet presid ceo comment mark third quarter solid revenu perform plasma growth continu blood manag solut gain traction blood collector hospit continu focu increas effort reduc cost mount pressur healthcar reform blood center dispos grew hospit dispos improv quarter quarter recov orthopat recal resolv qualiti issu expect hospit dispos return growth strateg product growth highlightshaemonet continu make progress expand busi compani report follow third quarter fiscal highlight extens sever key plasma contract repres exist commerci plasma busi fiscal revenu growth plasma dispos collect volum remain robust revenu growth blood center dispos blood manag solut drive revenu revenu growth diagnost dispos product lead us hospit drive growth growth equip sale give confid revenu growth continu impact account increas custom embrac valu blood manag orthopat devic recal remain track new devic build complet nearli devic replac date haemonet recent sign multi year extens comprehens equip dispos suppli agreement sever major plasma collect custom agreement provid continu use haemonet plasma collect devic singl use dispos suppli separ plasma donor blood plasma collect facil key contract extens place haemonet current commerci plasma busi contract fiscal contract fiscal mr concannon ad contract extens serv valid plasma collect custom realiz econom oper benefit product servic offer appreci confid abil continu support need well futur key contract extens place custom confid plan accommod growth demand expect plasma collect market revenu million quarter million year date detail prior year quarter year date period follow plasmaplasma dispos revenu million quarter million year date quarter momentum continu haemonet north america plasma busi revenu flat japan amount plasma recov whole blood appear reach limit compani expect plasma busi remain robust fiscal return mid singl digit percentag growth fiscal consist,ddb21a974c98ecd328bd2eaf2449744a6ae209f1fa30990589f852c1e0b8a318,2012-01-31,32.52000045776367,32.47999954223633,-0.001230040435555857,-0.005243512264486272,0.004013471828930415,ok_market_adjusted,2012
88,HEJFE-DA7595FDF91D8CBC,77114,24725,WRLD,2012-01-24 15:53:00,2012-01-25T11:30:00Z,2012-01-25,2012-01-25,True,A-EXACT,52620.0,0.007813932645961,0.2513661202185792,ex news releas immedi releas contact kelli malson chief financi offic world accept corpor report record third quarter greenvil sc januari world accept corpor nasdaq wrld today report record financi result third fiscal quarter nine month end decemb net incom third quarter rose million compar million quarter prior year net incom per dilut share increas third quarter fiscal compar prior year third quarter compani th consecut year year quarterli increas net incom dilut earn per share exclud septemb quarter restat approxim adopt fasb asc topic compani record result highlight strong demand loan product ongo focu expens control close manag credit risk contribut new offic total revenu increas million third quarter fiscal increas million report third quarter last year primari driver growth revenu increas averag net loan associ growth interest fee gross loan outstand increas billion decemb million decemb interest fee rose million third quarter fiscal compar million third quarter fiscal sandi mclean ceo state compani growth earn per share also benefit ongo share repurchas program current fiscal year continu use excel cash flow strong financi posit fund growth repurchas share past nine month compani repurchas share world accept stock repres decreas dilut weight averag share outstand compar third quarter last fiscal year charg rate consist prior year expect continu mr mclean net charg off percentag averag net loan remain near histor level annual basi quarter compar third quarter prior year compani past due loan measur day delinqu contractu basi increas third quarter last year third quarter fiscal year provis loan loss rose million third quarter fiscal compar third quarter fiscal remain focus monitor loan portfolio light difficult economi believ allow loan loss adequ base current outlook note mr mclean open new offic purchas one offic first nine month fiscal continu mr mclean earn growth continu benefit increas new offic leverag achiev gener administr expens reflect improv ratio ga expens total revenu believ success highlight strateg goal manag cost expand base offic domest intern market compani gener administr expens rose million third quarter fiscal compar million third quarter prior fiscal year primarili due increas new offic open fiscal percent total revenu gener administr expens remain flat fiscal quarter first nine month fiscal year compani open new offic purchas one offic one nonperform offic close result total offic decemb wrld report record third quarter page januari compani net incom current quarter benefit tax benefit relat reduct effect rate state incom tax key,7c2c41845ee9cc19a0e16d0ee75720c0bdd7dbab5438437722c3860bf205593f,2012-01-26,66.19000244140625,64.5,-0.025532593731240616,-0.009516256938937317,-0.0160163367923033,ok_market_adjusted,2012
89,HEJFE-C4D39B22234902F2,77274,24856,GILD,2015-02-03 15:50:00,2015-02-03T21:07:00Z,2015-02-03,2015-02-03,True,A-EXACT,1020.0,-0.0011255835955122,0.5024390243902439,ex earn press releas q contact investor media robin washington ami flood patrick brien gilead scienc announc fourth quarter full year financi result fourth quarter product sale billion percent year year full year product sale billion percent year year full year non gaap ep percent year year foster citi ca februari gilead scienc inc nasdaq gild announc today result oper fourth quarter full year total revenu fourth quarter billion compar billion fourth quarter net incom fourth quarter billion per dilut share compar million per dilut share fourth quarter non gaap net incom fourth quarter exclud amount relat acquisit restructur stock base compens billion per dilut share compar million per dilut share fourth quarter full year total revenu billion compar billion net incom billion per dilut share compar billion per dilut share non gaap net incom exclud amount relat acquisit restructur stock base compens billion per dilut share compar billion per dilut share three month end twelv month end decemb decemb million except per share amount product sale royalti contract revenu total revenu net incom attribut gilead non gaap net incom attribut gilead dilut ep non gaap dilut ep gilead scienc inc lakesid drive foster citi ca facsimil februari product salestot product sale fourth quarter billion compar billion fourth quarter fourth quarter product sale us billion compar billion fourth quarter europ product sale billion compar million fourth quarter total product sale billion compar billion product sale us billion compar billion europ product sale billion compar billion antivir product salesantivir product sale billion fourth quarter compar billion fourth quarter antivir product sale billion compar billion increas quarter full year primarili driven sale sovaldi sofosbuvir mg launch decemb us januari europ harvoni ledipasvir mgsofosbuvir mg launch us octob product salesoth product sale includ letairi ranexa ambisom total million fourth quarter compar million fourth quarter product sale billion compar billion oper expens fourth quarter full year compar period non gaap research develop rd expens increas due continu progress gilead product pipelin particular oncolog liver diseas area support geograph expans front fee paid connect gilead collabor ono pharmaceut co ltd ono purchas us food drug administr fda prioriti review voucher non gaap sell gener administr sga expens increas primarili due gilead busi growth includ commerci expans relat launch sovaldi harvoni gilead portion non tax deduct brand prescript drug fee account guidanc final third quarter result one time catch million three month end twelv month end,e610c14000e874f18f9987ac2493b7ec7fa1a3bd13abb57668641e8d902c3916,2015-02-04,98.93000030517578,98.43000030517578,-0.0050540786258730375,0.0007035012717138134,-0.005757579897586851,ok_market_adjusted,2015
90,HEJFE-8415E931D4314106,77515,25166,KOPN,2015-03-10 14:58:00,2015-03-10T20:05:00Z,2015-03-10,2015-03-10,True,A-EXACT,4020.0,,,,,,,,,,,,2015
91,HEJFE-A9DB7C5F6FD1D978,77702,25434,SBUX,2015-01-22 13:22:00,2015-01-22T21:03:00Z,2015-01-22,2015-01-22,True,B-EXACT,9660.0,0.0122487195228518,0.5776892430278884,ex sbux sbux starbuck deliv record revenu epsstrong holiday perform drive global comp growth global traffic increas revenu rise record billion ep includ gain acquisit starbuck japan record non gaap ep jump exclud non routin itemsdollar load starbuck card surg year year record billioncompani reaffirm fy growth targetsseattl januari starbuck corpor nasdaq sbux today report financi result week fiscal first quarter end decemb fy gaap result includ impact litig credit relat kraft arbitr fy gaap result includ starbuck japan acquisit relat item non gaap result exclud item pleas refer reconcili gaap measur non gaap measur end releaseq fiscal highlight consolid net revenu increas billion global compar store sale increas increas trafficamerica comp sale increas increas trafficemea comp sale increas driven increas trafficcap comp sale increas driven entir increas traffic consolid oper incom reach record millionnon gaap oper incom million grew fy non gaap oper incom consolid oper margin non gaap oper margin increas basi point fy non gaap oper margin gaap earn per share non gaap ep per share grew fy non gaap ep compar store custom transact increas nearli million us nearli million global year year compani open net new store includ first starbuck reserv roasteri tast room dollar load starbuck card surg record billion quarter prior year american receiv starbuck gift card q fiscal compani ad new starbuck reward member decemb million membersstarbuck record fiscal financi oper perform except everi metric standard said howard schultz chairman presid ceo reimagin store holiday experi includ vastli expand assort starbuck card new holiday food beverag merchandis offer opportun win starbuck life reson power custom drove increas traffic tremend excit store around starbuck brand schultz ad starbuck result first quarter fiscal strong notabl growth across globe said scott maw starbuck cfo segment contribut record result quarter improv traffic growth us record profit emea comp cap continu abil drive growth innov oper excel uniqu custom connect along sharp focu financi disciplin give us confid reaffirm growth target fiscal first quarter fiscal summari quarter end dec compar store salessal growth chang transact chang ticketconsolid america emea cap includ starbuck compani oper store open month longeroper resultsquart end million except per share amountsdec dec changenet new store revenu oper incom oper margin bpsep consolid net revenu billion fy increas fy increas primarili driven increment revenu acquisit starbuck japan increas global compar store sale open net new store past month partial offset unfavor foreign currenc exchangeconsolid,6fff7f3842780ed330343b302e6d38bb3b8bc1fa34069b89568ed0b7d5be56f5,2015-01-23,43.25,44.11000061035156,0.019884407175758678,-0.004021663359965677,0.023906070535724355,ok_market_adjusted,2015
92,HEJFE-760E36DA94752F1E,77902,25737,CAKE,2015-04-22 14:22:00,2015-04-22T20:15:00Z,2015-04-22,2015-04-22,True,A-EXACT,6780.0,0.0206650192915709,0.56,ex ex press releas immedi releas contact jill peter cheesecak factori report result first quarter fiscal calabasa hill ca april cheesecak factori incorpor nasdaq cake today report financi result first quarter fiscal end march total revenu million first quarter fiscal compar million prior year first quarter net incom dilut net incom per share million respect first quarter fiscal oper result compar restaur sale cheesecak factori restaur increas first quarter fiscal deliv remark compar sale increas cheesecak factori first quarter begin sixth consecut year achiev posit quarterli compar sale importantli experienc solid increas guest traffic quarter strength brand highli differenti guest experi also perform particularli well competit standpoint consider outpac industri increas market share said david overton chairman chief execut offic oper excel job leverag increas sale appropri manag flow drove meaning increas margin earn growth demand brand combin oper execut drove strong overal perform quarter deliv commit increas sharehold valu conclud overton develop compani continu expect open mani compani own restaur domest fiscal first compani own restaur open expect second quarter fiscal malibu hill road calabasa hill ca telephon fax intern one new cheesecak factori restaur open mexico first quarter fiscal licens agreement compani expect mani three restaur open middl east mexico licens agreement fiscal capit alloc compani board director declar quarterli cash dividend per share compani common stock dividend payabl may sharehold record close busi may first quarter fiscal compani repurchas million share common stock cost million compani continu expect return free cash flow sharehold fiscal form dividend share repurchas confer call webcast compani hold confer call review result first quarter fiscal today pm pacif time confer call webcast live compani websit replay webcast avail may cheesecak factori incorpor cheesecak factori incorpor creat upscal casual dine segment introduct namesak concept compani oper full servic casual dine restaur throughout us puerto rico includ restaur cheesecak factori mark restaur grand lux cafe mark one restaur rocksugar pan asian kitchen mark intern nine cheesecak factori restaur oper licens agreement compani also oper two bakeri product facil calabasa hill ca rocki mount nc produc qualiti cheesecak bake product compani name fortun magazin best compani work list second consecut year learn compani visit fortun best compani work regist trademark time inc use licens fortun magazin march time inc fortun time inc affili endors product servic cheesecak factori incorpor safe harbor statement press releas contain forward look statement within mean privat secur litig reform act,5a749f91fbd4bba38bdc82d9c53502f359e2ecdbdb5597a415986b3cf6fbb19c,2015-04-23,53.91999816894531,52.41999816894531,-0.027818992042620505,0.004809451617962424,-0.03262844366058293,ok_market_adjusted,2015
93,HEJFE-5B6F87699FF5093E,78170,26013,SM,2015-05-05 15:08:00,2015-05-05T21:30:00Z,2015-05-05,2015-05-05,True,A-EXACT,8520.0,0.0058507116000306,0.6802721088435374,ex immedi releas sm energi report result first quarter announc agreement divest mid contin asset increas product guidanc retain properti quarterli gaap net loss million per dilut share adjust quarterli net incom million per dilut share quarterli adjust ebitdax million quarterli gaap cash provid oper activ million entri agreement sell remain mid contin asset approxim million close expect second quarter sm energi maintain product guidanc rang mmboe despit expect divestitur mid contin properti due strong eagl ford program performancedenv co may sm energi compani nyse sm announc financi result first quarter provid oper updat addit new present concern compani first quarter earn oper updat post compani websit present referenc confer call schedul mountain time eastern time may inform call found manag commentaryjay ottoson presid ceo remark sm energi strong start year core develop asset perform better expect result abl keep full year product guidanc flat despit fact plan close sale mid contin asset mid year believ divestitur allow us exit year stronger balanc sheet liquid origin forecast focu gener differenti valu sharehold prove addit econom drill inventori core develop assetsfirst quarter resultssm energi report net loss first quarter million per dilut share compar net incom million per dilut share period adjust net incom first quarter million per dilut share compar adjust net incom million per dilut share period adjust net incom exclud certain item compani believ affect compar oper result gener item whose time andor amount cannot reason estim earn interest tax depreci deplet amort accret explor expens adjust ebitdax million first quarter compar adjust ebitdax million period adjust net incom adjust ebitdax non gaap financi measur pleas refer respect reconcili financi highlight section end releas addit inform measur total oper revenu first quarter million compar million period tabl provid averag realiz price receiv product well adjust price receiv take account settlement deriv transact averag realiz commod price three month end march effect deriv settlement effect deriv settlement oil bbl ga mcf natur ga liquid bbl equival boe tabl present key perform measur metric first quarter productionreport averag daili product mboedtot product mmboe cost loe boead valorem boetransport boeproduct tax pre deriv oil ga ngl revenu ga cash boega non cash boetot ga boe dda boeth compani set new quarterli product record report averag daili product increas sequenti prior quarter driven strong perform compani area oper first quarter sm energi report product mix oilcondens ngl natur ga mid contin divestituresm,481dcdb74aa3d5517141e3bcc0887af33e8aceaf06523048c2353abee0593495,2015-05-06,59.11000061035156,56.61000061035156,-0.04229402764651957,-0.007234600262123192,-0.03505942738439638,ok_market_adjusted,2015
94,HEJFE-81F188C0D790FE70,78875,27794,CREE,2015-01-20 15:39:00,2015-01-20T21:01:00Z,2015-01-20,2015-01-20,True,A-EXACT,1320.0,0.0088108506490495,0.6136363636363636,ex ex fy immedi releas contact raiford garrabrantcre incdirector investor relationsphon fax cree report financi result second quarter fiscal year quarterli revenu millionquarterli net incom million durham nc januari cree inc nasdaq cree market leader led light today announc revenu million second quarter fiscal end decemb similar revenu million report second quarter fiscal gaap net incom second quarter million per dilut share decreas year year compar gaap net incom million per dilut share second quarter fiscal non gaap basi net incom second quarter fiscal million per dilut share decreas year year compar non gaap net incom second quarter fiscal million per dilut share second quarter fiscal gaap non gaap earn benefit retroact reinstat us rd tax credit end decemb exclud rd tax credit benefit gaap non gaap earn per dilut share second quarter fiscal would respectivelyw made solid progress oper margin higher target due improv gross margin light busi state chuck swoboda cree chairman ceo market led light still earli stage new product pipelin strong sale momentum build brand grow market evidenc signific share repurchas believ right track continu grow compani increas profit next sever yearsq financi metricsin thousand except per share amount percentag second quarter chang unaudit unaudit revenu net gaap gross margin oper margin net incom earn per dilut share non gaap gross margin oper margin net incom earn per dilut share gross margin increas basi point fiscal gaap basi increas basi point non gaap basi cash invest decreas million fiscal million account receiv net decreas million fiscal million day sale outstand inventori increas million fiscal million repres day inventori recent busi highlight redefin high power led light new sc technologytm platform doubl light output radic lower system cost releas cree xlamp xhp xhp led first extrem high power led base platform introduc new cree led bulb deliv superior light perform look like incandesc light bulb even afford price act protect cree intellectu properti file lawsuit us intern trade commiss us district court western district wisconsin feit electr compani inc asian supplier uniti opto technolog co ltd board director author increas amount compani stock repurchas program pursuant program compani author repurchas share common stock aggreg purchas price exceed million purchas fiscal compani spent million repurchas million share common stock second quarter fiscal compani close previous announc invest lextar acquir approxim common stock ownership interest million decemb busi outlook third quarter fiscal end march cree target revenu rang million,03aae4c3d900b964ad956a1507ff508554e5c991c9a622597ccc199b4560eabc,,,,,,,missing_stock_history,2015
95,HEJFE-D35C7804C2F5326C,78875,27794,CREE,2015-04-21 15:29:00,2015-04-21T20:01:00Z,2015-04-21,2015-04-21,True,B-EXACT,1920.0,-0.0024364119170817,0.5745454545454545,ex ex fy immedi releas contact raiford garrabrantcre incdirector investor relationsphon fax cree report financi result third quarter fiscal year durham nc april cree inc nasdaq cree market leader led light today announc revenu million third quarter fiscal end march repres increas compar revenu million report third quarter fiscal gaap net incom third quarter million per dilut share decreas year year compar gaap net incom million per dilut share third quarter fiscal non gaap basi net incom third quarter fiscal million per dilut share decreas year year compar non gaap net incom third quarter fiscal million per dilut share revenu non gaap oper profit within target rang despit impact extrem winter weather quarter state chuck swoboda cree chairman ceo confid right track optimist futur growth light potenti upsid power rf product lineq financi metricsin thousand except per share amount percentag third quarter chang unaudit unaudit revenu net gaap gross margin oper margin net incom earn per dilut share non gaap gross margin oper margin net incom earn per dilut share gross margin decreas basi point fiscal gaap basi decreas basi point non gaap basi cash invest decreas million fiscal million account receiv net decreas million fiscal million day sale outstand inventori decreas million fiscal million repres day inventori recent busi highlight redefin outdoor light perform rural applic introduct led rural util light rul seri design deliv unpreced combin price perform qualiti acceler adopt led light across rural area north america introduc new addit industri lead cxa led array famili cxa led array deliv percent higher efficaci form factor util element cree sc technolog platform continu expand lead led bulb portfolio tw seri led tube replac consum design simpl wire free instal provid industri lead compat best competit light qualiti perform afford price built success groundbreak xlamp mh famili led introduct xlamp mhd mhd led new led leverag cree sc technolog platform combin high lumen densiti reliabl ceram chip board led design manufactur advantag surfac mount packag announc us intern trade commiss itc agre open investig unfair trade practic feit electr compani inc asian supplier uniti opto technolog co ltd respons complaint file cree januari busi outlook fourth quarter fiscal end june cree target revenu rang million million gaap gross margin target non gaap gross margin target gaap gross margin target includ stock base compens expens approxim million non gaap target oper expens target increas million compar fiscal tax rate target,61629e2cda6dd47dfb9ed5499547f7d333db2b73778312effe01fcfc9f485fc8,,,,,,,missing_stock_history,2015
96,HEJFE-AA2597B95CFD2A2D,78981,21440,LSTR,2011-10-21 15:48:00,2011-10-24T11:50:00Z,2011-10-24,2011-10-24,True,A-EXACT,230520.0,-0.0005533302124319,0.3457446808510638,ex news releas news releas immedi releas contact jim gattoni landstar system inc octob landstar system report percent increas dilut earn per share third quarter record jacksonvil fl landstar system inc nasdaq lstr report record third quarter dilut earn per share per dilut share net incom million compar net incom million per dilut share third quarter oper margin percent third quarter compar percent third quarter revenu third quarter million compar million third quarter includ third quarter one time charg million per dilut share relat buy compani remain conting payment oblig acquisit complet truck transport revenu haul independ busi capac owner bco truck brokerag carrier third quarter million percent revenu compar million percent revenu third quarter third quarter compani invoic custom million million respect fuel surcharg pass percent bco exclud revenu includ revenu haul third parti truck capac provid third quarter million million respect fuel surcharg invoic custom revenu haul third parti truck brokerag carrier also includ revenu haul third parti truck capac provid revenu gener compani less truckload substitut line haul servic offer million million third quarter respect revenu haul rail air ocean cargo carrier million percent revenu third landstar system quarter compar million percent revenu third quarter transport manag fee revenu gener suppli chain solut compani million million third quarter respect trail twelv month return averag sharehold equiti percent trail twelv month return invest capit net incom divid sum averag equiti plu averag debt percent third quarter compani purchas share common stock author share purchas program thirti nine week period end septemb compani purchas total share common stock total cost compani author share purchas program compani current total share common stock avail purchas landstar system inc also announc board director declar quarterli dividend per share dividend payabl decemb stockhold record close busi novemb intent board director continu pay quarterli dividend extrem pleas compani third quarter oper perform said henri gerken landstar chairman presid ceo revenu increas ten percent third quarter even take account anticip revenu declin substitut line haul servic offer exclud substitut line haul revenu third quarter revenu increas percent third quarter growth rate number load haul increas month compar correspond prior year month move quarter revenu per load continu strong consolid oper incom increas percent earn per dilut share increas percent per dilut share best third quarter dilut earn per share landstar histori gerken continu although confid landstar enter fourth quarter compani fourth quarter revenu perform recent,2f93527ee7bb01fd7135d4c9c98fb67a284a61309f16025fbd7270533005d176,2011-10-25,44.40999984741211,44.45000076293945,0.0009007186594187644,-0.014747589336358446,0.01564830799577721,ok_market_adjusted,2011
97,HEJFE-8596DDD6A535BD90,78990,27936,DEST,2012-01-25 15:34:00,2012-01-26T11:00:00Z,2012-01-26,2012-01-26,True,A-EXACT,51960.0,0.0050996229805945,0.4832214765100671,ex press releas press releas destin matern corpor contact judd p tirnauer execut vice presid chief financi offic immedi releas destin matern report earn provid updat earn guidanc fiscal gaap dilut ep decreas last year gaap dilut ep low end prior guidanc provid novemb non gaap adjust dilut ep decreas last year non gaap adjust dilut ep low end prior guidanc project full year fiscal gaap dilut ep project decreas fiscal full year gaap dilut ep decreas compar prior ep guidanc project full year fiscal non gaap adjust dilut ep project decreas fiscal full year non gaap adjust dilut ep decreas compar prior adjust dilut ep guidanc project full year fiscal free cash flow defin net cash provid oper activ minu capit expenditur approxim million project increas fiscal free cash flow million philadelphia pa januari destin matern corpor nasdaq dest world lead matern apparel retail today announc oper result first quarter fiscal end decemb compani dilut earn per share first quarter fiscal low end novemb earn guidanc januari compani announc board director declar regular quarterli cash dividend per share payabl march destin matern report first quarter fiscal result page first quarter fiscal financi result gaap net incom first quarter fiscal million decreas compar gaap net incom million first quarter fiscal gaap dilut earn per share first quarter fiscal decreas compar first quarter fiscal first quarter fiscal gaap earn perform low end compani guidanc provid novemb press releas gaap dilut earn per share non gaap adjust net incom stock base compens expens loss extinguish debt first quarter fiscal million decreas compar adjust non gaap net incom million first quarter fiscal non gaap adjust dilut earn per share first quarter fiscal per share decreas compar adjust non gaap dilut earn per share first quarter fiscal first quarter fiscal non gaap adjust earn perform low end compani guidanc provid novemb press releas non gaap adjust dilut earn per share adjust ebitda million first quarter fiscal decreas compar million adjust ebitda first quarter fiscal adjust ebitda defin financi tabl end press releas net sale first quarter fiscal increas million million first quarter fiscal increas sale first quarter fiscal compar fiscal result primarili increas sale due expans compani matern apparel leas depart relationship maci partial offset decreas compar sale decreas sale relat compani continu effort close underperform store much lesser extent decreas sale due closur compani remain leas depart within kmart store month octob net,fcfdcde6566e331b291927fd40f73466704dd6303e5302c4ff1cf2f074fcf718,,,,,,,missing_stock_history,2012
98,HEJFE-D6BA56FA6D57427E,79007,27938,SCVL,2015-05-20 15:17:00,2015-05-20T20:05:00Z,2015-05-20,2015-05-20,True,A-EXACT,2880.0,0.000311895260442,0.5514018691588785,ex east columbia street evansvil contact cliff sifford presid chief execut offic chief merchandis offic w kerri jackson senior execut vice presid chief oper financi offic treasur immedi releas shoe carniv report first quarter result first quarter net sale increas milion ep increas evansvil indiana may shoe carniv inc nasdaq scvl lead retail valu price footwear accessori today report result first quarter end may first quarter highlight net sale increas million first quarter record million compar net sale first quarter fiscal compar store sale increas percent first quarter fiscal earn per dilut share first quarter increas percent per store inventori percent end quarter compar first quarter fiscal compani rais low end full year fiscal earn per dilut share guidanc cliff sifford presid ceo state pleas compar store sale growth abil deliv strong first quarter earn quarter start challeng due advers weather day store closur consum respond favor famili footwear assort result compar store sale increas across footwear depart geograph region addit initi launch fiscal bring fulfil commerc order hous continu pay dividend custom continu take advantag increas select depth size avail onlin first quarter financi result compani report net sale million first quarter fiscal percent increas compar net sale million first quarter fiscal compar store sale increas percent first quarter fiscal gross profit margin first quarter fiscal remain flat percent merchandis margin increas percent buy distribut occup expens increas percent percentag sale sell gener administr expens first quarter fiscal increas million million percentag sale expens decreas percent compar percent first quarter fiscal compani open seven new store first quarter fiscal fiscal net earn first quarter fiscal million per dilut share first quarter fiscal compani report net earn million per dilut share first quarter earn fiscal includ approxim addit expens within cost sale attribut west coast port congest fiscal earn outlook compani expect fiscal net sale rang million million compar store sale increas rang percent percent earn per dilut share fiscal year expect rang repres increas percent percent fiscal earn per dilut share store growth compani expect open new store close store fiscal store open close quarter fiscal year follow new store store close st quarter nd quarter rd quarter th quarter fiscal year seven new store open first quarter includ locat citi market total store market bristol tn tri citi columbu ga columbu denham spring la baton roug largo fl tampa new orlean la new orlean troy oh dayton upper,5f619241793b843b123f24db37cf1b59bfb9784869516da2910eea351d42c51b,2015-05-21,13.920000076293945,13.925000190734863,0.00035920362166041997,0.003718624109079638,-0.003359420487419218,ok_market_adjusted,2015
99,HEJFE-8F17F6BEDF631C8B,79507,28704,MCRI,2013-04-25 15:08:00,2013-04-25T20:05:00Z,2013-04-25,2013-04-25,True,B-EXACT,3420.0,0.0009486848322658,0.4260355029585798,ex press releas monarch casino report first quarter result reno nv marketwir april monarch casino resort inc nasdaq mcri monarch compani owner atlanti casino resort spa atlanti reno nevada riviera black hawk casino black hawk black hawk colorado today announc result quarter end march fourth quarterli earn announc includ result compani black hawk casino acquir april acquisit date three month end march increasedecreas net revenu atlanti black hawk na total net revenu atlanti net revenu first quarter increas primarili due higher hotel food beverag revenu black hawk net revenu million repres growth million properti gener quarter prior year acquir monarch three month end march increasedecreas adjust ebitda atlanti black hawk na corpor expens total adjust ebitda compani gener record first quarter adjust ebitda million atlanti adjust ebitda growth million first quarter due primarili higher net revenu combin lower casino oper expens lower sell gener administr sga expens expens prior year first quarter quarter atlanti achiev flow percentag calcul increas adjust ebitda divid increas net revenu black hawk adjust ebitda first quarter million repres growth million adjust ebitda report black hawk quarter acquir monarch consolid oper expens casino oper expens percentag casino revenu casino expens margin improv first quarter compar first quarter prior year due primarili lower atlanti complimentari expens inclus black hawk lower casino expens margin atlanti food beverag oper expens percentag food beverag revenu first quarter improv compar first quarter primarili due oper effici combin menu price strategi anticip higher commod cost hotel oper expens percentag hotel revenu first quarter improv compar prior year quarter due primarili higher hotel revenu sga expens first quarter increas million due primarili million black hawk oper first quarter prior year reflect expens primari driver remain thousand decreas lower atlanti bad debt util expens credit facil first quarter compani made net princip payment million reduc outstand credit facil million march capit expenditur million first quarter fund oper cash flow primarili repres architectur engin fee relat black hawk master develop plan cost associ redesign upgrad black hawk facil interest expens first quarter increas thousand thousand first quarter due higher amount debt outstand credit facil first quarter compar first quarter higher outstand debt result borrow fund black hawk acquisit john farahi monarch ceo comment monarch ceo co chairman john farahi comment pleas first quarter result properti atlanti adjust ebitda increas million increas net revenu simultan reduc oper expens proud result produc atlanti team refer compani black,0ae0de3444e625d815a2bc0e86c09db29724e93564402668a3e0072cdde7105f,2013-04-26,10.65999984741211,10.899999618530273,0.022514050145735043,-0.0005773672055428003,0.023091417351277843,ok_market_adjusted,2013
100,HEJFE-5CB3223BB28A6F14,79545,28742,BWA,2011-07-27 10:59:00,2011-07-28T12:00:00Z,2011-07-28,2011-07-28,True,A-EXACT,75660.0,0.0296722681053993,0.570754716981132,ex press releas bwa press releas immedi releasecontact ken lambborgwarn report second quarter us gaap earn per dilut shareexclud non recur item compani post record earn per dilut share rais full year earn guidanc per dilut share exclud non recur itemsauburn hill michigan juli borgwarn inc nyse bwa today report second quarter us gaap earn per dilut share exclud non recur item earn per dilut share new record compani per dilut share second quarter sale second quarter global vehicl product approxim second quarter highlight record sale million second quarter record earn per dilut share exclud net gain per dilut share relat patent infring settlement payment honeywel per dilut share relat tax adjustmentsinclud non recur item us gaap basi earn per dilut share oper incom million sale exclud million pre tax gain relat honeywel settlement earn guidanc exclud non recur item rais per dilut share per dilut sharesecond quarter perform busi continu strengthen second quarter said timothi manganello chairman ceo borgwarn increas global demand advanc powertrain technolog focus improv fuel economi perform emiss reduct continu drive growth compani far excess industri growth exclud impact currenc sale relat acquisit haldex traction system close first quarter sale approxim second quarter compar declin global vehicl product grow sale quarter also success manag cost commod pressur impact japanes earthquak result strong oper incom margin exclud non recur item outlook today compani rais earn guidanc rang exclud non recur item per dilut share per dilut share revenu growth expect compar previou guidanc rang busi continu gain momentum manganello said improv outlook larg due addit new busi growth good cost control oper also rais forecast us dollar euro exchang rate previous approxim expect revenu growth approxim per dilut share earn growth relat foreign currenc exchang ratesfinanci result sale million second quarter million second quarter net earn quarter million per dilut share compar million per dilut share second quarter second quarter net earn includ non recur item per dilut share second quarter net earn includ net non recur item per dilut share item list tabl reconcili non us gaap measur provid compani comparison result directli compar us gaap measur impact foreign currenc primarili euro increas sale million increas net earn approxim per dilut share second quarter compar second quarter first six month sale million compar million first six month net earn first six month million per dilut share compar million per dilut share first six month net earn,9c4c2ce6f01b7e4d064acc60b1e80beb01138ffa69ed42e9ebc1c7566d848309,2011-07-29,34.63028335571289,35.04401397705078,0.011947075832102305,0.0032222426809058735,0.008724833151196432,ok_market_adjusted,2011
101,HEJFE-7482DE1CD44C1A00,79588,28877,GMCR,2015-02-04 14:07:00,2015-02-04T21:00:00Z,2015-02-04,2015-02-04,True,A-EXACT,6780.0,0.0086310797398892,0.5542168674698795,ex ex ex immedi releas contact media relat chri barn investor relat heather catelotti dr pepper snappl group add antonio carrillo board plano texa feb dr pepper snappl group inc nyse dp today announc antonio carrillo elect compani board director mr carrillo serv ceo mexichem sab bmv mexchem sinc mexichem global specialti chemic compani base tlalnepantla mexico previous spent year triniti industri inc nyse trn held sever execut posit recent group presid senior vice presid compani dalla headquart began career infra sa de cv held sever posit manufactur manag mr carrillo serv board director triniti industri sinc septemb pleas add antonio leadership knowledg background dp board said wayn sander dp chairman experi lead compani grow divers portfolio manufactur background bring great valu board strong understand busi climat mexico import market dp mr carrillo hold mba financ wharton school univers pennsylvania receiv bachelor degre mechan engin anahuac univers mexico citi serv latin american board wharton school dr pepper snappl group dr pepper snappl group nyse dp lead produc flavor beverag north america caribbean success fuel brand synonym refresh fun flavor top non cola soft drink lead brand flavor categori addit flagship dr pepper snappl brand portfolio includ aw canada dri clamato crush hawaiian punch mott mr mr mixer peafiel rose schwepp squirt sunkist soda learn icon brand plano texa base compani pleas visit latest news updat follow us,460859b0019efab7e7af409a81b46254e570ecad104743d9a60763d3ae480a0c,,,,,,,missing_stock_history,2015
102,HEJFE-56483839E5F0E88F,79785,12459,NVR,2012-01-25 15:56:00,2012-01-26T13:50:00Z,2012-01-26,2012-01-26,True,A-EXACT,60840.0,-0.0042865022040602,0.3018867924528302,ex vex nvr inc announc fourth quarter full year resultsreston va jan prnewswir nvr inc nyse nvr one nation largest homebuild mortgag bank compani announc net incom fourth quarter end decemb per dilut share net incom decreas dilut earn per share decreas fourth quarter end decemb compar fourth quarter consolid revenu fourth quarter total decreas compar quarter year end decemb consolid revenu lower report period net incom year end decemb decreas compar year end decemb dilut earn per share year end decemb decreas per dilut share compar period homebuildingnew order fourth quarter increas unit compar unit fourth quarter cancel rate fourth quarter compar fourth quarter third quarter settlement decreas fourth quarter unit lower period compani backlog home sold settl end increas unit basi unit dollar basi compar prior year endhomebuild revenu three month end decemb total lower year earlier period gross profit margin decreas fourth quarter compar period gross margin neg impact continu price pressur incom tax homebuild segment total fourth quarter decreas compar fourth quarter previou year gross profit margin pre tax incom neg impact land deposit impair charg fourth quarter fourth quarter new order fiscal year total unit compar unit report home settlement decreas unit compar unit settl homebuild revenu total lower gross profit margin decreas pre tax homebuild incom decreas fiscal year compar mortgag bankingmortgag close loan product three month end decemb lower period last year oper incom mortgag bank oper fourth quarter decreas compar report period mortgag close loan product fiscal year decreas incom tax mortgag bank segment decreas report nvrnvr inc oper two busi segment homebuild mortgag bank homebuild unit sell build home ryan home nvhome rymarc home fox ridg home trade name oper twenti seven metropolitan area fifteen state inform nvr inc brand see statement releas made compani constitut forward look statement within mean privat secur litig reform act section secur act amend section e secur exchang act certain necessarili forward look statement identifi use forward look terminolog believ expect may anticip neg thereof variat thereof compar terminolog discuss strategi involv risk uncertainti statement histor fact includ herein includ regard market trend nvr financi posit busi strategi outcom pend litig project plan object manag futur oper forward look statement forward look statement involv known unknown risk uncertainti factor may caus actual result perform nvr materi differ futur result perform achiev express impli forward look statement risk factor includ limit gener econom busi condit nation,fb85428e21c805c44766772606af53049c33f216e1f6b91e643a16d729e722f3,2012-01-27,700.280029296875,698.260009765625,-0.0028845882314796345,0.004380475594493172,-0.007265063825972806,ok_market_adjusted,2012
103,HEJFE-89844B5980EB5339,79796,29246,AF,2012-01-25 15:18:00,2012-01-25T21:30:00Z,2012-01-25,2012-01-25,True,A-EXACT,4320.0,0.008791542079952,0.4821428571428571,ex vex astoria financi corpor report fourth quarter full year earn per share respectivelyquarterli cash dividend per share declar annual sharehold meet date setlak success ny jan prnewswir astoria financi corpor nyse af astoria compani hold compani astoria feder save loan associ astoria feder today report net incom million dilut earn per share dilut ep quarter end decemb compar net incom million dilut ep quarter end decemb year end decemb net incom total million dilut ep compar net incom million dilut ep year end decemb year end decemb includ net charg total million million per share tax routin core oper detail pleas refer reconcili gaap measur non gaap measur tabl includ fourth quarter full year result mont n redman presid chief execut offic astoria state declin fourth quarter full year earn due signific decreas averag interest earn asset compar period primarili due declin one four famili residenti multi famili commerci real estat cre loan portfolio declin residenti loan portfolio due primarili effect continu elev level mortgag prepay activ result govern program design keep year fix rate conform loan interest rate histor low level declin multi familycr loan portfolio due absenc lend market much resumpt multi familycr lend began third quarter demonstr solid growth evidenc fourth quarter origin year end pipelin help mitig neg impact us govern program imped abil grow residenti loan portfolio profit accordingli anticip averag interest earn asset begin increas modestli first quarter robustli year progressesful year financi highlightslow cost save money market check account deposit increas million billion total deposit total non perform loan decreas million million compani tangibl common equiti ratio increas basi point astoria feder leverag tangibl capit ratio increas basi point astoria feder tier risk base capit ratio increas basi point residenti loan origin portfolio total billion multi familycr loan origin total million board declar quarterli cash dividend per share set annual sharehold meet date board director compani januari meet declar quarterli cash dividend per common share dividend payabl march sharehold record februari sixti seventh consecut quarterli cash dividend declar compani board also establish may date annual meet sharehold vote record date march fourth quarter full year earn summari net interest incom quarter end decemb total million compar million previou quarter million fourth quarter year end decemb net interest incom total million compar million year end decemb decreas net interest incom year year quarter full year period due primarili declin averag interest earn asset,ab81bdace5a8abccf33aa8521791921cf669bcd13bd4f24322a14189bb5afcb8,,,,,,,missing_stock_history,2012
104,HEJFE-8536AD777ECEEACB,80446,30098,GDI,2013-04-25 15:17:00,2013-04-26T13:44:00Z,2013-04-26,2013-04-26,True,B-EXACT,66420.0,,,,,,,,,,,,2013
105,HEJFE-489E74F74AFB5AFA,81162,31147,MCRL,2013-04-25 14:32:00,2013-04-25T20:01:00Z,2013-04-25,2013-04-25,True,B-EXACT,5340.0,0.0055946859294225,0.5776892430278884,ex earn releas contact ray wallin micrel incorpor fortun drivesan jose ca phone press releasemicrel report first quarter financi result revenu million prior quarter gaap net incom million per dilut share compar net loss per dilut share prior quarter non gaap net incom million per dilut share compar net incom per dilut share prior quarter gross margin compar prior quarter first quarter book bill micrel declar quarterli dividend per share san jose ca apr micrel incorpor nasdaq nm mcrl lead global manufactur ic solut worldwid high perform linear power lan time commun market today announc financi result first quarter end march first quarter revenu total million decreas million million fourth quarter decreas revenu driven continu weak comput commun end market compar period last year first quarter revenu lower million first quarter gaap net incom million per dilut share compar fourth quarter gaap net loss million loss per dilut share gaap net incom million per dilut share period first quarter non gaap net incom million per dilut share compar fourth quarter non gaap net incom million per dilut share non gaap net incom million per dilut share period reconcili gaap net incom non gaap net incom provid financi tabl end press releas non gaap result exclud impact stock base compens expens relat tax effect defer tax asset adjust micrel report first quarter financi resultsapril comment first quarter result micrel presid ceo ray zinn said continu face macro econom challeng top line saw weak comput commun end market partial offset growth sale consum end market revenu increas nice sequenti quarterli basi book solid quarter book bill ratio driven strength industri end market addit pleas oper execut evidenc improv gross margin quarter sequenti remain keenli focus expens manag nearli million sequenti quarter reduct oper expens help expand oper margin compar prior quarter also continu maintain strong balanc sheet end first quarter cash cash equival short term invest million per share provid micrel signific financi flexibl outlookmr zinn continu pleas financi manag success stabil gross margin addit also encourag improv seen industri auto consum end market believ micrel execut high level oper perspect continu remain intens focus expens manag look ahead excit new product introduc believ driver growth micrel year comebas upon current inventori level demand estim compani project second quarter revenu growth rang plu sequenti basi gross profit margin expect rang addit compani estim second quarter gaap net incom approxim per dilut share,ac69e5311835f159d6da5ed066d9072d09af2cc2fd327bfa02fbc3ababc91810,,,,,,,missing_stock_history,2013
106,HEJFE-D4E8CD312A2AA576,81256,31488,ISSI,2012-01-25 14:51:00,2012-01-25T21:10:00Z,2012-01-25,2012-01-25,True,A-EXACT,4740.0,-0.0035442893779357,0.6,ex vex issi announc first fiscal quarter resultssan jose calif jan prnewswir integr silicon solut inc nasdaq issi today report financi result first fiscal quarter end decemb fiscal first quarter result recent highlight report total revenu million achiev record quarterli revenu million specialti dramincreas automot market revenu percent industri medic militari market revenu percent quarter last year achiev record quarterli revenu marketsachiev gaap net incom million per dilut share non gaap net incom million per dilut share andgener million cash flow oper quarter end quarter million cash investmentsrevenu first fiscal quarter end decemb million percent decreas million septemb quarter slight increas million decemb quarter gross margin first quarter fiscal percent compar percent septemb quarter percent decemb quartergaap net incom first quarter fiscal million per dilut share compar gaap net incom million includ million defer tax asset valuat benefit per dilut share septemb quarter million per dilut share decemb quarter first quarter non gaap net incom million per dilut share exclud million stock base compens expens million amort intang relat acquisit si en million non cash incom tax expens util net defer tax asset compar million per dilut share septemb quarter million per dilut share decemb quarter reconcili gaap result non gaap result provid financi statement tabl follow text press releasedur quarter pleas perform memori product highlight record sale specialti dram despit softer demand consum commun end market believ result reflect success high qualiti specialti memori busi particularli automot grew significantli quarter said scott howarth issi presid ceo design win momentum remain strong automot commun industri medic militari market continu execut product strategi believ well posit new memori product introduct continu expand opportun across target marketsin regard analog product revenu decemb quarter advers impact declin sale featur cell phone china market ongo transit demand featur phone smartphon expect affect segment busi short term work gain design win smartphon market broaden analog market opportun outsid china design addit analog mix signal product expand address market futur said mr howarth look forward expect see normal season revenu flat slightli quarter low point year much saw remain cautiou macro uncertainti near term expect design win traction across product new product offer strong custom relationship posit issi continu revenu growth march quarter outlook issi expect total revenu march quarter rang million consist sram dram revenu million million analog revenu million million gross margin march quarter expect rang percent percent oper expens expect million million compani,b479a3d363e677665ffa502fbcbd3953c9a323ee3ad89e0cab7fdb568517fab5,,,,,,,missing_stock_history,2012
107,HEJFE-F9E72EEF6E5BD373,81501,31607,NATI,2015-01-29 15:51:00,2015-01-29T21:01:00Z,2015-01-29,2015-01-29,True,B-EXACT,600.0,-0.0094500036489734,0.4716981132075472,ex ex press releas ex contact marissa vidaurri investor relat nation instrument report record revenu net incom compani deliv oper leverag target increas dividend highlight record quarterli revenu million revenu percent year year us dollar term percent constant currenc term strong revenu growth labview pxi rf compactrio product gaap oper incom percent year year non gaap oper incom percent year year fulli dilut gaap ep fulli dilut non gaap ep ebitda million per share cash cash equival million million dec austin texa jan ni nasdaq nati today announc revenu million percent year year compani total order percent quarter order percent year year order percent year year order percent year year ni recogn million revenu largest custom compar million recogn gaap net incom million fulli dilut earn per share ep non gaap net incom million non gaap fulli dilut ep ebitda earn interest tax depreci amort million per share fourth quarter gaap gross margin percent non gaap gross margin percent basi point total gaap oper expens million percent year year total non gaap oper expens million percent year year gaap oper margin percent gaap oper incom million percent year year non gaap oper margin percent non gaap oper incom million percent year year compani non gaap result exclud impact stock base compens amort acquisit relat intang acquisit transact cost restructur charg reconcili compani gaap non gaap result includ part news releas built continu run compani long term sustain growth said dr jame truchard ni presid ceo cofound cours sever decad success manag busi variou econom currenc cycl prepar navig near term disrupt result currenc fluctuat differenti platform continu deliv strategi reduc cost custom system grow busi market serv geograph revenu us dollar term compar percent america percent europ percent east asia percent emerg market constant currenc term revenu percent europ percent east asia percent emerg market dec ni million cash short term invest million year ni board director also approv increas quarterli dividend per share per share compani common stock payabl march stockhold record feb fy highlight record revenu billion percent year year record new product revenu record fulli dilut gaap ep year year record non gaap fulli dilut ep year year ebitda million per share dividend paid million per share full year revenu billion percent year year gaap net incom million fulli dilut gaap ep non gaap net incom million fulli dilut ep guidanc year great progress ni deliv strong,4556d6d6302ad3a5cd81996126377dfd51ddbe18e2d1afffaf13b75bc56111dc,,,,,,,missing_stock_history,2015
108,HEJFE-7F8218B15679F14D,81501,31607,NATI,2015-04-28 13:59:00,2015-04-28T20:02:00Z,2015-04-28,2015-04-28,True,A-EXACT,7380.0,-0.0247048545642784,0.4906542056074766,ex ex press releas ex contact marissa vidaurri investor relat ni report record revenu first quarter compani deliv year year revenu growth despit stronger dollar highlight record revenu first quarter million revenu percent year year us dollar term percent constant currenc term continu broad adopt pxi strong growth revenu rf product gaap oper margin percent non gaap oper margin percent fulli dilut gaap ep fulli dilut non gaap ep ebitda million per share cash short term invest million march austin texa april ni nasdaq nati today announc revenu million percent year year yoy us dollar term percent yoy constant currenc term ni receiv million order largest custom compar million order custom exclud ni largest custom compani total order percent quarter order percent yoy order percent yoy order percent yoy continu adapt impact us dollar result optimist long term posit industri abil continu gain market share said dr jame truchard ni presid ceo cofound confid build new product pipelin channel oper excel necessari drive long term growth profit compani particularli excit earli success g wireless innov technolog platform enabl research prototyp algorithm next gener wireless network gaap net incom million fulli dilut earn per share ep non gaap net incom million non gaap fulli dilut ep ebitda earn interest tax depreci amort million per share first quarter gaap gross margin percent non gaap gross margin percent total gaap oper expens million percent yoy total non gaap oper expens million percent yoy gaap oper margin percent gaap oper incom million percent yoy non gaap oper margin percent non gaap oper incom million percent yoy compani non gaap result exclud impact stock base compens amort acquisit relat intang acquisit transact cost restructur charg reconcili compani gaap non gaap result includ part news releas geograph revenu us dollar term compar percent america percent europ percent east asia percent emerg market constant currenc term revenu region america percent europ percent east asia percent emerg market percent march ni million cash short term invest ni board director approv quarterli dividend per share payabl june stockhold record may guidanc despit challeng first quarter due rapid strengthen us dollar pleas see region deliv revenu growth constant currenc basi continu execut long term strategi mitig impact strengthen us dollar said alex davern ni coo cfo expect continu experi drag revenu currenc headwind lower order largest custom howev enter expect favor compar factor allow strength broad base busi show compani,b89bafc65a27dbb0c252643272dfc068b50fd6cc59ba9192d192aa73c8671818,,,,,,,missing_stock_history,2015
109,HEJFE-2F14F138D09BCA76,81564,24466,IBKC,2012-01-24 13:53:00,2012-01-25T21:30:00Z,2012-01-25,2012-01-25,True,A-EXACT,95820.0,0.0026643483357277,0.4941176470588235,ex immedi releas januari contact daryl g byrd presid ceo john r davi senior execut vice presid iberiabank corpor report fourth quarter result lafayett louisiana iberiabank corpor nasdaq ibkc hold compani year old iberiabank report oper result fourth quarter end decemb quarter compani report incom avail common sharehold million fulli dilut earn per share ep compani complet acquisit omni bancshar inc omni cameron bancshar inc cameron may financi statement reflect impact acquisit begin date convers branch oper system omni cameron success complet weekend june juli respect compani incur pre tax acquisit convers cost fourth quarter equal million per share tax basi exclud acquisit convers cost ep fourth quarter per share averag analyst estim ep fourth quarter report first call per share daryl g byrd presid chief execut offic comment compani continu demonstr tremend growth balanc sheet strength challeng econom period stellar asset qualiti ratio continu show signific improv throughout year byrd continu proud invest mani accomplish optimist regard compani prospect great excit celebr institut th anniversari march highlight fourth quarter decemb loan growth million quarter end annual rate exclud loan oreo asset cover fdic loss share agreement cover asset core deposit growth exclud time deposit million annual growth compar septemb continu asset qualiti strength nonperform asset npa exclud cover asset impair loan mark fair valu acquir omni cameron acquisit equat total asset decemb compar septemb basi loan past due day declin restructur loan declin fourth quarter year net charg off exclud cover asset million averag loan compar million averag loan despit signific improv asset qualiti measur legaci fdic cover asset compani incur net impair associ cover asset total million per share tax basi fourth quarter compani also wrote four properti formerli use bank purpos total million per share tax basi capit ratio remain strong decemb compani tangibl common equiti ratio tier leverag ratio total risk base capit ratio time acquisit omni cameron compani use preliminari estim determin fair valu asset acquir liabil assum accord gener accept account principl acquir one year complet analysi fact circumst exist acquisit date refin estim fourth quarter compani perform analysi includ refin futur estim cash flow review loan type refin discount loss given default underli collater valu result compani increas origin amount goodwil record cameron june million reduc loan interest incom third quarter million major million increas goodwil cameron associ interest rate mark adjust result omni cameron adjust loan interest incom tax equival net interest,5504837bdc73070f4a8fb1a6737eabd52f9b2814c3dd7506048a4d35cfb7f260,,,,,,,missing_stock_history,2012
110,HEJFE-48B08BAEDCEEDEFC,82618,61513,SNDK,2015-01-21 15:00:00,2015-01-21T21:05:00Z,2015-01-21,2015-01-21,True,B-EXACT,3900.0,-0.022139324707349,0.5635179153094463,ex exhibit press releas financi q earn releas news releasesandisk corpor sandisk drivemilpita ca phone sandisk announc fourth quarter fiscal resultsmilpita calif jan sandisk corpor nasdaq sndk global leader flash storag solut today announc result fourth quarter fiscal year end decemb fourth quarter revenu billion slightli higher year year basi decreas percent sequenti total revenu fiscal record billion percent increas billion fiscal gaap basi fourth quarter net incom million per share compar net incom million per share fourth quarter fiscal million per share third quarter fiscal net incom fiscal billion per share compar billion per share fiscal non gaap basi fourth quarter net incom million per share compar net incom million per share fourth quarter fiscal net incom million per share third quarter fiscal net incom fiscal billion per share compar billion per share fiscal reconcili non gaap gaap result see accompani financi tabl footnot deliv record revenu continu progress shift portfolio toward high valu solut said sanjay mehrotra presid chief execut offic sandisk ssd solut reach percent revenu strong growth client enterpris ssd disappoint fourth quarter result impact primarili suppli constraint believ nand flash industri fundament healthi expect financi result improv move fourth quarter key financi metricsmetricsgaap non gaap million except percentag per share amountsqqq qqqrevenu gross profit percent revenu oper incom percent revenu ep fiscal key financi metric metricsgaap non gaap million except percentag per share amountsfyfi fyfyrevenu gross profit percent revenu oper incom percent revenu ep highlight sandisk announc today board director author billion increas compani exist share repurchas program addit author compani approxim billion remain avail stock repurchas program sandisk announc today first quarter dividend per share common stock payabl march sharehold record close busi march sandisk celebr receipt th patent name thomson reuter top global innov fourth consecut year sandisk introduc ixpand flash drive compani first usb flash drive design specif iphon ipad allow quick photo video transfer iphon ipad mac pcconfer callsandisk fourth quarter fiscal confer call schedul pm pacif standard time wednesday januari confer call webcast access live throughout quarter sandisk websit particip call via telephon dial number password particip encourag dial least minut call commenc copi press releas furnish secur exchang commiss current report form post sandisk websit prior confer callabout sandisksandisk corpor nasdaq sndk fortun sp compani global leader flash storag solut year sandisk expand possibl storag provid trust innov product transform electron industri today sandisk qualiti state art solut heart,a4b7f58fa0ba0fb2d0fb420c49df124e646369d184f87cf888301ecd4273ac33,,,,,,,missing_stock_history,2015
111,HEJFE-54A5D1D8A5B593C8,82759,61685,NUAN,2015-02-05 15:33:00,2015-02-05T21:03:00Z,2015-02-05,2015-02-05,True,A-EXACT,1800.0,0.0059251997965804,0.640625,ex ex press releas decemb first fiscal quarter earn februari press releas press releasenu announc first quarter fiscal resultsrevenu ep exceed target compani sustain growth recur revenu oper cash flow defer revenu burlington mass februari nuanc commun inc nasdaq nuan today announc financi result first quarter fiscal end decemb first quarter fiscal nuanc report gaap revenu million million first quarter fiscal nuanc report nongaap revenu million includ million revenu lost account treatment conjunct acquisit compar million first quarter fiscal first quarter fiscal nuanc report net new book million compar million first quarter fiscal first quarter fiscal nuanc recogn gaap net loss million per share compar gaap net loss million per share first quarter fiscal first quarter fiscal nuanc report non gaap net incom million per dilut share non gaap net incom million per dilut share first quarter fiscal nuanc first quarter fiscal nongaap oper margin first quarter fiscal nuanc report cash flow oper million first quarter fiscal million first quarter fiscal nuanc end first quarter fiscal million total defer revenu million end first quarter fiscal nuanc end first quarter fiscal million cash cash equival market securitiespleas refer discuss non gaap financi measur gaap non gaap reconcili includ elsewher releas inform regard compani use non gaap measuresfirst quarter revenu ep exceed target first quarter recur revenu repres total revenu percentag point last year first quarter continu transit revenu model toward stabl predict recur revenu stream recur revenu continu benefit busi sustain growth defer revenu oper cash flow deliv second consecut quarter year year improv ep oper margin said tom beaudoin nuanc cfo nuanc commun inc right reserv first fiscal quarter earn februari press releas highlight quarter healthcar nuanc healthcar solut first quarter fiscal non gaap revenu million key custom quarter includ cathol health system centura health children hospit orang counti hamad medic center main medic oa center orthopaed univers health servic univers florida shand hospit univers south alabama univers texa md anderson cancer center us veteran administr vidant health mobil consum nuanc mobil consum solut first quarter fiscal non gaap revenu million key custom oem design win quarter includ bmw bosch chuangzu docomo ford fujitsu harman honda huawei lg mahindra mitac motorola optu panason peugeot pioneer renault samsung subaru thale vivo zte enterpris nuanc enterpris solut first quarter fiscal non gaap revenu million key custom quarter includ barclay citigroup delta airlin deutsch telekom ford jetstar metro pc moshi moshi paypal scotia,a33a744cc8ba837d167e24445e425cc40bc8364bc65bd6ceddfa9540c9aaa743,,,,,,,missing_stock_history,2015
112,HEJFE-7CA38C1FDA5EA4D0,83244,62516,CENX,2013-04-25 15:22:00,2013-04-25T20:00:00Z,2013-04-25,2013-04-25,True,B-EXACT,2280.0,-0.018832628279579,0.7295081967213115,ex aexhibitform form k centuri report first quarter resultsmonterey ca centuri aluminum compani nasdaq cenx report net incom million per basic dilut common share first quarter financi result posit impact litig reserv adjust million unreal gain million relat lme base conting oblig result neg impact sever expens million relat corpor headquart reloc cost sale quarter includ million charg lower cost market inventori adjustmentsfor first quarter centuri report net loss million per basic dilut common share financi result neg impact unreal loss forward contract million primarili relat mark market aluminum price protect option cost sale quarter includ million benefit lower cost market inventori adjustmentssal first quarter million compar million first quarter shipment primari aluminum first quarter tonn compar tonn ship year ago quartermarket volatil increas due number factor comment michael bless presid chief execut offic econom data china mix underli industri consum activ grow reason slower pace growth develop economi also slow condit eurozon remain difficult us end market remain gener strong overal continu expect medium longer term global trend favor thu execut strateg plan howev work preserv consider flexibl present uncertain environmentmr bless continu continu discuss hawesvil electr power provid arrang suppli termin exist contract august given yet reach agreement recent deem necessari issu termin notic plant largest custom notif warn act employe remain optimist solut exist would support plant continu oper would worst impact rate payer kentucki proud peopl remain dedic oper plant safe product time uncertainti effort coupl market base power price provid basi hawesvil oper mani year comew push forward key initi conclud mr bless restart ravenswood remain prioriti discuss power provid key constitu aim find suitabl arrang grundartangi work hard two key invest project aim expand plant capac restart recent acquir anod plant netherland discuss current power supplier new plant helguvik continu albeit slow pace hope new govern expect result nation elect iceland end april provid support necessari allow restart major construct activ adequ suppli power guarante necessari transmiss capac impedi full restart attract projectcenturi aluminum compani own primari aluminum capac unit state iceland centuri corpor offic locat monterey california inform found aluminum quarterli confer call schedul pm eastern time today listen confer call view relat present materi go click confer call link homepagecautionari statement press releas comment made centuri manag quarterli confer call contain forward look statement within mean privat secur litig reform act forward look statement statement futur past event involv certain import risk,48deae119e475de67b1cf26d21274c4c94ca7f2c2f1dfdacaeb1eccd5a8690df,2013-04-26,6.840000152587891,6.739999771118164,-0.014619938485219475,-0.0005773672055428003,-0.014042571279676674,ok_market_adjusted,2013
113,HEJFE-809E53BB4081FBAE,84624,64480,ROVI,2015-04-30 14:48:00,2015-04-30T20:02:00Z,2015-04-30,2015-04-30,True,B-EXACT,4440.0,,,,,,,,,,,,2015
114,HEJFE-00D863517A3A754C,85663,66065,URI,2015-01-21 15:43:00,2015-01-21T21:10:00Z,2015-01-21,2015-01-21,True,B-EXACT,1620.0,0.0195609835606991,0.2444444444444444,ex uri press releas unit rental inc uri ex unit rental inc first stamford placesuit stamford ct telephon rental announc fourth quarter full year result provid outlookstamford conn januari unit rental inc nyse uri today announc financi result fourth quarter full year fourth quarter total revenu billion rental revenu billion compar billion billion respect period prior year gaap basi compani report fourth quarter net incom million per dilut share compar million per dilut share period prior yearadjust ep quarter per dilut share compar per dilut share period prior year adjust ebitda million adjust ebitda margin quarterfor full year total revenu billion rental revenu billion gaap basi full year net incom million per dilut shareadjust ep full year per dilut share compar per dilut share adjust ebitda billion adjust ebitda margin full year highlight full year total revenu increas year year rental revenu includ own equip rental revenu rent revenu ancillari item increas within rental revenu own equip rental revenu increas reflect increas volum equip rent rental rate exclud impact nation pump rental revenu full year increas year year fourth quarter rental revenu increas year year within rental revenu own equip rental revenu increas reflect increas volum equip rent rental rate exclud impact nation pump rental revenu fourth quarter increas year yearin april compani acquir certain asset follow four entiti nation pump compressor ltd canadian pump compressor ltd gulfco industri equip lp ld servic llc collect nation pump nation pump includ compani result subsequ acquisit dateadjust ep earn per share non gaap measur exclud impact follow special item merger relat cost ii restructur charg iii asset impair charg iv impact interest expens relat fair valu adjust acquir rsc indebted v impact depreci relat acquir rsc fleet properti equip vi impact fair valu mark acquir rsc fleet vii merger relat intang asset amort viii loss repurchaseredempt debt secur retir subordin convert debentur see tabl amountsadjust ebitda earn interest tax depreci amort non gaap measur exclud impact follow special item merger relat cost ii restructur charg iii impact fair valu mark acquir rsc fleet iv gainloss sale softwar subsidiari v stock compens expens net see tabl amount flow repres year year chang adjust ebitda divid year year chang total revenu fourth quarter full year time util increas basi point year year fourth quarter full year time util increas basi point record fourth quarter compani gener million proce use equip sale gross margin compar,e1e2f2bd8b67269bd1e6b9bb3c8ed4e741186fbbdbad13ec48a6a55a4dd72b16,2015-01-22,91.62999725341797,86.02999877929688,-0.06111534041230371,0.010386800108195926,-0.07150214052049964,ok_market_adjusted,2015
115,HEJFE-0AA84E6E44ED02D8,85675,65967,AMSG,2015-02-25 15:57:00,2015-02-25T21:00:00Z,2015-02-25,2015-02-25,True,A-EXACT,180.0,,,,,,,,,,,,2015
116,HEJFE-8A0517D50278EAE4,85710,66032,POWI,2015-04-29 15:23:00,2015-04-29T20:03:00Z,2015-04-29,2015-04-29,True,A-EXACT,2400.0,-0.005826764319235,0.5598290598290598,ex power integr report first quarter financi result net revenu million non gaap earn per dilut share gaap earn per dilut share san jose calif busi wire april power integr nasdaq powi today announc financi result quarter end march net revenu first quarter million five percent prior quarter one percent first quarter gaap gross margin first quarter percent oper margin percent net incom quarter million per dilut share compar per dilut share prior quarter per dilut share first quarter addit gaap result compani provid non gaap financi measur exclud stock base compens expens acquisit relat expens relat tax effect item non gaap gross margin first quarter percent oper margin percent non gaap net incom quarter million per dilut share compar per dilut share prior quarter per dilut share first quarter comment balu balakrishnan presid ceo power integr first quarter revenu within expect rang albeit toward lower end larg reflect continu soft desktop pc market overal demand environ appear somewhat mix expect growth key focu area month ahead includ rapid charg high power applic notabl shipment increas nearli ten percent sequenti first quarter anticip stronger demand distribut channel expect second quarter revenu increas sequenti five ten percent addit highlight compani paid dividend per share march dividend per share schedul paid june stockhold record may januari compani acquir cambridg semiconductor uk base supplier control ic ac dc power suppli million net cash assum power integr million cash short term market secur quarter end decreas million quarter cash flow oper quarter million power integr issu us patent first quarter us patent quarter end includ patent acquir quarter financi outlook compani issu follow forecast second quarter revenu expect increas five ten percent compar first quarter non gaap gross margin expect percent percent exclud million stock base compens million amort acquisit relat intang gaap gross margin expect percent percent non gaap oper expens expect million million exclud approxim million stock base compens million amort acquisit relat intang gaap oper expens expect million million confer call today pm pacif time power integr manag hold confer call today pm pt member invest commun join call dial call also avail investor section compani websit power integr power integr inc lead innov semiconductor technolog high voltag power convers compani product key build block clean power ecosystem enabl gener renew energi well effici transmiss consumpt power applic rang milliwatt megawatt inform pleas visit note regard use non gaap financi measur,d38c950a22b2930474385e2ffb70b5d56726566ab486bfd24f832a1e7e7a3cc2,2015-04-30,24.895000457763672,24.7450008392334,-0.0060252908524649484,-0.006752512562814061,0.000727221710349113,ok_market_adjusted,2015
117,HEJFE-1FCAAB3F7CC931CF,85753,66368,VRSN,2013-04-25 14:07:00,2013-04-25T20:05:00Z,2013-04-25,2013-04-25,True,B-EXACT,7080.0,0.0087663812877857,0.7053571428571428,ex ex verisign report percent year year revenu growth first quarter reston va april verisign inc nasdaq vrsn global leader domain name today report financi result first quarter end march first quarter gaap financi resultsverisign inc subsidiari verisign report revenu million first quarter percent quarter verisign report net incom million dilut earn per share ep first quarter compar net incom million dilut ep quarter oper margin percent first quarter compar percent quarter first quarter non gaap financi resultsverisign report non gaap basi net incom million dilut ep first quarter compar net incom million dilut ep quarter non gaap oper margin percent first quarter compar percent quarter tabl reconcil gaap non gaap result exclud item describ append releas first quarter demonstr continu focu disciplin execut strateg framework comment jim bidzo execut chairman presid chief execut officerw pleas success complet million senior unsecur note offer state georg kilguss iii senior vice presid chief financi officerfinanci highlight april verisign issu million senior note due may verisign use portion proce offer repay million outstand indebted exist revolv credit facil intend use remain amount gener corpor purpos includ limit repurchas share share repurchas program verisign end first quarter cash cash equival market secur restrict cash billion increas million year end cash flow oper million first quarter compar million quarter defer revenu march total million increas million year end capit expenditur million first quarter first quarter verisign repurchas approxim million share common stock cost approxim million march approxim million remain avail author current share repurchas program purpos calcul dilut ep first quarter dilut share count includ million share relat subordin convert debentur compar million share quarter repres dilut share share issu due stock price exceed subordin convert debentur trigger price first quarter holder option convert debentur common stock second quarter consequ debt compon subordin convert debentur relat embed deriv defer tax liabil reclassifi long term liabil current liabil associ unamort debt issuanc cost reclassifi long term asset current asset march busi highlight verisign registri servic ad million net new name end first quarter million activ domain name zone net repres percent increas year year first quarter verisign process million new domain name registr compar million quarter year priornon gaap itemsnon gaap financi result exclud follow item includ gaap discontinu oper stock base compens amort intang asset impair goodwil intang asset restructur charg conting interest payment holder subordin convert debentur unreal gainloss conting interest deriv subordin convert,c940eb42679c26748bb11fd2bb889ff12b3d3936f9b9c0a0a5e68be460df805a,2013-04-26,46.25,44.77000045776367,-0.03199999010240706,-0.0005773672055428003,-0.03142262289686426,ok_market_adjusted,2013
118,HEJFE-FBFFFD99898188CF,85863,105936,COLM,2015-02-12 14:33:00,2015-02-12T21:00:00Z,2015-02-12,2015-02-12,True,A-EXACT,5220.0,0.0057439204330963,0.7756653992395437,ex colm ex contact ron parham sr director investor relat corpor commun columbia sportswear compani columbia sportswear compani fy net sale increas million percent record billion oper incom net incom increas percent percent respect compani reaffirm net sale outlook anticip low doubl digit oper incom growth th quarter highlight net sale increas percent record million oper incom increas percent million percent net sale net incom increas percent million per dilut share board director approv addit million share repurchas author approv regular quarterli dividend per share payabl march sharehold record march fiscal year highlight net sale increas million percent record billion oper incom increas percent million percent sale net incom increas percent million per dilut share fiscal year outlook reaffirm preliminari net sale outlook provid octob anticip low doubl digit constant dollar growth high singl digit growth us dollar compar higher anticip net sale oper margin expect increas approxim percent net sale earn per share expect grow approxim percent note per share amount adjust reflect stock split complet septemb portland ore februari columbia sportswear compani nasdaq colm today announc record net sale million fourth quarter increas million percent compar net sale million fourth quarter fourth quarter net incom total million per dilut share percent increas compar fourth quarter net incom million per dilut share full year net sale increas million percent billion oper incom increas percent million repres oper margin percent compar oper margin percent full year net incom increas percent million per dilut share compar full year net incom million per dilut share tim boyl columbia presid chief execut offic comment outstand year columbia sportswear compani reflect strong momentum north america columbia sorel prana brand addit despit mild winter weather produc percent growth columbia brand europ direct market led strong sale trail footwear outerwear net sale growth percent oper incom growth percent healthi basi point improv oper margin percent increas net incom valid strategi execut drive growth improv profit portfolio brand activ live proud columbia sorel brand drove doubl digit top line growth account virtual oper incom growth look forward reaffirm preliminari net sale outlook last octob expect columbia sorel prana brand primari driver sale growth concentr north america europ direct market offset anticip effect stronger us dollar intern busi expect oper profit grow rate faster sale growth earn per share increas boyl conclud although recent macro econom trend geo polit issu west coast port disrupt stronger us dollar pose,a0ce344d4ae0815aaad915f84f461e5448e6827f295d3de6d854c9f0123534d8,2015-02-13,49.29999923706055,51.5,0.04462476261633763,0.00337802174601487,0.04124674087032276,ok_market_adjusted,2015
119,HEJFE-0BCEF81B6C0111FB,85863,105936,COLM,2015-04-30 15:13:00,2015-04-30T20:00:00Z,2015-04-30,2015-04-30,True,B-EXACT,2820.0,0.0255419553675103,0.6160714285714286,ex colm ex contact ron parham sr director investor relat corpor commun columbia sportswear compani columbia sportswear compani report record first quarter net sale grew percent oper incom percent net incom percent rais financi outlook first quarter highlight net sale increas million percent first quarter record million includ million increment prana brand sale percentag point neg effect chang currenc exchang rate oper incom increas percent first quarter record million oper margin expand basi point percent net incom increas percent first quarter record million per dilut share board director approv quarterli dividend per share payabl june sharehold record may fiscal year outlook rais anticip high singl digit net sale growth includ approxim percentag point neg effect chang currenc exchang rate mid teen percentag growth oper incom result full year oper margin approxim percent net sale net incom million million per dilut share note per share amount adjust reflect stock split complet septemb portland ore april columbia sportswear compani nasdaq colm today announc record first quarter net sale million increas million percent compar first quarter net sale million includ percentag point neg effect chang currenc exchang rate prana brand compani acquir may contribut million increment net sale quarter first quarter oper incom increas percent million equat percent oper margin net incom total million per dilut share increas percent compar first quarter net incom million per dilut share tim boyl columbia chief execut offic comment strong start build momentum creat behind columbia sorel prana brand experienc except sell north america first half spring season european busi return growth sorel pois strong second half full year net sale million prana remain pace deliv annual growth percent boyl conclud strong balanc sheet enabl us invest expand portfolio activ brand continu transform global oper fuel support sustain profit growth base solid first quarter result strengthen fall advanc order north america europ momentum behind direct consum platform rais full year outlook expect return doubl digit oper margin full year first quarter result comparison first quarter first quarter unless otherwis note consolid net sale increas percent million compar net sale million period includ increment prana brand sale million chang currenc exchang rate percentag point neg effect net sale comparison first quarter us net sale increas million percent includ million increment prana net sale net sale canada increas million percent includ million increment prana net sale percentag point neg effect chang currenc exchang rate latin americaasia pacif laap region,3a34f47fd01b55dffb54fc89c1820e74dbe5b1c98213b473ec368790eeafa565,2015-05-01,61.09000015258789,58.15999984741211,-0.0479620281201073,0.00634837355718787,-0.05431040167729517,ok_market_adjusted,2015
120,HEJFE-F170013A9B3F85E2,86949,121142,SKX,2015-04-22 15:24:00,2015-04-22T20:01:00Z,2015-04-22,2015-04-22,True,A-EXACT,2220.0,0.0017704781052392,0.6807692307692308,ex ex ex immedi releas compani contact david weinberg chief oper offic chief financi offic skecher usa inc investor relat andrew greenebaum skecher announc first quarter financi result record quarterli net sale million increas percent earn oper million dilut earn per share manhattan beach ca april skecher usa inc nyse skx global leader footwear today announc financi result first quarter end march first quarter net sale million compar million first quarter increas percent gross profit first quarter million percent net sale compar million percent net sale first quarter earn oper first quarter million percent net sale compar net earn oper million percent net sale first quarter skecher first quarter net sale million mark highest quarterli revenu compani histori net sale growth percent previou record first quarter net sale attribut continu strong demand lifestyl perform kid footwear custom consum around world began david weinberg chief oper offic chief financi offic sale result attribut doubl digit increas domest intern wholesal busi worldwid compani own retail busi well singl digit increas ecommerc busi addit quarter total compani own retail store comp nine percent domest wholesal busi saw averag price per pair increas percent weinberg continu achiev growth despit signific headwind includ strengthen us dollar unseason cold weather mani market slowdown west coast port european distribut center oper less effici origin anticip due transit new autom system combin stronger expect sale region addit manag increas demand shipment expand european distribut center squar feet increas one million squar feet first quarter net earn first quarter million compar net earn million first quarter net earn per dilut share first quarter base million weight averag share outstand compar dilut net earn per share base million weight averag share outstand period prior year robert greenberg skecher chief execut offic comment achiev new annual sale record billion expect momentum continu attribut success constant develop fresh innov product appeal widen audienc around world continu market support provid everi key product categori divers global distribut strategi final tremend logist support inventori manag expand product line market focu broaden demograph reach includ demi lovato tween teen support skecher sport line avid golfer matt kuchar play skecher go golf tech savvi kid game kick shoe memori game built along market campaign collect ran relax fit footwear commerci star pete rose super bowl introduc mani new commerci support spring collect includ stretch fit brook burk charvet skecher memori foam british actress model kelli brook,7884ecfeb36409e3d955b445b16b300309b3d28ec1c9f8ef48400ba578e71fb6,,,,,,,missing_stock_history,2015
121,HEJFE-D7FD00AF94DD8F41,86979,121718,JNPR,2011-04-19 15:50:00,2011-04-19T20:12:00Z,2011-04-19,2011-04-19,True,A-EXACT,1320.0,0.0014392659950066,0.5728155339805825,ex ex exvw investor relat kathleen bela junip network kbelajunipernet media relat david shane junip network dshanejunipernet cindi ta junip network ctajunipernet junip network report preliminari first quarter financi result revenu million year year sequenti oper margin gaap non gaap gaap net incom per share dilut non gaap net incom per share dilut year year sequenti sunnyval calif april junip network nyse jnpr today report preliminari financi result three month end march net revenu first quarter increas year year basi million compani post gaap net incom million per dilut share non gaap net incom million per dilut share first quarter gaap net incom includ half cent dilut impact net interest expens relat billion dollar senior note issu quarter non gaap net incom per dilut share increas compar first quarter decreas compar last quarter reconcili gaap non gaap result oper provid tabl immedi follow net revenu market tabl junip deliv solid result first quarter continu build market momentum said kevin johnson chief execut offic junip network execut innov roadmap new solut defin vision new network innov core multi year growth agenda junip oper margin first quarter decreas gaap basi fourth quarter decreas prior year first quarter anticip non gaap oper margin first quarter decreas non gaap basi fourth quarter decreas prior year first quarter first quarter junip gener cash oper approxim million net cash oper quarter million litig settlement payment million incur charg compani fourth quarter result result litig settlement payment net cash oper first quarter million capit expenditur well depreci amort expens first quarter page million million respect first quarter solid start year junip gener strong revenu earn growth said robyn denholm chief financi offic junip network innov engin high gear posit sale market resourc captur opportun ahead continu perform level consist long term financi target outlook overal demand environ servic provid enterpris market look healthi across region outlook june quarter includ anticip impact busi recent event japan junip estim revenu second quarter end june rang billion billion repres year year increas approxim junip estim non gaap gross margin remain target rang second quarter junip estim non gaap oper expens lower percent revenu increas sequenti dollar basi result junip expect non gaap oper margin second quarter plu minu junip estim non gaap net incom per share rang dilut basi assum slight increas share count estim non gaap tax rate non gaap ep estim includ dilut impact approxim one half cent,258778fb617f588f197e7335a4109fa329f5ec6ac86d71f1e672b78aabf1ea12,,,,,,,missing_stock_history,2011
122,HEJFE-2558DC6865781793,86979,121718,JNPR,2013-04-23 14:31:00,2013-04-23T20:05:00Z,2013-04-23,2013-04-23,True,B-EXACT,5640.0,0.0164474326002156,0.589041095890411,ex ex ex investor relat john nunziati junip network jnunziatijunipernet media relat cindi ta junip network ctajunipernet junip network report preliminari first quarter financi result revenu million oper margin gaap non gaap non gaap pt gaap net incom per share dilut includ tax benefit relat tax settlement litig charg restructur charg non gaap net incom per share dilut includ pre tax benefit retroact applic renew rd tax credit dilut dilut sunnyval calif apr junip network nyse jnpr industri leader network innov today report preliminari financi result three month end march provid outlook three month end june net revenu first quarter increas year year decreas sequenti million junip oper margin first quarter increas gaap basi first quarter decreas fourth quarter non gaap oper margin first quarter increas first quarter decreas fourth quarter compani post gaap net incom million per dilut share first quarter gaap dilut net incom per share includ tax benefit relat tax settlement pre tax impact litig charg well pre tax impact restructur non gaap net incom million per dilut share first quarter gaap non gaap dilut incom per share includ pre tax benefit retroact applic renew rd tax credit non gaap net incom per dilut share increas compar first quarter reconcili gaap non gaap result oper provid tabl immedi follow preliminari net revenu market tabl quarter modest year year growth driven renew demand servic provid offset slightli soft enterpris sector includ feder financi servic said kevin johnson chief execut offic junip network see increas momentum new product offer continu strategi innov domain high perform network believ junip strong posit servic provid market opportun enterpris busi continu grow switch well revit secur busi continu focu deliv great product improv oper execut manag cost care first quarter result reflect continu focu drive revenu growth expand oper margin said junip network cfo robyn denholm expect saw continu strong broad base demand us servic provid earli indic improv demand emea servic provid pleas team effort commit gain effici throughout compani execut strategi financi highlight total cash cash equival invest march million compar million decemb million march junip net cash outflow oper first quarter million compar net cash provid oper million fourth quarter million first quarter cash outflow quarter primarili due sequenti increas account receiv annual payment incent compens time payment suppli chain lower net incom compani expect return histor pattern strong posit cash flow day sale outstand account receiv dso day first,deaad0e29c1c9d3076272af88cb9d50753a1807f997b72f7735b139769b85106,,,,,,,missing_stock_history,2013
123,HEJFE-E61095F8DC4132DE,86979,121718,JNPR,2013-07-23 15:03:00,2013-07-23T20:05:00Z,2013-07-23,2013-07-23,True,B-EXACT,3720.0,,,,,,,,,,,,2013
124,HEJFE-F20ECC0C09BBC89E,86979,121718,JNPR,2013-10-22 13:58:00,2013-10-22T20:05:00Z,2013-10-22,2013-10-22,True,A-EXACT,7620.0,0.0145193338777142,0.5238095238095238,ex ex ex investor relat kathleen nemeth junip network kbelajunipernet media relat cindi ta junip network ctajunipernet junip network report preliminari third quarter financi result revenu million oper margin gaap non gaap pt gaap net incom per share dilut non gaap net incom per share dilut dilut dilut sunnyval calif oct junip network nyse jnpr industri leader network innov today report preliminari financi result three month end septemb provid outlook three month end decemb net revenu third quarter increas year year increas sequenti million junip oper margin third quarter increas gaap basi third quarter essenti flat second quarter non gaap oper margin third quarter increas third quarter increas second quarter compani post gaap net incom million per dilut share third quarter gaap dilut incom per share includ impact restructur charg non gaap net incom per dilut share increas compar second quarter includ benefit lower tax rate reconcili gaap non gaap result oper provid tabl immedi follow preliminari net revenu market tabl deliv fifth consecut quarter year year growth perform reflect continu abil execut strategi agil dynam macro environ said kevin johnson chief execut offic junip network continu see strong demand servic provid custom gain traction enterpris evid innov differenti product portfolio align need custom look build best network busi third quarter result reflect continu momentum revenu earn growth said robyn denholm chief financi oper offic junip network remain focus grow top line revenu maintain healthi gross margin strengthen busi model pleas team effort commit gain effici throughout compani look captur market opportun ahead financi highlight total cash cash equival invest septemb million compar million june million septemb junip net cash flow oper third quarter million compar million second quarter million third quarter day sale outstand account receiv dso day third quarter compar day prior quarter day third quarter third quarter junip network repurchas million share averag share price per share total million capit expenditur well depreci amort intang asset expens third quarter million outlook junip outlook decemb quarter reflect expect continu strong servic provid demand improv enterpris compani care monitor impact feder spend recent us govern shutdown junip network estim revenu fourth quarter end decemb rang million million non gaap gross margin plu minu non gaap oper expens million million non gaap oper margin fourth quarter roughli midpoint revenu guidanc non gaap net incom per share rang dilut basi assum flat share count non gaap tax rate forward look non,db0c8b1b7260566ba5eac60b605bb7f8bf5e424ec455bfd16dde69edcd1352e3,,,,,,,missing_stock_history,2013
125,HEJFE-06AE65B9C8FB0395,87000,121673,STMP,2013-04-24 15:28:00,2013-04-24T20:30:00Z,2013-04-24,2013-04-24,True,B-EXACT,3720.0,,,,,,,,,,,,2013
126,HEJFE-2C887DA6F617936F,87092,122061,TIBX,2013-09-19 15:29:00,2013-09-19T20:05:00Z,2013-09-19,2013-09-19,True,A-EXACT,2160.0,-0.0022282438975666,0.1999999999999999,ex ex ex media contact investor contact lesli moor giusepp incitti tibco softwar inc tibco softwar inc tibco softwar report third quarter result record total revenu million non gaap ep palo alto calif septemb tibco softwar inc nasdaq tibx today announc result fiscal third quarter end septemb total revenu third quarter fiscal million net incom million per dilut share compar total revenu million net incom million per dilut share report third quarter fiscal non gaap basi net incom third quarter fiscal million per dilut share compar million per dilut share third quarter fiscal non gaap oper incom third quarter fiscal million result non gaap oper margin compar non gaap oper incom million non gaap oper margin third quarter fiscal non gaap result exclud amort acquir intang asset stock base compens expens acquisit relat expens restructur activ non cash interest expens relat convert debt assum non gaap effect tax rate third quarter fiscal respect saw sign oper improv quarter focu execut gener renew growth infrastructur busi said vivek ranadiv tibco chairman chief execut offic across expand set industri world lead compani call tibco innov solut big data challeng version two second advantag given opportun us continu invest growth innov particularli area integr analyt cloud third quarter fiscal highlight total revenu million licens revenu million non gaap oper margin non gaap ep cash flow oper million broad mix busi across major industri includ financi servic retail life scienc telecommun manufactur energi transport logist insur govern tibco close deal k deal million confer call detail tibco schedul confer call pm et pm pt today discuss third quarter result confer call host intercal may access internet via dial pleas join confer call least minut earli regist replay confer call avail midnight et octob via dial pass code call replay tibco tibco softwar inc nasdaq tibx provid infrastructur softwar compani use premis part cloud comput environ whether optim claim process trade cross sell product base real time custom behavior avert crisi happen tibco provid compani two second advantag abil captur right inform right time act preemptiv competit advantag custom worldwid reli tibco manag inform decis process applic real time learn tibco two second advantag tibco softwar trademark regist trademark tibco softwar inc unit state andor countri product compani name mark mention document properti respect owner mention identif purpos non gaap financi inform press releas includ non gaap financi measur descript non gaap financi measur includ,588c8bca6e5b71f7e4fed9a4f0214cb8d5e6ed56fffd44692f0aef47798653b8,,,,,,,missing_stock_history,2013
127,HEJFE-E575622C8FDAB71F,87612,130762,ISIL,2013-04-24 14:57:00,2013-04-24T20:05:00Z,2013-04-24,2013-04-24,True,A-EXACT,4080.0,0.0138122054276298,0.4576923076923077,ex isil ex earn releas contact investor relat intersil corpor intersil corpor report first quarter result milpita ca april intersil corpor nasdaq global select isil leader design manufactur high perform analog mix signal power manag semiconductor today announc result quarter end march revenu million first quarter compar million fourth quarter million quarter last year revenu end market summar end market revenu revenu revenu revenu revenu revenu industri infrastructur person comput consum revenu note dollar million total percentag may calcul precis due round gaap basi gross margin oper expens million includ restructur relat cost million result oper loss million record tax benefit million augment reinstat rd tax credit net incom quarter million per dilut share follow non gaap result exclud impact equiti base compens defer compens expens amort purchas intang restructur relat cost relat tax effect gross margin quarter oper expens million guidanc due action taken quarter oper incom therefor better expect million revenu net incom million earn per share per dilut share cash flow oper period million contribut cash short term invest balanc million end march intersil board director author payment quarterli dividend per share common stock payment dividend made may sharehold record close busi may februari intersil initi restructur plan close align cost structur current sale level join march focu attent achiev strateg align reposit invest area compet effect profit said necip sayin presid ceo second quarter outlook note fiscal second quarter includ week one addit week normal gaap reconcil item non gaap revenu million million gross margin flat basi point flat basi point oper expens million million equiti compens million million amort intang million restructur cost loss earn per share intersil discuss first quarter financi result schedul confer call follow market close april particip confer call pleas dial intern particip pleas dial use password approxim pm pacif time may also listen call via webcast intersil investor relat websit copi prepar remark present accompani confer call also avail intersil investor relat websit replay earn confer call avail intersil websit may access two week dial intern dial use password intersil intersil corpor leader design manufactur high perform analog mix signal power manag semiconductor compani product address largest market within industri infrastructur person comput high end consum market inform intersil find becom member win team visit websit career page non gaap financi result present non gaap financi inform intend consid togeth financi inform prepar present accord gaap inform non gaap financi,9a461551442b0fc12fb2e3c26fe9a2fd8cee9f2f3a2d2ed825ff2bc06dcda2c4,,,,,,,missing_stock_history,2013
128,HEJFE-198DE6D99E934F32,87657,133366,EW,2011-04-20 14:29:00,2011-04-20T20:01:00Z,2011-04-20,2011-04-20,True,A-EXACT,5520.0,0.0146937747655657,0.5321888412017167,ex ex edward lifesci corpor one edward way irvin ca usa phone fax immedi releas media contact amanda c fowler investor contact david k erickson edward lifesci report strong first quarter result driven sale growth percent thv sale million lift launch mm sapien valv us sale growth significantli increas level irvin calif april edward lifesci corpor nyse ew global leader scienc heart valv hemodynam monitor today report net incom quarter end march million per dilut share compar net incom million per dilut share period first quarter dilut earn per share increas percent last year result includ million transact gain contribut cent dilut earn per share quarter first quarter net sale increas percent million compar period last year underli sale growth percent major product line report strong sale growth includ anoth signific quarter transcathet heart valv said michael mussallem chairman ceo pleas us growth rate improv substanti intern region grew percent first quarter sale japan expect despit recent tragic event sale result first quarter compani report heart valv therapi sale million repres percent growth last year underli sale grew percent transcathet heart valv sale million percent increas percent underli basi result driven expand sale edward sapien xt transcathet heart valv europ aid million increment stock order new mm sapien xt valv sale transfemor product tripl versu last year success new mm valv lift transap sale grew approxim percent year year mussallem said surgic heart valv sale grew percent last year percent underli basi growth consist strong across region driven magna famili valv unit growth repres major sale increas shift newer product also posit contributor critic care sale million quarter repres percent growth last year underli sale grew percent prior year strong result driven sale compani advanc monitor product includ flotrac well pressur monitor product sale also lift unanticip stock order japan end quarter cardiac surgeri system sale increas million quarter repres sale growth percent last year vascular sale million declin million quarter last year domest intern sale first quarter million million respect addit oper result quarter edward gross profit margin percent compar percent period last year slight improv driven improv product mix offset continu invest expans compani heart valv manufactur capac sell gener administr expens million quarter percent sale compar million prior year increas driven primarili transcathet heart valv sale market expens includ invest anticip us launch transcathet valv product research develop expens quarter grew percent million percent sale increas primarili,2caab53862f7557720f93dfa15f3459beaebbe134f974080bddfe3c6162921e5,2011-04-21,14.583333015441895,13.893333435058594,-0.04731425797193822,-8.914244963453832e-05,-0.047225115522303684,ok_market_adjusted,2011
129,HEJFE-ED329F780A1085DA,87657,133366,EW,2013-04-23 13:28:00,2013-04-23T20:01:00Z,2013-04-23,2013-04-23,True,A-EXACT,9180.0,-0.0067513723528088,0.45662100456621,ex ex edward lifesci corpor one edward way irvin ca usa phone fax immedi releas media contact sarah huoh investor contact david k erickson edward lifesci report first quarter result us thv launch drove strong ep growth collect initi million thv patent litig guidanc lower irvin calif april edward lifesci corpor nyse ew global leader scienc heart valv hemodynam monitor today report net incom quarter end march million compar net incom period last year million earn per dilut share period increas percent per dilut share quarter compani record special pre tax gain million initi payment medtron relat ongo us andersen patent litig remind quarter compani record million incom tax benefit due retroact reinstat feder rd tax credit litig gain tax credit exclud non gaap result exclud item non gaap dilut earn per share grew percent prior year first quarter net sale increas percent million compar period last year sale growth exclud impact foreign exchang percent ongo adopt us drove global transcathet valv growth percent said michael mussallem chairman ceo thv clinic result continu posit make good progress pipelin new product believ enabl us strengthen leadership posit yet global sale quarter across product line expect lower guidanc primarili reflect slower start year updat foreign exchang impact sale result first quarter compani report surgic heart valv therapi product group sale million sale declin percent first quarter last year percent exclud impact foreign exchang compani continu expect underli sale growth rate improv throughout project full year result percent sale transcathet heart valv thv million quarter percent growth rate first quarter last year driven ongo us launch sapien valv total us sale million includ net stock order million clinic sale million outsid us thv sale grew percent expect global thv sale grow percent underli basi would result expect sale million million includ million million sale us mussallem said estim size us transcathet valv opportun longer term remain unchang critic care product group sale million quarter repres decreas first quarter last year percent percent exclud impact foreign exchang lower sale quarter primarili result decis reduc distributor inventori china compani expect full year underli sale growth rate percent domest intern sale first quarter million million respect addit oper result quarter edward gross profit margin percent compar percent period last year improv driven profit product mix thv sale continu grow favor impact foreign exchang sell gener administr expens million quarter percent sale compar million percent sale period,dd40eeb6a82f6d3d11aa778450366e93a1dace16afd8f9c790ec9ab262694d61,2013-04-24,11.091667175292969,10.766667366027832,-0.02930125869527389,0.00028960324355620237,-0.029590861938830093,ok_market_adjusted,2013
130,HEJFE-BFE8A42E0C19BA39,88203,66686,VDSI,2011-10-26 14:26:00,2011-10-27T07:00:00Z,2011-10-27,2011-10-27,True,A-EXACT,45240.0,,,,,,,,,,,,2011
131,HEJFE-947F50EBAFBA54DC,88281,137131,CRL,2015-02-10 15:55:00,2015-02-10T21:30:00Z,2015-02-10,2015-02-10,True,A-EXACT,2100.0,0.0021373831035361,0.5593220338983051,ex charl river laboratori announc fourth quarter full year result continu oper provid guidanc fourth quarter revenu million full year revenu billion fourth quarter gaap earn per share non gaap earn per share full year gaap earn per share non gaap earn per share provid guidanc constant currenc revenu growth report revenu growth non gaap earn per share includ unfavor impact foreign exchang per share gaap earn per share wilmington mass busi wire februari charl river laboratori intern inc nyse crl today report result fourth quarter full year provid guidanc quarter revenu continu oper million increas million fourth quarter revenu growth driven discoveri safeti assess manufactur support segment earli discoveri acquisit includ argenta biofocu chantest contribut consolid fourth quarter revenu growth foreign currenc translat reduc report revenu growth gaap basi net incom continu oper fourth quarter million per dilut share compar million per dilut share fourth quarter non gaap basi net incom continu oper million fourth quarter increas million period fourth quarter dilut earn per share non gaap basi increas compar per share fourth quarter higher revenu primari contributor earn per share increas partial offset higher tax rate gain per share limit partnership invest fourth quarter compar gain period jame c foster chairman presid chief execut offic said pleas say except year financi result demonstr weve work hard achiev strongest portfolio weve ever abil support client target discoveri preclin develop deep client relationship respect trust partner streamlin organ flexibl respond chang industri client requir employe commit provid except servic client given strong perform fact believ compani well posit win new busi optimist opportun potenti expand strateg relationship gain market share client segment implement new effici product initi give us confid achiev guidanc constant currenc revenu growth non gaap ep rang mr foster conclud fourth quarter segment result research model servic rm revenu rm segment million fourth quarter decreas million fourth quarter foreign currenc translat reduc report revenu growth constant currenc basi revenu essenti unchang higher sale research model particularli north america offset lower sale research model servic due part termin insourc solut contract nation cancer institut fourth quarter rm segment gaap oper margin compar fourth quarter non gaap basi oper margin increas fourth quarter increas primarili driven benefit compani global effici initi partial offset impact lower revenu research model servic discoveri safeti assess dsa revenu continu oper dsa segment million fourth quarter increas million fourth quarter foreign currenc translat reduc,56b8804637618a55c8261986c84dc24d072c834f2e567c03b136d3b8d0e6a402,2015-02-11,72.25,73.13999938964844,0.012318330652573595,0.0015488970784598433,0.010769433574113751,ok_market_adjusted,2015
132,HEJFE-4FB44934BC5C5221,88335,136884,DNDN,2011-08-03 15:56:00,2011-08-03T20:01:00Z,2011-08-03,2011-08-03,True,A-EXACT,300.0,-0.0325529319298565,0.7672131147540984,ex exhibit exhibit dendreon report second quarter financi result gross revenu approxim mm shift launch trajectori base gradual adopt recent posit reimburs chang expect signific impact compani expect modest quarter quarter revenu growth remaind seattl august dendreon corpor nasdaq dndn today report result second quarter end june net revenu quarter end june million compar million quarter end june includ million reserv estim rebat chargeback associ either medicaid patient price discount offer pursuant mandatori feder state govern program gross revenu quarter end june exclud impact million estim rebat chargeback million compar million quarter end june net revenu six month end june million compar million six month end june gross revenu six month end june exclud impact million estim rebat chargeback million dendreon record gaap net loss quarter end june million per share compar net loss million per share quarter end june gaap net loss six month end june million per share compar million per share six month end june pro forma basi exclud non cash expens associ depreci amort non cash imput interest expens non cash defer stock compens dendreon net loss quarter end june million per share compar million per share quarter end june includ charg warrant revalu non gaap net loss six month end june million per share compar million per share six month end june includ charg warrant revalu warrant exercis second quarter compani record non cash charg associ revalu warrant liabil dendreon total oper expens quarter end june million compar million three month end june dendreon total oper expens six month end june million compar million period june dendreon million cash cash equival short term long term invest compar million decemb believ market potenti proveng substanti primari issu affect dynam launch reimburs knowledg around proveng anticip posit nation coverag determin ncd code signific impact increas physician adopt howev believ take time remaind launch trajectori reflect gradual adopt proveng physician gain confid posit reimburs landscap said mitchel h gold md presid chief execut offic number infus site increas substanti princip object continu ensur elig patient access proveng dendreon expect adopt new reimburs paradigm take time accordingli dendreon withdraw previou guidanc million revenu current expect modest quarter quarter revenu growth remaind year compani expect reduc expens includ workforc reduct align near term manufactur requir accomplish year foundat introduc entir new treatment paradigm patient advanc prostat cancer continu dr gold posit us well realiz signific market potenti proveng identifi solid,e499205cb26891694e960598ef4ce12651a7c44b8ad8fc5ee21d7ce66c4007d4,,,,,,,missing_stock_history,2011
133,HEJFE-8A11E54A9679E09D,88446,138205,ILMN,2015-01-27 15:11:00,2015-01-27T21:05:00Z,2015-01-27,2015-01-27,True,B-EXACT,3240.0,0.0001708444393288,0.5862068965517242,ex earn releas illumina report record financi result fourth quarter fiscal year san diego busi wire januari illumina inc nasdaq ilmn today announc financi result fourth quarter fiscal year fourth quarter result revenu million increas compar million fourth quarter gaap net incom quarter million per dilut share compar million per dilut share fourth quarter non gaap net incom quarter million per dilut share compar million per dilut share fourth quarter see tabl entitl item reconcili gaap non gaap net incom reconcili gaap non gaap financi measur cash flow oper million free cash flow million quartergross margin fourth quarter compar prior year period exclud effect non cash stock compens expens legal conting amort acquir intang asset impair non gaap gross margin fourth quarter compar prior year periodresearch develop rd expens fourth quarter million compar million prior year period rd expens includ million million non cash stock compens expens fourth quarter respect exclud charg legal conting impair conting compens rd expens percentag revenu compar prior year period sell gener administr sga expens fourth quarter million compar million prior year period sga expens includ million million non cash stock compens expens fourth quarter respect exclud charg amort acquir intang asset sga expens percentag revenu compar prior year perioddepreci amort expens million capit expenditur million fourth quarter compani end fourth quarter billion cash cash equival short term invest compar billion decemb fiscal result revenu million increas compar million fiscal gaap net incom million per dilut share compar million per dilut share fiscal non gaap net incom million per dilut share compar million per dilut share fiscal see tabl entitl item reconcili gaap non gaap net incom reconcili gaap non gaap financi measur cash flow oper million free cash flow million fiscal yeargross margin fiscal compar prior year prior year period includ impair charg million relat discontinu non core product line exclud effect non cash stock compens expens legal conting amort acquir intang asset impair non gaap gross margin fiscal compar prior yearresearch develop rd expens fiscal million compar million prior year rd expens includ million million non cash stock compens expens fiscal respect exclud charg legal conting impair conting compens rd expens percentag revenu compar prior year sell gener administr sga expens fiscal million compar million prior year sga expens includ million million non cash stock compens expens fiscal respect exclud charg amort acquir intang asset conting compens sga expens percentag revenu compar prior,89e20196dee00a8f88fcc28a14adcef2efd10289a6d3173eb5329e0b048f9a58,2015-01-28,203.05447387695312,192.47080993652344,-0.05212228885359682,-0.01972759701653881,-0.03239469183705801,ok_market_adjusted,2015
134,HEJFE-45559DD90D876D39,88446,138205,ILMN,2015-04-21 14:48:00,2015-04-21T20:05:00Z,2015-04-21,2015-04-21,True,A-EXACT,4620.0,0.0025618249941555,0.6116504854368932,ex earn releas illumina report strong start fiscal year san diego busi wire april illumina inc nasdaq ilmn today announc financi result first quarter fiscal year first quarter result revenu million increas compar million first quarter increas constant currenc basi gaap net incom quarter million per dilut share compar million per dilut share first quarter non gaap net incom quarter million per dilut share compar million per dilut share first quarter see tabl entitl item reconcili gaap non gaap net incom reconcili gaap non gaap financi measur cash flow oper million free cash flow million quartergross margin first quarter compar prior year period exclud effect non cash stock compens expens amort acquir intang asset legal conting non gaap gross margin first quarter compar prior year periodresearch develop rd expens first quarter million compar million prior year period rd expens includ million million non cash stock compens expens first quarter respect exclud charg conting compens rd expens percentag revenu compar prior year period sell gener administr sga expens first quarter million compar million prior year period sga expens includ million million non cash stock compens expens first quarter respect exclud charg amort acquir intang asset conting compens sga expens percentag revenu compar prior year perioddepreci amort expens million capit expenditur million first quarter compani end quarter billion cash cash equival short term invest compar billion decemb first quarter deliv signific earn growth result strong demand product across sequenc portfolio state jay flatley ceo genom market remain nascent best class product offer acceler adopt set stage robust updat sinc last earn releas launch trusight hla complet end end solut produc comprehens view hla region accur hla type launch neoprep librari prep system greatli simplifi librari prepar deliv high qualiti sequenc readi librari next gener sequenc announc berri genom receiv premarket clearanc chines food drug administr nextseq cn high throughput sequenc instrument base nextseq well premarket clearanc non invas prenat test detect kit trisomi enter strateg collabor merck serono develop univers ng base oncolog diagnost announc new illumina acceler boost capit secur initi capit commit million vike global investor privat own global invest firm repurchas million common stock previous announc share repurchas program financi outlook guidanceth non gaap financi guidanc discuss reflect certain pro forma adjust assist analyz assess core oper perform pleas see reconcili non gaap financi guidanc includ releas reconcili gaap non gaap financi measuresfor fiscal compani continu project approxim total,0b04e06a7300be6b09d4244c8d823ea941bff8e43398c57bb5daef757352056a,2015-04-22,193.36575317382812,184.8638153076172,-0.04396816771668988,0.0029294831554718126,-0.04689765087216169,ok_market_adjusted,2015
135,HEJFE-3046057647A0FC5C,88504,138483,BRKR,2015-05-06 15:30:00,2015-05-06T20:01:00Z,2015-05-06,2015-05-06,True,B-EXACT,1860.0,-0.0091505595063438,0.5929824561403509,ex ex bruker report first quarter financi result billerica mass may bruker corpor nasdaq brkr today report financi result first quarter end march bruker revenu first quarter million declin percent compar first quarter exclud percent net neg effect acquisit divestitur percent neg effect chang foreign exchang rate bruker report year year organ revenu declin percent first quarter first quarter gaap earn per dilut share ep compar gaap ep first quarter bruker report first quarter non gaap ep compar first quarter reconcili gaap non gaap financi measur provid compani financi tabl accompani press releas first quarter revenu lower due foreign exchang rate divestitur declin nuclear magnet reson nmr busi result weaker nmr demand said frank laukien presid ceo bruker despit lower revenu pleas report higher non gaap oper margin increas non gaap ep improv free cash flow lower spend improv profit margin result ongo restructur program product line divestitur complet chemic appli market cam divis last year currenc adjust basi experienc healthi order growth first quarter strength nmr busi laukien continu continu make good progress profit growth initi bruker recent launch receiv order import new product adjac market emerg applic exampl includ key order next gener explos trace detect etd system airport secur launch next gener gigahertz nmr technolog studi biolog function pathogenesi intrins disord protein idp fda clearanc expand maldi biotyp claim unit state european launch new high end maldi biotypersmart system ce mark maldi sepsityp solut rapid microbi identif posit blood cultur financi outlook bruker maintain current financi outlook compani expect gener organ revenu growth approxim one percent expect increas non gaap oper margin basi point compar non gaap ep expect flat compar quarterli earn call bruker host confer call webcast discuss financi result busi outlook relat corpor financi matter pm eastern standard time today listen webcast investor go click event present hyperlink slide present referenc webcast post compani websit shortli webcast begin investor also listen earn webcast via telephon dial referenc bruker first quarter earn confer call telephon replay confer call avail dial enter confer number replay avail begin one hour end confer may bruker corpor year bruker enabl scientist make breakthrough discoveri develop new applic improv qualiti human life bruker high perform scientif research instrument high valu analyt solut enabl scientist explor life materi molecular cellular microscop level close cooper custom bruker enabl innov product custom success life scienc molecular research appli pharma applic microscopi nano analysi,1a7111fcf90c6a162a10f0884965a30743dd9309895a98c74dc7f7055ba8d860,2015-05-07,20.229999542236328,21.229999542236328,0.04943153843934556,0.004544013526365909,0.04488752491297965,ok_market_adjusted,2015
136,HEJFE-1E37362063697486,88853,4818,FLR,2015-02-17 15:06:00,2015-02-18T13:30:00Z,2015-02-18,2015-02-18,True,A-EXACT,62640.0,-0.0230356207935726,0.5299145299145299,ex ex fluor corpor brian mershon eric krantz la colina blvd media relat irv texa tel main tel geoff telfer jason landkam investor relat tel news releas fluor report fourth quarter full year result ep continu oper record new award billion backlog percent billion return billion sharehold irv texa februari fluor corpor nyse flr today announc financi result fiscal year end decemb net earn attribut fluor continu oper million per dilut share million per dilut share consolid segment profit year billion compar billion year ago segment profit result reflect improv oil ga offset declin industri infrastructur govern global servic segment revenu billion billion prior year mainli due reduct industri infrastructur segment mine metal busi line full year new award record billion compris billion oil ga billion govern billion industri infrastructur billion power compar billion new award consolid backlog year end billion compar billion year ago reflect growth oil ga govern segment perform strong record new award end backlog billion go said fluor chairman chief execut offic david seaton although continu track robust prospect list across number end market geographi short term impact oil price time major capit invest decis custom creat uncertainti corpor ga expens million compar million year ago fluor cash market secur balanc remain strong billion compani gener million cash flow oper activ repurchas million worth fluor share paid million dividend fourth quarter compani issu million senior note implement plan repurchas billion share includ approxim million repurchas fourth quarter outlook although continu close monitor capit spend plan major oil ga client point time believ effect slower spend custom earn per share guidanc significantli offset posit effect announc share repurchas program howev believ upper half rang still achiev becom challeng result compani expand guidanc rang per dilut share compar previou rang per dilut share guidanc exclud effect previous announc termin settlement fluor us defin benefit pension plan later busi segment fluor oil ga busi report segment profit million increas million revenu billion compar billion previou year segment strong oper result reflect increas contribut upstream petrochem project full year new award total billion compar billion fourth quarter segment book new award billion includ petrochem facil sasol unit state delay coker unit pemex mexico end backlog oil ga segment rose percent year ago end record billion industri infrastructur group report segment profit million million total revenu segment declin percent billion billion year ago result year reflect lower contribut mine metal busi,c2ee83649532b86b4ec6e2e51f1272320e2ecfd4c30b925048c1b53359c26e5d,2015-02-19,58.25,59.439998626708984,0.020429160973544747,0.0026874637719342953,0.01774169720161045,ok_market_adjusted,2015
137,HEJFE-830337A8564B826E,88860,141384,ALGN,2013-10-17 13:43:00,2013-10-17T20:00:00Z,2013-10-17,2013-10-17,True,A-EXACT,8220.0,0.0034940655365114,0.6413502109704641,ex press releas align technolog announc third quarter result san jose ca marketwir octob align technolog inc nasdaq algn net revenu million year year invisalign clear align net revenu million year year invisalign clear align shipment thousand year year gaap earn per dilut share ep align technolog inc nasdaq algn today report financi result third quarter end septemb total net revenu third quarter q million compar net revenu million report second quarter q million third quarter q q clear align net revenu million compar million q million q clear align case shipment third quarter thousand compar thousand q thousand q q scanner cadcam servic net revenu million compar million q compar million q pleas report anoth good quarter align net revenu gross margin ep higher outlook achiev record level net revenu invisalign case volum north american itero scanner volum enabl us reach low end long term model oper margin gener strong oper cash flow said thoma prescott align presid ceo third quarter includ season slower period europ north america gp dentist along peak summer season teenag orthodont case start pleas patient traffic appear remain solid north american orthodontist custom summer result strong sequenti year year growth invisalign volum especi import teenag segment net profit third quarter million per dilut share includ million per dilut share one time tax benefit relat fiscal us feder incom tax compar net profit million per dilut share q net loss million per dilut share q third quarter last year net loss includ pre tax goodwil impair charg million well pre tax acquisit integr relat cost million septemb compani million cash cash equival short long term market secur compar million decemb supplement consolid financi statement provid follow gaap non gaap financi measur detail reconcili gaap non gaap inform contain tabl follow financi tabl releas start fiscal amort acquir intang asset longer exclud non gaap measur expens includ gaap gross profit oper expens oper profit net profit loss period present therefor longer reconcil item q oper result except per share amount percentag key gaap oper result q q q net revenu clear align scanner cadcam servic gross margin clear align scanner cadcam servic oper expens oper margin net profit loss earn loss per dilut share ep key non gaap oper result q q q non gaap gross margin non gaap clear align non gaap scanner cadcam servic non gaap oper expens non gaap oper margin non gaap,a562a45f7fafbc2646ab1d216b2c7730c50b73a5b634699a3f0fa9448eb86ffa,2013-10-18,53.20000076293945,57.97999954223633,0.08984959982607266,0.003057905009759221,0.08679169481631344,ok_market_adjusted,2013
138,HEJFE-D6AE4ACB99958A73,88949,141460,SGEN,2015-04-30 14:18:00,2015-04-30T20:02:00Z,2015-04-30,2015-04-30,True,A-EXACT,6240.0,0.0030612482445684,0.6442307692307692,ex ex ex seattl genet report first quarter financi result total first quarter revenu million includ million adcetri brentuximab vedotin us canada net sale supplement biolog licens applic bla file fda prioriti review phase aethera trial pdufa date august complet special protocol assess spa amend echelon echelon phase confirmatori trial confer call today pm et bothel wa april seattl genet inc nasdaq sgen today report financi result first quarter end march compani also highlight adcetri brentuximab vedotin commerci regulatori clinic develop accomplish progress proprietari pipelin program antibodi drug conjug adc collabor updat seattl genet well posit continu deliv valu adcetri franchis substanti pipelin clinic stage program leadership posit adc treatment cancer said clay b siegal phd presid chief execut offic seattl genet recent regulatori accomplish adcetri posit us well multipl potenti label expans next sever year fda file aethera supplement bla submiss prioriti review pdufa date august also complet regulatori discuss agre amend spa fda phase echelon echelon trial expect complet enrol echelon alcanza trial year echelon next year data readout plan alcanza echelon echelon timefram beyond adcetri encourag opportun product pipelin notabl lead adc sgn cda sgn cda advanc broader clinic develop program recent adcetri highlight announc us food drug administr fda file compani supplement bla use adcetri aethera set post transplant consolid treatment hodgkin lymphoma hl patient high risk relaps progress fda grant prioriti review set prescript drug user fee act pdufa target action date august receiv fda approv amend spa agreement phase echelon clinic trial frontlin hl amend increas target enrol patient total date patient enrol trial compani expect complet enrol timelin report data echelon trial continu timefram receiv fda approv amend spa agreement phase echelon clinic trial frontlin matur cell lymphoma mtcl amend increas target enrol patient total date nearli patient enrol trial compani expect complet enrol timelin report data echelon trial continu timefram base aethera trial result adcetri ad nation comprehens cancer network nccn guidelin one year treatment hl patient follow autolog transplant primari refractori diseas relaps less month follow frontlin therapi takeda pharmaceut compani limit takeda continu receiv addit market approv adcetri commerci avail countri worldwid increas countri end adcetri current approv use frontlin hl mtcl post transplant consolid treatment hl patient high risk relaps progress recent pipelin adc collabor highlight initi phase trial sea cd solid tumor sea cd novel immuno oncolog agent target cd util seattl genet proprietari sugar engin antibodi sea,2181bd2de42ff88a9f1909e4c038213566cdcd8803bef7a4c226509e26594233,,,,,,,missing_stock_history,2015
139,HEJFE-791693865584F9CB,89014,144066,COL,2015-04-22 14:29:00,2015-04-23T11:30:00Z,2015-04-23,2015-04-23,True,A-EXACT,61260.0,0.0048890871891455,0.3991416309012875,ex colexhibit news releaserockwel collin report second quarter ep continu oper increas second quarter sale increas cash provid oper activ first six month fiscal improv cedar rapid iowa april rockwel collin inc nyse col today report second quarter fiscal year earn per share continu oper increas compar prior year total sale second quarter fiscal year billion increas period fiscal year cash provid oper activ first six month fiscal total million increas million compar million report first six month last year perform first half fiscal underscor anoth quarter doubl digit ep growth driven organ sale earn growth across busi said rockwel collin chief execut offic presid kelli ortberg plan year play expect air transport oem sale aviat connect sale continu pace top line revenu growth also see stabil us dod program busi jet product result continu believ well posit deliv doubl digit earn per share cash flow growth fiscal year follow discuss fiscal year second quarter sale earn busi segment commerci systemscommerci system provid aviat electron system product servic air transport busi region aircraft manufactur airlin worldwid achiev second quarter result summar belowdollar millionsq fy fy incdeccommerci system sale origin equip aftermarket wide bodi flight entertain total commerci system sale oper earn oper margin rate bp origin equip sale increas due improv share airlin select equip higher custom fund develop program sale higher oem product rate aftermarket sale increas primarili due higher servic support revenu increas sale use aircraft part higher regulatori mandat relat sale oper earn increas due increment earn higher sale volumegovern systemsgovern system provid broad rang electron product system servic custom includ us depart defens govern agenc civil agenc defens contractor ministri defens around world result second quarter summar dollar millionsq fy fy incdecgovern system sale avion commun product surfac solut navig product total govern system sale oper earn oper margin rate bp avion sale increas due higher hardwar deliveri rotari wing aircraft higher kc retrofit sale higher joint strike fighter simul train sale increas partial offset lower kc develop program sale foreign currenc impact stronger us dollar commun product sale decreas due lower deliveri joint tactic radio system manpack radio partial offset higher data link develop sale surfac solut sale decreas due lower develop sale common rang integr instrument system program oper earn increas due increment earn higher sale volum partial offset higher invest compani fund rd expenseinform manag servicesinform manag servic im enabl mission critic data,29add7d1ade7f26cdbd25d4272111f9b8626190c705a936802b0bffeb1d56ff3,,,,,,,missing_stock_history,2015
140,HEJFE-74011A906BCCABE9,89204,145367,AGP,2011-10-27 13:03:00,2011-10-28T10:00:00Z,2011-10-28,2011-10-28,True,A-EXACT,61020.0,0.0042181204099896,0.6366782006920415,ex vex amerigroup report third quarter resultsnet incom million per dilut sharevirginia beach va oct prnewswir firstcal amerigroup corpor nyse agp today announc net incom third quarter million per dilut share versu net incom million per dilut share third quarter compar million per dilut share second quarter third quarter posit impact approxim million retroact premium revenu earn per dilut sharehighlight includ membership increas member approxim million end third quarter compar second quarter health benefit expens premium revenu third quarter sell gener administr expens total revenu third quarter cash flow provid oper million million three nine month end septemb respectivelyunregul cash invest million septemb compar million june medic claim payabl septemb total million compar million june day claim payabl consist second quarter compani repurchas approxim million share common stock third quarter aggreg cost million pursuant ongo share repurchas program august texa health human servic commiss announc amerigroup bid expand busi texa state wide competit bid process previous announc compani preliminari estim award repres billion increment annual revenu first full year oper pend final contract negoti compani anticip begin oper new busi earli octob compani announc sign agreement purchas substanti oper asset contract right health plu one largest medicaid manag care compani new york health plu current serv approxim member new york state medicaid famili health plu child health plu program well feder medicar advantag program expect gener approxim billion revenu transact subject regulatori approv close condit expect close first half acquisit expect slightli dilut amerigroup earn per share due integr one time transact relat cost accret earn begin pleas perform quarter expand membership deliv solid earn produc strong cash flow said jame g carlson amerigroup chairman chief execut offic track accomplish set year includ prepar signific growth beyond opportun expand busi texa plan move along well expans new state louisiana taken step significantli enhanc profil one largest medicaid market countri new york premium revenuepremium revenu third quarter increas billion versu billion third quarter sequenti premium revenu increas million signific portion sequenti premium revenu increas due increas membership expand cover servic new jersey includ carv pharmaci servic age blind disabl popul well transit addit age blind disabl popul manag careth third quarter premium revenu also posit impact approxim million retroact premium revenu earn per dilut share state georgia state new york describ georgia compani recogn million retroact premium revenu earn per dilut share relat increas premium rate back recognit revis member count,a1908f0242ba6fa89dd9596861ff60ff2aece82a46f7a7993b074d41524898a4,,,,,,,missing_stock_history,2011
141,HEJFE-A3C5C43F6AC75C44,89258,143356,PRU,2015-05-06 15:47:00,2015-05-06T20:07:00Z,2015-05-06,2015-05-06,True,A-EXACT,1200.0,-0.0081590291240078,0.48,ex ex ex immedi releas contact scot hoffman may prudenti financi inc announc first quarter result tax adjust oper incom billion per common share compar per common share year ago quarter first quarter highlight pre tax adjust oper incom individu annuiti retir asset manag busi billion million year ago quarter individu annuiti account valu billion march year earlier retir account valu billion march year earlier driven strong net inflow well favor market perform asset manag unaffili third parti institut retail asset manag billion march year earlier net flow current quarter exclud money market billion pre tax adjust oper incom us individu life group insur busi million million year ago quarter driven improv group long term disabl result pre tax adjust oper incom intern insur busi million compar million year ago quarter earn exclud impact foreign currenc exchang rate intern insur constant dollar basi annual new busi premium million current quarter reflect growth distribut channel result year ago quarter compani financi servic busi see histor separ busi elimin separ busi close block divis later press releas inform page signific item includ current quarter adjust oper incom pre tax net benefit million individu annuiti includ reduc amort defer polici acquisit cost releas reserv guarante death incom benefit reflect market perform pre tax charg million individu life integr cost relat acquisit hartford individu life insur busi item net favor impact approxim cent per common share current quarter result year ago quarter net charg individu annuiti result updat estim profit reflect market perform charg reserv refin intern insur integr cost individu life acquir hartford busi result net neg impact cent per common share adjust oper incom net incom attribut prudenti financi inc first quarter billion per common share financi highlight exclud net chang valu relat foreign currenc exchang rate remeasur reflect net incom loss currenc translat adjust correspond realiz invest gain loss book valu per common share exclud total accumul comprehens incom amount march increas decemb payment quarterli common stock dividend cent per share increas includ restructur compani former close block busi exclud hold close block divis close block busi march decemb respect net unreal gain gener account fix matur invest billion march compar billion decemb gross unreal loss million march compar billion decemb first quarter compani acquir million share common stock total cost million averag price per share june author prudenti board director repurchas manag discret billion compani outstand common stock period juli,d9622d2755d501dd3cd1c040a2b7017c687e24e387428bd617e7d40e9942efb2,2015-05-07,85.0,85.16999816894531,0.0019999784581801183,0.004544013526365909,-0.0025440350681857904,ok_market_adjusted,2015
142,HEJFE-753716A61B8622B0,89301,145049,GME,2015-03-26 15:42:00,2015-03-26T20:29:00Z,2015-03-26,2015-03-26,True,B-EXACT,2820.0,-0.008036491722771,0.585820895522388,ex fy earn releas gamestop report sale earn fiscal provid outlooknew softwar sale increas digit receipt increas reach million full yearful year earn per share grew grapevin texa march gamestop corp nyse gme global famili specialti retail brand make popular technolog afford simpl today report sale earn fourth quarter fiscal year end jan paul rain chief execut offic state year continu growth diversif expans gamestop famili specialti retail brand core video game busi achiev highest market share histori share next gener hardwar share next gener softwar estim share download content meanwhil technolog brand segment exceed expect contribut oper incom highest ever annual gross margin rapidli expand footprint att wireless appl retail busi togeth core game technolog brand drove growth oper earn earn per share growth focus maintain grow market share physic digit game base superior return expand portfolio technolog brand storesfourth quarter resultstot global sale fourth quarter billion decreas decreas constant currenc compar billion prior year quarter mobil consum electron new softwar growth offset decreas new hardwar sale non gaap digit receipt increas million million sale gaap basi led growth download content mobil digit sale consolid compar store sale declin declin us declin intern due primarili overlap launch soni playstat microsoft xbox one novemb quarter compani record charg million offset tax benefit relat closur oper spain store impair result million net tax benefit per share includ one time charg gamestop fourth quarter net earn million dilut earn per share compar net earn million dilut earn per share prior year quarterexclud net benefit gamestop adjust net earn fourth quarter million compar adjust net earn million prior year quarter adjust dilut earn per share compar adjust dilut earn per share prior year quarter foreign currenc exchang rate chang neg impact earn million per sharea reconcili non gaap adjust net incom gaap net incom includ releas schedul iiifisc resultsfor fiscal year total global sale billion increas increas constant currenc compar billion fiscal full year consolid compar store sale increas compar fiscal primarili driven better expect next gener hardwar sale growth pre own categoryhighlight fiscal includ new hardwar sale growth non gaap digit receipt increas year year million million sale gaap basisth mobil consum electron categori increas led spring mobil expans pre own valu product grew despit declin new video game softwar sale gamestop fiscal net earn million includ aforement closur cost impair charg tax benefit compar net earn million fiscal dilut earn per,34ff03a1d278898a9e00e19780b46d4850a02d44e2932e9ecbaf2b65cb932eb6,2015-03-27,9.417499542236328,9.59000015258789,0.018317028801320134,0.0029455869751500163,0.015371441826170118,ok_market_adjusted,2015
143,HEJFE-238D29A9B584466D,89900,156155,SNX,2015-03-31 15:54:00,2015-03-31T20:03:00Z,2015-03-31,2015-03-31,True,B-EXACT,540.0,-0.004761973781046,0.4137931034482759,ex press releas date march exh immedi releasecontact info deirdr skolfield cfainvestor relationssynnex corpor corpor report record first quarter revenu net incom fiscal fremont calif march synnex corpor nyse snx lead busi process servic compani today announc financi result fiscal first quarter end februari fyq fynet changerevenu moper incom mnon gaap oper incom moper marginbpsnon gaap oper marginbpsnet incom attribut synnex corpor mnon gaap net incom attribut synnex corpor mdilut epsnon gaap dilut ep non gaap financi measur exclud impact acquisit integr expens amort intang asset reconcili gaap non gaap financi inform present supplementari inform section end press releas pleas report anoth record quarter financi result synnex continu deliv revenu growth increas earn margin expans state kevin murai presid chief execut offic result good meet state goal quarter fortun believ aspect relat shortfal short term core technolog solut concentrix busi remain solidfisc first quarter highlight technolog solut revenu billion organ prior fiscal year quarter adjust translat effect foreign currenc technolog solut busi constant dollar basi grew technolog solut incom non oper item incom tax noncontrol interest million segment revenu compar million segment revenu fiscal first quarter concentrix revenu million million prior fiscal year quarter due acquisit ibm crm busi incom non oper item incom tax noncontrol interest million revenu compar loss million prior fiscal year quarter non gaap incom non oper item incom tax noncontrol interest million revenu fiscal first quarter compar million revenu first fiscal quarter trail fiscal four quarter roic compar prior year fiscal first quarter exclud impact acquisit integr expens amort intang trail fiscal first quarter roic debt capit ratio unchang prior year period fiscal fourth quarter depreci amort million million respect cash convers cycl day day prior year fiscal first quarter day fourth fiscal quarter cash flow oper approxim million compar million fiscal fourth quarter million use oper first fiscal quarter fiscal second quarter earn outlook dividend announc follow statement base synnex current expect fiscal second quarter includ acquisit integr expens amort intang statement forward look actual result may differ materi revenu expect rang billion billion non gaap net incom expect rang million million non gaap dilut earn per share expect rang tax amort intang expect million per share anticip neg currenc impact revenu approxim million synnex announc today board director declar quarterli cash dividend per common share dividend payabl may stockhold record close busi april confer call webcastsynnex discuss financi result outlook confer call today,324faf16ffb2598ea403ffaca97f68257c5ed7fa7fb616a015ce3b673bd8fb84,2015-04-01,37.029998779296875,36.30500030517578,-0.019578679395648058,-0.0033003300330033403,-0.016278349362644717,ok_market_adjusted,2015
144,HEJFE-BB62E8864F35DCD0,89901,155393,WLL,2015-02-25 15:54:00,2015-02-25T21:00:00Z,2015-02-25,2015-02-25,True,A-EXACT,360.0,-0.0013141069354205,0.5886524822695036,ex press releas white petroleum corpor date februari compani contact john b kelso director investor relat white petroleum corpor announc fourth quarter full year financi oper result record product mmboe mbo product bo prove reserv increas record mmboe compani achiev reserv replac adjust net incom million per dilut share discretionari cash flow total million billion capex budget decreas whitingkodiak capex produc expect product growth denver februari white nyse wll product fourth quarter total million barrel oil equival mmboe crude oilnatur ga liquid ngl fourth quarter product averag barrel oil equival per day bo includ kodiak product day repres increas fourth quarter increas third quarter product total record mmboe bo repres increas first quarter guidanc bo jame j volker white chairman presid ceo comment strong year white set record product prove reserv discretionari cash flow wake acquisit kodiak oil ga becam largest bakkenthre fork produc williston basin initi result properti acquir reward first three well pad dunn counti test averag rate bo per well well complet white complet design cost save approxim per well rel prior design redtail area weld counti colorado result strong niobrara c zone codellfort hay format day averag rate approxim bo believ return could rival niobrara b drill year end ad gross niobrara c codellfort hay locat potenti drill inventori given high qualiti asset base confid abil navig current price environ mr volker continu taken prudent measur reduc capit budget maintain financi flexibl capit budget billion reflect disciplin approach maintain financi strength preserv long term growth plan current run rig bakkenthre fork niobrara redtail rig count go rig mid year bakkenthre fork niobrara rig combin compani focu oper highest rate return properti time see lower complet well cost servic compani price reduct technolog applic expect complet well cost bakkenthre fork averag million million expect redtail niobrara well cost million continu work drive cost lower maintain eur oper financi result follow tabl summar oper financi result fourth quarter three month end decemb chang product mbo discretionari cash flow mm realiz price boe total revenu mm net loss avail common sharehold mm per basic share per dilut share adjust net incom avail common sharehold mm per basic share per dilut share reconcili net cash provid oper activ discretionari cash flow includ later news releas three month end decemb net loss avail common sharehold includ million pre tax non cash deriv gain per basic dilut share tax three month end,811678939aa5442b25b8d166de9b4ce945d58db08bf92d8692b74964518c640b,,,,,,,missing_stock_history,2015
145,HEJFE-5408AADD0CBD54E8,89952,157153,CMP,2015-04-27 15:46:00,2015-04-27T20:15:00Z,2015-04-27,2015-04-27,True,A-EXACT,1740.0,0.0003699009276187,0.6026785714285714,ex immedi releas compass miner post percent year year increas first quarter earn reiter full year guidanc first quarter highlight net incom percent adjust ebitda increas percent margin expand year year busi overland park kan april compass miner nyse cmp lead produc essenti miner report strong year year earn growth first quarter driven primarili improv price salt segment continu benefit improv highway deic price winter weather salt demand return normal level follow last year extrem winter continu favor price also drove strong result plant nutrit segment demand sulfat potash remain healthi said fran malecha compass miner presid ceo key success quarter employe continu execut margin maxim plan battl inconsist winter weather uncertainti agricultur sector short term oper issu first quarter net incom rose percent million per dilut share million per dilut share first quarter total revenu first quarter million compar million period due primarili lower sale volum salt segment ebitda rose percent segment oper margin expand six percentag point year year despit percent declin revenu plant nutrit earn interest tax depreci amort adjust special item non gaap financi measur reconcili gaap measur perform provid tabl end releas compass miner report earn page segment ebitda improv percent compar quarter percent higher sale oper margin expand almost four percentag point consolid basi oper earn grew percent million million prior year oper margin increas percent approxim percent compass miner financi result dollar million except earn per share three month end march sale sale less ship handl cost product sale oper earn oper margin net earn dilut earn per share ebitda adjust ebitda non gaap financi measur reconcili gaap measur perform provid tabl follow releas salt segment salt segment revenu declin percent princip due reduct winter weather deic demand north america compar last year extrem winter revenu impact lower sale volum partial offset percent increas averag sell price highway deic product prior year improv compris percent increas north american bid season price higher mix lower price sale uk chemic custom sale mix shift toward lower price non deic product sale result two percent year year reduct averag sell price consum industri product despit declin sale volum salt segment ebitda increas percent prior year due higher price highway deic product lower per unit ship handl cost result offset partial short term cost per unit salt cost neg impact unplan downtim north american rock salt mine relat heavi ice coverag lake huron compass miner report earn,395b606705909beed20c7457233b7278362717e13883fbb153cc6501abd4f7c4,2015-04-28,88.66999816894531,91.6500015258789,0.03360779765953881,0.00333646126577003,0.030271336393768777,ok_market_adjusted,2015
146,HEJFE-3A94836BBC9F224A,89971,156861,TPX,2011-07-26 13:40:00,2011-07-26T20:05:00Z,2011-07-26,2011-07-26,True,A-EXACT,8700.0,0.018912496223814,0.5423728813559322,ex press releas date juli tempur pedic report record second quarter sale earn report sale ep rais financi guidanc announc new million share repurchas program million repurchas first half lexington ky juli tempur pedic intern inc nyse tpx lead manufactur market distributor premium mattress pillow worldwid today announc financi result second quarter end june compani also increas full year financi guidanc announc new share repurchas author financi summari earn per dilut share ep second quarter compar second quarter compani report net incom million second quarter compar million second quarter net sale increas million second quarter million second quarter constant currenc basi net sale increas net sale north american segment increas intern segment net sale increas constant currenc basi intern segment net sale increas mattress sale increas global mattress sale increas north american segment intern segment constant currenc basi intern mattress sale increas pillow sale increas global pillow sale increas north america intern segment constant currenc basi intern pillow sale increas gross profit margin compar second quarter gross profit margin increas result favor mix improv effici manufactur fix cost leverag relat higher product volum partial offset higher commod cost new product launch oper profit margin compar second quarter increas driven improv gross profit margin partial offset increas market invest compani gener million oper cash flow second quarter compar million second quarter chief execut offic mark sarvari comment pleas second quarter perform execut well new product rollout across globe broaden appeal consum product program continu expand margin strateg invest advertis drive awar alreadi drive growth share repurchas program second quarter compani purchas million share common stock averag price total cost million first half compani purchas million share common stock averag price total cost million compani announc board director author new share repurchas program million share repurchas program replac compani prior share repurchas author may limit suspend termin time without prior notic stock repurchas program may made open market transact negoti purchas otherwis time amount manag committe board deem appropri time actual number share repurchas depend varieti factor includ price financ regulatori requir market condit repurchas may also made rule b plan would permit share repurchas compani might otherwis preclud insid trade law financi guidanc compani increas full year guidanc net sale ep current expect net sale rang billion billion current expect ep rang per dilut share compani note expect base inform avail time releas subject chang condit mani outsid compani control compani,eb29491ff85441ce650c0d20a6a6909c41b74dcae829f11bf24878b684fede09,,,,,,,missing_stock_history,2011
147,HEJFE-22BF36BABB9D19D7,90178,264265,ALNY,2015-02-12 15:55:00,2015-02-12T21:00:00Z,2015-02-12,2015-02-12,True,A-EXACT,300.0,-0.0210732643189164,0.6476868327402135,ex alnylam pharmaceut report fourth quarter full year financi result highlight recent period progress introduc pipelin growth strategi rnai therapeut three strateg therapeut area star launch alnylam guidanc advanc commerci rnai therapeut present posit data multipl clinic program includ initi evid potenti diseas modifi effect patisiran aln advanc revusiran endeavour phase trial ad three new program clinic stage maintain strong balanc sheet million cash expect end greater billion cash cambridg mass busi wire februari alnylam pharmaceut inc nasdaq alni lead rnai therapeut compani today report consolid financi result fourth quarter full year highlight recent progress advanc pipelin alnylam made excel progress fourth quarter recent period continu advanc rnai therapeut clinic studi amongst highlight report clinic data patisiran aln program show believ earli evid translat rnai mediat knockdown potenti clinic benefit patient also execut pipelin goal strong enrol patisiran apollo phase studi advanc revusiran endeavour phase trial addit file three clinic trial applic aln pcssc aln cc aln initi phase studi two program said john maraganor phd chief execut offic alnylam alnylam also introduc pipelin growth strategi new guidanc specif alnylam intend advanc pipelin three strateg therapeut area star genet medicin cardio metabol diseas hepat infecti diseas believ signific opportun rnai therapeut high impact medicin alnylam launch new guidanc mark expect transit late stage clinic develop compani multi product commerci stage compani sustain develop pipelin profil believ rare achiev biopharmaceut industri alnylam continu maintain strong balanc sheet end approxim million cash said michael mason vice presid financ treasur also strengthen balanc sheet earlier year public offer concurr privat placement genzym result net proce approxim million financ result balanc sheet allow us invest broad pipelin rnai therapeut across three star believ enabl us achiev alnylam guidanc financi guidanc year expect end greater billion cash fourth quarter recent signific corpor highlight introduc pipelin growth strategi rnai therapeut three strateg therapeut area star genet medicin broad pipelin rnai therapeut treatment rare diseas cardio metabol diseas pipelin rnai therapeut toward genet valid liver express diseas target unmet need dyslipidemia hypertens non alcohol steatohepat nash type diabet hepat infecti diseas pipelin rnai therapeut address major global health challeng hepat infecti diseas launch alnylam guidanc advanc intend commerci rnai therapeut specif end alnylam expect achiev compani profil market product rnai therapeut clinic program includ late stage develop across star advanc pipelin program genet medicin star advanc investig rnai therapeut program treatment transthyretin ttr mediat amyloidosi attr continu,f824c4e273443a97899b496c8a5f339f03760d2aa0966803e91da9ab3e29f631,2015-02-13,96.0,95.54000091552734,-0.004791657129923466,0.00337802174601487,-0.008169678875938335,ok_market_adjusted,2015
148,HEJFE-E28050410A1480C6,90352,25495,DYN,2015-05-06 14:24:00,2015-05-06T20:07:00Z,2015-05-06,2015-05-06,True,A-EXACT,6180.0,-0.0045078520516914,0.6332046332046333,ex ex immedi releas nr dynegi announc first quarter result affirm guidanc first quarter financi highlight million consolid adjust ebitda first quarter decreas million compar first quarter million consolid liquid includ million iph march million cash flow use oper march affirm full year adjust ebitda guidanc rang million million free cash flow guidanc rang million oper commerci highlight ga segment market avail equival avail factor coal iph segment respect miso plan year capac auction clear mwday zone dynegi clear mw capac addit dynegi capac self schedul auction back compani retail sale recent develop april complet acquisit equipow resourc corp brayton point hold llc energi capit partner approxim billion cash plu million dynegi common stock alloc million excess cash reduc equiti issu close april complet acquisit duke energi midwest gener asset retail busi approxim billion cash increas acquisit ebitda synergi million million balanc sheet synergi increas million million houston may dynegi inc nyse dyn report first quarter consolid adjust ebitda million compar million first quarter million decreas result moder weather contribut lower realiz power price well expir cone contract independ oper loss million first quarter compar oper incom million period net loss attribut dynegi inc first quarter million compar million first quarter complet equipow resourc corp brayton point hold llc duke energi midwest commerci gener asset retail busi acquisit transform compani one lead power produc dynegi well posit capit market condit expand footprint pjm iso ne market gener asset continu retir across market capac price increasingli signal need invest recent miso auction exampl rise valu exist suppli said dynegi presid chief execut offic robert c flexon guidanc track meet post acquisit target first quarter compar result quarter end march million coal iph ga total oper incom loss plu less depreci expens amort expens item net ebitda plu less acquisit integr cost loss attribut noncontrol interest mark market incom net chang fair valu common stock warrant adjust ebitda quarter end march million coal iph ga total oper incom loss plu less depreci expens amort expens item net ebitda plu less acquisit integr cost incom attribut noncontrol interest mark market loss net chang fair valu common stock warrant adjust ebitda ebitda adjust ebitda non gaap financi measur use manag evalu dynegi busi ongo basi pleas refer item dynegi form avail compani websit file may definit purpos use non gaap financi measur reconcili ebitda oper incom loss present gener administr expens alloc segment includ,aaea7cba2351d2ecd6fa8feebde766e8e123c1ce00fc9c65d14c47ff469b627b,,,,,,,missing_stock_history,2015
149,HEJFE-0704950C71CFAFB4,90427,160376,TXRH,2015-02-23 15:24:00,2015-02-23T21:02:00Z,2015-02-23,2015-02-23,True,A-EXACT,2280.0,-0.0009840204172861,0.5092592592592593,ex ex texa roadhous inc announc fourth quarter result increas quarterli dividend per share louisvil ky februari texa roadhous inc nasdaqg txrh today announc financi result week period end decemb fourth quarter year date chang chang total revenu incom oper net incom dilut ep note fourth quarter full year result includ week respect compar week fourth quarter full year result fourth quarter includ follow highlight dilut earn per share increas prior year dilut earn per share prior year period posit impact estim result th week compar restaur sale increas compani restaur franchis restaur compar week basi seven texa roadhous two bubba companyown restaur open along five texa roadhous franchis own restaur restaur margin percentag restaur sale decreas basi point primarili due food cost inflat approxim incom tax rate decreas basi point primarili due retroact reinstat certain feder tax credit current year quarter compani repurchas share common stock million result full year includ follow highlight dilut earn per share increas prior year dilut earn per share prior year posit impact estim result rd week compar restaur sale increas compani restaur franchis restaur compar week basi texa roadhous two bubba compani own restaur open along six franchis own restaur restaur margin percentag restaur sale decreas basi point incom tax rate increas basi point primarili due retroact reinstat certain feder tax credit compani repurchas share common stock million kent taylor chief execut offic texa roadhous inc comment pleas result fact achiev fifth consecut year posit compar restaur sale growth report doubl digit revenu growth strong dilut earn per share growth year despit continu commod cost pressur impact lap extra week last year time healthi balanc sheet cash flow enabl us return million capit sharehold share repurchas quarterli dividend payment taylor continu look ahead develop pipelin great shape expect open compani restaur well four six franchis restaur although expect face continu cost pressur near term remain excit ongo momentum top line continu focu long term brand posit growth potenti outlook compani report compar restaur sale compani restaur first seven week fiscal increas approxim compar prior year period manag reiter follow expect posit compar restaur sale growth compani restaur open includ mani five bubba restaur manag updat follow expect food cost inflat incom tax rate approxim depend reinstat certain feder tax credit total capit expenditur million million cash dividend payment februari compani board director author payment quarterli cash dividend per share common stock payment distribut,8553c7aaffb49b79b01e1d86e4f32ab06060d1c3de9e65f34cacbbc7f4e39ce4,2015-02-24,38.38999938964844,37.65999984741211,-0.0190153569638547,0.003240643947313382,-0.022256000911168083,ok_market_adjusted,2015
150,HEJFE-93A7D27EF425EDF0,90507,161120,MIC,2015-02-18 15:58:00,2015-02-18T21:36:00Z,2015-02-18,2015-02-18,True,A-EXACT,2280.0,0.0072718548853131,0.7067669172932332,ex macquari infrastructur compani report fourth quarter full year financi result increas quarterli cash dividend proportion combin free cash flow per share increas fourth quarter primarili driven imtt acquisit proportion combin free cash flow per share increas underli basi per share full year dividend increas annual fourth quarter cash payment per share made march dividend growth approxim per year expect two year compani file convers corpor anticip new york busi wire februari macquari infrastructur compani llc nyse mic report financi result includ increas underli proportion combin free cash flow per share fourth quarter full year respect increas reflect improv oper result mic own busi contribut acquisit juli intern matex tank termin imtt imtt acquisit previous per share increas achiev reflect increas weight averag number share outstand result primarili equiti offer connect imtt acquisit result quarter full year consider ahead expect driven good work integr imtt particularli pertain mainten capit expenditur continu stronger oper perform across portfolio said jame hook chief execut offic mic take consider result recent announc pend transact involv bayonn energi center bec expect gener growth quarterli cash dividend approxim year year least next two year februari mic announc enter definit agreement acquir bec megawatt ga fire power gener facil locat bayonn nj affili arclight capit partner llc million cash assumpt million debt transact subject regulatori approv satisfact customari close condit expect complet first half proportion combin free cash flow per share increas fourth quarter compar fourth quarter increas primarili reflect improv result mic oper busi period contribut result imtt acquisit juli proportion combin free cash flow per share full year increas underli basi compar full year per share figur full year includ impact increas compani weight averag share outstand year end exclud approxim million transact relat expens pension contribut third quarter fourth quarter mic distinguish report underli free cash flow per share mic issu million addit share includ million share issu juli connect imtt acquisit issu manag upon reinvest manag perform fee dividend increas februari mic board author payment cash dividend per share fourth quarter fourth quarter dividend paid march sharehold record march author dividend repres increas mic cash dividend compar third quarter impli annual per share twelv month end decemb mic dividend increas versu twelv month end decemb mic distribut underli free cash flow per share cash dividend consist previous state intent maintain payout ratio free cash flow per share believ grow dividend approxim per year,f7934d2258bfcd381c4499319c95a65b552c861fd58c9c0049f6e5f696aa16a0,,,,,,,missing_stock_history,2015
151,HEJFE-C926C41F03E66E82,90657,162733,PAY,2014-12-15 15:36:00,2014-12-15T21:01:00Z,2014-12-15,2014-12-15,True,A-EXACT,1500.0,0.0100396536762838,0.5697674418604651,ex press releas date decemb ex press releas verifon report result fourth quarter full year fiscal revenu earn per share exceed guidancesan jose calif busi wire verifon system inc nyse pay fourth quarter financi highlight gaap non gaap net revenu million gaap net incom per share non gaap net incom per dilut share oper cash flow millionfisc year financi highlight gaap non gaap net revenu billion gaap net loss per share non gaap net incom per dilut share oper cash flow million verifon system inc nyse pay global leader secur electron payment solut today announc financi result three month end octob fy fiscal year end octob fy revenu gaap net revenu million fy compar million year ago increas fy gaap net revenu total billion increas compar billion result fy non gaap net revenu latest quarter million compar million year ago increas non gaap net revenu fy billion increas compar billion result fy earn per share gaap net incom per share fy compar net loss year ago fy gaap net loss compar loss year ago non gaap net incom per dilut share fy compar year ago increas non gaap net incom per dilut share fy increas compar result fy tabl provid addit summari gaap non gaap financi inform comparisonsunaudit million except per share percentag three month end octob year end octob chang chang gaap net revenu gross margin net revenu pt ptsnet loss per dilut share nm nm non gaap net revenu gross margin net revenu pt net incom per dilut share reconcili non gaap measur provid end press releas nm mean meaning im proud team verifon pleas perform fy exceed guidanc said paul galant chief execut offic verifon execut win back share help client improv secur upgrad emv us take advantag advanc mobil digit commerc halfway transform initi nimbl focus compani year product verifon leverag grow termin solut busi becom platform compani provid payment servic commerc enabl addit financi busi highlight achiev record north america net revenu secur us client win includ eight competit takeaway announc global avail secur commerc architectur sign agreement connect devic architectur continu grow petroleum busi next gener store po site control offer gain momentum announc key pan european certif begin offer mx seri termin client across europ gener record servic net revenu extend payment servic busi us mexico australia new zealand turkey expand network taxi payment media system increas fleet carri digit taxi top display,107ee246e94a5be3039c55238a0d969afa918117045bf8ec0c0d50665304392f,,,,,,,missing_stock_history,2014
152,HEJFE-873A37657E58A8CD,90657,162733,PAY,2015-03-10 15:11:00,2015-03-10T20:01:00Z,2015-03-10,2015-03-10,True,B-EXACT,3000.0,0.0048661505884307,0.5335968379446641,ex press releas date march ex press releas verifon report result first quarter fiscal revenu earn per share exceed guidancesan jose calif busi wire verifon system inc nyse pay first quarter financi highlight gaap net revenu million non gaap net revenu million gaap net incom per dilut share non gaap net incom per dilut share oper cash flow millionverifon system inc nyse pay global leader secur electron payment solut today announc financi result three month end januari gaap net revenu quarter million compar million year ago increas non gaap net revenu million compar million year ago increas gaap net incom per dilut share quarter compar net loss year ago non gaap net incom per dilut share compar year ago increas im pleas perform team accomplish exceed financi guidanc despit foreign exchang macro econom relat headwind said paul galant chief execut offic verifon success execut transform better serv client capit opportun key market time invest deliv import new product client futur growth termin solut payment servic commerc enabl busi tabl provid addit summari gaap non gaap financi inform comparisonsunaudit million except per share percentag three month end januari chang gaap net revenu gross margin net revenu ptsnet incom loss per dilut share nm non gaap net revenu gross margin net revenu net incom per dilut share reconcili non gaap measur provid end press releas nm mean meaning addit financi busi highlight achiev record north america net revenu driven secur emv migrat secur larg us retail client win emv capabl devic includ eight competit takeaway seven new hospit win announc new mpo termin offer execut small tuck acquisit cloud po solut smb market began roll next gener store site manag po system petroleum vertic made initi deliveri g countertop termin solut deal major financi institut mexico continu payment servic expans us uk turkey australia expand network taxi verifon payment system florida canada irelandguid updat guidanc reflect impact unfavor foreign exchang environ challeng russia market sinc last time provid outlook decemb th factor partial offset continu strength certain geographi primarili north america second fiscal quarter non gaap net revenu million million non gaap net incom per dilut share full fiscal year non gaap net revenu million million non gaap net incom per dilut share confer callverifon hold earn confer call today march th pm pt listen call view slide visit verifon websit record audio webcast avail verifon websit march caution concern forward look,0a3307f6fd155087b77d2881fa806b21fa03f3cc4945376b27a26ce96a60644e,,,,,,,missing_stock_history,2015
153,HEJFE-99F31DB35F001A44,90664,162887,DXCM,2015-02-25 15:44:00,2015-02-25T21:01:00Z,2015-02-25,2015-02-25,True,A-EXACT,1020.0,0.0043267338498761,,ex dxcmq dxcm dexcom inc report fourth quarter full year financi resultssan diego ca busi wire februari dexcom inc nasdaq dxcm today report audit financi result quarter fiscal year end decemb full year end decemb product revenu grew million increas million product revenu report total revenu grew million increas product revenu grew million fourth quarter increas million product revenu report compar period total fourth quarter revenu includ develop grant revenu grew million increas compar period product gross profit total million million three twelv month end decemb compar product gross profit million million three twelv month end decemb compani report net incom million per share net loss million per share three twelv month end decemb compar net loss million per share million per share three twelv month end decemb net loss includ million non cash expens compris primarili share base compens depreci amort total cost sale twelv month end decemb total million compar million increas primarili due addit product sale research develop expens total million compar million chang research develop expens includ addit payrol cost consult cost million addit non cash share base compens sell gener administr expens total million compar million chang primarili due addit payrol cost commiss million addit non cash share base compens decemb compani million cash cash equival market securitiesconfer call manag hold confer call today start pm eastern time confer call concurr webcast link webcast avail dexcom inc websit navig compani investor relat event webcast archiv futur refer listen confer call pleas dial uscanada intern use confirm number approxim five minut prior start timeabout dexcom incdexcom inc headquart san diego california develop market continu glucos monitor system ambulatori use peopl diabet healthcar provid hospit cautionari statement regard forward look statementsdexcom medic devic compani limit oper histori success commerci compani product subject numer risk uncertainti includ lack accept marketplac physician peopl diabet inabl manufactur product commerci quantiti accept cost possibl delay compani develop program inabl peopl diabet receiv reimburs third parti payor inadequ financi resourc certain risk uncertainti addit risk fulli describ compani annual report form period end decemb file secur exchang commiss februari inform steven r pacelliexecut vice presid strategi corpor develop dexcom inc consolid balanc sheet millionsexcept par valu data decemb decemb asset current asset cash cash equival short term market secur avail sale account receiv net inventori prepaid current asset total current asset properti equip net restrict cash intang asset net goodwil asset total,7c24b7bea6f570e5438f09bbd2e6979cf56cfb804548eb84e49df7d44a033a3f,2015-02-26,15.835000038146973,15.489999771118164,-0.02178719710752719,-0.0006782136894823987,-0.02110898341804479,ok_market_adjusted,2015
154,HEJFE-CFA461ED8BCCB889,90756,11721,OSK,2015-04-27 15:29:00,2015-04-28T11:00:00Z,2015-04-28,2015-04-28,True,B-EXACT,55860.0,-7.421615888405543e-05,0.5186721991701244,ex ex inform contact financi patrick davidson vice presid investor relat media john daggett vice presid commun oshkosh corpor report fiscal second quarter result reaffirm fiscal adjust ep estim rang deliv higher sale oper incom non defens segment declar quarterli cash dividend per share oshkosh wi april oshkosh corpor nyse osk today report fiscal second quarter net incom million per dilut share compar million per dilut share second quarter fiscal result second quarter fiscal includ tax cost million incur connect refinanc compani senior note due exclud item fiscal second quarter adjust net incom million per dilut share fiscal second quarter adjust net incom million per dilut share exclud tax cost pension curtail million relat announc workforc reduct compani defens segment tax cost million incur connect refinanc compani credit agreement senior note due million tax benefit relat reduct net oper loss valuat reserv fiscal second quarter result neg impact compar prior year quarter per share currenc particularli euro australian dollar declin us dollar comparison press releas correspond period prior year unless otherwis note press releas refer gaap us gener accept account principl non gaap financi measur oshkosh corpor believ non gaap measur provid investor use comparison compani perform prior period result non gaap measur may compar similarli titl measur disclos compani reconcili non gaap financi measur compar gaap measur found caption non gaap financi measur press releas consolid net sale second quarter fiscal billion decreas percent significantli lower defens segment sale expect offset part improv demand compani non defens segment constant currenc basi sale decreas percent compar second quarter fiscal consolid oper incom second quarter fiscal million percent sale compar million percent sale prior year second quarter exclud curtail charg describ adjust consolid oper incom second quarter fiscal million percent sale higher oper incom compani non defens segment second quarter fiscal suffici offset impact lower sale compani defens segment team perform well quarter manag previous announc break product famili heavi tactic vehicl fhtv program defens segment foreign currenc headwind sever weather condit northeast us deliv adjust earn per share line expect slightli prior year quarter adjust earn per share said charl l szew oshkosh corpor chief execut offic sale oper incom higher non defens segment reflect continu recoveri market execut move strategi improv oper result non defens segment help mitig much impact significantli lower defens segment sale earn expect deliv strong second half result enter season busi construct season resum fhtv,0deecf150ae1e00ce4dc4faf9c2795011fe3bd5714201b62db11020ad85b1a0b,2015-04-29,51.5,54.2599983215332,0.053592200418120406,0.0009399968666770064,0.0526522035514434,ok_market_adjusted,2015
155,HEJFE-826F68D9DA88B37C,90856,163889,ATRC,2015-02-23 15:58:00,2015-02-23T21:02:00Z,2015-02-23,2015-02-23,True,A-EXACT,240.0,0.0070651631354855,0.5087719298245614,ex press releas press releas contact atricur inc andi wade senior vice presid chief financi offic investor relat contact lynn pieper westwick partner atricur report fourth quarter full year financi result revenu million us sale million intern sale million constant currenc fourth quarter revenu million west chester ohio februari atricur inc nasdaq atrc lead innov surgic treatment atrial fibril afib left atrial appendag laa manag today announc fourth quarter full year financi result fourth quarter full year result reflect strong perform meaning progress momentum continu expand treatment atrial fibril improv patient live said mike carrel presid chief execut offic atricur enter foundat strong plan continu solidifi futur market build strategi thought invest growth initi clinic data valid educ train new product indic give us great confid mani excit year ahead us strong commerci execut market expans financi result revenu million increas million constant currenc basi compar revenu domest revenu increas million driven strong sale ablat relat open heart product ablat relat minim invas product atriclip product intern revenu million increas million constant currenc basi compar million intern revenu growth driven primarili increas product sale europ asia gross profit million compar million gross margin compar decreas gross margin primarili due lower margin product obtain decemb estech acquisit increas mix intern sale heavier placement loan equip loss oper million compar million adjust ebitda non gaap measur loss million compar loss million net loss per share fourth quarter financi result revenu fourth quarter million increas million constant currenc basi compar fourth quarter revenu domest revenu increas million driven strong sale ablat relat open heart product ablat relat minim invas product atriclip product intern revenu million increas million constant currenc basi compar million fourth quarter intern revenu growth driven primarili increas product sale europ asia gross profit fourth quarter million compar million fourth quarter gross margin fourth quarter respect decreas gross margin primarili due lower margin product obtain decemb estech acquisit increas mix intern sale heavier placement loan equip oper expens fourth quarter increas million compar fourth quarter increas oper expens driven primarili increas sell market clinic product develop train expens loss oper fourth quarter million compar million fourth quarter adjust ebitda non gaap measur loss million fourth quarter compar million loss fourth quarter net loss per share fourth quarter fourth quarter guidanc manag project revenu rang million million repres increas constant currenc basi adjust ebitda non gaap measur project loss rang million million,56e94157192109cf580e53ccc16b286cb6274fa6120784100244bd100a9e4f8c,2015-02-24,18.670000076293945,17.690000534057617,-0.05249060194063271,0.003240643947313382,-0.05573124588794609,ok_market_adjusted,2015
156,HEJFE-5ED55A2EAC950921,90880,164708,AMP,2015-04-22 15:22:00,2015-04-22T20:05:00Z,2015-04-22,2015-04-22,True,A-EXACT,2580.0,0.0027942009537145,0.3703703703703703,ex ex ameripris financi inc ameripris financi center minneapoli mn news releas ameripris financi report first quarter result first quarter net incom per dilut share oper ep percent first quarter return equiti exclud aoci percent oper roe exclud aoci increas bp record high percent compani rais regular quarterli dividend percent per share minneapoli april ameripris financi inc nyse amp today report first quarter net incom million per dilut share oper earn million percent year ago oper earn per dilut share increas percent first quarter result includ per dilut share unfavor impact long term care reserv increas oper net revenu increas percent billion busi growth partial offset neg impact foreign exchang declin net invest incom lower activ due market volatil oper expens increas percent billion primarili driven million long term care reserv increas current quarter million reserv reduct year ago quarter policyhold behavior relat product chang without item oper expens essenti flat gener administr expens decreas percent compar year ago reflect compani ongo expens disciplin quarter compani return million sharehold share repurchas dividend ameripris continu deliv good perform advic wealth manag asset manag busi gener percent oper earn quarter said jim cracchiolo chairman chief execut offic retail client asset growth strong net inflow new client acquisit experienc advisor recruit oper environ challeng quarter increas equiti market volatil continu low interest rate execut strategi remain focus serv client advisor busi growth strong capit posit continu return capit sharehold share repurchas dividend includ rais regular quarterli dividend percent eighth increas past six year net incom repres net incom continu oper attribut ameripris financi ameripris financi inc first quarter summari quarter end march better per dilut share quarter end march better million except per share amount unaudit wors wors net incom continu oper attribut ameripris financi adjust net tax see reconcili p oper earn weight averag common share outstand basic dilut tax calcul use statutori tax rate compani believ present oper earn best repres econom busi oper earn tax exclud consolid certain invest entiti net realiz gain loss integr restructur charg market impact variabl annuiti guarante benefit net hedg relat defer acquisit cost dac defer sale induc cost dsic amort market impact index univers life benefit net hedg relat dac amort unearn revenu amort reinsur accrual incom loss discontinu oper result quarter reflect per dilut share unfavor item reserv increas per share relat close block long term care insur net per share unfavor impact,63315d66f3e1b58b32e928cf8dc15a03aeb5a2d247c9c92c68245fd3dfd7d801,2015-04-23,127.26000213623047,127.16999816894531,-0.0007072447412723726,0.004809451617962424,-0.005516696359234796,ok_market_adjusted,2015
157,HEJFE-4D7E68AD113380B3,91032,164422,TRAK,2015-02-23 15:41:00,2015-02-23T21:05:00Z,2015-02-23,2015-02-23,True,A-EXACT,1440.0,0.0090689937760365,0.521505376344086,ex vex media contact alison von puschendorf x investor contact paul rybecki dealertrack technolog report record revenu fourth quarter full year report revenu growth fourth quarter growth full year lake success ny februari dealertrack technolog inc nasdaq trak today report strong financi result fourth quarter year end decemb revenu grew year year across busi line dealertrack continu execut vision enabl transform automot retail technolog solut dealertrack strong revenu non gaap earn growth quarter reflect posit momentum gain expand platform connect technolog servic drive converg onlin store automot retail said mark oneil chairman chief execut offic dealertrack technolog fourth quarter row organ growth percent proud team execut inspir futur busi expand global market acquisit incadea plc fourth quarter earn overview gaap result fourth quarter revenu quarter million compar million gaap net loss quarter million compar million dilut gaap net loss per share quarter compar non gaap result fourth quarter adjust ebitda quarter million compar million adjust net incom quarter million compar million dilut adjust net incom per share quarter compar gaap result year end decemb revenu year million compar million gaap net loss year million compar gaap net incom million dilut gaap net loss per share year compar dilut gaap net incom per share gaap net loss year end decemb neg impact million per share non cash charg net tax relat certain chang expect asset use dealertrack integr acquir solut posit impact million per share gain net tax sale dealertrack invest truecar inc page non gaap result year end decemb adjust ebitda year million compar million adjust net incom year million compar million dilut adjust net incom per share year compar guidanc dealertrack guidanc follow expect gaap result revenu year expect million million increas gaap net loss year expect million million dilut gaap net loss per share year expect expect non gaap result adjust ebitda year expect million million adjust net incom year expect million million dilut adjust net incom per share year expect dilut gaap net loss adjust net incom per share guidanc year base dilut weight averag share outstand million million respect guidanc assum new use car sale franchis dealer increas fourth quarter earn confer call dealertrack host confer call discuss fourth quarter full year result well guidanc februari pm eastern time confer call webcast live internet addit live audio call access public call domest intern access code necessari caller dial approxim minut call begin non gaap financi measur,51f12e09d6db2539c989a541823d8a8db2e939158752bbb1ba1bc74e0ff72eb2,2015-02-24,13.039999961853027,12.930000305175781,-0.008435556518331055,0.003240643947313382,-0.011676200465644437,ok_market_adjusted,2015
158,HEJFE-3ADF019D07BA84CE,91416,175319,HBI,2015-01-29 14:38:00,2015-01-29T21:05:00Z,2015-01-29,2015-01-29,True,B-EXACT,5220.0,0.0012468553991637,0.5042372881355932,ex hbi press releas date januari hbi ex hanesbrand east hane mill roadwinston salem nc news releasefor immedi releasenew media contact matt hall analyst investor contact tc robillard hanesbrand report fourth quarter financi result second consecut year record sale oper profit adjust ep full year net sale billion increas adjust oper profit million increas adjust earn per share increas full year adjust ep guidanc growth approxim despit neg impact expect currenc translationwinston salem nc jan hanesbrand nyse hbi lead global market everyday basic apparel world class brand today report financi result achiev record result second consecut year net sale adjust oper profit adjust dilut earn per sharefor full year net sale increas percent adjust oper profit increas percent adjust ep increas percent compani record result strong fourth quarter perform driven superb suppli chain manufactur perform benefit acquisit maidenform brand inc dbapparel continu strong contribut innov elev product platformshan issu full year guidanc includ expect net sale growth approxim percent approxim billion billion adjust oper profit growth percent percent approxim million million adjust ep growth percent percent approxim strong growth rate despit signific neg impact foreign currenc exchang ratesnet sale fourth quarter increas percent billion compar year ago quarter full year sale billion increas percent constant currenc basi net sale increas percent fourth quarter percent full yearadjust ep fourth quarter increas percent adjust ep year increas percent gaap basi dilut ep quarter versu year ago year year ago adjust consolid measur comparison news releas exclud pretax acquisit integr action relat charg million fourth quarter million full year million fourth quarter full year see gaap reconcili section belowhanesbrand report fourth quarter financi result page anoth outstand year gener signific sharehold valu achiev record result sale oper profit ep hane chairman chief execut offic richard noll said midst multiyear period strong growth support power compani own global suppli chain innov elev product platform acquisit guidanc translat anoth year doubl digit ep growth would anoth record year sale profit ep despit challeng currenc exchang ratesfourth quarter full year financi highlight busi segment summarykey accomplish includ sale growth busi segment net sale growth least high singl digit busi segment innov elev product platform continu perform well includ hane comfortblend underwear hane temp champion vapor fabric comfortflex fit bra except activewear segment benefit acquisit contribut sale growth suppli chain perform acquisit innov drive adjust oper profit margin growth compani adjust oper profit margin year increas basi,08daf64669dd07061794fd11952c0ad70fcc0a18d9dafcd4ddac846ee4b7f58f,,,,,,,missing_stock_history,2015
159,HEJFE-20EC97300E6205B9,91432,174541,INWK,2015-02-12 14:01:00,2015-02-12T21:10:00Z,2015-02-12,2015-02-12,True,A-EXACT,7740.0,-0.0011843565466618,0.7017543859649122,ex ex innerwork announc fourth quarter full year result achiev record revenu adjust ebitda full year forecast revenu increas constant currenc basi non gaap dilut ep grow announc share repurchas author chicago februari innerwork inc nasdaq inwk lead global market execut firm today report result fourth quarter fiscal year end decemb non gaap refer pleas refer non gaap reconcili tabl inform fourth quarter highlight revenu million increas year year constant currenc basi record non gaap adjust ebitda million increas year year constant currenc basi non gaap dilut earn per share report constant currenc basi loss fourth quarter non gaap adjust cash flow million compar million period last year primarili attribut time account payabl fiscal year highlight record revenu billion increas year year basi constant currenc basi twothird revenu growth organ pleas refer revenu growth tabl inform record non gaap adjust ebitda million increas compar million growth constant currenc basi non gaap dilut earn per share increas full year non gaap dilut earn per share constant currenc basi non gaap adjust cash flow million compar million primarili attribut time account payabl success year innerwork drove doubl digit revenu growth improv profit profil significantli year said eric belcher chief execut offic innerwork reach import mileston cross one billion dollar revenu mark importantli leverag newer capabl ad depth global manag team shift focu long term organ growth addit highlight today compani announc new four year client agreement sign januari fortun consum packag good compani addit innerwork long term contract seven largest cpg compani world win add impress roster new client launch includ callaway energ fedex novarti pizza hut sanofi stapl north america segment account revenu intern segment account compar mix revenu growth compar report currenc constant currenc mm chang mm chang organ enterpris account growth loss spend larg custom acquisit growth total revenu growth includ loss spend larg retail custom previous announc april share repurchas author innerwork also announc today board director author share repurchas program program innerwork author repurchas million outstand common stock next two year time amount share repurchas determin base market condit share price factor program may discontinu suspend time repurchas made complianc sec rule legal requir share repurchas program give us option capit opportun provid market creat addit sharehold valu maintain flexibl invest growth belcher comment outlook compani expect annual revenu rang billion million repres growth constant currenc basi non gaap adjust ebitda forecast million million repres growth non,11f66d70b71c2014dbe36cf20ce483ecb678c4e26e186d5a41e5eac3a1a0ce92,,,,,,,missing_stock_history,2015
160,HEJFE-E4D3EE1A6CB984DB,91498,174389,EHTH,2011-04-26 15:07:00,2011-04-26T20:15:00Z,2011-04-26,2011-04-26,True,A-EXACT,4080.0,0.0039978869280533,0.4575163398692811,ex press releas press releas ehealth inc announc first quarter result first quarter overview revenu million first quarter ebitda million first quarter submit applic ifp product decreas first quarter gaap oper margin non gaap oper margin first quarter gaap net incom million per dilut share non gaap net incom million per dilut share first quarter cash flow oper million first quarter mountain view califapril ehealth inc nasdaq ehth lead onlin sourc health insur individu famili small busi today announc financi result first quarter end march gari lauer chief execut offic ehealth state pleas ehealth perform chang environ first quarter expand busi base grew revenu oper cash flow even began integr new commiss structur individu famili plan busi also reduc cost acquisit level allow us acquir new individu famili member profit member acquisit channel first quarter result revenuerevenu total million first quarter increas compar revenu million first quarter submit applicationssubmit applic individu famili product decreas first quarter applic compar applic first quarter membershipestim membership march total member increas estim membership march oper incomeoper incom decreas million first quarter compar oper incom million first quarter oper margin first quarter respect non gaap oper incom decreas million first quarter compar non gaap oper incom million first quarter non gaap oper margin first quarter respect non gaap oper incom margin first quarter exclud million stock base compens expens million intang asset amort expens associ acquisit planprescrib inc non gaap oper incom margin first quarter exclud million stock base compens expens ebitdaebitda first quarter million decreas compar ebitda million first quarter pre tax incomepr tax incom first quarter million decreas compar pre tax incom million first quarter net incomenet incom first quarter million per dilut share net incom first quarter million per dilut share non gaap net incom first quarter million per dilut share compar non gaap net incom first quarter million per dilut share non gaap net incom non gaap net incom per dilut share first quarter exclud million stock base compens expens million intang asset amort expens associ acquisit planprescrib inc less million relat incom tax benefit non gaap net incom non gaap net incom per dilut share first quarter exclud million stock base compens expens million relat incom tax benefit cash flow cash balancecash flow oper first quarter million compar million first quarter repres increas first quarter util million million respect previous unrecogn excess tax benefit relat share base payment reduc feder,6173c564bcca077f82c44501de28b465bb8c26b50189bad8738d4e6c89c37f2d,2011-04-27,13.640000343322754,13.25,-0.02859239981717976,0.004592422502870175,-0.033184822320049934,ok_market_adjusted,2011
161,HEJFE-9527526FED86FA7D,91498,174389,EHTH,2013-04-25 15:56:00,2013-04-25T20:15:00Z,2013-04-25,2013-04-25,True,B-EXACT,1140.0,0.0069741693182329,0.392,ex ehth ex ehealth inc announc first quarter result first quarter overview revenu million increas compar first quarter submit applic ifp product increas first quarter total estim member increas first quarter oper incom million increas compar first quarter gaap net incom million per dilut share compar gaap net incom million per dilut share first quarter non gaap net incom million per dilut share compar non gaap net incom million per dilut share first quarter mountain view califapril ehealth inc nasdaq ehth america first largest privat health insur exchang announc today financi result first quarter end march gari lauer chief execut offic ehealth state pleas first quarter perform highlight revenu growth second consecut quarter commiss revenu growth individu famili plan busi meaning medicar busi revenu contribut first quarter result revenuerevenu first quarter total million increas compar revenu million first quarter commiss revenu first quarter total million increas compar commiss revenu million first quarter medicar revenu million first quarter increas compar medicar revenu million first quarter submit applicationssubmit applic individu famili product increas first quarter applic compar applic first quarter membershiptot estim membership march member increas estim membership march estim individu famili plan membership increas estim membership march estim medicar membership increas estim membership march total approv member includ individu famili plan medicar plan product member increas member first quarter compar first quarter incom operationsoper incom million first quarter oper margin first quarter respect non gaap oper incom first quarter million compar million first quarter non gaap oper margin first quarter respect non gaap oper incom margin first quarter exclud million stock base compens expens million intang asset amort expens ebitdaebitda million first quarter ebitda calcul ad stock base compens depreci amort expens includ intang asset amort expens incom expens net provis incom tax gaap net incom pre tax incomepr tax incom million first quarter net incomenet incom first quarter million per dilut share compar net incom million per dilut share first quarter non gaap net incom first quarter million per dilut share compar non gaap net incom million per dilut share first quarter non gaap net incom non gaap net incom per dilut share first quarter exclud million stock base compens expens million intang asset amort expens less million relat incom tax benefit non gaap net incom non gaap net incom per dilut share first quarter exclud million stock base compens expens million intang asset amort expens less million relat incom,3646e64f2f5dd07eeb91191429a727d3d457c9a93d40747c0c82ad81355c0e85,2013-04-26,21.0,21.0,0.0,-0.0005773672055428003,0.0005773672055428003,ok_market_adjusted,2013
162,HEJFE-749FFC4028DF7B1C,92257,178083,VMW,2011-04-19 14:56:00,2011-04-19T20:01:00Z,2011-04-19,2011-04-19,True,A-EXACT,3900.0,0.0010124345496475,0.6160337552742616,ex press releas press releas vmware report first quarter result year year revenu growth million ep growth non gaap ep growth oper margin non gaap oper margin trail twelv month oper cash flow growth billion free cash flow growth billion palo alto calif april vmware inc nyse vmw global leader virtual cloud infrastructur today announc financi result first quarter revenu first quarter million increas first quarter oper incom first quarter million increas first quarter non gaap oper incom first quarter million increas first quarter net incom first quarter million per dilut share compar million per dilut share first quarter non gaap net incom quarter million per dilut share compar million per dilut share first quarter oper cash flow first quarter million increas first quarter free cash flow quarter million increas first quarter trail twelv month oper cash flow billion increas trail twelv month free cash flow billion increas cash cash equival short term invest billion unearn revenu billion march us revenu first quarter grew million first quarter intern revenu grew million first quarter licens revenu first quarter million increas first quarter servic revenu includ softwar mainten profession servic million first quarter increas first quarter quarter strong perform underscor valu vmware provid custom journey cloud comput said paul maritz chief execut offic custom continu invest portfolio virtual cloud infrastructur solut remov complex enabl servic vmware first quarter result driven strong demand across geographi said mark peek chief financi offic second quarter revenu expect rang million year year increas year expect annual revenu rang billion billion increas compar expect non gaap oper margin expand slightli recent highlight strateg announc februari vmware announc vmware partner exchang new special certif solut compet toolkit design help partner deliv enterpris hybrid cloud solut industri premier event includ attende increas prior year sponsor exhibitor march vmware announc vmware vcenter oper strategi new solut simplifi autom organ manag servic dynam virtual cloud environ vcenter oper integr perform capac configur manag capabl april vmware introduc cloud foundri industri first open platform servic repres new gener applic platform architect specif cloud comput environ deliv servic enterpris datacent public cloud servic provid quarter vmware announc reach mileston deliv enterpris hybrid cloud avail vmware vcloud datacent servic sing tel bluelock colt beta servic avail verizon addit softbank telecom vmware vcloud datacent servic program vmware plan host confer call today review first quarter result discuss financi outlook call schedul begin pm pt pm,ce06d71372c1c644b35c48ddf1a86f7c92671e33bf4b8862aebd9b348c85cea9,,,,,,,missing_stock_history,2011
163,HEJFE-3BBEC23702C1A375,92257,178083,VMW,2013-07-23 15:35:00,2013-07-23T20:01:00Z,2013-07-23,2013-07-23,True,B-EXACT,1560.0,0.0062026923344698,0.6363636363636364,ex ex ex vmware report second quarter result year year revenu growth billion gaap oper margin non gaap oper margin record high gaap ep non gaap ep palo alto calif juli vmware inc nyse vmw global leader virtual cloud infrastructur today announc financi result second quarter revenu second quarter billion increas second quarter exclud revenu attribut gopivot divestitur occur revenu second quarter increas second quarter oper incom second quarter million increas second quarter non gaap oper incom second quarter million increas second quarter net incom second quarter million per dilut share per dilut share compar million per dilut share second quarter non gaap net incom quarter million per dilut share per dilut share compar million per dilut share second quarter oper cash flow second quarter million increas second quarter free cash flow quarter million increas second quarter cash cash equival short term invest billion unearn revenu billion june annual revenu expect rang billion billion annual licens revenu expect rang billion billion exclud revenu attribut gopivot divestitur occur repres growth rate total revenu licens revenu third quarter revenu expect rang billion billion third quarter licens revenu expect million million exclud revenu attribut gopivot divestitur occur repres growth rate total revenu licens revenu second quarter strong finish solid first half vmware said pat gelsing chief execut offic vmware see signific market opportun second half beyond vmware continu succeed uniqu posit help custom move client server era mobil cloud era comput help bridg new world empow busi captur new level effici control agil pleas second quarter result said jonathan chadwick chief financi offic vmware exceed high end revenu guidanc achiev record high non gaap oper margin compani align focus enter second half year signific momentum recent highlight strateg announc may vmware unveil vmware vcloud hybrid servic infrastructur servic iaa cloud oper vmware built trust foundat vmware vsphere give custom common platform seamlessli extend data center cloud may vmware sap ag announc new model deliv sap core solut sap hana newli announc vmware vcloud hybrid servic joint offer design allow custom consum sap solut vmware vcloud hybrid servic true opex model subscript price softwar infrastructur servic joint offer expect deliv fulli manag subscript servic offer vmware premis cloud within hybrid deploy june vmware announc ntt commun ntt com cloud servic provid one world largest telecommun compani ntt group deploy vmware network virtual core technolog new cloud servic enterpris cloud ec incorpor vmware network virtual,ebfbc16018ca100cf4d7d00eac04dac2fb4f3bc65ba5dd67aa5240eef42622e7,,,,,,,missing_stock_history,2013
164,HEJFE-350B3481A9CBBF0E,92257,178083,VMW,2013-10-21 15:49:00,2013-10-21T20:01:00Z,2013-10-21,2013-10-21,True,A-EXACT,720.0,0.004973179936256,0.6130268199233717,ex ex ex vmware report third quarter result year year revenu growth billion year year revenu growth exclud gopivot divestitur gaap oper margin non gaap oper margin gaap ep non gaap ep increas year year palo alto calif octob vmware inc nyse vmw global leader virtual cloud infrastructur today announc financi result third quarter revenu third quarter billion increas third quarter exclud revenu attribut gopivot divestitur occur revenu third quarter increas third quarter oper incom third quarter million increas third quarter non gaap oper incom third quarter million increas third quarter net incom third quarter million per dilut share per dilut share compar million per dilut share third quarter non gaap net incom quarter million per dilut share per dilut share compar million per dilut share third quarter oper cash flow third quarter million increas third quarter free cash flow quarter million increas third quarter cash cash equival short term invest billion unearn revenu billion septemb vmware continu build momentum global uniqu posit help custom transform mobil cloud era comput said pat gelsing chief execut offic vmware custom make long term commit vmware help liber resourc current environ power busi futur pleas third quarter perform meet exceed key goal quarter said jonathan chadwick chief financi offic vmware continu play accord plan share begin year see strong custom demand new solut softwar defin data center im excit prospect remaind beyond indic financi result news releas second quarter vmware provid forward look guidanc connect quarterli earn announc quarterli earn confer call recent highlight strateg announc vmworld vmware announc wave new product servic design extend power virtual entir data center includ network storag manag softwar defin data center architectur sddc vmworld vmworld europ set new record combin total regist attende enjoy demo newli introduc technolog includ vmware nsx vmware virtual san vmware vcloud suit vmware vsphere oper manag new cloud manag solut vmware announc us avail new vmware vcloud hybrid servic ad two addit us data center locat enabl custom seamlessli extend data center public cloud vmware also announc servic avail uk first quarter demonstr vmware commit expand hybrid cloud servic europ provid custom fastest reliabl compat path cloud new capabl make easi custom bring exist new cloud nativ applic public cloud extend exist manag tool vmware acquir deskton inc privat held compani pioneer desktop servic daa advanc multi tenant desktop virtual platform deliv window desktop applic cloud servic user anywher devic vmware,08661fa909cfbc8c0a0048553406337f55d025ed7af7d0fdde3919379ed2c57a,,,,,,,missing_stock_history,2013
165,HEJFE-09EF6AD227D3AC5D,92924,180029,DGI,2012-07-31 12:21:00,2012-07-31T20:01:00Z,2012-07-31,2012-07-31,True,A-EXACT,13200.0,0.0293848634343115,0.6288659793814433,ex press releas press releas digitalglob report second quarter result revenu increas ebitda margin expand basi point ep cent versu year ago loss compani rais revenu growth outlook longmont colorado juli digitalglob inc nyse dgi lead global provid high resolut earth imageri solut today report financi result second quarter end june second quarter revenu million compar period last year net incom second quarter million per share compar net loss million per share second quarter second quarter ebitda million deliv ebitda margin basi point year year compar second quarter ebitda margin margin expans occur despit incur million non recur cost connect recent announc combin geoey team deliv outstand second quarter said jeffrey r tarr presid chief execut offic grew revenu strong doubl digit rate expand margin rais guidanc excit plan busi combin geoey track close transact late earli across board success transform digitalglob high growth recur revenu geospati inform busi second quarter busi highlight defens intellig segment revenu grew million compar second quarter perform driven increas revenu relat servic level agreement sla portion enhancedview year year growth million valu ad servic commerci segment revenu grew million quarter compar prior year period growth driven primarili intern civil govern custom china russia well full quarter contribut larg well known locat base servic custom compani month backlog increas million year year indic broad base growth compani success shift revenu mix visibl recur model compani complet time extens number infrastructur upgrad increas integr infrastructur us govern deliv valu taxpay enhancedview contract intern civil govern growth enhanc recent sign agreement hunan land resourc partnership china siwei russia expand relationship feder forestri agenc partnership sovzond enhanc growth prospect among custom provid locat base servic compani announc upsiz expand relationship garmin build momentum financi servic vertic juli compani announc genscap pioneer sophist patent monitor system sign agreement incorpor digitalglob imageri analysi energi commod report servic worldwid juli compani announc new multi year multi million dollar agreement esri lead provid gi softwar deliveri global basemap product page outlook full year compani expect report gaap revenu growth approxim compar increas previou expect approxim growth includ impact certain non recur expens relat plan busi combin geoey compani expect achiev full year ebitda margin approxim incur capit expenditur approxim million expect ebitda margin total capit expenditur unchang prior expect abil rais revenu guidanc year maintain ebitda margin despit incur signific cost relat combin geoey testament strength model said yancey spruill chief financi,88bd4967be4e3161dd3ca50cec66af8c04320f9972862a32a378374e379b3624,,,,,,,missing_stock_history,2012
166,HEJFE-A5AE76F13A48C40F,92924,180029,DGI,2013-05-07 14:29:00,2013-05-07T20:02:00Z,2013-05-07,2013-05-07,True,A-EXACT,5580.0,-0.0022166879705992,0.6228956228956228,ex ex ex digitalglob report first quarter result revenu next twelv month revenu backlog geoey integr ahead plan oper expens synergi attain longmont colorado may digitalglob inc nyse dgi lead global provid high resolut earth imageri solut today report financi result quarter end march first quarter revenu million increas compar period last year compani report net loss first quarter million per dilut share compar net incom million per dilut share first quarter first quarter ebitda million includ quarter ebitda million one time expens relat combin geoey result ebitda includ combin relat expens million associ margin pleas success close combin geoey quarter track execut integr plan said jeffrey r tarr chief execut offic confid ever abil achiev percent ebitda margin six quarter deliv billion synergi taken togeth larger divers revenu base broader capabl abl offer custom well way toward aspir build global leader geospati inform insight recent busi highlight first quarter u govern revenu grew million compar first quarter driven increas revenu relat enhancedview servic level agreement five fold increas valu ad servic million compani receiv first full quarter revenu expand contract sign late nation geospati intellig agenc nga global enhanc geoint deliveri g egd program contract also increas scope egd make digitalglob imageri avail broader array us govern custom global januari compani complet multi year develop project deepli integr oper nga enabl digitalglob serv broader set mission requir us govern advanc goal enhancedview success revenu diversifi commerci grew million quarter compar first quarter growth continu strong among intern civil govern provid locat base servic industri vertic compani continu make inroad intern custom particularli strong growth asia middl east south america digitalglob deliv full russian countri base map russia new contract sign first quarter million squar kilomet repres percent earth landmass demonstr compani uniqu capabl deliv larg map current high qualiti imageri around world time basi first quarter digitalglob establish relationship consortium engin firm south america aid construct implement transit expressway system olymp provid bi monthli monitor refresh imageri area digitalglob help event driven infrastructur project aid brazil prepar host olymp world cup among custom industri vertic digitalglob work major intern oil compani provid elev oil spill analysi compani construct pipelin run environment impact analys among compani locat base servic custom digitalglob establish number new relationship grew extend two larg custom relationship fulli ramp servic custom sign earli first quarter compani next month backlog increas million year year demonstr compani continu,61d64ad1fb78596a19fb52ef48d45e5bfe659ad98e76f1235c97524d9b41ee4c,,,,,,,missing_stock_history,2013
167,HEJFE-A76C746507C0D9AF,92924,180029,DGI,2015-02-26 15:42:00,2015-02-26T21:02:00Z,2015-02-26,2015-02-26,True,A-EXACT,1200.0,-0.002004781329783,0.6116838487972509,ex ex digitalglob report fourth quarter full year result revenu ep record ebitda million deliv margin longmont colorado februari digitalglob inc nyse dgi lead global provid commerci high resolut earth observ advanc geospati solut today report financi result full year quarter end decemb fourth quarter financi summari revenu increas million net incom million net incom avail common sharehold million per dilut share us govern revenu increas million diversifi commerci revenu decreas million due million year year declin russia ebitda million yield margin free cash flow million yield free cash flow margin full year financi summari revenu increas million net incom million net incom avail common sharehold million per dilut share u govern revenu increas million diversifi commerci revenu increas year year million ebitda million yield margin adjust ebitda million yield margin recent oper highlight compani began recogn revenu enhancedview servic level agreement increas annual rate million million per quarter effect octob result success launch commiss worldview decemb digitalglob extend use live worldview worldview satellit respect year januari digitalglob announc gari w ferrera becom compani execut vice presid chief financi offic march decemb compani increas share repurchas author million million fourth quarter compani repurchas share stock million averag price full year compani repurchas share stock million averag price mileston year digitalglob mark transit period invest build world lead earth observ capabl new era growth margin expans free cash flow improv return said jeffrey r tarr ceo digitalglob acceler growth increas capac new product offer leverag data analyt uniqu geospati inform capabl also remain keenli focus drive oper effici order invest growth return capit shareown outlook revenu rang million million adjust ebitda rang million million capit expenditur approxim million confer call inform digitalglob manag host confer call today februari pm et discuss fourth quarter full year financi oper result confer call dial number follow uscanada dial intern dial passcod replay call avail march follow number uscanada dial intern dial passcod digitalglob also sponsor live archiv webcast confer call investor relat portion websit click directli access live webcast supplement earn materi includ confer call slide manag script avail investor relat section compani websit digitalglob digitalglob lead provid commerci high resolut earth observ advanc geospati solut help decis maker better understand chang planet order save live resourc time sourc world lead constel imageri solut deliv unmatch coverag capac meet custom demand mission requir day custom defens intellig public safeti civil agenc map make analysi,6a3d47f526825e8e5d57e2ed66364c160ebac64ffa5612316d0c4a0833162621,,,,,,,missing_stock_history,2015
168,HEJFE-C368B17FADFC15C7,93079,179957,ECHO,2013-04-25 14:14:00,2013-04-25T20:00:00Z,2013-04-25,2013-04-25,True,A-EXACT,6360.0,-0.0032933100997298,0.4674556213017751,ex ex echo global logist announc first quarter result chicago april echo global logist inc nasdaq echo lead provid technolog enabl transport suppli chain manag servic report today financi result quarter end march echo report total revenu million non gaap net incom million non gaap fulli dilut ep per share first quarter echo post doubl digit year year increas revenu non gaap net incom quarter comment doug waggon chief execut offic echo waggon ad consist growth indic invest make drive success marketplac first quarter highlight total revenu increas million first quarter non gaap oper incom increas million first quarter non gaap oper margin bp first quarter non gaap net incom increas million first quarter non gaap fulli dilut ep increas first quarter non gaap financi measur exclud effect chang conting consider payabl reconcili non gaap financi measur nearest compar gaap financi measur see reconcili gaap oper incom oper margin net incom fulli dilut ep includ releas summar financi result select oper metric follow three month end march amount except per share data chang unaudit revenu transact enterpris total revenu net revenu oper expens commiss sell gener administr depreci amort total oper expens non gaap oper incom expens non gaap incom tax incom tax non gaap net incom non gaap fulli dilut ep dilut share reconcili gaap oper incom oper margin net incom fulli dilut ep non gaap oper incom chang conting consider payabl oper incom non gaap oper margin bp effect chang conting consider payabl bp oper margin net revenu bp non gaap net incom chang conting consider payabl net tax effect net incom non gaap fulli dilut ep chang conting consider payabl net tax effect fulli dilut ep oper metric net revenu margin bp oper margin net revenu bp shipment volum total employe sale employe agent less truckload ltl revenu bp truckload tl revenu bp intermod revenu bp amount shown exclud effect chang conting consider payabl amount shown exclud tax effect chang conting consider payabl result driven combin invest peopl technolog acquisit enabl us rapidli expand capabl said dave menzel chief financi offic echo anticip invest drive futur revenu growth improv oper leverag second half busi outlook revenu growth rate first three week april approxim period prior year state waggon growth first part lower origin anticip due larg part believ sluggish overal econom climat reduc annual revenu guidanc rang million million full year fulli dilut non gaap ep rang,873900d0fa56d70b771497b8b766e6dcf6c8e7639795dc48aeaee00d027b8abd,2013-04-26,31.612642288208008,31.70988655090332,0.0030761194147819193,-0.0005773672055428003,0.0036534866203247196,ok_market_adjusted,2013
169,HEJFE-B04F1AF8B6E30A43,93095,180635,CLD,2015-02-17 15:35:00,2015-02-17T21:10:00Z,2015-02-17,2015-02-17,True,A-EXACT,2100.0,-0.0004464948175661,0.3581560283687943,ex ex immedi releas februari contact cloud peak energi inc karla kimrey vice presid investor relat cloud peak energi inc announc result fourth quarter full year gillett wyo februari cloud peak energi inc nyse cld one largest us coal produc pure play powder river basin prb coal compani today announc result fourth quarter full year quarter end year end million except per share per ton amount adjust ebitda net incom adjust ep dilut ep averag cost per ton sold shipment own oper mine ton asian export ton non gaap financi measur pleas see definit reconcili releas attach tabl highlight recent develop adjust ebitda million compar million fourth quarter adjust ebitda million compar million improv shipment fourth quarter million ton result full year shipment million ton mine oper abl increas product rail servic improv oper cost control result reduct full year cost per ton fourth quarter cost per ton compar avail liquid million includ cash invest million decemb cash flow oper total million complet transact strengthen balanc sheet improv long term cash flow enhanc export opportun reduc long term debt million refinanc million senior note favor interest rate extend matur enter new five year million revolv credit facil matur februari subsequ amend revolv credit facil relax certain financi coven includ net secur leverag ratio net cash interest expens coverag ratio secur approv wyom depart environment qualiti releas self bond million reclam sureti bond termin tax receiv agreement tra rio tinto extinguish undiscount liabil million payment million result pre tax gain million divest percent share decker mine reduc asset retir liabil million receiv option million ton export capac propos millennium bulk termin result pre tax gain million increas commit export capac fulli util westshor termin lowest cost two exist cape size port pacif northwest prb export asia colin marshal presid chief execut offic comment pleas financi oper perform year face challeng extern environ particularli impress mine abil reduc cost control capit expenditur despit rail constraint reduc shipment throughout year result abl deliv adjust ebitda slightli updat third quarter guidanc finish year strong cash posit hold challeng us coal produc confid cloud peak energi well posit success navig environ health safeti record nearli full time mine site employe suffer report injuri result mine safeti health administr msha injuri frequenc rate aifr increas full year rate msha inspector day mine issu substanti signific citat fine total consolid busi result quarter end year end million,a1cd7d3d43306d9cf44ab50def3df7236bc711806370ab1523809d3da2fee39b,,,,,,,missing_stock_history,2015
170,HEJFE-DB1E964E02F5921F,93095,180635,CLD,2015-04-30 15:33:00,2015-04-30T20:10:00Z,2015-04-30,2015-04-30,True,A-EXACT,2220.0,0.0041739272380768,0.5679442508710801,ex ex immedi releas april contact cloud peak energi inc karla kimrey vice presid investor relat cloud peak energi inc announc result first quarter gillett wyo april cloud peak energi inc nyse cld one largest us coal produc pure play powder river basin prb coal compani today announc result first quarter first quarter highlight quarter end million except per ton amount adjust ebitda net incom loss realiz price per ton sold averag cost per ton sold shipment own oper mine ton asian export ton non gaap financi measur pleas see definit reconcili releas attach tabl first quarter adjust ebitda million compar million first quarter shipment first quarter million ton slightli cordero rojo mine transit lower product rate cost per ton reduc first quarter first quarter cost improv primarili due decreas percent diesel cost avail liquid million includ cash invest million march first quarter cash flow oper total million colin marshal presid chief execut offic comment pleas financi oper perform quarter mine oper well abl decreas cost control capit expenditur product declin given mild winter improv rail perform low natur ga price believ domest coal price remain subdu year intern price continu neg impact oversuppli also uncertainti chines thermal coal import cloud peak energi activ manag exposur tough market strong balanc sheet good oper believ help carri us cycl health safeti record first quarter approxim full time mine site employe five suffer report injuri result year date mine safeti health administr msha injuri frequenc rate aifr increas full year rate msha inspector day mine site first quarter issu three substanti signific citat fine due citat assess time consolid busi result quarter end million except per share amount total ton sold total revenu net incom loss adjust ebitda adjust ep ep non gaap financi measur pleas see definit reconcili releas attach tabl oper segment own oper mine own oper mine segment compris result mine site sale three own oper mine primarili domest util custom also logist relat activ segment quarter end million except per ton amount ton sold revenu realiz price per ton sold averag cost product sold per ton cash margin per ton sold adjust ebitda non gaap financi measur pleas see definit reconcili releas attach tabl first quarter domest coal shipment slightli due plan reduct cordero rojo mine mild winter weather mani custom locat low natur ga price improv rail perform allow util rebuild stockpil low natur ga price reduc,9bd8066fa437aa542d2626008745362154ae6d9adf462969048c8672198b3b1e,,,,,,,missing_stock_history,2015
171,HEJFE-5D222F0F8E0C77D0,93223,29887,TW,2015-05-04 15:47:00,2015-05-05T10:00:00Z,2015-05-05,2015-05-05,True,A-EXACT,51180.0,0.0120673558160735,0.4742268041237113,ex tower watson report strong third quarter earn revenu increas prior year third quarter constant currenc ebitda margin increas prior year third quarter adjust dilut earn per share prior year third quarter dilut earn per share prior year third quarter increas expect fiscal year adjust dilut ep rang maintain expect fiscal year revenu approxim billion arlington va busi wire may tower watson nasdaq tw lead global profession servic compani today announc financi result third quarter fiscal year end march total revenu million quarter increas constant currenc organ million third quarter fiscal ebitda third quarter fiscal million revenu versu adjust ebitda million revenu prior year third quarter incom continu oper third quarter fiscal million increas million prior year third quarter quarter dilut earn per share continu oper adjust dilut earn per share continu oper tax rate quarter continu oper compar prior year third quarter prior year third quarter tax rate benefit one time reserv adjust pleas third quarter result healthcar pension consult well pension administr drove revenu growth benefit segment talent reward deliv strongest quarter almost four year due high level global activ exchang solut continu exceed expect demand retire exchang healthcar administr remain strong said john haley tower watson chief execut offic fiscal year date result testament work ethic associ commit creat valu client factor critic continu focu build long term sustain earn growth third quarter compani highlight benefit quarter benefit segment revenu million decreas increas constant currenc million prior year third quarter retir mid singl digit constant currenc revenu growth led emea asia pacif time commiss valuat work drove growth emea increas consult work drove growth asia pacif region health group benefit low doubl digit constant currenc revenu growth due increas new plan manag client special project technolog administr solut constant currenc revenu growth mid singl digit due increas administr special project emea benefit segment net oper incom noi margin third quarter fiscal exchang solut quarter exchang solut segment revenu million increas increas constant currenc million prior year third quarter retire access exchang revenu increas due strong enrol season grow membership base oneexchang activ revenu increas result annual enrol season health welfar administr revenu increas due expand client base strong demand special project exchang solut segment noi margin third quarter fiscal second half fiscal year season stronger due time enrol risk financi servic quarter risk financi servic segment revenu million decreas decreas constant currenc million prior year third quarter,7a968feeb6c23b6165d2a25dde373ef3d4e73b83409e1f59ea6cbb6ad42527f6,,,,,,,missing_stock_history,2015
172,HEJFE-E342F6A93B35E012,93246,183736,GNRC,2015-02-10 15:52:00,2015-02-11T11:00:00Z,2015-02-11,2015-02-11,True,A-EXACT,50880.0,0.0109268565943126,0.5307017543859649,ex ex ex generac report fourth quarter full year result home standbi shipment exceed intern expect drive sequenti quarterli sale improv residenti product increas sale ci product diversifi businesswaukesha wisconsin februari generac hold inc nyse gnrc compani lead design manufactur power gener equip engin power product today report financi result fourth quarter full year end decemb addit compani initi outlook fourth quarter highlight net sale increas million compar million prior year fourth quarter commerci industri ci product sale increas million compar million fourth quarter increas sale primarili driven strength oil ga market contribut recent acquisit partial offset declin shipment certain telecom custom residenti product sale declin slightli million million fourth quarter current year quarter face strong prior year comparison still benefit afterglow period demand superstorm sandi residenti product sale fourth quarter improv sequenti basi million third quarter net incom fourth quarter million per share compar million per share period adjust net incom defin accompani reconcili schedul million per share compar million per share fourth quarter adjust ebitda defin accompani reconcili schedul million compar million fourth quarter last year cash flow oper fourth quarter million compar million prior year quarter free cash flow defin accompani reconcili schedul quarterli record million compar million fourth quarter total liquid decemb strong cash cash equival million approxim million avail compani abl revolv credit facil total net debt adjust ebitda defin accompani reconcili schedul end fourth quarter time full year highlight net sale billion compar billion residenti product sale million compar million prior year prior year benefit approxim million increment shipment result satisfi extend lead time result superstorm sandi repeat exclud benefit prior year residenti product sale increas approxim commerci industri product sale increas million compar million increas primarili due contribut recent acquisit along strength oil ga market partial offset reduc capit spend certain telecom custom overal soft within latin america net incom million per share compar million per share adjust net incom million per share compar million per share adjust ebitda million compar million last year cash flow oper million compar million prior year free cash flow million compar million compani acquir pramac america llc earli septemb result ownership powerm trade name right licens dewalt brand name certain residenti engin power tool addit compani acquir mac inc relat entiti earli octob lead manufactur premium grade commerci industri mobil heater within us canada use cash includ million capit expenditur million relat acquisit million pre payment term,9fffe9bc96e8018f6ecf7a0d237acbde3ae2e034dbf0a86a427d21f4d81539de,2015-02-12,49.33000183105469,49.599998474121094,0.0054732745397230165,0.0049365677583737,0.0005367067813493165,ok_market_adjusted,2015
173,HEJFE-DC002D2C6C767277,93323,175087,MUSA,2011-10-20 15:48:00,2011-10-20T21:09:00Z,2011-10-20,2011-10-20,True,A-EXACT,4860.0,0.0020428213901544,0.5140562248995983,ex press releas press releas immedi releas press releas contact robert mcpherson sr vice presid cfo metal usa hold corp metal usa report third quarter ep revenu million octob fort lauderdal florida metal usa hold corp nyse musa today report result three nine month end septemb net sale third quarter million net sale million third quarter net incom third quarter million compar net incom million third quarter earn per dilut share ep third quarter compar third quarter net sale first nine month million net sale million first nine month net incom first nine month million compar net incom million nine month end septemb ep first nine month compar first nine month metal shipment ton third quarter metal shipment ton third quarter metal shipment first nine month ton compar metal shipment ton first nine month toll process tonnag ton third quarter compar ton third quarter toll process tonnag ton first nine month compar ton first nine month lourenco goncalv compani chairman presid ceo state third quarter result confirm succeed plan make metal usa effici compani servic center industri oper mental constantli go profit busi regardless econom headwind shift busi support market well growth automot energi lawn garden heavi equip agricultur name contribut offset end market continu struggl recess overhang non residenti construct mr goncalv ad continu build busi front acquir compani deliv strong result averag ebitda margin plan equal import continu success exploit opportun gain market share present mr goncalv conclud busi condit last three month stabl consist earlier quarter year inventori throughout suppli chain remain modest mill lead time extend time see issu beyond season pattern suggest fourth quarter demand metal usa chang appreci recent quarter adjust ebitda defin calcul accompani tabl non gaap financi measur use metal usa lender evalu perform busi million third quarter compani adjust ebitda million third quarter first nine month adjust ebitda million compar million first nine month metal usa million drawn asset base credit facil septemb excess avail million net debt defin total outstand debt less cash increas million quarter million septemb net cash use oper activ third quarter million capit expenditur million three month end septemb million first nine month confer call webcast metal usa schedul confer call friday octob eastern time anyon interest hear call live may gain access via compani websit replay call avail approxim two hour live broadcast end avail approxim decemb access replay dial enter pass code metal usa,c5c2ee246e354a2144cf79748a42cb958da5c620a209669f151069578afa92c6,,,,,,,next_session_gap_too_large,2011
174,HEJFE-51F3066EAC9B8138,93323,175087,MUSA,2012-01-26 12:21:00,2012-01-26T21:05:00Z,2012-01-26,2012-01-26,True,A-EXACT,13440.0,0.0115755313028471,0.5283018867924528,ex ex ex press releas contact robert mcpherson sr vice presid cfo metal usa hold corp immedi releas metal usa report fiscal ep revenu billion januari fort lauderdal florida metal usa hold corp nyse musa today report result three twelv month end decemb net sale fourth quarter million increas net sale million fourth quarter net incom fourth quarter million compar net incom million fourth quarter earn per dilut share ep fourth quarter compar fourth quarter net sale fiscal year billion increas net sale billion fiscal year net incom fiscal year million compar net incom million fiscal year fiscal year ep compar fiscal year metal shipment fourth quarter ton increas metal shipment ton fourth quarter metal shipment fiscal year ton compar metal shipment ton fiscal year toll process tonnag ton fourth quarter compar ton fourth quarter toll process tonnag ton fiscal year compar ton fiscal year lourenco goncalv compani chairman presid ceo state result clear demonstr metal usa abl consist gener strong profit even less ideal busi condit fourth quarter differ metal usa deliv great result plan dilig work environ best character slow econom recoveri inconsist metal price direct metal usa strengthen busi establish custom develop relationship new custom expand market reach mr goncalv conclud first quarter demand look solid current price trend favor believ domest steel consumpt growth outpac gdp growth adjust ebitda defin calcul accompani tabl non gaap financi measur use metal usa lender evalu perform busi million fourth quarter increas million compar compani adjust ebitda million fourth quarter compani record adjust ebitda million fiscal year compar million fiscal year compani million drawn asset base credit facil decemb excess avail million net debt non gaap measur defin total outstand debt minu cash decreas million quarter million decemb view along gaap balanc sheet measur believ net debt use measur financi posit net cash use oper activ million capit expenditur million confer call webcast metal usa schedul confer call friday januari eastern time anyon interest hear call live may gain access via compani websit replay call avail approxim two hour live broadcast end avail approxim march access replay dial enter pass code metal usa metal usa provid wide rang product servic heavi carbon steel flat roll steel non ferrou metal build product market inform visit compani websit inform contain releas limit compani encourag interest parti read compani annual report form k quarterli report form report statement materi file secur exchang commiss,4c48c9e525cb3daa10a6f731f46499bca3215f32e635b2ee8c4c363c2e2f0cbf,,,,,,,next_session_gap_too_large,2012
