source_trade_row,treated_PERMNO,candidate_PERMNO,candidate_SYMBOL,date,status,used_soft_for_selection,used_text_for_selection,balance_verified,canonical_g5_credit
1,10145,13901,MO,2012-01-27,CANDIDATE_ONLY_NOT_G5_MATCHED,False,False,False,0
1,10145,14541,CVX,2012-01-27,CANDIDATE_ONLY_NOT_G5_MATCHED,False,False,False,0
1,10145,18163,PG,2012-01-27,CANDIDATE_ONLY_NOT_G5_MATCHED,False,False,False,0
1,10145,24205,NEE,2012-01-27,CANDIDATE_ONLY_NOT_G5_MATCHED,False,False,False,0
1,10145,60468,GHM,2012-01-27,CANDIDATE_ONLY_NOT_G5_MATCHED,False,False,False,0
1,10145,60986,NWL,2012-01-27,CANDIDATE_ONLY_NOT_G5_MATCHED,False,False,False,0
1,10145,83120,CMCO,2012-01-27,CANDIDATE_ONLY_NOT_G5_MATCHED,False,False,False,0
1,10145,84389,SCBT,2012-01-27,CANDIDATE_ONLY_NOT_G5_MATCHED,False,False,False,0
1,10145,91195,CPX,2012-01-27,CANDIDATE_ONLY_NOT_G5_MATCHED,False,False,False,0
2,10606,11891,MGM,2015-02-17,CANDIDATE_ONLY_NOT_G5_MATCHED,False,False,False,0
2,10606,16432,GT,2015-02-17,CANDIDATE_ONLY_NOT_G5_MATCHED,False,False,False,0
2,10606,23026,FE,2015-02-17,CANDIDATE_ONLY_NOT_G5_MATCHED,False,False,False,0
2,10606,42286,WWW,2015-02-17,CANDIDATE_ONLY_NOT_G5_MATCHED,False,False,False,0
2,10606,46674,GPC,2015-02-17,CANDIDATE_ONLY_NOT_G5_MATCHED,False,False,False,0
2,10606,48347,LZB,2015-02-17,CANDIDATE_ONLY_NOT_G5_MATCHED,False,False,False,0
2,10606,58771,RBC,2015-02-17,CANDIDATE_ONLY_NOT_G5_MATCHED,False,False,False,0
2,10606,63335,PES,2015-02-17,CANDIDATE_ONLY_NOT_G5_MATCHED,False,False,False,0
2,10606,80128,VMI,2015-02-17,CANDIDATE_ONLY_NOT_G5_MATCHED,False,False,False,0
2,10606,81678,LECO,2015-02-17,CANDIDATE_ONLY_NOT_G5_MATCHED,False,False,False,0
2,10606,82540,WLT,2015-02-17,CANDIDATE_ONLY_NOT_G5_MATCHED,False,False,False,0
2,10606,88203,VDSI,2015-02-17,CANDIDATE_ONLY_NOT_G5_MATCHED,False,False,False,0
2,10606,89509,XEC,2015-02-17,CANDIDATE_ONLY_NOT_G5_MATCHED,False,False,False,0
2,10606,92220,MASI,2015-02-17,CANDIDATE_ONLY_NOT_G5_MATCHED,False,False,False,0
2,10606,92765,RAX,2015-02-17,CANDIDATE_ONLY_NOT_G5_MATCHED,False,False,False,0
2,10606,93174,KAR,2015-02-17,CANDIDATE_ONLY_NOT_G5_MATCHED,False,False,False,0
3,11547,10107,MSFT,2011-04-28,CANDIDATE_ONLY_NOT_G5_MATCHED,False,False,False,0
3,11547,10693,HLS,2011-04-28,CANDIDATE_ONLY_NOT_G5_MATCHED,False,False,False,0
3,11547,11478,BRY,2011-04-28,CANDIDATE_ONLY_NOT_G5_MATCHED,False,False,False,0
3,11547,11754,EK,2011-04-28,CANDIDATE_ONLY_NOT_G5_MATCHED,False,False,False,0
3,11547,11850,XOM,2011-04-28,CANDIDATE_ONLY_NOT_G5_MATCHED,False,False,False,0
3,11547,11955,WM,2011-04-28,CANDIDATE_ONLY_NOT_G5_MATCHED,False,False,False,0
3,11547,13610,OLN,2011-04-28,CANDIDATE_ONLY_NOT_G5_MATCHED,False,False,False,0
3,11547,17961,BGG,2011-04-28,CANDIDATE_ONLY_NOT_G5_MATCHED,False,False,False,0
3,11547,18163,PG,2011-04-28,CANDIDATE_ONLY_NOT_G5_MATCHED,False,False,False,0
3,11547,18649,BCO,2011-04-28,CANDIDATE_ONLY_NOT_G5_MATCHED,False,False,False,0
3,11547,18729,CL,2011-04-28,CANDIDATE_ONLY_NOT_G5_MATCHED,False,False,False,0
3,11547,21371,CAH,2011-04-28,CANDIDATE_ONLY_NOT_G5_MATCHED,False,False,False,0
3,11547,21573,IP,2011-04-28,CANDIDATE_ONLY_NOT_G5_MATCHED,False,False,False,0
3,11547,22779,MSI,2011-04-28,CANDIDATE_ONLY_NOT_G5_MATCHED,False,False,False,0
3,11547,22859,DPL,2011-04-28,CANDIDATE_ONLY_NOT_G5_MATCHED,False,False,False,0
3,11547,23229,CMS,2011-04-28,CANDIDATE_ONLY_NOT_G5_MATCHED,False,False,False,0
3,11547,23931,XEL,2011-04-28,CANDIDATE_ONLY_NOT_G5_MATCHED,False,False,False,0
3,11547,24328,EQT,2011-04-28,CANDIDATE_ONLY_NOT_G5_MATCHED,False,False,False,0
3,11547,24942,RTN,2011-04-28,CANDIDATE_ONLY_NOT_G5_MATCHED,False,False,False,0
3,11547,27422,CLF,2011-04-28,CANDIDATE_ONLY_NOT_G5_MATCHED,False,False,False,0
3,11547,27684,AVT,2011-04-28,CANDIDATE_ONLY_NOT_G5_MATCHED,False,False,False,0
3,11547,34673,NR,2011-04-28,CANDIDATE_ONLY_NOT_G5_MATCHED,False,False,False,0
3,11547,34833,OXY,2011-04-28,CANDIDATE_ONLY_NOT_G5_MATCHED,False,False,False,0
3,11547,38149,BYI,2011-04-28,CANDIDATE_ONLY_NOT_G5_MATCHED,False,False,False,0
3,11547,39087,S,2011-04-28,CANDIDATE_ONLY_NOT_G5_MATCHED,False,False,False,0
3,11547,39490,APA,2011-04-28,CANDIDATE_ONLY_NOT_G5_MATCHED,False,False,False,0
3,11547,42024,OMX,2011-04-28,CANDIDATE_ONLY_NOT_G5_MATCHED,False,False,False,0
3,11547,42140,PNK,2011-04-28,CANDIDATE_ONLY_NOT_G5_MATCHED,False,False,False,0
3,11547,43481,SXI,2011-04-28,CANDIDATE_ONLY_NOT_G5_MATCHED,False,False,False,0
3,11547,44134,KMT,2011-04-28,CANDIDATE_ONLY_NOT_G5_MATCHED,False,False,False,0
3,11547,45655,CDI,2011-04-28,CANDIDATE_ONLY_NOT_G5_MATCHED,False,False,False,0
3,11547,45728,IVC,2011-04-28,CANDIDATE_ONLY_NOT_G5_MATCHED,False,False,False,0
3,11547,45911,SWKS,2011-04-28,CANDIDATE_ONLY_NOT_G5_MATCHED,False,False,False,0
3,11547,46886,KLAC,2011-04-28,CANDIDATE_ONLY_NOT_G5_MATCHED,False,False,False,0
3,11547,47706,FSS,2011-04-28,CANDIDATE_ONLY_NOT_G5_MATCHED,False,False,False,0
3,11547,48523,LANC,2011-04-28,CANDIDATE_ONLY_NOT_G5_MATCHED,False,False,False,0
3,11547,51263,MTW,2011-04-28,CANDIDATE_ONLY_NOT_G5_MATCHED,False,False,False,0
3,11547,51960,MXWL,2011-04-28,CANDIDATE_ONLY_NOT_G5_MATCHED,False,False,False,0
3,11547,53065,IPG,2011-04-28,CANDIDATE_ONLY_NOT_G5_MATCHED,False,False,False,0
3,11547,53480,MCRS,2011-04-28,CANDIDATE_ONLY_NOT_G5_MATCHED,False,False,False,0
3,11547,54148,PHM,2011-04-28,CANDIDATE_ONLY_NOT_G5_MATCHED,False,False,False,0
3,11547,54253,MSA,2011-04-28,CANDIDATE_ONLY_NOT_G5_MATCHED,False,False,False,0
3,11547,55597,MTRN,2011-04-28,CANDIDATE_ONLY_NOT_G5_MATCHED,False,False,False,0
3,11547,56040,NAFC,2011-04-28,CANDIDATE_ONLY_NOT_G5_MATCHED,False,False,False,0
3,11547,57568,BLL,2011-04-28,CANDIDATE_ONLY_NOT_G5_MATCHED,False,False,False,0
3,11547,59396,ORI,2011-04-28,CANDIDATE_ONLY_NOT_G5_MATCHED,False,False,False,0
3,11547,60943,LEG,2011-04-28,CANDIDATE_ONLY_NOT_G5_MATCHED,False,False,False,0
3,11547,61743,DLX,2011-04-28,CANDIDATE_ONLY_NOT_G5_MATCHED,False,False,False,0
3,11547,61815,NBL,2011-04-28,CANDIDATE_ONLY_NOT_G5_MATCHED,False,False,False,0
3,11547,62498,WST,2011-04-28,CANDIDATE_ONLY_NOT_G5_MATCHED,False,False,False,0
3,11547,63079,KEG,2011-04-28,CANDIDATE_ONLY_NOT_G5_MATCHED,False,False,False,0
3,11547,63765,SWN,2011-04-28,CANDIDATE_ONLY_NOT_G5_MATCHED,False,False,False,0
3,11547,64936,D,2011-04-28,CANDIDATE_ONLY_NOT_G5_MATCHED,False,False,False,0
3,11547,70500,CCE,2011-04-28,CANDIDATE_ONLY_NOT_G5_MATCHED,False,False,False,0
3,11547,72696,SPF,2011-04-28,CANDIDATE_ONLY_NOT_G5_MATCHED,False,False,False,0
3,11547,75224,HAR,2011-04-28,CANDIDATE_ONLY_NOT_G5_MATCHED,False,False,False,0
3,11547,75526,AFAM,2011-04-28,CANDIDATE_ONLY_NOT_G5_MATCHED,False,False,False,0
3,11547,75603,CRUS,2011-04-28,CANDIDATE_ONLY_NOT_G5_MATCHED,False,False,False,0
3,11547,75860,IMGN,2011-04-28,CANDIDATE_ONLY_NOT_G5_MATCHED,False,False,False,0
3,11547,76185,TYL,2011-04-28,CANDIDATE_ONLY_NOT_G5_MATCHED,False,False,False,0
3,11547,76224,BHE,2011-04-28,CANDIDATE_ONLY_NOT_G5_MATCHED,False,False,False,0
3,11547,76230,TRMB,2011-04-28,CANDIDATE_ONLY_NOT_G5_MATCHED,False,False,False,0
3,11547,76624,PMCS,2011-04-28,CANDIDATE_ONLY_NOT_G5_MATCHED,False,False,False,0
3,11547,76714,RHB,2011-04-28,CANDIDATE_ONLY_NOT_G5_MATCHED,False,False,False,0
3,11547,77279,ABAX,2011-04-28,CANDIDATE_ONLY_NOT_G5_MATCHED,False,False,False,0
3,11547,77366,ELY,2011-04-28,CANDIDATE_ONLY_NOT_G5_MATCHED,False,False,False,0
3,11547,77461,VCI,2011-04-28,CANDIDATE_ONLY_NOT_G5_MATCHED,False,False,False,0
3,11547,77515,KOPN,2011-04-28,CANDIDATE_ONLY_NOT_G5_MATCHED,False,False,False,0
3,11547,77787,ZOLL,2011-04-28,CANDIDATE_ONLY_NOT_G5_MATCHED,False,False,False,0
3,11547,77917,ASGN,2011-04-28,CANDIDATE_ONLY_NOT_G5_MATCHED,False,False,False,0
3,11547,78015,MTX,2011-04-28,CANDIDATE_ONLY_NOT_G5_MATCHED,False,False,False,0
3,11547,78054,RIMG,2011-04-28,CANDIDATE_ONLY_NOT_G5_MATCHED,False,False,False,0
3,11547,78876,CRY,2011-04-28,CANDIDATE_ONLY_NOT_G5_MATCHED,False,False,False,0
3,11547,79116,TCBK,2011-04-28,CANDIDATE_ONLY_NOT_G5_MATCHED,False,False,False,0
3,11547,79248,ARGN,2011-04-28,CANDIDATE_ONLY_NOT_G5_MATCHED,False,False,False,0
3,11547,79336,LBY,2011-04-28,CANDIDATE_ONLY_NOT_G5_MATCHED,False,False,False,0
3,11547,79545,BWA,2011-04-28,CANDIDATE_ONLY_NOT_G5_MATCHED,False,False,False,0
3,11547,79686,DECK,2011-04-28,CANDIDATE_ONLY_NOT_G5_MATCHED,False,False,False,0
3,11547,79857,PTEN,2011-04-28,CANDIDATE_ONLY_NOT_G5_MATCHED,False,False,False,0
3,11547,79864,VSEC,2011-04-28,CANDIDATE_ONLY_NOT_G5_MATCHED,False,False,False,0
3,11547,79884,WMAR,2011-04-28,CANDIDATE_ONLY_NOT_G5_MATCHED,False,False,False,0
3,11547,79909,MHO,2011-04-28,CANDIDATE_ONLY_NOT_G5_MATCHED,False,False,False,0
3,11547,79977,HGSI,2011-04-28,CANDIDATE_ONLY_NOT_G5_MATCHED,False,False,False,0
3,11547,80080,EMN,2011-04-28,CANDIDATE_ONLY_NOT_G5_MATCHED,False,False,False,0
3,11547,80362,SCSC,2011-04-28,CANDIDATE_ONLY_NOT_G5_MATCHED,False,False,False,0
3,11547,80864,RS,2011-04-28,CANDIDATE_ONLY_NOT_G5_MATCHED,False,False,False,0
3,11547,81501,NATI,2011-04-28,CANDIDATE_ONLY_NOT_G5_MATCHED,False,False,False,0
3,11547,81857,CAM,2011-04-28,CANDIDATE_ONLY_NOT_G5_MATCHED,False,False,False,0
3,11547,82541,NMRX,2011-04-28,CANDIDATE_ONLY_NOT_G5_MATCHED,False,False,False,0
3,11547,82694,EME,2011-04-28,CANDIDATE_ONLY_NOT_G5_MATCHED,False,False,False,0
3,11547,82859,REV,2011-04-28,CANDIDATE_ONLY_NOT_G5_MATCHED,False,False,False,0
3,11547,83143,IRM,2011-04-28,CANDIDATE_ONLY_NOT_G5_MATCHED,False,False,False,0
3,11547,83291,ELNK,2011-04-28,CANDIDATE_ONLY_NOT_G5_MATCHED,False,False,False,0
3,11547,83366,CRR,2011-04-28,CANDIDATE_ONLY_NOT_G5_MATCHED,False,False,False,0
3,11547,83661,GWR,2011-04-28,CANDIDATE_ONLY_NOT_G5_MATCHED,False,False,False,0
3,11547,83799,STRA,2011-04-28,CANDIDATE_ONLY_NOT_G5_MATCHED,False,False,False,0
3,11547,84042,PAG,2011-04-28,CANDIDATE_ONLY_NOT_G5_MATCHED,False,False,False,0
3,11547,84168,IM,2011-04-28,CANDIDATE_ONLY_NOT_G5_MATCHED,False,False,False,0
3,11547,84210,FORR,2011-04-28,CANDIDATE_ONLY_NOT_G5_MATCHED,False,False,False,0
3,11547,84281,VPHM,2011-04-28,CANDIDATE_ONLY_NOT_G5_MATCHED,False,False,False,0
3,11547,84342,MWW,2011-04-28,CANDIDATE_ONLY_NOT_G5_MATCHED,False,False,False,0
3,11547,84372,NCR,2011-04-28,CANDIDATE_ONLY_NOT_G5_MATCHED,False,False,False,0
3,11547,84413,CERS,2011-04-28,CANDIDATE_ONLY_NOT_G5_MATCHED,False,False,False,0
3,11547,84737,GIFI,2011-04-28,CANDIDATE_ONLY_NOT_G5_MATCHED,False,False,False,0
3,11547,85020,PPBI,2011-04-28,CANDIDATE_ONLY_NOT_G5_MATCHED,False,False,False,0
3,11547,85077,SRT,2011-04-28,CANDIDATE_ONLY_NOT_G5_MATCHED,False,False,False,0
3,11547,85173,CSTR,2011-04-28,CANDIDATE_ONLY_NOT_G5_MATCHED,False,False,False,0
3,11547,85257,AME,2011-04-28,CANDIDATE_ONLY_NOT_G5_MATCHED,False,False,False,0
3,11547,85332,BHB,2011-04-28,CANDIDATE_ONLY_NOT_G5_MATCHED,False,False,False,0
3,11547,85517,CHH,2011-04-28,CANDIDATE_ONLY_NOT_G5_MATCHED,False,False,False,0
3,11547,85863,COLM,2011-04-28,CANDIDATE_ONLY_NOT_G5_MATCHED,False,False,False,0
3,11547,86047,AMKR,2011-04-28,CANDIDATE_ONLY_NOT_G5_MATCHED,False,False,False,0
3,11547,86102,FII,2011-04-28,CANDIDATE_ONLY_NOT_G5_MATCHED,False,False,False,0
3,11547,86168,GSIC,2011-04-28,CANDIDATE_ONLY_NOT_G5_MATCHED,False,False,False,0
3,11547,86228,RSG,2011-04-28,CANDIDATE_ONLY_NOT_G5_MATCHED,False,False,False,0
3,11547,86322,DRIV,2011-04-28,CANDIDATE_ONLY_NOT_G5_MATCHED,False,False,False,0
3,11547,86717,EPAY,2011-04-28,CANDIDATE_ONLY_NOT_G5_MATCHED,False,False,False,0
3,11547,86799,CNX,2011-04-28,CANDIDATE_ONLY_NOT_G5_MATCHED,False,False,False,0
3,11547,86822,EXTR,2011-04-28,CANDIDATE_ONLY_NOT_G5_MATCHED,False,False,False,0
3,11547,86889,NLS,2011-04-28,CANDIDATE_ONLY_NOT_G5_MATCHED,False,False,False,0
3,11547,86990,OPWV,2011-04-28,CANDIDATE_ONLY_NOT_G5_MATCHED,False,False,False,0
3,11547,87006,UTHR,2011-04-28,CANDIDATE_ONLY_NOT_G5_MATCHED,False,False,False,0
3,11547,87013,ARBA,2011-04-28,CANDIDATE_ONLY_NOT_G5_MATCHED,False,False,False,0
3,11547,87056,BMRN,2011-04-28,CANDIDATE_ONLY_NOT_G5_MATCHED,False,False,False,0
3,11547,87105,DSCM,2011-04-28,CANDIDATE_ONLY_NOT_G5_MATCHED,False,False,False,0
3,11547,87146,NST,2011-04-28,CANDIDATE_ONLY_NOT_G5_MATCHED,False,False,False,0
3,11547,87179,NTCT,2011-04-28,CANDIDATE_ONLY_NOT_G5_MATCHED,False,False,False,0
3,11547,87236,INAP,2011-04-28,CANDIDATE_ONLY_NOT_G5_MATCHED,False,False,False,0
3,11547,87373,ALSK,2011-04-28,CANDIDATE_ONLY_NOT_G5_MATCHED,False,False,False,0
3,11547,87785,ITMN,2011-04-28,CANDIDATE_ONLY_NOT_G5_MATCHED,False,False,False,0
3,11547,88504,BRKR,2011-04-28,CANDIDATE_ONLY_NOT_G5_MATCHED,False,False,False,0
3,11547,88511,CRIS,2011-04-28,CANDIDATE_ONLY_NOT_G5_MATCHED,False,False,False,0
3,11547,88564,RTIX,2011-04-28,CANDIDATE_ONLY_NOT_G5_MATCHED,False,False,False,0
3,11547,88615,GB,2011-04-28,CANDIDATE_ONLY_NOT_G5_MATCHED,False,False,False,0
3,11547,88784,ADLR,2011-04-28,CANDIDATE_ONLY_NOT_G5_MATCHED,False,False,False,0
3,11547,88845,AET,2011-04-28,CANDIDATE_ONLY_NOT_G5_MATCHED,False,False,False,0
3,11547,89029,MOSY,2011-04-28,CANDIDATE_ONLY_NOT_G5_MATCHED,False,False,False,0
3,11547,89036,BABY,2011-04-28,CANDIDATE_ONLY_NOT_G5_MATCHED,False,False,False,0
3,11547,89048,AIQ,2011-04-28,CANDIDATE_ONLY_NOT_G5_MATCHED,False,False,False,0
3,11547,89070,ZMH,2011-04-28,CANDIDATE_ONLY_NOT_G5_MATCHED,False,False,False,0
3,11547,89099,FALC,2011-04-28,CANDIDATE_ONLY_NOT_G5_MATCHED,False,False,False,0
3,11547,89142,SURW,2011-04-28,CANDIDATE_ONLY_NOT_G5_MATCHED,False,False,False,0
3,11547,89213,WOOF,2011-04-28,CANDIDATE_ONLY_NOT_G5_MATCHED,False,False,False,0
3,11547,89252,FVE,2011-04-28,CANDIDATE_ONLY_NOT_G5_MATCHED,False,False,False,0
3,11547,89394,OSTK,2011-04-28,CANDIDATE_ONLY_NOT_G5_MATCHED,False,False,False,0
3,11547,89409,RGC,2011-04-28,CANDIDATE_ONLY_NOT_G5_MATCHED,False,False,False,0
3,11547,89419,PACR,2011-04-28,CANDIDATE_ONLY_NOT_G5_MATCHED,False,False,False,0
3,11547,89502,GPRO,2011-04-28,CANDIDATE_ONLY_NOT_G5_MATCHED,False,False,False,0
3,11547,89530,TAYC,2011-04-28,CANDIDATE_ONLY_NOT_G5_MATCHED,False,False,False,0
3,11547,89626,CME,2011-04-28,CANDIDATE_ONLY_NOT_G5_MATCHED,False,False,False,0
3,11547,89642,BBNK,2011-04-28,CANDIDATE_ONLY_NOT_G5_MATCHED,False,False,False,0
3,11547,89653,PFS,2011-04-28,CANDIDATE_ONLY_NOT_G5_MATCHED,False,False,False,0
3,11547,89685,NIHD,2011-04-28,CANDIDATE_ONLY_NOT_G5_MATCHED,False,False,False,0
3,11547,89799,MNRK,2011-04-28,CANDIDATE_ONLY_NOT_G5_MATCHED,False,False,False,0
3,11547,89800,NTGR,2011-04-28,CANDIDATE_ONLY_NOT_G5_MATCHED,False,False,False,0
3,11547,89876,CRI,2011-04-28,CANDIDATE_ONLY_NOT_G5_MATCHED,False,False,False,0
3,11547,89922,TSRA,2011-04-28,CANDIDATE_ONLY_NOT_G5_MATCHED,False,False,False,0
3,11547,90020,AACC,2011-04-28,CANDIDATE_ONLY_NOT_G5_MATCHED,False,False,False,0
3,11547,90200,CAB,2011-04-28,CANDIDATE_ONLY_NOT_G5_MATCHED,False,False,False,0
3,11547,90213,MGI,2011-04-28,CANDIDATE_ONLY_NOT_G5_MATCHED,False,False,False,0
3,11547,90354,OCLR,2011-04-28,CANDIDATE_ONLY_NOT_G5_MATCHED,False,False,False,0
3,11547,90377,NANO,2011-04-28,CANDIDATE_ONLY_NOT_G5_MATCHED,False,False,False,0
3,11547,90404,CLMS,2011-04-28,CANDIDATE_ONLY_NOT_G5_MATCHED,False,False,False,0
3,11547,90455,MPWR,2011-04-28,CANDIDATE_ONLY_NOT_G5_MATCHED,False,False,False,0
3,11547,90535,DLLR,2011-04-28,CANDIDATE_ONLY_NOT_G5_MATCHED,False,False,False,0
3,11547,90536,GFIG,2011-04-28,CANDIDATE_ONLY_NOT_G5_MATCHED,False,False,False,0
3,11547,90605,UACL,2011-04-28,CANDIDATE_ONLY_NOT_G5_MATCHED,False,False,False,0
3,11547,90756,OSK,2011-04-28,CANDIDATE_ONLY_NOT_G5_MATCHED,False,False,False,0
3,11547,90805,DISCA,2011-04-28,CANDIDATE_ONLY_NOT_G5_MATCHED,False,False,False,0
3,11547,90814,HITT,2011-04-28,CANDIDATE_ONLY_NOT_G5_MATCHED,False,False,False,0
3,11547,90831,DRC,2011-04-28,CANDIDATE_ONLY_NOT_G5_MATCHED,False,False,False,0
3,11547,90874,TRLG,2011-04-28,CANDIDATE_ONLY_NOT_G5_MATCHED,False,False,False,0
3,11547,90925,FNF,2011-04-28,CANDIDATE_ONLY_NOT_G5_MATCHED,False,False,False,0
3,11547,90951,HERO,2011-04-28,CANDIDATE_ONLY_NOT_G5_MATCHED,False,False,False,0
3,11547,90952,ISBC,2011-04-28,CANDIDATE_ONLY_NOT_G5_MATCHED,False,False,False,0
3,11547,90953,LEGC,2011-04-28,CANDIDATE_ONLY_NOT_G5_MATCHED,False,False,False,0
3,11547,91063,VIAB,2011-04-28,CANDIDATE_ONLY_NOT_G5_MATCHED,False,False,False,0
3,11547,91066,VIA,2011-04-28,CANDIDATE_ONLY_NOT_G5_MATCHED,False,False,False,0
3,11547,91090,CROX,2011-04-28,CANDIDATE_ONLY_NOT_G5_MATCHED,False,False,False,0
3,11547,91113,HS,2011-04-28,CANDIDATE_ONLY_NOT_G5_MATCHED,False,False,False,0
3,11547,91143,NYX,2011-04-28,CANDIDATE_ONLY_NOT_G5_MATCHED,False,False,False,0
3,11547,91207,HOT,2011-04-28,CANDIDATE_ONLY_NOT_G5_MATCHED,False,False,False,0
3,11547,91413,EVR,2011-04-28,CANDIDATE_ONLY_NOT_G5_MATCHED,False,False,False,0
3,11547,91514,VPFG,2011-04-28,CANDIDATE_ONLY_NOT_G5_MATCHED,False,False,False,0
3,11547,91578,KBW,2011-04-28,CANDIDATE_ONLY_NOT_G5_MATCHED,False,False,False,0
3,11547,91659,ALGT,2011-04-28,CANDIDATE_ONLY_NOT_G5_MATCHED,False,False,False,0
3,11547,91854,UFS,2011-04-28,CANDIDATE_ONLY_NOT_G5_MATCHED,False,False,False,0
3,11547,91883,TWC,2011-04-28,CANDIDATE_ONLY_NOT_G5_MATCHED,False,False,False,0
3,11547,91889,BBND,2011-04-28,CANDIDATE_ONLY_NOT_G5_MATCHED,False,False,False,0
3,11547,92029,TRS,2011-04-28,CANDIDATE_ONLY_NOT_G5_MATCHED,False,False,False,0
3,11547,92172,DHX,2011-04-28,CANDIDATE_ONLY_NOT_G5_MATCHED,False,False,False,0
3,11547,92195,BNCL,2011-04-28,CANDIDATE_ONLY_NOT_G5_MATCHED,False,False,False,0
3,11547,92296,ATHN,2011-04-28,CANDIDATE_ONLY_NOT_G5_MATCHED,False,False,False,0
3,11547,92302,CTCT,2011-04-28,CANDIDATE_ONLY_NOT_G5_MATCHED,False,False,False,0
3,11547,92497,N,2011-04-28,CANDIDATE_ONLY_NOT_G5_MATCHED,False,False,False,0
3,11547,92522,DNBK,2011-04-28,CANDIDATE_ONLY_NOT_G5_MATCHED,False,False,False,0
3,11547,92640,FDML,2011-04-28,CANDIDATE_ONLY_NOT_G5_MATCHED,False,False,False,0
3,11547,92890,MJN,2011-04-28,CANDIDATE_ONLY_NOT_G5_MATCHED,False,False,False,0
3,11547,93015,ART,2011-04-28,CANDIDATE_ONLY_NOT_G5_MATCHED,False,False,False,0
3,11547,93247,GRM,2011-04-28,CANDIDATE_ONLY_NOT_G5_MATCHED,False,False,False,0
3,11547,93272,CALX,2011-04-28,CANDIDATE_ONLY_NOT_G5_MATCHED,False,False,False,0
3,11547,93289,MXL,2011-04-28,CANDIDATE_ONLY_NOT_G5_MATCHED,False,False,False,0
3,11547,93301,AVEO,2011-04-28,CANDIDATE_ONLY_NOT_G5_MATCHED,False,False,False,0
4,11599,10308,TMP,2013-04-26,CANDIDATE_ONLY_NOT_G5_MATCHED,False,False,False,0
4,11599,11628,CPF,2013-04-26,CANDIDATE_ONLY_NOT_G5_MATCHED,False,False,False,0
4,11599,11674,DTE,2013-04-26,CANDIDATE_ONLY_NOT_G5_MATCHED,False,False,False,0
4,11599,12660,GNC,2013-04-26,CANDIDATE_ONLY_NOT_G5_MATCHED,False,False,False,0
4,11599,14541,CVX,2013-04-26,CANDIDATE_ONLY_NOT_G5_MATCHED,False,False,False,0
4,11599,16432,GT,2013-04-26,CANDIDATE_ONLY_NOT_G5_MATCHED,False,False,False,0
4,11599,19721,VVI,2013-04-26,CANDIDATE_ONLY_NOT_G5_MATCHED,False,False,False,0
4,11599,24109,AEP,2013-04-26,CANDIDATE_ONLY_NOT_G5_MATCHED,False,False,False,0
4,11599,39693,B,2013-04-26,CANDIDATE_ONLY_NOT_G5_MATCHED,False,False,False,0
4,11599,43553,VFC,2013-04-26,CANDIDATE_ONLY_NOT_G5_MATCHED,False,False,False,0
4,11599,75860,IMGN,2013-04-26,CANDIDATE_ONLY_NOT_G5_MATCHED,False,False,False,0
4,11599,78156,HMSY,2013-04-26,CANDIDATE_ONLY_NOT_G5_MATCHED,False,False,False,0
4,11599,79839,ITRI,2013-04-26,CANDIDATE_ONLY_NOT_G5_MATCHED,False,False,False,0
4,11599,84032,NOV,2013-04-26,CANDIDATE_ONLY_NOT_G5_MATCHED,False,False,False,0
4,11599,84389,SCBT,2013-04-26,CANDIDATE_ONLY_NOT_G5_MATCHED,False,False,False,0
4,11599,84737,GIFI,2013-04-26,CANDIDATE_ONLY_NOT_G5_MATCHED,False,False,False,0
4,11599,86899,LPNT,2013-04-26,CANDIDATE_ONLY_NOT_G5_MATCHED,False,False,False,0
4,11599,90825,ACCO,2013-04-26,CANDIDATE_ONLY_NOT_G5_MATCHED,False,False,False,0
5,11896,10302,CY,2012-01-26,CANDIDATE_ONLY_NOT_G5_MATCHED,False,False,False,0
5,11896,10397,WERN,2012-01-26,CANDIDATE_ONLY_NOT_G5_MATCHED,False,False,False,0
5,11896,11369,UBSI,2012-01-26,CANDIDATE_ONLY_NOT_G5_MATCHED,False,False,False,0
5,11896,11664,GDOT,2012-01-26,CANDIDATE_ONLY_NOT_G5_MATCHED,False,False,False,0
5,11896,18729,CL,2012-01-26,CANDIDATE_ONLY_NOT_G5_MATCHED,False,False,False,0
5,11896,20618,CRS,2012-01-26,CANDIDATE_ONLY_NOT_G5_MATCHED,False,False,False,0
5,11896,22592,MMM,2012-01-26,CANDIDATE_ONLY_NOT_G5_MATCHED,False,False,False,0
5,11896,24328,EQT,2012-01-26,CANDIDATE_ONLY_NOT_G5_MATCHED,False,False,False,0
5,11896,27684,AVT,2012-01-26,CANDIDATE_ONLY_NOT_G5_MATCHED,False,False,False,0
5,11896,27887,BAX,2012-01-26,CANDIDATE_ONLY_NOT_G5_MATCHED,False,False,False,0
5,11896,32540,ELX,2012-01-26,CANDIDATE_ONLY_NOT_G5_MATCHED,False,False,False,0
5,11896,32942,HUBB,2012-01-26,CANDIDATE_ONLY_NOT_G5_MATCHED,False,False,False,0
5,11896,42877,JBHT,2012-01-26,CANDIDATE_ONLY_NOT_G5_MATCHED,False,False,False,0
5,11896,52090,MKC,2012-01-26,CANDIDATE_ONLY_NOT_G5_MATCHED,False,False,False,0
5,11896,56611,NPBC,2012-01-26,CANDIDATE_ONLY_NOT_G5_MATCHED,False,False,False,0
5,11896,61743,DLX,2012-01-26,CANDIDATE_ONLY_NOT_G5_MATCHED,False,False,False,0
5,11896,62383,RYL,2012-01-26,CANDIDATE_ONLY_NOT_G5_MATCHED,False,False,False,0
5,11896,64135,WMS,2012-01-26,CANDIDATE_ONLY_NOT_G5_MATCHED,False,False,False,0
5,11896,64961,QSII,2012-01-26,CANDIDATE_ONLY_NOT_G5_MATCHED,False,False,False,0
5,11896,66093,T,2012-01-26,CANDIDATE_ONLY_NOT_G5_MATCHED,False,False,False,0
5,11896,70308,ARG,2012-01-26,CANDIDATE_ONLY_NOT_G5_MATCHED,False,False,False,0
5,11896,75215,CSH,2012-01-26,CANDIDATE_ONLY_NOT_G5_MATCHED,False,False,False,0
5,11896,75603,CRUS,2012-01-26,CANDIDATE_ONLY_NOT_G5_MATCHED,False,False,False,0
5,11896,76207,ACAT,2012-01-26,CANDIDATE_ONLY_NOT_G5_MATCHED,False,False,False,0
5,11896,76708,DV,2012-01-26,CANDIDATE_ONLY_NOT_G5_MATCHED,False,False,False,0
5,11896,76711,RGS,2012-01-26,CANDIDATE_ONLY_NOT_G5_MATCHED,False,False,False,0
5,11896,77702,SBUX,2012-01-26,CANDIDATE_ONLY_NOT_G5_MATCHED,False,False,False,0
5,11896,80080,EMN,2012-01-26,CANDIDATE_ONLY_NOT_G5_MATCHED,False,False,False,0
5,11896,80223,BPFH,2012-01-26,CANDIDATE_ONLY_NOT_G5_MATCHED,False,False,False,0
5,11896,80266,QLGC,2012-01-26,CANDIDATE_ONLY_NOT_G5_MATCHED,False,False,False,0
5,11896,80362,SCSC,2012-01-26,CANDIDATE_ONLY_NOT_G5_MATCHED,False,False,False,0
5,11896,81541,MBFI,2012-01-26,CANDIDATE_ONLY_NOT_G5_MATCHED,False,False,False,0
5,11896,83738,CASS,2012-01-26,CANDIDATE_ONLY_NOT_G5_MATCHED,False,False,False,0
5,11896,84342,MWW,2012-01-26,CANDIDATE_ONLY_NOT_G5_MATCHED,False,False,False,0
5,11896,84827,RMBS,2012-01-26,CANDIDATE_ONLY_NOT_G5_MATCHED,False,False,False,0
5,11896,87013,ARBA,2012-01-26,CANDIDATE_ONLY_NOT_G5_MATCHED,False,False,False,0
5,11896,87146,NST,2012-01-26,CANDIDATE_ONLY_NOT_G5_MATCHED,False,False,False,0
5,11896,87162,FLWS,2012-01-26,CANDIDATE_ONLY_NOT_G5_MATCHED,False,False,False,0
5,11896,87445,TDY,2012-01-26,CANDIDATE_ONLY_NOT_G5_MATCHED,False,False,False,0
5,11896,87652,LNBB,2012-01-26,CANDIDATE_ONLY_NOT_G5_MATCHED,False,False,False,0
5,11896,88287,DLA,2012-01-26,CANDIDATE_ONLY_NOT_G5_MATCHED,False,False,False,0
5,11896,88313,JNS,2012-01-26,CANDIDATE_ONLY_NOT_G5_MATCHED,False,False,False,0
5,11896,89387,CPSI,2012-01-26,CANDIDATE_ONLY_NOT_G5_MATCHED,False,False,False,0
5,11896,89922,TSRA,2012-01-26,CANDIDATE_ONLY_NOT_G5_MATCHED,False,False,False,0
5,11896,89941,TZOO,2012-01-26,CANDIDATE_ONLY_NOT_G5_MATCHED,False,False,False,0
5,11896,90535,DLLR,2012-01-26,CANDIDATE_ONLY_NOT_G5_MATCHED,False,False,False,0
5,11896,90730,HBOS,2012-01-26,CANDIDATE_ONLY_NOT_G5_MATCHED,False,False,False,0
5,11896,91485,RVBD,2012-01-26,CANDIDATE_ONLY_NOT_G5_MATCHED,False,False,False,0
5,11896,91883,TWC,2012-01-26,CANDIDATE_ONLY_NOT_G5_MATCHED,False,False,False,0
5,11896,91901,GSIT,2012-01-26,CANDIDATE_ONLY_NOT_G5_MATCHED,False,False,False,0
5,11896,92018,RRR,2012-01-26,CANDIDATE_ONLY_NOT_G5_MATCHED,False,False,False,0
5,11896,92195,BNCL,2012-01-26,CANDIDATE_ONLY_NOT_G5_MATCHED,False,False,False,0
5,11896,92890,MJN,2012-01-26,CANDIDATE_ONLY_NOT_G5_MATCHED,False,False,False,0
5,11896,93015,ART,2012-01-26,CANDIDATE_ONLY_NOT_G5_MATCHED,False,False,False,0
6,12026,12340,TOWR,2015-02-12,CANDIDATE_ONLY_NOT_G5_MATCHED,False,False,False,0
6,12026,12477,WD,2015-02-12,CANDIDATE_ONLY_NOT_G5_MATCHED,False,False,False,0
6,12026,12660,GNC,2015-02-12,CANDIDATE_ONLY_NOT_G5_MATCHED,False,False,False,0
6,12026,13196,RLGT,2015-02-12,CANDIDATE_ONLY_NOT_G5_MATCHED,False,False,False,0
6,12026,13598,KRFT,2015-02-12,CANDIDATE_ONLY_NOT_G5_MATCHED,False,False,False,0
6,12026,13625,SSTK,2015-02-12,CANDIDATE_ONLY_NOT_G5_MATCHED,False,False,False,0
6,12026,17478,MHFI,2015-02-12,CANDIDATE_ONLY_NOT_G5_MATCHED,False,False,False,0
6,12026,26825,K,2015-02-12,CANDIDATE_ONLY_NOT_G5_MATCHED,False,False,False,0
6,12026,34673,NR,2015-02-12,CANDIDATE_ONLY_NOT_G5_MATCHED,False,False,False,0
6,12026,39490,APA,2015-02-12,CANDIDATE_ONLY_NOT_G5_MATCHED,False,False,False,0
6,12026,40416,AVP,2015-02-12,CANDIDATE_ONLY_NOT_G5_MATCHED,False,False,False,0
6,12026,40440,DBD,2015-02-12,CANDIDATE_ONLY_NOT_G5_MATCHED,False,False,False,0
6,12026,41187,HE,2015-02-12,CANDIDATE_ONLY_NOT_G5_MATCHED,False,False,False,0
6,12026,48531,LNCE,2015-02-12,CANDIDATE_ONLY_NOT_G5_MATCHED,False,False,False,0
6,12026,55212,SPW,2015-02-12,CANDIDATE_ONLY_NOT_G5_MATCHED,False,False,False,0
6,12026,70536,SIAL,2015-02-12,CANDIDATE_ONLY_NOT_G5_MATCHED,False,False,False,0
6,12026,76226,CBS,2015-02-12,CANDIDATE_ONLY_NOT_G5_MATCHED,False,False,False,0
6,12026,78977,JAH,2015-02-12,CANDIDATE_ONLY_NOT_G5_MATCHED,False,False,False,0
6,12026,79545,BWA,2015-02-12,CANDIDATE_ONLY_NOT_G5_MATCHED,False,False,False,0
6,12026,79758,BYD,2015-02-12,CANDIDATE_ONLY_NOT_G5_MATCHED,False,False,False,0
6,12026,82307,DVA,2015-02-12,CANDIDATE_ONLY_NOT_G5_MATCHED,False,False,False,0
6,12026,86228,RSG,2015-02-12,CANDIDATE_ONLY_NOT_G5_MATCHED,False,False,False,0
6,12026,86709,AMRI,2015-02-12,CANDIDATE_ONLY_NOT_G5_MATCHED,False,False,False,0
6,12026,88924,FLO,2015-02-12,CANDIDATE_ONLY_NOT_G5_MATCHED,False,False,False,0
6,12026,90110,HSP,2015-02-12,CANDIDATE_ONLY_NOT_G5_MATCHED,False,False,False,0
6,12026,90126,CYTK,2015-02-12,CANDIDATE_ONLY_NOT_G5_MATCHED,False,False,False,0
6,12026,90458,NWE,2015-02-12,CANDIDATE_ONLY_NOT_G5_MATCHED,False,False,False,0
6,12026,90547,ANR,2015-02-12,CANDIDATE_ONLY_NOT_G5_MATCHED,False,False,False,0
6,12026,90775,THS,2015-02-12,CANDIDATE_ONLY_NOT_G5_MATCHED,False,False,False,0
6,12026,91237,VG,2015-02-12,CANDIDATE_ONLY_NOT_G5_MATCHED,False,False,False,0
6,12026,92032,BIOD,2015-02-12,CANDIDATE_ONLY_NOT_G5_MATCHED,False,False,False,0
6,12026,92102,SCOR,2015-02-12,CANDIDATE_ONLY_NOT_G5_MATCHED,False,False,False,0
6,12026,93374,FAF,2015-02-12,CANDIDATE_ONLY_NOT_G5_MATCHED,False,False,False,0
6,12026,93434,SANW,2015-02-12,CANDIDATE_ONLY_NOT_G5_MATCHED,False,False,False,0
7,12049,10421,SKYW,2013-05-08,CANDIDATE_ONLY_NOT_G5_MATCHED,False,False,False,0
7,12049,11499,CECE,2013-05-08,CANDIDATE_ONLY_NOT_G5_MATCHED,False,False,False,0
7,12049,11884,IPAR,2013-05-08,CANDIDATE_ONLY_NOT_G5_MATCHED,False,False,False,0
7,12049,12051,IL,2013-05-08,CANDIDATE_ONLY_NOT_G5_MATCHED,False,False,False,0
7,12049,12477,WD,2013-05-08,CANDIDATE_ONLY_NOT_G5_MATCHED,False,False,False,0
7,12049,12573,ACRX,2013-05-08,CANDIDATE_ONLY_NOT_G5_MATCHED,False,False,False,0
7,12049,12583,PCRX,2013-05-08,CANDIDATE_ONLY_NOT_G5_MATCHED,False,False,False,0
7,12049,12797,SZYM,2013-05-08,CANDIDATE_ONLY_NOT_G5_MATCHED,False,False,False,0
7,12049,13108,GRPN,2013-05-08,CANDIDATE_ONLY_NOT_G5_MATCHED,False,False,False,0
7,12049,13244,MTDR,2013-05-08,CANDIDATE_ONLY_NOT_G5_MATCHED,False,False,False,0
7,12049,13298,MM,2013-05-08,CANDIDATE_ONLY_NOT_G5_MATCHED,False,False,False,0
7,12049,13367,TUMI,2013-05-08,CANDIDATE_ONLY_NOT_G5_MATCHED,False,False,False,0
7,12049,19828,WEN,2013-05-08,CANDIDATE_ONLY_NOT_G5_MATCHED,False,False,False,0
7,12049,24248,ALE,2013-05-08,CANDIDATE_ONLY_NOT_G5_MATCHED,False,False,False,0
7,12049,41187,HE,2013-05-08,CANDIDATE_ONLY_NOT_G5_MATCHED,False,False,False,0
7,12049,60599,CTL,2013-05-08,CANDIDATE_ONLY_NOT_G5_MATCHED,False,False,False,0
7,12049,60687,AFG,2013-05-08,CANDIDATE_ONLY_NOT_G5_MATCHED,False,False,False,0
7,12049,68145,NEON,2013-05-08,CANDIDATE_ONLY_NOT_G5_MATCHED,False,False,False,0
7,12049,71985,SPAR,2013-05-08,CANDIDATE_ONLY_NOT_G5_MATCHED,False,False,False,0
7,12049,75470,MIDD,2013-05-08,CANDIDATE_ONLY_NOT_G5_MATCHED,False,False,False,0
7,12049,76123,JOE,2013-05-08,CANDIDATE_ONLY_NOT_G5_MATCHED,False,False,False,0
7,12049,76127,TTI,2013-05-08,CANDIDATE_ONLY_NOT_G5_MATCHED,False,False,False,0
7,12049,76383,AVNR,2013-05-08,CANDIDATE_ONLY_NOT_G5_MATCHED,False,False,False,0
7,12049,77340,POWR,2013-05-08,CANDIDATE_ONLY_NOT_G5_MATCHED,False,False,False,0
7,12049,77515,KOPN,2013-05-08,CANDIDATE_ONLY_NOT_G5_MATCHED,False,False,False,0
7,12049,77780,CENT,2013-05-08,CANDIDATE_ONLY_NOT_G5_MATCHED,False,False,False,0
7,12049,78066,NAVB,2013-05-08,CANDIDATE_ONLY_NOT_G5_MATCHED,False,False,False,0
7,12049,78081,LGND,2013-05-08,CANDIDATE_ONLY_NOT_G5_MATCHED,False,False,False,0
7,12049,79490,FLL,2013-05-08,CANDIDATE_ONLY_NOT_G5_MATCHED,False,False,False,0
7,12049,79588,GMCR,2013-05-08,CANDIDATE_ONLY_NOT_G5_MATCHED,False,False,False,0
7,12049,79678,ATVI,2013-05-08,CANDIDATE_ONLY_NOT_G5_MATCHED,False,False,False,0
7,12049,80054,MED,2013-05-08,CANDIDATE_ONLY_NOT_G5_MATCHED,False,False,False,0
7,12049,80951,TESS,2013-05-08,CANDIDATE_ONLY_NOT_G5_MATCHED,False,False,False,0
7,12049,82266,CVO,2013-05-08,CANDIDATE_ONLY_NOT_G5_MATCHED,False,False,False,0
7,12049,83832,LVB,2013-05-08,CANDIDATE_ONLY_NOT_G5_MATCHED,False,False,False,0
7,12049,83834,WG,2013-05-08,CANDIDATE_ONLY_NOT_G5_MATCHED,False,False,False,0
7,12049,83883,BIOS,2013-05-08,CANDIDATE_ONLY_NOT_G5_MATCHED,False,False,False,0
7,12049,84052,ARQL,2013-05-08,CANDIDATE_ONLY_NOT_G5_MATCHED,False,False,False,0
7,12049,85291,GCOM,2013-05-08,CANDIDATE_ONLY_NOT_G5_MATCHED,False,False,False,0
7,12049,85686,DEPO,2013-05-08,CANDIDATE_ONLY_NOT_G5_MATCHED,False,False,False,0
7,12049,86158,CTSH,2013-05-08,CANDIDATE_ONLY_NOT_G5_MATCHED,False,False,False,0
7,12049,86560,ETM,2013-05-08,CANDIDATE_ONLY_NOT_G5_MATCHED,False,False,False,0
7,12049,87075,JCOM,2013-05-08,CANDIDATE_ONLY_NOT_G5_MATCHED,False,False,False,0
7,12049,87172,LIOX,2013-05-08,CANDIDATE_ONLY_NOT_G5_MATCHED,False,False,False,0
7,12049,87498,GKNT,2013-05-08,CANDIDATE_ONLY_NOT_G5_MATCHED,False,False,False,0
7,12049,88174,LPSN,2013-05-08,CANDIDATE_ONLY_NOT_G5_MATCHED,False,False,False,0
7,12049,88195,SGMO,2013-05-08,CANDIDATE_ONLY_NOT_G5_MATCHED,False,False,False,0
7,12049,88258,PHMD,2013-05-08,CANDIDATE_ONLY_NOT_G5_MATCHED,False,False,False,0
7,12049,88740,POZN,2013-05-08,CANDIDATE_ONLY_NOT_G5_MATCHED,False,False,False,0
7,12049,88905,ATRS,2013-05-08,CANDIDATE_ONLY_NOT_G5_MATCHED,False,False,False,0
7,12049,89369,LCI,2013-05-08,CANDIDATE_ONLY_NOT_G5_MATCHED,False,False,False,0
7,12049,89482,BANC,2013-05-08,CANDIDATE_ONLY_NOT_G5_MATCHED,False,False,False,0
7,12049,89824,PRSC,2013-05-08,CANDIDATE_ONLY_NOT_G5_MATCHED,False,False,False,0
7,12049,89916,NXST,2013-05-08,CANDIDATE_ONLY_NOT_G5_MATCHED,False,False,False,0
7,12049,90436,HALO,2013-05-08,CANDIDATE_ONLY_NOT_G5_MATCHED,False,False,False,0
7,12049,90440,NP,2013-05-08,CANDIDATE_ONLY_NOT_G5_MATCHED,False,False,False,0
7,12049,90442,NWS,2013-05-08,CANDIDATE_ONLY_NOT_G5_MATCHED,False,False,False,0
7,12049,90568,MNTX,2013-05-08,CANDIDATE_ONLY_NOT_G5_MATCHED,False,False,False,0
7,12049,90716,ATSG,2013-05-08,CANDIDATE_ONLY_NOT_G5_MATCHED,False,False,False,0
7,12049,90789,MFB,2013-05-08,CANDIDATE_ONLY_NOT_G5_MATCHED,False,False,False,0
7,12049,90829,CF,2013-05-08,CANDIDATE_ONLY_NOT_G5_MATCHED,False,False,False,0
7,12049,90926,PIP,2013-05-08,CANDIDATE_ONLY_NOT_G5_MATCHED,False,False,False,0
7,12049,91032,TRAK,2013-05-08,CANDIDATE_ONLY_NOT_G5_MATCHED,False,False,False,0
7,12049,91136,APP,2013-05-08,CANDIDATE_ONLY_NOT_G5_MATCHED,False,False,False,0
7,12049,91215,DK,2013-05-08,CANDIDATE_ONLY_NOT_G5_MATCHED,False,False,False,0
7,12049,91277,LINTA,2013-05-08,CANDIDATE_ONLY_NOT_G5_MATCHED,False,False,False,0
7,12049,91507,SUSS,2013-05-08,CANDIDATE_ONLY_NOT_G5_MATCHED,False,False,False,0
7,12049,91688,EIG,2013-05-08,CANDIDATE_ONLY_NOT_G5_MATCHED,False,False,False,0
7,12049,91965,OREX,2013-05-08,CANDIDATE_ONLY_NOT_G5_MATCHED,False,False,False,0
7,12049,91983,CLR,2013-05-08,CANDIDATE_ONLY_NOT_G5_MATCHED,False,False,False,0
7,12049,92035,CLNE,2013-05-08,CANDIDATE_ONLY_NOT_G5_MATCHED,False,False,False,0
7,12049,92052,TTGT,2013-05-08,CANDIDATE_ONLY_NOT_G5_MATCHED,False,False,False,0
7,12049,92395,HEK,2013-05-08,CANDIDATE_ONLY_NOT_G5_MATCHED,False,False,False,0
7,12049,92478,FOR,2013-05-08,CANDIDATE_ONLY_NOT_G5_MATCHED,False,False,False,0
7,12049,92765,RAX,2013-05-08,CANDIDATE_ONLY_NOT_G5_MATCHED,False,False,False,0
7,12049,92913,RST,2013-05-08,CANDIDATE_ONLY_NOT_G5_MATCHED,False,False,False,0
7,12049,93091,AOL,2013-05-08,CANDIDATE_ONLY_NOT_G5_MATCHED,False,False,False,0
7,12049,93285,AUMN,2013-05-08,CANDIDATE_ONLY_NOT_G5_MATCHED,False,False,False,0
7,12049,93393,GNMK,2013-05-08,CANDIDATE_ONLY_NOT_G5_MATCHED,False,False,False,0
8,12449,10302,CY,2015-04-30,CANDIDATE_ONLY_NOT_G5_MATCHED,False,False,False,0
8,12449,10421,SKYW,2015-04-30,CANDIDATE_ONLY_NOT_G5_MATCHED,False,False,False,0
8,12449,10693,HLS,2015-04-30,CANDIDATE_ONLY_NOT_G5_MATCHED,False,False,False,0
8,12449,13085,VAC,2015-04-30,CANDIDATE_ONLY_NOT_G5_MATCHED,False,False,False,0
8,12449,13343,MRC,2015-04-30,CANDIDATE_ONLY_NOT_G5_MATCHED,False,False,False,0
8,12449,13690,RKUS,2015-04-30,CANDIDATE_ONLY_NOT_G5_MATCHED,False,False,False,0
8,12449,13739,BFAM,2015-04-30,CANDIDATE_ONLY_NOT_G5_MATCHED,False,False,False,0
8,12449,13818,PF,2015-04-30,CANDIDATE_ONLY_NOT_G5_MATCHED,False,False,False,0
8,12449,14005,TXTR,2015-04-30,CANDIDATE_ONLY_NOT_G5_MATCHED,False,False,False,0
8,12449,14131,MYCC,2015-04-30,CANDIDATE_ONLY_NOT_G5_MATCHED,False,False,False,0
8,12449,14159,FEYE,2015-04-30,CANDIDATE_ONLY_NOT_G5_MATCHED,False,False,False,0
8,12449,14325,TNDM,2015-04-30,CANDIDATE_ONLY_NOT_G5_MATCHED,False,False,False,0
8,12449,14335,CQH,2015-04-30,CANDIDATE_ONLY_NOT_G5_MATCHED,False,False,False,0
8,12449,14471,TLMR,2015-04-30,CANDIDATE_ONLY_NOT_G5_MATCHED,False,False,False,0
8,12449,14795,TKR,2015-04-30,CANDIDATE_ONLY_NOT_G5_MATCHED,False,False,False,0
8,12449,19721,VVI,2015-04-30,CANDIDATE_ONLY_NOT_G5_MATCHED,False,False,False,0
8,12449,21371,CAH,2015-04-30,CANDIDATE_ONLY_NOT_G5_MATCHED,False,False,False,0
8,12449,21928,IDA,2015-04-30,CANDIDATE_ONLY_NOT_G5_MATCHED,False,False,False,0
8,12449,23085,SCG,2015-04-30,CANDIDATE_ONLY_NOT_G5_MATCHED,False,False,False,0
8,12449,28222,APD,2015-04-30,CANDIDATE_ONLY_NOT_G5_MATCHED,False,False,False,0
8,12449,34673,NR,2015-04-30,CANDIDATE_ONLY_NOT_G5_MATCHED,False,False,False,0
8,12449,38762,NI,2015-04-30,CANDIDATE_ONLY_NOT_G5_MATCHED,False,False,False,0
8,12449,39220,SMP,2015-04-30,CANDIDATE_ONLY_NOT_G5_MATCHED,False,False,False,0
8,12449,40416,AVP,2015-04-30,CANDIDATE_ONLY_NOT_G5_MATCHED,False,False,False,0
8,12449,40440,DBD,2015-04-30,CANDIDATE_ONLY_NOT_G5_MATCHED,False,False,False,0
8,12449,47706,FSS,2015-04-30,CANDIDATE_ONLY_NOT_G5_MATCHED,False,False,False,0
8,12449,48523,LANC,2015-04-30,CANDIDATE_ONLY_NOT_G5_MATCHED,False,False,False,0
8,12449,57568,BLL,2015-04-30,CANDIDATE_ONLY_NOT_G5_MATCHED,False,False,False,0
8,12449,58819,LNT,2015-04-30,CANDIDATE_ONLY_NOT_G5_MATCHED,False,False,False,0
8,12449,60943,LEG,2015-04-30,CANDIDATE_ONLY_NOT_G5_MATCHED,False,False,False,0
8,12449,61496,PATK,2015-04-30,CANDIDATE_ONLY_NOT_G5_MATCHED,False,False,False,0
8,12449,62498,WST,2015-04-30,CANDIDATE_ONLY_NOT_G5_MATCHED,False,False,False,0
8,12449,63335,PES,2015-04-30,CANDIDATE_ONLY_NOT_G5_MATCHED,False,False,False,0
8,12449,72696,SPF,2015-04-30,CANDIDATE_ONLY_NOT_G5_MATCHED,False,False,False,0
8,12449,75714,CLRO,2015-04-30,CANDIDATE_ONLY_NOT_G5_MATCHED,False,False,False,0
8,12449,76230,TRMB,2015-04-30,CANDIDATE_ONLY_NOT_G5_MATCHED,False,False,False,0
8,12449,76461,FHCO,2015-04-30,CANDIDATE_ONLY_NOT_G5_MATCHED,False,False,False,0
8,12449,76732,DIN,2015-04-30,CANDIDATE_ONLY_NOT_G5_MATCHED,False,False,False,0
8,12449,77279,ABAX,2015-04-30,CANDIDATE_ONLY_NOT_G5_MATCHED,False,False,False,0
8,12449,77763,SPN,2015-04-30,CANDIDATE_ONLY_NOT_G5_MATCHED,False,False,False,0
8,12449,78071,BIOL,2015-04-30,CANDIDATE_ONLY_NOT_G5_MATCHED,False,False,False,0
8,12449,78211,UVE,2015-04-30,CANDIDATE_ONLY_NOT_G5_MATCHED,False,False,False,0
8,12449,78903,PEBO,2015-04-30,CANDIDATE_ONLY_NOT_G5_MATCHED,False,False,False,0
8,12449,79198,TWI,2015-04-30,CANDIDATE_ONLY_NOT_G5_MATCHED,False,False,False,0
8,12449,79248,THRM,2015-04-30,CANDIDATE_ONLY_NOT_G5_MATCHED,False,False,False,0
8,12449,79336,LBY,2015-04-30,CANDIDATE_ONLY_NOT_G5_MATCHED,False,False,False,0
8,12449,79571,CASH,2015-04-30,CANDIDATE_ONLY_NOT_G5_MATCHED,False,False,False,0
8,12449,79724,OMG,2015-04-30,CANDIDATE_ONLY_NOT_G5_MATCHED,False,False,False,0
8,12449,79758,BYD,2015-04-30,CANDIDATE_ONLY_NOT_G5_MATCHED,False,False,False,0
8,12449,79879,JDSU,2015-04-30,CANDIDATE_ONLY_NOT_G5_MATCHED,False,False,False,0
8,12449,79903,HHS,2015-04-30,CANDIDATE_ONLY_NOT_G5_MATCHED,False,False,False,0
8,12449,80072,VLY,2015-04-30,CANDIDATE_ONLY_NOT_G5_MATCHED,False,False,False,0
8,12449,80539,NKTR,2015-04-30,CANDIDATE_ONLY_NOT_G5_MATCHED,False,False,False,0
8,12449,82292,THG,2015-04-30,CANDIDATE_ONLY_NOT_G5_MATCHED,False,False,False,0
8,12449,82486,ERIE,2015-04-30,CANDIDATE_ONLY_NOT_G5_MATCHED,False,False,False,0
8,12449,83244,CENX,2015-04-30,CANDIDATE_ONLY_NOT_G5_MATCHED,False,False,False,0
8,12449,83366,CRR,2015-04-30,CANDIDATE_ONLY_NOT_G5_MATCHED,False,False,False,0
8,12449,83534,NBIX,2015-04-30,CANDIDATE_ONLY_NOT_G5_MATCHED,False,False,False,0
8,12449,84723,LNG,2015-04-30,CANDIDATE_ONLY_NOT_G5_MATCHED,False,False,False,0
8,12449,85424,DRQ,2015-04-30,CANDIDATE_ONLY_NOT_G5_MATCHED,False,False,False,0
8,12449,85792,PWR,2015-04-30,CANDIDATE_ONLY_NOT_G5_MATCHED,False,False,False,0
8,12449,85839,NUTR,2015-04-30,CANDIDATE_ONLY_NOT_G5_MATCHED,False,False,False,0
8,12449,86051,AXTI,2015-04-30,CANDIDATE_ONLY_NOT_G5_MATCHED,False,False,False,0
8,12449,86106,EEP,2015-04-30,CANDIDATE_ONLY_NOT_G5_MATCHED,False,False,False,0
8,12449,86544,BCOR,2015-04-30,CANDIDATE_ONLY_NOT_G5_MATCHED,False,False,False,0
8,12449,88379,NTRI,2015-04-30,CANDIDATE_ONLY_NOT_G5_MATCHED,False,False,False,0
8,12449,88574,TSYS,2015-04-30,CANDIDATE_ONLY_NOT_G5_MATCHED,False,False,False,0
8,12449,88597,POL,2015-04-30,CANDIDATE_ONLY_NOT_G5_MATCHED,False,False,False,0
8,12449,88626,DRRX,2015-04-30,CANDIDATE_ONLY_NOT_G5_MATCHED,False,False,False,0
8,12449,89031,TASR,2015-04-30,CANDIDATE_ONLY_NOT_G5_MATCHED,False,False,False,0
8,12449,89070,ZMH,2015-04-30,CANDIDATE_ONLY_NOT_G5_MATCHED,False,False,False,0
8,12449,89110,OMCL,2015-04-30,CANDIDATE_ONLY_NOT_G5_MATCHED,False,False,False,0
8,12449,89626,CME,2015-04-30,CANDIDATE_ONLY_NOT_G5_MATCHED,False,False,False,0
8,12449,89905,CALD,2015-04-30,CANDIDATE_ONLY_NOT_G5_MATCHED,False,False,False,0
8,12449,89973,UTI,2015-04-30,CANDIDATE_ONLY_NOT_G5_MATCHED,False,False,False,0
8,12449,90238,SNMX,2015-04-30,CANDIDATE_ONLY_NOT_G5_MATCHED,False,False,False,0
8,12449,90374,DWA,2015-04-30,CANDIDATE_ONLY_NOT_G5_MATCHED,False,False,False,0
8,12449,90386,MOS,2015-04-30,CANDIDATE_ONLY_NOT_G5_MATCHED,False,False,False,0
8,12449,90404,CLMS,2015-04-30,CANDIDATE_ONLY_NOT_G5_MATCHED,False,False,False,0
8,12449,90558,HUN,2015-04-30,CANDIDATE_ONLY_NOT_G5_MATCHED,False,False,False,0
8,12449,90786,ITC,2015-04-30,CANDIDATE_ONLY_NOT_G5_MATCHED,False,False,False,0
8,12449,90808,EXPE,2015-04-30,CANDIDATE_ONLY_NOT_G5_MATCHED,False,False,False,0
8,12449,90952,ISBC,2015-04-30,CANDIDATE_ONLY_NOT_G5_MATCHED,False,False,False,0
8,12449,90978,SPWR,2015-04-30,CANDIDATE_ONLY_NOT_G5_MATCHED,False,False,False,0
8,12449,91041,LYV,2015-04-30,CANDIDATE_ONLY_NOT_G5_MATCHED,False,False,False,0
8,12449,91063,VIAB,2015-04-30,CANDIDATE_ONLY_NOT_G5_MATCHED,False,False,False,0
8,12449,91814,ARAY,2015-04-30,CANDIDATE_ONLY_NOT_G5_MATCHED,False,False,False,0
8,12449,91854,UFS,2015-04-30,CANDIDATE_ONLY_NOT_G5_MATCHED,False,False,False,0
8,12449,92050,PODD,2015-04-30,CANDIDATE_ONLY_NOT_G5_MATCHED,False,False,False,0
8,12449,92326,CVI,2015-04-30,CANDIDATE_ONLY_NOT_G5_MATCHED,False,False,False,0
8,12449,92611,V,2015-04-30,CANDIDATE_ONLY_NOT_G5_MATCHED,False,False,False,0
8,12449,92894,HTWR,2015-04-30,CANDIDATE_ONLY_NOT_G5_MATCHED,False,False,False,0
8,12449,92924,DGI,2015-04-30,CANDIDATE_ONLY_NOT_G5_MATCHED,False,False,False,0
8,12449,93035,SEM,2015-04-30,CANDIDATE_ONLY_NOT_G5_MATCHED,False,False,False,0
8,12449,93073,ADUS,2015-04-30,CANDIDATE_ONLY_NOT_G5_MATCHED,False,False,False,0
9,12639,10443,FRPH,2015-05-06,CANDIDATE_ONLY_NOT_G5_MATCHED,False,False,False,0
9,12639,10933,MKL,2015-05-06,CANDIDATE_ONLY_NOT_G5_MATCHED,False,False,False,0
9,12639,12051,IL,2015-05-06,CANDIDATE_ONLY_NOT_G5_MATCHED,False,False,False,0
9,12639,12149,JNP,2015-05-06,CANDIDATE_ONLY_NOT_G5_MATCHED,False,False,False,0
9,12639,12477,WD,2015-05-06,CANDIDATE_ONLY_NOT_G5_MATCHED,False,False,False,0
9,12639,12501,FRP,2015-05-06,CANDIDATE_ONLY_NOT_G5_MATCHED,False,False,False,0
9,12639,12557,IFT,2015-05-06,CANDIDATE_ONLY_NOT_G5_MATCHED,False,False,False,0
9,12639,12781,LG,2015-05-06,CANDIDATE_ONLY_NOT_G5_MATCHED,False,False,False,0
9,12639,13139,SN,2015-05-06,CANDIDATE_ONLY_NOT_G5_MATCHED,False,False,False,0
9,12639,13267,CZR,2015-05-06,CANDIDATE_ONLY_NOT_G5_MATCHED,False,False,False,0
9,12639,13708,REMY,2015-05-06,CANDIDATE_ONLY_NOT_G5_MATCHED,False,False,False,0
9,12639,13812,MRIN,2015-05-06,CANDIDATE_ONLY_NOT_G5_MATCHED,False,False,False,0
9,12639,13862,TMHC,2015-05-06,CANDIDATE_ONLY_NOT_G5_MATCHED,False,False,False,0
9,12639,13904,VOYA,2015-05-06,CANDIDATE_ONLY_NOT_G5_MATCHED,False,False,False,0
9,12639,14054,MRTX,2015-05-06,CANDIDATE_ONLY_NOT_G5_MATCHED,False,False,False,0
9,12639,14273,CHGG,2015-05-06,CANDIDATE_ONLY_NOT_G5_MATCHED,False,False,False,0
9,12639,14337,FGL,2015-05-06,CANDIDATE_ONLY_NOT_G5_MATCHED,False,False,False,0
9,12639,19828,WEN,2015-05-06,CANDIDATE_ONLY_NOT_G5_MATCHED,False,False,False,0
9,12639,23182,CPK,2015-05-06,CANDIDATE_ONLY_NOT_G5_MATCHED,False,False,False,0
9,12639,24969,AVA,2015-05-06,CANDIDATE_ONLY_NOT_G5_MATCHED,False,False,False,0
9,12639,41187,HE,2015-05-06,CANDIDATE_ONLY_NOT_G5_MATCHED,False,False,False,0
9,12639,51633,VVC,2015-05-06,CANDIDATE_ONLY_NOT_G5_MATCHED,False,False,False,0
9,12639,57509,GDP,2015-05-06,CANDIDATE_ONLY_NOT_G5_MATCHED,False,False,False,0
9,12639,57534,NEWP,2015-05-06,CANDIDATE_ONLY_NOT_G5_MATCHED,False,False,False,0
9,12639,61269,PKOH,2015-05-06,CANDIDATE_ONLY_NOT_G5_MATCHED,False,False,False,0
9,12639,76584,ATML,2015-05-06,CANDIDATE_ONLY_NOT_G5_MATCHED,False,False,False,0
9,12639,77292,PDLI,2015-05-06,CANDIDATE_ONLY_NOT_G5_MATCHED,False,False,False,0
9,12639,77340,POWR,2015-05-06,CANDIDATE_ONLY_NOT_G5_MATCHED,False,False,False,0
9,12639,77868,PRCP,2015-05-06,CANDIDATE_ONLY_NOT_G5_MATCHED,False,False,False,0
9,12639,78950,ALG,2015-05-06,CANDIDATE_ONLY_NOT_G5_MATCHED,False,False,False,0
9,12639,80167,HAIN,2015-05-06,CANDIDATE_ONLY_NOT_G5_MATCHED,False,False,False,0
9,12639,80191,ALB,2015-05-06,CANDIDATE_ONLY_NOT_G5_MATCHED,False,False,False,0
9,12639,80343,NNBR,2015-05-06,CANDIDATE_ONLY_NOT_G5_MATCHED,False,False,False,0
9,12639,80926,CPE,2015-05-06,CANDIDATE_ONLY_NOT_G5_MATCHED,False,False,False,0
9,12639,81740,SBGI,2015-05-06,CANDIDATE_ONLY_NOT_G5_MATCHED,False,False,False,0
9,12639,82266,CVO,2015-05-06,CANDIDATE_ONLY_NOT_G5_MATCHED,False,False,False,0
9,12639,82644,MIG,2015-05-06,CANDIDATE_ONLY_NOT_G5_MATCHED,False,False,False,0
9,12639,83411,EPM,2015-05-06,CANDIDATE_ONLY_NOT_G5_MATCHED,False,False,False,0
9,12639,83779,PEGA,2015-05-06,CANDIDATE_ONLY_NOT_G5_MATCHED,False,False,False,0
9,12639,84172,NUS,2015-05-06,CANDIDATE_ONLY_NOT_G5_MATCHED,False,False,False,0
9,12639,84604,CTIC,2015-05-06,CANDIDATE_ONLY_NOT_G5_MATCHED,False,False,False,0
9,12639,85271,ACAS,2015-05-06,CANDIDATE_ONLY_NOT_G5_MATCHED,False,False,False,0
9,12639,85517,CHH,2015-05-06,CANDIDATE_ONLY_NOT_G5_MATCHED,False,False,False,0
9,12639,85576,RNWK,2015-05-06,CANDIDATE_ONLY_NOT_G5_MATCHED,False,False,False,0
9,12639,86822,EXTR,2015-05-06,CANDIDATE_ONLY_NOT_G5_MATCHED,False,False,False,0
9,12639,87043,QTM,2015-05-06,CANDIDATE_ONLY_NOT_G5_MATCHED,False,False,False,0
9,12639,87121,SALM,2015-05-06,CANDIDATE_ONLY_NOT_G5_MATCHED,False,False,False,0
9,12639,87227,EGAN,2015-05-06,CANDIDATE_ONLY_NOT_G5_MATCHED,False,False,False,0
9,12639,87602,MATR,2015-05-06,CANDIDATE_ONLY_NOT_G5_MATCHED,False,False,False,0
9,12639,87632,SQNM,2015-05-06,CANDIDATE_ONLY_NOT_G5_MATCHED,False,False,False,0
9,12639,88664,JKHY,2015-05-06,CANDIDATE_ONLY_NOT_G5_MATCHED,False,False,False,0
9,12639,89215,AHS,2015-05-06,CANDIDATE_ONLY_NOT_G5_MATCHED,False,False,False,0
9,12639,89369,LCI,2015-05-06,CANDIDATE_ONLY_NOT_G5_MATCHED,False,False,False,0
9,12639,90423,THRX,2015-05-06,CANDIDATE_ONLY_NOT_G5_MATCHED,False,False,False,0
9,12639,90440,NP,2015-05-06,CANDIDATE_ONLY_NOT_G5_MATCHED,False,False,False,0
9,12639,90533,WTI,2015-05-06,CANDIDATE_ONLY_NOT_G5_MATCHED,False,False,False,0
9,12639,90914,WBMD,2015-05-06,CANDIDATE_ONLY_NOT_G5_MATCHED,False,False,False,0
9,12639,90957,NXTM,2015-05-06,CANDIDATE_ONLY_NOT_G5_MATCHED,False,False,False,0
9,12639,91154,ALXA,2015-05-06,CANDIDATE_ONLY_NOT_G5_MATCHED,False,False,False,0
9,12639,91186,VNDA,2015-05-06,CANDIDATE_ONLY_NOT_G5_MATCHED,False,False,False,0
9,12639,91237,VG,2015-05-06,CANDIDATE_ONLY_NOT_G5_MATCHED,False,False,False,0
9,12639,91650,SE,2015-05-06,CANDIDATE_ONLY_NOT_G5_MATCHED,False,False,False,0
9,12639,91966,PNNT,2015-05-06,CANDIDATE_ONLY_NOT_G5_MATCHED,False,False,False,0
9,12639,91983,CLR,2015-05-06,CANDIDATE_ONLY_NOT_G5_MATCHED,False,False,False,0
9,12639,92021,SLH,2015-05-06,CANDIDATE_ONLY_NOT_G5_MATCHED,False,False,False,0
9,12639,92032,BIOD,2015-05-06,CANDIDATE_ONLY_NOT_G5_MATCHED,False,False,False,0
9,12639,92185,LOV,2015-05-06,CANDIDATE_ONLY_NOT_G5_MATCHED,False,False,False,0
9,12639,92220,MASI,2015-05-06,CANDIDATE_ONLY_NOT_G5_MATCHED,False,False,False,0
9,12639,92421,SD,2015-05-06,CANDIDATE_ONLY_NOT_G5_MATCHED,False,False,False,0
9,12639,92619,GTE,2015-05-06,CANDIDATE_ONLY_NOT_G5_MATCHED,False,False,False,0
9,12639,93071,VSI,2015-05-06,CANDIDATE_ONLY_NOT_G5_MATCHED,False,False,False,0
9,12639,93420,OAS,2015-05-06,CANDIDATE_ONLY_NOT_G5_MATCHED,False,False,False,0
9,12639,93436,TSLA,2015-05-06,CANDIDATE_ONLY_NOT_G5_MATCHED,False,False,False,0
10,12758,10252,INDB,2013-04-25,CANDIDATE_ONLY_NOT_G5_MATCHED,False,False,False,0
10,12758,10517,AAN,2013-04-25,CANDIDATE_ONLY_NOT_G5_MATCHED,False,False,False,0
10,12758,10530,VIVO,2013-04-25,CANDIDATE_ONLY_NOT_G5_MATCHED,False,False,False,0
10,12758,10693,HLS,2013-04-25,CANDIDATE_ONLY_NOT_G5_MATCHED,False,False,False,0
10,12758,11369,UBSI,2013-04-25,CANDIDATE_ONLY_NOT_G5_MATCHED,False,False,False,0
10,12758,11552,CELG,2013-04-25,CANDIDATE_ONLY_NOT_G5_MATCHED,False,False,False,0
10,12758,11786,SIVB,2013-04-25,CANDIDATE_ONLY_NOT_G5_MATCHED,False,False,False,0
10,12758,11850,XOM,2013-04-25,CANDIDATE_ONLY_NOT_G5_MATCHED,False,False,False,0
10,12758,11896,MXIM,2013-04-25,CANDIDATE_ONLY_NOT_G5_MATCHED,False,False,False,0
10,12758,12036,GMT,2013-04-25,CANDIDATE_ONLY_NOT_G5_MATCHED,False,False,False,0
10,12758,12682,TMS,2013-04-25,CANDIDATE_ONLY_NOT_G5_MATCHED,False,False,False,0
10,12758,12905,SXC,2013-04-25,CANDIDATE_ONLY_NOT_G5_MATCHED,False,False,False,0
10,12758,12914,DNKN,2013-04-25,CANDIDATE_ONLY_NOT_G5_MATCHED,False,False,False,0
10,12758,13085,VAC,2013-04-25,CANDIDATE_ONLY_NOT_G5_MATCHED,False,False,False,0
10,12758,13249,PRLB,2013-04-25,CANDIDATE_ONLY_NOT_G5_MATCHED,False,False,False,0
10,12758,13263,CEMP,2013-04-25,CANDIDATE_ONLY_NOT_G5_MATCHED,False,False,False,0
10,12758,13337,FET,2013-04-25,CANDIDATE_ONLY_NOT_G5_MATCHED,False,False,False,0
10,12758,13610,OLN,2013-04-25,CANDIDATE_ONLY_NOT_G5_MATCHED,False,False,False,0
10,12758,13901,MO,2013-04-25,CANDIDATE_ONLY_NOT_G5_MATCHED,False,False,False,0
10,12758,13928,COP,2013-04-25,CANDIDATE_ONLY_NOT_G5_MATCHED,False,False,False,0
10,12758,16600,HSY,2013-04-25,CANDIDATE_ONLY_NOT_G5_MATCHED,False,False,False,0
10,12758,18649,BCO,2013-04-25,CANDIDATE_ONLY_NOT_G5_MATCHED,False,False,False,0
10,12758,18729,CL,2013-04-25,CANDIDATE_ONLY_NOT_G5_MATCHED,False,False,False,0
10,12758,19393,BMY,2013-04-25,CANDIDATE_ONLY_NOT_G5_MATCHED,False,False,False,0
10,12758,20618,CRS,2013-04-25,CANDIDATE_ONLY_NOT_G5_MATCHED,False,False,False,0
10,12758,22592,MMM,2013-04-25,CANDIDATE_ONLY_NOT_G5_MATCHED,False,False,False,0
10,12758,23085,SCG,2013-04-25,CANDIDATE_ONLY_NOT_G5_MATCHED,False,False,False,0
10,12758,23229,CMS,2013-04-25,CANDIDATE_ONLY_NOT_G5_MATCHED,False,False,False,0
10,12758,23473,CINF,2013-04-25,CANDIDATE_ONLY_NOT_G5_MATCHED,False,False,False,0
10,12758,24010,ETR,2013-04-25,CANDIDATE_ONLY_NOT_G5_MATCHED,False,False,False,0
10,12758,24328,EQT,2013-04-25,CANDIDATE_ONLY_NOT_G5_MATCHED,False,False,False,0
10,12758,24942,RTN,2013-04-25,CANDIDATE_ONLY_NOT_G5_MATCHED,False,False,False,0
10,12758,27684,AVT,2013-04-25,CANDIDATE_ONLY_NOT_G5_MATCHED,False,False,False,0
10,12758,28804,ALK,2013-04-25,CANDIDATE_ONLY_NOT_G5_MATCHED,False,False,False,0
10,12758,34673,NR,2013-04-25,CANDIDATE_ONLY_NOT_G5_MATCHED,False,False,False,0
10,12758,34833,OXY,2013-04-25,CANDIDATE_ONLY_NOT_G5_MATCHED,False,False,False,0
10,12758,42200,PKI,2013-04-25,CANDIDATE_ONLY_NOT_G5_MATCHED,False,False,False,0
10,12758,42796,MDP,2013-04-25,CANDIDATE_ONLY_NOT_G5_MATCHED,False,False,False,0
10,12758,43350,SWK,2013-04-25,CANDIDATE_ONLY_NOT_G5_MATCHED,False,False,False,0
10,12758,43772,BMS,2013-04-25,CANDIDATE_ONLY_NOT_G5_MATCHED,False,False,False,0
10,12758,44134,KMT,2013-04-25,CANDIDATE_ONLY_NOT_G5_MATCHED,False,False,False,0
10,12758,45277,IGT,2013-04-25,CANDIDATE_ONLY_NOT_G5_MATCHED,False,False,False,0
10,12758,45728,IVC,2013-04-25,CANDIDATE_ONLY_NOT_G5_MATCHED,False,False,False,0
10,12758,45911,SWKS,2013-04-25,CANDIDATE_ONLY_NOT_G5_MATCHED,False,False,False,0
10,12758,46340,SFE,2013-04-25,CANDIDATE_ONLY_NOT_G5_MATCHED,False,False,False,0
10,12758,46886,KLAC,2013-04-25,CANDIDATE_ONLY_NOT_G5_MATCHED,False,False,False,0
10,12758,47466,NYT,2013-04-25,CANDIDATE_ONLY_NOT_G5_MATCHED,False,False,False,0
10,12758,48523,LANC,2013-04-25,CANDIDATE_ONLY_NOT_G5_MATCHED,False,False,False,0
10,12758,48961,LAWS,2013-04-25,CANDIDATE_ONLY_NOT_G5_MATCHED,False,False,False,0
10,12758,50017,RRC,2013-04-25,CANDIDATE_ONLY_NOT_G5_MATCHED,False,False,False,0
10,12758,53480,MCRS,2013-04-25,CANDIDATE_ONLY_NOT_G5_MATCHED,False,False,False,0
10,12758,53640,MSCC,2013-04-25,CANDIDATE_ONLY_NOT_G5_MATCHED,False,False,False,0
10,12758,54148,PHM,2013-04-25,CANDIDATE_ONLY_NOT_G5_MATCHED,False,False,False,0
10,12758,55597,MTRN,2013-04-25,CANDIDATE_ONLY_NOT_G5_MATCHED,False,False,False,0
10,12758,56040,NAFC,2013-04-25,CANDIDATE_ONLY_NOT_G5_MATCHED,False,False,False,0
10,12758,57568,BLL,2013-04-25,CANDIDATE_ONLY_NOT_G5_MATCHED,False,False,False,0
10,12758,58683,LUV,2013-04-25,CANDIDATE_ONLY_NOT_G5_MATCHED,False,False,False,0
10,12758,59192,CB,2013-04-25,CANDIDATE_ONLY_NOT_G5_MATCHED,False,False,False,0
10,12758,59396,ORI,2013-04-25,CANDIDATE_ONLY_NOT_G5_MATCHED,False,False,False,0
10,12758,60943,LEG,2013-04-25,CANDIDATE_ONLY_NOT_G5_MATCHED,False,False,False,0
10,12758,61496,PATK,2013-04-25,CANDIDATE_ONLY_NOT_G5_MATCHED,False,False,False,0
10,12758,61743,DLX,2013-04-25,CANDIDATE_ONLY_NOT_G5_MATCHED,False,False,False,0
10,12758,61815,NBL,2013-04-25,CANDIDATE_ONLY_NOT_G5_MATCHED,False,False,False,0
10,12758,63079,KEG,2013-04-25,CANDIDATE_ONLY_NOT_G5_MATCHED,False,False,False,0
10,12758,64936,D,2013-04-25,CANDIDATE_ONLY_NOT_G5_MATCHED,False,False,False,0
10,12758,65509,BLC,2013-04-25,CANDIDATE_ONLY_NOT_G5_MATCHED,False,False,False,0
10,12758,69586,SBCF,2013-04-25,CANDIDATE_ONLY_NOT_G5_MATCHED,False,False,False,0
10,12758,70033,HOG,2013-04-25,CANDIDATE_ONLY_NOT_G5_MATCHED,False,False,False,0
10,12758,70500,CCE,2013-04-25,CANDIDATE_ONLY_NOT_G5_MATCHED,False,False,False,0
10,12758,70536,SIAL,2013-04-25,CANDIDATE_ONLY_NOT_G5_MATCHED,False,False,False,0
10,12758,75215,CSH,2013-04-25,CANDIDATE_ONLY_NOT_G5_MATCHED,False,False,False,0
10,12758,75257,TLAB,2013-04-25,CANDIDATE_ONLY_NOT_G5_MATCHED,False,False,False,0
10,12758,75577,ALTR,2013-04-25,CANDIDATE_ONLY_NOT_G5_MATCHED,False,False,False,0
10,12758,75603,CRUS,2013-04-25,CANDIDATE_ONLY_NOT_G5_MATCHED,False,False,False,0
10,12758,75831,DGII,2013-04-25,CANDIDATE_ONLY_NOT_G5_MATCHED,False,False,False,0
10,12758,76224,BHE,2013-04-25,CANDIDATE_ONLY_NOT_G5_MATCHED,False,False,False,0
10,12758,76624,PMCS,2013-04-25,CANDIDATE_ONLY_NOT_G5_MATCHED,False,False,False,0
10,12758,76841,BIIB,2013-04-25,CANDIDATE_ONLY_NOT_G5_MATCHED,False,False,False,0
10,12758,76980,ROCM,2013-04-25,CANDIDATE_ONLY_NOT_G5_MATCHED,False,False,False,0
10,12758,77037,ODFL,2013-04-25,CANDIDATE_ONLY_NOT_G5_MATCHED,False,False,False,0
10,12758,77114,WRLD,2013-04-25,CANDIDATE_ONLY_NOT_G5_MATCHED,False,False,False,0
10,12758,77279,ABAX,2013-04-25,CANDIDATE_ONLY_NOT_G5_MATCHED,False,False,False,0
10,12758,77366,ELY,2013-04-25,CANDIDATE_ONLY_NOT_G5_MATCHED,False,False,False,0
10,12758,77461,VCI,2013-04-25,CANDIDATE_ONLY_NOT_G5_MATCHED,False,False,False,0
10,12758,77605,BSX,2013-04-25,CANDIDATE_ONLY_NOT_G5_MATCHED,False,False,False,0
10,12758,77630,DWCH,2013-04-25,CANDIDATE_ONLY_NOT_G5_MATCHED,False,False,False,0
10,12758,77702,SBUX,2013-04-25,CANDIDATE_ONLY_NOT_G5_MATCHED,False,False,False,0
10,12758,77763,SPN,2013-04-25,CANDIDATE_ONLY_NOT_G5_MATCHED,False,False,False,0
10,12758,78981,LSTR,2013-04-25,CANDIDATE_ONLY_NOT_G5_MATCHED,False,False,False,0
10,12758,78990,DEST,2013-04-25,CANDIDATE_ONLY_NOT_G5_MATCHED,False,False,False,0
10,12758,79133,ATR,2013-04-25,CANDIDATE_ONLY_NOT_G5_MATCHED,False,False,False,0
10,12758,79210,RGA,2013-04-25,CANDIDATE_ONLY_NOT_G5_MATCHED,False,False,False,0
10,12758,79336,LBY,2013-04-25,CANDIDATE_ONLY_NOT_G5_MATCHED,False,False,False,0
10,12758,79545,BWA,2013-04-25,CANDIDATE_ONLY_NOT_G5_MATCHED,False,False,False,0
10,12758,79637,UHS,2013-04-25,CANDIDATE_ONLY_NOT_G5_MATCHED,False,False,False,0
10,12758,79686,DECK,2013-04-25,CANDIDATE_ONLY_NOT_G5_MATCHED,False,False,False,0
10,12758,79857,PTEN,2013-04-25,CANDIDATE_ONLY_NOT_G5_MATCHED,False,False,False,0
10,12758,79909,MHO,2013-04-25,CANDIDATE_ONLY_NOT_G5_MATCHED,False,False,False,0
10,12758,80113,CGI,2013-04-25,CANDIDATE_ONLY_NOT_G5_MATCHED,False,False,False,0
10,12758,80362,SCSC,2013-04-25,CANDIDATE_ONLY_NOT_G5_MATCHED,False,False,False,0
10,12758,80864,RS,2013-04-25,CANDIDATE_ONLY_NOT_G5_MATCHED,False,False,False,0
10,12758,81128,ESI,2013-04-25,CANDIDATE_ONLY_NOT_G5_MATCHED,False,False,False,0
10,12758,81501,NATI,2013-04-25,CANDIDATE_ONLY_NOT_G5_MATCHED,False,False,False,0
10,12758,81540,ABC,2013-04-25,CANDIDATE_ONLY_NOT_G5_MATCHED,False,False,False,0
10,12758,81564,IBKC,2013-04-25,CANDIDATE_ONLY_NOT_G5_MATCHED,False,False,False,0
10,12758,81857,CAM,2013-04-25,CANDIDATE_ONLY_NOT_G5_MATCHED,False,False,False,0
10,12758,81925,GTI,2013-04-25,CANDIDATE_ONLY_NOT_G5_MATCHED,False,False,False,0
10,12758,82298,DO,2013-04-25,CANDIDATE_ONLY_NOT_G5_MATCHED,False,False,False,0
10,12758,82521,RSYS,2013-04-25,CANDIDATE_ONLY_NOT_G5_MATCHED,False,False,False,0
10,12758,82694,EME,2013-04-25,CANDIDATE_ONLY_NOT_G5_MATCHED,False,False,False,0
10,12758,82859,REV,2013-04-25,CANDIDATE_ONLY_NOT_G5_MATCHED,False,False,False,0
10,12758,83111,ALXN,2013-04-25,CANDIDATE_ONLY_NOT_G5_MATCHED,False,False,False,0
10,12758,83186,DST,2013-04-25,CANDIDATE_ONLY_NOT_G5_MATCHED,False,False,False,0
10,12758,83366,CRR,2013-04-25,CANDIDATE_ONLY_NOT_G5_MATCHED,False,False,False,0
10,12758,84103,NCI,2013-04-25,CANDIDATE_ONLY_NOT_G5_MATCHED,False,False,False,0
10,12758,84168,IM,2013-04-25,CANDIDATE_ONLY_NOT_G5_MATCHED,False,False,False,0
10,12758,84788,AMZN,2013-04-25,CANDIDATE_ONLY_NOT_G5_MATCHED,False,False,False,0
10,12758,85173,CSTR,2013-04-25,CANDIDATE_ONLY_NOT_G5_MATCHED,False,False,False,0
10,12758,85257,AME,2013-04-25,CANDIDATE_ONLY_NOT_G5_MATCHED,False,False,False,0
10,12758,85863,COLM,2013-04-25,CANDIDATE_ONLY_NOT_G5_MATCHED,False,False,False,0
10,12758,85953,SOFO,2013-04-25,CANDIDATE_ONLY_NOT_G5_MATCHED,False,False,False,0
10,12758,85991,LVLT,2013-04-25,CANDIDATE_ONLY_NOT_G5_MATCHED,False,False,False,0
10,12758,86021,LLL,2013-04-25,CANDIDATE_ONLY_NOT_G5_MATCHED,False,False,False,0
10,12758,86047,AMKR,2013-04-25,CANDIDATE_ONLY_NOT_G5_MATCHED,False,False,False,0
10,12758,86102,FII,2013-04-25,CANDIDATE_ONLY_NOT_G5_MATCHED,False,False,False,0
10,12758,86128,HZO,2013-04-25,CANDIDATE_ONLY_NOT_G5_MATCHED,False,False,False,0
10,12758,86228,RSG,2013-04-25,CANDIDATE_ONLY_NOT_G5_MATCHED,False,False,False,0
10,12758,86302,HTBK,2013-04-25,CANDIDATE_ONLY_NOT_G5_MATCHED,False,False,False,0
10,12758,86799,CNX,2013-04-25,CANDIDATE_ONLY_NOT_G5_MATCHED,False,False,False,0
10,12758,87006,UTHR,2013-04-25,CANDIDATE_ONLY_NOT_G5_MATCHED,False,False,False,0
10,12758,87179,NTCT,2013-04-25,CANDIDATE_ONLY_NOT_G5_MATCHED,False,False,False,0
10,12758,87236,INAP,2013-04-25,CANDIDATE_ONLY_NOT_G5_MATCHED,False,False,False,0
10,12758,87447,UPS,2013-04-25,CANDIDATE_ONLY_NOT_G5_MATCHED,False,False,False,0
10,12758,87827,WBSN,2013-04-25,CANDIDATE_ONLY_NOT_G5_MATCHED,False,False,False,0
10,12758,88203,VDSI,2013-04-25,CANDIDATE_ONLY_NOT_G5_MATCHED,False,False,False,0
10,12758,88257,PFBX,2013-04-25,CANDIDATE_ONLY_NOT_G5_MATCHED,False,False,False,0
10,12758,88260,PXLW,2013-04-25,CANDIDATE_ONLY_NOT_G5_MATCHED,False,False,False,0
10,12758,88287,DLA,2013-04-25,CANDIDATE_ONLY_NOT_G5_MATCHED,False,False,False,0
10,12758,88564,RTIX,2013-04-25,CANDIDATE_ONLY_NOT_G5_MATCHED,False,False,False,0
10,12758,88615,GB,2013-04-25,CANDIDATE_ONLY_NOT_G5_MATCHED,False,False,False,0
10,12758,89070,ZMH,2013-04-25,CANDIDATE_ONLY_NOT_G5_MATCHED,False,False,False,0
10,12758,89195,PFG,2013-04-25,CANDIDATE_ONLY_NOT_G5_MATCHED,False,False,False,0
10,12758,89213,WOOF,2013-04-25,CANDIDATE_ONLY_NOT_G5_MATCHED,False,False,False,0
10,12758,89290,SYNA,2013-04-25,CANDIDATE_ONLY_NOT_G5_MATCHED,False,False,False,0
10,12758,89332,DDE,2013-04-25,CANDIDATE_ONLY_NOT_G5_MATCHED,False,False,False,0
10,12758,89353,JBLU,2013-04-25,CANDIDATE_ONLY_NOT_G5_MATCHED,False,False,False,0
10,12758,89387,CPSI,2013-04-25,CANDIDATE_ONLY_NOT_G5_MATCHED,False,False,False,0
10,12758,89533,WYNN,2013-04-25,CANDIDATE_ONLY_NOT_G5_MATCHED,False,False,False,0
10,12758,89642,BBNK,2013-04-25,CANDIDATE_ONLY_NOT_G5_MATCHED,False,False,False,0
10,12758,89781,MOH,2013-04-25,CANDIDATE_ONLY_NOT_G5_MATCHED,False,False,False,0
10,12758,89800,NTGR,2013-04-25,CANDIDATE_ONLY_NOT_G5_MATCHED,False,False,False,0
10,12758,89810,GPK,2013-04-25,CANDIDATE_ONLY_NOT_G5_MATCHED,False,False,False,0
10,12758,89876,CRI,2013-04-25,CANDIDATE_ONLY_NOT_G5_MATCHED,False,False,False,0
10,12758,89922,TSRA,2013-04-25,CANDIDATE_ONLY_NOT_G5_MATCHED,False,False,False,0
10,12758,90199,CBG,2013-04-25,CANDIDATE_ONLY_NOT_G5_MATCHED,False,False,False,0
10,12758,90200,CAB,2013-04-25,CANDIDATE_ONLY_NOT_G5_MATCHED,False,False,False,0
10,12758,90210,LTM,2013-04-25,CANDIDATE_ONLY_NOT_G5_MATCHED,False,False,False,0
10,12758,90238,SNMX,2013-04-25,CANDIDATE_ONLY_NOT_G5_MATCHED,False,False,False,0
10,12758,90409,HURN,2013-04-25,CANDIDATE_ONLY_NOT_G5_MATCHED,False,False,False,0
10,12758,90458,NWE,2013-04-25,CANDIDATE_ONLY_NOT_G5_MATCHED,False,False,False,0
10,12758,90536,GFIG,2013-04-25,CANDIDATE_ONLY_NOT_G5_MATCHED,False,False,False,0
10,12758,90550,DLB,2013-04-25,CANDIDATE_ONLY_NOT_G5_MATCHED,False,False,False,0
10,12758,90605,UACL,2013-04-25,CANDIDATE_ONLY_NOT_G5_MATCHED,False,False,False,0
10,12758,90730,HBOS,2013-04-25,CANDIDATE_ONLY_NOT_G5_MATCHED,False,False,False,0
10,12758,90808,EXPE,2013-04-25,CANDIDATE_ONLY_NOT_G5_MATCHED,False,False,False,0
10,12758,90814,HITT,2013-04-25,CANDIDATE_ONLY_NOT_G5_MATCHED,False,False,False,0
10,12758,90831,DRC,2013-04-25,CANDIDATE_ONLY_NOT_G5_MATCHED,False,False,False,0
10,12758,90951,HERO,2013-04-25,CANDIDATE_ONLY_NOT_G5_MATCHED,False,False,False,0
10,12758,91103,UAL,2013-04-25,CANDIDATE_ONLY_NOT_G5_MATCHED,False,False,False,0
10,12758,91349,CLUB,2013-04-25,CANDIDATE_ONLY_NOT_G5_MATCHED,False,False,False,0
10,12758,91579,KBR,2013-04-25,CANDIDATE_ONLY_NOT_G5_MATCHED,False,False,False,0
10,12758,91854,UFS,2013-04-25,CANDIDATE_ONLY_NOT_G5_MATCHED,False,False,False,0
10,12758,91883,TWC,2013-04-25,CANDIDATE_ONLY_NOT_G5_MATCHED,False,False,False,0
10,12758,92029,TRS,2013-04-25,CANDIDATE_ONLY_NOT_G5_MATCHED,False,False,False,0
10,12758,92302,CTCT,2013-04-25,CANDIDATE_ONLY_NOT_G5_MATCHED,False,False,False,0
10,12758,92497,N,2013-04-25,CANDIDATE_ONLY_NOT_G5_MATCHED,False,False,False,0
10,12758,92570,DAN,2013-04-25,CANDIDATE_ONLY_NOT_G5_MATCHED,False,False,False,0
10,12758,92890,MJN,2013-04-25,CANDIDATE_ONLY_NOT_G5_MATCHED,False,False,False,0
10,12758,93101,LEA,2013-04-25,CANDIDATE_ONLY_NOT_G5_MATCHED,False,False,False,0
10,12758,93374,FAF,2013-04-25,CANDIDATE_ONLY_NOT_G5_MATCHED,False,False,False,0
11,12873,10853,RENT,2015-02-05,CANDIDATE_ONLY_NOT_G5_MATCHED,False,False,False,0
11,12873,12308,CHTR,2015-02-05,CANDIDATE_ONLY_NOT_G5_MATCHED,False,False,False,0
11,12873,12437,RFP,2015-02-05,CANDIDATE_ONLY_NOT_G5_MATCHED,False,False,False,0
11,12873,13318,YELP,2015-02-05,CANDIDATE_ONLY_NOT_G5_MATCHED,False,False,False,0
11,12873,13610,OLN,2015-02-05,CANDIDATE_ONLY_NOT_G5_MATCHED,False,False,False,0
11,12873,13983,COTY,2015-02-05,CANDIDATE_ONLY_NOT_G5_MATCHED,False,False,False,0
11,12873,15202,VMC,2015-02-05,CANDIDATE_ONLY_NOT_G5_MATCHED,False,False,False,0
11,12873,22517,PPL,2015-02-05,CANDIDATE_ONLY_NOT_G5_MATCHED,False,False,False,0
11,12873,24010,ETR,2015-02-05,CANDIDATE_ONLY_NOT_G5_MATCHED,False,False,False,0
11,12873,41080,CMI,2015-02-05,CANDIDATE_ONLY_NOT_G5_MATCHED,False,False,False,0
11,12873,57568,BLL,2015-02-05,CANDIDATE_ONLY_NOT_G5_MATCHED,False,False,False,0
11,12873,59089,BRS,2015-02-05,CANDIDATE_ONLY_NOT_G5_MATCHED,False,False,False,0
11,12873,65008,ASYS,2015-02-05,CANDIDATE_ONLY_NOT_G5_MATCHED,False,False,False,0
11,12873,72696,SPF,2015-02-05,CANDIDATE_ONLY_NOT_G5_MATCHED,False,False,False,0
11,12873,75607,SYMC,2015-02-05,CANDIDATE_ONLY_NOT_G5_MATCHED,False,False,False,0
11,12873,79857,PTEN,2015-02-05,CANDIDATE_ONLY_NOT_G5_MATCHED,False,False,False,0
11,12873,80924,SIRI,2015-02-05,CANDIDATE_ONLY_NOT_G5_MATCHED,False,False,False,0
11,12873,83961,RSTI,2015-02-05,CANDIDATE_ONLY_NOT_G5_MATCHED,False,False,False,0
11,12873,84172,NUS,2015-02-05,CANDIDATE_ONLY_NOT_G5_MATCHED,False,False,False,0
11,12873,85173,OUTR,2015-02-05,CANDIDATE_ONLY_NOT_G5_MATCHED,False,False,False,0
11,12873,85427,GPI,2015-02-05,CANDIDATE_ONLY_NOT_G5_MATCHED,False,False,False,0
11,12873,85621,MTD,2015-02-05,CANDIDATE_ONLY_NOT_G5_MATCHED,False,False,False,0
11,12873,87172,LIOX,2015-02-05,CANDIDATE_ONLY_NOT_G5_MATCHED,False,False,False,0
11,12873,87227,EGAN,2015-02-05,CANDIDATE_ONLY_NOT_G5_MATCHED,False,False,False,0
11,12873,88574,TSYS,2015-02-05,CANDIDATE_ONLY_NOT_G5_MATCHED,False,False,False,0
11,12873,89002,ADS,2015-02-05,CANDIDATE_ONLY_NOT_G5_MATCHED,False,False,False,0
11,12873,89471,LF,2015-02-05,CANDIDATE_ONLY_NOT_G5_MATCHED,False,False,False,0
11,12873,89626,CME,2015-02-05,CANDIDATE_ONLY_NOT_G5_MATCHED,False,False,False,0
11,12873,89810,GPK,2015-02-05,CANDIDATE_ONLY_NOT_G5_MATCHED,False,False,False,0
11,12873,89971,TPX,2015-02-05,CANDIDATE_ONLY_NOT_G5_MATCHED,False,False,False,0
11,12873,89973,UTI,2015-02-05,CANDIDATE_ONLY_NOT_G5_MATCHED,False,False,False,0
11,12873,90232,MFLX,2015-02-05,CANDIDATE_ONLY_NOT_G5_MATCHED,False,False,False,0
11,12873,90608,INUV,2015-02-05,CANDIDATE_ONLY_NOT_G5_MATCHED,False,False,False,0
11,12873,90808,EXPE,2015-02-05,CANDIDATE_ONLY_NOT_G5_MATCHED,False,False,False,0
11,12873,90867,MWIV,2015-02-05,CANDIDATE_ONLY_NOT_G5_MATCHED,False,False,False,0
11,12873,90875,UEPS,2015-02-05,CANDIDATE_ONLY_NOT_G5_MATCHED,False,False,False,0
11,12873,91849,BR,2015-02-05,CANDIDATE_ONLY_NOT_G5_MATCHED,False,False,False,0
11,12873,91954,ARCW,2015-02-05,CANDIDATE_ONLY_NOT_G5_MATCHED,False,False,False,0
11,12873,92021,SLH,2015-02-05,CANDIDATE_ONLY_NOT_G5_MATCHED,False,False,False,0
11,12873,92293,TDC,2015-02-05,CANDIDATE_ONLY_NOT_G5_MATCHED,False,False,False,0
11,12873,92988,CFN,2015-02-05,CANDIDATE_ONLY_NOT_G5_MATCHED,False,False,False,0
11,12873,93079,ECHO,2015-02-05,CANDIDATE_ONLY_NOT_G5_MATCHED,False,False,False,0
12,12924,12340,TOWR,2015-02-12,CANDIDATE_ONLY_NOT_G5_MATCHED,False,False,False,0
12,12924,12477,WD,2015-02-12,CANDIDATE_ONLY_NOT_G5_MATCHED,False,False,False,0
12,12924,12660,GNC,2015-02-12,CANDIDATE_ONLY_NOT_G5_MATCHED,False,False,False,0
12,12924,13196,RLGT,2015-02-12,CANDIDATE_ONLY_NOT_G5_MATCHED,False,False,False,0
12,12924,13598,KRFT,2015-02-12,CANDIDATE_ONLY_NOT_G5_MATCHED,False,False,False,0
12,12924,13625,SSTK,2015-02-12,CANDIDATE_ONLY_NOT_G5_MATCHED,False,False,False,0
12,12924,17478,MHFI,2015-02-12,CANDIDATE_ONLY_NOT_G5_MATCHED,False,False,False,0
12,12924,26825,K,2015-02-12,CANDIDATE_ONLY_NOT_G5_MATCHED,False,False,False,0
12,12924,34673,NR,2015-02-12,CANDIDATE_ONLY_NOT_G5_MATCHED,False,False,False,0
12,12924,39490,APA,2015-02-12,CANDIDATE_ONLY_NOT_G5_MATCHED,False,False,False,0
12,12924,40416,AVP,2015-02-12,CANDIDATE_ONLY_NOT_G5_MATCHED,False,False,False,0
12,12924,40440,DBD,2015-02-12,CANDIDATE_ONLY_NOT_G5_MATCHED,False,False,False,0
12,12924,41187,HE,2015-02-12,CANDIDATE_ONLY_NOT_G5_MATCHED,False,False,False,0
12,12924,48531,LNCE,2015-02-12,CANDIDATE_ONLY_NOT_G5_MATCHED,False,False,False,0
12,12924,55212,SPW,2015-02-12,CANDIDATE_ONLY_NOT_G5_MATCHED,False,False,False,0
12,12924,70536,SIAL,2015-02-12,CANDIDATE_ONLY_NOT_G5_MATCHED,False,False,False,0
12,12924,76226,CBS,2015-02-12,CANDIDATE_ONLY_NOT_G5_MATCHED,False,False,False,0
12,12924,78977,JAH,2015-02-12,CANDIDATE_ONLY_NOT_G5_MATCHED,False,False,False,0
12,12924,79545,BWA,2015-02-12,CANDIDATE_ONLY_NOT_G5_MATCHED,False,False,False,0
12,12924,79758,BYD,2015-02-12,CANDIDATE_ONLY_NOT_G5_MATCHED,False,False,False,0
12,12924,82307,DVA,2015-02-12,CANDIDATE_ONLY_NOT_G5_MATCHED,False,False,False,0
12,12924,86228,RSG,2015-02-12,CANDIDATE_ONLY_NOT_G5_MATCHED,False,False,False,0
12,12924,86709,AMRI,2015-02-12,CANDIDATE_ONLY_NOT_G5_MATCHED,False,False,False,0
12,12924,88924,FLO,2015-02-12,CANDIDATE_ONLY_NOT_G5_MATCHED,False,False,False,0
12,12924,90110,HSP,2015-02-12,CANDIDATE_ONLY_NOT_G5_MATCHED,False,False,False,0
12,12924,90126,CYTK,2015-02-12,CANDIDATE_ONLY_NOT_G5_MATCHED,False,False,False,0
12,12924,90458,NWE,2015-02-12,CANDIDATE_ONLY_NOT_G5_MATCHED,False,False,False,0
12,12924,90547,ANR,2015-02-12,CANDIDATE_ONLY_NOT_G5_MATCHED,False,False,False,0
12,12924,90775,THS,2015-02-12,CANDIDATE_ONLY_NOT_G5_MATCHED,False,False,False,0
12,12924,91237,VG,2015-02-12,CANDIDATE_ONLY_NOT_G5_MATCHED,False,False,False,0
12,12924,92032,BIOD,2015-02-12,CANDIDATE_ONLY_NOT_G5_MATCHED,False,False,False,0
12,12924,92102,SCOR,2015-02-12,CANDIDATE_ONLY_NOT_G5_MATCHED,False,False,False,0
12,12924,93374,FAF,2015-02-12,CANDIDATE_ONLY_NOT_G5_MATCHED,False,False,False,0
12,12924,93434,SANW,2015-02-12,CANDIDATE_ONLY_NOT_G5_MATCHED,False,False,False,0
13,13105,11293,WSBC,2015-04-28,CANDIDATE_ONLY_NOT_G5_MATCHED,False,False,False,0
13,13105,12374,IPHI,2015-04-28,CANDIDATE_ONLY_NOT_G5_MATCHED,False,False,False,0
13,13105,12795,RPXC,2015-04-28,CANDIDATE_ONLY_NOT_G5_MATCHED,False,False,False,0
13,13105,13253,SLCA,2015-04-28,CANDIDATE_ONLY_NOT_G5_MATCHED,False,False,False,0
13,13105,13598,KRFT,2015-04-28,CANDIDATE_ONLY_NOT_G5_MATCHED,False,False,False,0
13,13105,13704,NEO,2015-04-28,CANDIDATE_ONLY_NOT_G5_MATCHED,False,False,False,0
13,13105,13921,CUBI,2015-04-28,CANDIDATE_ONLY_NOT_G5_MATCHED,False,False,False,0
13,13105,13924,EPZM,2015-04-28,CANDIDATE_ONLY_NOT_G5_MATCHED,False,False,False,0
13,13105,14414,SC,2015-04-28,CANDIDATE_ONLY_NOT_G5_MATCHED,False,False,False,0
13,13105,14558,ALLY,2015-04-28,CANDIDATE_ONLY_NOT_G5_MATCHED,False,False,False,0
13,13105,17478,MHFI,2015-04-28,CANDIDATE_ONLY_NOT_G5_MATCHED,False,False,False,0
13,13105,23473,CINF,2015-04-28,CANDIDATE_ONLY_NOT_G5_MATCHED,False,False,False,0
13,13105,24010,ETR,2015-04-28,CANDIDATE_ONLY_NOT_G5_MATCHED,False,False,False,0
13,13105,25419,WHR,2015-04-28,CANDIDATE_ONLY_NOT_G5_MATCHED,False,False,False,0
13,13105,25785,F,2015-04-28,CANDIDATE_ONLY_NOT_G5_MATCHED,False,False,False,0
13,13105,27422,CLF,2015-04-28,CANDIDATE_ONLY_NOT_G5_MATCHED,False,False,False,0
13,13105,30402,CAS,2015-04-28,CANDIDATE_ONLY_NOT_G5_MATCHED,False,False,False,0
13,13105,33823,BOOM,2015-04-28,CANDIDATE_ONLY_NOT_G5_MATCHED,False,False,False,0
13,13105,35167,FMER,2015-04-28,CANDIDATE_ONLY_NOT_G5_MATCHED,False,False,False,0
13,13105,36898,SCL,2015-04-28,CANDIDATE_ONLY_NOT_G5_MATCHED,False,False,False,0
13,13105,42286,WWW,2015-04-28,CANDIDATE_ONLY_NOT_G5_MATCHED,False,False,False,0
13,13105,43634,IG,2015-04-28,CANDIDATE_ONLY_NOT_G5_MATCHED,False,False,False,0
13,13105,50017,RRC,2015-04-28,CANDIDATE_ONLY_NOT_G5_MATCHED,False,False,False,0
13,13105,57904,AFL,2015-04-28,CANDIDATE_ONLY_NOT_G5_MATCHED,False,False,False,0
13,13105,66384,WDC,2015-04-28,CANDIDATE_ONLY_NOT_G5_MATCHED,False,False,False,0
13,13105,69586,SBCF,2015-04-28,CANDIDATE_ONLY_NOT_G5_MATCHED,False,False,False,0
13,13105,76582,DORM,2015-04-28,CANDIDATE_ONLY_NOT_G5_MATCHED,False,False,False,0
13,13105,76644,X,2015-04-28,CANDIDATE_ONLY_NOT_G5_MATCHED,False,False,False,0
13,13105,76695,PNRA,2015-04-28,CANDIDATE_ONLY_NOT_G5_MATCHED,False,False,False,0
13,13105,76709,IDXX,2015-04-28,CANDIDATE_ONLY_NOT_G5_MATCHED,False,False,False,0
13,13105,77526,RNST,2015-04-28,CANDIDATE_ONLY_NOT_G5_MATCHED,False,False,False,0
13,13105,77605,BSX,2015-04-28,CANDIDATE_ONLY_NOT_G5_MATCHED,False,False,False,0
13,13105,77643,FCF,2015-04-28,CANDIDATE_ONLY_NOT_G5_MATCHED,False,False,False,0
13,13105,77668,ESRX,2015-04-28,CANDIDATE_ONLY_NOT_G5_MATCHED,False,False,False,0
13,13105,78840,IACI,2015-04-28,CANDIDATE_ONLY_NOT_G5_MATCHED,False,False,False,0
13,13105,78876,CRY,2015-04-28,CANDIDATE_ONLY_NOT_G5_MATCHED,False,False,False,0
13,13105,79131,MSL,2015-04-28,CANDIDATE_ONLY_NOT_G5_MATCHED,False,False,False,0
13,13105,79249,BBSI,2015-04-28,CANDIDATE_ONLY_NOT_G5_MATCHED,False,False,False,0
13,13105,80113,CGI,2015-04-28,CANDIDATE_ONLY_NOT_G5_MATCHED,False,False,False,0
13,13105,80924,SIRI,2015-04-28,CANDIDATE_ONLY_NOT_G5_MATCHED,False,False,False,0
13,13105,81501,NATI,2015-04-28,CANDIDATE_ONLY_NOT_G5_MATCHED,False,False,False,0
13,13105,81621,HLIT,2015-04-28,CANDIDATE_ONLY_NOT_G5_MATCHED,False,False,False,0
13,13105,82643,LXK,2015-04-28,CANDIDATE_ONLY_NOT_G5_MATCHED,False,False,False,0
13,13105,84042,PAG,2015-04-28,CANDIDATE_ONLY_NOT_G5_MATCHED,False,False,False,0
13,13105,84734,FBC,2015-04-28,CANDIDATE_ONLY_NOT_G5_MATCHED,False,False,False,0
13,13105,85269,VLO,2015-04-28,CANDIDATE_ONLY_NOT_G5_MATCHED,False,False,False,0
13,13105,85372,FARO,2015-04-28,CANDIDATE_ONLY_NOT_G5_MATCHED,False,False,False,0
13,13105,85427,GPI,2015-04-28,CANDIDATE_ONLY_NOT_G5_MATCHED,False,False,False,0
13,13105,86211,MSTR,2015-04-28,CANDIDATE_ONLY_NOT_G5_MATCHED,False,False,False,0
13,13105,86799,CNX,2015-04-28,CANDIDATE_ONLY_NOT_G5_MATCHED,False,False,False,0
13,13105,86827,HSII,2015-04-28,CANDIDATE_ONLY_NOT_G5_MATCHED,False,False,False,0
13,13105,87006,UTHR,2015-04-28,CANDIDATE_ONLY_NOT_G5_MATCHED,False,False,False,0
13,13105,87236,INAP,2015-04-28,CANDIDATE_ONLY_NOT_G5_MATCHED,False,False,False,0
13,13105,87299,AKAM,2015-04-28,CANDIDATE_ONLY_NOT_G5_MATCHED,False,False,False,0
13,13105,88203,VDSI,2015-04-28,CANDIDATE_ONLY_NOT_G5_MATCHED,False,False,False,0
13,13105,89269,CNC,2015-04-28,CANDIDATE_ONLY_NOT_G5_MATCHED,False,False,False,0
13,13105,89353,JBLU,2015-04-28,CANDIDATE_ONLY_NOT_G5_MATCHED,False,False,False,0
13,13105,89971,TPX,2015-04-28,CANDIDATE_ONLY_NOT_G5_MATCHED,False,False,False,0
13,13105,90110,HSP,2015-04-28,CANDIDATE_ONLY_NOT_G5_MATCHED,False,False,False,0
13,13105,90162,GNW,2015-04-28,CANDIDATE_ONLY_NOT_G5_MATCHED,False,False,False,0
13,13105,91392,WYN,2015-04-28,CANDIDATE_ONLY_NOT_G5_MATCHED,False,False,False,0
13,13105,92810,HBCP,2015-04-28,CANDIDATE_ONLY_NOT_G5_MATCHED,False,False,False,0
13,13105,92931,SWI,2015-04-28,CANDIDATE_ONLY_NOT_G5_MATCHED,False,False,False,0
13,13105,93272,CALX,2015-04-28,CANDIDATE_ONLY_NOT_G5_MATCHED,False,False,False,0
14,13110,11267,CATO,2015-03-19,CANDIDATE_ONLY_NOT_G5_MATCHED,False,False,False,0
14,13110,12080,GMAN,2015-03-19,CANDIDATE_ONLY_NOT_G5_MATCHED,False,False,False,0
14,13110,13858,RALY,2015-03-19,CANDIDATE_ONLY_NOT_G5_MATCHED,False,False,False,0
14,13110,14296,VNCE,2015-03-19,CANDIDATE_ONLY_NOT_G5_MATCHED,False,False,False,0
14,13110,52708,LEN,2015-03-19,CANDIDATE_ONLY_NOT_G5_MATCHED,False,False,False,0
15,13284,11403,CDNS,2015-04-27,CANDIDATE_ONLY_NOT_G5_MATCHED,False,False,False,0
15,13284,13610,OLN,2015-04-27,CANDIDATE_ONLY_NOT_G5_MATCHED,False,False,False,0
15,13284,13878,MDXG,2015-04-27,CANDIDATE_ONLY_NOT_G5_MATCHED,False,False,False,0
15,13284,14271,CUDA,2015-04-27,CANDIDATE_ONLY_NOT_G5_MATCHED,False,False,False,0
15,13284,52936,MCY,2015-04-27,CANDIDATE_ONLY_NOT_G5_MATCHED,False,False,False,0
15,13284,54253,MSA,2015-04-27,CANDIDATE_ONLY_NOT_G5_MATCHED,False,False,False,0
15,13284,76837,HAE,2015-04-27,CANDIDATE_ONLY_NOT_G5_MATCHED,False,False,False,0
15,13284,77338,ROP,2015-04-27,CANDIDATE_ONLY_NOT_G5_MATCHED,False,False,False,0
15,13284,79637,UHS,2015-04-27,CANDIDATE_ONLY_NOT_G5_MATCHED,False,False,False,0
15,13284,80185,PLT,2015-04-27,CANDIDATE_ONLY_NOT_G5_MATCHED,False,False,False,0
15,13284,85246,JLL,2015-04-27,CANDIDATE_ONLY_NOT_G5_MATCHED,False,False,False,0
15,13284,85653,AI,2015-04-27,CANDIDATE_ONLY_NOT_G5_MATCHED,False,False,False,0
15,13284,88280,BHLB,2015-04-27,CANDIDATE_ONLY_NOT_G5_MATCHED,False,False,False,0
15,13284,88467,SOHU,2015-04-27,CANDIDATE_ONLY_NOT_G5_MATCHED,False,False,False,0
15,13284,90086,MBVT,2015-04-27,CANDIDATE_ONLY_NOT_G5_MATCHED,False,False,False,0
15,13284,91614,IPHS,2015-04-27,CANDIDATE_ONLY_NOT_G5_MATCHED,False,False,False,0
15,13284,92282,PKT,2015-04-27,CANDIDATE_ONLY_NOT_G5_MATCHED,False,False,False,0
15,13284,92808,DMRC,2015-04-27,CANDIDATE_ONLY_NOT_G5_MATCHED,False,False,False,0
15,13284,93312,SSNC,2015-04-27,CANDIDATE_ONLY_NOT_G5_MATCHED,False,False,False,0
16,13377,10252,INDB,2013-04-25,CANDIDATE_ONLY_NOT_G5_MATCHED,False,False,False,0
16,13377,10517,AAN,2013-04-25,CANDIDATE_ONLY_NOT_G5_MATCHED,False,False,False,0
16,13377,10530,VIVO,2013-04-25,CANDIDATE_ONLY_NOT_G5_MATCHED,False,False,False,0
16,13377,10693,HLS,2013-04-25,CANDIDATE_ONLY_NOT_G5_MATCHED,False,False,False,0
16,13377,11369,UBSI,2013-04-25,CANDIDATE_ONLY_NOT_G5_MATCHED,False,False,False,0
16,13377,11552,CELG,2013-04-25,CANDIDATE_ONLY_NOT_G5_MATCHED,False,False,False,0
16,13377,11786,SIVB,2013-04-25,CANDIDATE_ONLY_NOT_G5_MATCHED,False,False,False,0
16,13377,11850,XOM,2013-04-25,CANDIDATE_ONLY_NOT_G5_MATCHED,False,False,False,0
16,13377,11896,MXIM,2013-04-25,CANDIDATE_ONLY_NOT_G5_MATCHED,False,False,False,0
16,13377,12036,GMT,2013-04-25,CANDIDATE_ONLY_NOT_G5_MATCHED,False,False,False,0
16,13377,12682,TMS,2013-04-25,CANDIDATE_ONLY_NOT_G5_MATCHED,False,False,False,0
16,13377,12905,SXC,2013-04-25,CANDIDATE_ONLY_NOT_G5_MATCHED,False,False,False,0
16,13377,12914,DNKN,2013-04-25,CANDIDATE_ONLY_NOT_G5_MATCHED,False,False,False,0
16,13377,13085,VAC,2013-04-25,CANDIDATE_ONLY_NOT_G5_MATCHED,False,False,False,0
16,13377,13249,PRLB,2013-04-25,CANDIDATE_ONLY_NOT_G5_MATCHED,False,False,False,0
16,13377,13263,CEMP,2013-04-25,CANDIDATE_ONLY_NOT_G5_MATCHED,False,False,False,0
16,13377,13337,FET,2013-04-25,CANDIDATE_ONLY_NOT_G5_MATCHED,False,False,False,0
16,13377,13610,OLN,2013-04-25,CANDIDATE_ONLY_NOT_G5_MATCHED,False,False,False,0
16,13377,13901,MO,2013-04-25,CANDIDATE_ONLY_NOT_G5_MATCHED,False,False,False,0
16,13377,13928,COP,2013-04-25,CANDIDATE_ONLY_NOT_G5_MATCHED,False,False,False,0
16,13377,16600,HSY,2013-04-25,CANDIDATE_ONLY_NOT_G5_MATCHED,False,False,False,0
16,13377,18649,BCO,2013-04-25,CANDIDATE_ONLY_NOT_G5_MATCHED,False,False,False,0
16,13377,18729,CL,2013-04-25,CANDIDATE_ONLY_NOT_G5_MATCHED,False,False,False,0
16,13377,19393,BMY,2013-04-25,CANDIDATE_ONLY_NOT_G5_MATCHED,False,False,False,0
16,13377,20618,CRS,2013-04-25,CANDIDATE_ONLY_NOT_G5_MATCHED,False,False,False,0
16,13377,22592,MMM,2013-04-25,CANDIDATE_ONLY_NOT_G5_MATCHED,False,False,False,0
16,13377,23085,SCG,2013-04-25,CANDIDATE_ONLY_NOT_G5_MATCHED,False,False,False,0
16,13377,23229,CMS,2013-04-25,CANDIDATE_ONLY_NOT_G5_MATCHED,False,False,False,0
16,13377,23473,CINF,2013-04-25,CANDIDATE_ONLY_NOT_G5_MATCHED,False,False,False,0
16,13377,24010,ETR,2013-04-25,CANDIDATE_ONLY_NOT_G5_MATCHED,False,False,False,0
16,13377,24328,EQT,2013-04-25,CANDIDATE_ONLY_NOT_G5_MATCHED,False,False,False,0
16,13377,24942,RTN,2013-04-25,CANDIDATE_ONLY_NOT_G5_MATCHED,False,False,False,0
16,13377,27684,AVT,2013-04-25,CANDIDATE_ONLY_NOT_G5_MATCHED,False,False,False,0
16,13377,28804,ALK,2013-04-25,CANDIDATE_ONLY_NOT_G5_MATCHED,False,False,False,0
16,13377,34673,NR,2013-04-25,CANDIDATE_ONLY_NOT_G5_MATCHED,False,False,False,0
16,13377,34833,OXY,2013-04-25,CANDIDATE_ONLY_NOT_G5_MATCHED,False,False,False,0
16,13377,42200,PKI,2013-04-25,CANDIDATE_ONLY_NOT_G5_MATCHED,False,False,False,0
16,13377,42796,MDP,2013-04-25,CANDIDATE_ONLY_NOT_G5_MATCHED,False,False,False,0
16,13377,43350,SWK,2013-04-25,CANDIDATE_ONLY_NOT_G5_MATCHED,False,False,False,0
16,13377,43772,BMS,2013-04-25,CANDIDATE_ONLY_NOT_G5_MATCHED,False,False,False,0
16,13377,44134,KMT,2013-04-25,CANDIDATE_ONLY_NOT_G5_MATCHED,False,False,False,0
16,13377,45277,IGT,2013-04-25,CANDIDATE_ONLY_NOT_G5_MATCHED,False,False,False,0
16,13377,45728,IVC,2013-04-25,CANDIDATE_ONLY_NOT_G5_MATCHED,False,False,False,0
16,13377,45911,SWKS,2013-04-25,CANDIDATE_ONLY_NOT_G5_MATCHED,False,False,False,0
16,13377,46340,SFE,2013-04-25,CANDIDATE_ONLY_NOT_G5_MATCHED,False,False,False,0
16,13377,46886,KLAC,2013-04-25,CANDIDATE_ONLY_NOT_G5_MATCHED,False,False,False,0
16,13377,47466,NYT,2013-04-25,CANDIDATE_ONLY_NOT_G5_MATCHED,False,False,False,0
16,13377,48523,LANC,2013-04-25,CANDIDATE_ONLY_NOT_G5_MATCHED,False,False,False,0
16,13377,48961,LAWS,2013-04-25,CANDIDATE_ONLY_NOT_G5_MATCHED,False,False,False,0
16,13377,50017,RRC,2013-04-25,CANDIDATE_ONLY_NOT_G5_MATCHED,False,False,False,0
16,13377,53480,MCRS,2013-04-25,CANDIDATE_ONLY_NOT_G5_MATCHED,False,False,False,0
16,13377,53640,MSCC,2013-04-25,CANDIDATE_ONLY_NOT_G5_MATCHED,False,False,False,0
16,13377,54148,PHM,2013-04-25,CANDIDATE_ONLY_NOT_G5_MATCHED,False,False,False,0
16,13377,55597,MTRN,2013-04-25,CANDIDATE_ONLY_NOT_G5_MATCHED,False,False,False,0
16,13377,56040,NAFC,2013-04-25,CANDIDATE_ONLY_NOT_G5_MATCHED,False,False,False,0
16,13377,57568,BLL,2013-04-25,CANDIDATE_ONLY_NOT_G5_MATCHED,False,False,False,0
16,13377,58683,LUV,2013-04-25,CANDIDATE_ONLY_NOT_G5_MATCHED,False,False,False,0
16,13377,59192,CB,2013-04-25,CANDIDATE_ONLY_NOT_G5_MATCHED,False,False,False,0
16,13377,59396,ORI,2013-04-25,CANDIDATE_ONLY_NOT_G5_MATCHED,False,False,False,0
16,13377,60943,LEG,2013-04-25,CANDIDATE_ONLY_NOT_G5_MATCHED,False,False,False,0
16,13377,61496,PATK,2013-04-25,CANDIDATE_ONLY_NOT_G5_MATCHED,False,False,False,0
16,13377,61743,DLX,2013-04-25,CANDIDATE_ONLY_NOT_G5_MATCHED,False,False,False,0
16,13377,61815,NBL,2013-04-25,CANDIDATE_ONLY_NOT_G5_MATCHED,False,False,False,0
16,13377,63079,KEG,2013-04-25,CANDIDATE_ONLY_NOT_G5_MATCHED,False,False,False,0
16,13377,64936,D,2013-04-25,CANDIDATE_ONLY_NOT_G5_MATCHED,False,False,False,0
16,13377,65509,BLC,2013-04-25,CANDIDATE_ONLY_NOT_G5_MATCHED,False,False,False,0
16,13377,69586,SBCF,2013-04-25,CANDIDATE_ONLY_NOT_G5_MATCHED,False,False,False,0
16,13377,70033,HOG,2013-04-25,CANDIDATE_ONLY_NOT_G5_MATCHED,False,False,False,0
16,13377,70500,CCE,2013-04-25,CANDIDATE_ONLY_NOT_G5_MATCHED,False,False,False,0
16,13377,70536,SIAL,2013-04-25,CANDIDATE_ONLY_NOT_G5_MATCHED,False,False,False,0
16,13377,75215,CSH,2013-04-25,CANDIDATE_ONLY_NOT_G5_MATCHED,False,False,False,0
16,13377,75257,TLAB,2013-04-25,CANDIDATE_ONLY_NOT_G5_MATCHED,False,False,False,0
16,13377,75577,ALTR,2013-04-25,CANDIDATE_ONLY_NOT_G5_MATCHED,False,False,False,0
16,13377,75603,CRUS,2013-04-25,CANDIDATE_ONLY_NOT_G5_MATCHED,False,False,False,0
16,13377,75831,DGII,2013-04-25,CANDIDATE_ONLY_NOT_G5_MATCHED,False,False,False,0
16,13377,76224,BHE,2013-04-25,CANDIDATE_ONLY_NOT_G5_MATCHED,False,False,False,0
16,13377,76624,PMCS,2013-04-25,CANDIDATE_ONLY_NOT_G5_MATCHED,False,False,False,0
16,13377,76841,BIIB,2013-04-25,CANDIDATE_ONLY_NOT_G5_MATCHED,False,False,False,0
16,13377,76980,ROCM,2013-04-25,CANDIDATE_ONLY_NOT_G5_MATCHED,False,False,False,0
16,13377,77037,ODFL,2013-04-25,CANDIDATE_ONLY_NOT_G5_MATCHED,False,False,False,0
16,13377,77114,WRLD,2013-04-25,CANDIDATE_ONLY_NOT_G5_MATCHED,False,False,False,0
16,13377,77279,ABAX,2013-04-25,CANDIDATE_ONLY_NOT_G5_MATCHED,False,False,False,0
16,13377,77366,ELY,2013-04-25,CANDIDATE_ONLY_NOT_G5_MATCHED,False,False,False,0
16,13377,77461,VCI,2013-04-25,CANDIDATE_ONLY_NOT_G5_MATCHED,False,False,False,0
16,13377,77605,BSX,2013-04-25,CANDIDATE_ONLY_NOT_G5_MATCHED,False,False,False,0
16,13377,77630,DWCH,2013-04-25,CANDIDATE_ONLY_NOT_G5_MATCHED,False,False,False,0
16,13377,77702,SBUX,2013-04-25,CANDIDATE_ONLY_NOT_G5_MATCHED,False,False,False,0
16,13377,77763,SPN,2013-04-25,CANDIDATE_ONLY_NOT_G5_MATCHED,False,False,False,0
16,13377,78981,LSTR,2013-04-25,CANDIDATE_ONLY_NOT_G5_MATCHED,False,False,False,0
16,13377,78990,DEST,2013-04-25,CANDIDATE_ONLY_NOT_G5_MATCHED,False,False,False,0
16,13377,79133,ATR,2013-04-25,CANDIDATE_ONLY_NOT_G5_MATCHED,False,False,False,0
16,13377,79210,RGA,2013-04-25,CANDIDATE_ONLY_NOT_G5_MATCHED,False,False,False,0
16,13377,79336,LBY,2013-04-25,CANDIDATE_ONLY_NOT_G5_MATCHED,False,False,False,0
16,13377,79545,BWA,2013-04-25,CANDIDATE_ONLY_NOT_G5_MATCHED,False,False,False,0
16,13377,79637,UHS,2013-04-25,CANDIDATE_ONLY_NOT_G5_MATCHED,False,False,False,0
16,13377,79686,DECK,2013-04-25,CANDIDATE_ONLY_NOT_G5_MATCHED,False,False,False,0
16,13377,79857,PTEN,2013-04-25,CANDIDATE_ONLY_NOT_G5_MATCHED,False,False,False,0
16,13377,79909,MHO,2013-04-25,CANDIDATE_ONLY_NOT_G5_MATCHED,False,False,False,0
16,13377,80113,CGI,2013-04-25,CANDIDATE_ONLY_NOT_G5_MATCHED,False,False,False,0
16,13377,80362,SCSC,2013-04-25,CANDIDATE_ONLY_NOT_G5_MATCHED,False,False,False,0
16,13377,80864,RS,2013-04-25,CANDIDATE_ONLY_NOT_G5_MATCHED,False,False,False,0
16,13377,81128,ESI,2013-04-25,CANDIDATE_ONLY_NOT_G5_MATCHED,False,False,False,0
16,13377,81501,NATI,2013-04-25,CANDIDATE_ONLY_NOT_G5_MATCHED,False,False,False,0
16,13377,81540,ABC,2013-04-25,CANDIDATE_ONLY_NOT_G5_MATCHED,False,False,False,0
16,13377,81564,IBKC,2013-04-25,CANDIDATE_ONLY_NOT_G5_MATCHED,False,False,False,0
16,13377,81857,CAM,2013-04-25,CANDIDATE_ONLY_NOT_G5_MATCHED,False,False,False,0
16,13377,81925,GTI,2013-04-25,CANDIDATE_ONLY_NOT_G5_MATCHED,False,False,False,0
16,13377,82298,DO,2013-04-25,CANDIDATE_ONLY_NOT_G5_MATCHED,False,False,False,0
16,13377,82521,RSYS,2013-04-25,CANDIDATE_ONLY_NOT_G5_MATCHED,False,False,False,0
16,13377,82694,EME,2013-04-25,CANDIDATE_ONLY_NOT_G5_MATCHED,False,False,False,0
16,13377,82859,REV,2013-04-25,CANDIDATE_ONLY_NOT_G5_MATCHED,False,False,False,0
16,13377,83111,ALXN,2013-04-25,CANDIDATE_ONLY_NOT_G5_MATCHED,False,False,False,0
16,13377,83186,DST,2013-04-25,CANDIDATE_ONLY_NOT_G5_MATCHED,False,False,False,0
16,13377,83366,CRR,2013-04-25,CANDIDATE_ONLY_NOT_G5_MATCHED,False,False,False,0
16,13377,84103,NCI,2013-04-25,CANDIDATE_ONLY_NOT_G5_MATCHED,False,False,False,0
16,13377,84168,IM,2013-04-25,CANDIDATE_ONLY_NOT_G5_MATCHED,False,False,False,0
16,13377,84788,AMZN,2013-04-25,CANDIDATE_ONLY_NOT_G5_MATCHED,False,False,False,0
16,13377,85173,CSTR,2013-04-25,CANDIDATE_ONLY_NOT_G5_MATCHED,False,False,False,0
16,13377,85257,AME,2013-04-25,CANDIDATE_ONLY_NOT_G5_MATCHED,False,False,False,0
16,13377,85863,COLM,2013-04-25,CANDIDATE_ONLY_NOT_G5_MATCHED,False,False,False,0
16,13377,85953,SOFO,2013-04-25,CANDIDATE_ONLY_NOT_G5_MATCHED,False,False,False,0
16,13377,85991,LVLT,2013-04-25,CANDIDATE_ONLY_NOT_G5_MATCHED,False,False,False,0
16,13377,86021,LLL,2013-04-25,CANDIDATE_ONLY_NOT_G5_MATCHED,False,False,False,0
16,13377,86047,AMKR,2013-04-25,CANDIDATE_ONLY_NOT_G5_MATCHED,False,False,False,0
16,13377,86102,FII,2013-04-25,CANDIDATE_ONLY_NOT_G5_MATCHED,False,False,False,0
16,13377,86128,HZO,2013-04-25,CANDIDATE_ONLY_NOT_G5_MATCHED,False,False,False,0
16,13377,86228,RSG,2013-04-25,CANDIDATE_ONLY_NOT_G5_MATCHED,False,False,False,0
16,13377,86302,HTBK,2013-04-25,CANDIDATE_ONLY_NOT_G5_MATCHED,False,False,False,0
16,13377,86799,CNX,2013-04-25,CANDIDATE_ONLY_NOT_G5_MATCHED,False,False,False,0
16,13377,87006,UTHR,2013-04-25,CANDIDATE_ONLY_NOT_G5_MATCHED,False,False,False,0
16,13377,87179,NTCT,2013-04-25,CANDIDATE_ONLY_NOT_G5_MATCHED,False,False,False,0
16,13377,87236,INAP,2013-04-25,CANDIDATE_ONLY_NOT_G5_MATCHED,False,False,False,0
16,13377,87447,UPS,2013-04-25,CANDIDATE_ONLY_NOT_G5_MATCHED,False,False,False,0
16,13377,87827,WBSN,2013-04-25,CANDIDATE_ONLY_NOT_G5_MATCHED,False,False,False,0
16,13377,88203,VDSI,2013-04-25,CANDIDATE_ONLY_NOT_G5_MATCHED,False,False,False,0
16,13377,88257,PFBX,2013-04-25,CANDIDATE_ONLY_NOT_G5_MATCHED,False,False,False,0
16,13377,88260,PXLW,2013-04-25,CANDIDATE_ONLY_NOT_G5_MATCHED,False,False,False,0
16,13377,88287,DLA,2013-04-25,CANDIDATE_ONLY_NOT_G5_MATCHED,False,False,False,0
16,13377,88564,RTIX,2013-04-25,CANDIDATE_ONLY_NOT_G5_MATCHED,False,False,False,0
16,13377,88615,GB,2013-04-25,CANDIDATE_ONLY_NOT_G5_MATCHED,False,False,False,0
16,13377,89070,ZMH,2013-04-25,CANDIDATE_ONLY_NOT_G5_MATCHED,False,False,False,0
16,13377,89195,PFG,2013-04-25,CANDIDATE_ONLY_NOT_G5_MATCHED,False,False,False,0
16,13377,89213,WOOF,2013-04-25,CANDIDATE_ONLY_NOT_G5_MATCHED,False,False,False,0
16,13377,89290,SYNA,2013-04-25,CANDIDATE_ONLY_NOT_G5_MATCHED,False,False,False,0
16,13377,89332,DDE,2013-04-25,CANDIDATE_ONLY_NOT_G5_MATCHED,False,False,False,0
16,13377,89353,JBLU,2013-04-25,CANDIDATE_ONLY_NOT_G5_MATCHED,False,False,False,0
16,13377,89387,CPSI,2013-04-25,CANDIDATE_ONLY_NOT_G5_MATCHED,False,False,False,0
16,13377,89533,WYNN,2013-04-25,CANDIDATE_ONLY_NOT_G5_MATCHED,False,False,False,0
16,13377,89642,BBNK,2013-04-25,CANDIDATE_ONLY_NOT_G5_MATCHED,False,False,False,0
16,13377,89781,MOH,2013-04-25,CANDIDATE_ONLY_NOT_G5_MATCHED,False,False,False,0
16,13377,89800,NTGR,2013-04-25,CANDIDATE_ONLY_NOT_G5_MATCHED,False,False,False,0
16,13377,89810,GPK,2013-04-25,CANDIDATE_ONLY_NOT_G5_MATCHED,False,False,False,0
16,13377,89876,CRI,2013-04-25,CANDIDATE_ONLY_NOT_G5_MATCHED,False,False,False,0
16,13377,89922,TSRA,2013-04-25,CANDIDATE_ONLY_NOT_G5_MATCHED,False,False,False,0
16,13377,90199,CBG,2013-04-25,CANDIDATE_ONLY_NOT_G5_MATCHED,False,False,False,0
16,13377,90200,CAB,2013-04-25,CANDIDATE_ONLY_NOT_G5_MATCHED,False,False,False,0
16,13377,90210,LTM,2013-04-25,CANDIDATE_ONLY_NOT_G5_MATCHED,False,False,False,0
16,13377,90238,SNMX,2013-04-25,CANDIDATE_ONLY_NOT_G5_MATCHED,False,False,False,0
16,13377,90409,HURN,2013-04-25,CANDIDATE_ONLY_NOT_G5_MATCHED,False,False,False,0
16,13377,90458,NWE,2013-04-25,CANDIDATE_ONLY_NOT_G5_MATCHED,False,False,False,0
16,13377,90536,GFIG,2013-04-25,CANDIDATE_ONLY_NOT_G5_MATCHED,False,False,False,0
16,13377,90550,DLB,2013-04-25,CANDIDATE_ONLY_NOT_G5_MATCHED,False,False,False,0
16,13377,90605,UACL,2013-04-25,CANDIDATE_ONLY_NOT_G5_MATCHED,False,False,False,0
16,13377,90730,HBOS,2013-04-25,CANDIDATE_ONLY_NOT_G5_MATCHED,False,False,False,0
16,13377,90808,EXPE,2013-04-25,CANDIDATE_ONLY_NOT_G5_MATCHED,False,False,False,0
16,13377,90814,HITT,2013-04-25,CANDIDATE_ONLY_NOT_G5_MATCHED,False,False,False,0
16,13377,90831,DRC,2013-04-25,CANDIDATE_ONLY_NOT_G5_MATCHED,False,False,False,0
16,13377,90951,HERO,2013-04-25,CANDIDATE_ONLY_NOT_G5_MATCHED,False,False,False,0
16,13377,91103,UAL,2013-04-25,CANDIDATE_ONLY_NOT_G5_MATCHED,False,False,False,0
16,13377,91349,CLUB,2013-04-25,CANDIDATE_ONLY_NOT_G5_MATCHED,False,False,False,0
16,13377,91579,KBR,2013-04-25,CANDIDATE_ONLY_NOT_G5_MATCHED,False,False,False,0
16,13377,91854,UFS,2013-04-25,CANDIDATE_ONLY_NOT_G5_MATCHED,False,False,False,0
16,13377,91883,TWC,2013-04-25,CANDIDATE_ONLY_NOT_G5_MATCHED,False,False,False,0
16,13377,92029,TRS,2013-04-25,CANDIDATE_ONLY_NOT_G5_MATCHED,False,False,False,0
16,13377,92302,CTCT,2013-04-25,CANDIDATE_ONLY_NOT_G5_MATCHED,False,False,False,0
16,13377,92497,N,2013-04-25,CANDIDATE_ONLY_NOT_G5_MATCHED,False,False,False,0
16,13377,92570,DAN,2013-04-25,CANDIDATE_ONLY_NOT_G5_MATCHED,False,False,False,0
16,13377,92890,MJN,2013-04-25,CANDIDATE_ONLY_NOT_G5_MATCHED,False,False,False,0
16,13377,93101,LEA,2013-04-25,CANDIDATE_ONLY_NOT_G5_MATCHED,False,False,False,0
16,13377,93374,FAF,2013-04-25,CANDIDATE_ONLY_NOT_G5_MATCHED,False,False,False,0
17,13447,10138,TROW,2015-01-28,CANDIDATE_ONLY_NOT_G5_MATCHED,False,False,False,0
17,13447,12052,GD,2015-01-28,CANDIDATE_ONLY_NOT_G5_MATCHED,False,False,False,0
17,13447,13407,FB,2015-01-28,CANDIDATE_ONLY_NOT_G5_MATCHED,False,False,False,0
17,13447,19561,BA,2015-01-28,CANDIDATE_ONLY_NOT_G5_MATCHED,False,False,False,0
17,13447,21573,IP,2015-01-28,CANDIDATE_ONLY_NOT_G5_MATCHED,False,False,False,0
17,13447,23297,EAT,2015-01-28,CANDIDATE_ONLY_NOT_G5_MATCHED,False,False,False,0
17,13447,24109,AEP,2015-01-28,CANDIDATE_ONLY_NOT_G5_MATCHED,False,False,False,0
17,13447,27043,VAR,2015-01-28,CANDIDATE_ONLY_NOT_G5_MATCHED,False,False,False,0
17,13447,27888,CFR,2015-01-28,CANDIDATE_ONLY_NOT_G5_MATCHED,False,False,False,0
17,13447,42796,MDP,2015-01-28,CANDIDATE_ONLY_NOT_G5_MATCHED,False,False,False,0
17,13447,48486,LRCX,2015-01-28,CANDIDATE_ONLY_NOT_G5_MATCHED,False,False,False,0
17,13447,52090,MKC,2015-01-28,CANDIDATE_ONLY_NOT_G5_MATCHED,False,False,False,0
17,13447,59045,KEX,2015-01-28,CANDIDATE_ONLY_NOT_G5_MATCHED,False,False,False,0
17,13447,66245,MDC,2015-01-28,CANDIDATE_ONLY_NOT_G5_MATCHED,False,False,False,0
17,13447,66683,RES,2015-01-28,CANDIDATE_ONLY_NOT_G5_MATCHED,False,False,False,0
17,13447,68196,SEIC,2015-01-28,CANDIDATE_ONLY_NOT_G5_MATCHED,False,False,False,0
17,13447,76095,HOLX,2015-01-28,CANDIDATE_ONLY_NOT_G5_MATCHED,False,False,False,0
17,13447,76477,ATK,2015-01-28,CANDIDATE_ONLY_NOT_G5_MATCHED,False,False,False,0
17,13447,77178,QCOM,2015-01-28,CANDIDATE_ONLY_NOT_G5_MATCHED,False,False,False,0
17,13447,77630,DWCH,2015-01-28,CANDIDATE_ONLY_NOT_G5_MATCHED,False,False,False,0
17,13447,77643,FCF,2015-01-28,CANDIDATE_ONLY_NOT_G5_MATCHED,False,False,False,0
17,13447,79796,AF,2015-01-28,CANDIDATE_ONLY_NOT_G5_MATCHED,False,False,False,0
17,13447,80113,CGI,2015-01-28,CANDIDATE_ONLY_NOT_G5_MATCHED,False,False,False,0
17,13447,80191,ALB,2015-01-28,CANDIDATE_ONLY_NOT_G5_MATCHED,False,False,False,0
17,13447,80286,TSCO,2015-01-28,CANDIDATE_ONLY_NOT_G5_MATCHED,False,False,False,0
17,13447,81564,IBKC,2015-01-28,CANDIDATE_ONLY_NOT_G5_MATCHED,False,False,False,0
17,13447,82607,PRXL,2015-01-28,CANDIDATE_ONLY_NOT_G5_MATCHED,False,False,False,0
17,13447,83462,TUP,2015-01-28,CANDIDATE_ONLY_NOT_G5_MATCHED,False,False,False,0
17,13447,84262,STLD,2015-01-28,CANDIDATE_ONLY_NOT_G5_MATCHED,False,False,False,0
17,13447,85257,AME,2015-01-28,CANDIDATE_ONLY_NOT_G5_MATCHED,False,False,False,0
17,13447,85349,MTOR,2015-01-28,CANDIDATE_ONLY_NOT_G5_MATCHED,False,False,False,0
17,13447,85860,BRKL,2015-01-28,CANDIDATE_ONLY_NOT_G5_MATCHED,False,False,False,0
17,13447,86822,EXTR,2015-01-28,CANDIDATE_ONLY_NOT_G5_MATCHED,False,False,False,0
17,13447,87612,ISIL,2015-01-28,CANDIDATE_ONLY_NOT_G5_MATCHED,False,False,False,0
17,13447,87659,ENR,2015-01-28,CANDIDATE_ONLY_NOT_G5_MATCHED,False,False,False,0
17,13447,90164,GHL,2015-01-28,CANDIDATE_ONLY_NOT_G5_MATCHED,False,False,False,0
17,13447,90505,LVS,2015-01-28,CANDIDATE_ONLY_NOT_G5_MATCHED,False,False,False,0
17,13447,90742,SGI,2015-01-28,CANDIDATE_ONLY_NOT_G5_MATCHED,False,False,False,0
17,13447,91463,CVLT,2015-01-28,CANDIDATE_ONLY_NOT_G5_MATCHED,False,False,False,0
17,13447,91659,ALGT,2015-01-28,CANDIDATE_ONLY_NOT_G5_MATCHED,False,False,False,0
17,13447,92034,CAVM,2015-01-28,CANDIDATE_ONLY_NOT_G5_MATCHED,False,False,False,0
17,13447,92207,SHOR,2015-01-28,CANDIDATE_ONLY_NOT_G5_MATCHED,False,False,False,0
17,13447,93132,FTNT,2015-01-28,CANDIDATE_ONLY_NOT_G5_MATCHED,False,False,False,0
18,13447,10932,WBS,2015-04-16,CANDIDATE_ONLY_NOT_G5_MATCHED,False,False,False,0
18,13447,12073,PBCT,2015-04-16,CANDIDATE_ONLY_NOT_G5_MATCHED,False,False,False,0
18,13447,12448,FRC,2015-04-16,CANDIDATE_ONLY_NOT_G5_MATCHED,False,False,False,0
18,13447,15318,ASB,2015-04-16,CANDIDATE_ONLY_NOT_G5_MATCHED,False,False,False,0
18,13447,17726,CCK,2015-04-16,CANDIDATE_ONLY_NOT_G5_MATCHED,False,False,False,0
18,13447,36468,SHW,2015-04-16,CANDIDATE_ONLY_NOT_G5_MATCHED,False,False,False,0
18,13447,61241,AMD,2015-04-16,CANDIDATE_ONLY_NOT_G5_MATCHED,False,False,False,0
18,13447,64995,KEY,2015-04-16,CANDIDATE_ONLY_NOT_G5_MATCHED,False,False,False,0
18,13447,79072,BANF,2015-04-16,CANDIDATE_ONLY_NOT_G5_MATCHED,False,False,False,0
18,13447,79824,FFIN,2015-04-16,CANDIDATE_ONLY_NOT_G5_MATCHED,False,False,False,0
18,13447,86157,COBZ,2015-04-16,CANDIDATE_ONLY_NOT_G5_MATCHED,False,False,False,0
18,13447,87020,PVTB,2015-04-16,CANDIDATE_ONLY_NOT_G5_MATCHED,False,False,False,0
18,13447,87725,IIIN,2015-04-16,CANDIDATE_ONLY_NOT_G5_MATCHED,False,False,False,0
18,13447,89002,ADS,2015-04-16,CANDIDATE_ONLY_NOT_G5_MATCHED,False,False,False,0
19,13687,14166,NVEE,2015-03-26,CANDIDATE_ONLY_NOT_G5_MATCHED,False,False,False,0
19,13687,30680,CMC,2015-03-26,CANDIDATE_ONLY_NOT_G5_MATCHED,False,False,False,0
19,13687,51086,WGO,2015-03-26,CANDIDATE_ONLY_NOT_G5_MATCHED,False,False,False,0
20,13936,11379,DXLG,2015-03-25,CANDIDATE_ONLY_NOT_G5_MATCHED,False,False,False,0
20,13936,83601,WOR,2015-03-25,CANDIDATE_ONLY_NOT_G5_MATCHED,False,False,False,0
20,13936,88620,VRML,2015-03-25,CANDIDATE_ONLY_NOT_G5_MATCHED,False,False,False,0
21,14231,13049,ZLTQ,2015-03-03,CANDIDATE_ONLY_NOT_G5_MATCHED,False,False,False,0
21,14231,49905,KATE,2015-03-03,CANDIDATE_ONLY_NOT_G5_MATCHED,False,False,False,0
21,14231,82831,INSY,2015-03-03,CANDIDATE_ONLY_NOT_G5_MATCHED,False,False,False,0
21,14231,85757,ACY,2015-03-03,CANDIDATE_ONLY_NOT_G5_MATCHED,False,False,False,0
21,14231,87255,TIVO,2015-03-03,CANDIDATE_ONLY_NOT_G5_MATCHED,False,False,False,0
21,14231,89540,DKS,2015-03-03,CANDIDATE_ONLY_NOT_G5_MATCHED,False,False,False,0
21,14231,89606,SWHC,2015-03-03,CANDIDATE_ONLY_NOT_G5_MATCHED,False,False,False,0
21,14231,90604,THLD,2015-03-03,CANDIDATE_ONLY_NOT_G5_MATCHED,False,False,False,0
22,15456,27828,HPQ,2011-08-18,CANDIDATE_ONLY_NOT_G5_MATCHED,False,False,False,0
22,15456,52813,MENT,2011-08-18,CANDIDATE_ONLY_NOT_G5_MATCHED,False,False,False,0
22,15456,57809,NDSN,2011-08-18,CANDIDATE_ONLY_NOT_G5_MATCHED,False,False,False,0
22,15456,59010,GPS,2011-08-18,CANDIDATE_ONLY_NOT_G5_MATCHED,False,False,False,0
22,15456,60580,TTC,2011-08-18,CANDIDATE_ONLY_NOT_G5_MATCHED,False,False,False,0
22,15456,76217,WTSLA,2011-08-18,CANDIDATE_ONLY_NOT_G5_MATCHED,False,False,False,0
22,15456,76847,BONT,2011-08-18,CANDIDATE_ONLY_NOT_G5_MATCHED,False,False,False,0
22,15456,77584,BKE,2011-08-18,CANDIDATE_ONLY_NOT_G5_MATCHED,False,False,False,0
22,15456,78975,INTU,2011-08-18,CANDIDATE_ONLY_NOT_G5_MATCHED,False,False,False,0
22,15456,79195,PERY,2011-08-18,CANDIDATE_ONLY_NOT_G5_MATCHED,False,False,False,0
22,15456,80362,SCSC,2011-08-18,CANDIDATE_ONLY_NOT_G5_MATCHED,False,False,False,0
22,15456,81481,DLTR,2011-08-18,CANDIDATE_ONLY_NOT_G5_MATCHED,False,False,False,0
22,15456,85631,ADSK,2011-08-18,CANDIDATE_ONLY_NOT_G5_MATCHED,False,False,False,0
22,15456,89289,SSI,2011-08-18,CANDIDATE_ONLY_NOT_G5_MATCHED,False,False,False,0
22,15456,89301,GME,2011-08-18,CANDIDATE_ONLY_NOT_G5_MATCHED,False,False,False,0
23,16432,11664,GDOT,2011-07-28,CANDIDATE_ONLY_NOT_G5_MATCHED,False,False,False,0
23,16432,11850,XOM,2011-07-28,CANDIDATE_ONLY_NOT_G5_MATCHED,False,False,False,0
23,16432,11955,WM,2011-07-28,CANDIDATE_ONLY_NOT_G5_MATCHED,False,False,False,0
23,16432,12011,RLD,2011-07-28,CANDIDATE_ONLY_NOT_G5_MATCHED,False,False,False,0
23,16432,12036,GMT,2011-07-28,CANDIDATE_ONLY_NOT_G5_MATCHED,False,False,False,0
23,16432,18649,BCO,2011-07-28,CANDIDATE_ONLY_NOT_G5_MATCHED,False,False,False,0
23,16432,18729,CL,2011-07-28,CANDIDATE_ONLY_NOT_G5_MATCHED,False,False,False,0
23,16432,20053,SNV,2011-07-28,CANDIDATE_ONLY_NOT_G5_MATCHED,False,False,False,0
23,16432,20504,CACH,2011-07-28,CANDIDATE_ONLY_NOT_G5_MATCHED,False,False,False,0
23,16432,20618,CRS,2011-07-28,CANDIDATE_ONLY_NOT_G5_MATCHED,False,False,False,0
23,16432,22779,MSI,2011-07-28,CANDIDATE_ONLY_NOT_G5_MATCHED,False,False,False,0
23,16432,22859,DPL,2011-07-28,CANDIDATE_ONLY_NOT_G5_MATCHED,False,False,False,0
23,16432,23931,XEL,2011-07-28,CANDIDATE_ONLY_NOT_G5_MATCHED,False,False,False,0
23,16432,24328,EQT,2011-07-28,CANDIDATE_ONLY_NOT_G5_MATCHED,False,False,False,0
23,16432,39087,S,2011-07-28,CANDIDATE_ONLY_NOT_G5_MATCHED,False,False,False,0
23,16432,44274,INSU,2011-07-28,CANDIDATE_ONLY_NOT_G5_MATCHED,False,False,False,0
23,16432,48961,LAWS,2011-07-28,CANDIDATE_ONLY_NOT_G5_MATCHED,False,False,False,0
23,16432,53065,IPG,2011-07-28,CANDIDATE_ONLY_NOT_G5_MATCHED,False,False,False,0
23,16432,54704,MOD,2011-07-28,CANDIDATE_ONLY_NOT_G5_MATCHED,False,False,False,0
23,16432,60468,GHM,2011-07-28,CANDIDATE_ONLY_NOT_G5_MATCHED,False,False,False,0
23,16432,64961,QSII,2011-07-28,CANDIDATE_ONLY_NOT_G5_MATCHED,False,False,False,0
23,16432,70308,ARG,2011-07-28,CANDIDATE_ONLY_NOT_G5_MATCHED,False,False,False,0
23,16432,70500,CCE,2011-07-28,CANDIDATE_ONLY_NOT_G5_MATCHED,False,False,False,0
23,16432,75460,TNC,2011-07-28,CANDIDATE_ONLY_NOT_G5_MATCHED,False,False,False,0
23,16432,76207,ACAT,2011-07-28,CANDIDATE_ONLY_NOT_G5_MATCHED,False,False,False,0
23,16432,76744,VRTX,2011-07-28,CANDIDATE_ONLY_NOT_G5_MATCHED,False,False,False,0
23,16432,77037,ODFL,2011-07-28,CANDIDATE_ONLY_NOT_G5_MATCHED,False,False,False,0
23,16432,77520,AGCO,2011-07-28,CANDIDATE_ONLY_NOT_G5_MATCHED,False,False,False,0
23,16432,77702,SBUX,2011-07-28,CANDIDATE_ONLY_NOT_G5_MATCHED,False,False,False,0
23,16432,77787,ZOLL,2011-07-28,CANDIDATE_ONLY_NOT_G5_MATCHED,False,False,False,0
23,16432,78015,MTX,2011-07-28,CANDIDATE_ONLY_NOT_G5_MATCHED,False,False,False,0
23,16432,78877,CHK,2011-07-28,CANDIDATE_ONLY_NOT_G5_MATCHED,False,False,False,0
23,16432,79686,DECK,2011-07-28,CANDIDATE_ONLY_NOT_G5_MATCHED,False,False,False,0
23,16432,79864,VSEC,2011-07-28,CANDIDATE_ONLY_NOT_G5_MATCHED,False,False,False,0
23,16432,79884,WMAR,2011-07-28,CANDIDATE_ONLY_NOT_G5_MATCHED,False,False,False,0
23,16432,79906,INCY,2011-07-28,CANDIDATE_ONLY_NOT_G5_MATCHED,False,False,False,0
23,16432,80080,EMN,2011-07-28,CANDIDATE_ONLY_NOT_G5_MATCHED,False,False,False,0
23,16432,80266,QLGC,2011-07-28,CANDIDATE_ONLY_NOT_G5_MATCHED,False,False,False,0
23,16432,80415,EXP,2011-07-28,CANDIDATE_ONLY_NOT_G5_MATCHED,False,False,False,0
23,16432,80864,RS,2011-07-28,CANDIDATE_ONLY_NOT_G5_MATCHED,False,False,False,0
23,16432,81061,MCK,2011-07-28,CANDIDATE_ONLY_NOT_G5_MATCHED,False,False,False,0
23,16432,81116,VECO,2011-07-28,CANDIDATE_ONLY_NOT_G5_MATCHED,False,False,False,0
23,16432,81925,GTI,2011-07-28,CANDIDATE_ONLY_NOT_G5_MATCHED,False,False,False,0
23,16432,82521,RSYS,2011-07-28,CANDIDATE_ONLY_NOT_G5_MATCHED,False,False,False,0
23,16432,82859,REV,2011-07-28,CANDIDATE_ONLY_NOT_G5_MATCHED,False,False,False,0
23,16432,83143,IRM,2011-07-28,CANDIDATE_ONLY_NOT_G5_MATCHED,False,False,False,0
23,16432,83756,GERN,2011-07-28,CANDIDATE_ONLY_NOT_G5_MATCHED,False,False,False,0
23,16432,83799,STRA,2011-07-28,CANDIDATE_ONLY_NOT_G5_MATCHED,False,False,False,0
23,16432,84041,TGI,2011-07-28,CANDIDATE_ONLY_NOT_G5_MATCHED,False,False,False,0
23,16432,84342,MWW,2011-07-28,CANDIDATE_ONLY_NOT_G5_MATCHED,False,False,False,0
23,16432,84381,ROK,2011-07-28,CANDIDATE_ONLY_NOT_G5_MATCHED,False,False,False,0
23,16432,84413,CERS,2011-07-28,CANDIDATE_ONLY_NOT_G5_MATCHED,False,False,False,0
23,16432,84737,GIFI,2011-07-28,CANDIDATE_ONLY_NOT_G5_MATCHED,False,False,False,0
23,16432,85077,SRT,2011-07-28,CANDIDATE_ONLY_NOT_G5_MATCHED,False,False,False,0
23,16432,85332,BHB,2011-07-28,CANDIDATE_ONLY_NOT_G5_MATCHED,False,False,False,0
23,16432,85863,COLM,2011-07-28,CANDIDATE_ONLY_NOT_G5_MATCHED,False,False,False,0
23,16432,86021,LLL,2011-07-28,CANDIDATE_ONLY_NOT_G5_MATCHED,False,False,False,0
23,16432,86128,HZO,2011-07-28,CANDIDATE_ONLY_NOT_G5_MATCHED,False,False,False,0
23,16432,86322,DRIV,2011-07-28,CANDIDATE_ONLY_NOT_G5_MATCHED,False,False,False,0
23,16432,86362,IXYS,2011-07-28,CANDIDATE_ONLY_NOT_G5_MATCHED,False,False,False,0
23,16432,86544,INSP,2011-07-28,CANDIDATE_ONLY_NOT_G5_MATCHED,False,False,False,0
23,16432,87013,ARBA,2011-07-28,CANDIDATE_ONLY_NOT_G5_MATCHED,False,False,False,0
23,16432,87146,NST,2011-07-28,CANDIDATE_ONLY_NOT_G5_MATCHED,False,False,False,0
23,16432,87361,PCTI,2011-07-28,CANDIDATE_ONLY_NOT_G5_MATCHED,False,False,False,0
23,16432,87373,ALSK,2011-07-28,CANDIDATE_ONLY_NOT_G5_MATCHED,False,False,False,0
23,16432,87445,TDY,2011-07-28,CANDIDATE_ONLY_NOT_G5_MATCHED,False,False,False,0
23,16432,87652,LNBB,2011-07-28,CANDIDATE_ONLY_NOT_G5_MATCHED,False,False,False,0
23,16432,87842,MET,2011-07-28,CANDIDATE_ONLY_NOT_G5_MATCHED,False,False,False,0
23,16432,88284,CYH,2011-07-28,CANDIDATE_ONLY_NOT_G5_MATCHED,False,False,False,0
23,16432,88379,NTRI,2011-07-28,CANDIDATE_ONLY_NOT_G5_MATCHED,False,False,False,0
23,16432,88511,CRIS,2011-07-28,CANDIDATE_ONLY_NOT_G5_MATCHED,False,False,False,0
23,16432,88564,RTIX,2011-07-28,CANDIDATE_ONLY_NOT_G5_MATCHED,False,False,False,0
23,16432,88590,DNB,2011-07-28,CANDIDATE_ONLY_NOT_G5_MATCHED,False,False,False,0
23,16432,88740,POZN,2011-07-28,CANDIDATE_ONLY_NOT_G5_MATCHED,False,False,False,0
23,16432,89036,BABY,2011-07-28,CANDIDATE_ONLY_NOT_G5_MATCHED,False,False,False,0
23,16432,89046,WMGI,2011-07-28,CANDIDATE_ONLY_NOT_G5_MATCHED,False,False,False,0
23,16432,89213,WOOF,2011-07-28,CANDIDATE_ONLY_NOT_G5_MATCHED,False,False,False,0
23,16432,89252,FVE,2011-07-28,CANDIDATE_ONLY_NOT_G5_MATCHED,False,False,False,0
23,16432,89387,CPSI,2011-07-28,CANDIDATE_ONLY_NOT_G5_MATCHED,False,False,False,0
23,16432,89409,RGC,2011-07-28,CANDIDATE_ONLY_NOT_G5_MATCHED,False,False,False,0
23,16432,89419,PACR,2011-07-28,CANDIDATE_ONLY_NOT_G5_MATCHED,False,False,False,0
23,16432,89642,BBNK,2011-07-28,CANDIDATE_ONLY_NOT_G5_MATCHED,False,False,False,0
23,16432,89876,CRI,2011-07-28,CANDIDATE_ONLY_NOT_G5_MATCHED,False,False,False,0
23,16432,89922,TSRA,2011-07-28,CANDIDATE_ONLY_NOT_G5_MATCHED,False,False,False,0
23,16432,89952,CMP,2011-07-28,CANDIDATE_ONLY_NOT_G5_MATCHED,False,False,False,0
23,16432,90020,AACC,2011-07-28,CANDIDATE_ONLY_NOT_G5_MATCHED,False,False,False,0
23,16432,90083,DDIC,2011-07-28,CANDIDATE_ONLY_NOT_G5_MATCHED,False,False,False,0
23,16432,90200,CAB,2011-07-28,CANDIDATE_ONLY_NOT_G5_MATCHED,False,False,False,0
23,16432,90213,MGI,2011-07-28,CANDIDATE_ONLY_NOT_G5_MATCHED,False,False,False,0
23,16432,90287,NETL,2011-07-28,CANDIDATE_ONLY_NOT_G5_MATCHED,False,False,False,0
23,16432,90371,BBW,2011-07-28,CANDIDATE_ONLY_NOT_G5_MATCHED,False,False,False,0
23,16432,90377,NANO,2011-07-28,CANDIDATE_ONLY_NOT_G5_MATCHED,False,False,False,0
23,16432,90531,PHH,2011-07-28,CANDIDATE_ONLY_NOT_G5_MATCHED,False,False,False,0
23,16432,90756,OSK,2011-07-28,CANDIDATE_ONLY_NOT_G5_MATCHED,False,False,False,0
23,16432,90833,HPY,2011-07-28,CANDIDATE_ONLY_NOT_G5_MATCHED,False,False,False,0
23,16432,90874,TRLG,2011-07-28,CANDIDATE_ONLY_NOT_G5_MATCHED,False,False,False,0
23,16432,91207,HOT,2011-07-28,CANDIDATE_ONLY_NOT_G5_MATCHED,False,False,False,0
23,16432,91413,EVR,2011-07-28,CANDIDATE_ONLY_NOT_G5_MATCHED,False,False,False,0
23,16432,91472,PBIB,2011-07-28,CANDIDATE_ONLY_NOT_G5_MATCHED,False,False,False,0
23,16432,91883,TWC,2011-07-28,CANDIDATE_ONLY_NOT_G5_MATCHED,False,False,False,0
23,16432,91901,GSIT,2011-07-28,CANDIDATE_ONLY_NOT_G5_MATCHED,False,False,False,0
23,16432,92190,MF,2011-07-28,CANDIDATE_ONLY_NOT_G5_MATCHED,False,False,False,0
23,16432,92195,BNCL,2011-07-28,CANDIDATE_ONLY_NOT_G5_MATCHED,False,False,False,0
23,16432,92302,CTCT,2011-07-28,CANDIDATE_ONLY_NOT_G5_MATCHED,False,False,False,0
23,16432,92446,PROJ,2011-07-28,CANDIDATE_ONLY_NOT_G5_MATCHED,False,False,False,0
23,16432,92854,CLW,2011-07-28,CANDIDATE_ONLY_NOT_G5_MATCHED,False,False,False,0
23,16432,92890,MJN,2011-07-28,CANDIDATE_ONLY_NOT_G5_MATCHED,False,False,False,0
23,16432,93015,ART,2011-07-28,CANDIDATE_ONLY_NOT_G5_MATCHED,False,False,False,0
23,16432,93056,DOLE,2011-07-28,CANDIDATE_ONLY_NOT_G5_MATCHED,False,False,False,0
23,16432,93289,MXL,2011-07-28,CANDIDATE_ONLY_NOT_G5_MATCHED,False,False,False,0
23,16432,93301,AVEO,2011-07-28,CANDIDATE_ONLY_NOT_G5_MATCHED,False,False,False,0
24,18542,10302,CY,2012-01-26,CANDIDATE_ONLY_NOT_G5_MATCHED,False,False,False,0
24,18542,10397,WERN,2012-01-26,CANDIDATE_ONLY_NOT_G5_MATCHED,False,False,False,0
24,18542,11369,UBSI,2012-01-26,CANDIDATE_ONLY_NOT_G5_MATCHED,False,False,False,0
24,18542,11664,GDOT,2012-01-26,CANDIDATE_ONLY_NOT_G5_MATCHED,False,False,False,0
24,18542,18729,CL,2012-01-26,CANDIDATE_ONLY_NOT_G5_MATCHED,False,False,False,0
24,18542,20618,CRS,2012-01-26,CANDIDATE_ONLY_NOT_G5_MATCHED,False,False,False,0
24,18542,22592,MMM,2012-01-26,CANDIDATE_ONLY_NOT_G5_MATCHED,False,False,False,0
24,18542,24328,EQT,2012-01-26,CANDIDATE_ONLY_NOT_G5_MATCHED,False,False,False,0
24,18542,27684,AVT,2012-01-26,CANDIDATE_ONLY_NOT_G5_MATCHED,False,False,False,0
24,18542,27887,BAX,2012-01-26,CANDIDATE_ONLY_NOT_G5_MATCHED,False,False,False,0
24,18542,32540,ELX,2012-01-26,CANDIDATE_ONLY_NOT_G5_MATCHED,False,False,False,0
24,18542,32942,HUBB,2012-01-26,CANDIDATE_ONLY_NOT_G5_MATCHED,False,False,False,0
24,18542,42877,JBHT,2012-01-26,CANDIDATE_ONLY_NOT_G5_MATCHED,False,False,False,0
24,18542,52090,MKC,2012-01-26,CANDIDATE_ONLY_NOT_G5_MATCHED,False,False,False,0
24,18542,56611,NPBC,2012-01-26,CANDIDATE_ONLY_NOT_G5_MATCHED,False,False,False,0
24,18542,61743,DLX,2012-01-26,CANDIDATE_ONLY_NOT_G5_MATCHED,False,False,False,0
24,18542,62383,RYL,2012-01-26,CANDIDATE_ONLY_NOT_G5_MATCHED,False,False,False,0
24,18542,64135,WMS,2012-01-26,CANDIDATE_ONLY_NOT_G5_MATCHED,False,False,False,0
24,18542,64961,QSII,2012-01-26,CANDIDATE_ONLY_NOT_G5_MATCHED,False,False,False,0
24,18542,66093,T,2012-01-26,CANDIDATE_ONLY_NOT_G5_MATCHED,False,False,False,0
24,18542,70308,ARG,2012-01-26,CANDIDATE_ONLY_NOT_G5_MATCHED,False,False,False,0
24,18542,75215,CSH,2012-01-26,CANDIDATE_ONLY_NOT_G5_MATCHED,False,False,False,0
24,18542,75603,CRUS,2012-01-26,CANDIDATE_ONLY_NOT_G5_MATCHED,False,False,False,0
24,18542,76207,ACAT,2012-01-26,CANDIDATE_ONLY_NOT_G5_MATCHED,False,False,False,0
24,18542,76708,DV,2012-01-26,CANDIDATE_ONLY_NOT_G5_MATCHED,False,False,False,0
24,18542,76711,RGS,2012-01-26,CANDIDATE_ONLY_NOT_G5_MATCHED,False,False,False,0
24,18542,77702,SBUX,2012-01-26,CANDIDATE_ONLY_NOT_G5_MATCHED,False,False,False,0
24,18542,80080,EMN,2012-01-26,CANDIDATE_ONLY_NOT_G5_MATCHED,False,False,False,0
24,18542,80223,BPFH,2012-01-26,CANDIDATE_ONLY_NOT_G5_MATCHED,False,False,False,0
24,18542,80266,QLGC,2012-01-26,CANDIDATE_ONLY_NOT_G5_MATCHED,False,False,False,0
24,18542,80362,SCSC,2012-01-26,CANDIDATE_ONLY_NOT_G5_MATCHED,False,False,False,0
24,18542,81541,MBFI,2012-01-26,CANDIDATE_ONLY_NOT_G5_MATCHED,False,False,False,0
24,18542,83738,CASS,2012-01-26,CANDIDATE_ONLY_NOT_G5_MATCHED,False,False,False,0
24,18542,84342,MWW,2012-01-26,CANDIDATE_ONLY_NOT_G5_MATCHED,False,False,False,0
24,18542,84827,RMBS,2012-01-26,CANDIDATE_ONLY_NOT_G5_MATCHED,False,False,False,0
24,18542,87013,ARBA,2012-01-26,CANDIDATE_ONLY_NOT_G5_MATCHED,False,False,False,0
24,18542,87146,NST,2012-01-26,CANDIDATE_ONLY_NOT_G5_MATCHED,False,False,False,0
24,18542,87162,FLWS,2012-01-26,CANDIDATE_ONLY_NOT_G5_MATCHED,False,False,False,0
24,18542,87445,TDY,2012-01-26,CANDIDATE_ONLY_NOT_G5_MATCHED,False,False,False,0
24,18542,87652,LNBB,2012-01-26,CANDIDATE_ONLY_NOT_G5_MATCHED,False,False,False,0
24,18542,88287,DLA,2012-01-26,CANDIDATE_ONLY_NOT_G5_MATCHED,False,False,False,0
24,18542,88313,JNS,2012-01-26,CANDIDATE_ONLY_NOT_G5_MATCHED,False,False,False,0
24,18542,89387,CPSI,2012-01-26,CANDIDATE_ONLY_NOT_G5_MATCHED,False,False,False,0
24,18542,89922,TSRA,2012-01-26,CANDIDATE_ONLY_NOT_G5_MATCHED,False,False,False,0
24,18542,89941,TZOO,2012-01-26,CANDIDATE_ONLY_NOT_G5_MATCHED,False,False,False,0
24,18542,90535,DLLR,2012-01-26,CANDIDATE_ONLY_NOT_G5_MATCHED,False,False,False,0
24,18542,90730,HBOS,2012-01-26,CANDIDATE_ONLY_NOT_G5_MATCHED,False,False,False,0
24,18542,91485,RVBD,2012-01-26,CANDIDATE_ONLY_NOT_G5_MATCHED,False,False,False,0
24,18542,91883,TWC,2012-01-26,CANDIDATE_ONLY_NOT_G5_MATCHED,False,False,False,0
24,18542,91901,GSIT,2012-01-26,CANDIDATE_ONLY_NOT_G5_MATCHED,False,False,False,0
24,18542,92018,RRR,2012-01-26,CANDIDATE_ONLY_NOT_G5_MATCHED,False,False,False,0
24,18542,92195,BNCL,2012-01-26,CANDIDATE_ONLY_NOT_G5_MATCHED,False,False,False,0
24,18542,92890,MJN,2012-01-26,CANDIDATE_ONLY_NOT_G5_MATCHED,False,False,False,0
24,18542,93015,ART,2012-01-26,CANDIDATE_ONLY_NOT_G5_MATCHED,False,False,False,0
25,19350,14335,CQH,2015-02-20,CANDIDATE_ONLY_NOT_G5_MATCHED,False,False,False,0
25,19350,23712,PEG,2015-02-20,CANDIDATE_ONLY_NOT_G5_MATCHED,False,False,False,0
25,19350,76082,COG,2015-02-20,CANDIDATE_ONLY_NOT_G5_MATCHED,False,False,False,0
25,19350,84723,LNG,2015-02-20,CANDIDATE_ONLY_NOT_G5_MATCHED,False,False,False,0
25,19350,85517,CHH,2015-02-20,CANDIDATE_ONLY_NOT_G5_MATCHED,False,False,False,0
26,19561,10308,TMP,2012-01-25,CANDIDATE_ONLY_NOT_G5_MATCHED,False,False,False,0
26,19561,10530,VIVO,2012-01-25,CANDIDATE_ONLY_NOT_G5_MATCHED,False,False,False,0
26,19561,13928,COP,2012-01-25,CANDIDATE_ONLY_NOT_G5_MATCHED,False,False,False,0
26,19561,17929,UGI,2012-01-25,CANDIDATE_ONLY_NOT_G5_MATCHED,False,False,False,0
26,19561,21186,MWV,2012-01-25,CANDIDATE_ONLY_NOT_G5_MATCHED,False,False,False,0
26,19561,21776,EXC,2012-01-25,CANDIDATE_ONLY_NOT_G5_MATCHED,False,False,False,0
26,19561,22293,GLW,2012-01-25,CANDIDATE_ONLY_NOT_G5_MATCHED,False,False,False,0
26,19561,22779,MSI,2012-01-25,CANDIDATE_ONLY_NOT_G5_MATCHED,False,False,False,0
26,19561,23579,TXT,2012-01-25,CANDIDATE_ONLY_NOT_G5_MATCHED,False,False,False,0
26,19561,26470,EGN,2012-01-25,CANDIDATE_ONLY_NOT_G5_MATCHED,False,False,False,0
26,19561,28345,MUR,2012-01-25,CANDIDATE_ONLY_NOT_G5_MATCHED,False,False,False,0
26,19561,28564,CTS,2012-01-25,CANDIDATE_ONLY_NOT_G5_MATCHED,False,False,False,0
26,19561,34833,OXY,2012-01-25,CANDIDATE_ONLY_NOT_G5_MATCHED,False,False,False,0
26,19561,43123,ATI,2012-01-25,CANDIDATE_ONLY_NOT_G5_MATCHED,False,False,False,0
26,19561,43350,SWK,2012-01-25,CANDIDATE_ONLY_NOT_G5_MATCHED,False,False,False,0
26,19561,51369,TER,2012-01-25,CANDIDATE_ONLY_NOT_G5_MATCHED,False,False,False,0
26,19561,61567,HXL,2012-01-25,CANDIDATE_ONLY_NOT_G5_MATCHED,False,False,False,0
26,19561,65294,RLI,2012-01-25,CANDIDATE_ONLY_NOT_G5_MATCHED,False,False,False,0
26,19561,68591,STJ,2012-01-25,CANDIDATE_ONLY_NOT_G5_MATCHED,False,False,False,0
26,19561,73809,SUSQ,2012-01-25,CANDIDATE_ONLY_NOT_G5_MATCHED,False,False,False,0
26,19561,75182,PII,2012-01-25,CANDIDATE_ONLY_NOT_G5_MATCHED,False,False,False,0
26,19561,75912,PMTC,2012-01-25,CANDIDATE_ONLY_NOT_G5_MATCHED,False,False,False,0
26,19561,76234,MOLXA,2012-01-25,CANDIDATE_ONLY_NOT_G5_MATCHED,False,False,False,0
26,19561,77768,PX,2012-01-25,CANDIDATE_ONLY_NOT_G5_MATCHED,False,False,False,0
26,19561,79013,SYBT,2012-01-25,CANDIDATE_ONLY_NOT_G5_MATCHED,False,False,False,0
26,19561,79859,NYB,2012-01-25,CANDIDATE_ONLY_NOT_G5_MATCHED,False,False,False,0
26,19561,80113,CGI,2012-01-25,CANDIDATE_ONLY_NOT_G5_MATCHED,False,False,False,0
26,19561,80987,KNX,2012-01-25,CANDIDATE_ONLY_NOT_G5_MATCHED,False,False,False,0
26,19561,82575,BANR,2012-01-25,CANDIDATE_ONLY_NOT_G5_MATCHED,False,False,False,0
26,19561,82618,SNDK,2012-01-25,CANDIDATE_ONLY_NOT_G5_MATCHED,False,False,False,0
26,19561,82686,CTXS,2012-01-25,CANDIDATE_ONLY_NOT_G5_MATCHED,False,False,False,0
26,19561,83862,ETFC,2012-01-25,CANDIDATE_ONLY_NOT_G5_MATCHED,False,False,False,0
26,19561,84381,ROK,2012-01-25,CANDIDATE_ONLY_NOT_G5_MATCHED,False,False,False,0
26,19561,85663,URI,2012-01-25,CANDIDATE_ONLY_NOT_G5_MATCHED,False,False,False,0
26,19561,85860,BRKL,2012-01-25,CANDIDATE_ONLY_NOT_G5_MATCHED,False,False,False,0
26,19561,86004,UMPQ,2012-01-25,CANDIDATE_ONLY_NOT_G5_MATCHED,False,False,False,0
26,19561,87812,SLAB,2012-01-25,CANDIDATE_ONLY_NOT_G5_MATCHED,False,False,False,0
26,19561,89179,WLP,2012-01-25,CANDIDATE_ONLY_NOT_G5_MATCHED,False,False,False,0
26,19561,89968,PJC,2012-01-25,CANDIDATE_ONLY_NOT_G5_MATCHED,False,False,False,0
26,19561,90893,LCC,2012-01-25,CANDIDATE_ONLY_NOT_G5_MATCHED,False,False,False,0
26,19561,91959,ESSA,2012-01-25,CANDIDATE_ONLY_NOT_G5_MATCHED,False,False,False,0
27,20204,11403,CDNS,2015-04-27,CANDIDATE_ONLY_NOT_G5_MATCHED,False,False,False,0
27,20204,13284,ALSN,2015-04-27,CANDIDATE_ONLY_NOT_G5_MATCHED,False,False,False,0
27,20204,13610,OLN,2015-04-27,CANDIDATE_ONLY_NOT_G5_MATCHED,False,False,False,0
27,20204,13878,MDXG,2015-04-27,CANDIDATE_ONLY_NOT_G5_MATCHED,False,False,False,0
27,20204,14271,CUDA,2015-04-27,CANDIDATE_ONLY_NOT_G5_MATCHED,False,False,False,0
27,20204,52936,MCY,2015-04-27,CANDIDATE_ONLY_NOT_G5_MATCHED,False,False,False,0
27,20204,54253,MSA,2015-04-27,CANDIDATE_ONLY_NOT_G5_MATCHED,False,False,False,0
27,20204,76837,HAE,2015-04-27,CANDIDATE_ONLY_NOT_G5_MATCHED,False,False,False,0
27,20204,77338,ROP,2015-04-27,CANDIDATE_ONLY_NOT_G5_MATCHED,False,False,False,0
27,20204,79637,UHS,2015-04-27,CANDIDATE_ONLY_NOT_G5_MATCHED,False,False,False,0
27,20204,80185,PLT,2015-04-27,CANDIDATE_ONLY_NOT_G5_MATCHED,False,False,False,0
27,20204,85246,JLL,2015-04-27,CANDIDATE_ONLY_NOT_G5_MATCHED,False,False,False,0
27,20204,85653,AI,2015-04-27,CANDIDATE_ONLY_NOT_G5_MATCHED,False,False,False,0
27,20204,88280,BHLB,2015-04-27,CANDIDATE_ONLY_NOT_G5_MATCHED,False,False,False,0
27,20204,88467,SOHU,2015-04-27,CANDIDATE_ONLY_NOT_G5_MATCHED,False,False,False,0
27,20204,90086,MBVT,2015-04-27,CANDIDATE_ONLY_NOT_G5_MATCHED,False,False,False,0
27,20204,91614,IPHS,2015-04-27,CANDIDATE_ONLY_NOT_G5_MATCHED,False,False,False,0
27,20204,92282,PKT,2015-04-27,CANDIDATE_ONLY_NOT_G5_MATCHED,False,False,False,0
27,20204,92808,DMRC,2015-04-27,CANDIDATE_ONLY_NOT_G5_MATCHED,False,False,False,0
27,20204,93312,SSNC,2015-04-27,CANDIDATE_ONLY_NOT_G5_MATCHED,False,False,False,0
28,20512,12052,GD,2015-04-29,CANDIDATE_ONLY_NOT_G5_MATCHED,False,False,False,0
28,20512,12758,ECOL,2015-04-29,CANDIDATE_ONLY_NOT_G5_MATCHED,False,False,False,0
28,20512,13318,YELP,2015-04-29,CANDIDATE_ONLY_NOT_G5_MATCHED,False,False,False,0
28,20512,13577,HY,2015-04-29,CANDIDATE_ONLY_NOT_G5_MATCHED,False,False,False,0
28,20512,13688,PCG,2015-04-29,CANDIDATE_ONLY_NOT_G5_MATCHED,False,False,False,0
28,20512,14179,AR,2015-04-29,CANDIDATE_ONLY_NOT_G5_MATCHED,False,False,False,0
28,20512,14392,EPE,2015-04-29,CANDIDATE_ONLY_NOT_G5_MATCHED,False,False,False,0
28,20512,14401,OGS,2015-04-29,CANDIDATE_ONLY_NOT_G5_MATCHED,False,False,False,0
28,20512,14567,GRUB,2015-04-29,CANDIDATE_ONLY_NOT_G5_MATCHED,False,False,False,0
28,20512,14573,LQ,2015-04-29,CANDIDATE_ONLY_NOT_G5_MATCHED,False,False,False,0
28,20512,14761,TREC,2015-04-29,CANDIDATE_ONLY_NOT_G5_MATCHED,False,False,False,0
28,20512,16432,GT,2015-04-29,CANDIDATE_ONLY_NOT_G5_MATCHED,False,False,False,0
28,20512,18411,SO,2015-04-29,CANDIDATE_ONLY_NOT_G5_MATCHED,False,False,False,0
28,20512,20750,CWT,2015-04-29,CANDIDATE_ONLY_NOT_G5_MATCHED,False,False,False,0
28,20512,21573,IP,2015-04-29,CANDIDATE_ONLY_NOT_G5_MATCHED,False,False,False,0
28,20512,24205,NEE,2015-04-29,CANDIDATE_ONLY_NOT_G5_MATCHED,False,False,False,0
28,20512,24476,COHR,2015-04-29,CANDIDATE_ONLY_NOT_G5_MATCHED,False,False,False,0
28,20512,24766,NOC,2015-04-29,CANDIDATE_ONLY_NOT_G5_MATCHED,False,False,False,0
28,20512,27043,VAR,2015-04-29,CANDIDATE_ONLY_NOT_G5_MATCHED,False,False,False,0
28,20512,27888,CFR,2015-04-29,CANDIDATE_ONLY_NOT_G5_MATCHED,False,False,False,0
28,20512,32540,ELX,2015-04-29,CANDIDATE_ONLY_NOT_G5_MATCHED,False,False,False,0
28,20512,36003,ROL,2015-04-29,CANDIDATE_ONLY_NOT_G5_MATCHED,False,False,False,0
28,20512,37584,BEN,2015-04-29,CANDIDATE_ONLY_NOT_G5_MATCHED,False,False,False,0
28,20512,41929,CNW,2015-04-29,CANDIDATE_ONLY_NOT_G5_MATCHED,False,False,False,0
28,20512,44768,TILE,2015-04-29,CANDIDATE_ONLY_NOT_G5_MATCHED,False,False,False,0
28,20512,51625,SCI,2015-04-29,CANDIDATE_ONLY_NOT_G5_MATCHED,False,False,False,0
28,20512,55212,SPW,2015-04-29,CANDIDATE_ONLY_NOT_G5_MATCHED,False,False,False,0
28,20512,59045,KEX,2015-04-29,CANDIDATE_ONLY_NOT_G5_MATCHED,False,False,False,0
28,20512,63079,KEG,2015-04-29,CANDIDATE_ONLY_NOT_G5_MATCHED,False,False,False,0
28,20512,64311,NSC,2015-04-29,CANDIDATE_ONLY_NOT_G5_MATCHED,False,False,False,0
28,20512,64929,KWR,2015-04-29,CANDIDATE_ONLY_NOT_G5_MATCHED,False,False,False,0
28,20512,66683,RES,2015-04-29,CANDIDATE_ONLY_NOT_G5_MATCHED,False,False,False,0
28,20512,68292,SIGI,2015-04-29,CANDIDATE_ONLY_NOT_G5_MATCHED,False,False,False,0
28,20512,72304,STAA,2015-04-29,CANDIDATE_ONLY_NOT_G5_MATCHED,False,False,False,0
28,20512,76095,HOLX,2015-04-29,CANDIDATE_ONLY_NOT_G5_MATCHED,False,False,False,0
28,20512,76215,ICON,2015-04-29,CANDIDATE_ONLY_NOT_G5_MATCHED,False,False,False,0
28,20512,79564,ARRS,2015-04-29,CANDIDATE_ONLY_NOT_G5_MATCHED,False,False,False,0
28,20512,81584,CBZ,2015-04-29,CANDIDATE_ONLY_NOT_G5_MATCHED,False,False,False,0
28,20512,82607,PRXL,2015-04-29,CANDIDATE_ONLY_NOT_G5_MATCHED,False,False,False,0
28,20512,82634,SAM,2015-04-29,CANDIDATE_ONLY_NOT_G5_MATCHED,False,False,False,0
28,20512,85013,INTT,2015-04-29,CANDIDATE_ONLY_NOT_G5_MATCHED,False,False,False,0
28,20512,85257,AME,2015-04-29,CANDIDATE_ONLY_NOT_G5_MATCHED,False,False,False,0
28,20512,85349,MTOR,2015-04-29,CANDIDATE_ONLY_NOT_G5_MATCHED,False,False,False,0
28,20512,85511,GEVA,2015-04-29,CANDIDATE_ONLY_NOT_G5_MATCHED,False,False,False,0
28,20512,85913,MAR,2015-04-29,CANDIDATE_ONLY_NOT_G5_MATCHED,False,False,False,0
28,20512,85991,LVLT,2015-04-29,CANDIDATE_ONLY_NOT_G5_MATCHED,False,False,False,0
28,20512,86582,STL,2015-04-29,CANDIDATE_ONLY_NOT_G5_MATCHED,False,False,False,0
28,20512,86820,CFFN,2015-04-29,CANDIDATE_ONLY_NOT_G5_MATCHED,False,False,False,0
28,20512,87070,HCBK,2015-04-29,CANDIDATE_ONLY_NOT_G5_MATCHED,False,False,False,0
28,20512,87364,QUIK,2015-04-29,CANDIDATE_ONLY_NOT_G5_MATCHED,False,False,False,0
28,20512,87487,BGCP,2015-04-29,CANDIDATE_ONLY_NOT_G5_MATCHED,False,False,False,0
28,20512,87612,ISIL,2015-04-29,CANDIDATE_ONLY_NOT_G5_MATCHED,False,False,False,0
28,20512,88367,PCBK,2015-04-29,CANDIDATE_ONLY_NOT_G5_MATCHED,False,False,False,0
28,20512,88542,LTRX,2015-04-29,CANDIDATE_ONLY_NOT_G5_MATCHED,False,False,False,0
28,20512,88895,MPX,2015-04-29,CANDIDATE_ONLY_NOT_G5_MATCHED,False,False,False,0
28,20512,89006,MDLZ,2015-04-29,CANDIDATE_ONLY_NOT_G5_MATCHED,False,False,False,0
28,20512,89440,NBBC,2015-04-29,CANDIDATE_ONLY_NOT_G5_MATCHED,False,False,False,0
28,20512,89506,SAIA,2015-04-29,CANDIDATE_ONLY_NOT_G5_MATCHED,False,False,False,0
28,20512,89753,FORM,2015-04-29,CANDIDATE_ONLY_NOT_G5_MATCHED,False,False,False,0
28,20512,89841,CNO,2015-04-29,CANDIDATE_ONLY_NOT_G5_MATCHED,False,False,False,0
28,20512,90067,HOS,2015-04-29,CANDIDATE_ONLY_NOT_G5_MATCHED,False,False,False,0
28,20512,90478,CSCD,2015-04-29,CANDIDATE_ONLY_NOT_G5_MATCHED,False,False,False,0
28,20512,90608,INUV,2015-04-29,CANDIDATE_ONLY_NOT_G5_MATCHED,False,False,False,0
28,20512,90742,SGI,2015-04-29,CANDIDATE_ONLY_NOT_G5_MATCHED,False,False,False,0
28,20512,90825,ACCO,2015-04-29,CANDIDATE_ONLY_NOT_G5_MATCHED,False,False,False,0
28,20512,91594,SPR,2015-04-29,CANDIDATE_ONLY_NOT_G5_MATCHED,False,False,False,0
28,20512,92034,CAVM,2015-04-29,CANDIDATE_ONLY_NOT_G5_MATCHED,False,False,False,0
28,20512,92172,DHX,2015-04-29,CANDIDATE_ONLY_NOT_G5_MATCHED,False,False,False,0
28,20512,92400,LL,2015-04-29,CANDIDATE_ONLY_NOT_G5_MATCHED,False,False,False,0
28,20512,92852,LOPE,2015-04-29,CANDIDATE_ONLY_NOT_G5_MATCHED,False,False,False,0
28,20512,93175,KRA,2015-04-29,CANDIDATE_ONLY_NOT_G5_MATCHED,False,False,False,0
29,20670,10252,INDB,2013-04-25,CANDIDATE_ONLY_NOT_G5_MATCHED,False,False,False,0
29,20670,10517,AAN,2013-04-25,CANDIDATE_ONLY_NOT_G5_MATCHED,False,False,False,0
29,20670,10530,VIVO,2013-04-25,CANDIDATE_ONLY_NOT_G5_MATCHED,False,False,False,0
29,20670,10693,HLS,2013-04-25,CANDIDATE_ONLY_NOT_G5_MATCHED,False,False,False,0
29,20670,11369,UBSI,2013-04-25,CANDIDATE_ONLY_NOT_G5_MATCHED,False,False,False,0
29,20670,11552,CELG,2013-04-25,CANDIDATE_ONLY_NOT_G5_MATCHED,False,False,False,0
29,20670,11786,SIVB,2013-04-25,CANDIDATE_ONLY_NOT_G5_MATCHED,False,False,False,0
29,20670,11850,XOM,2013-04-25,CANDIDATE_ONLY_NOT_G5_MATCHED,False,False,False,0
29,20670,11896,MXIM,2013-04-25,CANDIDATE_ONLY_NOT_G5_MATCHED,False,False,False,0
29,20670,12036,GMT,2013-04-25,CANDIDATE_ONLY_NOT_G5_MATCHED,False,False,False,0
29,20670,12682,TMS,2013-04-25,CANDIDATE_ONLY_NOT_G5_MATCHED,False,False,False,0
29,20670,12905,SXC,2013-04-25,CANDIDATE_ONLY_NOT_G5_MATCHED,False,False,False,0
29,20670,12914,DNKN,2013-04-25,CANDIDATE_ONLY_NOT_G5_MATCHED,False,False,False,0
29,20670,13085,VAC,2013-04-25,CANDIDATE_ONLY_NOT_G5_MATCHED,False,False,False,0
29,20670,13249,PRLB,2013-04-25,CANDIDATE_ONLY_NOT_G5_MATCHED,False,False,False,0
29,20670,13263,CEMP,2013-04-25,CANDIDATE_ONLY_NOT_G5_MATCHED,False,False,False,0
29,20670,13337,FET,2013-04-25,CANDIDATE_ONLY_NOT_G5_MATCHED,False,False,False,0
29,20670,13610,OLN,2013-04-25,CANDIDATE_ONLY_NOT_G5_MATCHED,False,False,False,0
29,20670,13901,MO,2013-04-25,CANDIDATE_ONLY_NOT_G5_MATCHED,False,False,False,0
29,20670,13928,COP,2013-04-25,CANDIDATE_ONLY_NOT_G5_MATCHED,False,False,False,0
29,20670,16600,HSY,2013-04-25,CANDIDATE_ONLY_NOT_G5_MATCHED,False,False,False,0
29,20670,18649,BCO,2013-04-25,CANDIDATE_ONLY_NOT_G5_MATCHED,False,False,False,0
29,20670,18729,CL,2013-04-25,CANDIDATE_ONLY_NOT_G5_MATCHED,False,False,False,0
29,20670,19393,BMY,2013-04-25,CANDIDATE_ONLY_NOT_G5_MATCHED,False,False,False,0
29,20670,20618,CRS,2013-04-25,CANDIDATE_ONLY_NOT_G5_MATCHED,False,False,False,0
29,20670,22592,MMM,2013-04-25,CANDIDATE_ONLY_NOT_G5_MATCHED,False,False,False,0
29,20670,23085,SCG,2013-04-25,CANDIDATE_ONLY_NOT_G5_MATCHED,False,False,False,0
29,20670,23229,CMS,2013-04-25,CANDIDATE_ONLY_NOT_G5_MATCHED,False,False,False,0
29,20670,23473,CINF,2013-04-25,CANDIDATE_ONLY_NOT_G5_MATCHED,False,False,False,0
29,20670,24010,ETR,2013-04-25,CANDIDATE_ONLY_NOT_G5_MATCHED,False,False,False,0
29,20670,24328,EQT,2013-04-25,CANDIDATE_ONLY_NOT_G5_MATCHED,False,False,False,0
29,20670,24942,RTN,2013-04-25,CANDIDATE_ONLY_NOT_G5_MATCHED,False,False,False,0
29,20670,27684,AVT,2013-04-25,CANDIDATE_ONLY_NOT_G5_MATCHED,False,False,False,0
29,20670,28804,ALK,2013-04-25,CANDIDATE_ONLY_NOT_G5_MATCHED,False,False,False,0
29,20670,34673,NR,2013-04-25,CANDIDATE_ONLY_NOT_G5_MATCHED,False,False,False,0
29,20670,34833,OXY,2013-04-25,CANDIDATE_ONLY_NOT_G5_MATCHED,False,False,False,0
29,20670,42200,PKI,2013-04-25,CANDIDATE_ONLY_NOT_G5_MATCHED,False,False,False,0
29,20670,42796,MDP,2013-04-25,CANDIDATE_ONLY_NOT_G5_MATCHED,False,False,False,0
29,20670,43350,SWK,2013-04-25,CANDIDATE_ONLY_NOT_G5_MATCHED,False,False,False,0
29,20670,43772,BMS,2013-04-25,CANDIDATE_ONLY_NOT_G5_MATCHED,False,False,False,0
29,20670,44134,KMT,2013-04-25,CANDIDATE_ONLY_NOT_G5_MATCHED,False,False,False,0
29,20670,45277,IGT,2013-04-25,CANDIDATE_ONLY_NOT_G5_MATCHED,False,False,False,0
29,20670,45728,IVC,2013-04-25,CANDIDATE_ONLY_NOT_G5_MATCHED,False,False,False,0
29,20670,45911,SWKS,2013-04-25,CANDIDATE_ONLY_NOT_G5_MATCHED,False,False,False,0
29,20670,46340,SFE,2013-04-25,CANDIDATE_ONLY_NOT_G5_MATCHED,False,False,False,0
29,20670,46886,KLAC,2013-04-25,CANDIDATE_ONLY_NOT_G5_MATCHED,False,False,False,0
29,20670,47466,NYT,2013-04-25,CANDIDATE_ONLY_NOT_G5_MATCHED,False,False,False,0
29,20670,48523,LANC,2013-04-25,CANDIDATE_ONLY_NOT_G5_MATCHED,False,False,False,0
29,20670,48961,LAWS,2013-04-25,CANDIDATE_ONLY_NOT_G5_MATCHED,False,False,False,0
29,20670,50017,RRC,2013-04-25,CANDIDATE_ONLY_NOT_G5_MATCHED,False,False,False,0
29,20670,53480,MCRS,2013-04-25,CANDIDATE_ONLY_NOT_G5_MATCHED,False,False,False,0
29,20670,53640,MSCC,2013-04-25,CANDIDATE_ONLY_NOT_G5_MATCHED,False,False,False,0
29,20670,54148,PHM,2013-04-25,CANDIDATE_ONLY_NOT_G5_MATCHED,False,False,False,0
29,20670,55597,MTRN,2013-04-25,CANDIDATE_ONLY_NOT_G5_MATCHED,False,False,False,0
29,20670,56040,NAFC,2013-04-25,CANDIDATE_ONLY_NOT_G5_MATCHED,False,False,False,0
29,20670,57568,BLL,2013-04-25,CANDIDATE_ONLY_NOT_G5_MATCHED,False,False,False,0
29,20670,58683,LUV,2013-04-25,CANDIDATE_ONLY_NOT_G5_MATCHED,False,False,False,0
29,20670,59192,CB,2013-04-25,CANDIDATE_ONLY_NOT_G5_MATCHED,False,False,False,0
29,20670,59396,ORI,2013-04-25,CANDIDATE_ONLY_NOT_G5_MATCHED,False,False,False,0
29,20670,60943,LEG,2013-04-25,CANDIDATE_ONLY_NOT_G5_MATCHED,False,False,False,0
29,20670,61496,PATK,2013-04-25,CANDIDATE_ONLY_NOT_G5_MATCHED,False,False,False,0
29,20670,61743,DLX,2013-04-25,CANDIDATE_ONLY_NOT_G5_MATCHED,False,False,False,0
29,20670,61815,NBL,2013-04-25,CANDIDATE_ONLY_NOT_G5_MATCHED,False,False,False,0
29,20670,63079,KEG,2013-04-25,CANDIDATE_ONLY_NOT_G5_MATCHED,False,False,False,0
29,20670,64936,D,2013-04-25,CANDIDATE_ONLY_NOT_G5_MATCHED,False,False,False,0
29,20670,65509,BLC,2013-04-25,CANDIDATE_ONLY_NOT_G5_MATCHED,False,False,False,0
29,20670,69586,SBCF,2013-04-25,CANDIDATE_ONLY_NOT_G5_MATCHED,False,False,False,0
29,20670,70033,HOG,2013-04-25,CANDIDATE_ONLY_NOT_G5_MATCHED,False,False,False,0
29,20670,70500,CCE,2013-04-25,CANDIDATE_ONLY_NOT_G5_MATCHED,False,False,False,0
29,20670,70536,SIAL,2013-04-25,CANDIDATE_ONLY_NOT_G5_MATCHED,False,False,False,0
29,20670,75215,CSH,2013-04-25,CANDIDATE_ONLY_NOT_G5_MATCHED,False,False,False,0
29,20670,75257,TLAB,2013-04-25,CANDIDATE_ONLY_NOT_G5_MATCHED,False,False,False,0
29,20670,75577,ALTR,2013-04-25,CANDIDATE_ONLY_NOT_G5_MATCHED,False,False,False,0
29,20670,75603,CRUS,2013-04-25,CANDIDATE_ONLY_NOT_G5_MATCHED,False,False,False,0
29,20670,75831,DGII,2013-04-25,CANDIDATE_ONLY_NOT_G5_MATCHED,False,False,False,0
29,20670,76224,BHE,2013-04-25,CANDIDATE_ONLY_NOT_G5_MATCHED,False,False,False,0
29,20670,76624,PMCS,2013-04-25,CANDIDATE_ONLY_NOT_G5_MATCHED,False,False,False,0
29,20670,76841,BIIB,2013-04-25,CANDIDATE_ONLY_NOT_G5_MATCHED,False,False,False,0
29,20670,76980,ROCM,2013-04-25,CANDIDATE_ONLY_NOT_G5_MATCHED,False,False,False,0
29,20670,77037,ODFL,2013-04-25,CANDIDATE_ONLY_NOT_G5_MATCHED,False,False,False,0
29,20670,77114,WRLD,2013-04-25,CANDIDATE_ONLY_NOT_G5_MATCHED,False,False,False,0
29,20670,77279,ABAX,2013-04-25,CANDIDATE_ONLY_NOT_G5_MATCHED,False,False,False,0
29,20670,77366,ELY,2013-04-25,CANDIDATE_ONLY_NOT_G5_MATCHED,False,False,False,0
29,20670,77461,VCI,2013-04-25,CANDIDATE_ONLY_NOT_G5_MATCHED,False,False,False,0
29,20670,77605,BSX,2013-04-25,CANDIDATE_ONLY_NOT_G5_MATCHED,False,False,False,0
29,20670,77630,DWCH,2013-04-25,CANDIDATE_ONLY_NOT_G5_MATCHED,False,False,False,0
29,20670,77702,SBUX,2013-04-25,CANDIDATE_ONLY_NOT_G5_MATCHED,False,False,False,0
29,20670,77763,SPN,2013-04-25,CANDIDATE_ONLY_NOT_G5_MATCHED,False,False,False,0
29,20670,78981,LSTR,2013-04-25,CANDIDATE_ONLY_NOT_G5_MATCHED,False,False,False,0
29,20670,78990,DEST,2013-04-25,CANDIDATE_ONLY_NOT_G5_MATCHED,False,False,False,0
29,20670,79133,ATR,2013-04-25,CANDIDATE_ONLY_NOT_G5_MATCHED,False,False,False,0
29,20670,79210,RGA,2013-04-25,CANDIDATE_ONLY_NOT_G5_MATCHED,False,False,False,0
29,20670,79336,LBY,2013-04-25,CANDIDATE_ONLY_NOT_G5_MATCHED,False,False,False,0
29,20670,79545,BWA,2013-04-25,CANDIDATE_ONLY_NOT_G5_MATCHED,False,False,False,0
29,20670,79637,UHS,2013-04-25,CANDIDATE_ONLY_NOT_G5_MATCHED,False,False,False,0
29,20670,79686,DECK,2013-04-25,CANDIDATE_ONLY_NOT_G5_MATCHED,False,False,False,0
29,20670,79857,PTEN,2013-04-25,CANDIDATE_ONLY_NOT_G5_MATCHED,False,False,False,0
29,20670,79909,MHO,2013-04-25,CANDIDATE_ONLY_NOT_G5_MATCHED,False,False,False,0
29,20670,80113,CGI,2013-04-25,CANDIDATE_ONLY_NOT_G5_MATCHED,False,False,False,0
29,20670,80362,SCSC,2013-04-25,CANDIDATE_ONLY_NOT_G5_MATCHED,False,False,False,0
29,20670,80864,RS,2013-04-25,CANDIDATE_ONLY_NOT_G5_MATCHED,False,False,False,0
29,20670,81128,ESI,2013-04-25,CANDIDATE_ONLY_NOT_G5_MATCHED,False,False,False,0
29,20670,81501,NATI,2013-04-25,CANDIDATE_ONLY_NOT_G5_MATCHED,False,False,False,0
29,20670,81540,ABC,2013-04-25,CANDIDATE_ONLY_NOT_G5_MATCHED,False,False,False,0
29,20670,81564,IBKC,2013-04-25,CANDIDATE_ONLY_NOT_G5_MATCHED,False,False,False,0
29,20670,81857,CAM,2013-04-25,CANDIDATE_ONLY_NOT_G5_MATCHED,False,False,False,0
29,20670,81925,GTI,2013-04-25,CANDIDATE_ONLY_NOT_G5_MATCHED,False,False,False,0
29,20670,82298,DO,2013-04-25,CANDIDATE_ONLY_NOT_G5_MATCHED,False,False,False,0
29,20670,82521,RSYS,2013-04-25,CANDIDATE_ONLY_NOT_G5_MATCHED,False,False,False,0
29,20670,82694,EME,2013-04-25,CANDIDATE_ONLY_NOT_G5_MATCHED,False,False,False,0
29,20670,82859,REV,2013-04-25,CANDIDATE_ONLY_NOT_G5_MATCHED,False,False,False,0
29,20670,83111,ALXN,2013-04-25,CANDIDATE_ONLY_NOT_G5_MATCHED,False,False,False,0
29,20670,83186,DST,2013-04-25,CANDIDATE_ONLY_NOT_G5_MATCHED,False,False,False,0
29,20670,83366,CRR,2013-04-25,CANDIDATE_ONLY_NOT_G5_MATCHED,False,False,False,0
29,20670,84103,NCI,2013-04-25,CANDIDATE_ONLY_NOT_G5_MATCHED,False,False,False,0
29,20670,84168,IM,2013-04-25,CANDIDATE_ONLY_NOT_G5_MATCHED,False,False,False,0
29,20670,84788,AMZN,2013-04-25,CANDIDATE_ONLY_NOT_G5_MATCHED,False,False,False,0
29,20670,85173,CSTR,2013-04-25,CANDIDATE_ONLY_NOT_G5_MATCHED,False,False,False,0
29,20670,85257,AME,2013-04-25,CANDIDATE_ONLY_NOT_G5_MATCHED,False,False,False,0
29,20670,85863,COLM,2013-04-25,CANDIDATE_ONLY_NOT_G5_MATCHED,False,False,False,0
29,20670,85953,SOFO,2013-04-25,CANDIDATE_ONLY_NOT_G5_MATCHED,False,False,False,0
29,20670,85991,LVLT,2013-04-25,CANDIDATE_ONLY_NOT_G5_MATCHED,False,False,False,0
29,20670,86021,LLL,2013-04-25,CANDIDATE_ONLY_NOT_G5_MATCHED,False,False,False,0
29,20670,86047,AMKR,2013-04-25,CANDIDATE_ONLY_NOT_G5_MATCHED,False,False,False,0
29,20670,86102,FII,2013-04-25,CANDIDATE_ONLY_NOT_G5_MATCHED,False,False,False,0
29,20670,86128,HZO,2013-04-25,CANDIDATE_ONLY_NOT_G5_MATCHED,False,False,False,0
29,20670,86228,RSG,2013-04-25,CANDIDATE_ONLY_NOT_G5_MATCHED,False,False,False,0
29,20670,86302,HTBK,2013-04-25,CANDIDATE_ONLY_NOT_G5_MATCHED,False,False,False,0
29,20670,86799,CNX,2013-04-25,CANDIDATE_ONLY_NOT_G5_MATCHED,False,False,False,0
29,20670,87006,UTHR,2013-04-25,CANDIDATE_ONLY_NOT_G5_MATCHED,False,False,False,0
29,20670,87179,NTCT,2013-04-25,CANDIDATE_ONLY_NOT_G5_MATCHED,False,False,False,0
29,20670,87236,INAP,2013-04-25,CANDIDATE_ONLY_NOT_G5_MATCHED,False,False,False,0
29,20670,87447,UPS,2013-04-25,CANDIDATE_ONLY_NOT_G5_MATCHED,False,False,False,0
29,20670,87827,WBSN,2013-04-25,CANDIDATE_ONLY_NOT_G5_MATCHED,False,False,False,0
29,20670,88203,VDSI,2013-04-25,CANDIDATE_ONLY_NOT_G5_MATCHED,False,False,False,0
29,20670,88257,PFBX,2013-04-25,CANDIDATE_ONLY_NOT_G5_MATCHED,False,False,False,0
29,20670,88260,PXLW,2013-04-25,CANDIDATE_ONLY_NOT_G5_MATCHED,False,False,False,0
29,20670,88287,DLA,2013-04-25,CANDIDATE_ONLY_NOT_G5_MATCHED,False,False,False,0
29,20670,88564,RTIX,2013-04-25,CANDIDATE_ONLY_NOT_G5_MATCHED,False,False,False,0
29,20670,88615,GB,2013-04-25,CANDIDATE_ONLY_NOT_G5_MATCHED,False,False,False,0
29,20670,89070,ZMH,2013-04-25,CANDIDATE_ONLY_NOT_G5_MATCHED,False,False,False,0
29,20670,89195,PFG,2013-04-25,CANDIDATE_ONLY_NOT_G5_MATCHED,False,False,False,0
29,20670,89213,WOOF,2013-04-25,CANDIDATE_ONLY_NOT_G5_MATCHED,False,False,False,0
29,20670,89290,SYNA,2013-04-25,CANDIDATE_ONLY_NOT_G5_MATCHED,False,False,False,0
29,20670,89332,DDE,2013-04-25,CANDIDATE_ONLY_NOT_G5_MATCHED,False,False,False,0
29,20670,89353,JBLU,2013-04-25,CANDIDATE_ONLY_NOT_G5_MATCHED,False,False,False,0
29,20670,89387,CPSI,2013-04-25,CANDIDATE_ONLY_NOT_G5_MATCHED,False,False,False,0
29,20670,89533,WYNN,2013-04-25,CANDIDATE_ONLY_NOT_G5_MATCHED,False,False,False,0
29,20670,89642,BBNK,2013-04-25,CANDIDATE_ONLY_NOT_G5_MATCHED,False,False,False,0
29,20670,89781,MOH,2013-04-25,CANDIDATE_ONLY_NOT_G5_MATCHED,False,False,False,0
29,20670,89800,NTGR,2013-04-25,CANDIDATE_ONLY_NOT_G5_MATCHED,False,False,False,0
29,20670,89810,GPK,2013-04-25,CANDIDATE_ONLY_NOT_G5_MATCHED,False,False,False,0
29,20670,89876,CRI,2013-04-25,CANDIDATE_ONLY_NOT_G5_MATCHED,False,False,False,0
29,20670,89922,TSRA,2013-04-25,CANDIDATE_ONLY_NOT_G5_MATCHED,False,False,False,0
29,20670,90199,CBG,2013-04-25,CANDIDATE_ONLY_NOT_G5_MATCHED,False,False,False,0
29,20670,90200,CAB,2013-04-25,CANDIDATE_ONLY_NOT_G5_MATCHED,False,False,False,0
29,20670,90210,LTM,2013-04-25,CANDIDATE_ONLY_NOT_G5_MATCHED,False,False,False,0
29,20670,90238,SNMX,2013-04-25,CANDIDATE_ONLY_NOT_G5_MATCHED,False,False,False,0
29,20670,90409,HURN,2013-04-25,CANDIDATE_ONLY_NOT_G5_MATCHED,False,False,False,0
29,20670,90458,NWE,2013-04-25,CANDIDATE_ONLY_NOT_G5_MATCHED,False,False,False,0
29,20670,90536,GFIG,2013-04-25,CANDIDATE_ONLY_NOT_G5_MATCHED,False,False,False,0
29,20670,90550,DLB,2013-04-25,CANDIDATE_ONLY_NOT_G5_MATCHED,False,False,False,0
29,20670,90605,UACL,2013-04-25,CANDIDATE_ONLY_NOT_G5_MATCHED,False,False,False,0
29,20670,90730,HBOS,2013-04-25,CANDIDATE_ONLY_NOT_G5_MATCHED,False,False,False,0
29,20670,90808,EXPE,2013-04-25,CANDIDATE_ONLY_NOT_G5_MATCHED,False,False,False,0
29,20670,90814,HITT,2013-04-25,CANDIDATE_ONLY_NOT_G5_MATCHED,False,False,False,0
29,20670,90831,DRC,2013-04-25,CANDIDATE_ONLY_NOT_G5_MATCHED,False,False,False,0
29,20670,90951,HERO,2013-04-25,CANDIDATE_ONLY_NOT_G5_MATCHED,False,False,False,0
29,20670,91103,UAL,2013-04-25,CANDIDATE_ONLY_NOT_G5_MATCHED,False,False,False,0
29,20670,91349,CLUB,2013-04-25,CANDIDATE_ONLY_NOT_G5_MATCHED,False,False,False,0
29,20670,91579,KBR,2013-04-25,CANDIDATE_ONLY_NOT_G5_MATCHED,False,False,False,0
29,20670,91854,UFS,2013-04-25,CANDIDATE_ONLY_NOT_G5_MATCHED,False,False,False,0
29,20670,91883,TWC,2013-04-25,CANDIDATE_ONLY_NOT_G5_MATCHED,False,False,False,0
29,20670,92029,TRS,2013-04-25,CANDIDATE_ONLY_NOT_G5_MATCHED,False,False,False,0
29,20670,92302,CTCT,2013-04-25,CANDIDATE_ONLY_NOT_G5_MATCHED,False,False,False,0
29,20670,92497,N,2013-04-25,CANDIDATE_ONLY_NOT_G5_MATCHED,False,False,False,0
29,20670,92570,DAN,2013-04-25,CANDIDATE_ONLY_NOT_G5_MATCHED,False,False,False,0
29,20670,92890,MJN,2013-04-25,CANDIDATE_ONLY_NOT_G5_MATCHED,False,False,False,0
29,20670,93101,LEA,2013-04-25,CANDIDATE_ONLY_NOT_G5_MATCHED,False,False,False,0
29,20670,93374,FAF,2013-04-25,CANDIDATE_ONLY_NOT_G5_MATCHED,False,False,False,0
30,23579,11293,WSBC,2015-04-28,CANDIDATE_ONLY_NOT_G5_MATCHED,False,False,False,0
30,23579,12374,IPHI,2015-04-28,CANDIDATE_ONLY_NOT_G5_MATCHED,False,False,False,0
30,23579,12795,RPXC,2015-04-28,CANDIDATE_ONLY_NOT_G5_MATCHED,False,False,False,0
30,23579,13253,SLCA,2015-04-28,CANDIDATE_ONLY_NOT_G5_MATCHED,False,False,False,0
30,23579,13598,KRFT,2015-04-28,CANDIDATE_ONLY_NOT_G5_MATCHED,False,False,False,0
30,23579,13704,NEO,2015-04-28,CANDIDATE_ONLY_NOT_G5_MATCHED,False,False,False,0
30,23579,13921,CUBI,2015-04-28,CANDIDATE_ONLY_NOT_G5_MATCHED,False,False,False,0
30,23579,13924,EPZM,2015-04-28,CANDIDATE_ONLY_NOT_G5_MATCHED,False,False,False,0
30,23579,14414,SC,2015-04-28,CANDIDATE_ONLY_NOT_G5_MATCHED,False,False,False,0
30,23579,14558,ALLY,2015-04-28,CANDIDATE_ONLY_NOT_G5_MATCHED,False,False,False,0
30,23579,17478,MHFI,2015-04-28,CANDIDATE_ONLY_NOT_G5_MATCHED,False,False,False,0
30,23579,23473,CINF,2015-04-28,CANDIDATE_ONLY_NOT_G5_MATCHED,False,False,False,0
30,23579,24010,ETR,2015-04-28,CANDIDATE_ONLY_NOT_G5_MATCHED,False,False,False,0
30,23579,25419,WHR,2015-04-28,CANDIDATE_ONLY_NOT_G5_MATCHED,False,False,False,0
30,23579,25785,F,2015-04-28,CANDIDATE_ONLY_NOT_G5_MATCHED,False,False,False,0
30,23579,27422,CLF,2015-04-28,CANDIDATE_ONLY_NOT_G5_MATCHED,False,False,False,0
30,23579,30402,CAS,2015-04-28,CANDIDATE_ONLY_NOT_G5_MATCHED,False,False,False,0
30,23579,33823,BOOM,2015-04-28,CANDIDATE_ONLY_NOT_G5_MATCHED,False,False,False,0
30,23579,35167,FMER,2015-04-28,CANDIDATE_ONLY_NOT_G5_MATCHED,False,False,False,0
30,23579,36898,SCL,2015-04-28,CANDIDATE_ONLY_NOT_G5_MATCHED,False,False,False,0
30,23579,42286,WWW,2015-04-28,CANDIDATE_ONLY_NOT_G5_MATCHED,False,False,False,0
30,23579,43634,IG,2015-04-28,CANDIDATE_ONLY_NOT_G5_MATCHED,False,False,False,0
30,23579,50017,RRC,2015-04-28,CANDIDATE_ONLY_NOT_G5_MATCHED,False,False,False,0
30,23579,57904,AFL,2015-04-28,CANDIDATE_ONLY_NOT_G5_MATCHED,False,False,False,0
30,23579,66384,WDC,2015-04-28,CANDIDATE_ONLY_NOT_G5_MATCHED,False,False,False,0
30,23579,69586,SBCF,2015-04-28,CANDIDATE_ONLY_NOT_G5_MATCHED,False,False,False,0
30,23579,76582,DORM,2015-04-28,CANDIDATE_ONLY_NOT_G5_MATCHED,False,False,False,0
30,23579,76644,X,2015-04-28,CANDIDATE_ONLY_NOT_G5_MATCHED,False,False,False,0
30,23579,76695,PNRA,2015-04-28,CANDIDATE_ONLY_NOT_G5_MATCHED,False,False,False,0
30,23579,76709,IDXX,2015-04-28,CANDIDATE_ONLY_NOT_G5_MATCHED,False,False,False,0
30,23579,77526,RNST,2015-04-28,CANDIDATE_ONLY_NOT_G5_MATCHED,False,False,False,0
30,23579,77605,BSX,2015-04-28,CANDIDATE_ONLY_NOT_G5_MATCHED,False,False,False,0
30,23579,77643,FCF,2015-04-28,CANDIDATE_ONLY_NOT_G5_MATCHED,False,False,False,0
30,23579,77668,ESRX,2015-04-28,CANDIDATE_ONLY_NOT_G5_MATCHED,False,False,False,0
30,23579,78840,IACI,2015-04-28,CANDIDATE_ONLY_NOT_G5_MATCHED,False,False,False,0
30,23579,78876,CRY,2015-04-28,CANDIDATE_ONLY_NOT_G5_MATCHED,False,False,False,0
30,23579,79131,MSL,2015-04-28,CANDIDATE_ONLY_NOT_G5_MATCHED,False,False,False,0
30,23579,79249,BBSI,2015-04-28,CANDIDATE_ONLY_NOT_G5_MATCHED,False,False,False,0
30,23579,80113,CGI,2015-04-28,CANDIDATE_ONLY_NOT_G5_MATCHED,False,False,False,0
30,23579,80924,SIRI,2015-04-28,CANDIDATE_ONLY_NOT_G5_MATCHED,False,False,False,0
30,23579,81501,NATI,2015-04-28,CANDIDATE_ONLY_NOT_G5_MATCHED,False,False,False,0
30,23579,81621,HLIT,2015-04-28,CANDIDATE_ONLY_NOT_G5_MATCHED,False,False,False,0
30,23579,82643,LXK,2015-04-28,CANDIDATE_ONLY_NOT_G5_MATCHED,False,False,False,0
30,23579,84042,PAG,2015-04-28,CANDIDATE_ONLY_NOT_G5_MATCHED,False,False,False,0
30,23579,84734,FBC,2015-04-28,CANDIDATE_ONLY_NOT_G5_MATCHED,False,False,False,0
30,23579,85269,VLO,2015-04-28,CANDIDATE_ONLY_NOT_G5_MATCHED,False,False,False,0
30,23579,85372,FARO,2015-04-28,CANDIDATE_ONLY_NOT_G5_MATCHED,False,False,False,0
30,23579,85427,GPI,2015-04-28,CANDIDATE_ONLY_NOT_G5_MATCHED,False,False,False,0
30,23579,86211,MSTR,2015-04-28,CANDIDATE_ONLY_NOT_G5_MATCHED,False,False,False,0
30,23579,86799,CNX,2015-04-28,CANDIDATE_ONLY_NOT_G5_MATCHED,False,False,False,0
30,23579,86827,HSII,2015-04-28,CANDIDATE_ONLY_NOT_G5_MATCHED,False,False,False,0
30,23579,87006,UTHR,2015-04-28,CANDIDATE_ONLY_NOT_G5_MATCHED,False,False,False,0
30,23579,87236,INAP,2015-04-28,CANDIDATE_ONLY_NOT_G5_MATCHED,False,False,False,0
30,23579,87299,AKAM,2015-04-28,CANDIDATE_ONLY_NOT_G5_MATCHED,False,False,False,0
30,23579,88203,VDSI,2015-04-28,CANDIDATE_ONLY_NOT_G5_MATCHED,False,False,False,0
30,23579,89269,CNC,2015-04-28,CANDIDATE_ONLY_NOT_G5_MATCHED,False,False,False,0
30,23579,89353,JBLU,2015-04-28,CANDIDATE_ONLY_NOT_G5_MATCHED,False,False,False,0
30,23579,89971,TPX,2015-04-28,CANDIDATE_ONLY_NOT_G5_MATCHED,False,False,False,0
30,23579,90110,HSP,2015-04-28,CANDIDATE_ONLY_NOT_G5_MATCHED,False,False,False,0
30,23579,90162,GNW,2015-04-28,CANDIDATE_ONLY_NOT_G5_MATCHED,False,False,False,0
30,23579,91392,WYN,2015-04-28,CANDIDATE_ONLY_NOT_G5_MATCHED,False,False,False,0
30,23579,92810,HBCP,2015-04-28,CANDIDATE_ONLY_NOT_G5_MATCHED,False,False,False,0
30,23579,92931,SWI,2015-04-28,CANDIDATE_ONLY_NOT_G5_MATCHED,False,False,False,0
30,23579,93272,CALX,2015-04-28,CANDIDATE_ONLY_NOT_G5_MATCHED,False,False,False,0
31,23835,27422,CLF,2015-02-02,CANDIDATE_ONLY_NOT_G5_MATCHED,False,False,False,0
31,23835,50623,MTSC,2015-02-02,CANDIDATE_ONLY_NOT_G5_MATCHED,False,False,False,0
31,23835,62308,TMK,2015-02-02,CANDIDATE_ONLY_NOT_G5_MATCHED,False,False,False,0
31,23835,70332,APC,2015-02-02,CANDIDATE_ONLY_NOT_G5_MATCHED,False,False,False,0
31,23835,82546,ADVS,2015-02-02,CANDIDATE_ONLY_NOT_G5_MATCHED,False,False,False,0
31,23835,87034,LII,2015-02-02,CANDIDATE_ONLY_NOT_G5_MATCHED,False,False,False,0
31,23835,87789,LMNX,2015-02-02,CANDIDATE_ONLY_NOT_G5_MATCHED,False,False,False,0
31,23835,91360,SLCT,2015-02-02,CANDIDATE_ONLY_NOT_G5_MATCHED,False,False,False,0
32,23835,11691,MATX,2015-05-04,CANDIDATE_ONLY_NOT_G5_MATCHED,False,False,False,0
32,23835,11891,MGM,2015-05-04,CANDIDATE_ONLY_NOT_G5_MATCHED,False,False,False,0
32,23835,12573,ACRX,2015-05-04,CANDIDATE_ONLY_NOT_G5_MATCHED,False,False,False,0
32,23835,13112,NTK,2015-05-04,CANDIDATE_ONLY_NOT_G5_MATCHED,False,False,False,0
32,23835,13600,QLYS,2015-05-04,CANDIDATE_ONLY_NOT_G5_MATCHED,False,False,False,0
32,23835,13622,RLGY,2015-05-04,CANDIDATE_ONLY_NOT_G5_MATCHED,False,False,False,0
32,23835,13967,PTCT,2015-05-04,CANDIDATE_ONLY_NOT_G5_MATCHED,False,False,False,0
32,23835,14313,IPWR,2015-05-04,CANDIDATE_ONLY_NOT_G5_MATCHED,False,False,False,0
32,23835,14359,XNCR,2015-05-04,CANDIDATE_ONLY_NOT_G5_MATCHED,False,False,False,0
32,23835,15202,VMC,2015-05-04,CANDIDATE_ONLY_NOT_G5_MATCHED,False,False,False,0
32,23835,26710,L,2015-05-04,CANDIDATE_ONLY_NOT_G5_MATCHED,False,False,False,0
32,23835,47626,CNA,2015-05-04,CANDIDATE_ONLY_NOT_G5_MATCHED,False,False,False,0
32,23835,50623,MTSC,2015-05-04,CANDIDATE_ONLY_NOT_G5_MATCHED,False,False,False,0
32,23835,61946,BKH,2015-05-04,CANDIDATE_ONLY_NOT_G5_MATCHED,False,False,False,0
32,23835,64936,D,2015-05-04,CANDIDATE_ONLY_NOT_G5_MATCHED,False,False,False,0
32,23835,70332,APC,2015-05-04,CANDIDATE_ONLY_NOT_G5_MATCHED,False,False,False,0
32,23835,75825,EOG,2015-05-04,CANDIDATE_ONLY_NOT_G5_MATCHED,False,False,False,0
32,23835,75854,LSCC,2015-05-04,CANDIDATE_ONLY_NOT_G5_MATCHED,False,False,False,0
32,23835,77595,ARCB,2015-05-04,CANDIDATE_ONLY_NOT_G5_MATCHED,False,False,False,0
32,23835,78186,PQ,2015-05-04,CANDIDATE_ONLY_NOT_G5_MATCHED,False,False,False,0
32,23835,79444,SGY,2015-05-04,CANDIDATE_ONLY_NOT_G5_MATCHED,False,False,False,0
32,23835,80112,CACB,2015-05-04,CANDIDATE_ONLY_NOT_G5_MATCHED,False,False,False,0
32,23835,82298,DO,2015-05-04,CANDIDATE_ONLY_NOT_G5_MATCHED,False,False,False,0
32,23835,82307,DVA,2015-05-04,CANDIDATE_ONLY_NOT_G5_MATCHED,False,False,False,0
32,23835,82581,HSIC,2015-05-04,CANDIDATE_ONLY_NOT_G5_MATCHED,False,False,False,0
32,23835,83291,ELNK,2015-05-04,CANDIDATE_ONLY_NOT_G5_MATCHED,False,False,False,0
32,23835,84168,IM,2015-05-04,CANDIDATE_ONLY_NOT_G5_MATCHED,False,False,False,0
32,23835,84320,IGTE,2015-05-04,CANDIDATE_ONLY_NOT_G5_MATCHED,False,False,False,0
32,23835,84438,SNHY,2015-05-04,CANDIDATE_ONLY_NOT_G5_MATCHED,False,False,False,0
32,23835,86158,CTSH,2015-05-04,CANDIDATE_ONLY_NOT_G5_MATCHED,False,False,False,0
32,23835,87789,LMNX,2015-05-04,CANDIDATE_ONLY_NOT_G5_MATCHED,False,False,False,0
32,23835,88790,ARRY,2015-05-04,CANDIDATE_ONLY_NOT_G5_MATCHED,False,False,False,0
32,23835,89509,XEC,2015-05-04,CANDIDATE_ONLY_NOT_G5_MATCHED,False,False,False,0
32,23835,89572,CEVA,2015-05-04,CANDIDATE_ONLY_NOT_G5_MATCHED,False,False,False,0
32,23835,90188,NUVA,2015-05-04,CANDIDATE_ONLY_NOT_G5_MATCHED,False,False,False,0
32,23835,90312,WLK,2015-05-04,CANDIDATE_ONLY_NOT_G5_MATCHED,False,False,False,0
32,23835,90925,FNF,2015-05-04,CANDIDATE_ONLY_NOT_G5_MATCHED,False,False,False,0
32,23835,92044,KS,2015-05-04,CANDIDATE_ONLY_NOT_G5_MATCHED,False,False,False,0
32,23835,93307,MERU,2015-05-04,CANDIDATE_ONLY_NOT_G5_MATCHED,False,False,False,0
32,23835,93428,BSFT,2015-05-04,CANDIDATE_ONLY_NOT_G5_MATCHED,False,False,False,0
33,24459,10302,CY,2015-04-30,CANDIDATE_ONLY_NOT_G5_MATCHED,False,False,False,0
33,24459,10421,SKYW,2015-04-30,CANDIDATE_ONLY_NOT_G5_MATCHED,False,False,False,0
33,24459,10693,HLS,2015-04-30,CANDIDATE_ONLY_NOT_G5_MATCHED,False,False,False,0
33,24459,13085,VAC,2015-04-30,CANDIDATE_ONLY_NOT_G5_MATCHED,False,False,False,0
33,24459,13343,MRC,2015-04-30,CANDIDATE_ONLY_NOT_G5_MATCHED,False,False,False,0
33,24459,13690,RKUS,2015-04-30,CANDIDATE_ONLY_NOT_G5_MATCHED,False,False,False,0
33,24459,13739,BFAM,2015-04-30,CANDIDATE_ONLY_NOT_G5_MATCHED,False,False,False,0
33,24459,13818,PF,2015-04-30,CANDIDATE_ONLY_NOT_G5_MATCHED,False,False,False,0
33,24459,14005,TXTR,2015-04-30,CANDIDATE_ONLY_NOT_G5_MATCHED,False,False,False,0
33,24459,14131,MYCC,2015-04-30,CANDIDATE_ONLY_NOT_G5_MATCHED,False,False,False,0
33,24459,14159,FEYE,2015-04-30,CANDIDATE_ONLY_NOT_G5_MATCHED,False,False,False,0
33,24459,14325,TNDM,2015-04-30,CANDIDATE_ONLY_NOT_G5_MATCHED,False,False,False,0
33,24459,14335,CQH,2015-04-30,CANDIDATE_ONLY_NOT_G5_MATCHED,False,False,False,0
33,24459,14471,TLMR,2015-04-30,CANDIDATE_ONLY_NOT_G5_MATCHED,False,False,False,0
33,24459,14795,TKR,2015-04-30,CANDIDATE_ONLY_NOT_G5_MATCHED,False,False,False,0
33,24459,19721,VVI,2015-04-30,CANDIDATE_ONLY_NOT_G5_MATCHED,False,False,False,0
33,24459,21371,CAH,2015-04-30,CANDIDATE_ONLY_NOT_G5_MATCHED,False,False,False,0
33,24459,21928,IDA,2015-04-30,CANDIDATE_ONLY_NOT_G5_MATCHED,False,False,False,0
33,24459,23085,SCG,2015-04-30,CANDIDATE_ONLY_NOT_G5_MATCHED,False,False,False,0
33,24459,28222,APD,2015-04-30,CANDIDATE_ONLY_NOT_G5_MATCHED,False,False,False,0
33,24459,34673,NR,2015-04-30,CANDIDATE_ONLY_NOT_G5_MATCHED,False,False,False,0
33,24459,38762,NI,2015-04-30,CANDIDATE_ONLY_NOT_G5_MATCHED,False,False,False,0
33,24459,39220,SMP,2015-04-30,CANDIDATE_ONLY_NOT_G5_MATCHED,False,False,False,0
33,24459,40416,AVP,2015-04-30,CANDIDATE_ONLY_NOT_G5_MATCHED,False,False,False,0
33,24459,40440,DBD,2015-04-30,CANDIDATE_ONLY_NOT_G5_MATCHED,False,False,False,0
33,24459,47706,FSS,2015-04-30,CANDIDATE_ONLY_NOT_G5_MATCHED,False,False,False,0
33,24459,48523,LANC,2015-04-30,CANDIDATE_ONLY_NOT_G5_MATCHED,False,False,False,0
33,24459,57568,BLL,2015-04-30,CANDIDATE_ONLY_NOT_G5_MATCHED,False,False,False,0
33,24459,58819,LNT,2015-04-30,CANDIDATE_ONLY_NOT_G5_MATCHED,False,False,False,0
33,24459,60943,LEG,2015-04-30,CANDIDATE_ONLY_NOT_G5_MATCHED,False,False,False,0
33,24459,61496,PATK,2015-04-30,CANDIDATE_ONLY_NOT_G5_MATCHED,False,False,False,0
33,24459,62498,WST,2015-04-30,CANDIDATE_ONLY_NOT_G5_MATCHED,False,False,False,0
33,24459,63335,PES,2015-04-30,CANDIDATE_ONLY_NOT_G5_MATCHED,False,False,False,0
33,24459,72696,SPF,2015-04-30,CANDIDATE_ONLY_NOT_G5_MATCHED,False,False,False,0
33,24459,75714,CLRO,2015-04-30,CANDIDATE_ONLY_NOT_G5_MATCHED,False,False,False,0
33,24459,76230,TRMB,2015-04-30,CANDIDATE_ONLY_NOT_G5_MATCHED,False,False,False,0
33,24459,76461,FHCO,2015-04-30,CANDIDATE_ONLY_NOT_G5_MATCHED,False,False,False,0
33,24459,76732,DIN,2015-04-30,CANDIDATE_ONLY_NOT_G5_MATCHED,False,False,False,0
33,24459,77279,ABAX,2015-04-30,CANDIDATE_ONLY_NOT_G5_MATCHED,False,False,False,0
33,24459,77763,SPN,2015-04-30,CANDIDATE_ONLY_NOT_G5_MATCHED,False,False,False,0
33,24459,78071,BIOL,2015-04-30,CANDIDATE_ONLY_NOT_G5_MATCHED,False,False,False,0
33,24459,78211,UVE,2015-04-30,CANDIDATE_ONLY_NOT_G5_MATCHED,False,False,False,0
33,24459,78903,PEBO,2015-04-30,CANDIDATE_ONLY_NOT_G5_MATCHED,False,False,False,0
33,24459,79198,TWI,2015-04-30,CANDIDATE_ONLY_NOT_G5_MATCHED,False,False,False,0
33,24459,79248,THRM,2015-04-30,CANDIDATE_ONLY_NOT_G5_MATCHED,False,False,False,0
33,24459,79336,LBY,2015-04-30,CANDIDATE_ONLY_NOT_G5_MATCHED,False,False,False,0
33,24459,79571,CASH,2015-04-30,CANDIDATE_ONLY_NOT_G5_MATCHED,False,False,False,0
33,24459,79724,OMG,2015-04-30,CANDIDATE_ONLY_NOT_G5_MATCHED,False,False,False,0
33,24459,79758,BYD,2015-04-30,CANDIDATE_ONLY_NOT_G5_MATCHED,False,False,False,0
33,24459,79879,JDSU,2015-04-30,CANDIDATE_ONLY_NOT_G5_MATCHED,False,False,False,0
33,24459,79903,HHS,2015-04-30,CANDIDATE_ONLY_NOT_G5_MATCHED,False,False,False,0
33,24459,80072,VLY,2015-04-30,CANDIDATE_ONLY_NOT_G5_MATCHED,False,False,False,0
33,24459,80539,NKTR,2015-04-30,CANDIDATE_ONLY_NOT_G5_MATCHED,False,False,False,0
33,24459,82292,THG,2015-04-30,CANDIDATE_ONLY_NOT_G5_MATCHED,False,False,False,0
33,24459,82486,ERIE,2015-04-30,CANDIDATE_ONLY_NOT_G5_MATCHED,False,False,False,0
33,24459,83244,CENX,2015-04-30,CANDIDATE_ONLY_NOT_G5_MATCHED,False,False,False,0
33,24459,83366,CRR,2015-04-30,CANDIDATE_ONLY_NOT_G5_MATCHED,False,False,False,0
33,24459,83534,NBIX,2015-04-30,CANDIDATE_ONLY_NOT_G5_MATCHED,False,False,False,0
33,24459,84723,LNG,2015-04-30,CANDIDATE_ONLY_NOT_G5_MATCHED,False,False,False,0
33,24459,85424,DRQ,2015-04-30,CANDIDATE_ONLY_NOT_G5_MATCHED,False,False,False,0
33,24459,85792,PWR,2015-04-30,CANDIDATE_ONLY_NOT_G5_MATCHED,False,False,False,0
33,24459,85839,NUTR,2015-04-30,CANDIDATE_ONLY_NOT_G5_MATCHED,False,False,False,0
33,24459,86051,AXTI,2015-04-30,CANDIDATE_ONLY_NOT_G5_MATCHED,False,False,False,0
33,24459,86106,EEP,2015-04-30,CANDIDATE_ONLY_NOT_G5_MATCHED,False,False,False,0
33,24459,86544,BCOR,2015-04-30,CANDIDATE_ONLY_NOT_G5_MATCHED,False,False,False,0
33,24459,88379,NTRI,2015-04-30,CANDIDATE_ONLY_NOT_G5_MATCHED,False,False,False,0
33,24459,88574,TSYS,2015-04-30,CANDIDATE_ONLY_NOT_G5_MATCHED,False,False,False,0
33,24459,88597,POL,2015-04-30,CANDIDATE_ONLY_NOT_G5_MATCHED,False,False,False,0
33,24459,88626,DRRX,2015-04-30,CANDIDATE_ONLY_NOT_G5_MATCHED,False,False,False,0
33,24459,89031,TASR,2015-04-30,CANDIDATE_ONLY_NOT_G5_MATCHED,False,False,False,0
33,24459,89070,ZMH,2015-04-30,CANDIDATE_ONLY_NOT_G5_MATCHED,False,False,False,0
33,24459,89110,OMCL,2015-04-30,CANDIDATE_ONLY_NOT_G5_MATCHED,False,False,False,0
33,24459,89626,CME,2015-04-30,CANDIDATE_ONLY_NOT_G5_MATCHED,False,False,False,0
33,24459,89905,CALD,2015-04-30,CANDIDATE_ONLY_NOT_G5_MATCHED,False,False,False,0
33,24459,89973,UTI,2015-04-30,CANDIDATE_ONLY_NOT_G5_MATCHED,False,False,False,0
33,24459,90238,SNMX,2015-04-30,CANDIDATE_ONLY_NOT_G5_MATCHED,False,False,False,0
33,24459,90374,DWA,2015-04-30,CANDIDATE_ONLY_NOT_G5_MATCHED,False,False,False,0
33,24459,90386,MOS,2015-04-30,CANDIDATE_ONLY_NOT_G5_MATCHED,False,False,False,0
33,24459,90404,CLMS,2015-04-30,CANDIDATE_ONLY_NOT_G5_MATCHED,False,False,False,0
33,24459,90558,HUN,2015-04-30,CANDIDATE_ONLY_NOT_G5_MATCHED,False,False,False,0
33,24459,90786,ITC,2015-04-30,CANDIDATE_ONLY_NOT_G5_MATCHED,False,False,False,0
33,24459,90808,EXPE,2015-04-30,CANDIDATE_ONLY_NOT_G5_MATCHED,False,False,False,0
33,24459,90952,ISBC,2015-04-30,CANDIDATE_ONLY_NOT_G5_MATCHED,False,False,False,0
33,24459,90978,SPWR,2015-04-30,CANDIDATE_ONLY_NOT_G5_MATCHED,False,False,False,0
33,24459,91041,LYV,2015-04-30,CANDIDATE_ONLY_NOT_G5_MATCHED,False,False,False,0
33,24459,91063,VIAB,2015-04-30,CANDIDATE_ONLY_NOT_G5_MATCHED,False,False,False,0
33,24459,91814,ARAY,2015-04-30,CANDIDATE_ONLY_NOT_G5_MATCHED,False,False,False,0
33,24459,91854,UFS,2015-04-30,CANDIDATE_ONLY_NOT_G5_MATCHED,False,False,False,0
33,24459,92050,PODD,2015-04-30,CANDIDATE_ONLY_NOT_G5_MATCHED,False,False,False,0
33,24459,92326,CVI,2015-04-30,CANDIDATE_ONLY_NOT_G5_MATCHED,False,False,False,0
33,24459,92611,V,2015-04-30,CANDIDATE_ONLY_NOT_G5_MATCHED,False,False,False,0
33,24459,92894,HTWR,2015-04-30,CANDIDATE_ONLY_NOT_G5_MATCHED,False,False,False,0
33,24459,92924,DGI,2015-04-30,CANDIDATE_ONLY_NOT_G5_MATCHED,False,False,False,0
33,24459,93035,SEM,2015-04-30,CANDIDATE_ONLY_NOT_G5_MATCHED,False,False,False,0
33,24459,93073,ADUS,2015-04-30,CANDIDATE_ONLY_NOT_G5_MATCHED,False,False,False,0
34,24969,11809,CLH,2013-02-20,CANDIDATE_ONLY_NOT_G5_MATCHED,False,False,False,0
34,24969,12797,SZYM,2013-02-20,CANDIDATE_ONLY_NOT_G5_MATCHED,False,False,False,0
34,24969,27756,STR,2013-02-20,CANDIDATE_ONLY_NOT_G5_MATCHED,False,False,False,0
34,24969,31238,EMCI,2013-02-20,CANDIDATE_ONLY_NOT_G5_MATCHED,False,False,False,0
34,24969,37234,FST,2013-02-20,CANDIDATE_ONLY_NOT_G5_MATCHED,False,False,False,0
34,24969,38156,WMB,2013-02-20,CANDIDATE_ONLY_NOT_G5_MATCHED,False,False,False,0
34,24969,45306,IDCC,2013-02-20,CANDIDATE_ONLY_NOT_G5_MATCHED,False,False,False,0
34,24969,55001,TRN,2013-02-20,CANDIDATE_ONLY_NOT_G5_MATCHED,False,False,False,0
34,24969,60871,ADI,2013-02-20,CANDIDATE_ONLY_NOT_G5_MATCHED,False,False,False,0
34,24969,61955,PVA,2013-02-20,CANDIDATE_ONLY_NOT_G5_MATCHED,False,False,False,0
34,24969,77453,JACK,2013-02-20,CANDIDATE_ONLY_NOT_G5_MATCHED,False,False,False,0
34,24969,77902,CAKE,2013-02-20,CANDIDATE_ONLY_NOT_G5_MATCHED,False,False,False,0
34,24969,78170,SM,2013-02-20,CANDIDATE_ONLY_NOT_G5_MATCHED,False,False,False,0
34,24969,81696,DISH,2013-02-20,CANDIDATE_ONLY_NOT_G5_MATCHED,False,False,False,0
34,24969,85168,HLX,2013-02-20,CANDIDATE_ONLY_NOT_G5_MATCHED,False,False,False,0
34,24969,87137,DVN,2013-02-20,CANDIDATE_ONLY_NOT_G5_MATCHED,False,False,False,0
34,24969,88853,FLR,2013-02-20,CANDIDATE_ONLY_NOT_G5_MATCHED,False,False,False,0
34,24969,88863,EXAS,2013-02-20,CANDIDATE_ONLY_NOT_G5_MATCHED,False,False,False,0
34,24969,89307,MANT,2013-02-20,CANDIDATE_ONLY_NOT_G5_MATCHED,False,False,False,0
34,24969,91090,CROX,2013-02-20,CANDIDATE_ONLY_NOT_G5_MATCHED,False,False,False,0
34,24969,91109,XCO,2013-02-20,CANDIDATE_ONLY_NOT_G5_MATCHED,False,False,False,0
34,24969,91579,KBR,2013-02-20,CANDIDATE_ONLY_NOT_G5_MATCHED,False,False,False,0
34,24969,91915,CNK,2013-02-20,CANDIDATE_ONLY_NOT_G5_MATCHED,False,False,False,0
34,24969,92232,ZINC,2013-02-20,CANDIDATE_ONLY_NOT_G5_MATCHED,False,False,False,0
34,24969,92239,CXO,2013-02-20,CANDIDATE_ONLY_NOT_G5_MATCHED,False,False,False,0
34,24969,92400,LL,2013-02-20,CANDIDATE_ONLY_NOT_G5_MATCHED,False,False,False,0
34,24969,92464,MDAS,2013-02-20,CANDIDATE_ONLY_NOT_G5_MATCHED,False,False,False,0
34,24969,92854,CLW,2013-02-20,CANDIDATE_ONLY_NOT_G5_MATCHED,False,False,False,0
35,25778,10308,TMP,2011-07-20,CANDIDATE_ONLY_NOT_G5_MATCHED,False,False,False,0
35,25778,10397,WERN,2011-07-20,CANDIDATE_ONLY_NOT_G5_MATCHED,False,False,False,0
35,25778,11844,CTBI,2011-07-20,CANDIDATE_ONLY_NOT_G5_MATCHED,False,False,False,0
35,25778,13901,MO,2011-07-20,CANDIDATE_ONLY_NOT_G5_MATCHED,False,False,False,0
35,25778,20395,CVBF,2011-07-20,CANDIDATE_ONLY_NOT_G5_MATCHED,False,False,False,0
35,25778,23579,TXT,2011-07-20,CANDIDATE_ONLY_NOT_G5_MATCHED,False,False,False,0
35,25778,30648,COHU,2011-07-20,CANDIDATE_ONLY_NOT_G5_MATCHED,False,False,False,0
35,25778,58246,NTRS,2011-07-20,CANDIDATE_ONLY_NOT_G5_MATCHED,False,False,False,0
35,25778,58318,TEX,2011-07-20,CANDIDATE_ONLY_NOT_G5_MATCHED,False,False,False,0
35,25778,59176,AXP,2011-07-20,CANDIDATE_ONLY_NOT_G5_MATCHED,False,False,False,0
35,25778,59328,INTC,2011-07-20,CANDIDATE_ONLY_NOT_G5_MATCHED,False,False,False,0
35,25778,65294,RLI,2011-07-20,CANDIDATE_ONLY_NOT_G5_MATCHED,False,False,False,0
35,25778,66157,USB,2011-07-20,CANDIDATE_ONLY_NOT_G5_MATCHED,False,False,False,0
35,25778,66325,SLM,2011-07-20,CANDIDATE_ONLY_NOT_G5_MATCHED,False,False,False,0
35,25778,68591,STJ,2011-07-20,CANDIDATE_ONLY_NOT_G5_MATCHED,False,False,False,0
35,25778,75591,IEX,2011-07-20,CANDIDATE_ONLY_NOT_G5_MATCHED,False,False,False,0
35,25778,77902,CAKE,2011-07-20,CANDIDATE_ONLY_NOT_G5_MATCHED,False,False,False,0
35,25778,78068,STLY,2011-07-20,CANDIDATE_ONLY_NOT_G5_MATCHED,False,False,False,0
35,25778,79013,SYBT,2011-07-20,CANDIDATE_ONLY_NOT_G5_MATCHED,False,False,False,0
35,25778,79841,FWRD,2011-07-20,CANDIDATE_ONLY_NOT_G5_MATCHED,False,False,False,0
35,25778,82762,WSTL,2011-07-20,CANDIDATE_ONLY_NOT_G5_MATCHED,False,False,False,0
35,25778,83862,ETFC,2011-07-20,CANDIDATE_ONLY_NOT_G5_MATCHED,False,False,False,0
35,25778,85860,BRKL,2011-07-20,CANDIDATE_ONLY_NOT_G5_MATCHED,False,False,False,0
35,25778,86004,UMPQ,2011-07-20,CANDIDATE_ONLY_NOT_G5_MATCHED,False,False,False,0
35,25778,86356,EBAY,2011-07-20,CANDIDATE_ONLY_NOT_G5_MATCHED,False,False,False,0
35,25778,86489,SCSS,2011-07-20,CANDIDATE_ONLY_NOT_G5_MATCHED,False,False,False,0
35,25778,86719,EWBC,2011-07-20,CANDIDATE_ONLY_NOT_G5_MATCHED,False,False,False,0
35,25778,86964,FFIV,2011-07-20,CANDIDATE_ONLY_NOT_G5_MATCHED,False,False,False,0
35,25778,87160,DTLK,2011-07-20,CANDIDATE_ONLY_NOT_G5_MATCHED,False,False,False,0
35,25778,87267,BLK,2011-07-20,CANDIDATE_ONLY_NOT_G5_MATCHED,False,False,False,0
35,25778,89968,PJC,2011-07-20,CANDIDATE_ONLY_NOT_G5_MATCHED,False,False,False,0
35,25778,91416,HBI,2011-07-20,CANDIDATE_ONLY_NOT_G5_MATCHED,False,False,False,0
36,25778,10375,TCB,2012-01-24,CANDIDATE_ONLY_NOT_G5_MATCHED,False,False,False,0
36,25778,14593,AAPL,2012-01-24,CANDIDATE_ONLY_NOT_G5_MATCHED,False,False,False,0
36,25778,20053,SNV,2012-01-24,CANDIDATE_ONLY_NOT_G5_MATCHED,False,False,False,0
36,25778,25129,CBSH,2012-01-24,CANDIDATE_ONLY_NOT_G5_MATCHED,False,False,False,0
36,25778,35044,RF,2012-01-24,CANDIDATE_ONLY_NOT_G5_MATCHED,False,False,False,0
36,25778,35263,TRMK,2012-01-24,CANDIDATE_ONLY_NOT_G5_MATCHED,False,False,False,0
36,25778,76529,NRIM,2012-01-24,CANDIDATE_ONLY_NOT_G5_MATCHED,False,False,False,0
36,25778,76639,TSS,2012-01-24,CANDIDATE_ONLY_NOT_G5_MATCHED,False,False,False,0
36,25778,78829,UMBF,2012-01-24,CANDIDATE_ONLY_NOT_G5_MATCHED,False,False,False,0
36,25778,79037,ETH,2012-01-24,CANDIDATE_ONLY_NOT_G5_MATCHED,False,False,False,0
36,25778,80361,RKT,2012-01-24,CANDIDATE_ONLY_NOT_G5_MATCHED,False,False,False,0
36,25778,82635,BKI,2012-01-24,CANDIDATE_ONLY_NOT_G5_MATCHED,False,False,False,0
36,25778,82651,WAT,2012-01-24,CANDIDATE_ONLY_NOT_G5_MATCHED,False,False,False,0
36,25778,82762,WSTL,2012-01-24,CANDIDATE_ONLY_NOT_G5_MATCHED,False,False,False,0
36,25778,83435,YHOO,2012-01-24,CANDIDATE_ONLY_NOT_G5_MATCHED,False,False,False,0
36,25778,85488,OSIS,2012-01-24,CANDIDATE_ONLY_NOT_G5_MATCHED,False,False,False,0
36,25778,85738,MRCY,2012-01-24,CANDIDATE_ONLY_NOT_G5_MATCHED,False,False,False,0
36,25778,88661,COH,2012-01-24,CANDIDATE_ONLY_NOT_G5_MATCHED,False,False,False,0
36,25778,90090,SBNY,2012-01-24,CANDIDATE_ONLY_NOT_G5_MATCHED,False,False,False,0
36,25778,91907,SMCI,2012-01-24,CANDIDATE_ONLY_NOT_G5_MATCHED,False,False,False,0
37,25785,10147,EMC,2015-01-29,CANDIDATE_ONLY_NOT_G5_MATCHED,False,False,False,0
37,25785,10890,UIS,2015-01-29,CANDIDATE_ONLY_NOT_G5_MATCHED,False,False,False,0
37,25785,11533,FICO,2015-01-29,CANDIDATE_ONLY_NOT_G5_MATCHED,False,False,False,0
37,25785,13377,PFPT,2015-01-29,CANDIDATE_ONLY_NOT_G5_MATCHED,False,False,False,0
37,25785,13508,NGVC,2015-01-29,CANDIDATE_ONLY_NOT_G5_MATCHED,False,False,False,0
37,25785,14795,TKR,2015-01-29,CANDIDATE_ONLY_NOT_G5_MATCHED,False,False,False,0
37,25785,20482,ABT,2015-01-29,CANDIDATE_ONLY_NOT_G5_MATCHED,False,False,False,0
37,25785,21371,CAH,2015-01-29,CANDIDATE_ONLY_NOT_G5_MATCHED,False,False,False,0
37,25785,23229,CMS,2015-01-29,CANDIDATE_ONLY_NOT_G5_MATCHED,False,False,False,0
37,25785,24476,COHR,2015-01-29,CANDIDATE_ONLY_NOT_G5_MATCHED,False,False,False,0
37,25785,24766,NOC,2015-01-29,CANDIDATE_ONLY_NOT_G5_MATCHED,False,False,False,0
37,25785,24942,RTN,2015-01-29,CANDIDATE_ONLY_NOT_G5_MATCHED,False,False,False,0
37,25785,28222,APD,2015-01-29,CANDIDATE_ONLY_NOT_G5_MATCHED,False,False,False,0
37,25785,29612,AIT,2015-01-29,CANDIDATE_ONLY_NOT_G5_MATCHED,False,False,False,0
37,25785,32540,ELX,2015-01-29,CANDIDATE_ONLY_NOT_G5_MATCHED,False,False,False,0
37,25785,36468,SHW,2015-01-29,CANDIDATE_ONLY_NOT_G5_MATCHED,False,False,False,0
37,25785,44134,KMT,2015-01-29,CANDIDATE_ONLY_NOT_G5_MATCHED,False,False,False,0
37,25785,48523,LANC,2015-01-29,CANDIDATE_ONLY_NOT_G5_MATCHED,False,False,False,0
37,25785,52230,RHI,2015-01-29,CANDIDATE_ONLY_NOT_G5_MATCHED,False,False,False,0
37,25785,54148,PHM,2015-01-29,CANDIDATE_ONLY_NOT_G5_MATCHED,False,False,False,0
37,25785,59192,CB,2015-01-29,CANDIDATE_ONLY_NOT_G5_MATCHED,False,False,False,0
37,25785,60943,LEG,2015-01-29,CANDIDATE_ONLY_NOT_G5_MATCHED,False,False,False,0
37,25785,68292,SIGI,2015-01-29,CANDIDATE_ONLY_NOT_G5_MATCHED,False,False,False,0
37,25785,70033,HOG,2015-01-29,CANDIDATE_ONLY_NOT_G5_MATCHED,False,False,False,0
37,25785,75342,MTH,2015-01-29,CANDIDATE_ONLY_NOT_G5_MATCHED,False,False,False,0
37,25785,76837,HAE,2015-01-29,CANDIDATE_ONLY_NOT_G5_MATCHED,False,False,False,0
37,25785,77366,ELY,2015-01-29,CANDIDATE_ONLY_NOT_G5_MATCHED,False,False,False,0
37,25785,77679,COLB,2015-01-29,CANDIDATE_ONLY_NOT_G5_MATCHED,False,False,False,0
37,25785,78001,KEM,2015-01-29,CANDIDATE_ONLY_NOT_G5_MATCHED,False,False,False,0
37,25785,78981,LSTR,2015-01-29,CANDIDATE_ONLY_NOT_G5_MATCHED,False,False,False,0
37,25785,78987,MCHP,2015-01-29,CANDIDATE_ONLY_NOT_G5_MATCHED,False,False,False,0
37,25785,79571,CASH,2015-01-29,CANDIDATE_ONLY_NOT_G5_MATCHED,False,False,False,0
37,25785,79686,DECK,2015-01-29,CANDIDATE_ONLY_NOT_G5_MATCHED,False,False,False,0
37,25785,80072,VLY,2015-01-29,CANDIDATE_ONLY_NOT_G5_MATCHED,False,False,False,0
37,25785,80112,CACB,2015-01-29,CANDIDATE_ONLY_NOT_G5_MATCHED,False,False,False,0
37,25785,81501,NATI,2015-01-29,CANDIDATE_ONLY_NOT_G5_MATCHED,False,False,False,0
37,25785,81621,HLIT,2015-01-29,CANDIDATE_ONLY_NOT_G5_MATCHED,False,False,False,0
37,25785,81666,HA,2015-01-29,CANDIDATE_ONLY_NOT_G5_MATCHED,False,False,False,0
37,25785,81857,CAM,2015-01-29,CANDIDATE_ONLY_NOT_G5_MATCHED,False,False,False,0
37,25785,83186,DST,2015-01-29,CANDIDATE_ONLY_NOT_G5_MATCHED,False,False,False,0
37,25785,83366,CRR,2015-01-29,CANDIDATE_ONLY_NOT_G5_MATCHED,False,False,False,0
37,25785,84373,DGX,2015-01-29,CANDIDATE_ONLY_NOT_G5_MATCHED,False,False,False,0
37,25785,85269,VLO,2015-01-29,CANDIDATE_ONLY_NOT_G5_MATCHED,False,False,False,0
37,25785,85963,BRCM,2015-01-29,CANDIDATE_ONLY_NOT_G5_MATCHED,False,False,False,0
37,25785,86876,WCC,2015-01-29,CANDIDATE_ONLY_NOT_G5_MATCHED,False,False,False,0
37,25785,88331,CPHD,2015-01-29,CANDIDATE_ONLY_NOT_G5_MATCHED,False,False,False,0
37,25785,88542,LTRX,2015-01-29,CANDIDATE_ONLY_NOT_G5_MATCHED,False,False,False,0
37,25785,88860,ALGN,2015-01-29,CANDIDATE_ONLY_NOT_G5_MATCHED,False,False,False,0
37,25785,89070,ZMH,2015-01-29,CANDIDATE_ONLY_NOT_G5_MATCHED,False,False,False,0
37,25785,89290,SYNA,2015-01-29,CANDIDATE_ONLY_NOT_G5_MATCHED,False,False,False,0
37,25785,89353,JBLU,2015-01-29,CANDIDATE_ONLY_NOT_G5_MATCHED,False,False,False,0
37,25785,90086,MBVT,2015-01-29,CANDIDATE_ONLY_NOT_G5_MATCHED,False,False,False,0
37,25785,90952,ISBC,2015-01-29,CANDIDATE_ONLY_NOT_G5_MATCHED,False,False,False,0
37,25785,91063,VIAB,2015-01-29,CANDIDATE_ONLY_NOT_G5_MATCHED,False,False,False,0
37,25785,91066,VIA,2015-01-29,CANDIDATE_ONLY_NOT_G5_MATCHED,False,False,False,0
37,25785,91901,GSIT,2015-01-29,CANDIDATE_ONLY_NOT_G5_MATCHED,False,False,False,0
37,25785,92172,DHX,2015-01-29,CANDIDATE_ONLY_NOT_G5_MATCHED,False,False,False,0
37,25785,92497,N,2015-01-29,CANDIDATE_ONLY_NOT_G5_MATCHED,False,False,False,0
37,25785,92611,V,2015-01-29,CANDIDATE_ONLY_NOT_G5_MATCHED,False,False,False,0
37,25785,92871,VRTS,2015-01-29,CANDIDATE_ONLY_NOT_G5_MATCHED,False,False,False,0
37,25785,92931,SWI,2015-01-29,CANDIDATE_ONLY_NOT_G5_MATCHED,False,False,False,0
38,26201,10259,SIGM,2014-12-10,CANDIDATE_ONLY_NOT_G5_MATCHED,False,False,False,0
38,26201,12266,PPHM,2014-12-10,CANDIDATE_ONLY_NOT_G5_MATCHED,False,False,False,0
38,26201,13687,RH,2014-12-10,CANDIDATE_ONLY_NOT_G5_MATCHED,False,False,False,0
38,26201,21742,CASY,2014-12-10,CANDIDATE_ONLY_NOT_G5_MATCHED,False,False,False,0
38,26201,22825,CMN,2014-12-10,CANDIDATE_ONLY_NOT_G5_MATCHED,False,False,False,0
38,26201,76020,SURG,2014-12-10,CANDIDATE_ONLY_NOT_G5_MATCHED,False,False,False,0
38,26201,76383,AVNR,2014-12-10,CANDIDATE_ONLY_NOT_G5_MATCHED,False,False,False,0
38,26201,77516,MW,2014-12-10,CANDIDATE_ONLY_NOT_G5_MATCHED,False,False,False,0
38,26201,79315,CHKE,2014-12-10,CANDIDATE_ONLY_NOT_G5_MATCHED,False,False,False,0
38,26201,87055,COST,2014-12-10,CANDIDATE_ONLY_NOT_G5_MATCHED,False,False,False,0
38,26201,92471,TITN,2014-12-10,CANDIDATE_ONLY_NOT_G5_MATCHED,False,False,False,0
38,26201,93398,MILL,2014-12-10,CANDIDATE_ONLY_NOT_G5_MATCHED,False,False,False,0
39,27043,10308,TMP,2012-01-25,CANDIDATE_ONLY_NOT_G5_MATCHED,False,False,False,0
39,27043,10530,VIVO,2012-01-25,CANDIDATE_ONLY_NOT_G5_MATCHED,False,False,False,0
39,27043,13928,COP,2012-01-25,CANDIDATE_ONLY_NOT_G5_MATCHED,False,False,False,0
39,27043,17929,UGI,2012-01-25,CANDIDATE_ONLY_NOT_G5_MATCHED,False,False,False,0
39,27043,21186,MWV,2012-01-25,CANDIDATE_ONLY_NOT_G5_MATCHED,False,False,False,0
39,27043,21776,EXC,2012-01-25,CANDIDATE_ONLY_NOT_G5_MATCHED,False,False,False,0
39,27043,22293,GLW,2012-01-25,CANDIDATE_ONLY_NOT_G5_MATCHED,False,False,False,0
39,27043,22779,MSI,2012-01-25,CANDIDATE_ONLY_NOT_G5_MATCHED,False,False,False,0
39,27043,23579,TXT,2012-01-25,CANDIDATE_ONLY_NOT_G5_MATCHED,False,False,False,0
39,27043,26470,EGN,2012-01-25,CANDIDATE_ONLY_NOT_G5_MATCHED,False,False,False,0
39,27043,28345,MUR,2012-01-25,CANDIDATE_ONLY_NOT_G5_MATCHED,False,False,False,0
39,27043,28564,CTS,2012-01-25,CANDIDATE_ONLY_NOT_G5_MATCHED,False,False,False,0
39,27043,34833,OXY,2012-01-25,CANDIDATE_ONLY_NOT_G5_MATCHED,False,False,False,0
39,27043,43123,ATI,2012-01-25,CANDIDATE_ONLY_NOT_G5_MATCHED,False,False,False,0
39,27043,43350,SWK,2012-01-25,CANDIDATE_ONLY_NOT_G5_MATCHED,False,False,False,0
39,27043,51369,TER,2012-01-25,CANDIDATE_ONLY_NOT_G5_MATCHED,False,False,False,0
39,27043,61567,HXL,2012-01-25,CANDIDATE_ONLY_NOT_G5_MATCHED,False,False,False,0
39,27043,65294,RLI,2012-01-25,CANDIDATE_ONLY_NOT_G5_MATCHED,False,False,False,0
39,27043,68591,STJ,2012-01-25,CANDIDATE_ONLY_NOT_G5_MATCHED,False,False,False,0
39,27043,73809,SUSQ,2012-01-25,CANDIDATE_ONLY_NOT_G5_MATCHED,False,False,False,0
39,27043,75182,PII,2012-01-25,CANDIDATE_ONLY_NOT_G5_MATCHED,False,False,False,0
39,27043,75912,PMTC,2012-01-25,CANDIDATE_ONLY_NOT_G5_MATCHED,False,False,False,0
39,27043,76234,MOLXA,2012-01-25,CANDIDATE_ONLY_NOT_G5_MATCHED,False,False,False,0
39,27043,77768,PX,2012-01-25,CANDIDATE_ONLY_NOT_G5_MATCHED,False,False,False,0
39,27043,79013,SYBT,2012-01-25,CANDIDATE_ONLY_NOT_G5_MATCHED,False,False,False,0
39,27043,79859,NYB,2012-01-25,CANDIDATE_ONLY_NOT_G5_MATCHED,False,False,False,0
39,27043,80113,CGI,2012-01-25,CANDIDATE_ONLY_NOT_G5_MATCHED,False,False,False,0
39,27043,80987,KNX,2012-01-25,CANDIDATE_ONLY_NOT_G5_MATCHED,False,False,False,0
39,27043,82575,BANR,2012-01-25,CANDIDATE_ONLY_NOT_G5_MATCHED,False,False,False,0
39,27043,82618,SNDK,2012-01-25,CANDIDATE_ONLY_NOT_G5_MATCHED,False,False,False,0
39,27043,82686,CTXS,2012-01-25,CANDIDATE_ONLY_NOT_G5_MATCHED,False,False,False,0
39,27043,83862,ETFC,2012-01-25,CANDIDATE_ONLY_NOT_G5_MATCHED,False,False,False,0
39,27043,84381,ROK,2012-01-25,CANDIDATE_ONLY_NOT_G5_MATCHED,False,False,False,0
39,27043,85663,URI,2012-01-25,CANDIDATE_ONLY_NOT_G5_MATCHED,False,False,False,0
39,27043,85860,BRKL,2012-01-25,CANDIDATE_ONLY_NOT_G5_MATCHED,False,False,False,0
39,27043,86004,UMPQ,2012-01-25,CANDIDATE_ONLY_NOT_G5_MATCHED,False,False,False,0
39,27043,87812,SLAB,2012-01-25,CANDIDATE_ONLY_NOT_G5_MATCHED,False,False,False,0
39,27043,89179,WLP,2012-01-25,CANDIDATE_ONLY_NOT_G5_MATCHED,False,False,False,0
39,27043,89968,PJC,2012-01-25,CANDIDATE_ONLY_NOT_G5_MATCHED,False,False,False,0
39,27043,90893,LCC,2012-01-25,CANDIDATE_ONLY_NOT_G5_MATCHED,False,False,False,0
39,27043,91959,ESSA,2012-01-25,CANDIDATE_ONLY_NOT_G5_MATCHED,False,False,False,0
40,27633,12783,THR,2015-02-03,CANDIDATE_ONLY_NOT_G5_MATCHED,False,False,False,0
40,27633,14414,SC,2015-02-03,CANDIDATE_ONLY_NOT_G5_MATCHED,False,False,False,0
40,27633,15721,ATW,2015-02-03,CANDIDATE_ONLY_NOT_G5_MATCHED,False,False,False,0
40,27633,19828,WEN,2015-02-03,CANDIDATE_ONLY_NOT_G5_MATCHED,False,False,False,0
40,27633,37217,LDR,2015-02-03,CANDIDATE_ONLY_NOT_G5_MATCHED,False,False,False,0
40,27633,38093,AJG,2015-02-03,CANDIDATE_ONLY_NOT_G5_MATCHED,False,False,False,0
40,27633,47941,GCI,2015-02-03,CANDIDATE_ONLY_NOT_G5_MATCHED,False,False,False,0
40,27633,52716,HRC,2015-02-03,CANDIDATE_ONLY_NOT_G5_MATCHED,False,False,False,0
40,27633,57904,AFL,2015-02-03,CANDIDATE_ONLY_NOT_G5_MATCHED,False,False,False,0
40,27633,63715,POWL,2015-02-03,CANDIDATE_ONLY_NOT_G5_MATCHED,False,False,False,0
40,27633,75326,ACI,2015-02-03,CANDIDATE_ONLY_NOT_G5_MATCHED,False,False,False,0
40,27633,75694,TECH,2015-02-03,CANDIDATE_ONLY_NOT_G5_MATCHED,False,False,False,0
40,27633,75854,LSCC,2015-02-03,CANDIDATE_ONLY_NOT_G5_MATCHED,False,False,False,0
40,27633,76224,BHE,2015-02-03,CANDIDATE_ONLY_NOT_G5_MATCHED,False,False,False,0
40,27633,76282,AN,2015-02-03,CANDIDATE_ONLY_NOT_G5_MATCHED,False,False,False,0
40,27633,76461,FHCO,2015-02-03,CANDIDATE_ONLY_NOT_G5_MATCHED,False,False,False,0
40,27633,76573,MLI,2015-02-03,CANDIDATE_ONLY_NOT_G5_MATCHED,False,False,False,0
40,27633,77173,VTSS,2015-02-03,CANDIDATE_ONLY_NOT_G5_MATCHED,False,False,False,0
40,27633,78840,IACI,2015-02-03,CANDIDATE_ONLY_NOT_G5_MATCHED,False,False,False,0
40,27633,79909,MHO,2015-02-03,CANDIDATE_ONLY_NOT_G5_MATCHED,False,False,False,0
40,27633,85246,JLL,2015-02-03,CANDIDATE_ONLY_NOT_G5_MATCHED,False,False,False,0
40,27633,85653,AI,2015-02-03,CANDIDATE_ONLY_NOT_G5_MATCHED,False,False,False,0
40,27633,87657,EW,2015-02-03,CANDIDATE_ONLY_NOT_G5_MATCHED,False,False,False,0
40,27633,88664,JKHY,2015-02-03,CANDIDATE_ONLY_NOT_G5_MATCHED,False,False,False,0
40,27633,88790,ARRY,2015-02-03,CANDIDATE_ONLY_NOT_G5_MATCHED,False,False,False,0
40,27633,89269,CNC,2015-02-03,CANDIDATE_ONLY_NOT_G5_MATCHED,False,False,False,0
40,27633,90354,OCLR,2015-02-03,CANDIDATE_ONLY_NOT_G5_MATCHED,False,False,False,0
40,27633,91594,SPR,2015-02-03,CANDIDATE_ONLY_NOT_G5_MATCHED,False,False,False,0
41,35051,10693,HLS,2015-02-24,CANDIDATE_ONLY_NOT_G5_MATCHED,False,False,False,0
41,35051,11691,MATX,2015-02-24,CANDIDATE_ONLY_NOT_G5_MATCHED,False,False,False,0
41,35051,12008,DY,2015-02-24,CANDIDATE_ONLY_NOT_G5_MATCHED,False,False,False,0
41,35051,13253,SLCA,2015-02-24,CANDIDATE_ONLY_NOT_G5_MATCHED,False,False,False,0
41,35051,13622,RLGY,2015-02-24,CANDIDATE_ONLY_NOT_G5_MATCHED,False,False,False,0
41,35051,13704,NEO,2015-02-24,CANDIDATE_ONLY_NOT_G5_MATCHED,False,False,False,0
41,35051,13818,PF,2015-02-24,CANDIDATE_ONLY_NOT_G5_MATCHED,False,False,False,0
41,35051,14004,RCAP,2015-02-24,CANDIDATE_ONLY_NOT_G5_MATCHED,False,False,False,0
41,35051,14185,CPS,2015-02-24,CANDIDATE_ONLY_NOT_G5_MATCHED,False,False,False,0
41,35051,14325,TNDM,2015-02-24,CANDIDATE_ONLY_NOT_G5_MATCHED,False,False,False,0
41,35051,27828,HPQ,2015-02-24,CANDIDATE_ONLY_NOT_G5_MATCHED,False,False,False,0
41,35051,35124,CLGX,2015-02-24,CANDIDATE_ONLY_NOT_G5_MATCHED,False,False,False,0
41,35051,50017,RRC,2015-02-24,CANDIDATE_ONLY_NOT_G5_MATCHED,False,False,False,0
41,35051,66181,HD,2015-02-24,CANDIDATE_ONLY_NOT_G5_MATCHED,False,False,False,0
41,35051,71271,Y,2015-02-24,CANDIDATE_ONLY_NOT_G5_MATCHED,False,False,False,0
41,35051,76838,PRA,2015-02-24,CANDIDATE_ONLY_NOT_G5_MATCHED,False,False,False,0
41,35051,79248,THRM,2015-02-24,CANDIDATE_ONLY_NOT_G5_MATCHED,False,False,False,0
41,35051,79444,SGY,2015-02-24,CANDIDATE_ONLY_NOT_G5_MATCHED,False,False,False,0
41,35051,79915,NFX,2015-02-24,CANDIDATE_ONLY_NOT_G5_MATCHED,False,False,False,0
41,35051,80485,VVUS,2015-02-24,CANDIDATE_ONLY_NOT_G5_MATCHED,False,False,False,0
41,35051,80539,NKTR,2015-02-24,CANDIDATE_ONLY_NOT_G5_MATCHED,False,False,False,0
41,35051,82634,SAM,2015-02-24,CANDIDATE_ONLY_NOT_G5_MATCHED,False,False,False,0
41,35051,82702,IPXL,2015-02-24,CANDIDATE_ONLY_NOT_G5_MATCHED,False,False,False,0
41,35051,83244,CENX,2015-02-24,CANDIDATE_ONLY_NOT_G5_MATCHED,False,False,False,0
41,35051,85627,SAH,2015-02-24,CANDIDATE_ONLY_NOT_G5_MATCHED,False,False,False,0
41,35051,87006,UTHR,2015-02-24,CANDIDATE_ONLY_NOT_G5_MATCHED,False,False,False,0
41,35051,87426,DW,2015-02-24,CANDIDATE_ONLY_NOT_G5_MATCHED,False,False,False,0
41,35051,90188,NUVA,2015-02-24,CANDIDATE_ONLY_NOT_G5_MATCHED,False,False,False,0
41,35051,90248,DPZ,2015-02-24,CANDIDATE_ONLY_NOT_G5_MATCHED,False,False,False,0
41,35051,90312,WLK,2015-02-24,CANDIDATE_ONLY_NOT_G5_MATCHED,False,False,False,0
41,35051,90374,DWA,2015-02-24,CANDIDATE_ONLY_NOT_G5_MATCHED,False,False,False,0
41,35051,90978,SPWR,2015-02-24,CANDIDATE_ONLY_NOT_G5_MATCHED,False,False,False,0
41,35051,91983,CLR,2015-02-24,CANDIDATE_ONLY_NOT_G5_MATCHED,False,False,False,0
41,35051,93071,VSI,2015-02-24,CANDIDATE_ONLY_NOT_G5_MATCHED,False,False,False,0
41,35051,93175,KRA,2015-02-24,CANDIDATE_ONLY_NOT_G5_MATCHED,False,False,False,0
42,35991,11891,MGM,2015-02-17,CANDIDATE_ONLY_NOT_G5_MATCHED,False,False,False,0
42,35991,16432,GT,2015-02-17,CANDIDATE_ONLY_NOT_G5_MATCHED,False,False,False,0
42,35991,23026,FE,2015-02-17,CANDIDATE_ONLY_NOT_G5_MATCHED,False,False,False,0
42,35991,42286,WWW,2015-02-17,CANDIDATE_ONLY_NOT_G5_MATCHED,False,False,False,0
42,35991,46674,GPC,2015-02-17,CANDIDATE_ONLY_NOT_G5_MATCHED,False,False,False,0
42,35991,48347,LZB,2015-02-17,CANDIDATE_ONLY_NOT_G5_MATCHED,False,False,False,0
42,35991,58771,RBC,2015-02-17,CANDIDATE_ONLY_NOT_G5_MATCHED,False,False,False,0
42,35991,63335,PES,2015-02-17,CANDIDATE_ONLY_NOT_G5_MATCHED,False,False,False,0
42,35991,80128,VMI,2015-02-17,CANDIDATE_ONLY_NOT_G5_MATCHED,False,False,False,0
42,35991,81678,LECO,2015-02-17,CANDIDATE_ONLY_NOT_G5_MATCHED,False,False,False,0
42,35991,82540,WLT,2015-02-17,CANDIDATE_ONLY_NOT_G5_MATCHED,False,False,False,0
42,35991,88203,VDSI,2015-02-17,CANDIDATE_ONLY_NOT_G5_MATCHED,False,False,False,0
42,35991,89509,XEC,2015-02-17,CANDIDATE_ONLY_NOT_G5_MATCHED,False,False,False,0
42,35991,92220,MASI,2015-02-17,CANDIDATE_ONLY_NOT_G5_MATCHED,False,False,False,0
42,35991,92765,RAX,2015-02-17,CANDIDATE_ONLY_NOT_G5_MATCHED,False,False,False,0
42,35991,93174,KAR,2015-02-17,CANDIDATE_ONLY_NOT_G5_MATCHED,False,False,False,0
43,35991,12052,GD,2015-04-29,CANDIDATE_ONLY_NOT_G5_MATCHED,False,False,False,0
43,35991,12758,ECOL,2015-04-29,CANDIDATE_ONLY_NOT_G5_MATCHED,False,False,False,0
43,35991,13318,YELP,2015-04-29,CANDIDATE_ONLY_NOT_G5_MATCHED,False,False,False,0
43,35991,13577,HY,2015-04-29,CANDIDATE_ONLY_NOT_G5_MATCHED,False,False,False,0
43,35991,13688,PCG,2015-04-29,CANDIDATE_ONLY_NOT_G5_MATCHED,False,False,False,0
43,35991,14179,AR,2015-04-29,CANDIDATE_ONLY_NOT_G5_MATCHED,False,False,False,0
43,35991,14392,EPE,2015-04-29,CANDIDATE_ONLY_NOT_G5_MATCHED,False,False,False,0
43,35991,14401,OGS,2015-04-29,CANDIDATE_ONLY_NOT_G5_MATCHED,False,False,False,0
43,35991,14567,GRUB,2015-04-29,CANDIDATE_ONLY_NOT_G5_MATCHED,False,False,False,0
43,35991,14573,LQ,2015-04-29,CANDIDATE_ONLY_NOT_G5_MATCHED,False,False,False,0
43,35991,14761,TREC,2015-04-29,CANDIDATE_ONLY_NOT_G5_MATCHED,False,False,False,0
43,35991,16432,GT,2015-04-29,CANDIDATE_ONLY_NOT_G5_MATCHED,False,False,False,0
43,35991,18411,SO,2015-04-29,CANDIDATE_ONLY_NOT_G5_MATCHED,False,False,False,0
43,35991,20750,CWT,2015-04-29,CANDIDATE_ONLY_NOT_G5_MATCHED,False,False,False,0
43,35991,21573,IP,2015-04-29,CANDIDATE_ONLY_NOT_G5_MATCHED,False,False,False,0
43,35991,24205,NEE,2015-04-29,CANDIDATE_ONLY_NOT_G5_MATCHED,False,False,False,0
43,35991,24476,COHR,2015-04-29,CANDIDATE_ONLY_NOT_G5_MATCHED,False,False,False,0
43,35991,24766,NOC,2015-04-29,CANDIDATE_ONLY_NOT_G5_MATCHED,False,False,False,0
43,35991,27043,VAR,2015-04-29,CANDIDATE_ONLY_NOT_G5_MATCHED,False,False,False,0
43,35991,27888,CFR,2015-04-29,CANDIDATE_ONLY_NOT_G5_MATCHED,False,False,False,0
43,35991,32540,ELX,2015-04-29,CANDIDATE_ONLY_NOT_G5_MATCHED,False,False,False,0
43,35991,36003,ROL,2015-04-29,CANDIDATE_ONLY_NOT_G5_MATCHED,False,False,False,0
43,35991,37584,BEN,2015-04-29,CANDIDATE_ONLY_NOT_G5_MATCHED,False,False,False,0
43,35991,41929,CNW,2015-04-29,CANDIDATE_ONLY_NOT_G5_MATCHED,False,False,False,0
43,35991,44768,TILE,2015-04-29,CANDIDATE_ONLY_NOT_G5_MATCHED,False,False,False,0
43,35991,51625,SCI,2015-04-29,CANDIDATE_ONLY_NOT_G5_MATCHED,False,False,False,0
43,35991,55212,SPW,2015-04-29,CANDIDATE_ONLY_NOT_G5_MATCHED,False,False,False,0
43,35991,59045,KEX,2015-04-29,CANDIDATE_ONLY_NOT_G5_MATCHED,False,False,False,0
43,35991,63079,KEG,2015-04-29,CANDIDATE_ONLY_NOT_G5_MATCHED,False,False,False,0
43,35991,64311,NSC,2015-04-29,CANDIDATE_ONLY_NOT_G5_MATCHED,False,False,False,0
43,35991,64929,KWR,2015-04-29,CANDIDATE_ONLY_NOT_G5_MATCHED,False,False,False,0
43,35991,66683,RES,2015-04-29,CANDIDATE_ONLY_NOT_G5_MATCHED,False,False,False,0
43,35991,68292,SIGI,2015-04-29,CANDIDATE_ONLY_NOT_G5_MATCHED,False,False,False,0
43,35991,72304,STAA,2015-04-29,CANDIDATE_ONLY_NOT_G5_MATCHED,False,False,False,0
43,35991,76095,HOLX,2015-04-29,CANDIDATE_ONLY_NOT_G5_MATCHED,False,False,False,0
43,35991,76215,ICON,2015-04-29,CANDIDATE_ONLY_NOT_G5_MATCHED,False,False,False,0
43,35991,79564,ARRS,2015-04-29,CANDIDATE_ONLY_NOT_G5_MATCHED,False,False,False,0
43,35991,81584,CBZ,2015-04-29,CANDIDATE_ONLY_NOT_G5_MATCHED,False,False,False,0
43,35991,82607,PRXL,2015-04-29,CANDIDATE_ONLY_NOT_G5_MATCHED,False,False,False,0
43,35991,82634,SAM,2015-04-29,CANDIDATE_ONLY_NOT_G5_MATCHED,False,False,False,0
43,35991,85013,INTT,2015-04-29,CANDIDATE_ONLY_NOT_G5_MATCHED,False,False,False,0
43,35991,85257,AME,2015-04-29,CANDIDATE_ONLY_NOT_G5_MATCHED,False,False,False,0
43,35991,85349,MTOR,2015-04-29,CANDIDATE_ONLY_NOT_G5_MATCHED,False,False,False,0
43,35991,85511,GEVA,2015-04-29,CANDIDATE_ONLY_NOT_G5_MATCHED,False,False,False,0
43,35991,85913,MAR,2015-04-29,CANDIDATE_ONLY_NOT_G5_MATCHED,False,False,False,0
43,35991,85991,LVLT,2015-04-29,CANDIDATE_ONLY_NOT_G5_MATCHED,False,False,False,0
43,35991,86582,STL,2015-04-29,CANDIDATE_ONLY_NOT_G5_MATCHED,False,False,False,0
43,35991,86820,CFFN,2015-04-29,CANDIDATE_ONLY_NOT_G5_MATCHED,False,False,False,0
43,35991,87070,HCBK,2015-04-29,CANDIDATE_ONLY_NOT_G5_MATCHED,False,False,False,0
43,35991,87364,QUIK,2015-04-29,CANDIDATE_ONLY_NOT_G5_MATCHED,False,False,False,0
43,35991,87487,BGCP,2015-04-29,CANDIDATE_ONLY_NOT_G5_MATCHED,False,False,False,0
43,35991,87612,ISIL,2015-04-29,CANDIDATE_ONLY_NOT_G5_MATCHED,False,False,False,0
43,35991,88367,PCBK,2015-04-29,CANDIDATE_ONLY_NOT_G5_MATCHED,False,False,False,0
43,35991,88542,LTRX,2015-04-29,CANDIDATE_ONLY_NOT_G5_MATCHED,False,False,False,0
43,35991,88895,MPX,2015-04-29,CANDIDATE_ONLY_NOT_G5_MATCHED,False,False,False,0
43,35991,89006,MDLZ,2015-04-29,CANDIDATE_ONLY_NOT_G5_MATCHED,False,False,False,0
43,35991,89440,NBBC,2015-04-29,CANDIDATE_ONLY_NOT_G5_MATCHED,False,False,False,0
43,35991,89506,SAIA,2015-04-29,CANDIDATE_ONLY_NOT_G5_MATCHED,False,False,False,0
43,35991,89753,FORM,2015-04-29,CANDIDATE_ONLY_NOT_G5_MATCHED,False,False,False,0
43,35991,89841,CNO,2015-04-29,CANDIDATE_ONLY_NOT_G5_MATCHED,False,False,False,0
43,35991,90067,HOS,2015-04-29,CANDIDATE_ONLY_NOT_G5_MATCHED,False,False,False,0
43,35991,90478,CSCD,2015-04-29,CANDIDATE_ONLY_NOT_G5_MATCHED,False,False,False,0
43,35991,90608,INUV,2015-04-29,CANDIDATE_ONLY_NOT_G5_MATCHED,False,False,False,0
43,35991,90742,SGI,2015-04-29,CANDIDATE_ONLY_NOT_G5_MATCHED,False,False,False,0
43,35991,90825,ACCO,2015-04-29,CANDIDATE_ONLY_NOT_G5_MATCHED,False,False,False,0
43,35991,91594,SPR,2015-04-29,CANDIDATE_ONLY_NOT_G5_MATCHED,False,False,False,0
43,35991,92034,CAVM,2015-04-29,CANDIDATE_ONLY_NOT_G5_MATCHED,False,False,False,0
43,35991,92172,DHX,2015-04-29,CANDIDATE_ONLY_NOT_G5_MATCHED,False,False,False,0
43,35991,92400,LL,2015-04-29,CANDIDATE_ONLY_NOT_G5_MATCHED,False,False,False,0
43,35991,92852,LOPE,2015-04-29,CANDIDATE_ONLY_NOT_G5_MATCHED,False,False,False,0
43,35991,93175,KRA,2015-04-29,CANDIDATE_ONLY_NOT_G5_MATCHED,False,False,False,0
44,36003,10308,TMP,2012-01-25,CANDIDATE_ONLY_NOT_G5_MATCHED,False,False,False,0
44,36003,10530,VIVO,2012-01-25,CANDIDATE_ONLY_NOT_G5_MATCHED,False,False,False,0
44,36003,13928,COP,2012-01-25,CANDIDATE_ONLY_NOT_G5_MATCHED,False,False,False,0
44,36003,17929,UGI,2012-01-25,CANDIDATE_ONLY_NOT_G5_MATCHED,False,False,False,0
44,36003,21186,MWV,2012-01-25,CANDIDATE_ONLY_NOT_G5_MATCHED,False,False,False,0
44,36003,21776,EXC,2012-01-25,CANDIDATE_ONLY_NOT_G5_MATCHED,False,False,False,0
44,36003,22293,GLW,2012-01-25,CANDIDATE_ONLY_NOT_G5_MATCHED,False,False,False,0
44,36003,22779,MSI,2012-01-25,CANDIDATE_ONLY_NOT_G5_MATCHED,False,False,False,0
44,36003,23579,TXT,2012-01-25,CANDIDATE_ONLY_NOT_G5_MATCHED,False,False,False,0
44,36003,26470,EGN,2012-01-25,CANDIDATE_ONLY_NOT_G5_MATCHED,False,False,False,0
44,36003,28345,MUR,2012-01-25,CANDIDATE_ONLY_NOT_G5_MATCHED,False,False,False,0
44,36003,28564,CTS,2012-01-25,CANDIDATE_ONLY_NOT_G5_MATCHED,False,False,False,0
44,36003,34833,OXY,2012-01-25,CANDIDATE_ONLY_NOT_G5_MATCHED,False,False,False,0
44,36003,43123,ATI,2012-01-25,CANDIDATE_ONLY_NOT_G5_MATCHED,False,False,False,0
44,36003,43350,SWK,2012-01-25,CANDIDATE_ONLY_NOT_G5_MATCHED,False,False,False,0
44,36003,51369,TER,2012-01-25,CANDIDATE_ONLY_NOT_G5_MATCHED,False,False,False,0
44,36003,61567,HXL,2012-01-25,CANDIDATE_ONLY_NOT_G5_MATCHED,False,False,False,0
44,36003,65294,RLI,2012-01-25,CANDIDATE_ONLY_NOT_G5_MATCHED,False,False,False,0
44,36003,68591,STJ,2012-01-25,CANDIDATE_ONLY_NOT_G5_MATCHED,False,False,False,0
44,36003,73809,SUSQ,2012-01-25,CANDIDATE_ONLY_NOT_G5_MATCHED,False,False,False,0
44,36003,75182,PII,2012-01-25,CANDIDATE_ONLY_NOT_G5_MATCHED,False,False,False,0
44,36003,75912,PMTC,2012-01-25,CANDIDATE_ONLY_NOT_G5_MATCHED,False,False,False,0
44,36003,76234,MOLXA,2012-01-25,CANDIDATE_ONLY_NOT_G5_MATCHED,False,False,False,0
44,36003,77768,PX,2012-01-25,CANDIDATE_ONLY_NOT_G5_MATCHED,False,False,False,0
44,36003,79013,SYBT,2012-01-25,CANDIDATE_ONLY_NOT_G5_MATCHED,False,False,False,0
44,36003,79859,NYB,2012-01-25,CANDIDATE_ONLY_NOT_G5_MATCHED,False,False,False,0
44,36003,80113,CGI,2012-01-25,CANDIDATE_ONLY_NOT_G5_MATCHED,False,False,False,0
44,36003,80987,KNX,2012-01-25,CANDIDATE_ONLY_NOT_G5_MATCHED,False,False,False,0
44,36003,82575,BANR,2012-01-25,CANDIDATE_ONLY_NOT_G5_MATCHED,False,False,False,0
44,36003,82618,SNDK,2012-01-25,CANDIDATE_ONLY_NOT_G5_MATCHED,False,False,False,0
44,36003,82686,CTXS,2012-01-25,CANDIDATE_ONLY_NOT_G5_MATCHED,False,False,False,0
44,36003,83862,ETFC,2012-01-25,CANDIDATE_ONLY_NOT_G5_MATCHED,False,False,False,0
44,36003,84381,ROK,2012-01-25,CANDIDATE_ONLY_NOT_G5_MATCHED,False,False,False,0
44,36003,85663,URI,2012-01-25,CANDIDATE_ONLY_NOT_G5_MATCHED,False,False,False,0
44,36003,85860,BRKL,2012-01-25,CANDIDATE_ONLY_NOT_G5_MATCHED,False,False,False,0
44,36003,86004,UMPQ,2012-01-25,CANDIDATE_ONLY_NOT_G5_MATCHED,False,False,False,0
44,36003,87812,SLAB,2012-01-25,CANDIDATE_ONLY_NOT_G5_MATCHED,False,False,False,0
44,36003,89179,WLP,2012-01-25,CANDIDATE_ONLY_NOT_G5_MATCHED,False,False,False,0
44,36003,89968,PJC,2012-01-25,CANDIDATE_ONLY_NOT_G5_MATCHED,False,False,False,0
44,36003,90893,LCC,2012-01-25,CANDIDATE_ONLY_NOT_G5_MATCHED,False,False,False,0
44,36003,91959,ESSA,2012-01-25,CANDIDATE_ONLY_NOT_G5_MATCHED,False,False,False,0
45,38156,13708,REMY,2015-02-18,CANDIDATE_ONLY_NOT_G5_MATCHED,False,False,False,0
45,38156,14392,EPE,2015-02-18,CANDIDATE_ONLY_NOT_G5_MATCHED,False,False,False,0
45,38156,14401,OGS,2015-02-18,CANDIDATE_ONLY_NOT_G5_MATCHED,False,False,False,0
45,38156,27959,DUK,2015-02-18,CANDIDATE_ONLY_NOT_G5_MATCHED,False,False,False,0
45,38156,36898,SCL,2015-02-18,CANDIDATE_ONLY_NOT_G5_MATCHED,False,False,False,0
45,38156,38762,NI,2015-02-18,CANDIDATE_ONLY_NOT_G5_MATCHED,False,False,False,0
45,38156,44768,TILE,2015-02-18,CANDIDATE_ONLY_NOT_G5_MATCHED,False,False,False,0
45,38156,63079,KEG,2015-02-18,CANDIDATE_ONLY_NOT_G5_MATCHED,False,False,False,0
45,38156,75825,EOG,2015-02-18,CANDIDATE_ONLY_NOT_G5_MATCHED,False,False,False,0
45,38156,76582,DORM,2015-02-18,CANDIDATE_ONLY_NOT_G5_MATCHED,False,False,False,0
45,38156,77357,SNPS,2015-02-18,CANDIDATE_ONLY_NOT_G5_MATCHED,False,False,False,0
45,38156,79564,ARRS,2015-02-18,CANDIDATE_ONLY_NOT_G5_MATCHED,False,False,False,0
45,38156,81740,SBGI,2015-02-18,CANDIDATE_ONLY_NOT_G5_MATCHED,False,False,False,0
45,38156,81776,SUNE,2015-02-18,CANDIDATE_ONLY_NOT_G5_MATCHED,False,False,False,0
45,38156,82513,PCYC,2015-02-18,CANDIDATE_ONLY_NOT_G5_MATCHED,False,False,False,0
45,38156,85913,MAR,2015-02-18,CANDIDATE_ONLY_NOT_G5_MATCHED,False,False,False,0
45,38156,86106,EEP,2015-02-18,CANDIDATE_ONLY_NOT_G5_MATCHED,False,False,False,0
45,38156,88545,MDCO,2015-02-18,CANDIDATE_ONLY_NOT_G5_MATCHED,False,False,False,0
45,38156,90423,THRX,2015-02-18,CANDIDATE_ONLY_NOT_G5_MATCHED,False,False,False,0
45,38156,90558,HUN,2015-02-18,CANDIDATE_ONLY_NOT_G5_MATCHED,False,False,False,0
45,38156,90925,FNF,2015-02-18,CANDIDATE_ONLY_NOT_G5_MATCHED,False,False,False,0
45,38156,93423,SIX,2015-02-18,CANDIDATE_ONLY_NOT_G5_MATCHED,False,False,False,0
46,38659,10890,UIS,2013-10-22,CANDIDATE_ONLY_NOT_G5_MATCHED,False,False,False,0
46,38659,11293,WSBC,2013-10-22,CANDIDATE_ONLY_NOT_G5_MATCHED,False,False,False,0
46,38659,11703,DD,2013-10-22,CANDIDATE_ONLY_NOT_G5_MATCHED,False,False,False,0
46,38659,12515,BKU,2013-10-22,CANDIDATE_ONLY_NOT_G5_MATCHED,False,False,False,0
46,38659,14008,AMGN,2013-10-22,CANDIDATE_ONLY_NOT_G5_MATCHED,False,False,False,0
46,38659,15560,RSH,2013-10-22,CANDIDATE_ONLY_NOT_G5_MATCHED,False,False,False,0
46,38659,17478,MHFI,2013-10-22,CANDIDATE_ONLY_NOT_G5_MATCHED,False,False,False,0
46,38659,17750,KMB,2013-10-22,CANDIDATE_ONLY_NOT_G5_MATCHED,False,False,False,0
46,38659,17830,UTX,2013-10-22,CANDIDATE_ONLY_NOT_G5_MATCHED,False,False,False,0
46,38659,20053,SNV,2013-10-22,CANDIDATE_ONLY_NOT_G5_MATCHED,False,False,False,0
46,38659,21178,LMT,2013-10-22,CANDIDATE_ONLY_NOT_G5_MATCHED,False,False,False,0
46,38659,25419,WHR,2013-10-22,CANDIDATE_ONLY_NOT_G5_MATCHED,False,False,False,0
46,38659,27334,CSL,2013-10-22,CANDIDATE_ONLY_NOT_G5_MATCHED,False,False,False,0
46,38659,27633,R,2013-10-22,CANDIDATE_ONLY_NOT_G5_MATCHED,False,False,False,0
46,38659,35044,RF,2013-10-22,CANDIDATE_ONLY_NOT_G5_MATCHED,False,False,False,0
46,38659,35167,FMER,2013-10-22,CANDIDATE_ONLY_NOT_G5_MATCHED,False,False,False,0
46,38659,35263,TRMK,2013-10-22,CANDIDATE_ONLY_NOT_G5_MATCHED,False,False,False,0
46,38659,45241,FRX,2013-10-22,CANDIDATE_ONLY_NOT_G5_MATCHED,False,False,False,0
46,38659,46077,AXE,2013-10-22,CANDIDATE_ONLY_NOT_G5_MATCHED,False,False,False,0
46,38659,46877,BCR,2013-10-22,CANDIDATE_ONLY_NOT_G5_MATCHED,False,False,False,0
46,38659,52230,RHI,2013-10-22,CANDIDATE_ONLY_NOT_G5_MATCHED,False,False,False,0
46,38659,59600,TWIN,2013-10-22,CANDIDATE_ONLY_NOT_G5_MATCHED,False,False,False,0
46,38659,70033,HOG,2013-10-22,CANDIDATE_ONLY_NOT_G5_MATCHED,False,False,False,0
46,38659,70536,SIAL,2013-10-22,CANDIDATE_ONLY_NOT_G5_MATCHED,False,False,False,0
46,38659,72726,STT,2013-10-22,CANDIDATE_ONLY_NOT_G5_MATCHED,False,False,False,0
46,38659,75182,PII,2013-10-22,CANDIDATE_ONLY_NOT_G5_MATCHED,False,False,False,0
46,38659,75577,ALTR,2013-10-22,CANDIDATE_ONLY_NOT_G5_MATCHED,False,False,False,0
46,38659,75853,ZIXI,2013-10-22,CANDIDATE_ONLY_NOT_G5_MATCHED,False,False,False,0
46,38659,75906,GSBC,2013-10-22,CANDIDATE_ONLY_NOT_G5_MATCHED,False,False,False,0
46,38659,76573,MLI,2013-10-22,CANDIDATE_ONLY_NOT_G5_MATCHED,False,False,False,0
46,38659,76639,TSS,2013-10-22,CANDIDATE_ONLY_NOT_G5_MATCHED,False,False,False,0
46,38659,76709,IDXX,2013-10-22,CANDIDATE_ONLY_NOT_G5_MATCHED,False,False,False,0
46,38659,77279,ABAX,2013-10-22,CANDIDATE_ONLY_NOT_G5_MATCHED,False,False,False,0
46,38659,78829,UMBF,2013-10-22,CANDIDATE_ONLY_NOT_G5_MATCHED,False,False,False,0
46,38659,78875,CREE,2013-10-22,CANDIDATE_ONLY_NOT_G5_MATCHED,False,False,False,0
46,38659,78903,PEBO,2013-10-22,CANDIDATE_ONLY_NOT_G5_MATCHED,False,False,False,0
46,38659,80303,AKS,2013-10-22,CANDIDATE_ONLY_NOT_G5_MATCHED,False,False,False,0
46,38659,81138,APOL,2013-10-22,CANDIDATE_ONLY_NOT_G5_MATCHED,False,False,False,0
46,38659,81564,IBKC,2013-10-22,CANDIDATE_ONLY_NOT_G5_MATCHED,False,False,False,0
46,38659,81666,HA,2013-10-22,CANDIDATE_ONLY_NOT_G5_MATCHED,False,False,False,0
46,38659,81774,FCX,2013-10-22,CANDIDATE_ONLY_NOT_G5_MATCHED,False,False,False,0
46,38659,82643,LXK,2013-10-22,CANDIDATE_ONLY_NOT_G5_MATCHED,False,False,False,0
46,38659,82651,WAT,2013-10-22,CANDIDATE_ONLY_NOT_G5_MATCHED,False,False,False,0
46,38659,83503,EXAC,2013-10-22,CANDIDATE_ONLY_NOT_G5_MATCHED,False,False,False,0
46,38659,84010,USNA,2013-10-22,CANDIDATE_ONLY_NOT_G5_MATCHED,False,False,False,0
46,38659,84060,CBST,2013-10-22,CANDIDATE_ONLY_NOT_G5_MATCHED,False,False,False,0
46,38659,84172,NUS,2013-10-22,CANDIDATE_ONLY_NOT_G5_MATCHED,False,False,False,0
46,38659,84734,FBC,2013-10-22,CANDIDATE_ONLY_NOT_G5_MATCHED,False,False,False,0
46,38659,85035,RFMD,2013-10-22,CANDIDATE_ONLY_NOT_G5_MATCHED,False,False,False,0
46,38659,85675,AMSG,2013-10-22,CANDIDATE_ONLY_NOT_G5_MATCHED,False,False,False,0
46,38659,85963,BRCM,2013-10-22,CANDIDATE_ONLY_NOT_G5_MATCHED,False,False,False,0
46,38659,86809,SFG,2013-10-22,CANDIDATE_ONLY_NOT_G5_MATCHED,False,False,False,0
46,38659,86896,CBU,2013-10-22,CANDIDATE_ONLY_NOT_G5_MATCHED,False,False,False,0
46,38659,86946,RAI,2013-10-22,CANDIDATE_ONLY_NOT_G5_MATCHED,False,False,False,0
46,38659,87160,DTLK,2013-10-22,CANDIDATE_ONLY_NOT_G5_MATCHED,False,False,False,0
46,38659,88516,DYAX,2013-10-22,CANDIDATE_ONLY_NOT_G5_MATCHED,False,False,False,0
46,38659,88661,COH,2013-10-22,CANDIDATE_ONLY_NOT_G5_MATCHED,False,False,False,0
46,38659,89004,FTI,2013-10-22,CANDIDATE_ONLY_NOT_G5_MATCHED,False,False,False,0
46,38659,89269,CNC,2013-10-22,CANDIDATE_ONLY_NOT_G5_MATCHED,False,False,False,0
46,38659,89327,ABG,2013-10-22,CANDIDATE_ONLY_NOT_G5_MATCHED,False,False,False,0
46,38659,90090,SBNY,2013-10-22,CANDIDATE_ONLY_NOT_G5_MATCHED,False,False,False,0
46,38659,90404,CLMS,2013-10-22,CANDIDATE_ONLY_NOT_G5_MATCHED,False,False,False,0
46,38659,90971,IRBT,2013-10-22,CANDIDATE_ONLY_NOT_G5_MATCHED,False,False,False,0
46,38659,91514,VPFG,2013-10-22,CANDIDATE_ONLY_NOT_G5_MATCHED,False,False,False,0
46,38659,91605,CPLA,2013-10-22,CANDIDATE_ONLY_NOT_G5_MATCHED,False,False,False,0
46,38659,91907,SMCI,2013-10-22,CANDIDATE_ONLY_NOT_G5_MATCHED,False,False,False,0
46,38659,91926,DAL,2013-10-22,CANDIDATE_ONLY_NOT_G5_MATCHED,False,False,False,0
46,38659,93043,HVB,2013-10-22,CANDIDATE_ONLY_NOT_G5_MATCHED,False,False,False,0
46,38659,93150,CIT,2013-10-22,CANDIDATE_ONLY_NOT_G5_MATCHED,False,False,False,0
47,39538,10932,WBS,2015-04-16,CANDIDATE_ONLY_NOT_G5_MATCHED,False,False,False,0
47,39538,12073,PBCT,2015-04-16,CANDIDATE_ONLY_NOT_G5_MATCHED,False,False,False,0
47,39538,12448,FRC,2015-04-16,CANDIDATE_ONLY_NOT_G5_MATCHED,False,False,False,0
47,39538,15318,ASB,2015-04-16,CANDIDATE_ONLY_NOT_G5_MATCHED,False,False,False,0
47,39538,17726,CCK,2015-04-16,CANDIDATE_ONLY_NOT_G5_MATCHED,False,False,False,0
47,39538,36468,SHW,2015-04-16,CANDIDATE_ONLY_NOT_G5_MATCHED,False,False,False,0
47,39538,61241,AMD,2015-04-16,CANDIDATE_ONLY_NOT_G5_MATCHED,False,False,False,0
47,39538,64995,KEY,2015-04-16,CANDIDATE_ONLY_NOT_G5_MATCHED,False,False,False,0
47,39538,79072,BANF,2015-04-16,CANDIDATE_ONLY_NOT_G5_MATCHED,False,False,False,0
47,39538,79824,FFIN,2015-04-16,CANDIDATE_ONLY_NOT_G5_MATCHED,False,False,False,0
47,39538,86157,COBZ,2015-04-16,CANDIDATE_ONLY_NOT_G5_MATCHED,False,False,False,0
47,39538,87020,PVTB,2015-04-16,CANDIDATE_ONLY_NOT_G5_MATCHED,False,False,False,0
47,39538,87725,IIIN,2015-04-16,CANDIDATE_ONLY_NOT_G5_MATCHED,False,False,False,0
47,39538,89002,ADS,2015-04-16,CANDIDATE_ONLY_NOT_G5_MATCHED,False,False,False,0
48,42796,10375,TCB,2012-01-24,CANDIDATE_ONLY_NOT_G5_MATCHED,False,False,False,0
48,42796,14593,AAPL,2012-01-24,CANDIDATE_ONLY_NOT_G5_MATCHED,False,False,False,0
48,42796,20053,SNV,2012-01-24,CANDIDATE_ONLY_NOT_G5_MATCHED,False,False,False,0
48,42796,25129,CBSH,2012-01-24,CANDIDATE_ONLY_NOT_G5_MATCHED,False,False,False,0
48,42796,35044,RF,2012-01-24,CANDIDATE_ONLY_NOT_G5_MATCHED,False,False,False,0
48,42796,35263,TRMK,2012-01-24,CANDIDATE_ONLY_NOT_G5_MATCHED,False,False,False,0
48,42796,76529,NRIM,2012-01-24,CANDIDATE_ONLY_NOT_G5_MATCHED,False,False,False,0
48,42796,76639,TSS,2012-01-24,CANDIDATE_ONLY_NOT_G5_MATCHED,False,False,False,0
48,42796,78829,UMBF,2012-01-24,CANDIDATE_ONLY_NOT_G5_MATCHED,False,False,False,0
48,42796,79037,ETH,2012-01-24,CANDIDATE_ONLY_NOT_G5_MATCHED,False,False,False,0
48,42796,80361,RKT,2012-01-24,CANDIDATE_ONLY_NOT_G5_MATCHED,False,False,False,0
48,42796,82635,BKI,2012-01-24,CANDIDATE_ONLY_NOT_G5_MATCHED,False,False,False,0
48,42796,82651,WAT,2012-01-24,CANDIDATE_ONLY_NOT_G5_MATCHED,False,False,False,0
48,42796,82762,WSTL,2012-01-24,CANDIDATE_ONLY_NOT_G5_MATCHED,False,False,False,0
48,42796,83435,YHOO,2012-01-24,CANDIDATE_ONLY_NOT_G5_MATCHED,False,False,False,0
48,42796,85488,OSIS,2012-01-24,CANDIDATE_ONLY_NOT_G5_MATCHED,False,False,False,0
48,42796,85738,MRCY,2012-01-24,CANDIDATE_ONLY_NOT_G5_MATCHED,False,False,False,0
48,42796,88661,COH,2012-01-24,CANDIDATE_ONLY_NOT_G5_MATCHED,False,False,False,0
48,42796,90090,SBNY,2012-01-24,CANDIDATE_ONLY_NOT_G5_MATCHED,False,False,False,0
48,42796,91907,SMCI,2012-01-24,CANDIDATE_ONLY_NOT_G5_MATCHED,False,False,False,0
49,44506,27422,CLF,2015-02-02,CANDIDATE_ONLY_NOT_G5_MATCHED,False,False,False,0
49,44506,50623,MTSC,2015-02-02,CANDIDATE_ONLY_NOT_G5_MATCHED,False,False,False,0
49,44506,62308,TMK,2015-02-02,CANDIDATE_ONLY_NOT_G5_MATCHED,False,False,False,0
49,44506,70332,APC,2015-02-02,CANDIDATE_ONLY_NOT_G5_MATCHED,False,False,False,0
49,44506,82546,ADVS,2015-02-02,CANDIDATE_ONLY_NOT_G5_MATCHED,False,False,False,0
49,44506,87034,LII,2015-02-02,CANDIDATE_ONLY_NOT_G5_MATCHED,False,False,False,0
49,44506,87789,LMNX,2015-02-02,CANDIDATE_ONLY_NOT_G5_MATCHED,False,False,False,0
49,44506,91360,SLCT,2015-02-02,CANDIDATE_ONLY_NOT_G5_MATCHED,False,False,False,0
50,44506,11691,MATX,2015-05-04,CANDIDATE_ONLY_NOT_G5_MATCHED,False,False,False,0
50,44506,11891,MGM,2015-05-04,CANDIDATE_ONLY_NOT_G5_MATCHED,False,False,False,0
50,44506,12573,ACRX,2015-05-04,CANDIDATE_ONLY_NOT_G5_MATCHED,False,False,False,0
50,44506,13112,NTK,2015-05-04,CANDIDATE_ONLY_NOT_G5_MATCHED,False,False,False,0
50,44506,13600,QLYS,2015-05-04,CANDIDATE_ONLY_NOT_G5_MATCHED,False,False,False,0
50,44506,13622,RLGY,2015-05-04,CANDIDATE_ONLY_NOT_G5_MATCHED,False,False,False,0
50,44506,13967,PTCT,2015-05-04,CANDIDATE_ONLY_NOT_G5_MATCHED,False,False,False,0
50,44506,14313,IPWR,2015-05-04,CANDIDATE_ONLY_NOT_G5_MATCHED,False,False,False,0
50,44506,14359,XNCR,2015-05-04,CANDIDATE_ONLY_NOT_G5_MATCHED,False,False,False,0
50,44506,15202,VMC,2015-05-04,CANDIDATE_ONLY_NOT_G5_MATCHED,False,False,False,0
50,44506,26710,L,2015-05-04,CANDIDATE_ONLY_NOT_G5_MATCHED,False,False,False,0
50,44506,47626,CNA,2015-05-04,CANDIDATE_ONLY_NOT_G5_MATCHED,False,False,False,0
50,44506,50623,MTSC,2015-05-04,CANDIDATE_ONLY_NOT_G5_MATCHED,False,False,False,0
50,44506,61946,BKH,2015-05-04,CANDIDATE_ONLY_NOT_G5_MATCHED,False,False,False,0
50,44506,64936,D,2015-05-04,CANDIDATE_ONLY_NOT_G5_MATCHED,False,False,False,0
50,44506,70332,APC,2015-05-04,CANDIDATE_ONLY_NOT_G5_MATCHED,False,False,False,0
50,44506,75825,EOG,2015-05-04,CANDIDATE_ONLY_NOT_G5_MATCHED,False,False,False,0
50,44506,75854,LSCC,2015-05-04,CANDIDATE_ONLY_NOT_G5_MATCHED,False,False,False,0
50,44506,77595,ARCB,2015-05-04,CANDIDATE_ONLY_NOT_G5_MATCHED,False,False,False,0
50,44506,78186,PQ,2015-05-04,CANDIDATE_ONLY_NOT_G5_MATCHED,False,False,False,0
50,44506,79444,SGY,2015-05-04,CANDIDATE_ONLY_NOT_G5_MATCHED,False,False,False,0
50,44506,80112,CACB,2015-05-04,CANDIDATE_ONLY_NOT_G5_MATCHED,False,False,False,0
50,44506,82298,DO,2015-05-04,CANDIDATE_ONLY_NOT_G5_MATCHED,False,False,False,0
50,44506,82307,DVA,2015-05-04,CANDIDATE_ONLY_NOT_G5_MATCHED,False,False,False,0
50,44506,82581,HSIC,2015-05-04,CANDIDATE_ONLY_NOT_G5_MATCHED,False,False,False,0
50,44506,83291,ELNK,2015-05-04,CANDIDATE_ONLY_NOT_G5_MATCHED,False,False,False,0
50,44506,84168,IM,2015-05-04,CANDIDATE_ONLY_NOT_G5_MATCHED,False,False,False,0
50,44506,84320,IGTE,2015-05-04,CANDIDATE_ONLY_NOT_G5_MATCHED,False,False,False,0
50,44506,84438,SNHY,2015-05-04,CANDIDATE_ONLY_NOT_G5_MATCHED,False,False,False,0
50,44506,86158,CTSH,2015-05-04,CANDIDATE_ONLY_NOT_G5_MATCHED,False,False,False,0
50,44506,87789,LMNX,2015-05-04,CANDIDATE_ONLY_NOT_G5_MATCHED,False,False,False,0
50,44506,88790,ARRY,2015-05-04,CANDIDATE_ONLY_NOT_G5_MATCHED,False,False,False,0
50,44506,89509,XEC,2015-05-04,CANDIDATE_ONLY_NOT_G5_MATCHED,False,False,False,0
50,44506,89572,CEVA,2015-05-04,CANDIDATE_ONLY_NOT_G5_MATCHED,False,False,False,0
50,44506,90188,NUVA,2015-05-04,CANDIDATE_ONLY_NOT_G5_MATCHED,False,False,False,0
50,44506,90312,WLK,2015-05-04,CANDIDATE_ONLY_NOT_G5_MATCHED,False,False,False,0
50,44506,90925,FNF,2015-05-04,CANDIDATE_ONLY_NOT_G5_MATCHED,False,False,False,0
50,44506,92044,KS,2015-05-04,CANDIDATE_ONLY_NOT_G5_MATCHED,False,False,False,0
50,44506,93307,MERU,2015-05-04,CANDIDATE_ONLY_NOT_G5_MATCHED,False,False,False,0
50,44506,93428,BSFT,2015-05-04,CANDIDATE_ONLY_NOT_G5_MATCHED,False,False,False,0
51,45277,10375,TCB,2012-01-24,CANDIDATE_ONLY_NOT_G5_MATCHED,False,False,False,0
51,45277,14593,AAPL,2012-01-24,CANDIDATE_ONLY_NOT_G5_MATCHED,False,False,False,0
51,45277,20053,SNV,2012-01-24,CANDIDATE_ONLY_NOT_G5_MATCHED,False,False,False,0
51,45277,25129,CBSH,2012-01-24,CANDIDATE_ONLY_NOT_G5_MATCHED,False,False,False,0
51,45277,35044,RF,2012-01-24,CANDIDATE_ONLY_NOT_G5_MATCHED,False,False,False,0
51,45277,35263,TRMK,2012-01-24,CANDIDATE_ONLY_NOT_G5_MATCHED,False,False,False,0
51,45277,76529,NRIM,2012-01-24,CANDIDATE_ONLY_NOT_G5_MATCHED,False,False,False,0
51,45277,76639,TSS,2012-01-24,CANDIDATE_ONLY_NOT_G5_MATCHED,False,False,False,0
51,45277,78829,UMBF,2012-01-24,CANDIDATE_ONLY_NOT_G5_MATCHED,False,False,False,0
51,45277,79037,ETH,2012-01-24,CANDIDATE_ONLY_NOT_G5_MATCHED,False,False,False,0
51,45277,80361,RKT,2012-01-24,CANDIDATE_ONLY_NOT_G5_MATCHED,False,False,False,0
51,45277,82635,BKI,2012-01-24,CANDIDATE_ONLY_NOT_G5_MATCHED,False,False,False,0
51,45277,82651,WAT,2012-01-24,CANDIDATE_ONLY_NOT_G5_MATCHED,False,False,False,0
51,45277,82762,WSTL,2012-01-24,CANDIDATE_ONLY_NOT_G5_MATCHED,False,False,False,0
51,45277,83435,YHOO,2012-01-24,CANDIDATE_ONLY_NOT_G5_MATCHED,False,False,False,0
51,45277,85488,OSIS,2012-01-24,CANDIDATE_ONLY_NOT_G5_MATCHED,False,False,False,0
51,45277,85738,MRCY,2012-01-24,CANDIDATE_ONLY_NOT_G5_MATCHED,False,False,False,0
51,45277,88661,COH,2012-01-24,CANDIDATE_ONLY_NOT_G5_MATCHED,False,False,False,0
51,45277,90090,SBNY,2012-01-24,CANDIDATE_ONLY_NOT_G5_MATCHED,False,False,False,0
51,45277,91907,SMCI,2012-01-24,CANDIDATE_ONLY_NOT_G5_MATCHED,False,False,False,0
52,45911,10302,CY,2015-01-22,CANDIDATE_ONLY_NOT_G5_MATCHED,False,False,False,0
52,45911,10629,FNB,2015-01-22,CANDIDATE_ONLY_NOT_G5_MATCHED,False,False,False,0
52,45911,10932,WBS,2015-01-22,CANDIDATE_ONLY_NOT_G5_MATCHED,False,False,False,0
52,45911,11786,SIVB,2015-01-22,CANDIDATE_ONLY_NOT_G5_MATCHED,False,False,False,0
52,45911,11896,MXIM,2015-01-22,CANDIDATE_ONLY_NOT_G5_MATCHED,False,False,False,0
52,45911,15318,ASB,2015-01-22,CANDIDATE_ONLY_NOT_G5_MATCHED,False,False,False,0
52,45911,28804,ALK,2015-01-22,CANDIDATE_ONLY_NOT_G5_MATCHED,False,False,False,0
52,45911,42534,JCI,2015-01-22,CANDIDATE_ONLY_NOT_G5_MATCHED,False,False,False,0
52,45911,46886,KLAC,2015-01-22,CANDIDATE_ONLY_NOT_G5_MATCHED,False,False,False,0
52,45911,48725,UNP,2015-01-22,CANDIDATE_ONLY_NOT_G5_MATCHED,False,False,False,0
52,45911,53640,MSCC,2015-01-22,CANDIDATE_ONLY_NOT_G5_MATCHED,False,False,False,0
52,45911,58683,LUV,2015-01-22,CANDIDATE_ONLY_NOT_G5_MATCHED,False,False,False,0
52,45911,59396,ORI,2015-01-22,CANDIDATE_ONLY_NOT_G5_MATCHED,False,False,False,0
52,45911,64995,KEY,2015-01-22,CANDIDATE_ONLY_NOT_G5_MATCHED,False,False,False,0
52,45911,65875,VZ,2015-01-22,CANDIDATE_ONLY_NOT_G5_MATCHED,False,False,False,0
52,45911,71563,BBT,2015-01-22,CANDIDATE_ONLY_NOT_G5_MATCHED,False,False,False,0
52,45911,75577,ALTR,2015-01-22,CANDIDATE_ONLY_NOT_G5_MATCHED,False,False,False,0
52,45911,79072,BANF,2015-01-22,CANDIDATE_ONLY_NOT_G5_MATCHED,False,False,False,0
52,45911,79824,FFIN,2015-01-22,CANDIDATE_ONLY_NOT_G5_MATCHED,False,False,False,0
52,45911,81055,COF,2015-01-22,CANDIDATE_ONLY_NOT_G5_MATCHED,False,False,False,0
52,45911,84734,FBC,2015-01-22,CANDIDATE_ONLY_NOT_G5_MATCHED,False,False,False,0
52,45911,86102,FII,2015-01-22,CANDIDATE_ONLY_NOT_G5_MATCHED,False,False,False,0
52,45911,88719,AMRB,2015-01-22,CANDIDATE_ONLY_NOT_G5_MATCHED,False,False,False,0
52,45911,90942,UPI,2015-01-22,CANDIDATE_ONLY_NOT_G5_MATCHED,False,False,False,0
52,45911,91103,UAL,2015-01-22,CANDIDATE_ONLY_NOT_G5_MATCHED,False,False,False,0
52,45911,92095,INFN,2015-01-22,CANDIDATE_ONLY_NOT_G5_MATCHED,False,False,False,0
52,45911,93387,CODE,2015-01-22,CANDIDATE_ONLY_NOT_G5_MATCHED,False,False,False,0
53,46690,12052,GD,2015-04-29,CANDIDATE_ONLY_NOT_G5_MATCHED,False,False,False,0
53,46690,12758,ECOL,2015-04-29,CANDIDATE_ONLY_NOT_G5_MATCHED,False,False,False,0
53,46690,13318,YELP,2015-04-29,CANDIDATE_ONLY_NOT_G5_MATCHED,False,False,False,0
53,46690,13577,HY,2015-04-29,CANDIDATE_ONLY_NOT_G5_MATCHED,False,False,False,0
53,46690,13688,PCG,2015-04-29,CANDIDATE_ONLY_NOT_G5_MATCHED,False,False,False,0
53,46690,14179,AR,2015-04-29,CANDIDATE_ONLY_NOT_G5_MATCHED,False,False,False,0
53,46690,14392,EPE,2015-04-29,CANDIDATE_ONLY_NOT_G5_MATCHED,False,False,False,0
53,46690,14401,OGS,2015-04-29,CANDIDATE_ONLY_NOT_G5_MATCHED,False,False,False,0
53,46690,14567,GRUB,2015-04-29,CANDIDATE_ONLY_NOT_G5_MATCHED,False,False,False,0
53,46690,14573,LQ,2015-04-29,CANDIDATE_ONLY_NOT_G5_MATCHED,False,False,False,0
53,46690,14761,TREC,2015-04-29,CANDIDATE_ONLY_NOT_G5_MATCHED,False,False,False,0
53,46690,16432,GT,2015-04-29,CANDIDATE_ONLY_NOT_G5_MATCHED,False,False,False,0
53,46690,18411,SO,2015-04-29,CANDIDATE_ONLY_NOT_G5_MATCHED,False,False,False,0
53,46690,20750,CWT,2015-04-29,CANDIDATE_ONLY_NOT_G5_MATCHED,False,False,False,0
53,46690,21573,IP,2015-04-29,CANDIDATE_ONLY_NOT_G5_MATCHED,False,False,False,0
53,46690,24205,NEE,2015-04-29,CANDIDATE_ONLY_NOT_G5_MATCHED,False,False,False,0
53,46690,24476,COHR,2015-04-29,CANDIDATE_ONLY_NOT_G5_MATCHED,False,False,False,0
53,46690,24766,NOC,2015-04-29,CANDIDATE_ONLY_NOT_G5_MATCHED,False,False,False,0
53,46690,27043,VAR,2015-04-29,CANDIDATE_ONLY_NOT_G5_MATCHED,False,False,False,0
53,46690,27888,CFR,2015-04-29,CANDIDATE_ONLY_NOT_G5_MATCHED,False,False,False,0
53,46690,32540,ELX,2015-04-29,CANDIDATE_ONLY_NOT_G5_MATCHED,False,False,False,0
53,46690,36003,ROL,2015-04-29,CANDIDATE_ONLY_NOT_G5_MATCHED,False,False,False,0
53,46690,37584,BEN,2015-04-29,CANDIDATE_ONLY_NOT_G5_MATCHED,False,False,False,0
53,46690,41929,CNW,2015-04-29,CANDIDATE_ONLY_NOT_G5_MATCHED,False,False,False,0
53,46690,44768,TILE,2015-04-29,CANDIDATE_ONLY_NOT_G5_MATCHED,False,False,False,0
53,46690,51625,SCI,2015-04-29,CANDIDATE_ONLY_NOT_G5_MATCHED,False,False,False,0
53,46690,55212,SPW,2015-04-29,CANDIDATE_ONLY_NOT_G5_MATCHED,False,False,False,0
53,46690,59045,KEX,2015-04-29,CANDIDATE_ONLY_NOT_G5_MATCHED,False,False,False,0
53,46690,63079,KEG,2015-04-29,CANDIDATE_ONLY_NOT_G5_MATCHED,False,False,False,0
53,46690,64311,NSC,2015-04-29,CANDIDATE_ONLY_NOT_G5_MATCHED,False,False,False,0
53,46690,64929,KWR,2015-04-29,CANDIDATE_ONLY_NOT_G5_MATCHED,False,False,False,0
53,46690,66683,RES,2015-04-29,CANDIDATE_ONLY_NOT_G5_MATCHED,False,False,False,0
53,46690,68292,SIGI,2015-04-29,CANDIDATE_ONLY_NOT_G5_MATCHED,False,False,False,0
53,46690,72304,STAA,2015-04-29,CANDIDATE_ONLY_NOT_G5_MATCHED,False,False,False,0
53,46690,76095,HOLX,2015-04-29,CANDIDATE_ONLY_NOT_G5_MATCHED,False,False,False,0
53,46690,76215,ICON,2015-04-29,CANDIDATE_ONLY_NOT_G5_MATCHED,False,False,False,0
53,46690,79564,ARRS,2015-04-29,CANDIDATE_ONLY_NOT_G5_MATCHED,False,False,False,0
53,46690,81584,CBZ,2015-04-29,CANDIDATE_ONLY_NOT_G5_MATCHED,False,False,False,0
53,46690,82607,PRXL,2015-04-29,CANDIDATE_ONLY_NOT_G5_MATCHED,False,False,False,0
53,46690,82634,SAM,2015-04-29,CANDIDATE_ONLY_NOT_G5_MATCHED,False,False,False,0
53,46690,85013,INTT,2015-04-29,CANDIDATE_ONLY_NOT_G5_MATCHED,False,False,False,0
53,46690,85257,AME,2015-04-29,CANDIDATE_ONLY_NOT_G5_MATCHED,False,False,False,0
53,46690,85349,MTOR,2015-04-29,CANDIDATE_ONLY_NOT_G5_MATCHED,False,False,False,0
53,46690,85511,GEVA,2015-04-29,CANDIDATE_ONLY_NOT_G5_MATCHED,False,False,False,0
53,46690,85913,MAR,2015-04-29,CANDIDATE_ONLY_NOT_G5_MATCHED,False,False,False,0
53,46690,85991,LVLT,2015-04-29,CANDIDATE_ONLY_NOT_G5_MATCHED,False,False,False,0
53,46690,86582,STL,2015-04-29,CANDIDATE_ONLY_NOT_G5_MATCHED,False,False,False,0
53,46690,86820,CFFN,2015-04-29,CANDIDATE_ONLY_NOT_G5_MATCHED,False,False,False,0
53,46690,87070,HCBK,2015-04-29,CANDIDATE_ONLY_NOT_G5_MATCHED,False,False,False,0
53,46690,87364,QUIK,2015-04-29,CANDIDATE_ONLY_NOT_G5_MATCHED,False,False,False,0
53,46690,87487,BGCP,2015-04-29,CANDIDATE_ONLY_NOT_G5_MATCHED,False,False,False,0
53,46690,87612,ISIL,2015-04-29,CANDIDATE_ONLY_NOT_G5_MATCHED,False,False,False,0
53,46690,88367,PCBK,2015-04-29,CANDIDATE_ONLY_NOT_G5_MATCHED,False,False,False,0
53,46690,88542,LTRX,2015-04-29,CANDIDATE_ONLY_NOT_G5_MATCHED,False,False,False,0
53,46690,88895,MPX,2015-04-29,CANDIDATE_ONLY_NOT_G5_MATCHED,False,False,False,0
53,46690,89006,MDLZ,2015-04-29,CANDIDATE_ONLY_NOT_G5_MATCHED,False,False,False,0
53,46690,89440,NBBC,2015-04-29,CANDIDATE_ONLY_NOT_G5_MATCHED,False,False,False,0
53,46690,89506,SAIA,2015-04-29,CANDIDATE_ONLY_NOT_G5_MATCHED,False,False,False,0
53,46690,89753,FORM,2015-04-29,CANDIDATE_ONLY_NOT_G5_MATCHED,False,False,False,0
53,46690,89841,CNO,2015-04-29,CANDIDATE_ONLY_NOT_G5_MATCHED,False,False,False,0
53,46690,90067,HOS,2015-04-29,CANDIDATE_ONLY_NOT_G5_MATCHED,False,False,False,0
53,46690,90478,CSCD,2015-04-29,CANDIDATE_ONLY_NOT_G5_MATCHED,False,False,False,0
53,46690,90608,INUV,2015-04-29,CANDIDATE_ONLY_NOT_G5_MATCHED,False,False,False,0
53,46690,90742,SGI,2015-04-29,CANDIDATE_ONLY_NOT_G5_MATCHED,False,False,False,0
53,46690,90825,ACCO,2015-04-29,CANDIDATE_ONLY_NOT_G5_MATCHED,False,False,False,0
53,46690,91594,SPR,2015-04-29,CANDIDATE_ONLY_NOT_G5_MATCHED,False,False,False,0
53,46690,92034,CAVM,2015-04-29,CANDIDATE_ONLY_NOT_G5_MATCHED,False,False,False,0
53,46690,92172,DHX,2015-04-29,CANDIDATE_ONLY_NOT_G5_MATCHED,False,False,False,0
53,46690,92400,LL,2015-04-29,CANDIDATE_ONLY_NOT_G5_MATCHED,False,False,False,0
53,46690,92852,LOPE,2015-04-29,CANDIDATE_ONLY_NOT_G5_MATCHED,False,False,False,0
53,46690,93175,KRA,2015-04-29,CANDIDATE_ONLY_NOT_G5_MATCHED,False,False,False,0
54,46877,10147,EMC,2015-01-29,CANDIDATE_ONLY_NOT_G5_MATCHED,False,False,False,0
54,46877,10890,UIS,2015-01-29,CANDIDATE_ONLY_NOT_G5_MATCHED,False,False,False,0
54,46877,11533,FICO,2015-01-29,CANDIDATE_ONLY_NOT_G5_MATCHED,False,False,False,0
54,46877,13377,PFPT,2015-01-29,CANDIDATE_ONLY_NOT_G5_MATCHED,False,False,False,0
54,46877,13508,NGVC,2015-01-29,CANDIDATE_ONLY_NOT_G5_MATCHED,False,False,False,0
54,46877,14795,TKR,2015-01-29,CANDIDATE_ONLY_NOT_G5_MATCHED,False,False,False,0
54,46877,20482,ABT,2015-01-29,CANDIDATE_ONLY_NOT_G5_MATCHED,False,False,False,0
54,46877,21371,CAH,2015-01-29,CANDIDATE_ONLY_NOT_G5_MATCHED,False,False,False,0
54,46877,23229,CMS,2015-01-29,CANDIDATE_ONLY_NOT_G5_MATCHED,False,False,False,0
54,46877,24476,COHR,2015-01-29,CANDIDATE_ONLY_NOT_G5_MATCHED,False,False,False,0
54,46877,24766,NOC,2015-01-29,CANDIDATE_ONLY_NOT_G5_MATCHED,False,False,False,0
54,46877,24942,RTN,2015-01-29,CANDIDATE_ONLY_NOT_G5_MATCHED,False,False,False,0
54,46877,25785,F,2015-01-29,CANDIDATE_ONLY_NOT_G5_MATCHED,False,False,False,0
54,46877,28222,APD,2015-01-29,CANDIDATE_ONLY_NOT_G5_MATCHED,False,False,False,0
54,46877,29612,AIT,2015-01-29,CANDIDATE_ONLY_NOT_G5_MATCHED,False,False,False,0
54,46877,32540,ELX,2015-01-29,CANDIDATE_ONLY_NOT_G5_MATCHED,False,False,False,0
54,46877,36468,SHW,2015-01-29,CANDIDATE_ONLY_NOT_G5_MATCHED,False,False,False,0
54,46877,44134,KMT,2015-01-29,CANDIDATE_ONLY_NOT_G5_MATCHED,False,False,False,0
54,46877,48523,LANC,2015-01-29,CANDIDATE_ONLY_NOT_G5_MATCHED,False,False,False,0
54,46877,52230,RHI,2015-01-29,CANDIDATE_ONLY_NOT_G5_MATCHED,False,False,False,0
54,46877,54148,PHM,2015-01-29,CANDIDATE_ONLY_NOT_G5_MATCHED,False,False,False,0
54,46877,59192,CB,2015-01-29,CANDIDATE_ONLY_NOT_G5_MATCHED,False,False,False,0
54,46877,60943,LEG,2015-01-29,CANDIDATE_ONLY_NOT_G5_MATCHED,False,False,False,0
54,46877,68292,SIGI,2015-01-29,CANDIDATE_ONLY_NOT_G5_MATCHED,False,False,False,0
54,46877,70033,HOG,2015-01-29,CANDIDATE_ONLY_NOT_G5_MATCHED,False,False,False,0
54,46877,75342,MTH,2015-01-29,CANDIDATE_ONLY_NOT_G5_MATCHED,False,False,False,0
54,46877,76837,HAE,2015-01-29,CANDIDATE_ONLY_NOT_G5_MATCHED,False,False,False,0
54,46877,77366,ELY,2015-01-29,CANDIDATE_ONLY_NOT_G5_MATCHED,False,False,False,0
54,46877,77679,COLB,2015-01-29,CANDIDATE_ONLY_NOT_G5_MATCHED,False,False,False,0
54,46877,78001,KEM,2015-01-29,CANDIDATE_ONLY_NOT_G5_MATCHED,False,False,False,0
54,46877,78981,LSTR,2015-01-29,CANDIDATE_ONLY_NOT_G5_MATCHED,False,False,False,0
54,46877,78987,MCHP,2015-01-29,CANDIDATE_ONLY_NOT_G5_MATCHED,False,False,False,0
54,46877,79571,CASH,2015-01-29,CANDIDATE_ONLY_NOT_G5_MATCHED,False,False,False,0
54,46877,79686,DECK,2015-01-29,CANDIDATE_ONLY_NOT_G5_MATCHED,False,False,False,0
54,46877,80072,VLY,2015-01-29,CANDIDATE_ONLY_NOT_G5_MATCHED,False,False,False,0
54,46877,80112,CACB,2015-01-29,CANDIDATE_ONLY_NOT_G5_MATCHED,False,False,False,0
54,46877,81501,NATI,2015-01-29,CANDIDATE_ONLY_NOT_G5_MATCHED,False,False,False,0
54,46877,81621,HLIT,2015-01-29,CANDIDATE_ONLY_NOT_G5_MATCHED,False,False,False,0
54,46877,81666,HA,2015-01-29,CANDIDATE_ONLY_NOT_G5_MATCHED,False,False,False,0
54,46877,81857,CAM,2015-01-29,CANDIDATE_ONLY_NOT_G5_MATCHED,False,False,False,0
54,46877,83186,DST,2015-01-29,CANDIDATE_ONLY_NOT_G5_MATCHED,False,False,False,0
54,46877,83366,CRR,2015-01-29,CANDIDATE_ONLY_NOT_G5_MATCHED,False,False,False,0
54,46877,84373,DGX,2015-01-29,CANDIDATE_ONLY_NOT_G5_MATCHED,False,False,False,0
54,46877,85269,VLO,2015-01-29,CANDIDATE_ONLY_NOT_G5_MATCHED,False,False,False,0
54,46877,85963,BRCM,2015-01-29,CANDIDATE_ONLY_NOT_G5_MATCHED,False,False,False,0
54,46877,86876,WCC,2015-01-29,CANDIDATE_ONLY_NOT_G5_MATCHED,False,False,False,0
54,46877,88331,CPHD,2015-01-29,CANDIDATE_ONLY_NOT_G5_MATCHED,False,False,False,0
54,46877,88542,LTRX,2015-01-29,CANDIDATE_ONLY_NOT_G5_MATCHED,False,False,False,0
54,46877,88860,ALGN,2015-01-29,CANDIDATE_ONLY_NOT_G5_MATCHED,False,False,False,0
54,46877,89070,ZMH,2015-01-29,CANDIDATE_ONLY_NOT_G5_MATCHED,False,False,False,0
54,46877,89290,SYNA,2015-01-29,CANDIDATE_ONLY_NOT_G5_MATCHED,False,False,False,0
54,46877,89353,JBLU,2015-01-29,CANDIDATE_ONLY_NOT_G5_MATCHED,False,False,False,0
54,46877,90086,MBVT,2015-01-29,CANDIDATE_ONLY_NOT_G5_MATCHED,False,False,False,0
54,46877,90952,ISBC,2015-01-29,CANDIDATE_ONLY_NOT_G5_MATCHED,False,False,False,0
54,46877,91063,VIAB,2015-01-29,CANDIDATE_ONLY_NOT_G5_MATCHED,False,False,False,0
54,46877,91066,VIA,2015-01-29,CANDIDATE_ONLY_NOT_G5_MATCHED,False,False,False,0
54,46877,91901,GSIT,2015-01-29,CANDIDATE_ONLY_NOT_G5_MATCHED,False,False,False,0
54,46877,92172,DHX,2015-01-29,CANDIDATE_ONLY_NOT_G5_MATCHED,False,False,False,0
54,46877,92497,N,2015-01-29,CANDIDATE_ONLY_NOT_G5_MATCHED,False,False,False,0
54,46877,92611,V,2015-01-29,CANDIDATE_ONLY_NOT_G5_MATCHED,False,False,False,0
54,46877,92871,VRTS,2015-01-29,CANDIDATE_ONLY_NOT_G5_MATCHED,False,False,False,0
54,46877,92931,SWI,2015-01-29,CANDIDATE_ONLY_NOT_G5_MATCHED,False,False,False,0
55,47379,10421,SKYW,2013-05-08,CANDIDATE_ONLY_NOT_G5_MATCHED,False,False,False,0
55,47379,11499,CECE,2013-05-08,CANDIDATE_ONLY_NOT_G5_MATCHED,False,False,False,0
55,47379,11884,IPAR,2013-05-08,CANDIDATE_ONLY_NOT_G5_MATCHED,False,False,False,0
55,47379,12051,IL,2013-05-08,CANDIDATE_ONLY_NOT_G5_MATCHED,False,False,False,0
55,47379,12477,WD,2013-05-08,CANDIDATE_ONLY_NOT_G5_MATCHED,False,False,False,0
55,47379,12573,ACRX,2013-05-08,CANDIDATE_ONLY_NOT_G5_MATCHED,False,False,False,0
55,47379,12583,PCRX,2013-05-08,CANDIDATE_ONLY_NOT_G5_MATCHED,False,False,False,0
55,47379,12797,SZYM,2013-05-08,CANDIDATE_ONLY_NOT_G5_MATCHED,False,False,False,0
55,47379,13108,GRPN,2013-05-08,CANDIDATE_ONLY_NOT_G5_MATCHED,False,False,False,0
55,47379,13244,MTDR,2013-05-08,CANDIDATE_ONLY_NOT_G5_MATCHED,False,False,False,0
55,47379,13298,MM,2013-05-08,CANDIDATE_ONLY_NOT_G5_MATCHED,False,False,False,0
55,47379,13367,TUMI,2013-05-08,CANDIDATE_ONLY_NOT_G5_MATCHED,False,False,False,0
55,47379,19828,WEN,2013-05-08,CANDIDATE_ONLY_NOT_G5_MATCHED,False,False,False,0
55,47379,24248,ALE,2013-05-08,CANDIDATE_ONLY_NOT_G5_MATCHED,False,False,False,0
55,47379,41187,HE,2013-05-08,CANDIDATE_ONLY_NOT_G5_MATCHED,False,False,False,0
55,47379,60599,CTL,2013-05-08,CANDIDATE_ONLY_NOT_G5_MATCHED,False,False,False,0
55,47379,60687,AFG,2013-05-08,CANDIDATE_ONLY_NOT_G5_MATCHED,False,False,False,0
55,47379,68145,NEON,2013-05-08,CANDIDATE_ONLY_NOT_G5_MATCHED,False,False,False,0
55,47379,71985,SPAR,2013-05-08,CANDIDATE_ONLY_NOT_G5_MATCHED,False,False,False,0
55,47379,75470,MIDD,2013-05-08,CANDIDATE_ONLY_NOT_G5_MATCHED,False,False,False,0
55,47379,76123,JOE,2013-05-08,CANDIDATE_ONLY_NOT_G5_MATCHED,False,False,False,0
55,47379,76127,TTI,2013-05-08,CANDIDATE_ONLY_NOT_G5_MATCHED,False,False,False,0
55,47379,76383,AVNR,2013-05-08,CANDIDATE_ONLY_NOT_G5_MATCHED,False,False,False,0
55,47379,77340,POWR,2013-05-08,CANDIDATE_ONLY_NOT_G5_MATCHED,False,False,False,0
55,47379,77515,KOPN,2013-05-08,CANDIDATE_ONLY_NOT_G5_MATCHED,False,False,False,0
55,47379,77780,CENT,2013-05-08,CANDIDATE_ONLY_NOT_G5_MATCHED,False,False,False,0
55,47379,78066,NAVB,2013-05-08,CANDIDATE_ONLY_NOT_G5_MATCHED,False,False,False,0
55,47379,78081,LGND,2013-05-08,CANDIDATE_ONLY_NOT_G5_MATCHED,False,False,False,0
55,47379,79490,FLL,2013-05-08,CANDIDATE_ONLY_NOT_G5_MATCHED,False,False,False,0
55,47379,79588,GMCR,2013-05-08,CANDIDATE_ONLY_NOT_G5_MATCHED,False,False,False,0
55,47379,79678,ATVI,2013-05-08,CANDIDATE_ONLY_NOT_G5_MATCHED,False,False,False,0
55,47379,80054,MED,2013-05-08,CANDIDATE_ONLY_NOT_G5_MATCHED,False,False,False,0
55,47379,80951,TESS,2013-05-08,CANDIDATE_ONLY_NOT_G5_MATCHED,False,False,False,0
55,47379,82266,CVO,2013-05-08,CANDIDATE_ONLY_NOT_G5_MATCHED,False,False,False,0
55,47379,83832,LVB,2013-05-08,CANDIDATE_ONLY_NOT_G5_MATCHED,False,False,False,0
55,47379,83834,WG,2013-05-08,CANDIDATE_ONLY_NOT_G5_MATCHED,False,False,False,0
55,47379,83883,BIOS,2013-05-08,CANDIDATE_ONLY_NOT_G5_MATCHED,False,False,False,0
55,47379,84052,ARQL,2013-05-08,CANDIDATE_ONLY_NOT_G5_MATCHED,False,False,False,0
55,47379,85291,GCOM,2013-05-08,CANDIDATE_ONLY_NOT_G5_MATCHED,False,False,False,0
55,47379,85686,DEPO,2013-05-08,CANDIDATE_ONLY_NOT_G5_MATCHED,False,False,False,0
55,47379,86158,CTSH,2013-05-08,CANDIDATE_ONLY_NOT_G5_MATCHED,False,False,False,0
55,47379,86560,ETM,2013-05-08,CANDIDATE_ONLY_NOT_G5_MATCHED,False,False,False,0
55,47379,87075,JCOM,2013-05-08,CANDIDATE_ONLY_NOT_G5_MATCHED,False,False,False,0
55,47379,87172,LIOX,2013-05-08,CANDIDATE_ONLY_NOT_G5_MATCHED,False,False,False,0
55,47379,87498,GKNT,2013-05-08,CANDIDATE_ONLY_NOT_G5_MATCHED,False,False,False,0
55,47379,88174,LPSN,2013-05-08,CANDIDATE_ONLY_NOT_G5_MATCHED,False,False,False,0
55,47379,88195,SGMO,2013-05-08,CANDIDATE_ONLY_NOT_G5_MATCHED,False,False,False,0
55,47379,88258,PHMD,2013-05-08,CANDIDATE_ONLY_NOT_G5_MATCHED,False,False,False,0
55,47379,88740,POZN,2013-05-08,CANDIDATE_ONLY_NOT_G5_MATCHED,False,False,False,0
55,47379,88905,ATRS,2013-05-08,CANDIDATE_ONLY_NOT_G5_MATCHED,False,False,False,0
55,47379,89369,LCI,2013-05-08,CANDIDATE_ONLY_NOT_G5_MATCHED,False,False,False,0
55,47379,89482,BANC,2013-05-08,CANDIDATE_ONLY_NOT_G5_MATCHED,False,False,False,0
55,47379,89824,PRSC,2013-05-08,CANDIDATE_ONLY_NOT_G5_MATCHED,False,False,False,0
55,47379,89916,NXST,2013-05-08,CANDIDATE_ONLY_NOT_G5_MATCHED,False,False,False,0
55,47379,90436,HALO,2013-05-08,CANDIDATE_ONLY_NOT_G5_MATCHED,False,False,False,0
55,47379,90440,NP,2013-05-08,CANDIDATE_ONLY_NOT_G5_MATCHED,False,False,False,0
55,47379,90442,NWS,2013-05-08,CANDIDATE_ONLY_NOT_G5_MATCHED,False,False,False,0
55,47379,90568,MNTX,2013-05-08,CANDIDATE_ONLY_NOT_G5_MATCHED,False,False,False,0
55,47379,90716,ATSG,2013-05-08,CANDIDATE_ONLY_NOT_G5_MATCHED,False,False,False,0
55,47379,90789,MFB,2013-05-08,CANDIDATE_ONLY_NOT_G5_MATCHED,False,False,False,0
55,47379,90829,CF,2013-05-08,CANDIDATE_ONLY_NOT_G5_MATCHED,False,False,False,0
55,47379,90926,PIP,2013-05-08,CANDIDATE_ONLY_NOT_G5_MATCHED,False,False,False,0
55,47379,91032,TRAK,2013-05-08,CANDIDATE_ONLY_NOT_G5_MATCHED,False,False,False,0
55,47379,91136,APP,2013-05-08,CANDIDATE_ONLY_NOT_G5_MATCHED,False,False,False,0
55,47379,91215,DK,2013-05-08,CANDIDATE_ONLY_NOT_G5_MATCHED,False,False,False,0
55,47379,91277,LINTA,2013-05-08,CANDIDATE_ONLY_NOT_G5_MATCHED,False,False,False,0
55,47379,91507,SUSS,2013-05-08,CANDIDATE_ONLY_NOT_G5_MATCHED,False,False,False,0
55,47379,91688,EIG,2013-05-08,CANDIDATE_ONLY_NOT_G5_MATCHED,False,False,False,0
55,47379,91965,OREX,2013-05-08,CANDIDATE_ONLY_NOT_G5_MATCHED,False,False,False,0
55,47379,91983,CLR,2013-05-08,CANDIDATE_ONLY_NOT_G5_MATCHED,False,False,False,0
55,47379,92035,CLNE,2013-05-08,CANDIDATE_ONLY_NOT_G5_MATCHED,False,False,False,0
55,47379,92052,TTGT,2013-05-08,CANDIDATE_ONLY_NOT_G5_MATCHED,False,False,False,0
55,47379,92395,HEK,2013-05-08,CANDIDATE_ONLY_NOT_G5_MATCHED,False,False,False,0
55,47379,92478,FOR,2013-05-08,CANDIDATE_ONLY_NOT_G5_MATCHED,False,False,False,0
55,47379,92765,RAX,2013-05-08,CANDIDATE_ONLY_NOT_G5_MATCHED,False,False,False,0
55,47379,92913,RST,2013-05-08,CANDIDATE_ONLY_NOT_G5_MATCHED,False,False,False,0
55,47379,93091,AOL,2013-05-08,CANDIDATE_ONLY_NOT_G5_MATCHED,False,False,False,0
55,47379,93285,AUMN,2013-05-08,CANDIDATE_ONLY_NOT_G5_MATCHED,False,False,False,0
55,47379,93393,GNMK,2013-05-08,CANDIDATE_ONLY_NOT_G5_MATCHED,False,False,False,0
56,48486,10138,TROW,2013-04-24,CANDIDATE_ONLY_NOT_G5_MATCHED,False,False,False,0
56,48486,11293,WSBC,2013-04-24,CANDIDATE_ONLY_NOT_G5_MATCHED,False,False,False,0
56,48486,11533,FICO,2013-04-24,CANDIDATE_ONLY_NOT_G5_MATCHED,False,False,False,0
56,48486,11955,WM,2013-04-24,CANDIDATE_ONLY_NOT_G5_MATCHED,False,False,False,0
56,48486,12052,GD,2013-04-24,CANDIDATE_ONLY_NOT_G5_MATCHED,False,False,False,0
56,48486,12515,BKU,2013-04-24,CANDIDATE_ONLY_NOT_G5_MATCHED,False,False,False,0
56,48486,12865,FIO,2013-04-24,CANDIDATE_ONLY_NOT_G5_MATCHED,False,False,False,0
56,48486,13006,FMNB,2013-04-24,CANDIDATE_ONLY_NOT_G5_MATCHED,False,False,False,0
56,48486,14795,TKR,2013-04-24,CANDIDATE_ONLY_NOT_G5_MATCHED,False,False,False,0
56,48486,18163,PG,2013-04-24,CANDIDATE_ONLY_NOT_G5_MATCHED,False,False,False,0
56,48486,18411,SO,2013-04-24,CANDIDATE_ONLY_NOT_G5_MATCHED,False,False,False,0
56,48486,19561,BA,2013-04-24,CANDIDATE_ONLY_NOT_G5_MATCHED,False,False,False,0
56,48486,21135,FOE,2013-04-24,CANDIDATE_ONLY_NOT_G5_MATCHED,False,False,False,0
56,48486,22293,GLW,2013-04-24,CANDIDATE_ONLY_NOT_G5_MATCHED,False,False,False,0
56,48486,22779,MSI,2013-04-24,CANDIDATE_ONLY_NOT_G5_MATCHED,False,False,False,0
56,48486,24476,COHR,2013-04-24,CANDIDATE_ONLY_NOT_G5_MATCHED,False,False,False,0
56,48486,24766,NOC,2013-04-24,CANDIDATE_ONLY_NOT_G5_MATCHED,False,False,False,0
56,48486,25419,WHR,2013-04-24,CANDIDATE_ONLY_NOT_G5_MATCHED,False,False,False,0
56,48486,25785,F,2013-04-24,CANDIDATE_ONLY_NOT_G5_MATCHED,False,False,False,0
56,48486,27043,VAR,2013-04-24,CANDIDATE_ONLY_NOT_G5_MATCHED,False,False,False,0
56,48486,27334,CSL,2013-04-24,CANDIDATE_ONLY_NOT_G5_MATCHED,False,False,False,0
56,48486,27422,CLF,2013-04-24,CANDIDATE_ONLY_NOT_G5_MATCHED,False,False,False,0
56,48486,27888,CFR,2013-04-24,CANDIDATE_ONLY_NOT_G5_MATCHED,False,False,False,0
56,48486,35124,CLGX,2013-04-24,CANDIDATE_ONLY_NOT_G5_MATCHED,False,False,False,0
56,48486,36003,ROL,2013-04-24,CANDIDATE_ONLY_NOT_G5_MATCHED,False,False,False,0
56,48486,38149,BYI,2013-04-24,CANDIDATE_ONLY_NOT_G5_MATCHED,False,False,False,0
56,48486,39087,S,2013-04-24,CANDIDATE_ONLY_NOT_G5_MATCHED,False,False,False,0
56,48486,39571,GGG,2013-04-24,CANDIDATE_ONLY_NOT_G5_MATCHED,False,False,False,0
56,48486,42550,NEU,2013-04-24,CANDIDATE_ONLY_NOT_G5_MATCHED,False,False,False,0
56,48486,43123,ATI,2013-04-24,CANDIDATE_ONLY_NOT_G5_MATCHED,False,False,False,0
56,48486,44274,AEGN,2013-04-24,CANDIDATE_ONLY_NOT_G5_MATCHED,False,False,False,0
56,48486,44601,AVY,2013-04-24,CANDIDATE_ONLY_NOT_G5_MATCHED,False,False,False,0
56,48486,44768,TILE,2013-04-24,CANDIDATE_ONLY_NOT_G5_MATCHED,False,False,False,0
56,48486,44951,SVU,2013-04-24,CANDIDATE_ONLY_NOT_G5_MATCHED,False,False,False,0
56,48486,45437,ISH,2013-04-24,CANDIDATE_ONLY_NOT_G5_MATCHED,False,False,False,0
56,48486,48267,LSI,2013-04-24,CANDIDATE_ONLY_NOT_G5_MATCHED,False,False,False,0
56,48486,50876,LLY,2013-04-24,CANDIDATE_ONLY_NOT_G5_MATCHED,False,False,False,0
56,48486,51369,TER,2013-04-24,CANDIDATE_ONLY_NOT_G5_MATCHED,False,False,False,0
56,48486,51625,SCI,2013-04-24,CANDIDATE_ONLY_NOT_G5_MATCHED,False,False,False,0
56,48486,52716,HRC,2013-04-24,CANDIDATE_ONLY_NOT_G5_MATCHED,False,False,False,0
56,48486,54199,SJW,2013-04-24,CANDIDATE_ONLY_NOT_G5_MATCHED,False,False,False,0
56,48486,54253,MSA,2013-04-24,CANDIDATE_ONLY_NOT_G5_MATCHED,False,False,False,0
56,48486,57904,AFL,2013-04-24,CANDIDATE_ONLY_NOT_G5_MATCHED,False,False,False,0
56,48486,58318,TEX,2013-04-24,CANDIDATE_ONLY_NOT_G5_MATCHED,False,False,False,0
56,48486,59045,KEX,2013-04-24,CANDIDATE_ONLY_NOT_G5_MATCHED,False,False,False,0
56,48486,62092,TMO,2013-04-24,CANDIDATE_ONLY_NOT_G5_MATCHED,False,False,False,0
56,48486,62383,RYL,2013-04-24,CANDIDATE_ONLY_NOT_G5_MATCHED,False,False,False,0
56,48486,65365,MYE,2013-04-24,CANDIDATE_ONLY_NOT_G5_MATCHED,False,False,False,0
56,48486,66384,WDC,2013-04-24,CANDIDATE_ONLY_NOT_G5_MATCHED,False,False,False,0
56,48486,66683,RES,2013-04-24,CANDIDATE_ONLY_NOT_G5_MATCHED,False,False,False,0
56,48486,67360,UTL,2013-04-24,CANDIDATE_ONLY_NOT_G5_MATCHED,False,False,False,0
56,48486,68292,SIGI,2013-04-24,CANDIDATE_ONLY_NOT_G5_MATCHED,False,False,False,0
56,48486,70616,SYMM,2013-04-24,CANDIDATE_ONLY_NOT_G5_MATCHED,False,False,False,0
56,48486,73809,SUSQ,2013-04-24,CANDIDATE_ONLY_NOT_G5_MATCHED,False,False,False,0
56,48486,75912,PMTC,2013-04-24,CANDIDATE_ONLY_NOT_G5_MATCHED,False,False,False,0
56,48486,76082,COG,2013-04-24,CANDIDATE_ONLY_NOT_G5_MATCHED,False,False,False,0
56,48486,76185,TYL,2013-04-24,CANDIDATE_ONLY_NOT_G5_MATCHED,False,False,False,0
56,48486,76201,XLNX,2013-04-24,CANDIDATE_ONLY_NOT_G5_MATCHED,False,False,False,0
56,48486,76215,ICON,2013-04-24,CANDIDATE_ONLY_NOT_G5_MATCHED,False,False,False,0
56,48486,77178,QCOM,2013-04-24,CANDIDATE_ONLY_NOT_G5_MATCHED,False,False,False,0
56,48486,77679,COLB,2013-04-24,CANDIDATE_ONLY_NOT_G5_MATCHED,False,False,False,0
56,48486,77768,PX,2013-04-24,CANDIDATE_ONLY_NOT_G5_MATCHED,False,False,False,0
56,48486,77785,WIRE,2013-04-24,CANDIDATE_ONLY_NOT_G5_MATCHED,False,False,False,0
56,48486,77902,CAKE,2013-04-24,CANDIDATE_ONLY_NOT_G5_MATCHED,False,False,False,0
56,48486,77917,ASGN,2013-04-24,CANDIDATE_ONLY_NOT_G5_MATCHED,False,False,False,0
56,48486,78044,UFI,2013-04-24,CANDIDATE_ONLY_NOT_G5_MATCHED,False,False,False,0
56,48486,78054,RIMG,2013-04-24,CANDIDATE_ONLY_NOT_G5_MATCHED,False,False,False,0
56,48486,78977,JAH,2013-04-24,CANDIDATE_ONLY_NOT_G5_MATCHED,False,False,False,0
56,48486,79013,SYBT,2013-04-24,CANDIDATE_ONLY_NOT_G5_MATCHED,False,False,False,0
56,48486,79159,CWEI,2013-04-24,CANDIDATE_ONLY_NOT_G5_MATCHED,False,False,False,0
56,48486,79198,TWI,2013-04-24,CANDIDATE_ONLY_NOT_G5_MATCHED,False,False,False,0
56,48486,79244,USG,2013-04-24,CANDIDATE_ONLY_NOT_G5_MATCHED,False,False,False,0
56,48486,79564,ARRS,2013-04-24,CANDIDATE_ONLY_NOT_G5_MATCHED,False,False,False,0
56,48486,79758,BYD,2013-04-24,CANDIDATE_ONLY_NOT_G5_MATCHED,False,False,False,0
56,48486,79859,NYCB,2013-04-24,CANDIDATE_ONLY_NOT_G5_MATCHED,False,False,False,0
56,48486,80049,TQNT,2013-04-24,CANDIDATE_ONLY_NOT_G5_MATCHED,False,False,False,0
56,48486,80072,VLY,2013-04-24,CANDIDATE_ONLY_NOT_G5_MATCHED,False,False,False,0
56,48486,80286,TSCO,2013-04-24,CANDIDATE_ONLY_NOT_G5_MATCHED,False,False,False,0
56,48486,80987,KNX,2013-04-24,CANDIDATE_ONLY_NOT_G5_MATCHED,False,False,False,0
56,48486,81677,WAB,2013-04-24,CANDIDATE_ONLY_NOT_G5_MATCHED,False,False,False,0
56,48486,82686,CTXS,2013-04-24,CANDIDATE_ONLY_NOT_G5_MATCHED,False,False,False,0
56,48486,83462,TUP,2013-04-24,CANDIDATE_ONLY_NOT_G5_MATCHED,False,False,False,0
56,48486,83671,TBI,2013-04-24,CANDIDATE_ONLY_NOT_G5_MATCHED,False,False,False,0
56,48486,83906,SRCL,2013-04-24,CANDIDATE_ONLY_NOT_G5_MATCHED,False,False,False,0
56,48486,84210,FORR,2013-04-24,CANDIDATE_ONLY_NOT_G5_MATCHED,False,False,False,0
56,48486,84381,ROK,2013-04-24,CANDIDATE_ONLY_NOT_G5_MATCHED,False,False,False,0
56,48486,84563,SLGN,2013-04-24,CANDIDATE_ONLY_NOT_G5_MATCHED,False,False,False,0
56,48486,85020,PPBI,2013-04-24,CANDIDATE_ONLY_NOT_G5_MATCHED,False,False,False,0
56,48486,85488,OSIS,2013-04-24,CANDIDATE_ONLY_NOT_G5_MATCHED,False,False,False,0
56,48486,85731,HFWA,2013-04-24,CANDIDATE_ONLY_NOT_G5_MATCHED,False,False,False,0
56,48486,85860,BRKL,2013-04-24,CANDIDATE_ONLY_NOT_G5_MATCHED,False,False,False,0
56,48486,85908,GRA,2013-04-24,CANDIDATE_ONLY_NOT_G5_MATCHED,False,False,False,0
56,48486,86432,PB,2013-04-24,CANDIDATE_ONLY_NOT_G5_MATCHED,False,False,False,0
56,48486,86964,FFIV,2013-04-24,CANDIDATE_ONLY_NOT_G5_MATCHED,False,False,False,0
56,48486,87299,AKAM,2013-04-24,CANDIDATE_ONLY_NOT_G5_MATCHED,False,False,False,0
56,48486,87445,TDY,2013-04-24,CANDIDATE_ONLY_NOT_G5_MATCHED,False,False,False,0
56,48486,87785,ITMN,2013-04-24,CANDIDATE_ONLY_NOT_G5_MATCHED,False,False,False,0
56,48486,87812,SLAB,2013-04-24,CANDIDATE_ONLY_NOT_G5_MATCHED,False,False,False,0
56,48486,88367,PCBK,2013-04-24,CANDIDATE_ONLY_NOT_G5_MATCHED,False,False,False,0
56,48486,88895,MPX,2013-04-24,CANDIDATE_ONLY_NOT_G5_MATCHED,False,False,False,0
56,48486,89179,WLP,2013-04-24,CANDIDATE_ONLY_NOT_G5_MATCHED,False,False,False,0
56,48486,89327,ABG,2013-04-24,CANDIDATE_ONLY_NOT_G5_MATCHED,False,False,False,0
56,48486,89419,PACR,2013-04-24,CANDIDATE_ONLY_NOT_G5_MATCHED,False,False,False,0
56,48486,89617,EQIX,2013-04-24,CANDIDATE_ONLY_NOT_G5_MATCHED,False,False,False,0
56,48486,89644,VMED,2013-04-24,CANDIDATE_ONLY_NOT_G5_MATCHED,False,False,False,0
56,48486,89841,CNO,2013-04-24,CANDIDATE_ONLY_NOT_G5_MATCHED,False,False,False,0
56,48486,89901,WLL,2013-04-24,CANDIDATE_ONLY_NOT_G5_MATCHED,False,False,False,0
56,48486,90038,AIZ,2013-04-24,CANDIDATE_ONLY_NOT_G5_MATCHED,False,False,False,0
56,48486,90314,CVGI,2013-04-24,CANDIDATE_ONLY_NOT_G5_MATCHED,False,False,False,0
56,48486,90454,MKTX,2013-04-24,CANDIDATE_ONLY_NOT_G5_MATCHED,False,False,False,0
56,48486,90490,TBBK,2013-04-24,CANDIDATE_ONLY_NOT_G5_MATCHED,False,False,False,0
56,48486,90708,MORN,2013-04-24,CANDIDATE_ONLY_NOT_G5_MATCHED,False,False,False,0
56,48486,90748,XNPT,2013-04-24,CANDIDATE_ONLY_NOT_G5_MATCHED,False,False,False,0
56,48486,90940,TAL,2013-04-24,CANDIDATE_ONLY_NOT_G5_MATCHED,False,False,False,0
56,48486,91040,BAS,2013-04-24,CANDIDATE_ONLY_NOT_G5_MATCHED,False,False,False,0
56,48486,91090,CROX,2013-04-24,CANDIDATE_ONLY_NOT_G5_MATCHED,False,False,False,0
56,48486,91392,WYN,2013-04-24,CANDIDATE_ONLY_NOT_G5_MATCHED,False,False,False,0
56,48486,91413,EVR,2013-04-24,CANDIDATE_ONLY_NOT_G5_MATCHED,False,False,False,0
56,48486,91514,VPFG,2013-04-24,CANDIDATE_ONLY_NOT_G5_MATCHED,False,False,False,0
56,48486,91531,OC,2013-04-24,CANDIDATE_ONLY_NOT_G5_MATCHED,False,False,False,0
56,48486,91659,ALGT,2013-04-24,CANDIDATE_ONLY_NOT_G5_MATCHED,False,False,False,0
56,48486,91937,PCS,2013-04-24,CANDIDATE_ONLY_NOT_G5_MATCHED,False,False,False,0
56,48486,91959,ESSA,2013-04-24,CANDIDATE_ONLY_NOT_G5_MATCHED,False,False,False,0
56,48486,91979,CAP,2013-04-24,CANDIDATE_ONLY_NOT_G5_MATCHED,False,False,False,0
56,48486,92618,DPS,2013-04-24,CANDIDATE_ONLY_NOT_G5_MATCHED,False,False,False,0
56,48486,92854,CLW,2013-04-24,CANDIDATE_ONLY_NOT_G5_MATCHED,False,False,False,0
56,48486,92919,ORRF,2013-04-24,CANDIDATE_ONLY_NOT_G5_MATCHED,False,False,False,0
56,48486,93222,SYA,2013-04-24,CANDIDATE_ONLY_NOT_G5_MATCHED,False,False,False,0
57,51369,10138,TROW,2015-01-28,CANDIDATE_ONLY_NOT_G5_MATCHED,False,False,False,0
57,51369,12052,GD,2015-01-28,CANDIDATE_ONLY_NOT_G5_MATCHED,False,False,False,0
57,51369,13407,FB,2015-01-28,CANDIDATE_ONLY_NOT_G5_MATCHED,False,False,False,0
57,51369,19561,BA,2015-01-28,CANDIDATE_ONLY_NOT_G5_MATCHED,False,False,False,0
57,51369,21573,IP,2015-01-28,CANDIDATE_ONLY_NOT_G5_MATCHED,False,False,False,0
57,51369,23297,EAT,2015-01-28,CANDIDATE_ONLY_NOT_G5_MATCHED,False,False,False,0
57,51369,24109,AEP,2015-01-28,CANDIDATE_ONLY_NOT_G5_MATCHED,False,False,False,0
57,51369,27043,VAR,2015-01-28,CANDIDATE_ONLY_NOT_G5_MATCHED,False,False,False,0
57,51369,27888,CFR,2015-01-28,CANDIDATE_ONLY_NOT_G5_MATCHED,False,False,False,0
57,51369,42796,MDP,2015-01-28,CANDIDATE_ONLY_NOT_G5_MATCHED,False,False,False,0
57,51369,48486,LRCX,2015-01-28,CANDIDATE_ONLY_NOT_G5_MATCHED,False,False,False,0
57,51369,52090,MKC,2015-01-28,CANDIDATE_ONLY_NOT_G5_MATCHED,False,False,False,0
57,51369,59045,KEX,2015-01-28,CANDIDATE_ONLY_NOT_G5_MATCHED,False,False,False,0
57,51369,66245,MDC,2015-01-28,CANDIDATE_ONLY_NOT_G5_MATCHED,False,False,False,0
57,51369,66683,RES,2015-01-28,CANDIDATE_ONLY_NOT_G5_MATCHED,False,False,False,0
57,51369,68196,SEIC,2015-01-28,CANDIDATE_ONLY_NOT_G5_MATCHED,False,False,False,0
57,51369,76095,HOLX,2015-01-28,CANDIDATE_ONLY_NOT_G5_MATCHED,False,False,False,0
57,51369,76477,ATK,2015-01-28,CANDIDATE_ONLY_NOT_G5_MATCHED,False,False,False,0
57,51369,77178,QCOM,2015-01-28,CANDIDATE_ONLY_NOT_G5_MATCHED,False,False,False,0
57,51369,77630,DWCH,2015-01-28,CANDIDATE_ONLY_NOT_G5_MATCHED,False,False,False,0
57,51369,77643,FCF,2015-01-28,CANDIDATE_ONLY_NOT_G5_MATCHED,False,False,False,0
57,51369,79796,AF,2015-01-28,CANDIDATE_ONLY_NOT_G5_MATCHED,False,False,False,0
57,51369,80113,CGI,2015-01-28,CANDIDATE_ONLY_NOT_G5_MATCHED,False,False,False,0
57,51369,80191,ALB,2015-01-28,CANDIDATE_ONLY_NOT_G5_MATCHED,False,False,False,0
57,51369,80286,TSCO,2015-01-28,CANDIDATE_ONLY_NOT_G5_MATCHED,False,False,False,0
57,51369,81564,IBKC,2015-01-28,CANDIDATE_ONLY_NOT_G5_MATCHED,False,False,False,0
57,51369,82607,PRXL,2015-01-28,CANDIDATE_ONLY_NOT_G5_MATCHED,False,False,False,0
57,51369,83462,TUP,2015-01-28,CANDIDATE_ONLY_NOT_G5_MATCHED,False,False,False,0
57,51369,84262,STLD,2015-01-28,CANDIDATE_ONLY_NOT_G5_MATCHED,False,False,False,0
57,51369,85257,AME,2015-01-28,CANDIDATE_ONLY_NOT_G5_MATCHED,False,False,False,0
57,51369,85349,MTOR,2015-01-28,CANDIDATE_ONLY_NOT_G5_MATCHED,False,False,False,0
57,51369,85860,BRKL,2015-01-28,CANDIDATE_ONLY_NOT_G5_MATCHED,False,False,False,0
57,51369,86822,EXTR,2015-01-28,CANDIDATE_ONLY_NOT_G5_MATCHED,False,False,False,0
57,51369,87612,ISIL,2015-01-28,CANDIDATE_ONLY_NOT_G5_MATCHED,False,False,False,0
57,51369,87659,ENR,2015-01-28,CANDIDATE_ONLY_NOT_G5_MATCHED,False,False,False,0
57,51369,90164,GHL,2015-01-28,CANDIDATE_ONLY_NOT_G5_MATCHED,False,False,False,0
57,51369,90505,LVS,2015-01-28,CANDIDATE_ONLY_NOT_G5_MATCHED,False,False,False,0
57,51369,90742,SGI,2015-01-28,CANDIDATE_ONLY_NOT_G5_MATCHED,False,False,False,0
57,51369,91463,CVLT,2015-01-28,CANDIDATE_ONLY_NOT_G5_MATCHED,False,False,False,0
57,51369,91659,ALGT,2015-01-28,CANDIDATE_ONLY_NOT_G5_MATCHED,False,False,False,0
57,51369,92034,CAVM,2015-01-28,CANDIDATE_ONLY_NOT_G5_MATCHED,False,False,False,0
57,51369,92207,SHOR,2015-01-28,CANDIDATE_ONLY_NOT_G5_MATCHED,False,False,False,0
57,51369,93132,FTNT,2015-01-28,CANDIDATE_ONLY_NOT_G5_MATCHED,False,False,False,0
58,52090,75905,GIII,2013-04-02,CANDIDATE_ONLY_NOT_G5_MATCHED,False,False,False,0
58,52090,88873,GPN,2013-04-02,CANDIDATE_ONLY_NOT_G5_MATCHED,False,False,False,0
58,52090,91657,AFFY,2013-04-02,CANDIDATE_ONLY_NOT_G5_MATCHED,False,False,False,0
59,52337,25232,OKE,2015-02-23,CANDIDATE_ONLY_NOT_G5_MATCHED,False,False,False,0
59,52337,58819,LNT,2015-02-23,CANDIDATE_ONLY_NOT_G5_MATCHED,False,False,False,0
59,52337,72996,SF,2015-02-23,CANDIDATE_ONLY_NOT_G5_MATCHED,False,False,False,0
59,52337,77292,PDLI,2015-02-23,CANDIDATE_ONLY_NOT_G5_MATCHED,False,False,False,0
59,52337,77668,ESRX,2015-02-23,CANDIDATE_ONLY_NOT_G5_MATCHED,False,False,False,0
59,52337,85686,DEPO,2015-02-23,CANDIDATE_ONLY_NOT_G5_MATCHED,False,False,False,0
59,52337,86051,AXTI,2015-02-23,CANDIDATE_ONLY_NOT_G5_MATCHED,False,False,False,0
59,52337,86547,AXL,2015-02-23,CANDIDATE_ONLY_NOT_G5_MATCHED,False,False,False,0
59,52337,91516,AWI,2015-02-23,CANDIDATE_ONLY_NOT_G5_MATCHED,False,False,False,0
60,52337,11691,MATX,2015-05-04,CANDIDATE_ONLY_NOT_G5_MATCHED,False,False,False,0
60,52337,11891,MGM,2015-05-04,CANDIDATE_ONLY_NOT_G5_MATCHED,False,False,False,0
60,52337,12573,ACRX,2015-05-04,CANDIDATE_ONLY_NOT_G5_MATCHED,False,False,False,0
60,52337,13112,NTK,2015-05-04,CANDIDATE_ONLY_NOT_G5_MATCHED,False,False,False,0
60,52337,13600,QLYS,2015-05-04,CANDIDATE_ONLY_NOT_G5_MATCHED,False,False,False,0
60,52337,13622,RLGY,2015-05-04,CANDIDATE_ONLY_NOT_G5_MATCHED,False,False,False,0
60,52337,13967,PTCT,2015-05-04,CANDIDATE_ONLY_NOT_G5_MATCHED,False,False,False,0
60,52337,14313,IPWR,2015-05-04,CANDIDATE_ONLY_NOT_G5_MATCHED,False,False,False,0
60,52337,14359,XNCR,2015-05-04,CANDIDATE_ONLY_NOT_G5_MATCHED,False,False,False,0
60,52337,15202,VMC,2015-05-04,CANDIDATE_ONLY_NOT_G5_MATCHED,False,False,False,0
60,52337,26710,L,2015-05-04,CANDIDATE_ONLY_NOT_G5_MATCHED,False,False,False,0
60,52337,47626,CNA,2015-05-04,CANDIDATE_ONLY_NOT_G5_MATCHED,False,False,False,0
60,52337,50623,MTSC,2015-05-04,CANDIDATE_ONLY_NOT_G5_MATCHED,False,False,False,0
60,52337,61946,BKH,2015-05-04,CANDIDATE_ONLY_NOT_G5_MATCHED,False,False,False,0
60,52337,64936,D,2015-05-04,CANDIDATE_ONLY_NOT_G5_MATCHED,False,False,False,0
60,52337,70332,APC,2015-05-04,CANDIDATE_ONLY_NOT_G5_MATCHED,False,False,False,0
60,52337,75825,EOG,2015-05-04,CANDIDATE_ONLY_NOT_G5_MATCHED,False,False,False,0
60,52337,75854,LSCC,2015-05-04,CANDIDATE_ONLY_NOT_G5_MATCHED,False,False,False,0
60,52337,77595,ARCB,2015-05-04,CANDIDATE_ONLY_NOT_G5_MATCHED,False,False,False,0
60,52337,78186,PQ,2015-05-04,CANDIDATE_ONLY_NOT_G5_MATCHED,False,False,False,0
60,52337,79444,SGY,2015-05-04,CANDIDATE_ONLY_NOT_G5_MATCHED,False,False,False,0
60,52337,80112,CACB,2015-05-04,CANDIDATE_ONLY_NOT_G5_MATCHED,False,False,False,0
60,52337,82298,DO,2015-05-04,CANDIDATE_ONLY_NOT_G5_MATCHED,False,False,False,0
60,52337,82307,DVA,2015-05-04,CANDIDATE_ONLY_NOT_G5_MATCHED,False,False,False,0
60,52337,82581,HSIC,2015-05-04,CANDIDATE_ONLY_NOT_G5_MATCHED,False,False,False,0
60,52337,83291,ELNK,2015-05-04,CANDIDATE_ONLY_NOT_G5_MATCHED,False,False,False,0
60,52337,84168,IM,2015-05-04,CANDIDATE_ONLY_NOT_G5_MATCHED,False,False,False,0
60,52337,84320,IGTE,2015-05-04,CANDIDATE_ONLY_NOT_G5_MATCHED,False,False,False,0
60,52337,84438,SNHY,2015-05-04,CANDIDATE_ONLY_NOT_G5_MATCHED,False,False,False,0
60,52337,86158,CTSH,2015-05-04,CANDIDATE_ONLY_NOT_G5_MATCHED,False,False,False,0
60,52337,87789,LMNX,2015-05-04,CANDIDATE_ONLY_NOT_G5_MATCHED,False,False,False,0
60,52337,88790,ARRY,2015-05-04,CANDIDATE_ONLY_NOT_G5_MATCHED,False,False,False,0
60,52337,89509,XEC,2015-05-04,CANDIDATE_ONLY_NOT_G5_MATCHED,False,False,False,0
60,52337,89572,CEVA,2015-05-04,CANDIDATE_ONLY_NOT_G5_MATCHED,False,False,False,0
60,52337,90188,NUVA,2015-05-04,CANDIDATE_ONLY_NOT_G5_MATCHED,False,False,False,0
60,52337,90312,WLK,2015-05-04,CANDIDATE_ONLY_NOT_G5_MATCHED,False,False,False,0
60,52337,90925,FNF,2015-05-04,CANDIDATE_ONLY_NOT_G5_MATCHED,False,False,False,0
60,52337,92044,KS,2015-05-04,CANDIDATE_ONLY_NOT_G5_MATCHED,False,False,False,0
60,52337,93307,MERU,2015-05-04,CANDIDATE_ONLY_NOT_G5_MATCHED,False,False,False,0
60,52337,93428,BSFT,2015-05-04,CANDIDATE_ONLY_NOT_G5_MATCHED,False,False,False,0
61,53640,10302,CY,2012-01-26,CANDIDATE_ONLY_NOT_G5_MATCHED,False,False,False,0
61,53640,10397,WERN,2012-01-26,CANDIDATE_ONLY_NOT_G5_MATCHED,False,False,False,0
61,53640,11369,UBSI,2012-01-26,CANDIDATE_ONLY_NOT_G5_MATCHED,False,False,False,0
61,53640,11664,GDOT,2012-01-26,CANDIDATE_ONLY_NOT_G5_MATCHED,False,False,False,0
61,53640,18729,CL,2012-01-26,CANDIDATE_ONLY_NOT_G5_MATCHED,False,False,False,0
61,53640,20618,CRS,2012-01-26,CANDIDATE_ONLY_NOT_G5_MATCHED,False,False,False,0
61,53640,22592,MMM,2012-01-26,CANDIDATE_ONLY_NOT_G5_MATCHED,False,False,False,0
61,53640,24328,EQT,2012-01-26,CANDIDATE_ONLY_NOT_G5_MATCHED,False,False,False,0
61,53640,27684,AVT,2012-01-26,CANDIDATE_ONLY_NOT_G5_MATCHED,False,False,False,0
61,53640,27887,BAX,2012-01-26,CANDIDATE_ONLY_NOT_G5_MATCHED,False,False,False,0
61,53640,32540,ELX,2012-01-26,CANDIDATE_ONLY_NOT_G5_MATCHED,False,False,False,0
61,53640,32942,HUBB,2012-01-26,CANDIDATE_ONLY_NOT_G5_MATCHED,False,False,False,0
61,53640,42877,JBHT,2012-01-26,CANDIDATE_ONLY_NOT_G5_MATCHED,False,False,False,0
61,53640,52090,MKC,2012-01-26,CANDIDATE_ONLY_NOT_G5_MATCHED,False,False,False,0
61,53640,56611,NPBC,2012-01-26,CANDIDATE_ONLY_NOT_G5_MATCHED,False,False,False,0
61,53640,61743,DLX,2012-01-26,CANDIDATE_ONLY_NOT_G5_MATCHED,False,False,False,0
61,53640,62383,RYL,2012-01-26,CANDIDATE_ONLY_NOT_G5_MATCHED,False,False,False,0
61,53640,64135,WMS,2012-01-26,CANDIDATE_ONLY_NOT_G5_MATCHED,False,False,False,0
61,53640,64961,QSII,2012-01-26,CANDIDATE_ONLY_NOT_G5_MATCHED,False,False,False,0
61,53640,66093,T,2012-01-26,CANDIDATE_ONLY_NOT_G5_MATCHED,False,False,False,0
61,53640,70308,ARG,2012-01-26,CANDIDATE_ONLY_NOT_G5_MATCHED,False,False,False,0
61,53640,75215,CSH,2012-01-26,CANDIDATE_ONLY_NOT_G5_MATCHED,False,False,False,0
61,53640,75603,CRUS,2012-01-26,CANDIDATE_ONLY_NOT_G5_MATCHED,False,False,False,0
61,53640,76207,ACAT,2012-01-26,CANDIDATE_ONLY_NOT_G5_MATCHED,False,False,False,0
61,53640,76708,DV,2012-01-26,CANDIDATE_ONLY_NOT_G5_MATCHED,False,False,False,0
61,53640,76711,RGS,2012-01-26,CANDIDATE_ONLY_NOT_G5_MATCHED,False,False,False,0
61,53640,77702,SBUX,2012-01-26,CANDIDATE_ONLY_NOT_G5_MATCHED,False,False,False,0
61,53640,80080,EMN,2012-01-26,CANDIDATE_ONLY_NOT_G5_MATCHED,False,False,False,0
61,53640,80223,BPFH,2012-01-26,CANDIDATE_ONLY_NOT_G5_MATCHED,False,False,False,0
61,53640,80266,QLGC,2012-01-26,CANDIDATE_ONLY_NOT_G5_MATCHED,False,False,False,0
61,53640,80362,SCSC,2012-01-26,CANDIDATE_ONLY_NOT_G5_MATCHED,False,False,False,0
61,53640,81541,MBFI,2012-01-26,CANDIDATE_ONLY_NOT_G5_MATCHED,False,False,False,0
61,53640,83738,CASS,2012-01-26,CANDIDATE_ONLY_NOT_G5_MATCHED,False,False,False,0
61,53640,84342,MWW,2012-01-26,CANDIDATE_ONLY_NOT_G5_MATCHED,False,False,False,0
61,53640,84827,RMBS,2012-01-26,CANDIDATE_ONLY_NOT_G5_MATCHED,False,False,False,0
61,53640,87013,ARBA,2012-01-26,CANDIDATE_ONLY_NOT_G5_MATCHED,False,False,False,0
61,53640,87146,NST,2012-01-26,CANDIDATE_ONLY_NOT_G5_MATCHED,False,False,False,0
61,53640,87162,FLWS,2012-01-26,CANDIDATE_ONLY_NOT_G5_MATCHED,False,False,False,0
61,53640,87445,TDY,2012-01-26,CANDIDATE_ONLY_NOT_G5_MATCHED,False,False,False,0
61,53640,87652,LNBB,2012-01-26,CANDIDATE_ONLY_NOT_G5_MATCHED,False,False,False,0
61,53640,88287,DLA,2012-01-26,CANDIDATE_ONLY_NOT_G5_MATCHED,False,False,False,0
61,53640,88313,JNS,2012-01-26,CANDIDATE_ONLY_NOT_G5_MATCHED,False,False,False,0
61,53640,89387,CPSI,2012-01-26,CANDIDATE_ONLY_NOT_G5_MATCHED,False,False,False,0
61,53640,89922,TSRA,2012-01-26,CANDIDATE_ONLY_NOT_G5_MATCHED,False,False,False,0
61,53640,89941,TZOO,2012-01-26,CANDIDATE_ONLY_NOT_G5_MATCHED,False,False,False,0
61,53640,90535,DLLR,2012-01-26,CANDIDATE_ONLY_NOT_G5_MATCHED,False,False,False,0
61,53640,90730,HBOS,2012-01-26,CANDIDATE_ONLY_NOT_G5_MATCHED,False,False,False,0
61,53640,91485,RVBD,2012-01-26,CANDIDATE_ONLY_NOT_G5_MATCHED,False,False,False,0
61,53640,91883,TWC,2012-01-26,CANDIDATE_ONLY_NOT_G5_MATCHED,False,False,False,0
61,53640,91901,GSIT,2012-01-26,CANDIDATE_ONLY_NOT_G5_MATCHED,False,False,False,0
61,53640,92018,RRR,2012-01-26,CANDIDATE_ONLY_NOT_G5_MATCHED,False,False,False,0
61,53640,92195,BNCL,2012-01-26,CANDIDATE_ONLY_NOT_G5_MATCHED,False,False,False,0
61,53640,92890,MJN,2012-01-26,CANDIDATE_ONLY_NOT_G5_MATCHED,False,False,False,0
61,53640,93015,ART,2012-01-26,CANDIDATE_ONLY_NOT_G5_MATCHED,False,False,False,0
62,56274,14166,NVEE,2015-03-26,CANDIDATE_ONLY_NOT_G5_MATCHED,False,False,False,0
62,56274,30680,CMC,2015-03-26,CANDIDATE_ONLY_NOT_G5_MATCHED,False,False,False,0
62,56274,51086,WGO,2015-03-26,CANDIDATE_ONLY_NOT_G5_MATCHED,False,False,False,0
63,57665,11267,CATO,2015-03-19,CANDIDATE_ONLY_NOT_G5_MATCHED,False,False,False,0
63,57665,12080,GMAN,2015-03-19,CANDIDATE_ONLY_NOT_G5_MATCHED,False,False,False,0
63,57665,13858,RALY,2015-03-19,CANDIDATE_ONLY_NOT_G5_MATCHED,False,False,False,0
63,57665,14296,VNCE,2015-03-19,CANDIDATE_ONLY_NOT_G5_MATCHED,False,False,False,0
63,57665,52708,LEN,2015-03-19,CANDIDATE_ONLY_NOT_G5_MATCHED,False,False,False,0
64,57809,12008,DY,2015-05-19,CANDIDATE_ONLY_NOT_G5_MATCHED,False,False,False,0
64,57809,66181,HD,2015-05-19,CANDIDATE_ONLY_NOT_G5_MATCHED,False,False,False,0
64,57809,84348,VSAT,2015-05-19,CANDIDATE_ONLY_NOT_G5_MATCHED,False,False,False,0
64,57809,89540,DKS,2015-05-19,CANDIDATE_ONLY_NOT_G5_MATCHED,False,False,False,0
65,57817,11404,ED,2015-02-19,CANDIDATE_ONLY_NOT_G5_MATCHED,False,False,False,0
65,57817,13343,MRC,2015-02-19,CANDIDATE_ONLY_NOT_G5_MATCHED,False,False,False,0
65,57817,13577,HY,2015-02-19,CANDIDATE_ONLY_NOT_G5_MATCHED,False,False,False,0
65,57817,14318,NMIH,2015-02-19,CANDIDATE_ONLY_NOT_G5_MATCHED,False,False,False,0
65,57817,21928,IDA,2015-02-19,CANDIDATE_ONLY_NOT_G5_MATCHED,False,False,False,0
65,57817,23085,SCG,2015-02-19,CANDIDATE_ONLY_NOT_G5_MATCHED,False,False,False,0
65,57817,58675,PKD,2015-02-19,CANDIDATE_ONLY_NOT_G5_MATCHED,False,False,False,0
65,57817,61815,NBL,2015-02-19,CANDIDATE_ONLY_NOT_G5_MATCHED,False,False,False,0
65,57817,62498,WST,2015-02-19,CANDIDATE_ONLY_NOT_G5_MATCHED,False,False,False,0
65,57817,77496,MHK,2015-02-19,CANDIDATE_ONLY_NOT_G5_MATCHED,False,False,False,0
65,57817,77763,SPN,2015-02-19,CANDIDATE_ONLY_NOT_G5_MATCHED,False,False,False,0
65,57817,80864,RS,2015-02-19,CANDIDATE_ONLY_NOT_G5_MATCHED,False,False,False,0
65,57817,85792,PWR,2015-02-19,CANDIDATE_ONLY_NOT_G5_MATCHED,False,False,False,0
65,57817,86783,PCLN,2015-02-19,CANDIDATE_ONLY_NOT_G5_MATCHED,False,False,False,0
65,57817,86881,BRCD,2015-02-19,CANDIDATE_ONLY_NOT_G5_MATCHED,False,False,False,0
65,57817,87236,INAP,2015-02-19,CANDIDATE_ONLY_NOT_G5_MATCHED,False,False,False,0
65,57817,89875,ANIP,2015-02-19,CANDIDATE_ONLY_NOT_G5_MATCHED,False,False,False,0
65,57817,90605,UACL,2015-02-19,CANDIDATE_ONLY_NOT_G5_MATCHED,False,False,False,0
65,57817,91040,BAS,2015-02-19,CANDIDATE_ONLY_NOT_G5_MATCHED,False,False,False,0
65,57817,91186,VNDA,2015-02-19,CANDIDATE_ONLY_NOT_G5_MATCHED,False,False,False,0
65,57817,92320,SAAS,2015-02-19,CANDIDATE_ONLY_NOT_G5_MATCHED,False,False,False,0
65,57817,92326,CVI,2015-02-19,CANDIDATE_ONLY_NOT_G5_MATCHED,False,False,False,0
65,57817,92570,DAN,2015-02-19,CANDIDATE_ONLY_NOT_G5_MATCHED,False,False,False,0
65,57817,92808,DMRC,2015-02-19,CANDIDATE_ONLY_NOT_G5_MATCHED,False,False,False,0
65,57817,93035,SEM,2015-02-19,CANDIDATE_ONLY_NOT_G5_MATCHED,False,False,False,0
66,59192,10302,CY,2012-01-26,CANDIDATE_ONLY_NOT_G5_MATCHED,False,False,False,0
66,59192,10397,WERN,2012-01-26,CANDIDATE_ONLY_NOT_G5_MATCHED,False,False,False,0
66,59192,11369,UBSI,2012-01-26,CANDIDATE_ONLY_NOT_G5_MATCHED,False,False,False,0
66,59192,11664,GDOT,2012-01-26,CANDIDATE_ONLY_NOT_G5_MATCHED,False,False,False,0
66,59192,18729,CL,2012-01-26,CANDIDATE_ONLY_NOT_G5_MATCHED,False,False,False,0
66,59192,20618,CRS,2012-01-26,CANDIDATE_ONLY_NOT_G5_MATCHED,False,False,False,0
66,59192,22592,MMM,2012-01-26,CANDIDATE_ONLY_NOT_G5_MATCHED,False,False,False,0
66,59192,24328,EQT,2012-01-26,CANDIDATE_ONLY_NOT_G5_MATCHED,False,False,False,0
66,59192,27684,AVT,2012-01-26,CANDIDATE_ONLY_NOT_G5_MATCHED,False,False,False,0
66,59192,27887,BAX,2012-01-26,CANDIDATE_ONLY_NOT_G5_MATCHED,False,False,False,0
66,59192,32540,ELX,2012-01-26,CANDIDATE_ONLY_NOT_G5_MATCHED,False,False,False,0
66,59192,32942,HUBB,2012-01-26,CANDIDATE_ONLY_NOT_G5_MATCHED,False,False,False,0
66,59192,42877,JBHT,2012-01-26,CANDIDATE_ONLY_NOT_G5_MATCHED,False,False,False,0
66,59192,52090,MKC,2012-01-26,CANDIDATE_ONLY_NOT_G5_MATCHED,False,False,False,0
66,59192,56611,NPBC,2012-01-26,CANDIDATE_ONLY_NOT_G5_MATCHED,False,False,False,0
66,59192,61743,DLX,2012-01-26,CANDIDATE_ONLY_NOT_G5_MATCHED,False,False,False,0
66,59192,62383,RYL,2012-01-26,CANDIDATE_ONLY_NOT_G5_MATCHED,False,False,False,0
66,59192,64135,WMS,2012-01-26,CANDIDATE_ONLY_NOT_G5_MATCHED,False,False,False,0
66,59192,64961,QSII,2012-01-26,CANDIDATE_ONLY_NOT_G5_MATCHED,False,False,False,0
66,59192,66093,T,2012-01-26,CANDIDATE_ONLY_NOT_G5_MATCHED,False,False,False,0
66,59192,70308,ARG,2012-01-26,CANDIDATE_ONLY_NOT_G5_MATCHED,False,False,False,0
66,59192,75215,CSH,2012-01-26,CANDIDATE_ONLY_NOT_G5_MATCHED,False,False,False,0
66,59192,75603,CRUS,2012-01-26,CANDIDATE_ONLY_NOT_G5_MATCHED,False,False,False,0
66,59192,76207,ACAT,2012-01-26,CANDIDATE_ONLY_NOT_G5_MATCHED,False,False,False,0
66,59192,76708,DV,2012-01-26,CANDIDATE_ONLY_NOT_G5_MATCHED,False,False,False,0
66,59192,76711,RGS,2012-01-26,CANDIDATE_ONLY_NOT_G5_MATCHED,False,False,False,0
66,59192,77702,SBUX,2012-01-26,CANDIDATE_ONLY_NOT_G5_MATCHED,False,False,False,0
66,59192,80080,EMN,2012-01-26,CANDIDATE_ONLY_NOT_G5_MATCHED,False,False,False,0
66,59192,80223,BPFH,2012-01-26,CANDIDATE_ONLY_NOT_G5_MATCHED,False,False,False,0
66,59192,80266,QLGC,2012-01-26,CANDIDATE_ONLY_NOT_G5_MATCHED,False,False,False,0
66,59192,80362,SCSC,2012-01-26,CANDIDATE_ONLY_NOT_G5_MATCHED,False,False,False,0
66,59192,81541,MBFI,2012-01-26,CANDIDATE_ONLY_NOT_G5_MATCHED,False,False,False,0
66,59192,83738,CASS,2012-01-26,CANDIDATE_ONLY_NOT_G5_MATCHED,False,False,False,0
66,59192,84342,MWW,2012-01-26,CANDIDATE_ONLY_NOT_G5_MATCHED,False,False,False,0
66,59192,84827,RMBS,2012-01-26,CANDIDATE_ONLY_NOT_G5_MATCHED,False,False,False,0
66,59192,87013,ARBA,2012-01-26,CANDIDATE_ONLY_NOT_G5_MATCHED,False,False,False,0
66,59192,87146,NST,2012-01-26,CANDIDATE_ONLY_NOT_G5_MATCHED,False,False,False,0
66,59192,87162,FLWS,2012-01-26,CANDIDATE_ONLY_NOT_G5_MATCHED,False,False,False,0
66,59192,87445,TDY,2012-01-26,CANDIDATE_ONLY_NOT_G5_MATCHED,False,False,False,0
66,59192,87652,LNBB,2012-01-26,CANDIDATE_ONLY_NOT_G5_MATCHED,False,False,False,0
66,59192,88287,DLA,2012-01-26,CANDIDATE_ONLY_NOT_G5_MATCHED,False,False,False,0
66,59192,88313,JNS,2012-01-26,CANDIDATE_ONLY_NOT_G5_MATCHED,False,False,False,0
66,59192,89387,CPSI,2012-01-26,CANDIDATE_ONLY_NOT_G5_MATCHED,False,False,False,0
66,59192,89922,TSRA,2012-01-26,CANDIDATE_ONLY_NOT_G5_MATCHED,False,False,False,0
66,59192,89941,TZOO,2012-01-26,CANDIDATE_ONLY_NOT_G5_MATCHED,False,False,False,0
66,59192,90535,DLLR,2012-01-26,CANDIDATE_ONLY_NOT_G5_MATCHED,False,False,False,0
66,59192,90730,HBOS,2012-01-26,CANDIDATE_ONLY_NOT_G5_MATCHED,False,False,False,0
66,59192,91485,RVBD,2012-01-26,CANDIDATE_ONLY_NOT_G5_MATCHED,False,False,False,0
66,59192,91883,TWC,2012-01-26,CANDIDATE_ONLY_NOT_G5_MATCHED,False,False,False,0
66,59192,91901,GSIT,2012-01-26,CANDIDATE_ONLY_NOT_G5_MATCHED,False,False,False,0
66,59192,92018,RRR,2012-01-26,CANDIDATE_ONLY_NOT_G5_MATCHED,False,False,False,0
66,59192,92195,BNCL,2012-01-26,CANDIDATE_ONLY_NOT_G5_MATCHED,False,False,False,0
66,59192,92890,MJN,2012-01-26,CANDIDATE_ONLY_NOT_G5_MATCHED,False,False,False,0
66,59192,93015,ART,2012-01-26,CANDIDATE_ONLY_NOT_G5_MATCHED,False,False,False,0
67,60871,11891,MGM,2015-02-17,CANDIDATE_ONLY_NOT_G5_MATCHED,False,False,False,0
67,60871,16432,GT,2015-02-17,CANDIDATE_ONLY_NOT_G5_MATCHED,False,False,False,0
67,60871,23026,FE,2015-02-17,CANDIDATE_ONLY_NOT_G5_MATCHED,False,False,False,0
67,60871,42286,WWW,2015-02-17,CANDIDATE_ONLY_NOT_G5_MATCHED,False,False,False,0
67,60871,46674,GPC,2015-02-17,CANDIDATE_ONLY_NOT_G5_MATCHED,False,False,False,0
67,60871,48347,LZB,2015-02-17,CANDIDATE_ONLY_NOT_G5_MATCHED,False,False,False,0
67,60871,58771,RBC,2015-02-17,CANDIDATE_ONLY_NOT_G5_MATCHED,False,False,False,0
67,60871,63335,PES,2015-02-17,CANDIDATE_ONLY_NOT_G5_MATCHED,False,False,False,0
67,60871,80128,VMI,2015-02-17,CANDIDATE_ONLY_NOT_G5_MATCHED,False,False,False,0
67,60871,81678,LECO,2015-02-17,CANDIDATE_ONLY_NOT_G5_MATCHED,False,False,False,0
67,60871,82540,WLT,2015-02-17,CANDIDATE_ONLY_NOT_G5_MATCHED,False,False,False,0
67,60871,88203,VDSI,2015-02-17,CANDIDATE_ONLY_NOT_G5_MATCHED,False,False,False,0
67,60871,89509,XEC,2015-02-17,CANDIDATE_ONLY_NOT_G5_MATCHED,False,False,False,0
67,60871,92220,MASI,2015-02-17,CANDIDATE_ONLY_NOT_G5_MATCHED,False,False,False,0
67,60871,92765,RAX,2015-02-17,CANDIDATE_ONLY_NOT_G5_MATCHED,False,False,False,0
67,60871,93174,KAR,2015-02-17,CANDIDATE_ONLY_NOT_G5_MATCHED,False,False,False,0
68,60871,12008,DY,2015-05-19,CANDIDATE_ONLY_NOT_G5_MATCHED,False,False,False,0
68,60871,66181,HD,2015-05-19,CANDIDATE_ONLY_NOT_G5_MATCHED,False,False,False,0
68,60871,84348,VSAT,2015-05-19,CANDIDATE_ONLY_NOT_G5_MATCHED,False,False,False,0
68,60871,89540,DKS,2015-05-19,CANDIDATE_ONLY_NOT_G5_MATCHED,False,False,False,0
69,61241,10302,CY,2013-10-17,CANDIDATE_ONLY_NOT_G5_MATCHED,False,False,False,0
69,61241,10397,WERN,2013-10-17,CANDIDATE_ONLY_NOT_G5_MATCHED,False,False,False,0
69,61241,10629,FNB,2013-10-17,CANDIDATE_ONLY_NOT_G5_MATCHED,False,False,False,0
69,61241,11565,HBNC,2013-10-17,CANDIDATE_ONLY_NOT_G5_MATCHED,False,False,False,0
69,61241,12073,PBCT,2013-10-17,CANDIDATE_ONLY_NOT_G5_MATCHED,False,False,False,0
69,61241,15318,ASBC,2013-10-17,CANDIDATE_ONLY_NOT_G5_MATCHED,False,False,False,0
69,61241,17961,BGG,2013-10-17,CANDIDATE_ONLY_NOT_G5_MATCHED,False,False,False,0
69,61241,22509,PPG,2013-10-17,CANDIDATE_ONLY_NOT_G5_MATCHED,False,False,False,0
69,61241,25953,DOV,2013-10-17,CANDIDATE_ONLY_NOT_G5_MATCHED,False,False,False,0
69,61241,27887,BAX,2013-10-17,CANDIDATE_ONLY_NOT_G5_MATCHED,False,False,False,0
69,61241,34746,FITB,2013-10-17,CANDIDATE_ONLY_NOT_G5_MATCHED,False,False,False,0
69,61241,34817,NUE,2013-10-17,CANDIDATE_ONLY_NOT_G5_MATCHED,False,False,False,0
69,61241,35554,MTB,2013-10-17,CANDIDATE_ONLY_NOT_G5_MATCHED,False,False,False,0
69,61241,42906,HBAN,2013-10-17,CANDIDATE_ONLY_NOT_G5_MATCHED,False,False,False,0
69,61241,44951,SVU,2013-10-17,CANDIDATE_ONLY_NOT_G5_MATCHED,False,False,False,0
69,61241,48725,UNP,2013-10-17,CANDIDATE_ONLY_NOT_G5_MATCHED,False,False,False,0
69,61241,49680,DHR,2013-10-17,CANDIDATE_ONLY_NOT_G5_MATCHED,False,False,False,0
69,61241,51086,WGO,2013-10-17,CANDIDATE_ONLY_NOT_G5_MATCHED,False,False,False,0
69,61241,59619,SXT,2013-10-17,CANDIDATE_ONLY_NOT_G5_MATCHED,False,False,False,0
69,61241,60206,SNA,2013-10-17,CANDIDATE_ONLY_NOT_G5_MATCHED,False,False,False,0
69,61241,65875,VZ,2013-10-17,CANDIDATE_ONLY_NOT_G5_MATCHED,False,False,False,0
69,61241,71176,SON,2013-10-17,CANDIDATE_ONLY_NOT_G5_MATCHED,False,False,False,0
69,61241,71563,BBT,2013-10-17,CANDIDATE_ONLY_NOT_G5_MATCHED,False,False,False,0
69,61241,77425,USAK,2013-10-17,CANDIDATE_ONLY_NOT_G5_MATCHED,False,False,False,0
69,61241,79072,BANF,2013-10-17,CANDIDATE_ONLY_NOT_G5_MATCHED,False,False,False,0
69,61241,79628,UTEK,2013-10-17,CANDIDATE_ONLY_NOT_G5_MATCHED,False,False,False,0
69,61241,79824,FFIN,2013-10-17,CANDIDATE_ONLY_NOT_G5_MATCHED,False,False,False,0
69,61241,80128,VMI,2013-10-17,CANDIDATE_ONLY_NOT_G5_MATCHED,False,False,False,0
69,61241,80223,BPFH,2013-10-17,CANDIDATE_ONLY_NOT_G5_MATCHED,False,False,False,0
69,61241,80563,PENN,2013-10-17,CANDIDATE_ONLY_NOT_G5_MATCHED,False,False,False,0
69,61241,81055,COF,2013-10-17,CANDIDATE_ONLY_NOT_G5_MATCHED,False,False,False,0
69,61241,81294,WDFC,2013-10-17,CANDIDATE_ONLY_NOT_G5_MATCHED,False,False,False,0
69,61241,81541,MBFI,2013-10-17,CANDIDATE_ONLY_NOT_G5_MATCHED,False,False,False,0
69,61241,83272,HUBG,2013-10-17,CANDIDATE_ONLY_NOT_G5_MATCHED,False,False,False,0
69,61241,84373,DGX,2013-10-17,CANDIDATE_ONLY_NOT_G5_MATCHED,False,False,False,0
69,61241,84769,APH,2013-10-17,CANDIDATE_ONLY_NOT_G5_MATCHED,False,False,False,0
69,61241,84827,RMBS,2013-10-17,CANDIDATE_ONLY_NOT_G5_MATCHED,False,False,False,0
69,61241,86157,COBZ,2013-10-17,CANDIDATE_ONLY_NOT_G5_MATCHED,False,False,False,0
69,61241,86868,GS,2013-10-17,CANDIDATE_ONLY_NOT_G5_MATCHED,False,False,False,0
69,61241,87020,PVTB,2013-10-17,CANDIDATE_ONLY_NOT_G5_MATCHED,False,False,False,0
69,61241,87139,FCS,2013-10-17,CANDIDATE_ONLY_NOT_G5_MATCHED,False,False,False,0
69,61241,87179,NTCT,2013-10-17,CANDIDATE_ONLY_NOT_G5_MATCHED,False,False,False,0
69,61241,87725,IIIN,2013-10-17,CANDIDATE_ONLY_NOT_G5_MATCHED,False,False,False,0
69,61241,88331,CPHD,2013-10-17,CANDIDATE_ONLY_NOT_G5_MATCHED,False,False,False,0
69,61241,88991,BTU,2013-10-17,CANDIDATE_ONLY_NOT_G5_MATCHED,False,False,False,0
69,61241,89002,ADS,2013-10-17,CANDIDATE_ONLY_NOT_G5_MATCHED,False,False,False,0
69,61241,89611,ACTG,2013-10-17,CANDIDATE_ONLY_NOT_G5_MATCHED,False,False,False,0
69,61241,89642,BBNK,2013-10-17,CANDIDATE_ONLY_NOT_G5_MATCHED,False,False,False,0
69,61241,89941,TZOO,2013-10-17,CANDIDATE_ONLY_NOT_G5_MATCHED,False,False,False,0
69,61241,90164,GHL,2013-10-17,CANDIDATE_ONLY_NOT_G5_MATCHED,False,False,False,0
69,61241,90776,WAL,2013-10-17,CANDIDATE_ONLY_NOT_G5_MATCHED,False,False,False,0
69,61241,90824,UBNK,2013-10-17,CANDIDATE_ONLY_NOT_G5_MATCHED,False,False,False,0
69,61241,91068,CMG,2013-10-17,CANDIDATE_ONLY_NOT_G5_MATCHED,False,False,False,0
69,61241,91977,BGS,2013-10-17,CANDIDATE_ONLY_NOT_G5_MATCHED,False,False,False,0
69,61241,92655,UNH,2013-10-17,CANDIDATE_ONLY_NOT_G5_MATCHED,False,False,False,0
70,61516,10180,AKRX,2013-05-07,CANDIDATE_ONLY_NOT_G5_MATCHED,False,False,False,0
70,61516,10220,BWC,2013-05-07,CANDIDATE_ONLY_NOT_G5_MATCHED,False,False,False,0
70,61516,11995,COKE,2013-05-07,CANDIDATE_ONLY_NOT_G5_MATCHED,False,False,False,0
70,61516,12009,QUAD,2013-05-07,CANDIDATE_ONLY_NOT_G5_MATCHED,False,False,False,0
70,61516,12308,CHTR,2013-05-07,CANDIDATE_ONLY_NOT_G5_MATCHED,False,False,False,0
70,61516,12446,FXCM,2013-05-07,CANDIDATE_ONLY_NOT_G5_MATCHED,False,False,False,0
70,61516,12521,DMD,2013-05-07,CANDIDATE_ONLY_NOT_G5_MATCHED,False,False,False,0
70,61516,13019,GNE,2013-05-07,CANDIDATE_ONLY_NOT_G5_MATCHED,False,False,False,0
70,61516,13107,CLVS,2013-05-07,CANDIDATE_ONLY_NOT_G5_MATCHED,False,False,False,0
70,61516,13139,SN,2013-05-07,CANDIDATE_ONLY_NOT_G5_MATCHED,False,False,False,0
70,61516,13292,DWRE,2013-05-07,CANDIDATE_ONLY_NOT_G5_MATCHED,False,False,False,0
70,61516,13299,NSM,2013-05-07,CANDIDATE_ONLY_NOT_G5_MATCHED,False,False,False,0
70,61516,17523,SPA,2013-05-07,CANDIDATE_ONLY_NOT_G5_MATCHED,False,False,False,0
70,61516,22103,EMR,2013-05-07,CANDIDATE_ONLY_NOT_G5_MATCHED,False,False,False,0
70,61516,22921,CKP,2013-05-07,CANDIDATE_ONLY_NOT_G5_MATCHED,False,False,False,0
70,61516,23026,FE,2013-05-07,CANDIDATE_ONLY_NOT_G5_MATCHED,False,False,False,0
70,61516,26403,DIS,2013-05-07,CANDIDATE_ONLY_NOT_G5_MATCHED,False,False,False,0
70,61516,29050,DWSN,2013-05-07,CANDIDATE_ONLY_NOT_G5_MATCHED,False,False,False,0
70,61516,32054,ESIO,2013-05-07,CANDIDATE_ONLY_NOT_G5_MATCHED,False,False,False,0
70,61516,32803,HFC,2013-05-07,CANDIDATE_ONLY_NOT_G5_MATCHED,False,False,False,0
70,61516,38156,WMB,2013-05-07,CANDIDATE_ONLY_NOT_G5_MATCHED,False,False,False,0
70,61516,40272,IFF,2013-05-07,CANDIDATE_ONLY_NOT_G5_MATCHED,False,False,False,0
70,61516,42024,OMX,2013-05-07,CANDIDATE_ONLY_NOT_G5_MATCHED,False,False,False,0
70,61516,47423,DFZ,2013-05-07,CANDIDATE_ONLY_NOT_G5_MATCHED,False,False,False,0
70,61516,48531,LNCE,2013-05-07,CANDIDATE_ONLY_NOT_G5_MATCHED,False,False,False,0
70,61516,50278,URS,2013-05-07,CANDIDATE_ONLY_NOT_G5_MATCHED,False,False,False,0
70,61516,63715,POWL,2013-05-07,CANDIDATE_ONLY_NOT_G5_MATCHED,False,False,False,0
70,61516,63781,UNT,2013-05-07,CANDIDATE_ONLY_NOT_G5_MATCHED,False,False,False,0
70,61516,65154,BLT,2013-05-07,CANDIDATE_ONLY_NOT_G5_MATCHED,False,False,False,0
70,61516,75222,AXLL,2013-05-07,CANDIDATE_ONLY_NOT_G5_MATCHED,False,False,False,0
70,61516,75526,AFAM,2013-05-07,CANDIDATE_ONLY_NOT_G5_MATCHED,False,False,False,0
70,61516,75828,EA,2013-05-07,CANDIDATE_ONLY_NOT_G5_MATCHED,False,False,False,0
70,61516,77043,SWS,2013-05-07,CANDIDATE_ONLY_NOT_G5_MATCHED,False,False,False,0
70,61516,77900,CVU,2013-05-07,CANDIDATE_ONLY_NOT_G5_MATCHED,False,False,False,0
70,61516,78147,MNTG,2013-05-07,CANDIDATE_ONLY_NOT_G5_MATCHED,False,False,False,0
70,61516,78186,PQ,2013-05-07,CANDIDATE_ONLY_NOT_G5_MATCHED,False,False,False,0
70,61516,79248,THRM,2013-05-07,CANDIDATE_ONLY_NOT_G5_MATCHED,False,False,False,0
70,61516,79267,CXPO,2013-05-07,CANDIDATE_ONLY_NOT_G5_MATCHED,False,False,False,0
70,61516,79299,PZZA,2013-05-07,CANDIDATE_ONLY_NOT_G5_MATCHED,False,False,False,0
70,61516,79338,SGMS,2013-05-07,CANDIDATE_ONLY_NOT_G5_MATCHED,False,False,False,0
70,61516,79586,FTEK,2013-05-07,CANDIDATE_ONLY_NOT_G5_MATCHED,False,False,False,0
70,61516,80034,SHOO,2013-05-07,CANDIDATE_ONLY_NOT_G5_MATCHED,False,False,False,0
70,61516,80185,PLT,2013-05-07,CANDIDATE_ONLY_NOT_G5_MATCHED,False,False,False,0
70,61516,80306,BCRX,2013-05-07,CANDIDATE_ONLY_NOT_G5_MATCHED,False,False,False,0
70,61516,80343,NNBR,2013-05-07,CANDIDATE_ONLY_NOT_G5_MATCHED,False,False,False,0
70,61516,80918,ARIA,2013-05-07,CANDIDATE_ONLY_NOT_G5_MATCHED,False,False,False,0
70,61516,81061,MCK,2013-05-07,CANDIDATE_ONLY_NOT_G5_MATCHED,False,False,False,0
70,61516,82156,DSCO,2013-05-07,CANDIDATE_ONLY_NOT_G5_MATCHED,False,False,False,0
70,61516,82307,DVA,2013-05-07,CANDIDATE_ONLY_NOT_G5_MATCHED,False,False,False,0
70,61516,82581,HSIC,2013-05-07,CANDIDATE_ONLY_NOT_G5_MATCHED,False,False,False,0
70,61516,83112,ANDE,2013-05-07,CANDIDATE_ONLY_NOT_G5_MATCHED,False,False,False,0
70,61516,83113,ARTC,2013-05-07,CANDIDATE_ONLY_NOT_G5_MATCHED,False,False,False,0
70,61516,83411,EPM,2013-05-07,CANDIDATE_ONLY_NOT_G5_MATCHED,False,False,False,0
70,61516,83469,ARTNA,2013-05-07,CANDIDATE_ONLY_NOT_G5_MATCHED,False,False,False,0
70,61516,83856,CSV,2013-05-07,CANDIDATE_ONLY_NOT_G5_MATCHED,False,False,False,0
70,61516,85459,CHRW,2013-05-07,CANDIDATE_ONLY_NOT_G5_MATCHED,False,False,False,0
70,61516,85511,GEVA,2013-05-07,CANDIDATE_ONLY_NOT_G5_MATCHED,False,False,False,0
70,61516,85889,SRDX,2013-05-07,CANDIDATE_ONLY_NOT_G5_MATCHED,False,False,False,0
70,61516,85939,RLH,2013-05-07,CANDIDATE_ONLY_NOT_G5_MATCHED,False,False,False,0
70,61516,85951,OME,2013-05-07,CANDIDATE_ONLY_NOT_G5_MATCHED,False,False,False,0
70,61516,86048,HCKT,2013-05-07,CANDIDATE_ONLY_NOT_G5_MATCHED,False,False,False,0
70,61516,86593,GBL,2013-05-07,CANDIDATE_ONLY_NOT_G5_MATCHED,False,False,False,0
70,61516,86993,PTRY,2013-05-07,CANDIDATE_ONLY_NOT_G5_MATCHED,False,False,False,0
70,61516,87321,GAIA,2013-05-07,CANDIDATE_ONLY_NOT_G5_MATCHED,False,False,False,0
70,61516,88159,EXEL,2013-05-07,CANDIDATE_ONLY_NOT_G5_MATCHED,False,False,False,0
70,61516,88207,VCLK,2013-05-07,CANDIDATE_ONLY_NOT_G5_MATCHED,False,False,False,0
70,61516,88434,INFI,2013-05-07,CANDIDATE_ONLY_NOT_G5_MATCHED,False,False,False,0
70,61516,88451,KERX,2013-05-07,CANDIDATE_ONLY_NOT_G5_MATCHED,False,False,False,0
70,61516,88807,NVTL,2013-05-07,CANDIDATE_ONLY_NOT_G5_MATCHED,False,False,False,0
70,61516,88810,RIGL,2013-05-07,CANDIDATE_ONLY_NOT_G5_MATCHED,False,False,False,0
70,61516,88949,SGEN,2013-05-07,CANDIDATE_ONLY_NOT_G5_MATCHED,False,False,False,0
70,61516,89006,MDLZ,2013-05-07,CANDIDATE_ONLY_NOT_G5_MATCHED,False,False,False,0
70,61516,89167,CCRN,2013-05-07,CANDIDATE_ONLY_NOT_G5_MATCHED,False,False,False,0
70,61516,89297,CCOI,2013-05-07,CANDIDATE_ONLY_NOT_G5_MATCHED,False,False,False,0
70,61516,89329,CQB,2013-05-07,CANDIDATE_ONLY_NOT_G5_MATCHED,False,False,False,0
70,61516,89497,ARB,2013-05-07,CANDIDATE_ONLY_NOT_G5_MATCHED,False,False,False,0
70,61516,89509,XEC,2013-05-07,CANDIDATE_ONLY_NOT_G5_MATCHED,False,False,False,0
70,61516,89954,DTV,2013-05-07,CANDIDATE_ONLY_NOT_G5_MATCHED,False,False,False,0
70,61516,90071,NRG,2013-05-07,CANDIDATE_ONLY_NOT_G5_MATCHED,False,False,False,0
70,61516,90177,ACAD,2013-05-07,CANDIDATE_ONLY_NOT_G5_MATCHED,False,False,False,0
70,61516,90404,CLMS,2013-05-07,CANDIDATE_ONLY_NOT_G5_MATCHED,False,False,False,0
70,61516,90444,ORA,2013-05-07,CANDIDATE_ONLY_NOT_G5_MATCHED,False,False,False,0
70,61516,90533,WTI,2013-05-07,CANDIDATE_ONLY_NOT_G5_MATCHED,False,False,False,0
70,61516,90805,DISCA,2013-05-07,CANDIDATE_ONLY_NOT_G5_MATCHED,False,False,False,0
70,61516,90885,GCA,2013-05-07,CANDIDATE_ONLY_NOT_G5_MATCHED,False,False,False,0
70,61516,90914,WBMD,2013-05-07,CANDIDATE_ONLY_NOT_G5_MATCHED,False,False,False,0
70,61516,91041,LYV,2013-05-07,CANDIDATE_ONLY_NOT_G5_MATCHED,False,False,False,0
70,61516,91099,NTLS,2013-05-07,CANDIDATE_ONLY_NOT_G5_MATCHED,False,False,False,0
70,61516,91152,TDG,2013-05-07,CANDIDATE_ONLY_NOT_G5_MATCHED,False,False,False,0
70,61516,91184,TRGT,2013-05-07,CANDIDATE_ONLY_NOT_G5_MATCHED,False,False,False,0
70,61516,91434,OSIR,2013-05-07,CANDIDATE_ONLY_NOT_G5_MATCHED,False,False,False,0
70,61516,91665,GLDD,2013-05-07,CANDIDATE_ONLY_NOT_G5_MATCHED,False,False,False,0
70,61516,91678,TAST,2013-05-07,CANDIDATE_ONLY_NOT_G5_MATCHED,False,False,False,0
70,61516,91727,TA,2013-05-07,CANDIDATE_ONLY_NOT_G5_MATCHED,False,False,False,0
70,61516,91814,ARAY,2013-05-07,CANDIDATE_ONLY_NOT_G5_MATCHED,False,False,False,0
70,61516,91915,CNK,2013-05-07,CANDIDATE_ONLY_NOT_G5_MATCHED,False,False,False,0
70,61516,91975,ACM,2013-05-07,CANDIDATE_ONLY_NOT_G5_MATCHED,False,False,False,0
70,61516,92021,SLH,2013-05-07,CANDIDATE_ONLY_NOT_G5_MATCHED,False,False,False,0
70,61516,92044,KS,2013-05-07,CANDIDATE_ONLY_NOT_G5_MATCHED,False,False,False,0
70,61516,92226,SCMP,2013-05-07,CANDIDATE_ONLY_NOT_G5_MATCHED,False,False,False,0
70,61516,92421,SD,2013-05-07,CANDIDATE_ONLY_NOT_G5_MATCHED,False,False,False,0
70,61516,92448,RBCN,2013-05-07,CANDIDATE_ONLY_NOT_G5_MATCHED,False,False,False,0
70,61516,92502,KW,2013-05-07,CANDIDATE_ONLY_NOT_G5_MATCHED,False,False,False,0
70,61516,92773,PRIM,2013-05-07,CANDIDATE_ONLY_NOT_G5_MATCHED,False,False,False,0
70,61516,92852,LOPE,2013-05-07,CANDIDATE_ONLY_NOT_G5_MATCHED,False,False,False,0
70,61516,93071,VSI,2013-05-07,CANDIDATE_ONLY_NOT_G5_MATCHED,False,False,False,0
70,61516,93223,TW,2013-05-07,CANDIDATE_ONLY_NOT_G5_MATCHED,False,False,False,0
70,61516,93230,ESSX,2013-05-07,CANDIDATE_ONLY_NOT_G5_MATCHED,False,False,False,0
70,61516,93305,FNGN,2013-05-07,CANDIDATE_ONLY_NOT_G5_MATCHED,False,False,False,0
70,61516,93330,PRI,2013-05-07,CANDIDATE_ONLY_NOT_G5_MATCHED,False,False,False,0
70,61516,93345,CDXS,2013-05-07,CANDIDATE_ONLY_NOT_G5_MATCHED,False,False,False,0
70,61516,93392,FURX,2013-05-07,CANDIDATE_ONLY_NOT_G5_MATCHED,False,False,False,0
70,61516,93418,ONE,2013-05-07,CANDIDATE_ONLY_NOT_G5_MATCHED,False,False,False,0
70,61516,93420,OAS,2013-05-07,CANDIDATE_ONLY_NOT_G5_MATCHED,False,False,False,0
70,61516,93426,VPG,2013-05-07,CANDIDATE_ONLY_NOT_G5_MATCHED,False,False,False,0
71,66683,10308,TMP,2012-01-25,CANDIDATE_ONLY_NOT_G5_MATCHED,False,False,False,0
71,66683,10530,VIVO,2012-01-25,CANDIDATE_ONLY_NOT_G5_MATCHED,False,False,False,0
71,66683,13928,COP,2012-01-25,CANDIDATE_ONLY_NOT_G5_MATCHED,False,False,False,0
71,66683,17929,UGI,2012-01-25,CANDIDATE_ONLY_NOT_G5_MATCHED,False,False,False,0
71,66683,21186,MWV,2012-01-25,CANDIDATE_ONLY_NOT_G5_MATCHED,False,False,False,0
71,66683,21776,EXC,2012-01-25,CANDIDATE_ONLY_NOT_G5_MATCHED,False,False,False,0
71,66683,22293,GLW,2012-01-25,CANDIDATE_ONLY_NOT_G5_MATCHED,False,False,False,0
71,66683,22779,MSI,2012-01-25,CANDIDATE_ONLY_NOT_G5_MATCHED,False,False,False,0
71,66683,23579,TXT,2012-01-25,CANDIDATE_ONLY_NOT_G5_MATCHED,False,False,False,0
71,66683,26470,EGN,2012-01-25,CANDIDATE_ONLY_NOT_G5_MATCHED,False,False,False,0
71,66683,28345,MUR,2012-01-25,CANDIDATE_ONLY_NOT_G5_MATCHED,False,False,False,0
71,66683,28564,CTS,2012-01-25,CANDIDATE_ONLY_NOT_G5_MATCHED,False,False,False,0
71,66683,34833,OXY,2012-01-25,CANDIDATE_ONLY_NOT_G5_MATCHED,False,False,False,0
71,66683,43123,ATI,2012-01-25,CANDIDATE_ONLY_NOT_G5_MATCHED,False,False,False,0
71,66683,43350,SWK,2012-01-25,CANDIDATE_ONLY_NOT_G5_MATCHED,False,False,False,0
71,66683,51369,TER,2012-01-25,CANDIDATE_ONLY_NOT_G5_MATCHED,False,False,False,0
71,66683,61567,HXL,2012-01-25,CANDIDATE_ONLY_NOT_G5_MATCHED,False,False,False,0
71,66683,65294,RLI,2012-01-25,CANDIDATE_ONLY_NOT_G5_MATCHED,False,False,False,0
71,66683,68591,STJ,2012-01-25,CANDIDATE_ONLY_NOT_G5_MATCHED,False,False,False,0
71,66683,73809,SUSQ,2012-01-25,CANDIDATE_ONLY_NOT_G5_MATCHED,False,False,False,0
71,66683,75182,PII,2012-01-25,CANDIDATE_ONLY_NOT_G5_MATCHED,False,False,False,0
71,66683,75912,PMTC,2012-01-25,CANDIDATE_ONLY_NOT_G5_MATCHED,False,False,False,0
71,66683,76234,MOLXA,2012-01-25,CANDIDATE_ONLY_NOT_G5_MATCHED,False,False,False,0
71,66683,77768,PX,2012-01-25,CANDIDATE_ONLY_NOT_G5_MATCHED,False,False,False,0
71,66683,79013,SYBT,2012-01-25,CANDIDATE_ONLY_NOT_G5_MATCHED,False,False,False,0
71,66683,79859,NYB,2012-01-25,CANDIDATE_ONLY_NOT_G5_MATCHED,False,False,False,0
71,66683,80113,CGI,2012-01-25,CANDIDATE_ONLY_NOT_G5_MATCHED,False,False,False,0
71,66683,80987,KNX,2012-01-25,CANDIDATE_ONLY_NOT_G5_MATCHED,False,False,False,0
71,66683,82575,BANR,2012-01-25,CANDIDATE_ONLY_NOT_G5_MATCHED,False,False,False,0
71,66683,82618,SNDK,2012-01-25,CANDIDATE_ONLY_NOT_G5_MATCHED,False,False,False,0
71,66683,82686,CTXS,2012-01-25,CANDIDATE_ONLY_NOT_G5_MATCHED,False,False,False,0
71,66683,83862,ETFC,2012-01-25,CANDIDATE_ONLY_NOT_G5_MATCHED,False,False,False,0
71,66683,84381,ROK,2012-01-25,CANDIDATE_ONLY_NOT_G5_MATCHED,False,False,False,0
71,66683,85663,URI,2012-01-25,CANDIDATE_ONLY_NOT_G5_MATCHED,False,False,False,0
71,66683,85860,BRKL,2012-01-25,CANDIDATE_ONLY_NOT_G5_MATCHED,False,False,False,0
71,66683,86004,UMPQ,2012-01-25,CANDIDATE_ONLY_NOT_G5_MATCHED,False,False,False,0
71,66683,87812,SLAB,2012-01-25,CANDIDATE_ONLY_NOT_G5_MATCHED,False,False,False,0
71,66683,89179,WLP,2012-01-25,CANDIDATE_ONLY_NOT_G5_MATCHED,False,False,False,0
71,66683,89968,PJC,2012-01-25,CANDIDATE_ONLY_NOT_G5_MATCHED,False,False,False,0
71,66683,90893,LCC,2012-01-25,CANDIDATE_ONLY_NOT_G5_MATCHED,False,False,False,0
71,66683,91959,ESSA,2012-01-25,CANDIDATE_ONLY_NOT_G5_MATCHED,False,False,False,0
72,70332,11378,CCC,2013-05-06,CANDIDATE_ONLY_NOT_G5_MATCHED,False,False,False,0
72,70332,11478,BRY,2013-05-06,CANDIDATE_ONLY_NOT_G5_MATCHED,False,False,False,0
72,70332,11691,MATX,2013-05-06,CANDIDATE_ONLY_NOT_G5_MATCHED,False,False,False,0
72,70332,12501,FRP,2013-05-06,CANDIDATE_ONLY_NOT_G5_MATCHED,False,False,False,0
72,70332,12591,APO,2013-05-06,CANDIDATE_ONLY_NOT_G5_MATCHED,False,False,False,0
72,70332,12688,FRNK,2013-05-06,CANDIDATE_ONLY_NOT_G5_MATCHED,False,False,False,0
72,70332,12747,NMFC,2013-05-06,CANDIDATE_ONLY_NOT_G5_MATCHED,False,False,False,0
72,70332,13227,GWAY,2013-05-06,CANDIDATE_ONLY_NOT_G5_MATCHED,False,False,False,0
72,70332,13265,CUI,2013-05-06,CANDIDATE_ONLY_NOT_G5_MATCHED,False,False,False,0
72,70332,13349,MPO,2013-05-06,CANDIDATE_ONLY_NOT_G5_MATCHED,False,False,False,0
72,70332,23887,FTR,2013-05-06,CANDIDATE_ONLY_NOT_G5_MATCHED,False,False,False,0
72,70332,37217,LDR,2013-05-06,CANDIDATE_ONLY_NOT_G5_MATCHED,False,False,False,0
72,70332,37234,FST,2013-05-06,CANDIDATE_ONLY_NOT_G5_MATCHED,False,False,False,0
72,70332,47706,FSS,2013-05-06,CANDIDATE_ONLY_NOT_G5_MATCHED,False,False,False,0
72,70332,49488,LXU,2013-05-06,CANDIDATE_ONLY_NOT_G5_MATCHED,False,False,False,0
72,70332,55511,PNM,2013-05-06,CANDIDATE_ONLY_NOT_G5_MATCHED,False,False,False,0
72,70332,57509,GDP,2013-05-06,CANDIDATE_ONLY_NOT_G5_MATCHED,False,False,False,0
72,70332,63132,DCO,2013-05-06,CANDIDATE_ONLY_NOT_G5_MATCHED,False,False,False,0
72,70332,64135,WMS,2013-05-06,CANDIDATE_ONLY_NOT_G5_MATCHED,False,False,False,0
72,70332,64486,PL,2013-05-06,CANDIDATE_ONLY_NOT_G5_MATCHED,False,False,False,0
72,70332,71271,Y,2013-05-06,CANDIDATE_ONLY_NOT_G5_MATCHED,False,False,False,0
72,70332,75825,EOG,2013-05-06,CANDIDATE_ONLY_NOT_G5_MATCHED,False,False,False,0
72,70332,76095,HOLX,2013-05-06,CANDIDATE_ONLY_NOT_G5_MATCHED,False,False,False,0
72,70332,76838,PRA,2013-05-06,CANDIDATE_ONLY_NOT_G5_MATCHED,False,False,False,0
72,70332,77300,SMG,2013-05-06,CANDIDATE_ONLY_NOT_G5_MATCHED,False,False,False,0
72,70332,77425,USAK,2013-05-06,CANDIDATE_ONLY_NOT_G5_MATCHED,False,False,False,0
72,70332,79444,SGY,2013-05-06,CANDIDATE_ONLY_NOT_G5_MATCHED,False,False,False,0
72,70332,80012,PLNR,2013-05-06,CANDIDATE_ONLY_NOT_G5_MATCHED,False,False,False,0
72,70332,80254,MINI,2013-05-06,CANDIDATE_ONLY_NOT_G5_MATCHED,False,False,False,0
72,70332,83565,TAXI,2013-05-06,CANDIDATE_ONLY_NOT_G5_MATCHED,False,False,False,0
72,70332,84176,SSP,2013-05-06,CANDIDATE_ONLY_NOT_G5_MATCHED,False,False,False,0
72,70332,85419,CSU,2013-05-06,CANDIDATE_ONLY_NOT_G5_MATCHED,False,False,False,0
72,70332,85724,CECO,2013-05-06,CANDIDATE_ONLY_NOT_G5_MATCHED,False,False,False,0
72,70332,86889,NLS,2013-05-06,CANDIDATE_ONLY_NOT_G5_MATCHED,False,False,False,0
72,70332,86926,TWTC,2013-05-06,CANDIDATE_ONLY_NOT_G5_MATCHED,False,False,False,0
72,70332,87264,ININ,2013-05-06,CANDIDATE_ONLY_NOT_G5_MATCHED,False,False,False,0
72,70332,88790,ARRY,2013-05-06,CANDIDATE_ONLY_NOT_G5_MATCHED,False,False,False,0
72,70332,89386,CKEC,2013-05-06,CANDIDATE_ONLY_NOT_G5_MATCHED,False,False,False,0
72,70332,89575,SAFT,2013-05-06,CANDIDATE_ONLY_NOT_G5_MATCHED,False,False,False,0
72,70332,90037,HTH,2013-05-06,CANDIDATE_ONLY_NOT_G5_MATCHED,False,False,False,0
72,70332,90178,ALNY,2013-05-06,CANDIDATE_ONLY_NOT_G5_MATCHED,False,False,False,0
72,70332,90227,LBTYA,2013-05-06,CANDIDATE_ONLY_NOT_G5_MATCHED,False,False,False,0
72,70332,90312,WLK,2013-05-06,CANDIDATE_ONLY_NOT_G5_MATCHED,False,False,False,0
72,70332,90333,SNTS,2013-05-06,CANDIDATE_ONLY_NOT_G5_MATCHED,False,False,False,0
72,70332,90792,PIKE,2013-05-06,CANDIDATE_ONLY_NOT_G5_MATCHED,False,False,False,0
72,70332,91611,FSLR,2013-05-06,CANDIDATE_ONLY_NOT_G5_MATCHED,False,False,False,0
72,70332,92010,JMP,2013-05-06,CANDIDATE_ONLY_NOT_G5_MATCHED,False,False,False,0
72,70332,92020,SKH,2013-05-06,CANDIDATE_ONLY_NOT_G5_MATCHED,False,False,False,0
72,70332,92232,ZINC,2013-05-06,CANDIDATE_ONLY_NOT_G5_MATCHED,False,False,False,0
72,70332,92601,NOG,2013-05-06,CANDIDATE_ONLY_NOT_G5_MATCHED,False,False,False,0
72,70332,92619,GTE,2013-05-06,CANDIDATE_ONLY_NOT_G5_MATCHED,False,False,False,0
72,70332,92772,IILG,2013-05-06,CANDIDATE_ONLY_NOT_G5_MATCHED,False,False,False,0
72,70332,92902,BPI,2013-05-06,CANDIDATE_ONLY_NOT_G5_MATCHED,False,False,False,0
72,70332,93015,ART,2013-05-06,CANDIDATE_ONLY_NOT_G5_MATCHED,False,False,False,0
72,70332,93031,REN,2013-05-06,CANDIDATE_ONLY_NOT_G5_MATCHED,False,False,False,0
73,70616,10308,TMP,2012-01-25,CANDIDATE_ONLY_NOT_G5_MATCHED,False,False,False,0
73,70616,10530,VIVO,2012-01-25,CANDIDATE_ONLY_NOT_G5_MATCHED,False,False,False,0
73,70616,13928,COP,2012-01-25,CANDIDATE_ONLY_NOT_G5_MATCHED,False,False,False,0
73,70616,17929,UGI,2012-01-25,CANDIDATE_ONLY_NOT_G5_MATCHED,False,False,False,0
73,70616,21186,MWV,2012-01-25,CANDIDATE_ONLY_NOT_G5_MATCHED,False,False,False,0
73,70616,21776,EXC,2012-01-25,CANDIDATE_ONLY_NOT_G5_MATCHED,False,False,False,0
73,70616,22293,GLW,2012-01-25,CANDIDATE_ONLY_NOT_G5_MATCHED,False,False,False,0
73,70616,22779,MSI,2012-01-25,CANDIDATE_ONLY_NOT_G5_MATCHED,False,False,False,0
73,70616,23579,TXT,2012-01-25,CANDIDATE_ONLY_NOT_G5_MATCHED,False,False,False,0
73,70616,26470,EGN,2012-01-25,CANDIDATE_ONLY_NOT_G5_MATCHED,False,False,False,0
73,70616,28345,MUR,2012-01-25,CANDIDATE_ONLY_NOT_G5_MATCHED,False,False,False,0
73,70616,28564,CTS,2012-01-25,CANDIDATE_ONLY_NOT_G5_MATCHED,False,False,False,0
73,70616,34833,OXY,2012-01-25,CANDIDATE_ONLY_NOT_G5_MATCHED,False,False,False,0
73,70616,43123,ATI,2012-01-25,CANDIDATE_ONLY_NOT_G5_MATCHED,False,False,False,0
73,70616,43350,SWK,2012-01-25,CANDIDATE_ONLY_NOT_G5_MATCHED,False,False,False,0
73,70616,51369,TER,2012-01-25,CANDIDATE_ONLY_NOT_G5_MATCHED,False,False,False,0
73,70616,61567,HXL,2012-01-25,CANDIDATE_ONLY_NOT_G5_MATCHED,False,False,False,0
73,70616,65294,RLI,2012-01-25,CANDIDATE_ONLY_NOT_G5_MATCHED,False,False,False,0
73,70616,68591,STJ,2012-01-25,CANDIDATE_ONLY_NOT_G5_MATCHED,False,False,False,0
73,70616,73809,SUSQ,2012-01-25,CANDIDATE_ONLY_NOT_G5_MATCHED,False,False,False,0
73,70616,75182,PII,2012-01-25,CANDIDATE_ONLY_NOT_G5_MATCHED,False,False,False,0
73,70616,75912,PMTC,2012-01-25,CANDIDATE_ONLY_NOT_G5_MATCHED,False,False,False,0
73,70616,76234,MOLXA,2012-01-25,CANDIDATE_ONLY_NOT_G5_MATCHED,False,False,False,0
73,70616,77768,PX,2012-01-25,CANDIDATE_ONLY_NOT_G5_MATCHED,False,False,False,0
73,70616,79013,SYBT,2012-01-25,CANDIDATE_ONLY_NOT_G5_MATCHED,False,False,False,0
73,70616,79859,NYB,2012-01-25,CANDIDATE_ONLY_NOT_G5_MATCHED,False,False,False,0
73,70616,80113,CGI,2012-01-25,CANDIDATE_ONLY_NOT_G5_MATCHED,False,False,False,0
73,70616,80987,KNX,2012-01-25,CANDIDATE_ONLY_NOT_G5_MATCHED,False,False,False,0
73,70616,82575,BANR,2012-01-25,CANDIDATE_ONLY_NOT_G5_MATCHED,False,False,False,0
73,70616,82618,SNDK,2012-01-25,CANDIDATE_ONLY_NOT_G5_MATCHED,False,False,False,0
73,70616,82686,CTXS,2012-01-25,CANDIDATE_ONLY_NOT_G5_MATCHED,False,False,False,0
73,70616,83862,ETFC,2012-01-25,CANDIDATE_ONLY_NOT_G5_MATCHED,False,False,False,0
73,70616,84381,ROK,2012-01-25,CANDIDATE_ONLY_NOT_G5_MATCHED,False,False,False,0
73,70616,85663,URI,2012-01-25,CANDIDATE_ONLY_NOT_G5_MATCHED,False,False,False,0
73,70616,85860,BRKL,2012-01-25,CANDIDATE_ONLY_NOT_G5_MATCHED,False,False,False,0
73,70616,86004,UMPQ,2012-01-25,CANDIDATE_ONLY_NOT_G5_MATCHED,False,False,False,0
73,70616,87812,SLAB,2012-01-25,CANDIDATE_ONLY_NOT_G5_MATCHED,False,False,False,0
73,70616,89179,WLP,2012-01-25,CANDIDATE_ONLY_NOT_G5_MATCHED,False,False,False,0
73,70616,89968,PJC,2012-01-25,CANDIDATE_ONLY_NOT_G5_MATCHED,False,False,False,0
73,70616,90893,LCC,2012-01-25,CANDIDATE_ONLY_NOT_G5_MATCHED,False,False,False,0
73,70616,91959,ESSA,2012-01-25,CANDIDATE_ONLY_NOT_G5_MATCHED,False,False,False,0
74,72726,10145,HON,2015-01-23,CANDIDATE_ONLY_NOT_G5_MATCHED,False,False,False,0
74,72726,17750,KMB,2015-01-23,CANDIDATE_ONLY_NOT_G5_MATCHED,False,False,False,0
74,72726,43449,MCD,2015-01-23,CANDIDATE_ONLY_NOT_G5_MATCHED,False,False,False,0
74,72726,49656,BK,2015-01-23,CANDIDATE_ONLY_NOT_G5_MATCHED,False,False,False,0
74,72726,86432,PB,2015-01-23,CANDIDATE_ONLY_NOT_G5_MATCHED,False,False,False,0
74,72726,88912,IBCP,2015-01-23,CANDIDATE_ONLY_NOT_G5_MATCHED,False,False,False,0
75,75070,10302,CY,2015-04-30,CANDIDATE_ONLY_NOT_G5_MATCHED,False,False,False,0
75,75070,10421,SKYW,2015-04-30,CANDIDATE_ONLY_NOT_G5_MATCHED,False,False,False,0
75,75070,10693,HLS,2015-04-30,CANDIDATE_ONLY_NOT_G5_MATCHED,False,False,False,0
75,75070,13085,VAC,2015-04-30,CANDIDATE_ONLY_NOT_G5_MATCHED,False,False,False,0
75,75070,13343,MRC,2015-04-30,CANDIDATE_ONLY_NOT_G5_MATCHED,False,False,False,0
75,75070,13690,RKUS,2015-04-30,CANDIDATE_ONLY_NOT_G5_MATCHED,False,False,False,0
75,75070,13739,BFAM,2015-04-30,CANDIDATE_ONLY_NOT_G5_MATCHED,False,False,False,0
75,75070,13818,PF,2015-04-30,CANDIDATE_ONLY_NOT_G5_MATCHED,False,False,False,0
75,75070,14005,TXTR,2015-04-30,CANDIDATE_ONLY_NOT_G5_MATCHED,False,False,False,0
75,75070,14131,MYCC,2015-04-30,CANDIDATE_ONLY_NOT_G5_MATCHED,False,False,False,0
75,75070,14159,FEYE,2015-04-30,CANDIDATE_ONLY_NOT_G5_MATCHED,False,False,False,0
75,75070,14325,TNDM,2015-04-30,CANDIDATE_ONLY_NOT_G5_MATCHED,False,False,False,0
75,75070,14335,CQH,2015-04-30,CANDIDATE_ONLY_NOT_G5_MATCHED,False,False,False,0
75,75070,14471,TLMR,2015-04-30,CANDIDATE_ONLY_NOT_G5_MATCHED,False,False,False,0
75,75070,14795,TKR,2015-04-30,CANDIDATE_ONLY_NOT_G5_MATCHED,False,False,False,0
75,75070,19721,VVI,2015-04-30,CANDIDATE_ONLY_NOT_G5_MATCHED,False,False,False,0
75,75070,21371,CAH,2015-04-30,CANDIDATE_ONLY_NOT_G5_MATCHED,False,False,False,0
75,75070,21928,IDA,2015-04-30,CANDIDATE_ONLY_NOT_G5_MATCHED,False,False,False,0
75,75070,23085,SCG,2015-04-30,CANDIDATE_ONLY_NOT_G5_MATCHED,False,False,False,0
75,75070,28222,APD,2015-04-30,CANDIDATE_ONLY_NOT_G5_MATCHED,False,False,False,0
75,75070,34673,NR,2015-04-30,CANDIDATE_ONLY_NOT_G5_MATCHED,False,False,False,0
75,75070,38762,NI,2015-04-30,CANDIDATE_ONLY_NOT_G5_MATCHED,False,False,False,0
75,75070,39220,SMP,2015-04-30,CANDIDATE_ONLY_NOT_G5_MATCHED,False,False,False,0
75,75070,40416,AVP,2015-04-30,CANDIDATE_ONLY_NOT_G5_MATCHED,False,False,False,0
75,75070,40440,DBD,2015-04-30,CANDIDATE_ONLY_NOT_G5_MATCHED,False,False,False,0
75,75070,47706,FSS,2015-04-30,CANDIDATE_ONLY_NOT_G5_MATCHED,False,False,False,0
75,75070,48523,LANC,2015-04-30,CANDIDATE_ONLY_NOT_G5_MATCHED,False,False,False,0
75,75070,57568,BLL,2015-04-30,CANDIDATE_ONLY_NOT_G5_MATCHED,False,False,False,0
75,75070,58819,LNT,2015-04-30,CANDIDATE_ONLY_NOT_G5_MATCHED,False,False,False,0
75,75070,60943,LEG,2015-04-30,CANDIDATE_ONLY_NOT_G5_MATCHED,False,False,False,0
75,75070,61496,PATK,2015-04-30,CANDIDATE_ONLY_NOT_G5_MATCHED,False,False,False,0
75,75070,62498,WST,2015-04-30,CANDIDATE_ONLY_NOT_G5_MATCHED,False,False,False,0
75,75070,63335,PES,2015-04-30,CANDIDATE_ONLY_NOT_G5_MATCHED,False,False,False,0
75,75070,72696,SPF,2015-04-30,CANDIDATE_ONLY_NOT_G5_MATCHED,False,False,False,0
75,75070,75714,CLRO,2015-04-30,CANDIDATE_ONLY_NOT_G5_MATCHED,False,False,False,0
75,75070,76230,TRMB,2015-04-30,CANDIDATE_ONLY_NOT_G5_MATCHED,False,False,False,0
75,75070,76461,FHCO,2015-04-30,CANDIDATE_ONLY_NOT_G5_MATCHED,False,False,False,0
75,75070,76732,DIN,2015-04-30,CANDIDATE_ONLY_NOT_G5_MATCHED,False,False,False,0
75,75070,77279,ABAX,2015-04-30,CANDIDATE_ONLY_NOT_G5_MATCHED,False,False,False,0
75,75070,77763,SPN,2015-04-30,CANDIDATE_ONLY_NOT_G5_MATCHED,False,False,False,0
75,75070,78071,BIOL,2015-04-30,CANDIDATE_ONLY_NOT_G5_MATCHED,False,False,False,0
75,75070,78211,UVE,2015-04-30,CANDIDATE_ONLY_NOT_G5_MATCHED,False,False,False,0
75,75070,78903,PEBO,2015-04-30,CANDIDATE_ONLY_NOT_G5_MATCHED,False,False,False,0
75,75070,79198,TWI,2015-04-30,CANDIDATE_ONLY_NOT_G5_MATCHED,False,False,False,0
75,75070,79248,THRM,2015-04-30,CANDIDATE_ONLY_NOT_G5_MATCHED,False,False,False,0
75,75070,79336,LBY,2015-04-30,CANDIDATE_ONLY_NOT_G5_MATCHED,False,False,False,0
75,75070,79571,CASH,2015-04-30,CANDIDATE_ONLY_NOT_G5_MATCHED,False,False,False,0
75,75070,79724,OMG,2015-04-30,CANDIDATE_ONLY_NOT_G5_MATCHED,False,False,False,0
75,75070,79758,BYD,2015-04-30,CANDIDATE_ONLY_NOT_G5_MATCHED,False,False,False,0
75,75070,79879,JDSU,2015-04-30,CANDIDATE_ONLY_NOT_G5_MATCHED,False,False,False,0
75,75070,79903,HHS,2015-04-30,CANDIDATE_ONLY_NOT_G5_MATCHED,False,False,False,0
75,75070,80072,VLY,2015-04-30,CANDIDATE_ONLY_NOT_G5_MATCHED,False,False,False,0
75,75070,80539,NKTR,2015-04-30,CANDIDATE_ONLY_NOT_G5_MATCHED,False,False,False,0
75,75070,82292,THG,2015-04-30,CANDIDATE_ONLY_NOT_G5_MATCHED,False,False,False,0
75,75070,82486,ERIE,2015-04-30,CANDIDATE_ONLY_NOT_G5_MATCHED,False,False,False,0
75,75070,83244,CENX,2015-04-30,CANDIDATE_ONLY_NOT_G5_MATCHED,False,False,False,0
75,75070,83366,CRR,2015-04-30,CANDIDATE_ONLY_NOT_G5_MATCHED,False,False,False,0
75,75070,83534,NBIX,2015-04-30,CANDIDATE_ONLY_NOT_G5_MATCHED,False,False,False,0
75,75070,84723,LNG,2015-04-30,CANDIDATE_ONLY_NOT_G5_MATCHED,False,False,False,0
75,75070,85424,DRQ,2015-04-30,CANDIDATE_ONLY_NOT_G5_MATCHED,False,False,False,0
75,75070,85792,PWR,2015-04-30,CANDIDATE_ONLY_NOT_G5_MATCHED,False,False,False,0
75,75070,85839,NUTR,2015-04-30,CANDIDATE_ONLY_NOT_G5_MATCHED,False,False,False,0
75,75070,86051,AXTI,2015-04-30,CANDIDATE_ONLY_NOT_G5_MATCHED,False,False,False,0
75,75070,86106,EEP,2015-04-30,CANDIDATE_ONLY_NOT_G5_MATCHED,False,False,False,0
75,75070,86544,BCOR,2015-04-30,CANDIDATE_ONLY_NOT_G5_MATCHED,False,False,False,0
75,75070,88379,NTRI,2015-04-30,CANDIDATE_ONLY_NOT_G5_MATCHED,False,False,False,0
75,75070,88574,TSYS,2015-04-30,CANDIDATE_ONLY_NOT_G5_MATCHED,False,False,False,0
75,75070,88597,POL,2015-04-30,CANDIDATE_ONLY_NOT_G5_MATCHED,False,False,False,0
75,75070,88626,DRRX,2015-04-30,CANDIDATE_ONLY_NOT_G5_MATCHED,False,False,False,0
75,75070,89031,TASR,2015-04-30,CANDIDATE_ONLY_NOT_G5_MATCHED,False,False,False,0
75,75070,89070,ZMH,2015-04-30,CANDIDATE_ONLY_NOT_G5_MATCHED,False,False,False,0
75,75070,89110,OMCL,2015-04-30,CANDIDATE_ONLY_NOT_G5_MATCHED,False,False,False,0
75,75070,89626,CME,2015-04-30,CANDIDATE_ONLY_NOT_G5_MATCHED,False,False,False,0
75,75070,89905,CALD,2015-04-30,CANDIDATE_ONLY_NOT_G5_MATCHED,False,False,False,0
75,75070,89973,UTI,2015-04-30,CANDIDATE_ONLY_NOT_G5_MATCHED,False,False,False,0
75,75070,90238,SNMX,2015-04-30,CANDIDATE_ONLY_NOT_G5_MATCHED,False,False,False,0
75,75070,90374,DWA,2015-04-30,CANDIDATE_ONLY_NOT_G5_MATCHED,False,False,False,0
75,75070,90386,MOS,2015-04-30,CANDIDATE_ONLY_NOT_G5_MATCHED,False,False,False,0
75,75070,90404,CLMS,2015-04-30,CANDIDATE_ONLY_NOT_G5_MATCHED,False,False,False,0
75,75070,90558,HUN,2015-04-30,CANDIDATE_ONLY_NOT_G5_MATCHED,False,False,False,0
75,75070,90786,ITC,2015-04-30,CANDIDATE_ONLY_NOT_G5_MATCHED,False,False,False,0
75,75070,90808,EXPE,2015-04-30,CANDIDATE_ONLY_NOT_G5_MATCHED,False,False,False,0
75,75070,90952,ISBC,2015-04-30,CANDIDATE_ONLY_NOT_G5_MATCHED,False,False,False,0
75,75070,90978,SPWR,2015-04-30,CANDIDATE_ONLY_NOT_G5_MATCHED,False,False,False,0
75,75070,91041,LYV,2015-04-30,CANDIDATE_ONLY_NOT_G5_MATCHED,False,False,False,0
75,75070,91063,VIAB,2015-04-30,CANDIDATE_ONLY_NOT_G5_MATCHED,False,False,False,0
75,75070,91814,ARAY,2015-04-30,CANDIDATE_ONLY_NOT_G5_MATCHED,False,False,False,0
75,75070,91854,UFS,2015-04-30,CANDIDATE_ONLY_NOT_G5_MATCHED,False,False,False,0
75,75070,92050,PODD,2015-04-30,CANDIDATE_ONLY_NOT_G5_MATCHED,False,False,False,0
75,75070,92326,CVI,2015-04-30,CANDIDATE_ONLY_NOT_G5_MATCHED,False,False,False,0
75,75070,92611,V,2015-04-30,CANDIDATE_ONLY_NOT_G5_MATCHED,False,False,False,0
75,75070,92894,HTWR,2015-04-30,CANDIDATE_ONLY_NOT_G5_MATCHED,False,False,False,0
75,75070,92924,DGI,2015-04-30,CANDIDATE_ONLY_NOT_G5_MATCHED,False,False,False,0
75,75070,93035,SEM,2015-04-30,CANDIDATE_ONLY_NOT_G5_MATCHED,False,False,False,0
75,75070,93073,ADUS,2015-04-30,CANDIDATE_ONLY_NOT_G5_MATCHED,False,False,False,0
76,75342,10138,TROW,2013-04-24,CANDIDATE_ONLY_NOT_G5_MATCHED,False,False,False,0
76,75342,11293,WSBC,2013-04-24,CANDIDATE_ONLY_NOT_G5_MATCHED,False,False,False,0
76,75342,11533,FICO,2013-04-24,CANDIDATE_ONLY_NOT_G5_MATCHED,False,False,False,0
76,75342,11955,WM,2013-04-24,CANDIDATE_ONLY_NOT_G5_MATCHED,False,False,False,0
76,75342,12052,GD,2013-04-24,CANDIDATE_ONLY_NOT_G5_MATCHED,False,False,False,0
76,75342,12515,BKU,2013-04-24,CANDIDATE_ONLY_NOT_G5_MATCHED,False,False,False,0
76,75342,12865,FIO,2013-04-24,CANDIDATE_ONLY_NOT_G5_MATCHED,False,False,False,0
76,75342,13006,FMNB,2013-04-24,CANDIDATE_ONLY_NOT_G5_MATCHED,False,False,False,0
76,75342,14795,TKR,2013-04-24,CANDIDATE_ONLY_NOT_G5_MATCHED,False,False,False,0
76,75342,18163,PG,2013-04-24,CANDIDATE_ONLY_NOT_G5_MATCHED,False,False,False,0
76,75342,18411,SO,2013-04-24,CANDIDATE_ONLY_NOT_G5_MATCHED,False,False,False,0
76,75342,19561,BA,2013-04-24,CANDIDATE_ONLY_NOT_G5_MATCHED,False,False,False,0
76,75342,21135,FOE,2013-04-24,CANDIDATE_ONLY_NOT_G5_MATCHED,False,False,False,0
76,75342,22293,GLW,2013-04-24,CANDIDATE_ONLY_NOT_G5_MATCHED,False,False,False,0
76,75342,22779,MSI,2013-04-24,CANDIDATE_ONLY_NOT_G5_MATCHED,False,False,False,0
76,75342,24476,COHR,2013-04-24,CANDIDATE_ONLY_NOT_G5_MATCHED,False,False,False,0
76,75342,24766,NOC,2013-04-24,CANDIDATE_ONLY_NOT_G5_MATCHED,False,False,False,0
76,75342,25419,WHR,2013-04-24,CANDIDATE_ONLY_NOT_G5_MATCHED,False,False,False,0
76,75342,25785,F,2013-04-24,CANDIDATE_ONLY_NOT_G5_MATCHED,False,False,False,0
76,75342,27043,VAR,2013-04-24,CANDIDATE_ONLY_NOT_G5_MATCHED,False,False,False,0
76,75342,27334,CSL,2013-04-24,CANDIDATE_ONLY_NOT_G5_MATCHED,False,False,False,0
76,75342,27422,CLF,2013-04-24,CANDIDATE_ONLY_NOT_G5_MATCHED,False,False,False,0
76,75342,27888,CFR,2013-04-24,CANDIDATE_ONLY_NOT_G5_MATCHED,False,False,False,0
76,75342,35124,CLGX,2013-04-24,CANDIDATE_ONLY_NOT_G5_MATCHED,False,False,False,0
76,75342,36003,ROL,2013-04-24,CANDIDATE_ONLY_NOT_G5_MATCHED,False,False,False,0
76,75342,38149,BYI,2013-04-24,CANDIDATE_ONLY_NOT_G5_MATCHED,False,False,False,0
76,75342,39087,S,2013-04-24,CANDIDATE_ONLY_NOT_G5_MATCHED,False,False,False,0
76,75342,39571,GGG,2013-04-24,CANDIDATE_ONLY_NOT_G5_MATCHED,False,False,False,0
76,75342,42550,NEU,2013-04-24,CANDIDATE_ONLY_NOT_G5_MATCHED,False,False,False,0
76,75342,43123,ATI,2013-04-24,CANDIDATE_ONLY_NOT_G5_MATCHED,False,False,False,0
76,75342,44274,AEGN,2013-04-24,CANDIDATE_ONLY_NOT_G5_MATCHED,False,False,False,0
76,75342,44601,AVY,2013-04-24,CANDIDATE_ONLY_NOT_G5_MATCHED,False,False,False,0
76,75342,44768,TILE,2013-04-24,CANDIDATE_ONLY_NOT_G5_MATCHED,False,False,False,0
76,75342,44951,SVU,2013-04-24,CANDIDATE_ONLY_NOT_G5_MATCHED,False,False,False,0
76,75342,45437,ISH,2013-04-24,CANDIDATE_ONLY_NOT_G5_MATCHED,False,False,False,0
76,75342,48267,LSI,2013-04-24,CANDIDATE_ONLY_NOT_G5_MATCHED,False,False,False,0
76,75342,50876,LLY,2013-04-24,CANDIDATE_ONLY_NOT_G5_MATCHED,False,False,False,0
76,75342,51369,TER,2013-04-24,CANDIDATE_ONLY_NOT_G5_MATCHED,False,False,False,0
76,75342,51625,SCI,2013-04-24,CANDIDATE_ONLY_NOT_G5_MATCHED,False,False,False,0
76,75342,52716,HRC,2013-04-24,CANDIDATE_ONLY_NOT_G5_MATCHED,False,False,False,0
76,75342,54199,SJW,2013-04-24,CANDIDATE_ONLY_NOT_G5_MATCHED,False,False,False,0
76,75342,54253,MSA,2013-04-24,CANDIDATE_ONLY_NOT_G5_MATCHED,False,False,False,0
76,75342,57904,AFL,2013-04-24,CANDIDATE_ONLY_NOT_G5_MATCHED,False,False,False,0
76,75342,58318,TEX,2013-04-24,CANDIDATE_ONLY_NOT_G5_MATCHED,False,False,False,0
76,75342,59045,KEX,2013-04-24,CANDIDATE_ONLY_NOT_G5_MATCHED,False,False,False,0
76,75342,62092,TMO,2013-04-24,CANDIDATE_ONLY_NOT_G5_MATCHED,False,False,False,0
76,75342,62383,RYL,2013-04-24,CANDIDATE_ONLY_NOT_G5_MATCHED,False,False,False,0
76,75342,65365,MYE,2013-04-24,CANDIDATE_ONLY_NOT_G5_MATCHED,False,False,False,0
76,75342,66384,WDC,2013-04-24,CANDIDATE_ONLY_NOT_G5_MATCHED,False,False,False,0
76,75342,66683,RES,2013-04-24,CANDIDATE_ONLY_NOT_G5_MATCHED,False,False,False,0
76,75342,67360,UTL,2013-04-24,CANDIDATE_ONLY_NOT_G5_MATCHED,False,False,False,0
76,75342,68292,SIGI,2013-04-24,CANDIDATE_ONLY_NOT_G5_MATCHED,False,False,False,0
76,75342,70616,SYMM,2013-04-24,CANDIDATE_ONLY_NOT_G5_MATCHED,False,False,False,0
76,75342,73809,SUSQ,2013-04-24,CANDIDATE_ONLY_NOT_G5_MATCHED,False,False,False,0
76,75342,75912,PMTC,2013-04-24,CANDIDATE_ONLY_NOT_G5_MATCHED,False,False,False,0
76,75342,76082,COG,2013-04-24,CANDIDATE_ONLY_NOT_G5_MATCHED,False,False,False,0
76,75342,76185,TYL,2013-04-24,CANDIDATE_ONLY_NOT_G5_MATCHED,False,False,False,0
76,75342,76201,XLNX,2013-04-24,CANDIDATE_ONLY_NOT_G5_MATCHED,False,False,False,0
76,75342,76215,ICON,2013-04-24,CANDIDATE_ONLY_NOT_G5_MATCHED,False,False,False,0
76,75342,77178,QCOM,2013-04-24,CANDIDATE_ONLY_NOT_G5_MATCHED,False,False,False,0
76,75342,77679,COLB,2013-04-24,CANDIDATE_ONLY_NOT_G5_MATCHED,False,False,False,0
76,75342,77768,PX,2013-04-24,CANDIDATE_ONLY_NOT_G5_MATCHED,False,False,False,0
76,75342,77785,WIRE,2013-04-24,CANDIDATE_ONLY_NOT_G5_MATCHED,False,False,False,0
76,75342,77902,CAKE,2013-04-24,CANDIDATE_ONLY_NOT_G5_MATCHED,False,False,False,0
76,75342,77917,ASGN,2013-04-24,CANDIDATE_ONLY_NOT_G5_MATCHED,False,False,False,0
76,75342,78044,UFI,2013-04-24,CANDIDATE_ONLY_NOT_G5_MATCHED,False,False,False,0
76,75342,78054,RIMG,2013-04-24,CANDIDATE_ONLY_NOT_G5_MATCHED,False,False,False,0
76,75342,78977,JAH,2013-04-24,CANDIDATE_ONLY_NOT_G5_MATCHED,False,False,False,0
76,75342,79013,SYBT,2013-04-24,CANDIDATE_ONLY_NOT_G5_MATCHED,False,False,False,0
76,75342,79159,CWEI,2013-04-24,CANDIDATE_ONLY_NOT_G5_MATCHED,False,False,False,0
76,75342,79198,TWI,2013-04-24,CANDIDATE_ONLY_NOT_G5_MATCHED,False,False,False,0
76,75342,79244,USG,2013-04-24,CANDIDATE_ONLY_NOT_G5_MATCHED,False,False,False,0
76,75342,79564,ARRS,2013-04-24,CANDIDATE_ONLY_NOT_G5_MATCHED,False,False,False,0
76,75342,79758,BYD,2013-04-24,CANDIDATE_ONLY_NOT_G5_MATCHED,False,False,False,0
76,75342,79859,NYCB,2013-04-24,CANDIDATE_ONLY_NOT_G5_MATCHED,False,False,False,0
76,75342,80049,TQNT,2013-04-24,CANDIDATE_ONLY_NOT_G5_MATCHED,False,False,False,0
76,75342,80072,VLY,2013-04-24,CANDIDATE_ONLY_NOT_G5_MATCHED,False,False,False,0
76,75342,80286,TSCO,2013-04-24,CANDIDATE_ONLY_NOT_G5_MATCHED,False,False,False,0
76,75342,80987,KNX,2013-04-24,CANDIDATE_ONLY_NOT_G5_MATCHED,False,False,False,0
76,75342,81677,WAB,2013-04-24,CANDIDATE_ONLY_NOT_G5_MATCHED,False,False,False,0
76,75342,82686,CTXS,2013-04-24,CANDIDATE_ONLY_NOT_G5_MATCHED,False,False,False,0
76,75342,83462,TUP,2013-04-24,CANDIDATE_ONLY_NOT_G5_MATCHED,False,False,False,0
76,75342,83671,TBI,2013-04-24,CANDIDATE_ONLY_NOT_G5_MATCHED,False,False,False,0
76,75342,83906,SRCL,2013-04-24,CANDIDATE_ONLY_NOT_G5_MATCHED,False,False,False,0
76,75342,84210,FORR,2013-04-24,CANDIDATE_ONLY_NOT_G5_MATCHED,False,False,False,0
76,75342,84381,ROK,2013-04-24,CANDIDATE_ONLY_NOT_G5_MATCHED,False,False,False,0
76,75342,84563,SLGN,2013-04-24,CANDIDATE_ONLY_NOT_G5_MATCHED,False,False,False,0
76,75342,85020,PPBI,2013-04-24,CANDIDATE_ONLY_NOT_G5_MATCHED,False,False,False,0
76,75342,85488,OSIS,2013-04-24,CANDIDATE_ONLY_NOT_G5_MATCHED,False,False,False,0
76,75342,85731,HFWA,2013-04-24,CANDIDATE_ONLY_NOT_G5_MATCHED,False,False,False,0
76,75342,85860,BRKL,2013-04-24,CANDIDATE_ONLY_NOT_G5_MATCHED,False,False,False,0
76,75342,85908,GRA,2013-04-24,CANDIDATE_ONLY_NOT_G5_MATCHED,False,False,False,0
76,75342,86432,PB,2013-04-24,CANDIDATE_ONLY_NOT_G5_MATCHED,False,False,False,0
76,75342,86964,FFIV,2013-04-24,CANDIDATE_ONLY_NOT_G5_MATCHED,False,False,False,0
76,75342,87299,AKAM,2013-04-24,CANDIDATE_ONLY_NOT_G5_MATCHED,False,False,False,0
76,75342,87445,TDY,2013-04-24,CANDIDATE_ONLY_NOT_G5_MATCHED,False,False,False,0
76,75342,87785,ITMN,2013-04-24,CANDIDATE_ONLY_NOT_G5_MATCHED,False,False,False,0
76,75342,87812,SLAB,2013-04-24,CANDIDATE_ONLY_NOT_G5_MATCHED,False,False,False,0
76,75342,88367,PCBK,2013-04-24,CANDIDATE_ONLY_NOT_G5_MATCHED,False,False,False,0
76,75342,88895,MPX,2013-04-24,CANDIDATE_ONLY_NOT_G5_MATCHED,False,False,False,0
76,75342,89179,WLP,2013-04-24,CANDIDATE_ONLY_NOT_G5_MATCHED,False,False,False,0
76,75342,89327,ABG,2013-04-24,CANDIDATE_ONLY_NOT_G5_MATCHED,False,False,False,0
76,75342,89419,PACR,2013-04-24,CANDIDATE_ONLY_NOT_G5_MATCHED,False,False,False,0
76,75342,89617,EQIX,2013-04-24,CANDIDATE_ONLY_NOT_G5_MATCHED,False,False,False,0
76,75342,89644,VMED,2013-04-24,CANDIDATE_ONLY_NOT_G5_MATCHED,False,False,False,0
76,75342,89841,CNO,2013-04-24,CANDIDATE_ONLY_NOT_G5_MATCHED,False,False,False,0
76,75342,89901,WLL,2013-04-24,CANDIDATE_ONLY_NOT_G5_MATCHED,False,False,False,0
76,75342,90038,AIZ,2013-04-24,CANDIDATE_ONLY_NOT_G5_MATCHED,False,False,False,0
76,75342,90314,CVGI,2013-04-24,CANDIDATE_ONLY_NOT_G5_MATCHED,False,False,False,0
76,75342,90454,MKTX,2013-04-24,CANDIDATE_ONLY_NOT_G5_MATCHED,False,False,False,0
76,75342,90490,TBBK,2013-04-24,CANDIDATE_ONLY_NOT_G5_MATCHED,False,False,False,0
76,75342,90708,MORN,2013-04-24,CANDIDATE_ONLY_NOT_G5_MATCHED,False,False,False,0
76,75342,90748,XNPT,2013-04-24,CANDIDATE_ONLY_NOT_G5_MATCHED,False,False,False,0
76,75342,90940,TAL,2013-04-24,CANDIDATE_ONLY_NOT_G5_MATCHED,False,False,False,0
76,75342,91040,BAS,2013-04-24,CANDIDATE_ONLY_NOT_G5_MATCHED,False,False,False,0
76,75342,91090,CROX,2013-04-24,CANDIDATE_ONLY_NOT_G5_MATCHED,False,False,False,0
76,75342,91392,WYN,2013-04-24,CANDIDATE_ONLY_NOT_G5_MATCHED,False,False,False,0
76,75342,91413,EVR,2013-04-24,CANDIDATE_ONLY_NOT_G5_MATCHED,False,False,False,0
76,75342,91514,VPFG,2013-04-24,CANDIDATE_ONLY_NOT_G5_MATCHED,False,False,False,0
76,75342,91531,OC,2013-04-24,CANDIDATE_ONLY_NOT_G5_MATCHED,False,False,False,0
76,75342,91659,ALGT,2013-04-24,CANDIDATE_ONLY_NOT_G5_MATCHED,False,False,False,0
76,75342,91937,PCS,2013-04-24,CANDIDATE_ONLY_NOT_G5_MATCHED,False,False,False,0
76,75342,91959,ESSA,2013-04-24,CANDIDATE_ONLY_NOT_G5_MATCHED,False,False,False,0
76,75342,91979,CAP,2013-04-24,CANDIDATE_ONLY_NOT_G5_MATCHED,False,False,False,0
76,75342,92618,DPS,2013-04-24,CANDIDATE_ONLY_NOT_G5_MATCHED,False,False,False,0
76,75342,92854,CLW,2013-04-24,CANDIDATE_ONLY_NOT_G5_MATCHED,False,False,False,0
76,75342,92919,ORRF,2013-04-24,CANDIDATE_ONLY_NOT_G5_MATCHED,False,False,False,0
76,75342,93222,SYA,2013-04-24,CANDIDATE_ONLY_NOT_G5_MATCHED,False,False,False,0
77,75342,10138,TROW,2013-07-24,CANDIDATE_ONLY_NOT_G5_MATCHED,False,False,False,0
77,75342,10517,AAN,2013-07-24,CANDIDATE_ONLY_NOT_G5_MATCHED,False,False,False,0
77,75342,12052,GD,2013-07-24,CANDIDATE_ONLY_NOT_G5_MATCHED,False,False,False,0
77,75342,12515,BKU,2013-07-24,CANDIDATE_ONLY_NOT_G5_MATCHED,False,False,False,0
77,75342,12981,FBHS,2013-07-24,CANDIDATE_ONLY_NOT_G5_MATCHED,False,False,False,0
77,75342,13407,FB,2013-07-24,CANDIDATE_ONLY_NOT_G5_MATCHED,False,False,False,0
77,75342,13856,PEP,2013-07-24,CANDIDATE_ONLY_NOT_G5_MATCHED,False,False,False,0
77,75342,18542,CAT,2013-07-24,CANDIDATE_ONLY_NOT_G5_MATCHED,False,False,False,0
77,75342,19561,BA,2013-07-24,CANDIDATE_ONLY_NOT_G5_MATCHED,False,False,False,0
77,75342,22779,MSI,2013-07-24,CANDIDATE_ONLY_NOT_G5_MATCHED,False,False,False,0
77,75342,24766,NOC,2013-07-24,CANDIDATE_ONLY_NOT_G5_MATCHED,False,False,False,0
77,75342,25778,CA,2013-07-24,CANDIDATE_ONLY_NOT_G5_MATCHED,False,False,False,0
77,75342,25785,F,2013-07-24,CANDIDATE_ONLY_NOT_G5_MATCHED,False,False,False,0
77,75342,27043,VAR,2013-07-24,CANDIDATE_ONLY_NOT_G5_MATCHED,False,False,False,0
77,75342,27888,CFR,2013-07-24,CANDIDATE_ONLY_NOT_G5_MATCHED,False,False,False,0
77,75342,29209,ARW,2013-07-24,CANDIDATE_ONLY_NOT_G5_MATCHED,False,False,False,0
77,75342,35124,CLGX,2013-07-24,CANDIDATE_ONLY_NOT_G5_MATCHED,False,False,False,0
77,75342,36003,ROL,2013-07-24,CANDIDATE_ONLY_NOT_G5_MATCHED,False,False,False,0
77,75342,36898,SCL,2013-07-24,CANDIDATE_ONLY_NOT_G5_MATCHED,False,False,False,0
77,75342,39571,GGG,2013-07-24,CANDIDATE_ONLY_NOT_G5_MATCHED,False,False,False,0
77,75342,43123,ATI,2013-07-24,CANDIDATE_ONLY_NOT_G5_MATCHED,False,False,False,0
77,75342,44768,TILE,2013-07-24,CANDIDATE_ONLY_NOT_G5_MATCHED,False,False,False,0
77,75342,48267,LSI,2013-07-24,CANDIDATE_ONLY_NOT_G5_MATCHED,False,False,False,0
77,75342,48506,MCO,2013-07-24,CANDIDATE_ONLY_NOT_G5_MATCHED,False,False,False,0
77,75342,50017,RRC,2013-07-24,CANDIDATE_ONLY_NOT_G5_MATCHED,False,False,False,0
77,75342,50876,LLY,2013-07-24,CANDIDATE_ONLY_NOT_G5_MATCHED,False,False,False,0
77,75342,51369,TER,2013-07-24,CANDIDATE_ONLY_NOT_G5_MATCHED,False,False,False,0
77,75342,51625,SCI,2013-07-24,CANDIDATE_ONLY_NOT_G5_MATCHED,False,False,False,0
77,75342,52716,HRC,2013-07-24,CANDIDATE_ONLY_NOT_G5_MATCHED,False,False,False,0
77,75342,54253,MSA,2013-07-24,CANDIDATE_ONLY_NOT_G5_MATCHED,False,False,False,0
77,75342,55213,RT,2013-07-24,CANDIDATE_ONLY_NOT_G5_MATCHED,False,False,False,0
77,75342,58318,TEX,2013-07-24,CANDIDATE_ONLY_NOT_G5_MATCHED,False,False,False,0
77,75342,58975,OII,2013-07-24,CANDIDATE_ONLY_NOT_G5_MATCHED,False,False,False,0
77,75342,59045,KEX,2013-07-24,CANDIDATE_ONLY_NOT_G5_MATCHED,False,False,False,0
77,75342,62092,TMO,2013-07-24,CANDIDATE_ONLY_NOT_G5_MATCHED,False,False,False,0
77,75342,62308,TMK,2013-07-24,CANDIDATE_ONLY_NOT_G5_MATCHED,False,False,False,0
77,75342,62383,RYL,2013-07-24,CANDIDATE_ONLY_NOT_G5_MATCHED,False,False,False,0
77,75342,65402,AOS,2013-07-24,CANDIDATE_ONLY_NOT_G5_MATCHED,False,False,False,0
77,75342,66384,WDC,2013-07-24,CANDIDATE_ONLY_NOT_G5_MATCHED,False,False,False,0
77,75342,66683,RES,2013-07-24,CANDIDATE_ONLY_NOT_G5_MATCHED,False,False,False,0
77,75342,67360,UTL,2013-07-24,CANDIDATE_ONLY_NOT_G5_MATCHED,False,False,False,0
77,75342,73809,SUSQ,2013-07-24,CANDIDATE_ONLY_NOT_G5_MATCHED,False,False,False,0
77,75342,76082,COG,2013-07-24,CANDIDATE_ONLY_NOT_G5_MATCHED,False,False,False,0
77,75342,76185,TYL,2013-07-24,CANDIDATE_ONLY_NOT_G5_MATCHED,False,False,False,0
77,75342,76215,ICON,2013-07-24,CANDIDATE_ONLY_NOT_G5_MATCHED,False,False,False,0
77,75342,76788,HWAY,2013-07-24,CANDIDATE_ONLY_NOT_G5_MATCHED,False,False,False,0
77,75342,77178,QCOM,2013-07-24,CANDIDATE_ONLY_NOT_G5_MATCHED,False,False,False,0
77,75342,77271,SPNC,2013-07-24,CANDIDATE_ONLY_NOT_G5_MATCHED,False,False,False,0
77,75342,77425,USAK,2013-07-24,CANDIDATE_ONLY_NOT_G5_MATCHED,False,False,False,0
77,75342,77643,FCF,2013-07-24,CANDIDATE_ONLY_NOT_G5_MATCHED,False,False,False,0
77,75342,77768,PX,2013-07-24,CANDIDATE_ONLY_NOT_G5_MATCHED,False,False,False,0
77,75342,77902,CAKE,2013-07-24,CANDIDATE_ONLY_NOT_G5_MATCHED,False,False,False,0
77,75342,77917,ASGN,2013-07-24,CANDIDATE_ONLY_NOT_G5_MATCHED,False,False,False,0
77,75342,78038,RDN,2013-07-24,CANDIDATE_ONLY_NOT_G5_MATCHED,False,False,False,0
77,75342,78044,UFI,2013-07-24,CANDIDATE_ONLY_NOT_G5_MATCHED,False,False,False,0
77,75342,79013,SYBT,2013-07-24,CANDIDATE_ONLY_NOT_G5_MATCHED,False,False,False,0
77,75342,79037,ETH,2013-07-24,CANDIDATE_ONLY_NOT_G5_MATCHED,False,False,False,0
77,75342,79133,ATR,2013-07-24,CANDIDATE_ONLY_NOT_G5_MATCHED,False,False,False,0
77,75342,79198,TWI,2013-07-24,CANDIDATE_ONLY_NOT_G5_MATCHED,False,False,False,0
77,75342,79859,NYCB,2013-07-24,CANDIDATE_ONLY_NOT_G5_MATCHED,False,False,False,0
77,75342,79915,NFX,2013-07-24,CANDIDATE_ONLY_NOT_G5_MATCHED,False,False,False,0
77,75342,80049,TQNT,2013-07-24,CANDIDATE_ONLY_NOT_G5_MATCHED,False,False,False,0
77,75342,80286,TSCO,2013-07-24,CANDIDATE_ONLY_NOT_G5_MATCHED,False,False,False,0
77,75342,80951,TESS,2013-07-24,CANDIDATE_ONLY_NOT_G5_MATCHED,False,False,False,0
77,75342,80987,KNX,2013-07-24,CANDIDATE_ONLY_NOT_G5_MATCHED,False,False,False,0
77,75342,81540,ABC,2013-07-24,CANDIDATE_ONLY_NOT_G5_MATCHED,False,False,False,0
77,75342,82686,CTXS,2013-07-24,CANDIDATE_ONLY_NOT_G5_MATCHED,False,False,False,0
77,75342,83462,TUP,2013-07-24,CANDIDATE_ONLY_NOT_G5_MATCHED,False,False,False,0
77,75342,83671,TBI,2013-07-24,CANDIDATE_ONLY_NOT_G5_MATCHED,False,False,False,0
77,75342,83862,ETFC,2013-07-24,CANDIDATE_ONLY_NOT_G5_MATCHED,False,False,False,0
77,75342,83906,SRCL,2013-07-24,CANDIDATE_ONLY_NOT_G5_MATCHED,False,False,False,0
77,75342,84168,IM,2013-07-24,CANDIDATE_ONLY_NOT_G5_MATCHED,False,False,False,0
77,75342,84210,FORR,2013-07-24,CANDIDATE_ONLY_NOT_G5_MATCHED,False,False,False,0
77,75342,84563,SLGN,2013-07-24,CANDIDATE_ONLY_NOT_G5_MATCHED,False,False,False,0
77,75342,85177,EGHT,2013-07-24,CANDIDATE_ONLY_NOT_G5_MATCHED,False,False,False,0
77,75342,85860,BRKL,2013-07-24,CANDIDATE_ONLY_NOT_G5_MATCHED,False,False,False,0
77,75342,86432,PB,2013-07-24,CANDIDATE_ONLY_NOT_G5_MATCHED,False,False,False,0
77,75342,86946,RAI,2013-07-24,CANDIDATE_ONLY_NOT_G5_MATCHED,False,False,False,0
77,75342,86949,SKX,2013-07-24,CANDIDATE_ONLY_NOT_G5_MATCHED,False,False,False,0
77,75342,86964,FFIV,2013-07-24,CANDIDATE_ONLY_NOT_G5_MATCHED,False,False,False,0
77,75342,87299,AKAM,2013-07-24,CANDIDATE_ONLY_NOT_G5_MATCHED,False,False,False,0
77,75342,87632,SQNM,2013-07-24,CANDIDATE_ONLY_NOT_G5_MATCHED,False,False,False,0
77,75342,87696,EXAR,2013-07-24,CANDIDATE_ONLY_NOT_G5_MATCHED,False,False,False,0
77,75342,87785,ITMN,2013-07-24,CANDIDATE_ONLY_NOT_G5_MATCHED,False,False,False,0
77,75342,88195,SGMO,2013-07-24,CANDIDATE_ONLY_NOT_G5_MATCHED,False,False,False,0
77,75342,88280,BHLB,2013-07-24,CANDIDATE_ONLY_NOT_G5_MATCHED,False,False,False,0
77,75342,88516,DYAX,2013-07-24,CANDIDATE_ONLY_NOT_G5_MATCHED,False,False,False,0
77,75342,88895,MPX,2013-07-24,CANDIDATE_ONLY_NOT_G5_MATCHED,False,False,False,0
77,75342,88970,SHBI,2013-07-24,CANDIDATE_ONLY_NOT_G5_MATCHED,False,False,False,0
77,75342,89179,WLP,2013-07-24,CANDIDATE_ONLY_NOT_G5_MATCHED,False,False,False,0
77,75342,89440,NBBC,2013-07-24,CANDIDATE_ONLY_NOT_G5_MATCHED,False,False,False,0
77,75342,89573,PKBK,2013-07-24,CANDIDATE_ONLY_NOT_G5_MATCHED,False,False,False,0
77,75342,89617,EQIX,2013-07-24,CANDIDATE_ONLY_NOT_G5_MATCHED,False,False,False,0
77,75342,89901,WLL,2013-07-24,CANDIDATE_ONLY_NOT_G5_MATCHED,False,False,False,0
77,75342,90038,AIZ,2013-07-24,CANDIDATE_ONLY_NOT_G5_MATCHED,False,False,False,0
77,75342,90454,MKTX,2013-07-24,CANDIDATE_ONLY_NOT_G5_MATCHED,False,False,False,0
77,75342,90490,TBBK,2013-07-24,CANDIDATE_ONLY_NOT_G5_MATCHED,False,False,False,0
77,75342,90786,ITC,2013-07-24,CANDIDATE_ONLY_NOT_G5_MATCHED,False,False,False,0
77,75342,90880,AMP,2013-07-24,CANDIDATE_ONLY_NOT_G5_MATCHED,False,False,False,0
77,75342,90893,LCC,2013-07-24,CANDIDATE_ONLY_NOT_G5_MATCHED,False,False,False,0
77,75342,90940,TAL,2013-07-24,CANDIDATE_ONLY_NOT_G5_MATCHED,False,False,False,0
77,75342,91090,CROX,2013-07-24,CANDIDATE_ONLY_NOT_G5_MATCHED,False,False,False,0
77,75342,91349,CLUB,2013-07-24,CANDIDATE_ONLY_NOT_G5_MATCHED,False,False,False,0
77,75342,91392,WYN,2013-07-24,CANDIDATE_ONLY_NOT_G5_MATCHED,False,False,False,0
77,75342,91413,EVR,2013-07-24,CANDIDATE_ONLY_NOT_G5_MATCHED,False,False,False,0
77,75342,91531,OC,2013-07-24,CANDIDATE_ONLY_NOT_G5_MATCHED,False,False,False,0
77,75342,91926,DAL,2013-07-24,CANDIDATE_ONLY_NOT_G5_MATCHED,False,False,False,0
77,75342,92010,JMP,2013-07-24,CANDIDATE_ONLY_NOT_G5_MATCHED,False,False,False,0
77,75342,92172,DHX,2013-07-24,CANDIDATE_ONLY_NOT_G5_MATCHED,False,False,False,0
77,75342,92611,V,2013-07-24,CANDIDATE_ONLY_NOT_G5_MATCHED,False,False,False,0
77,75342,92618,DPS,2013-07-24,CANDIDATE_ONLY_NOT_G5_MATCHED,False,False,False,0
77,75342,92854,CLW,2013-07-24,CANDIDATE_ONLY_NOT_G5_MATCHED,False,False,False,0
77,75342,92919,ORRF,2013-07-24,CANDIDATE_ONLY_NOT_G5_MATCHED,False,False,False,0
77,75342,93222,SYA,2013-07-24,CANDIDATE_ONLY_NOT_G5_MATCHED,False,False,False,0
78,75654,12340,TOWR,2015-02-12,CANDIDATE_ONLY_NOT_G5_MATCHED,False,False,False,0
78,75654,12477,WD,2015-02-12,CANDIDATE_ONLY_NOT_G5_MATCHED,False,False,False,0
78,75654,12660,GNC,2015-02-12,CANDIDATE_ONLY_NOT_G5_MATCHED,False,False,False,0
78,75654,13196,RLGT,2015-02-12,CANDIDATE_ONLY_NOT_G5_MATCHED,False,False,False,0
78,75654,13598,KRFT,2015-02-12,CANDIDATE_ONLY_NOT_G5_MATCHED,False,False,False,0
78,75654,13625,SSTK,2015-02-12,CANDIDATE_ONLY_NOT_G5_MATCHED,False,False,False,0
78,75654,17478,MHFI,2015-02-12,CANDIDATE_ONLY_NOT_G5_MATCHED,False,False,False,0
78,75654,26825,K,2015-02-12,CANDIDATE_ONLY_NOT_G5_MATCHED,False,False,False,0
78,75654,34673,NR,2015-02-12,CANDIDATE_ONLY_NOT_G5_MATCHED,False,False,False,0
78,75654,39490,APA,2015-02-12,CANDIDATE_ONLY_NOT_G5_MATCHED,False,False,False,0
78,75654,40416,AVP,2015-02-12,CANDIDATE_ONLY_NOT_G5_MATCHED,False,False,False,0
78,75654,40440,DBD,2015-02-12,CANDIDATE_ONLY_NOT_G5_MATCHED,False,False,False,0
78,75654,41187,HE,2015-02-12,CANDIDATE_ONLY_NOT_G5_MATCHED,False,False,False,0
78,75654,48531,LNCE,2015-02-12,CANDIDATE_ONLY_NOT_G5_MATCHED,False,False,False,0
78,75654,55212,SPW,2015-02-12,CANDIDATE_ONLY_NOT_G5_MATCHED,False,False,False,0
78,75654,70536,SIAL,2015-02-12,CANDIDATE_ONLY_NOT_G5_MATCHED,False,False,False,0
78,75654,76226,CBS,2015-02-12,CANDIDATE_ONLY_NOT_G5_MATCHED,False,False,False,0
78,75654,78977,JAH,2015-02-12,CANDIDATE_ONLY_NOT_G5_MATCHED,False,False,False,0
78,75654,79545,BWA,2015-02-12,CANDIDATE_ONLY_NOT_G5_MATCHED,False,False,False,0
78,75654,79758,BYD,2015-02-12,CANDIDATE_ONLY_NOT_G5_MATCHED,False,False,False,0
78,75654,82307,DVA,2015-02-12,CANDIDATE_ONLY_NOT_G5_MATCHED,False,False,False,0
78,75654,86228,RSG,2015-02-12,CANDIDATE_ONLY_NOT_G5_MATCHED,False,False,False,0
78,75654,86709,AMRI,2015-02-12,CANDIDATE_ONLY_NOT_G5_MATCHED,False,False,False,0
78,75654,88924,FLO,2015-02-12,CANDIDATE_ONLY_NOT_G5_MATCHED,False,False,False,0
78,75654,90110,HSP,2015-02-12,CANDIDATE_ONLY_NOT_G5_MATCHED,False,False,False,0
78,75654,90126,CYTK,2015-02-12,CANDIDATE_ONLY_NOT_G5_MATCHED,False,False,False,0
78,75654,90458,NWE,2015-02-12,CANDIDATE_ONLY_NOT_G5_MATCHED,False,False,False,0
78,75654,90547,ANR,2015-02-12,CANDIDATE_ONLY_NOT_G5_MATCHED,False,False,False,0
78,75654,90775,THS,2015-02-12,CANDIDATE_ONLY_NOT_G5_MATCHED,False,False,False,0
78,75654,91237,VG,2015-02-12,CANDIDATE_ONLY_NOT_G5_MATCHED,False,False,False,0
78,75654,92032,BIOD,2015-02-12,CANDIDATE_ONLY_NOT_G5_MATCHED,False,False,False,0
78,75654,92102,SCOR,2015-02-12,CANDIDATE_ONLY_NOT_G5_MATCHED,False,False,False,0
78,75654,93374,FAF,2015-02-12,CANDIDATE_ONLY_NOT_G5_MATCHED,False,False,False,0
78,75654,93434,SANW,2015-02-12,CANDIDATE_ONLY_NOT_G5_MATCHED,False,False,False,0
79,75654,11691,MATX,2015-05-04,CANDIDATE_ONLY_NOT_G5_MATCHED,False,False,False,0
79,75654,11891,MGM,2015-05-04,CANDIDATE_ONLY_NOT_G5_MATCHED,False,False,False,0
79,75654,12573,ACRX,2015-05-04,CANDIDATE_ONLY_NOT_G5_MATCHED,False,False,False,0
79,75654,13112,NTK,2015-05-04,CANDIDATE_ONLY_NOT_G5_MATCHED,False,False,False,0
79,75654,13600,QLYS,2015-05-04,CANDIDATE_ONLY_NOT_G5_MATCHED,False,False,False,0
79,75654,13622,RLGY,2015-05-04,CANDIDATE_ONLY_NOT_G5_MATCHED,False,False,False,0
79,75654,13967,PTCT,2015-05-04,CANDIDATE_ONLY_NOT_G5_MATCHED,False,False,False,0
79,75654,14313,IPWR,2015-05-04,CANDIDATE_ONLY_NOT_G5_MATCHED,False,False,False,0
79,75654,14359,XNCR,2015-05-04,CANDIDATE_ONLY_NOT_G5_MATCHED,False,False,False,0
79,75654,15202,VMC,2015-05-04,CANDIDATE_ONLY_NOT_G5_MATCHED,False,False,False,0
79,75654,26710,L,2015-05-04,CANDIDATE_ONLY_NOT_G5_MATCHED,False,False,False,0
79,75654,47626,CNA,2015-05-04,CANDIDATE_ONLY_NOT_G5_MATCHED,False,False,False,0
79,75654,50623,MTSC,2015-05-04,CANDIDATE_ONLY_NOT_G5_MATCHED,False,False,False,0
79,75654,61946,BKH,2015-05-04,CANDIDATE_ONLY_NOT_G5_MATCHED,False,False,False,0
79,75654,64936,D,2015-05-04,CANDIDATE_ONLY_NOT_G5_MATCHED,False,False,False,0
79,75654,70332,APC,2015-05-04,CANDIDATE_ONLY_NOT_G5_MATCHED,False,False,False,0
79,75654,75825,EOG,2015-05-04,CANDIDATE_ONLY_NOT_G5_MATCHED,False,False,False,0
79,75654,75854,LSCC,2015-05-04,CANDIDATE_ONLY_NOT_G5_MATCHED,False,False,False,0
79,75654,77595,ARCB,2015-05-04,CANDIDATE_ONLY_NOT_G5_MATCHED,False,False,False,0
79,75654,78186,PQ,2015-05-04,CANDIDATE_ONLY_NOT_G5_MATCHED,False,False,False,0
79,75654,79444,SGY,2015-05-04,CANDIDATE_ONLY_NOT_G5_MATCHED,False,False,False,0
79,75654,80112,CACB,2015-05-04,CANDIDATE_ONLY_NOT_G5_MATCHED,False,False,False,0
79,75654,82298,DO,2015-05-04,CANDIDATE_ONLY_NOT_G5_MATCHED,False,False,False,0
79,75654,82307,DVA,2015-05-04,CANDIDATE_ONLY_NOT_G5_MATCHED,False,False,False,0
79,75654,82581,HSIC,2015-05-04,CANDIDATE_ONLY_NOT_G5_MATCHED,False,False,False,0
79,75654,83291,ELNK,2015-05-04,CANDIDATE_ONLY_NOT_G5_MATCHED,False,False,False,0
79,75654,84168,IM,2015-05-04,CANDIDATE_ONLY_NOT_G5_MATCHED,False,False,False,0
79,75654,84320,IGTE,2015-05-04,CANDIDATE_ONLY_NOT_G5_MATCHED,False,False,False,0
79,75654,84438,SNHY,2015-05-04,CANDIDATE_ONLY_NOT_G5_MATCHED,False,False,False,0
79,75654,86158,CTSH,2015-05-04,CANDIDATE_ONLY_NOT_G5_MATCHED,False,False,False,0
79,75654,87789,LMNX,2015-05-04,CANDIDATE_ONLY_NOT_G5_MATCHED,False,False,False,0
79,75654,88790,ARRY,2015-05-04,CANDIDATE_ONLY_NOT_G5_MATCHED,False,False,False,0
79,75654,89509,XEC,2015-05-04,CANDIDATE_ONLY_NOT_G5_MATCHED,False,False,False,0
79,75654,89572,CEVA,2015-05-04,CANDIDATE_ONLY_NOT_G5_MATCHED,False,False,False,0
79,75654,90188,NUVA,2015-05-04,CANDIDATE_ONLY_NOT_G5_MATCHED,False,False,False,0
79,75654,90312,WLK,2015-05-04,CANDIDATE_ONLY_NOT_G5_MATCHED,False,False,False,0
79,75654,90925,FNF,2015-05-04,CANDIDATE_ONLY_NOT_G5_MATCHED,False,False,False,0
79,75654,92044,KS,2015-05-04,CANDIDATE_ONLY_NOT_G5_MATCHED,False,False,False,0
79,75654,93307,MERU,2015-05-04,CANDIDATE_ONLY_NOT_G5_MATCHED,False,False,False,0
79,75654,93428,BSFT,2015-05-04,CANDIDATE_ONLY_NOT_G5_MATCHED,False,False,False,0
80,75828,11293,WSBC,2015-01-27,CANDIDATE_ONLY_NOT_G5_MATCHED,False,False,False,0
80,75828,11703,DD,2015-01-27,CANDIDATE_ONLY_NOT_G5_MATCHED,False,False,False,0
80,75828,13921,CUBI,2015-01-27,CANDIDATE_ONLY_NOT_G5_MATCHED,False,False,False,0
80,75828,14008,AMGN,2015-01-27,CANDIDATE_ONLY_NOT_G5_MATCHED,False,False,False,0
80,75828,18542,CAT,2015-01-27,CANDIDATE_ONLY_NOT_G5_MATCHED,False,False,False,0
80,75828,21020,AAL,2015-01-27,CANDIDATE_ONLY_NOT_G5_MATCHED,False,False,False,0
80,75828,21178,LMT,2015-01-27,CANDIDATE_ONLY_NOT_G5_MATCHED,False,False,False,0
80,75828,24205,NEE,2015-01-27,CANDIDATE_ONLY_NOT_G5_MATCHED,False,False,False,0
80,75828,25953,DOV,2015-01-27,CANDIDATE_ONLY_NOT_G5_MATCHED,False,False,False,0
80,75828,34817,NUE,2015-01-27,CANDIDATE_ONLY_NOT_G5_MATCHED,False,False,False,0
80,75828,35167,FMER,2015-01-27,CANDIDATE_ONLY_NOT_G5_MATCHED,False,False,False,0
80,75828,45277,IGT,2015-01-27,CANDIDATE_ONLY_NOT_G5_MATCHED,False,False,False,0
80,75828,49680,DHR,2015-01-27,CANDIDATE_ONLY_NOT_G5_MATCHED,False,False,False,0
80,75828,65402,AOS,2015-01-27,CANDIDATE_ONLY_NOT_G5_MATCHED,False,False,False,0
80,75828,66384,WDC,2015-01-27,CANDIDATE_ONLY_NOT_G5_MATCHED,False,False,False,0
80,75828,69586,SBCF,2015-01-27,CANDIDATE_ONLY_NOT_G5_MATCHED,False,False,False,0
80,75828,76644,X,2015-01-27,CANDIDATE_ONLY_NOT_G5_MATCHED,False,False,False,0
80,75828,77528,STBA,2015-01-27,CANDIDATE_ONLY_NOT_G5_MATCHED,False,False,False,0
80,75828,78903,PEBO,2015-01-27,CANDIDATE_ONLY_NOT_G5_MATCHED,False,False,False,0
80,75828,79131,MSL,2015-01-27,CANDIDATE_ONLY_NOT_G5_MATCHED,False,False,False,0
80,75828,80303,AKS,2015-01-27,CANDIDATE_ONLY_NOT_G5_MATCHED,False,False,False,0
80,75828,81256,ISSI,2015-01-27,CANDIDATE_ONLY_NOT_G5_MATCHED,False,False,False,0
80,75828,82643,LXK,2015-01-27,CANDIDATE_ONLY_NOT_G5_MATCHED,False,False,False,0
80,75828,83815,DCOM,2015-01-27,CANDIDATE_ONLY_NOT_G5_MATCHED,False,False,False,0
80,75828,84226,ISCA,2015-01-27,CANDIDATE_ONLY_NOT_G5_MATCHED,False,False,False,0
80,75828,86582,STL,2015-01-27,CANDIDATE_ONLY_NOT_G5_MATCHED,False,False,False,0
80,75828,86979,JNPR,2015-01-27,CANDIDATE_ONLY_NOT_G5_MATCHED,False,False,False,0
80,75828,88597,POL,2015-01-27,CANDIDATE_ONLY_NOT_G5_MATCHED,False,False,False,0
80,75828,88991,BTU,2015-01-27,CANDIDATE_ONLY_NOT_G5_MATCHED,False,False,False,0
80,75828,90404,CLMS,2015-01-27,CANDIDATE_ONLY_NOT_G5_MATCHED,False,False,False,0
80,75828,90711,UBNK,2015-01-27,CANDIDATE_ONLY_NOT_G5_MATCHED,False,False,False,0
80,75828,90783,FTK,2015-01-27,CANDIDATE_ONLY_NOT_G5_MATCHED,False,False,False,0
80,75828,91152,TDG,2015-01-27,CANDIDATE_ONLY_NOT_G5_MATCHED,False,False,False,0
80,75828,91514,LTXB,2015-01-27,CANDIDATE_ONLY_NOT_G5_MATCHED,False,False,False,0
80,75828,91814,ARAY,2015-01-27,CANDIDATE_ONLY_NOT_G5_MATCHED,False,False,False,0
80,75828,92257,VMW,2015-01-27,CANDIDATE_ONLY_NOT_G5_MATCHED,False,False,False,0
80,75828,92810,HBCP,2015-01-27,CANDIDATE_ONLY_NOT_G5_MATCHED,False,False,False,0
81,75854,10107,MSFT,2013-04-18,CANDIDATE_ONLY_NOT_G5_MATCHED,False,False,False,0
81,75854,10302,CY,2013-04-18,CANDIDATE_ONLY_NOT_G5_MATCHED,False,False,False,0
81,75854,10397,WERN,2013-04-18,CANDIDATE_ONLY_NOT_G5_MATCHED,False,False,False,0
81,75854,12073,PBCT,2013-04-18,CANDIDATE_ONLY_NOT_G5_MATCHED,False,False,False,0
81,75854,12490,IBM,2013-04-18,CANDIDATE_ONLY_NOT_G5_MATCHED,False,False,False,0
81,75854,13856,PEP,2013-04-18,CANDIDATE_ONLY_NOT_G5_MATCHED,False,False,False,0
81,75854,15318,ASBC,2013-04-18,CANDIDATE_ONLY_NOT_G5_MATCHED,False,False,False,0
81,75854,22509,PPG,2013-04-18,CANDIDATE_ONLY_NOT_G5_MATCHED,False,False,False,0
81,75854,27887,BAX,2013-04-18,CANDIDATE_ONLY_NOT_G5_MATCHED,False,False,False,0
81,75854,30681,OMC,2013-04-18,CANDIDATE_ONLY_NOT_G5_MATCHED,False,False,False,0
81,75854,34746,FITB,2013-04-18,CANDIDATE_ONLY_NOT_G5_MATCHED,False,False,False,0
81,75854,34817,NUE,2013-04-18,CANDIDATE_ONLY_NOT_G5_MATCHED,False,False,False,0
81,75854,36468,SHW,2013-04-18,CANDIDATE_ONLY_NOT_G5_MATCHED,False,False,False,0
81,75854,48725,UNP,2013-04-18,CANDIDATE_ONLY_NOT_G5_MATCHED,False,False,False,0
81,75854,49680,DHR,2013-04-18,CANDIDATE_ONLY_NOT_G5_MATCHED,False,False,False,0
81,75854,59619,SXT,2013-04-18,CANDIDATE_ONLY_NOT_G5_MATCHED,False,False,False,0
81,75854,60206,SNA,2013-04-18,CANDIDATE_ONLY_NOT_G5_MATCHED,False,False,False,0
81,75854,64194,CHE,2013-04-18,CANDIDATE_ONLY_NOT_G5_MATCHED,False,False,False,0
81,75854,64995,KEY,2013-04-18,CANDIDATE_ONLY_NOT_G5_MATCHED,False,False,False,0
81,75854,65875,VZ,2013-04-18,CANDIDATE_ONLY_NOT_G5_MATCHED,False,False,False,0
81,75854,66376,WSO,2013-04-18,CANDIDATE_ONLY_NOT_G5_MATCHED,False,False,False,0
81,75854,69032,MS,2013-04-18,CANDIDATE_ONLY_NOT_G5_MATCHED,False,False,False,0
81,75854,71176,SON,2013-04-18,CANDIDATE_ONLY_NOT_G5_MATCHED,False,False,False,0
81,75854,71563,BBT,2013-04-18,CANDIDATE_ONLY_NOT_G5_MATCHED,False,False,False,0
81,75854,76282,AN,2013-04-18,CANDIDATE_ONLY_NOT_G5_MATCHED,False,False,False,0
81,75854,76788,HWAY,2013-04-18,CANDIDATE_ONLY_NOT_G5_MATCHED,False,False,False,0
81,75854,79628,UTEK,2013-04-18,CANDIDATE_ONLY_NOT_G5_MATCHED,False,False,False,0
81,75854,79824,FFIN,2013-04-18,CANDIDATE_ONLY_NOT_G5_MATCHED,False,False,False,0
81,75854,79841,FWRD,2013-04-18,CANDIDATE_ONLY_NOT_G5_MATCHED,False,False,False,0
81,75854,80128,VMI,2013-04-18,CANDIDATE_ONLY_NOT_G5_MATCHED,False,False,False,0
81,75854,80563,PENN,2013-04-18,CANDIDATE_ONLY_NOT_G5_MATCHED,False,False,False,0
81,75854,81055,COF,2013-04-18,CANDIDATE_ONLY_NOT_G5_MATCHED,False,False,False,0
81,75854,81774,FCX,2013-04-18,CANDIDATE_ONLY_NOT_G5_MATCHED,False,False,False,0
81,75854,83272,HUBG,2013-04-18,CANDIDATE_ONLY_NOT_G5_MATCHED,False,False,False,0
81,75854,83307,PGI,2013-04-18,CANDIDATE_ONLY_NOT_G5_MATCHED,False,False,False,0
81,75854,83862,ETFC,2013-04-18,CANDIDATE_ONLY_NOT_G5_MATCHED,False,False,False,0
81,75854,83934,FMFC,2013-04-18,CANDIDATE_ONLY_NOT_G5_MATCHED,False,False,False,0
81,75854,84060,CBST,2013-04-18,CANDIDATE_ONLY_NOT_G5_MATCHED,False,False,False,0
81,75854,84769,APH,2013-04-18,CANDIDATE_ONLY_NOT_G5_MATCHED,False,False,False,0
81,75854,84827,RMBS,2013-04-18,CANDIDATE_ONLY_NOT_G5_MATCHED,False,False,False,0
81,75854,86157,COBZ,2013-04-18,CANDIDATE_ONLY_NOT_G5_MATCHED,False,False,False,0
81,75854,86287,RBCAA,2013-04-18,CANDIDATE_ONLY_NOT_G5_MATCHED,False,False,False,0
81,75854,86876,WCC,2013-04-18,CANDIDATE_ONLY_NOT_G5_MATCHED,False,False,False,0
81,75854,87020,PVTB,2013-04-18,CANDIDATE_ONLY_NOT_G5_MATCHED,False,False,False,0
81,75854,87139,FCS,2013-04-18,CANDIDATE_ONLY_NOT_G5_MATCHED,False,False,False,0
81,75854,87725,IIIN,2013-04-18,CANDIDATE_ONLY_NOT_G5_MATCHED,False,False,False,0
81,75854,88331,CPHD,2013-04-18,CANDIDATE_ONLY_NOT_G5_MATCHED,False,False,False,0
81,75854,88991,BTU,2013-04-18,CANDIDATE_ONLY_NOT_G5_MATCHED,False,False,False,0
81,75854,89002,ADS,2013-04-18,CANDIDATE_ONLY_NOT_G5_MATCHED,False,False,False,0
81,75854,89394,OSTK,2013-04-18,CANDIDATE_ONLY_NOT_G5_MATCHED,False,False,False,0
81,75854,89611,ACTG,2013-04-18,CANDIDATE_ONLY_NOT_G5_MATCHED,False,False,False,0
81,75854,89799,MNRK,2013-04-18,CANDIDATE_ONLY_NOT_G5_MATCHED,False,False,False,0
81,75854,89941,TZOO,2013-04-18,CANDIDATE_ONLY_NOT_G5_MATCHED,False,False,False,0
81,75854,90520,CE,2013-04-18,CANDIDATE_ONLY_NOT_G5_MATCHED,False,False,False,0
81,75854,90776,WAL,2013-04-18,CANDIDATE_ONLY_NOT_G5_MATCHED,False,False,False,0
81,75854,90824,UBNK,2013-04-18,CANDIDATE_ONLY_NOT_G5_MATCHED,False,False,False,0
81,75854,91068,CMG,2013-04-18,CANDIDATE_ONLY_NOT_G5_MATCHED,False,False,False,0
81,75854,91977,BGS,2013-04-18,CANDIDATE_ONLY_NOT_G5_MATCHED,False,False,False,0
81,75854,92655,UNH,2013-04-18,CANDIDATE_ONLY_NOT_G5_MATCHED,False,False,False,0
82,76695,10363,AMAG,2013-04-23,CANDIDATE_ONLY_NOT_G5_MATCHED,False,False,False,0
82,76695,10382,ASTE,2013-04-23,CANDIDATE_ONLY_NOT_G5_MATCHED,False,False,False,0
82,76695,10629,FNB,2013-04-23,CANDIDATE_ONLY_NOT_G5_MATCHED,False,False,False,0
82,76695,10890,UIS,2013-04-23,CANDIDATE_ONLY_NOT_G5_MATCHED,False,False,False,0
82,76695,11442,CHCO,2013-04-23,CANDIDATE_ONLY_NOT_G5_MATCHED,False,False,False,0
82,76695,11703,DD,2013-04-23,CANDIDATE_ONLY_NOT_G5_MATCHED,False,False,False,0
82,76695,14008,AMGN,2013-04-23,CANDIDATE_ONLY_NOT_G5_MATCHED,False,False,False,0
82,76695,14593,AAPL,2013-04-23,CANDIDATE_ONLY_NOT_G5_MATCHED,False,False,False,0
82,76695,15560,RSH,2013-04-23,CANDIDATE_ONLY_NOT_G5_MATCHED,False,False,False,0
82,76695,17743,WRB,2013-04-23,CANDIDATE_ONLY_NOT_G5_MATCHED,False,False,False,0
82,76695,17830,UTX,2013-04-23,CANDIDATE_ONLY_NOT_G5_MATCHED,False,False,False,0
82,76695,20053,SNV,2013-04-23,CANDIDATE_ONLY_NOT_G5_MATCHED,False,False,False,0
82,76695,21178,LMT,2013-04-23,CANDIDATE_ONLY_NOT_G5_MATCHED,False,False,False,0
82,76695,23297,EAT,2013-04-23,CANDIDATE_ONLY_NOT_G5_MATCHED,False,False,False,0
82,76695,27633,R,2013-04-23,CANDIDATE_ONLY_NOT_G5_MATCHED,False,False,False,0
82,76695,27983,XRX,2013-04-23,CANDIDATE_ONLY_NOT_G5_MATCHED,False,False,False,0
82,76695,28222,APD,2013-04-23,CANDIDATE_ONLY_NOT_G5_MATCHED,False,False,False,0
82,76695,28564,CTS,2013-04-23,CANDIDATE_ONLY_NOT_G5_MATCHED,False,False,False,0
82,76695,35044,RF,2013-04-23,CANDIDATE_ONLY_NOT_G5_MATCHED,False,False,False,0
82,76695,35167,FMER,2013-04-23,CANDIDATE_ONLY_NOT_G5_MATCHED,False,False,False,0
82,76695,35263,TRMK,2013-04-23,CANDIDATE_ONLY_NOT_G5_MATCHED,False,False,False,0
82,76695,42534,JCI,2013-04-23,CANDIDATE_ONLY_NOT_G5_MATCHED,False,False,False,0
82,76695,45241,FRX,2013-04-23,CANDIDATE_ONLY_NOT_G5_MATCHED,False,False,False,0
82,76695,46077,AXE,2013-04-23,CANDIDATE_ONLY_NOT_G5_MATCHED,False,False,False,0
82,76695,46877,BCR,2013-04-23,CANDIDATE_ONLY_NOT_G5_MATCHED,False,False,False,0
82,76695,47941,GCI,2013-04-23,CANDIDATE_ONLY_NOT_G5_MATCHED,False,False,False,0
82,76695,52230,RHI,2013-04-23,CANDIDATE_ONLY_NOT_G5_MATCHED,False,False,False,0
82,76695,56573,ITW,2013-04-23,CANDIDATE_ONLY_NOT_G5_MATCHED,False,False,False,0
82,76695,58975,OII,2013-04-23,CANDIDATE_ONLY_NOT_G5_MATCHED,False,False,False,0
82,76695,59600,TWIN,2013-04-23,CANDIDATE_ONLY_NOT_G5_MATCHED,False,False,False,0
82,76695,60186,OMI,2013-04-23,CANDIDATE_ONLY_NOT_G5_MATCHED,False,False,False,0
82,76695,60506,PCAR,2013-04-23,CANDIDATE_ONLY_NOT_G5_MATCHED,False,False,False,0
82,76695,62308,TMK,2013-04-23,CANDIDATE_ONLY_NOT_G5_MATCHED,False,False,False,0
82,76695,64311,NSC,2013-04-23,CANDIDATE_ONLY_NOT_G5_MATCHED,False,False,False,0
82,76695,65402,AOS,2013-04-23,CANDIDATE_ONLY_NOT_G5_MATCHED,False,False,False,0
82,76695,66093,T,2013-04-23,CANDIDATE_ONLY_NOT_G5_MATCHED,False,False,False,0
82,76695,75182,PII,2013-04-23,CANDIDATE_ONLY_NOT_G5_MATCHED,False,False,False,0
82,76695,75326,ACI,2013-04-23,CANDIDATE_ONLY_NOT_G5_MATCHED,False,False,False,0
82,76695,75853,ZIXI,2013-04-23,CANDIDATE_ONLY_NOT_G5_MATCHED,False,False,False,0
82,76695,75906,GSBC,2013-04-23,CANDIDATE_ONLY_NOT_G5_MATCHED,False,False,False,0
82,76695,76234,MOLXA,2013-04-23,CANDIDATE_ONLY_NOT_G5_MATCHED,False,False,False,0
82,76695,76573,MLI,2013-04-23,CANDIDATE_ONLY_NOT_G5_MATCHED,False,False,False,0
82,76695,76639,TSS,2013-04-23,CANDIDATE_ONLY_NOT_G5_MATCHED,False,False,False,0
82,76695,76708,DV,2013-04-23,CANDIDATE_ONLY_NOT_G5_MATCHED,False,False,False,0
82,76695,76709,IDXX,2013-04-23,CANDIDATE_ONLY_NOT_G5_MATCHED,False,False,False,0
82,76695,77271,SPNC,2013-04-23,CANDIDATE_ONLY_NOT_G5_MATCHED,False,False,False,0
82,76695,77528,STBA,2013-04-23,CANDIDATE_ONLY_NOT_G5_MATCHED,False,False,False,0
82,76695,77643,FCF,2013-04-23,CANDIDATE_ONLY_NOT_G5_MATCHED,False,False,False,0
82,76695,78829,UMBF,2013-04-23,CANDIDATE_ONLY_NOT_G5_MATCHED,False,False,False,0
82,76695,78875,CREE,2013-04-23,CANDIDATE_ONLY_NOT_G5_MATCHED,False,False,False,0
82,76695,78903,PEBO,2013-04-23,CANDIDATE_ONLY_NOT_G5_MATCHED,False,False,False,0
82,76695,78908,RCKY,2013-04-23,CANDIDATE_ONLY_NOT_G5_MATCHED,False,False,False,0
82,76695,79037,ETH,2013-04-23,CANDIDATE_ONLY_NOT_G5_MATCHED,False,False,False,0
82,76695,79747,UBSH,2013-04-23,CANDIDATE_ONLY_NOT_G5_MATCHED,False,False,False,0
82,76695,79915,NFX,2013-04-23,CANDIDATE_ONLY_NOT_G5_MATCHED,False,False,False,0
82,76695,80303,AKS,2013-04-23,CANDIDATE_ONLY_NOT_G5_MATCHED,False,False,False,0
82,76695,80498,ABCB,2013-04-23,CANDIDATE_ONLY_NOT_G5_MATCHED,False,False,False,0
82,76695,80569,PULB,2013-04-23,CANDIDATE_ONLY_NOT_G5_MATCHED,False,False,False,0
82,76695,81666,HA,2013-04-23,CANDIDATE_ONLY_NOT_G5_MATCHED,False,False,False,0
82,76695,81678,LECO,2013-04-23,CANDIDATE_ONLY_NOT_G5_MATCHED,False,False,False,0
82,76695,82643,LXK,2013-04-23,CANDIDATE_ONLY_NOT_G5_MATCHED,False,False,False,0
82,76695,82651,WAT,2013-04-23,CANDIDATE_ONLY_NOT_G5_MATCHED,False,False,False,0
82,76695,83405,PLCM,2013-04-23,CANDIDATE_ONLY_NOT_G5_MATCHED,False,False,False,0
82,76695,83503,EXAC,2013-04-23,CANDIDATE_ONLY_NOT_G5_MATCHED,False,False,False,0
82,76695,84010,USNA,2013-04-23,CANDIDATE_ONLY_NOT_G5_MATCHED,False,False,False,0
82,76695,84734,FBC,2013-04-23,CANDIDATE_ONLY_NOT_G5_MATCHED,False,False,False,0
82,76695,85035,RFMD,2013-04-23,CANDIDATE_ONLY_NOT_G5_MATCHED,False,False,False,0
82,76695,85348,YUM,2013-04-23,CANDIDATE_ONLY_NOT_G5_MATCHED,False,False,False,0
82,76695,85627,SAH,2013-04-23,CANDIDATE_ONLY_NOT_G5_MATCHED,False,False,False,0
82,76695,85675,AMSG,2013-04-23,CANDIDATE_ONLY_NOT_G5_MATCHED,False,False,False,0
82,76695,85931,WDR,2013-04-23,CANDIDATE_ONLY_NOT_G5_MATCHED,False,False,False,0
82,76695,85963,BRCM,2013-04-23,CANDIDATE_ONLY_NOT_G5_MATCHED,False,False,False,0
82,76695,86809,SFG,2013-04-23,CANDIDATE_ONLY_NOT_G5_MATCHED,False,False,False,0
82,76695,86896,CBU,2013-04-23,CANDIDATE_ONLY_NOT_G5_MATCHED,False,False,False,0
82,76695,86946,RAI,2013-04-23,CANDIDATE_ONLY_NOT_G5_MATCHED,False,False,False,0
82,76695,88313,JNS,2013-04-23,CANDIDATE_ONLY_NOT_G5_MATCHED,False,False,False,0
82,76695,88661,COH,2013-04-23,CANDIDATE_ONLY_NOT_G5_MATCHED,False,False,False,0
82,76695,88970,SHBI,2013-04-23,CANDIDATE_ONLY_NOT_G5_MATCHED,False,False,False,0
82,76695,89004,FTI,2013-04-23,CANDIDATE_ONLY_NOT_G5_MATCHED,False,False,False,0
82,76695,89269,CNC,2013-04-23,CANDIDATE_ONLY_NOT_G5_MATCHED,False,False,False,0
82,76695,90090,SBNY,2013-04-23,CANDIDATE_ONLY_NOT_G5_MATCHED,False,False,False,0
82,76695,90643,ACW,2013-04-23,CANDIDATE_ONLY_NOT_G5_MATCHED,False,False,False,0
82,76695,90786,ITC,2013-04-23,CANDIDATE_ONLY_NOT_G5_MATCHED,False,False,False,0
82,76695,90893,LCC,2013-04-23,CANDIDATE_ONLY_NOT_G5_MATCHED,False,False,False,0
82,76695,90971,IRBT,2013-04-23,CANDIDATE_ONLY_NOT_G5_MATCHED,False,False,False,0
82,76695,91416,HBI,2013-04-23,CANDIDATE_ONLY_NOT_G5_MATCHED,False,False,False,0
82,76695,91605,CPLA,2013-04-23,CANDIDATE_ONLY_NOT_G5_MATCHED,False,False,False,0
82,76695,91907,SMCI,2013-04-23,CANDIDATE_ONLY_NOT_G5_MATCHED,False,False,False,0
82,76695,91926,DAL,2013-04-23,CANDIDATE_ONLY_NOT_G5_MATCHED,False,False,False,0
82,76695,92121,DFS,2013-04-23,CANDIDATE_ONLY_NOT_G5_MATCHED,False,False,False,0
82,76695,92172,DHX,2013-04-23,CANDIDATE_ONLY_NOT_G5_MATCHED,False,False,False,0
82,76695,93043,HVB,2013-04-23,CANDIDATE_ONLY_NOT_G5_MATCHED,False,False,False,0
82,76695,93150,CIT,2013-04-23,CANDIDATE_ONLY_NOT_G5_MATCHED,False,False,False,0
83,76695,10375,TCB,2013-07-23,CANDIDATE_ONLY_NOT_G5_MATCHED,False,False,False,0
83,76695,10382,ASTE,2013-07-23,CANDIDATE_ONLY_NOT_G5_MATCHED,False,False,False,0
83,76695,10629,FNB,2013-07-23,CANDIDATE_ONLY_NOT_G5_MATCHED,False,False,False,0
83,76695,10890,UIS,2013-07-23,CANDIDATE_ONLY_NOT_G5_MATCHED,False,False,False,0
83,76695,11293,WSBC,2013-07-23,CANDIDATE_ONLY_NOT_G5_MATCHED,False,False,False,0
83,76695,11442,CHCO,2013-07-23,CANDIDATE_ONLY_NOT_G5_MATCHED,False,False,False,0
83,76695,11703,DD,2013-07-23,CANDIDATE_ONLY_NOT_G5_MATCHED,False,False,False,0
83,76695,13901,MO,2013-07-23,CANDIDATE_ONLY_NOT_G5_MATCHED,False,False,False,0
83,76695,14593,AAPL,2013-07-23,CANDIDATE_ONLY_NOT_G5_MATCHED,False,False,False,0
83,76695,15560,RSH,2013-07-23,CANDIDATE_ONLY_NOT_G5_MATCHED,False,False,False,0
83,76695,17830,UTX,2013-07-23,CANDIDATE_ONLY_NOT_G5_MATCHED,False,False,False,0
83,76695,19828,WEN,2013-07-23,CANDIDATE_ONLY_NOT_G5_MATCHED,False,False,False,0
83,76695,21178,LMT,2013-07-23,CANDIDATE_ONLY_NOT_G5_MATCHED,False,False,False,0
83,76695,27334,CSL,2013-07-23,CANDIDATE_ONLY_NOT_G5_MATCHED,False,False,False,0
83,76695,27633,R,2013-07-23,CANDIDATE_ONLY_NOT_G5_MATCHED,False,False,False,0
83,76695,28222,APD,2013-07-23,CANDIDATE_ONLY_NOT_G5_MATCHED,False,False,False,0
83,76695,35044,RF,2013-07-23,CANDIDATE_ONLY_NOT_G5_MATCHED,False,False,False,0
83,76695,35167,FMER,2013-07-23,CANDIDATE_ONLY_NOT_G5_MATCHED,False,False,False,0
83,76695,35263,TRMK,2013-07-23,CANDIDATE_ONLY_NOT_G5_MATCHED,False,False,False,0
83,76695,44601,AVY,2013-07-23,CANDIDATE_ONLY_NOT_G5_MATCHED,False,False,False,0
83,76695,45241,FRX,2013-07-23,CANDIDATE_ONLY_NOT_G5_MATCHED,False,False,False,0
83,76695,45277,IGT,2013-07-23,CANDIDATE_ONLY_NOT_G5_MATCHED,False,False,False,0
83,76695,46077,AXE,2013-07-23,CANDIDATE_ONLY_NOT_G5_MATCHED,False,False,False,0
83,76695,46877,BCR,2013-07-23,CANDIDATE_ONLY_NOT_G5_MATCHED,False,False,False,0
83,76695,52230,RHI,2013-07-23,CANDIDATE_ONLY_NOT_G5_MATCHED,False,False,False,0
83,76695,56573,ITW,2013-07-23,CANDIDATE_ONLY_NOT_G5_MATCHED,False,False,False,0
83,76695,60506,PCAR,2013-07-23,CANDIDATE_ONLY_NOT_G5_MATCHED,False,False,False,0
83,76695,64311,NSC,2013-07-23,CANDIDATE_ONLY_NOT_G5_MATCHED,False,False,False,0
83,76695,66093,T,2013-07-23,CANDIDATE_ONLY_NOT_G5_MATCHED,False,False,False,0
83,76695,70536,SIAL,2013-07-23,CANDIDATE_ONLY_NOT_G5_MATCHED,False,False,False,0
83,76695,75182,PII,2013-07-23,CANDIDATE_ONLY_NOT_G5_MATCHED,False,False,False,0
83,76695,75577,ALTR,2013-07-23,CANDIDATE_ONLY_NOT_G5_MATCHED,False,False,False,0
83,76695,75828,EA,2013-07-23,CANDIDATE_ONLY_NOT_G5_MATCHED,False,False,False,0
83,76695,75853,ZIXI,2013-07-23,CANDIDATE_ONLY_NOT_G5_MATCHED,False,False,False,0
83,76695,75906,GSBC,2013-07-23,CANDIDATE_ONLY_NOT_G5_MATCHED,False,False,False,0
83,76695,75976,NEOG,2013-07-23,CANDIDATE_ONLY_NOT_G5_MATCHED,False,False,False,0
83,76695,76138,BEAV,2013-07-23,CANDIDATE_ONLY_NOT_G5_MATCHED,False,False,False,0
83,76695,76573,MLI,2013-07-23,CANDIDATE_ONLY_NOT_G5_MATCHED,False,False,False,0
83,76695,76639,TSS,2013-07-23,CANDIDATE_ONLY_NOT_G5_MATCHED,False,False,False,0
83,76695,76709,IDXX,2013-07-23,CANDIDATE_ONLY_NOT_G5_MATCHED,False,False,False,0
83,76695,76804,MTG,2013-07-23,CANDIDATE_ONLY_NOT_G5_MATCHED,False,False,False,0
83,76695,77528,STBA,2013-07-23,CANDIDATE_ONLY_NOT_G5_MATCHED,False,False,False,0
83,76695,78139,CPWR,2013-07-23,CANDIDATE_ONLY_NOT_G5_MATCHED,False,False,False,0
83,76695,78829,UMBF,2013-07-23,CANDIDATE_ONLY_NOT_G5_MATCHED,False,False,False,0
83,76695,78903,PEBO,2013-07-23,CANDIDATE_ONLY_NOT_G5_MATCHED,False,False,False,0
83,76695,78908,RCKY,2013-07-23,CANDIDATE_ONLY_NOT_G5_MATCHED,False,False,False,0
83,76695,80303,AKS,2013-07-23,CANDIDATE_ONLY_NOT_G5_MATCHED,False,False,False,0
83,76695,80563,PENN,2013-07-23,CANDIDATE_ONLY_NOT_G5_MATCHED,False,False,False,0
83,76695,81564,IBKC,2013-07-23,CANDIDATE_ONLY_NOT_G5_MATCHED,False,False,False,0
83,76695,81666,HA,2013-07-23,CANDIDATE_ONLY_NOT_G5_MATCHED,False,False,False,0
83,76695,81774,FCX,2013-07-23,CANDIDATE_ONLY_NOT_G5_MATCHED,False,False,False,0
83,76695,82643,LXK,2013-07-23,CANDIDATE_ONLY_NOT_G5_MATCHED,False,False,False,0
83,76695,82651,WAT,2013-07-23,CANDIDATE_ONLY_NOT_G5_MATCHED,False,False,False,0
83,76695,83405,PLCM,2013-07-23,CANDIDATE_ONLY_NOT_G5_MATCHED,False,False,False,0
83,76695,83503,EXAC,2013-07-23,CANDIDATE_ONLY_NOT_G5_MATCHED,False,False,False,0
83,76695,84010,USNA,2013-07-23,CANDIDATE_ONLY_NOT_G5_MATCHED,False,False,False,0
83,76695,84734,FBC,2013-07-23,CANDIDATE_ONLY_NOT_G5_MATCHED,False,False,False,0
83,76695,85020,PPBI,2013-07-23,CANDIDATE_ONLY_NOT_G5_MATCHED,False,False,False,0
83,76695,85035,RFMD,2013-07-23,CANDIDATE_ONLY_NOT_G5_MATCHED,False,False,False,0
83,76695,85627,SAH,2013-07-23,CANDIDATE_ONLY_NOT_G5_MATCHED,False,False,False,0
83,76695,85675,AMSG,2013-07-23,CANDIDATE_ONLY_NOT_G5_MATCHED,False,False,False,0
83,76695,85728,EVBS,2013-07-23,CANDIDATE_ONLY_NOT_G5_MATCHED,False,False,False,0
83,76695,85731,HFWA,2013-07-23,CANDIDATE_ONLY_NOT_G5_MATCHED,False,False,False,0
83,76695,85963,BRCM,2013-07-23,CANDIDATE_ONLY_NOT_G5_MATCHED,False,False,False,0
83,76695,86809,SFG,2013-07-23,CANDIDATE_ONLY_NOT_G5_MATCHED,False,False,False,0
83,76695,86896,CBU,2013-07-23,CANDIDATE_ONLY_NOT_G5_MATCHED,False,False,False,0
83,76695,87447,UPS,2013-07-23,CANDIDATE_ONLY_NOT_G5_MATCHED,False,False,False,0
83,76695,88446,ILMN,2013-07-23,CANDIDATE_ONLY_NOT_G5_MATCHED,False,False,False,0
83,76695,88863,EXAS,2013-07-23,CANDIDATE_ONLY_NOT_G5_MATCHED,False,False,False,0
83,76695,88991,BTU,2013-07-23,CANDIDATE_ONLY_NOT_G5_MATCHED,False,False,False,0
83,76695,89004,FTI,2013-07-23,CANDIDATE_ONLY_NOT_G5_MATCHED,False,False,False,0
83,76695,89269,CNC,2013-07-23,CANDIDATE_ONLY_NOT_G5_MATCHED,False,False,False,0
83,76695,89327,ABG,2013-07-23,CANDIDATE_ONLY_NOT_G5_MATCHED,False,False,False,0
83,76695,90090,SBNY,2013-07-23,CANDIDATE_ONLY_NOT_G5_MATCHED,False,False,False,0
83,76695,90248,DPZ,2013-07-23,CANDIDATE_ONLY_NOT_G5_MATCHED,False,False,False,0
83,76695,90760,KFN,2013-07-23,CANDIDATE_ONLY_NOT_G5_MATCHED,False,False,False,0
83,76695,90971,IRBT,2013-07-23,CANDIDATE_ONLY_NOT_G5_MATCHED,False,False,False,0
83,76695,91514,VPFG,2013-07-23,CANDIDATE_ONLY_NOT_G5_MATCHED,False,False,False,0
83,76695,91605,CPLA,2013-07-23,CANDIDATE_ONLY_NOT_G5_MATCHED,False,False,False,0
83,76695,91659,ALGT,2013-07-23,CANDIDATE_ONLY_NOT_G5_MATCHED,False,False,False,0
83,76695,92121,DFS,2013-07-23,CANDIDATE_ONLY_NOT_G5_MATCHED,False,False,False,0
83,76695,93040,FUBC,2013-07-23,CANDIDATE_ONLY_NOT_G5_MATCHED,False,False,False,0
83,76695,93043,HVB,2013-07-23,CANDIDATE_ONLY_NOT_G5_MATCHED,False,False,False,0
83,76695,93150,CIT,2013-07-23,CANDIDATE_ONLY_NOT_G5_MATCHED,False,False,False,0
84,76695,10890,UIS,2013-10-22,CANDIDATE_ONLY_NOT_G5_MATCHED,False,False,False,0
84,76695,11293,WSBC,2013-10-22,CANDIDATE_ONLY_NOT_G5_MATCHED,False,False,False,0
84,76695,11703,DD,2013-10-22,CANDIDATE_ONLY_NOT_G5_MATCHED,False,False,False,0
84,76695,12515,BKU,2013-10-22,CANDIDATE_ONLY_NOT_G5_MATCHED,False,False,False,0
84,76695,14008,AMGN,2013-10-22,CANDIDATE_ONLY_NOT_G5_MATCHED,False,False,False,0
84,76695,15560,RSH,2013-10-22,CANDIDATE_ONLY_NOT_G5_MATCHED,False,False,False,0
84,76695,17478,MHFI,2013-10-22,CANDIDATE_ONLY_NOT_G5_MATCHED,False,False,False,0
84,76695,17750,KMB,2013-10-22,CANDIDATE_ONLY_NOT_G5_MATCHED,False,False,False,0
84,76695,17830,UTX,2013-10-22,CANDIDATE_ONLY_NOT_G5_MATCHED,False,False,False,0
84,76695,20053,SNV,2013-10-22,CANDIDATE_ONLY_NOT_G5_MATCHED,False,False,False,0
84,76695,21178,LMT,2013-10-22,CANDIDATE_ONLY_NOT_G5_MATCHED,False,False,False,0
84,76695,25419,WHR,2013-10-22,CANDIDATE_ONLY_NOT_G5_MATCHED,False,False,False,0
84,76695,27334,CSL,2013-10-22,CANDIDATE_ONLY_NOT_G5_MATCHED,False,False,False,0
84,76695,27633,R,2013-10-22,CANDIDATE_ONLY_NOT_G5_MATCHED,False,False,False,0
84,76695,35044,RF,2013-10-22,CANDIDATE_ONLY_NOT_G5_MATCHED,False,False,False,0
84,76695,35167,FMER,2013-10-22,CANDIDATE_ONLY_NOT_G5_MATCHED,False,False,False,0
84,76695,35263,TRMK,2013-10-22,CANDIDATE_ONLY_NOT_G5_MATCHED,False,False,False,0
84,76695,45241,FRX,2013-10-22,CANDIDATE_ONLY_NOT_G5_MATCHED,False,False,False,0
84,76695,46077,AXE,2013-10-22,CANDIDATE_ONLY_NOT_G5_MATCHED,False,False,False,0
84,76695,46877,BCR,2013-10-22,CANDIDATE_ONLY_NOT_G5_MATCHED,False,False,False,0
84,76695,52230,RHI,2013-10-22,CANDIDATE_ONLY_NOT_G5_MATCHED,False,False,False,0
84,76695,59600,TWIN,2013-10-22,CANDIDATE_ONLY_NOT_G5_MATCHED,False,False,False,0
84,76695,70033,HOG,2013-10-22,CANDIDATE_ONLY_NOT_G5_MATCHED,False,False,False,0
84,76695,70536,SIAL,2013-10-22,CANDIDATE_ONLY_NOT_G5_MATCHED,False,False,False,0
84,76695,72726,STT,2013-10-22,CANDIDATE_ONLY_NOT_G5_MATCHED,False,False,False,0
84,76695,75182,PII,2013-10-22,CANDIDATE_ONLY_NOT_G5_MATCHED,False,False,False,0
84,76695,75577,ALTR,2013-10-22,CANDIDATE_ONLY_NOT_G5_MATCHED,False,False,False,0
84,76695,75853,ZIXI,2013-10-22,CANDIDATE_ONLY_NOT_G5_MATCHED,False,False,False,0
84,76695,75906,GSBC,2013-10-22,CANDIDATE_ONLY_NOT_G5_MATCHED,False,False,False,0
84,76695,76573,MLI,2013-10-22,CANDIDATE_ONLY_NOT_G5_MATCHED,False,False,False,0
84,76695,76639,TSS,2013-10-22,CANDIDATE_ONLY_NOT_G5_MATCHED,False,False,False,0
84,76695,76709,IDXX,2013-10-22,CANDIDATE_ONLY_NOT_G5_MATCHED,False,False,False,0
84,76695,77279,ABAX,2013-10-22,CANDIDATE_ONLY_NOT_G5_MATCHED,False,False,False,0
84,76695,78829,UMBF,2013-10-22,CANDIDATE_ONLY_NOT_G5_MATCHED,False,False,False,0
84,76695,78875,CREE,2013-10-22,CANDIDATE_ONLY_NOT_G5_MATCHED,False,False,False,0
84,76695,78903,PEBO,2013-10-22,CANDIDATE_ONLY_NOT_G5_MATCHED,False,False,False,0
84,76695,80303,AKS,2013-10-22,CANDIDATE_ONLY_NOT_G5_MATCHED,False,False,False,0
84,76695,81138,APOL,2013-10-22,CANDIDATE_ONLY_NOT_G5_MATCHED,False,False,False,0
84,76695,81564,IBKC,2013-10-22,CANDIDATE_ONLY_NOT_G5_MATCHED,False,False,False,0
84,76695,81666,HA,2013-10-22,CANDIDATE_ONLY_NOT_G5_MATCHED,False,False,False,0
84,76695,81774,FCX,2013-10-22,CANDIDATE_ONLY_NOT_G5_MATCHED,False,False,False,0
84,76695,82643,LXK,2013-10-22,CANDIDATE_ONLY_NOT_G5_MATCHED,False,False,False,0
84,76695,82651,WAT,2013-10-22,CANDIDATE_ONLY_NOT_G5_MATCHED,False,False,False,0
84,76695,83503,EXAC,2013-10-22,CANDIDATE_ONLY_NOT_G5_MATCHED,False,False,False,0
84,76695,84010,USNA,2013-10-22,CANDIDATE_ONLY_NOT_G5_MATCHED,False,False,False,0
84,76695,84060,CBST,2013-10-22,CANDIDATE_ONLY_NOT_G5_MATCHED,False,False,False,0
84,76695,84172,NUS,2013-10-22,CANDIDATE_ONLY_NOT_G5_MATCHED,False,False,False,0
84,76695,84734,FBC,2013-10-22,CANDIDATE_ONLY_NOT_G5_MATCHED,False,False,False,0
84,76695,85035,RFMD,2013-10-22,CANDIDATE_ONLY_NOT_G5_MATCHED,False,False,False,0
84,76695,85675,AMSG,2013-10-22,CANDIDATE_ONLY_NOT_G5_MATCHED,False,False,False,0
84,76695,85963,BRCM,2013-10-22,CANDIDATE_ONLY_NOT_G5_MATCHED,False,False,False,0
84,76695,86809,SFG,2013-10-22,CANDIDATE_ONLY_NOT_G5_MATCHED,False,False,False,0
84,76695,86896,CBU,2013-10-22,CANDIDATE_ONLY_NOT_G5_MATCHED,False,False,False,0
84,76695,86946,RAI,2013-10-22,CANDIDATE_ONLY_NOT_G5_MATCHED,False,False,False,0
84,76695,87160,DTLK,2013-10-22,CANDIDATE_ONLY_NOT_G5_MATCHED,False,False,False,0
84,76695,88516,DYAX,2013-10-22,CANDIDATE_ONLY_NOT_G5_MATCHED,False,False,False,0
84,76695,88661,COH,2013-10-22,CANDIDATE_ONLY_NOT_G5_MATCHED,False,False,False,0
84,76695,89004,FTI,2013-10-22,CANDIDATE_ONLY_NOT_G5_MATCHED,False,False,False,0
84,76695,89269,CNC,2013-10-22,CANDIDATE_ONLY_NOT_G5_MATCHED,False,False,False,0
84,76695,89327,ABG,2013-10-22,CANDIDATE_ONLY_NOT_G5_MATCHED,False,False,False,0
84,76695,90090,SBNY,2013-10-22,CANDIDATE_ONLY_NOT_G5_MATCHED,False,False,False,0
84,76695,90404,CLMS,2013-10-22,CANDIDATE_ONLY_NOT_G5_MATCHED,False,False,False,0
84,76695,90971,IRBT,2013-10-22,CANDIDATE_ONLY_NOT_G5_MATCHED,False,False,False,0
84,76695,91514,VPFG,2013-10-22,CANDIDATE_ONLY_NOT_G5_MATCHED,False,False,False,0
84,76695,91605,CPLA,2013-10-22,CANDIDATE_ONLY_NOT_G5_MATCHED,False,False,False,0
84,76695,91907,SMCI,2013-10-22,CANDIDATE_ONLY_NOT_G5_MATCHED,False,False,False,0
84,76695,91926,DAL,2013-10-22,CANDIDATE_ONLY_NOT_G5_MATCHED,False,False,False,0
84,76695,93043,HVB,2013-10-22,CANDIDATE_ONLY_NOT_G5_MATCHED,False,False,False,0
84,76695,93150,CIT,2013-10-22,CANDIDATE_ONLY_NOT_G5_MATCHED,False,False,False,0
85,76695,10933,MKL,2015-02-11,CANDIDATE_ONLY_NOT_G5_MATCHED,False,False,False,0
85,76695,12894,CJES,2015-02-11,CANDIDATE_ONLY_NOT_G5_MATCHED,False,False,False,0
85,76695,13856,PEP,2015-02-11,CANDIDATE_ONLY_NOT_G5_MATCHED,False,False,False,0
85,76695,13904,VOYA,2015-02-11,CANDIDATE_ONLY_NOT_G5_MATCHED,False,False,False,0
85,76695,14159,FEYE,2015-02-11,CANDIDATE_ONLY_NOT_G5_MATCHED,False,False,False,0
85,76695,14329,ARMK,2015-02-11,CANDIDATE_ONLY_NOT_G5_MATCHED,False,False,False,0
85,76695,23536,WEC,2015-02-11,CANDIDATE_ONLY_NOT_G5_MATCHED,False,False,False,0
85,76695,42439,HNI,2015-02-11,CANDIDATE_ONLY_NOT_G5_MATCHED,False,False,False,0
85,76695,52476,EFX,2015-02-11,CANDIDATE_ONLY_NOT_G5_MATCHED,False,False,False,0
85,76695,58975,OII,2015-02-11,CANDIDATE_ONLY_NOT_G5_MATCHED,False,False,False,0
85,76695,59256,CRWS,2015-02-11,CANDIDATE_ONLY_NOT_G5_MATCHED,False,False,False,0
85,76695,60599,CTL,2015-02-11,CANDIDATE_ONLY_NOT_G5_MATCHED,False,False,False,0
85,76695,76076,CSCO,2015-02-11,CANDIDATE_ONLY_NOT_G5_MATCHED,False,False,False,0
85,76695,76515,CVA,2015-02-11,CANDIDATE_ONLY_NOT_G5_MATCHED,False,False,False,0
85,76695,76591,QDEL,2015-02-11,CANDIDATE_ONLY_NOT_G5_MATCHED,False,False,False,0
85,76695,77425,USAK,2015-02-11,CANDIDATE_ONLY_NOT_G5_MATCHED,False,False,False,0
85,76695,82266,CVO,2015-02-11,CANDIDATE_ONLY_NOT_G5_MATCHED,False,False,False,0
85,76695,82287,CRAY,2015-02-11,CANDIDATE_ONLY_NOT_G5_MATCHED,False,False,False,0
85,76695,82581,HSIC,2015-02-11,CANDIDATE_ONLY_NOT_G5_MATCHED,False,False,False,0
85,76695,82598,NTAP,2015-02-11,CANDIDATE_ONLY_NOT_G5_MATCHED,False,False,False,0
85,76695,83382,TCX,2015-02-11,CANDIDATE_ONLY_NOT_G5_MATCHED,False,False,False,0
85,76695,84042,PAG,2015-02-11,CANDIDATE_ONLY_NOT_G5_MATCHED,False,False,False,0
85,76695,86580,NVDA,2015-02-11,CANDIDATE_ONLY_NOT_G5_MATCHED,False,False,False,0
85,76695,87487,BGCP,2015-02-11,CANDIDATE_ONLY_NOT_G5_MATCHED,False,False,False,0
85,76695,89006,MDLZ,2015-02-11,CANDIDATE_ONLY_NOT_G5_MATCHED,False,False,False,0
85,76695,89203,ABCO,2015-02-11,CANDIDATE_ONLY_NOT_G5_MATCHED,False,False,False,0
85,76695,90067,HOS,2015-02-11,CANDIDATE_ONLY_NOT_G5_MATCHED,False,False,False,0
85,76695,90386,MOS,2015-02-11,CANDIDATE_ONLY_NOT_G5_MATCHED,False,False,False,0
85,76695,91531,OC,2015-02-11,CANDIDATE_ONLY_NOT_G5_MATCHED,False,False,False,0
85,76695,93436,TSLA,2015-02-11,CANDIDATE_ONLY_NOT_G5_MATCHED,False,False,False,0
86,76709,13901,MO,2012-01-27,CANDIDATE_ONLY_NOT_G5_MATCHED,False,False,False,0
86,76709,14541,CVX,2012-01-27,CANDIDATE_ONLY_NOT_G5_MATCHED,False,False,False,0
86,76709,18163,PG,2012-01-27,CANDIDATE_ONLY_NOT_G5_MATCHED,False,False,False,0
86,76709,24205,NEE,2012-01-27,CANDIDATE_ONLY_NOT_G5_MATCHED,False,False,False,0
86,76709,60468,GHM,2012-01-27,CANDIDATE_ONLY_NOT_G5_MATCHED,False,False,False,0
86,76709,60986,NWL,2012-01-27,CANDIDATE_ONLY_NOT_G5_MATCHED,False,False,False,0
86,76709,83120,CMCO,2012-01-27,CANDIDATE_ONLY_NOT_G5_MATCHED,False,False,False,0
86,76709,84389,SCBT,2012-01-27,CANDIDATE_ONLY_NOT_G5_MATCHED,False,False,False,0
86,76709,91195,CPX,2012-01-27,CANDIDATE_ONLY_NOT_G5_MATCHED,False,False,False,0
87,76837,19828,WEN,2012-01-30,CANDIDATE_ONLY_NOT_G5_MATCHED,False,False,False,0
87,76837,38578,TNB,2012-01-30,CANDIDATE_ONLY_NOT_G5_MATCHED,False,False,False,0
87,76837,39571,GGG,2012-01-30,CANDIDATE_ONLY_NOT_G5_MATCHED,False,False,False,0
87,76837,44506,IDTI,2012-01-30,CANDIDATE_ONLY_NOT_G5_MATCHED,False,False,False,0
87,76837,79116,TCBK,2012-01-30,CANDIDATE_ONLY_NOT_G5_MATCHED,False,False,False,0
87,76837,79210,RGA,2012-01-30,CANDIDATE_ONLY_NOT_G5_MATCHED,False,False,False,0
87,76837,81061,MCK,2012-01-30,CANDIDATE_ONLY_NOT_G5_MATCHED,False,False,False,0
87,76837,81222,RCII,2012-01-30,CANDIDATE_ONLY_NOT_G5_MATCHED,False,False,False,0
87,76837,84041,TGI,2012-01-30,CANDIDATE_ONLY_NOT_G5_MATCHED,False,False,False,0
87,76837,86236,BIRT,2012-01-30,CANDIDATE_ONLY_NOT_G5_MATCHED,False,False,False,0
87,76837,86809,SFG,2012-01-30,CANDIDATE_ONLY_NOT_G5_MATCHED,False,False,False,0
87,76837,87415,RTEC,2012-01-30,CANDIDATE_ONLY_NOT_G5_MATCHED,False,False,False,0
87,76837,88790,ARRY,2012-01-30,CANDIDATE_ONLY_NOT_G5_MATCHED,False,False,False,0
87,76837,89770,MSPD,2012-01-30,CANDIDATE_ONLY_NOT_G5_MATCHED,False,False,False,0
88,77114,10308,TMP,2012-01-25,CANDIDATE_ONLY_NOT_G5_MATCHED,False,False,False,0
88,77114,10530,VIVO,2012-01-25,CANDIDATE_ONLY_NOT_G5_MATCHED,False,False,False,0
88,77114,13928,COP,2012-01-25,CANDIDATE_ONLY_NOT_G5_MATCHED,False,False,False,0
88,77114,17929,UGI,2012-01-25,CANDIDATE_ONLY_NOT_G5_MATCHED,False,False,False,0
88,77114,21186,MWV,2012-01-25,CANDIDATE_ONLY_NOT_G5_MATCHED,False,False,False,0
88,77114,21776,EXC,2012-01-25,CANDIDATE_ONLY_NOT_G5_MATCHED,False,False,False,0
88,77114,22293,GLW,2012-01-25,CANDIDATE_ONLY_NOT_G5_MATCHED,False,False,False,0
88,77114,22779,MSI,2012-01-25,CANDIDATE_ONLY_NOT_G5_MATCHED,False,False,False,0
88,77114,23579,TXT,2012-01-25,CANDIDATE_ONLY_NOT_G5_MATCHED,False,False,False,0
88,77114,26470,EGN,2012-01-25,CANDIDATE_ONLY_NOT_G5_MATCHED,False,False,False,0
88,77114,28345,MUR,2012-01-25,CANDIDATE_ONLY_NOT_G5_MATCHED,False,False,False,0
88,77114,28564,CTS,2012-01-25,CANDIDATE_ONLY_NOT_G5_MATCHED,False,False,False,0
88,77114,34833,OXY,2012-01-25,CANDIDATE_ONLY_NOT_G5_MATCHED,False,False,False,0
88,77114,43123,ATI,2012-01-25,CANDIDATE_ONLY_NOT_G5_MATCHED,False,False,False,0
88,77114,43350,SWK,2012-01-25,CANDIDATE_ONLY_NOT_G5_MATCHED,False,False,False,0
88,77114,51369,TER,2012-01-25,CANDIDATE_ONLY_NOT_G5_MATCHED,False,False,False,0
88,77114,61567,HXL,2012-01-25,CANDIDATE_ONLY_NOT_G5_MATCHED,False,False,False,0
88,77114,65294,RLI,2012-01-25,CANDIDATE_ONLY_NOT_G5_MATCHED,False,False,False,0
88,77114,68591,STJ,2012-01-25,CANDIDATE_ONLY_NOT_G5_MATCHED,False,False,False,0
88,77114,73809,SUSQ,2012-01-25,CANDIDATE_ONLY_NOT_G5_MATCHED,False,False,False,0
88,77114,75182,PII,2012-01-25,CANDIDATE_ONLY_NOT_G5_MATCHED,False,False,False,0
88,77114,75912,PMTC,2012-01-25,CANDIDATE_ONLY_NOT_G5_MATCHED,False,False,False,0
88,77114,76234,MOLXA,2012-01-25,CANDIDATE_ONLY_NOT_G5_MATCHED,False,False,False,0
88,77114,77768,PX,2012-01-25,CANDIDATE_ONLY_NOT_G5_MATCHED,False,False,False,0
88,77114,79013,SYBT,2012-01-25,CANDIDATE_ONLY_NOT_G5_MATCHED,False,False,False,0
88,77114,79859,NYB,2012-01-25,CANDIDATE_ONLY_NOT_G5_MATCHED,False,False,False,0
88,77114,80113,CGI,2012-01-25,CANDIDATE_ONLY_NOT_G5_MATCHED,False,False,False,0
88,77114,80987,KNX,2012-01-25,CANDIDATE_ONLY_NOT_G5_MATCHED,False,False,False,0
88,77114,82575,BANR,2012-01-25,CANDIDATE_ONLY_NOT_G5_MATCHED,False,False,False,0
88,77114,82618,SNDK,2012-01-25,CANDIDATE_ONLY_NOT_G5_MATCHED,False,False,False,0
88,77114,82686,CTXS,2012-01-25,CANDIDATE_ONLY_NOT_G5_MATCHED,False,False,False,0
88,77114,83862,ETFC,2012-01-25,CANDIDATE_ONLY_NOT_G5_MATCHED,False,False,False,0
88,77114,84381,ROK,2012-01-25,CANDIDATE_ONLY_NOT_G5_MATCHED,False,False,False,0
88,77114,85663,URI,2012-01-25,CANDIDATE_ONLY_NOT_G5_MATCHED,False,False,False,0
88,77114,85860,BRKL,2012-01-25,CANDIDATE_ONLY_NOT_G5_MATCHED,False,False,False,0
88,77114,86004,UMPQ,2012-01-25,CANDIDATE_ONLY_NOT_G5_MATCHED,False,False,False,0
88,77114,87812,SLAB,2012-01-25,CANDIDATE_ONLY_NOT_G5_MATCHED,False,False,False,0
88,77114,89179,WLP,2012-01-25,CANDIDATE_ONLY_NOT_G5_MATCHED,False,False,False,0
88,77114,89968,PJC,2012-01-25,CANDIDATE_ONLY_NOT_G5_MATCHED,False,False,False,0
88,77114,90893,LCC,2012-01-25,CANDIDATE_ONLY_NOT_G5_MATCHED,False,False,False,0
88,77114,91959,ESSA,2012-01-25,CANDIDATE_ONLY_NOT_G5_MATCHED,False,False,False,0
89,77274,12783,THR,2015-02-03,CANDIDATE_ONLY_NOT_G5_MATCHED,False,False,False,0
89,77274,14414,SC,2015-02-03,CANDIDATE_ONLY_NOT_G5_MATCHED,False,False,False,0
89,77274,15721,ATW,2015-02-03,CANDIDATE_ONLY_NOT_G5_MATCHED,False,False,False,0
89,77274,19828,WEN,2015-02-03,CANDIDATE_ONLY_NOT_G5_MATCHED,False,False,False,0
89,77274,37217,LDR,2015-02-03,CANDIDATE_ONLY_NOT_G5_MATCHED,False,False,False,0
89,77274,38093,AJG,2015-02-03,CANDIDATE_ONLY_NOT_G5_MATCHED,False,False,False,0
89,77274,47941,GCI,2015-02-03,CANDIDATE_ONLY_NOT_G5_MATCHED,False,False,False,0
89,77274,52716,HRC,2015-02-03,CANDIDATE_ONLY_NOT_G5_MATCHED,False,False,False,0
89,77274,57904,AFL,2015-02-03,CANDIDATE_ONLY_NOT_G5_MATCHED,False,False,False,0
89,77274,63715,POWL,2015-02-03,CANDIDATE_ONLY_NOT_G5_MATCHED,False,False,False,0
89,77274,75326,ACI,2015-02-03,CANDIDATE_ONLY_NOT_G5_MATCHED,False,False,False,0
89,77274,75694,TECH,2015-02-03,CANDIDATE_ONLY_NOT_G5_MATCHED,False,False,False,0
89,77274,75854,LSCC,2015-02-03,CANDIDATE_ONLY_NOT_G5_MATCHED,False,False,False,0
89,77274,76224,BHE,2015-02-03,CANDIDATE_ONLY_NOT_G5_MATCHED,False,False,False,0
89,77274,76282,AN,2015-02-03,CANDIDATE_ONLY_NOT_G5_MATCHED,False,False,False,0
89,77274,76461,FHCO,2015-02-03,CANDIDATE_ONLY_NOT_G5_MATCHED,False,False,False,0
89,77274,76573,MLI,2015-02-03,CANDIDATE_ONLY_NOT_G5_MATCHED,False,False,False,0
89,77274,77173,VTSS,2015-02-03,CANDIDATE_ONLY_NOT_G5_MATCHED,False,False,False,0
89,77274,78840,IACI,2015-02-03,CANDIDATE_ONLY_NOT_G5_MATCHED,False,False,False,0
89,77274,79909,MHO,2015-02-03,CANDIDATE_ONLY_NOT_G5_MATCHED,False,False,False,0
89,77274,85246,JLL,2015-02-03,CANDIDATE_ONLY_NOT_G5_MATCHED,False,False,False,0
89,77274,85653,AI,2015-02-03,CANDIDATE_ONLY_NOT_G5_MATCHED,False,False,False,0
89,77274,87657,EW,2015-02-03,CANDIDATE_ONLY_NOT_G5_MATCHED,False,False,False,0
89,77274,88664,JKHY,2015-02-03,CANDIDATE_ONLY_NOT_G5_MATCHED,False,False,False,0
89,77274,88790,ARRY,2015-02-03,CANDIDATE_ONLY_NOT_G5_MATCHED,False,False,False,0
89,77274,89269,CNC,2015-02-03,CANDIDATE_ONLY_NOT_G5_MATCHED,False,False,False,0
89,77274,90354,OCLR,2015-02-03,CANDIDATE_ONLY_NOT_G5_MATCHED,False,False,False,0
89,77274,91594,SPR,2015-02-03,CANDIDATE_ONLY_NOT_G5_MATCHED,False,False,False,0
90,77515,12637,EOX,2015-03-10,CANDIDATE_ONLY_NOT_G5_MATCHED,False,False,False,0
90,77515,13380,TCPC,2015-03-10,CANDIDATE_ONLY_NOT_G5_MATCHED,False,False,False,0
90,77515,13743,ERA,2015-03-10,CANDIDATE_ONLY_NOT_G5_MATCHED,False,False,False,0
90,77515,37217,LDR,2015-03-10,CANDIDATE_ONLY_NOT_G5_MATCHED,False,False,False,0
90,77515,76020,SURG,2015-03-10,CANDIDATE_ONLY_NOT_G5_MATCHED,False,False,False,0
90,77515,77501,NCS,2015-03-10,CANDIDATE_ONLY_NOT_G5_MATCHED,False,False,False,0
90,77515,79033,SGA,2015-03-10,CANDIDATE_ONLY_NOT_G5_MATCHED,False,False,False,0
90,77515,80343,NNBR,2015-03-10,CANDIDATE_ONLY_NOT_G5_MATCHED,False,False,False,0
90,77515,82599,NWPX,2015-03-10,CANDIDATE_ONLY_NOT_G5_MATCHED,False,False,False,0
90,77515,87121,SALM,2015-03-10,CANDIDATE_ONLY_NOT_G5_MATCHED,False,False,False,0
90,77515,90314,CVGI,2015-03-10,CANDIDATE_ONLY_NOT_G5_MATCHED,False,False,False,0
91,77702,10302,CY,2015-01-22,CANDIDATE_ONLY_NOT_G5_MATCHED,False,False,False,0
91,77702,10629,FNB,2015-01-22,CANDIDATE_ONLY_NOT_G5_MATCHED,False,False,False,0
91,77702,10932,WBS,2015-01-22,CANDIDATE_ONLY_NOT_G5_MATCHED,False,False,False,0
91,77702,11786,SIVB,2015-01-22,CANDIDATE_ONLY_NOT_G5_MATCHED,False,False,False,0
91,77702,11896,MXIM,2015-01-22,CANDIDATE_ONLY_NOT_G5_MATCHED,False,False,False,0
91,77702,15318,ASB,2015-01-22,CANDIDATE_ONLY_NOT_G5_MATCHED,False,False,False,0
91,77702,28804,ALK,2015-01-22,CANDIDATE_ONLY_NOT_G5_MATCHED,False,False,False,0
91,77702,42534,JCI,2015-01-22,CANDIDATE_ONLY_NOT_G5_MATCHED,False,False,False,0
91,77702,46886,KLAC,2015-01-22,CANDIDATE_ONLY_NOT_G5_MATCHED,False,False,False,0
91,77702,48725,UNP,2015-01-22,CANDIDATE_ONLY_NOT_G5_MATCHED,False,False,False,0
91,77702,53640,MSCC,2015-01-22,CANDIDATE_ONLY_NOT_G5_MATCHED,False,False,False,0
91,77702,58683,LUV,2015-01-22,CANDIDATE_ONLY_NOT_G5_MATCHED,False,False,False,0
91,77702,59396,ORI,2015-01-22,CANDIDATE_ONLY_NOT_G5_MATCHED,False,False,False,0
91,77702,64995,KEY,2015-01-22,CANDIDATE_ONLY_NOT_G5_MATCHED,False,False,False,0
91,77702,65875,VZ,2015-01-22,CANDIDATE_ONLY_NOT_G5_MATCHED,False,False,False,0
91,77702,71563,BBT,2015-01-22,CANDIDATE_ONLY_NOT_G5_MATCHED,False,False,False,0
91,77702,75577,ALTR,2015-01-22,CANDIDATE_ONLY_NOT_G5_MATCHED,False,False,False,0
91,77702,79072,BANF,2015-01-22,CANDIDATE_ONLY_NOT_G5_MATCHED,False,False,False,0
91,77702,79824,FFIN,2015-01-22,CANDIDATE_ONLY_NOT_G5_MATCHED,False,False,False,0
91,77702,81055,COF,2015-01-22,CANDIDATE_ONLY_NOT_G5_MATCHED,False,False,False,0
91,77702,84734,FBC,2015-01-22,CANDIDATE_ONLY_NOT_G5_MATCHED,False,False,False,0
91,77702,86102,FII,2015-01-22,CANDIDATE_ONLY_NOT_G5_MATCHED,False,False,False,0
91,77702,88719,AMRB,2015-01-22,CANDIDATE_ONLY_NOT_G5_MATCHED,False,False,False,0
91,77702,90942,UPI,2015-01-22,CANDIDATE_ONLY_NOT_G5_MATCHED,False,False,False,0
91,77702,91103,UAL,2015-01-22,CANDIDATE_ONLY_NOT_G5_MATCHED,False,False,False,0
91,77702,92095,INFN,2015-01-22,CANDIDATE_ONLY_NOT_G5_MATCHED,False,False,False,0
91,77702,93387,CODE,2015-01-22,CANDIDATE_ONLY_NOT_G5_MATCHED,False,False,False,0
92,77902,10138,TROW,2015-04-22,CANDIDATE_ONLY_NOT_G5_MATCHED,False,False,False,0
92,77902,10147,EMC,2015-04-22,CANDIDATE_ONLY_NOT_G5_MATCHED,False,False,False,0
92,77902,11547,CNMD,2015-04-22,CANDIDATE_ONLY_NOT_G5_MATCHED,False,False,False,0
92,77902,13407,FB,2015-04-22,CANDIDATE_ONLY_NOT_G5_MATCHED,False,False,False,0
92,77902,15579,TXN,2015-04-22,CANDIDATE_ONLY_NOT_G5_MATCHED,False,False,False,0
92,77902,16126,AZZ,2015-04-22,CANDIDATE_ONLY_NOT_G5_MATCHED,False,False,False,0
92,77902,19561,BA,2015-04-22,CANDIDATE_ONLY_NOT_G5_MATCHED,False,False,False,0
92,77902,20482,ABT,2015-04-22,CANDIDATE_ONLY_NOT_G5_MATCHED,False,False,False,0
92,77902,35124,CLGX,2015-04-22,CANDIDATE_ONLY_NOT_G5_MATCHED,False,False,False,0
92,77902,38659,GNTX,2015-04-22,CANDIDATE_ONLY_NOT_G5_MATCHED,False,False,False,0
92,77902,42439,HNI,2015-04-22,CANDIDATE_ONLY_NOT_G5_MATCHED,False,False,False,0
92,77902,43449,MCD,2015-04-22,CANDIDATE_ONLY_NOT_G5_MATCHED,False,False,False,0
92,77902,49656,BK,2015-04-22,CANDIDATE_ONLY_NOT_G5_MATCHED,False,False,False,0
92,77902,52476,EFX,2015-04-22,CANDIDATE_ONLY_NOT_G5_MATCHED,False,False,False,0
92,77902,58975,OII,2015-04-22,CANDIDATE_ONLY_NOT_G5_MATCHED,False,False,False,0
92,77902,62308,TMK,2015-04-22,CANDIDATE_ONLY_NOT_G5_MATCHED,False,False,False,0
92,77902,68196,SEIC,2015-04-22,CANDIDATE_ONLY_NOT_G5_MATCHED,False,False,False,0
92,77902,76201,XLNX,2015-04-22,CANDIDATE_ONLY_NOT_G5_MATCHED,False,False,False,0
92,77902,76282,AN,2015-04-22,CANDIDATE_ONLY_NOT_G5_MATCHED,False,False,False,0
92,77902,76504,CATY,2015-04-22,CANDIDATE_ONLY_NOT_G5_MATCHED,False,False,False,0
92,77902,76515,CVA,2015-04-22,CANDIDATE_ONLY_NOT_G5_MATCHED,False,False,False,0
92,77902,77178,QCOM,2015-04-22,CANDIDATE_ONLY_NOT_G5_MATCHED,False,False,False,0
92,77902,78044,UFI,2015-04-22,CANDIDATE_ONLY_NOT_G5_MATCHED,False,False,False,0
92,77902,79303,USTR,2015-04-22,CANDIDATE_ONLY_NOT_G5_MATCHED,False,False,False,0
92,77902,79507,MCRI,2015-04-22,CANDIDATE_ONLY_NOT_G5_MATCHED,False,False,False,0
92,77902,79796,AF,2015-04-22,CANDIDATE_ONLY_NOT_G5_MATCHED,False,False,False,0
92,77902,79851,OSBC,2015-04-22,CANDIDATE_ONLY_NOT_G5_MATCHED,False,False,False,0
92,77902,80128,VMI,2015-04-22,CANDIDATE_ONLY_NOT_G5_MATCHED,False,False,False,0
92,77902,80286,TSCO,2015-04-22,CANDIDATE_ONLY_NOT_G5_MATCHED,False,False,False,0
92,77902,81564,IBKC,2015-04-22,CANDIDATE_ONLY_NOT_G5_MATCHED,False,False,False,0
92,77902,83462,TUP,2015-04-22,CANDIDATE_ONLY_NOT_G5_MATCHED,False,False,False,0
92,77902,84319,LAD,2015-04-22,CANDIDATE_ONLY_NOT_G5_MATCHED,False,False,False,0
92,77902,85860,BRKL,2015-04-22,CANDIDATE_ONLY_NOT_G5_MATCHED,False,False,False,0
92,77902,88195,SGMO,2015-04-22,CANDIDATE_ONLY_NOT_G5_MATCHED,False,False,False,0
92,77902,89643,FCCO,2015-04-22,CANDIDATE_ONLY_NOT_G5_MATCHED,False,False,False,0
92,77902,90455,MPWR,2015-04-22,CANDIDATE_ONLY_NOT_G5_MATCHED,False,False,False,0
92,77902,90505,LVS,2015-04-22,CANDIDATE_ONLY_NOT_G5_MATCHED,False,False,False,0
92,77902,90708,MORN,2015-04-22,CANDIDATE_ONLY_NOT_G5_MATCHED,False,False,False,0
92,77902,90783,FTK,2015-04-22,CANDIDATE_ONLY_NOT_G5_MATCHED,False,False,False,0
92,77902,91531,OC,2015-04-22,CANDIDATE_ONLY_NOT_G5_MATCHED,False,False,False,0
92,77902,91659,ALGT,2015-04-22,CANDIDATE_ONLY_NOT_G5_MATCHED,False,False,False,0
92,77902,93423,SIX,2015-04-22,CANDIDATE_ONLY_NOT_G5_MATCHED,False,False,False,0
93,78170,10966,AXGN,2015-05-05,CANDIDATE_ONLY_NOT_G5_MATCHED,False,False,False,0
93,78170,12330,EXAM,2015-05-05,CANDIDATE_ONLY_NOT_G5_MATCHED,False,False,False,0
93,78170,12451,GCAP,2015-05-05,CANDIDATE_ONLY_NOT_G5_MATCHED,False,False,False,0
93,78170,13049,ZLTQ,2015-05-05,CANDIDATE_ONLY_NOT_G5_MATCHED,False,False,False,0
93,78170,13160,JIVE,2015-05-05,CANDIDATE_ONLY_NOT_G5_MATCHED,False,False,False,0
93,78170,13411,TROV,2015-05-05,CANDIDATE_ONLY_NOT_G5_MATCHED,False,False,False,0
93,78170,13743,ERA,2015-05-05,CANDIDATE_ONLY_NOT_G5_MATCHED,False,False,False,0
93,78170,14057,SALE,2015-05-05,CANDIDATE_ONLY_NOT_G5_MATCHED,False,False,False,0
93,78170,14318,NMIH,2015-05-05,CANDIDATE_ONLY_NOT_G5_MATCHED,False,False,False,0
93,78170,14503,OUT,2015-05-05,CANDIDATE_ONLY_NOT_G5_MATCHED,False,False,False,0
93,78170,14504,COUP,2015-05-05,CANDIDATE_ONLY_NOT_G5_MATCHED,False,False,False,0
93,78170,14521,TNET,2015-05-05,CANDIDATE_ONLY_NOT_G5_MATCHED,False,False,False,0
93,78170,14608,SABR,2015-05-05,CANDIDATE_ONLY_NOT_G5_MATCHED,False,False,False,0
93,78170,23536,WEC,2015-05-05,CANDIDATE_ONLY_NOT_G5_MATCHED,False,False,False,0
93,78170,25099,TEG,2015-05-05,CANDIDATE_ONLY_NOT_G5_MATCHED,False,False,False,0
93,78170,25232,OKE,2015-05-05,CANDIDATE_ONLY_NOT_G5_MATCHED,False,False,False,0
93,78170,26825,K,2015-05-05,CANDIDATE_ONLY_NOT_G5_MATCHED,False,False,False,0
93,78170,44134,KMT,2015-05-05,CANDIDATE_ONLY_NOT_G5_MATCHED,False,False,False,0
93,78170,45655,CDI,2015-05-05,CANDIDATE_ONLY_NOT_G5_MATCHED,False,False,False,0
93,78170,52716,HRC,2015-05-05,CANDIDATE_ONLY_NOT_G5_MATCHED,False,False,False,0
93,78170,58675,PKD,2015-05-05,CANDIDATE_ONLY_NOT_G5_MATCHED,False,False,False,0
93,78170,60599,CTL,2015-05-05,CANDIDATE_ONLY_NOT_G5_MATCHED,False,False,False,0
93,78170,61188,SWX,2015-05-05,CANDIDATE_ONLY_NOT_G5_MATCHED,False,False,False,0
93,78170,61516,BIO,2015-05-05,CANDIDATE_ONLY_NOT_G5_MATCHED,False,False,False,0
93,78170,61815,NBL,2015-05-05,CANDIDATE_ONLY_NOT_G5_MATCHED,False,False,False,0
93,78170,63715,POWL,2015-05-05,CANDIDATE_ONLY_NOT_G5_MATCHED,False,False,False,0
93,78170,66245,MDC,2015-05-05,CANDIDATE_ONLY_NOT_G5_MATCHED,False,False,False,0
93,78170,71271,Y,2015-05-05,CANDIDATE_ONLY_NOT_G5_MATCHED,False,False,False,0
93,78170,71985,SPAR,2015-05-05,CANDIDATE_ONLY_NOT_G5_MATCHED,False,False,False,0
93,78170,75694,TECH,2015-05-05,CANDIDATE_ONLY_NOT_G5_MATCHED,False,False,False,0
93,78170,77425,USAK,2015-05-05,CANDIDATE_ONLY_NOT_G5_MATCHED,False,False,False,0
93,78170,77900,CVU,2015-05-05,CANDIDATE_ONLY_NOT_G5_MATCHED,False,False,False,0
93,78170,79033,SGA,2015-05-05,CANDIDATE_ONLY_NOT_G5_MATCHED,False,False,False,0
93,78170,79323,ALL,2015-05-05,CANDIDATE_ONLY_NOT_G5_MATCHED,False,False,False,0
93,78170,79915,NFX,2015-05-05,CANDIDATE_ONLY_NOT_G5_MATCHED,False,False,False,0
93,78170,80485,VVUS,2015-05-05,CANDIDATE_ONLY_NOT_G5_MATCHED,False,False,False,0
93,78170,81665,SYX,2015-05-05,CANDIDATE_ONLY_NOT_G5_MATCHED,False,False,False,0
93,78170,82287,CRAY,2015-05-05,CANDIDATE_ONLY_NOT_G5_MATCHED,False,False,False,0
93,78170,82599,NWPX,2015-05-05,CANDIDATE_ONLY_NOT_G5_MATCHED,False,False,False,0
93,78170,83112,ANDE,2015-05-05,CANDIDATE_ONLY_NOT_G5_MATCHED,False,False,False,0
93,78170,83834,WG,2015-05-05,CANDIDATE_ONLY_NOT_G5_MATCHED,False,False,False,0
93,78170,83856,CSV,2015-05-05,CANDIDATE_ONLY_NOT_G5_MATCHED,False,False,False,0
93,78170,86062,EVOL,2015-05-05,CANDIDATE_ONLY_NOT_G5_MATCHED,False,False,False,0
93,78170,86136,SRE,2015-05-05,CANDIDATE_ONLY_NOT_G5_MATCHED,False,False,False,0
93,78170,86709,AMRI,2015-05-05,CANDIDATE_ONLY_NOT_G5_MATCHED,False,False,False,0
93,78170,87277,MSO,2015-05-05,CANDIDATE_ONLY_NOT_G5_MATCHED,False,False,False,0
93,78170,87426,DW,2015-05-05,CANDIDATE_ONLY_NOT_G5_MATCHED,False,False,False,0
93,78170,87659,ENR,2015-05-05,CANDIDATE_ONLY_NOT_G5_MATCHED,False,False,False,0
93,78170,88417,ACLS,2015-05-05,CANDIDATE_ONLY_NOT_G5_MATCHED,False,False,False,0
93,78170,88545,MDCO,2015-05-05,CANDIDATE_ONLY_NOT_G5_MATCHED,False,False,False,0
93,78170,89203,ABCO,2015-05-05,CANDIDATE_ONLY_NOT_G5_MATCHED,False,False,False,0
93,78170,89230,ALR,2015-05-05,CANDIDATE_ONLY_NOT_G5_MATCHED,False,False,False,0
93,78170,89244,WTW,2015-05-05,CANDIDATE_ONLY_NOT_G5_MATCHED,False,False,False,0
93,78170,89875,ANIP,2015-05-05,CANDIDATE_ONLY_NOT_G5_MATCHED,False,False,False,0
93,78170,90052,TRW,2015-05-05,CANDIDATE_ONLY_NOT_G5_MATCHED,False,False,False,0
93,78170,90354,OCLR,2015-05-05,CANDIDATE_ONLY_NOT_G5_MATCHED,False,False,False,0
93,78170,90548,ARC,2015-05-05,CANDIDATE_ONLY_NOT_G5_MATCHED,False,False,False,0
93,78170,90900,GHDX,2015-05-05,CANDIDATE_ONLY_NOT_G5_MATCHED,False,False,False,0
93,78170,91020,CYNO,2015-05-05,CANDIDATE_ONLY_NOT_G5_MATCHED,False,False,False,0
93,78170,91152,TDG,2015-05-05,CANDIDATE_ONLY_NOT_G5_MATCHED,False,False,False,0
93,78170,91463,CVLT,2015-05-05,CANDIDATE_ONLY_NOT_G5_MATCHED,False,False,False,0
93,78170,92102,SCOR,2015-05-05,CANDIDATE_ONLY_NOT_G5_MATCHED,False,False,False,0
93,78170,92902,BPI,2015-05-05,CANDIDATE_ONLY_NOT_G5_MATCHED,False,False,False,0
93,78170,93174,KAR,2015-05-05,CANDIDATE_ONLY_NOT_G5_MATCHED,False,False,False,0
93,78170,93185,TMH,2015-05-05,CANDIDATE_ONLY_NOT_G5_MATCHED,False,False,False,0
94,78875,22111,JNJ,2015-01-20,CANDIDATE_ONLY_NOT_G5_MATCHED,False,False,False,0
94,78875,35554,MTB,2015-01-20,CANDIDATE_ONLY_NOT_G5_MATCHED,False,False,False,0
94,78875,61241,AMD,2015-01-20,CANDIDATE_ONLY_NOT_G5_MATCHED,False,False,False,0
94,78875,75034,BHI,2015-01-20,CANDIDATE_ONLY_NOT_G5_MATCHED,False,False,False,0
94,78875,76804,MTG,2015-01-20,CANDIDATE_ONLY_NOT_G5_MATCHED,False,False,False,0
94,78875,77526,RNST,2015-01-20,CANDIDATE_ONLY_NOT_G5_MATCHED,False,False,False,0
94,78875,78044,UFI,2015-01-20,CANDIDATE_ONLY_NOT_G5_MATCHED,False,False,False,0
94,78875,84320,IGTE,2015-01-20,CANDIDATE_ONLY_NOT_G5_MATCHED,False,False,False,0
94,78875,87014,BSRR,2015-01-20,CANDIDATE_ONLY_NOT_G5_MATCHED,False,False,False,0
94,78875,87114,MBWM,2015-01-20,CANDIDATE_ONLY_NOT_G5_MATCHED,False,False,False,0
94,78875,87214,OMN,2015-01-20,CANDIDATE_ONLY_NOT_G5_MATCHED,False,False,False,0
94,78875,88197,FULT,2015-01-20,CANDIDATE_ONLY_NOT_G5_MATCHED,False,False,False,0
94,78875,89393,NFLX,2015-01-20,CANDIDATE_ONLY_NOT_G5_MATCHED,False,False,False,0
94,78875,91926,DAL,2015-01-20,CANDIDATE_ONLY_NOT_G5_MATCHED,False,False,False,0
95,78875,11703,DD,2015-04-21,CANDIDATE_ONLY_NOT_G5_MATCHED,False,False,False,0
95,78875,14008,AMGN,2015-04-21,CANDIDATE_ONLY_NOT_G5_MATCHED,False,False,False,0
95,78875,17750,KMB,2015-04-21,CANDIDATE_ONLY_NOT_G5_MATCHED,False,False,False,0
95,78875,17830,UTX,2015-04-21,CANDIDATE_ONLY_NOT_G5_MATCHED,False,False,False,0
95,78875,20670,CAMP,2015-04-21,CANDIDATE_ONLY_NOT_G5_MATCHED,False,False,False,0
95,78875,21178,LMT,2015-04-21,CANDIDATE_ONLY_NOT_G5_MATCHED,False,False,False,0
95,78875,23297,EAT,2015-04-21,CANDIDATE_ONLY_NOT_G5_MATCHED,False,False,False,0
95,78875,25953,DOV,2015-04-21,CANDIDATE_ONLY_NOT_G5_MATCHED,False,False,False,0
95,78875,30681,OMC,2015-04-21,CANDIDATE_ONLY_NOT_G5_MATCHED,False,False,False,0
95,78875,46674,GPC,2015-04-21,CANDIDATE_ONLY_NOT_G5_MATCHED,False,False,False,0
95,78875,47941,GCI,2015-04-21,CANDIDATE_ONLY_NOT_G5_MATCHED,False,False,False,0
95,78875,65875,VZ,2015-04-21,CANDIDATE_ONLY_NOT_G5_MATCHED,False,False,False,0
95,78875,70033,HOG,2015-04-21,CANDIDATE_ONLY_NOT_G5_MATCHED,False,False,False,0
95,78875,75034,BHI,2015-04-21,CANDIDATE_ONLY_NOT_G5_MATCHED,False,False,False,0
95,78875,75285,MAN,2015-04-21,CANDIDATE_ONLY_NOT_G5_MATCHED,False,False,False,0
95,78875,75906,GSBC,2015-04-21,CANDIDATE_ONLY_NOT_G5_MATCHED,False,False,False,0
95,78875,76804,MTG,2015-04-21,CANDIDATE_ONLY_NOT_G5_MATCHED,False,False,False,0
95,78875,77528,STBA,2015-04-21,CANDIDATE_ONLY_NOT_G5_MATCHED,False,False,False,0
95,78875,79785,NVR,2015-04-21,CANDIDATE_ONLY_NOT_G5_MATCHED,False,False,False,0
95,78875,81678,LECO,2015-04-21,CANDIDATE_ONLY_NOT_G5_MATCHED,False,False,False,0
95,78875,85627,SAH,2015-04-21,CANDIDATE_ONLY_NOT_G5_MATCHED,False,False,False,0
95,78875,85757,ACY,2015-04-21,CANDIDATE_ONLY_NOT_G5_MATCHED,False,False,False,0
95,78875,85963,BRCM,2015-04-21,CANDIDATE_ONLY_NOT_G5_MATCHED,False,False,False,0
95,78875,88197,FULT,2015-04-21,CANDIDATE_ONLY_NOT_G5_MATCHED,False,False,False,0
95,78875,88908,CSFL,2015-04-21,CANDIDATE_ONLY_NOT_G5_MATCHED,False,False,False,0
95,78875,89004,FTI,2015-04-21,CANDIDATE_ONLY_NOT_G5_MATCHED,False,False,False,0
95,78875,89327,ABG,2015-04-21,CANDIDATE_ONLY_NOT_G5_MATCHED,False,False,False,0
95,78875,90711,UBNK,2015-04-21,CANDIDATE_ONLY_NOT_G5_MATCHED,False,False,False,0
95,78875,90971,IRBT,2015-04-21,CANDIDATE_ONLY_NOT_G5_MATCHED,False,False,False,0
95,78875,90979,UA,2015-04-21,CANDIDATE_ONLY_NOT_G5_MATCHED,False,False,False,0
95,78875,91514,LTXB,2015-04-21,CANDIDATE_ONLY_NOT_G5_MATCHED,False,False,False,0
95,78875,92095,INFN,2015-04-21,CANDIDATE_ONLY_NOT_G5_MATCHED,False,False,False,0
95,78875,92257,VMW,2015-04-21,CANDIDATE_ONLY_NOT_G5_MATCHED,False,False,False,0
95,78875,93079,ECHO,2015-04-21,CANDIDATE_ONLY_NOT_G5_MATCHED,False,False,False,0
96,78981,11397,WASH,2011-10-24,CANDIDATE_ONLY_NOT_G5_MATCHED,False,False,False,0
96,78981,20204,CR,2011-10-24,CANDIDATE_ONLY_NOT_G5_MATCHED,False,False,False,0
96,78981,43553,VFC,2011-10-24,CANDIDATE_ONLY_NOT_G5_MATCHED,False,False,False,0
96,78981,60186,OMI,2011-10-24,CANDIDATE_ONLY_NOT_G5_MATCHED,False,False,False,0
96,78981,61567,HXL,2011-10-24,CANDIDATE_ONLY_NOT_G5_MATCHED,False,False,False,0
96,78981,76565,HMA,2011-10-24,CANDIDATE_ONLY_NOT_G5_MATCHED,False,False,False,0
96,78981,76788,HWAY,2011-10-24,CANDIDATE_ONLY_NOT_G5_MATCHED,False,False,False,0
96,78981,79037,ETH,2011-10-24,CANDIDATE_ONLY_NOT_G5_MATCHED,False,False,False,0
96,78981,79210,RGA,2011-10-24,CANDIDATE_ONLY_NOT_G5_MATCHED,False,False,False,0
96,78981,79303,USTR,2011-10-24,CANDIDATE_ONLY_NOT_G5_MATCHED,False,False,False,0
96,78981,80808,METR,2011-10-24,CANDIDATE_ONLY_NOT_G5_MATCHED,False,False,False,0
96,78981,81116,VECO,2011-10-24,CANDIDATE_ONLY_NOT_G5_MATCHED,False,False,False,0
96,78981,81222,RCII,2011-10-24,CANDIDATE_ONLY_NOT_G5_MATCHED,False,False,False,0
96,78981,81702,WPP,2011-10-24,CANDIDATE_ONLY_NOT_G5_MATCHED,False,False,False,0
96,78981,85741,NARA,2011-10-24,CANDIDATE_ONLY_NOT_G5_MATCHED,False,False,False,0
96,78981,86809,SFG,2011-10-24,CANDIDATE_ONLY_NOT_G5_MATCHED,False,False,False,0
96,78981,87264,ININ,2011-10-24,CANDIDATE_ONLY_NOT_G5_MATCHED,False,False,False,0
96,78981,87476,BMRC,2011-10-24,CANDIDATE_ONLY_NOT_G5_MATCHED,False,False,False,0
96,78981,88167,HSTM,2011-10-24,CANDIDATE_ONLY_NOT_G5_MATCHED,False,False,False,0
96,78981,89524,CLFC,2011-10-24,CANDIDATE_ONLY_NOT_G5_MATCHED,False,False,False,0
96,78981,89736,HTLF,2011-10-24,CANDIDATE_ONLY_NOT_G5_MATCHED,False,False,False,0
96,78981,90323,RNOW,2011-10-24,CANDIDATE_ONLY_NOT_G5_MATCHED,False,False,False,0
96,78981,91889,BBND,2011-10-24,CANDIDATE_ONLY_NOT_G5_MATCHED,False,False,False,0
96,78981,93304,FIBK,2011-10-24,CANDIDATE_ONLY_NOT_G5_MATCHED,False,False,False,0
97,78990,10302,CY,2012-01-26,CANDIDATE_ONLY_NOT_G5_MATCHED,False,False,False,0
97,78990,10397,WERN,2012-01-26,CANDIDATE_ONLY_NOT_G5_MATCHED,False,False,False,0
97,78990,11369,UBSI,2012-01-26,CANDIDATE_ONLY_NOT_G5_MATCHED,False,False,False,0
97,78990,11664,GDOT,2012-01-26,CANDIDATE_ONLY_NOT_G5_MATCHED,False,False,False,0
97,78990,18729,CL,2012-01-26,CANDIDATE_ONLY_NOT_G5_MATCHED,False,False,False,0
97,78990,20618,CRS,2012-01-26,CANDIDATE_ONLY_NOT_G5_MATCHED,False,False,False,0
97,78990,22592,MMM,2012-01-26,CANDIDATE_ONLY_NOT_G5_MATCHED,False,False,False,0
97,78990,24328,EQT,2012-01-26,CANDIDATE_ONLY_NOT_G5_MATCHED,False,False,False,0
97,78990,27684,AVT,2012-01-26,CANDIDATE_ONLY_NOT_G5_MATCHED,False,False,False,0
97,78990,27887,BAX,2012-01-26,CANDIDATE_ONLY_NOT_G5_MATCHED,False,False,False,0
97,78990,32540,ELX,2012-01-26,CANDIDATE_ONLY_NOT_G5_MATCHED,False,False,False,0
97,78990,32942,HUBB,2012-01-26,CANDIDATE_ONLY_NOT_G5_MATCHED,False,False,False,0
97,78990,42877,JBHT,2012-01-26,CANDIDATE_ONLY_NOT_G5_MATCHED,False,False,False,0
97,78990,52090,MKC,2012-01-26,CANDIDATE_ONLY_NOT_G5_MATCHED,False,False,False,0
97,78990,56611,NPBC,2012-01-26,CANDIDATE_ONLY_NOT_G5_MATCHED,False,False,False,0
97,78990,61743,DLX,2012-01-26,CANDIDATE_ONLY_NOT_G5_MATCHED,False,False,False,0
97,78990,62383,RYL,2012-01-26,CANDIDATE_ONLY_NOT_G5_MATCHED,False,False,False,0
97,78990,64135,WMS,2012-01-26,CANDIDATE_ONLY_NOT_G5_MATCHED,False,False,False,0
97,78990,64961,QSII,2012-01-26,CANDIDATE_ONLY_NOT_G5_MATCHED,False,False,False,0
97,78990,66093,T,2012-01-26,CANDIDATE_ONLY_NOT_G5_MATCHED,False,False,False,0
97,78990,70308,ARG,2012-01-26,CANDIDATE_ONLY_NOT_G5_MATCHED,False,False,False,0
97,78990,75215,CSH,2012-01-26,CANDIDATE_ONLY_NOT_G5_MATCHED,False,False,False,0
97,78990,75603,CRUS,2012-01-26,CANDIDATE_ONLY_NOT_G5_MATCHED,False,False,False,0
97,78990,76207,ACAT,2012-01-26,CANDIDATE_ONLY_NOT_G5_MATCHED,False,False,False,0
97,78990,76708,DV,2012-01-26,CANDIDATE_ONLY_NOT_G5_MATCHED,False,False,False,0
97,78990,76711,RGS,2012-01-26,CANDIDATE_ONLY_NOT_G5_MATCHED,False,False,False,0
97,78990,77702,SBUX,2012-01-26,CANDIDATE_ONLY_NOT_G5_MATCHED,False,False,False,0
97,78990,80080,EMN,2012-01-26,CANDIDATE_ONLY_NOT_G5_MATCHED,False,False,False,0
97,78990,80223,BPFH,2012-01-26,CANDIDATE_ONLY_NOT_G5_MATCHED,False,False,False,0
97,78990,80266,QLGC,2012-01-26,CANDIDATE_ONLY_NOT_G5_MATCHED,False,False,False,0
97,78990,80362,SCSC,2012-01-26,CANDIDATE_ONLY_NOT_G5_MATCHED,False,False,False,0
97,78990,81541,MBFI,2012-01-26,CANDIDATE_ONLY_NOT_G5_MATCHED,False,False,False,0
97,78990,83738,CASS,2012-01-26,CANDIDATE_ONLY_NOT_G5_MATCHED,False,False,False,0
97,78990,84342,MWW,2012-01-26,CANDIDATE_ONLY_NOT_G5_MATCHED,False,False,False,0
97,78990,84827,RMBS,2012-01-26,CANDIDATE_ONLY_NOT_G5_MATCHED,False,False,False,0
97,78990,87013,ARBA,2012-01-26,CANDIDATE_ONLY_NOT_G5_MATCHED,False,False,False,0
97,78990,87146,NST,2012-01-26,CANDIDATE_ONLY_NOT_G5_MATCHED,False,False,False,0
97,78990,87162,FLWS,2012-01-26,CANDIDATE_ONLY_NOT_G5_MATCHED,False,False,False,0
97,78990,87445,TDY,2012-01-26,CANDIDATE_ONLY_NOT_G5_MATCHED,False,False,False,0
97,78990,87652,LNBB,2012-01-26,CANDIDATE_ONLY_NOT_G5_MATCHED,False,False,False,0
97,78990,88287,DLA,2012-01-26,CANDIDATE_ONLY_NOT_G5_MATCHED,False,False,False,0
97,78990,88313,JNS,2012-01-26,CANDIDATE_ONLY_NOT_G5_MATCHED,False,False,False,0
97,78990,89387,CPSI,2012-01-26,CANDIDATE_ONLY_NOT_G5_MATCHED,False,False,False,0
97,78990,89922,TSRA,2012-01-26,CANDIDATE_ONLY_NOT_G5_MATCHED,False,False,False,0
97,78990,89941,TZOO,2012-01-26,CANDIDATE_ONLY_NOT_G5_MATCHED,False,False,False,0
97,78990,90535,DLLR,2012-01-26,CANDIDATE_ONLY_NOT_G5_MATCHED,False,False,False,0
97,78990,90730,HBOS,2012-01-26,CANDIDATE_ONLY_NOT_G5_MATCHED,False,False,False,0
97,78990,91485,RVBD,2012-01-26,CANDIDATE_ONLY_NOT_G5_MATCHED,False,False,False,0
97,78990,91883,TWC,2012-01-26,CANDIDATE_ONLY_NOT_G5_MATCHED,False,False,False,0
97,78990,91901,GSIT,2012-01-26,CANDIDATE_ONLY_NOT_G5_MATCHED,False,False,False,0
97,78990,92018,RRR,2012-01-26,CANDIDATE_ONLY_NOT_G5_MATCHED,False,False,False,0
97,78990,92195,BNCL,2012-01-26,CANDIDATE_ONLY_NOT_G5_MATCHED,False,False,False,0
97,78990,92890,MJN,2012-01-26,CANDIDATE_ONLY_NOT_G5_MATCHED,False,False,False,0
97,78990,93015,ART,2012-01-26,CANDIDATE_ONLY_NOT_G5_MATCHED,False,False,False,0
98,79007,31500,EV,2015-05-20,CANDIDATE_ONLY_NOT_G5_MATCHED,False,False,False,0
98,79007,59089,BRS,2015-05-20,CANDIDATE_ONLY_NOT_G5_MATCHED,False,False,False,0
98,79007,61399,LOW,2015-05-20,CANDIDATE_ONLY_NOT_G5_MATCHED,False,False,False,0
98,79007,64282,LB,2015-05-20,CANDIDATE_ONLY_NOT_G5_MATCHED,False,False,False,0
98,79007,77007,EVLV,2015-05-20,CANDIDATE_ONLY_NOT_G5_MATCHED,False,False,False,0
98,79007,77357,SNPS,2015-05-20,CANDIDATE_ONLY_NOT_G5_MATCHED,False,False,False,0
98,79007,82598,NTAP,2015-05-20,CANDIDATE_ONLY_NOT_G5_MATCHED,False,False,False,0
98,79007,90215,CRM,2015-05-20,CANDIDATE_ONLY_NOT_G5_MATCHED,False,False,False,0
99,79507,10252,INDB,2013-04-25,CANDIDATE_ONLY_NOT_G5_MATCHED,False,False,False,0
99,79507,10517,AAN,2013-04-25,CANDIDATE_ONLY_NOT_G5_MATCHED,False,False,False,0
99,79507,10530,VIVO,2013-04-25,CANDIDATE_ONLY_NOT_G5_MATCHED,False,False,False,0
99,79507,10693,HLS,2013-04-25,CANDIDATE_ONLY_NOT_G5_MATCHED,False,False,False,0
99,79507,11369,UBSI,2013-04-25,CANDIDATE_ONLY_NOT_G5_MATCHED,False,False,False,0
99,79507,11552,CELG,2013-04-25,CANDIDATE_ONLY_NOT_G5_MATCHED,False,False,False,0
99,79507,11786,SIVB,2013-04-25,CANDIDATE_ONLY_NOT_G5_MATCHED,False,False,False,0
99,79507,11850,XOM,2013-04-25,CANDIDATE_ONLY_NOT_G5_MATCHED,False,False,False,0
99,79507,11896,MXIM,2013-04-25,CANDIDATE_ONLY_NOT_G5_MATCHED,False,False,False,0
99,79507,12036,GMT,2013-04-25,CANDIDATE_ONLY_NOT_G5_MATCHED,False,False,False,0
99,79507,12682,TMS,2013-04-25,CANDIDATE_ONLY_NOT_G5_MATCHED,False,False,False,0
99,79507,12905,SXC,2013-04-25,CANDIDATE_ONLY_NOT_G5_MATCHED,False,False,False,0
99,79507,12914,DNKN,2013-04-25,CANDIDATE_ONLY_NOT_G5_MATCHED,False,False,False,0
99,79507,13085,VAC,2013-04-25,CANDIDATE_ONLY_NOT_G5_MATCHED,False,False,False,0
99,79507,13249,PRLB,2013-04-25,CANDIDATE_ONLY_NOT_G5_MATCHED,False,False,False,0
99,79507,13263,CEMP,2013-04-25,CANDIDATE_ONLY_NOT_G5_MATCHED,False,False,False,0
99,79507,13337,FET,2013-04-25,CANDIDATE_ONLY_NOT_G5_MATCHED,False,False,False,0
99,79507,13610,OLN,2013-04-25,CANDIDATE_ONLY_NOT_G5_MATCHED,False,False,False,0
99,79507,13901,MO,2013-04-25,CANDIDATE_ONLY_NOT_G5_MATCHED,False,False,False,0
99,79507,13928,COP,2013-04-25,CANDIDATE_ONLY_NOT_G5_MATCHED,False,False,False,0
99,79507,16600,HSY,2013-04-25,CANDIDATE_ONLY_NOT_G5_MATCHED,False,False,False,0
99,79507,18649,BCO,2013-04-25,CANDIDATE_ONLY_NOT_G5_MATCHED,False,False,False,0
99,79507,18729,CL,2013-04-25,CANDIDATE_ONLY_NOT_G5_MATCHED,False,False,False,0
99,79507,19393,BMY,2013-04-25,CANDIDATE_ONLY_NOT_G5_MATCHED,False,False,False,0
99,79507,20618,CRS,2013-04-25,CANDIDATE_ONLY_NOT_G5_MATCHED,False,False,False,0
99,79507,22592,MMM,2013-04-25,CANDIDATE_ONLY_NOT_G5_MATCHED,False,False,False,0
99,79507,23085,SCG,2013-04-25,CANDIDATE_ONLY_NOT_G5_MATCHED,False,False,False,0
99,79507,23229,CMS,2013-04-25,CANDIDATE_ONLY_NOT_G5_MATCHED,False,False,False,0
99,79507,23473,CINF,2013-04-25,CANDIDATE_ONLY_NOT_G5_MATCHED,False,False,False,0
99,79507,24010,ETR,2013-04-25,CANDIDATE_ONLY_NOT_G5_MATCHED,False,False,False,0
99,79507,24328,EQT,2013-04-25,CANDIDATE_ONLY_NOT_G5_MATCHED,False,False,False,0
99,79507,24942,RTN,2013-04-25,CANDIDATE_ONLY_NOT_G5_MATCHED,False,False,False,0
99,79507,27684,AVT,2013-04-25,CANDIDATE_ONLY_NOT_G5_MATCHED,False,False,False,0
99,79507,28804,ALK,2013-04-25,CANDIDATE_ONLY_NOT_G5_MATCHED,False,False,False,0
99,79507,34673,NR,2013-04-25,CANDIDATE_ONLY_NOT_G5_MATCHED,False,False,False,0
99,79507,34833,OXY,2013-04-25,CANDIDATE_ONLY_NOT_G5_MATCHED,False,False,False,0
99,79507,42200,PKI,2013-04-25,CANDIDATE_ONLY_NOT_G5_MATCHED,False,False,False,0
99,79507,42796,MDP,2013-04-25,CANDIDATE_ONLY_NOT_G5_MATCHED,False,False,False,0
99,79507,43350,SWK,2013-04-25,CANDIDATE_ONLY_NOT_G5_MATCHED,False,False,False,0
99,79507,43772,BMS,2013-04-25,CANDIDATE_ONLY_NOT_G5_MATCHED,False,False,False,0
99,79507,44134,KMT,2013-04-25,CANDIDATE_ONLY_NOT_G5_MATCHED,False,False,False,0
99,79507,45277,IGT,2013-04-25,CANDIDATE_ONLY_NOT_G5_MATCHED,False,False,False,0
99,79507,45728,IVC,2013-04-25,CANDIDATE_ONLY_NOT_G5_MATCHED,False,False,False,0
99,79507,45911,SWKS,2013-04-25,CANDIDATE_ONLY_NOT_G5_MATCHED,False,False,False,0
99,79507,46340,SFE,2013-04-25,CANDIDATE_ONLY_NOT_G5_MATCHED,False,False,False,0
99,79507,46886,KLAC,2013-04-25,CANDIDATE_ONLY_NOT_G5_MATCHED,False,False,False,0
99,79507,47466,NYT,2013-04-25,CANDIDATE_ONLY_NOT_G5_MATCHED,False,False,False,0
99,79507,48523,LANC,2013-04-25,CANDIDATE_ONLY_NOT_G5_MATCHED,False,False,False,0
99,79507,48961,LAWS,2013-04-25,CANDIDATE_ONLY_NOT_G5_MATCHED,False,False,False,0
99,79507,50017,RRC,2013-04-25,CANDIDATE_ONLY_NOT_G5_MATCHED,False,False,False,0
99,79507,53480,MCRS,2013-04-25,CANDIDATE_ONLY_NOT_G5_MATCHED,False,False,False,0
99,79507,53640,MSCC,2013-04-25,CANDIDATE_ONLY_NOT_G5_MATCHED,False,False,False,0
99,79507,54148,PHM,2013-04-25,CANDIDATE_ONLY_NOT_G5_MATCHED,False,False,False,0
99,79507,55597,MTRN,2013-04-25,CANDIDATE_ONLY_NOT_G5_MATCHED,False,False,False,0
99,79507,56040,NAFC,2013-04-25,CANDIDATE_ONLY_NOT_G5_MATCHED,False,False,False,0
99,79507,57568,BLL,2013-04-25,CANDIDATE_ONLY_NOT_G5_MATCHED,False,False,False,0
99,79507,58683,LUV,2013-04-25,CANDIDATE_ONLY_NOT_G5_MATCHED,False,False,False,0
99,79507,59192,CB,2013-04-25,CANDIDATE_ONLY_NOT_G5_MATCHED,False,False,False,0
99,79507,59396,ORI,2013-04-25,CANDIDATE_ONLY_NOT_G5_MATCHED,False,False,False,0
99,79507,60943,LEG,2013-04-25,CANDIDATE_ONLY_NOT_G5_MATCHED,False,False,False,0
99,79507,61496,PATK,2013-04-25,CANDIDATE_ONLY_NOT_G5_MATCHED,False,False,False,0
99,79507,61743,DLX,2013-04-25,CANDIDATE_ONLY_NOT_G5_MATCHED,False,False,False,0
99,79507,61815,NBL,2013-04-25,CANDIDATE_ONLY_NOT_G5_MATCHED,False,False,False,0
99,79507,63079,KEG,2013-04-25,CANDIDATE_ONLY_NOT_G5_MATCHED,False,False,False,0
99,79507,64936,D,2013-04-25,CANDIDATE_ONLY_NOT_G5_MATCHED,False,False,False,0
99,79507,65509,BLC,2013-04-25,CANDIDATE_ONLY_NOT_G5_MATCHED,False,False,False,0
99,79507,69586,SBCF,2013-04-25,CANDIDATE_ONLY_NOT_G5_MATCHED,False,False,False,0
99,79507,70033,HOG,2013-04-25,CANDIDATE_ONLY_NOT_G5_MATCHED,False,False,False,0
99,79507,70500,CCE,2013-04-25,CANDIDATE_ONLY_NOT_G5_MATCHED,False,False,False,0
99,79507,70536,SIAL,2013-04-25,CANDIDATE_ONLY_NOT_G5_MATCHED,False,False,False,0
99,79507,75215,CSH,2013-04-25,CANDIDATE_ONLY_NOT_G5_MATCHED,False,False,False,0
99,79507,75257,TLAB,2013-04-25,CANDIDATE_ONLY_NOT_G5_MATCHED,False,False,False,0
99,79507,75577,ALTR,2013-04-25,CANDIDATE_ONLY_NOT_G5_MATCHED,False,False,False,0
99,79507,75603,CRUS,2013-04-25,CANDIDATE_ONLY_NOT_G5_MATCHED,False,False,False,0
99,79507,75831,DGII,2013-04-25,CANDIDATE_ONLY_NOT_G5_MATCHED,False,False,False,0
99,79507,76224,BHE,2013-04-25,CANDIDATE_ONLY_NOT_G5_MATCHED,False,False,False,0
99,79507,76624,PMCS,2013-04-25,CANDIDATE_ONLY_NOT_G5_MATCHED,False,False,False,0
99,79507,76841,BIIB,2013-04-25,CANDIDATE_ONLY_NOT_G5_MATCHED,False,False,False,0
99,79507,76980,ROCM,2013-04-25,CANDIDATE_ONLY_NOT_G5_MATCHED,False,False,False,0
99,79507,77037,ODFL,2013-04-25,CANDIDATE_ONLY_NOT_G5_MATCHED,False,False,False,0
99,79507,77114,WRLD,2013-04-25,CANDIDATE_ONLY_NOT_G5_MATCHED,False,False,False,0
99,79507,77279,ABAX,2013-04-25,CANDIDATE_ONLY_NOT_G5_MATCHED,False,False,False,0
99,79507,77366,ELY,2013-04-25,CANDIDATE_ONLY_NOT_G5_MATCHED,False,False,False,0
99,79507,77461,VCI,2013-04-25,CANDIDATE_ONLY_NOT_G5_MATCHED,False,False,False,0
99,79507,77605,BSX,2013-04-25,CANDIDATE_ONLY_NOT_G5_MATCHED,False,False,False,0
99,79507,77630,DWCH,2013-04-25,CANDIDATE_ONLY_NOT_G5_MATCHED,False,False,False,0
99,79507,77702,SBUX,2013-04-25,CANDIDATE_ONLY_NOT_G5_MATCHED,False,False,False,0
99,79507,77763,SPN,2013-04-25,CANDIDATE_ONLY_NOT_G5_MATCHED,False,False,False,0
99,79507,78981,LSTR,2013-04-25,CANDIDATE_ONLY_NOT_G5_MATCHED,False,False,False,0
99,79507,78990,DEST,2013-04-25,CANDIDATE_ONLY_NOT_G5_MATCHED,False,False,False,0
99,79507,79133,ATR,2013-04-25,CANDIDATE_ONLY_NOT_G5_MATCHED,False,False,False,0
99,79507,79210,RGA,2013-04-25,CANDIDATE_ONLY_NOT_G5_MATCHED,False,False,False,0
99,79507,79336,LBY,2013-04-25,CANDIDATE_ONLY_NOT_G5_MATCHED,False,False,False,0
99,79507,79545,BWA,2013-04-25,CANDIDATE_ONLY_NOT_G5_MATCHED,False,False,False,0
99,79507,79637,UHS,2013-04-25,CANDIDATE_ONLY_NOT_G5_MATCHED,False,False,False,0
99,79507,79686,DECK,2013-04-25,CANDIDATE_ONLY_NOT_G5_MATCHED,False,False,False,0
99,79507,79857,PTEN,2013-04-25,CANDIDATE_ONLY_NOT_G5_MATCHED,False,False,False,0
99,79507,79909,MHO,2013-04-25,CANDIDATE_ONLY_NOT_G5_MATCHED,False,False,False,0
99,79507,80113,CGI,2013-04-25,CANDIDATE_ONLY_NOT_G5_MATCHED,False,False,False,0
99,79507,80362,SCSC,2013-04-25,CANDIDATE_ONLY_NOT_G5_MATCHED,False,False,False,0
99,79507,80864,RS,2013-04-25,CANDIDATE_ONLY_NOT_G5_MATCHED,False,False,False,0
99,79507,81128,ESI,2013-04-25,CANDIDATE_ONLY_NOT_G5_MATCHED,False,False,False,0
99,79507,81501,NATI,2013-04-25,CANDIDATE_ONLY_NOT_G5_MATCHED,False,False,False,0
99,79507,81540,ABC,2013-04-25,CANDIDATE_ONLY_NOT_G5_MATCHED,False,False,False,0
99,79507,81564,IBKC,2013-04-25,CANDIDATE_ONLY_NOT_G5_MATCHED,False,False,False,0
99,79507,81857,CAM,2013-04-25,CANDIDATE_ONLY_NOT_G5_MATCHED,False,False,False,0
99,79507,81925,GTI,2013-04-25,CANDIDATE_ONLY_NOT_G5_MATCHED,False,False,False,0
99,79507,82298,DO,2013-04-25,CANDIDATE_ONLY_NOT_G5_MATCHED,False,False,False,0
99,79507,82521,RSYS,2013-04-25,CANDIDATE_ONLY_NOT_G5_MATCHED,False,False,False,0
99,79507,82694,EME,2013-04-25,CANDIDATE_ONLY_NOT_G5_MATCHED,False,False,False,0
99,79507,82859,REV,2013-04-25,CANDIDATE_ONLY_NOT_G5_MATCHED,False,False,False,0
99,79507,83111,ALXN,2013-04-25,CANDIDATE_ONLY_NOT_G5_MATCHED,False,False,False,0
99,79507,83186,DST,2013-04-25,CANDIDATE_ONLY_NOT_G5_MATCHED,False,False,False,0
99,79507,83366,CRR,2013-04-25,CANDIDATE_ONLY_NOT_G5_MATCHED,False,False,False,0
99,79507,84103,NCI,2013-04-25,CANDIDATE_ONLY_NOT_G5_MATCHED,False,False,False,0
99,79507,84168,IM,2013-04-25,CANDIDATE_ONLY_NOT_G5_MATCHED,False,False,False,0
99,79507,84788,AMZN,2013-04-25,CANDIDATE_ONLY_NOT_G5_MATCHED,False,False,False,0
99,79507,85173,CSTR,2013-04-25,CANDIDATE_ONLY_NOT_G5_MATCHED,False,False,False,0
99,79507,85257,AME,2013-04-25,CANDIDATE_ONLY_NOT_G5_MATCHED,False,False,False,0
99,79507,85863,COLM,2013-04-25,CANDIDATE_ONLY_NOT_G5_MATCHED,False,False,False,0
99,79507,85953,SOFO,2013-04-25,CANDIDATE_ONLY_NOT_G5_MATCHED,False,False,False,0
99,79507,85991,LVLT,2013-04-25,CANDIDATE_ONLY_NOT_G5_MATCHED,False,False,False,0
99,79507,86021,LLL,2013-04-25,CANDIDATE_ONLY_NOT_G5_MATCHED,False,False,False,0
99,79507,86047,AMKR,2013-04-25,CANDIDATE_ONLY_NOT_G5_MATCHED,False,False,False,0
99,79507,86102,FII,2013-04-25,CANDIDATE_ONLY_NOT_G5_MATCHED,False,False,False,0
99,79507,86128,HZO,2013-04-25,CANDIDATE_ONLY_NOT_G5_MATCHED,False,False,False,0
99,79507,86228,RSG,2013-04-25,CANDIDATE_ONLY_NOT_G5_MATCHED,False,False,False,0
99,79507,86302,HTBK,2013-04-25,CANDIDATE_ONLY_NOT_G5_MATCHED,False,False,False,0
99,79507,86799,CNX,2013-04-25,CANDIDATE_ONLY_NOT_G5_MATCHED,False,False,False,0
99,79507,87006,UTHR,2013-04-25,CANDIDATE_ONLY_NOT_G5_MATCHED,False,False,False,0
99,79507,87179,NTCT,2013-04-25,CANDIDATE_ONLY_NOT_G5_MATCHED,False,False,False,0
99,79507,87236,INAP,2013-04-25,CANDIDATE_ONLY_NOT_G5_MATCHED,False,False,False,0
99,79507,87447,UPS,2013-04-25,CANDIDATE_ONLY_NOT_G5_MATCHED,False,False,False,0
99,79507,87827,WBSN,2013-04-25,CANDIDATE_ONLY_NOT_G5_MATCHED,False,False,False,0
99,79507,88203,VDSI,2013-04-25,CANDIDATE_ONLY_NOT_G5_MATCHED,False,False,False,0
99,79507,88257,PFBX,2013-04-25,CANDIDATE_ONLY_NOT_G5_MATCHED,False,False,False,0
99,79507,88260,PXLW,2013-04-25,CANDIDATE_ONLY_NOT_G5_MATCHED,False,False,False,0
99,79507,88287,DLA,2013-04-25,CANDIDATE_ONLY_NOT_G5_MATCHED,False,False,False,0
99,79507,88564,RTIX,2013-04-25,CANDIDATE_ONLY_NOT_G5_MATCHED,False,False,False,0
99,79507,88615,GB,2013-04-25,CANDIDATE_ONLY_NOT_G5_MATCHED,False,False,False,0
99,79507,89070,ZMH,2013-04-25,CANDIDATE_ONLY_NOT_G5_MATCHED,False,False,False,0
99,79507,89195,PFG,2013-04-25,CANDIDATE_ONLY_NOT_G5_MATCHED,False,False,False,0
99,79507,89213,WOOF,2013-04-25,CANDIDATE_ONLY_NOT_G5_MATCHED,False,False,False,0
99,79507,89290,SYNA,2013-04-25,CANDIDATE_ONLY_NOT_G5_MATCHED,False,False,False,0
99,79507,89332,DDE,2013-04-25,CANDIDATE_ONLY_NOT_G5_MATCHED,False,False,False,0
99,79507,89353,JBLU,2013-04-25,CANDIDATE_ONLY_NOT_G5_MATCHED,False,False,False,0
99,79507,89387,CPSI,2013-04-25,CANDIDATE_ONLY_NOT_G5_MATCHED,False,False,False,0
99,79507,89533,WYNN,2013-04-25,CANDIDATE_ONLY_NOT_G5_MATCHED,False,False,False,0
99,79507,89642,BBNK,2013-04-25,CANDIDATE_ONLY_NOT_G5_MATCHED,False,False,False,0
99,79507,89781,MOH,2013-04-25,CANDIDATE_ONLY_NOT_G5_MATCHED,False,False,False,0
99,79507,89800,NTGR,2013-04-25,CANDIDATE_ONLY_NOT_G5_MATCHED,False,False,False,0
99,79507,89810,GPK,2013-04-25,CANDIDATE_ONLY_NOT_G5_MATCHED,False,False,False,0
99,79507,89876,CRI,2013-04-25,CANDIDATE_ONLY_NOT_G5_MATCHED,False,False,False,0
99,79507,89922,TSRA,2013-04-25,CANDIDATE_ONLY_NOT_G5_MATCHED,False,False,False,0
99,79507,90199,CBG,2013-04-25,CANDIDATE_ONLY_NOT_G5_MATCHED,False,False,False,0
99,79507,90200,CAB,2013-04-25,CANDIDATE_ONLY_NOT_G5_MATCHED,False,False,False,0
99,79507,90210,LTM,2013-04-25,CANDIDATE_ONLY_NOT_G5_MATCHED,False,False,False,0
99,79507,90238,SNMX,2013-04-25,CANDIDATE_ONLY_NOT_G5_MATCHED,False,False,False,0
99,79507,90409,HURN,2013-04-25,CANDIDATE_ONLY_NOT_G5_MATCHED,False,False,False,0
99,79507,90458,NWE,2013-04-25,CANDIDATE_ONLY_NOT_G5_MATCHED,False,False,False,0
99,79507,90536,GFIG,2013-04-25,CANDIDATE_ONLY_NOT_G5_MATCHED,False,False,False,0
99,79507,90550,DLB,2013-04-25,CANDIDATE_ONLY_NOT_G5_MATCHED,False,False,False,0
99,79507,90605,UACL,2013-04-25,CANDIDATE_ONLY_NOT_G5_MATCHED,False,False,False,0
99,79507,90730,HBOS,2013-04-25,CANDIDATE_ONLY_NOT_G5_MATCHED,False,False,False,0
99,79507,90808,EXPE,2013-04-25,CANDIDATE_ONLY_NOT_G5_MATCHED,False,False,False,0
99,79507,90814,HITT,2013-04-25,CANDIDATE_ONLY_NOT_G5_MATCHED,False,False,False,0
99,79507,90831,DRC,2013-04-25,CANDIDATE_ONLY_NOT_G5_MATCHED,False,False,False,0
99,79507,90951,HERO,2013-04-25,CANDIDATE_ONLY_NOT_G5_MATCHED,False,False,False,0
99,79507,91103,UAL,2013-04-25,CANDIDATE_ONLY_NOT_G5_MATCHED,False,False,False,0
99,79507,91349,CLUB,2013-04-25,CANDIDATE_ONLY_NOT_G5_MATCHED,False,False,False,0
99,79507,91579,KBR,2013-04-25,CANDIDATE_ONLY_NOT_G5_MATCHED,False,False,False,0
99,79507,91854,UFS,2013-04-25,CANDIDATE_ONLY_NOT_G5_MATCHED,False,False,False,0
99,79507,91883,TWC,2013-04-25,CANDIDATE_ONLY_NOT_G5_MATCHED,False,False,False,0
99,79507,92029,TRS,2013-04-25,CANDIDATE_ONLY_NOT_G5_MATCHED,False,False,False,0
99,79507,92302,CTCT,2013-04-25,CANDIDATE_ONLY_NOT_G5_MATCHED,False,False,False,0
99,79507,92497,N,2013-04-25,CANDIDATE_ONLY_NOT_G5_MATCHED,False,False,False,0
99,79507,92570,DAN,2013-04-25,CANDIDATE_ONLY_NOT_G5_MATCHED,False,False,False,0
99,79507,92890,MJN,2013-04-25,CANDIDATE_ONLY_NOT_G5_MATCHED,False,False,False,0
99,79507,93101,LEA,2013-04-25,CANDIDATE_ONLY_NOT_G5_MATCHED,False,False,False,0
99,79507,93374,FAF,2013-04-25,CANDIDATE_ONLY_NOT_G5_MATCHED,False,False,False,0
100,79545,11664,GDOT,2011-07-28,CANDIDATE_ONLY_NOT_G5_MATCHED,False,False,False,0
100,79545,11850,XOM,2011-07-28,CANDIDATE_ONLY_NOT_G5_MATCHED,False,False,False,0
100,79545,11955,WM,2011-07-28,CANDIDATE_ONLY_NOT_G5_MATCHED,False,False,False,0
100,79545,12011,RLD,2011-07-28,CANDIDATE_ONLY_NOT_G5_MATCHED,False,False,False,0
100,79545,12036,GMT,2011-07-28,CANDIDATE_ONLY_NOT_G5_MATCHED,False,False,False,0
100,79545,18649,BCO,2011-07-28,CANDIDATE_ONLY_NOT_G5_MATCHED,False,False,False,0
100,79545,18729,CL,2011-07-28,CANDIDATE_ONLY_NOT_G5_MATCHED,False,False,False,0
100,79545,20053,SNV,2011-07-28,CANDIDATE_ONLY_NOT_G5_MATCHED,False,False,False,0
100,79545,20504,CACH,2011-07-28,CANDIDATE_ONLY_NOT_G5_MATCHED,False,False,False,0
100,79545,20618,CRS,2011-07-28,CANDIDATE_ONLY_NOT_G5_MATCHED,False,False,False,0
100,79545,22779,MSI,2011-07-28,CANDIDATE_ONLY_NOT_G5_MATCHED,False,False,False,0
100,79545,22859,DPL,2011-07-28,CANDIDATE_ONLY_NOT_G5_MATCHED,False,False,False,0
100,79545,23931,XEL,2011-07-28,CANDIDATE_ONLY_NOT_G5_MATCHED,False,False,False,0
100,79545,24328,EQT,2011-07-28,CANDIDATE_ONLY_NOT_G5_MATCHED,False,False,False,0
100,79545,39087,S,2011-07-28,CANDIDATE_ONLY_NOT_G5_MATCHED,False,False,False,0
100,79545,44274,INSU,2011-07-28,CANDIDATE_ONLY_NOT_G5_MATCHED,False,False,False,0
100,79545,48961,LAWS,2011-07-28,CANDIDATE_ONLY_NOT_G5_MATCHED,False,False,False,0
100,79545,53065,IPG,2011-07-28,CANDIDATE_ONLY_NOT_G5_MATCHED,False,False,False,0
100,79545,54704,MOD,2011-07-28,CANDIDATE_ONLY_NOT_G5_MATCHED,False,False,False,0
100,79545,60468,GHM,2011-07-28,CANDIDATE_ONLY_NOT_G5_MATCHED,False,False,False,0
100,79545,64961,QSII,2011-07-28,CANDIDATE_ONLY_NOT_G5_MATCHED,False,False,False,0
100,79545,70308,ARG,2011-07-28,CANDIDATE_ONLY_NOT_G5_MATCHED,False,False,False,0
100,79545,70500,CCE,2011-07-28,CANDIDATE_ONLY_NOT_G5_MATCHED,False,False,False,0
100,79545,75460,TNC,2011-07-28,CANDIDATE_ONLY_NOT_G5_MATCHED,False,False,False,0
100,79545,76207,ACAT,2011-07-28,CANDIDATE_ONLY_NOT_G5_MATCHED,False,False,False,0
100,79545,76744,VRTX,2011-07-28,CANDIDATE_ONLY_NOT_G5_MATCHED,False,False,False,0
100,79545,77037,ODFL,2011-07-28,CANDIDATE_ONLY_NOT_G5_MATCHED,False,False,False,0
100,79545,77520,AGCO,2011-07-28,CANDIDATE_ONLY_NOT_G5_MATCHED,False,False,False,0
100,79545,77702,SBUX,2011-07-28,CANDIDATE_ONLY_NOT_G5_MATCHED,False,False,False,0
100,79545,77787,ZOLL,2011-07-28,CANDIDATE_ONLY_NOT_G5_MATCHED,False,False,False,0
100,79545,78015,MTX,2011-07-28,CANDIDATE_ONLY_NOT_G5_MATCHED,False,False,False,0
100,79545,78877,CHK,2011-07-28,CANDIDATE_ONLY_NOT_G5_MATCHED,False,False,False,0
100,79545,79686,DECK,2011-07-28,CANDIDATE_ONLY_NOT_G5_MATCHED,False,False,False,0
100,79545,79864,VSEC,2011-07-28,CANDIDATE_ONLY_NOT_G5_MATCHED,False,False,False,0
100,79545,79884,WMAR,2011-07-28,CANDIDATE_ONLY_NOT_G5_MATCHED,False,False,False,0
100,79545,79906,INCY,2011-07-28,CANDIDATE_ONLY_NOT_G5_MATCHED,False,False,False,0
100,79545,80080,EMN,2011-07-28,CANDIDATE_ONLY_NOT_G5_MATCHED,False,False,False,0
100,79545,80266,QLGC,2011-07-28,CANDIDATE_ONLY_NOT_G5_MATCHED,False,False,False,0
100,79545,80415,EXP,2011-07-28,CANDIDATE_ONLY_NOT_G5_MATCHED,False,False,False,0
100,79545,80864,RS,2011-07-28,CANDIDATE_ONLY_NOT_G5_MATCHED,False,False,False,0
100,79545,81061,MCK,2011-07-28,CANDIDATE_ONLY_NOT_G5_MATCHED,False,False,False,0
100,79545,81116,VECO,2011-07-28,CANDIDATE_ONLY_NOT_G5_MATCHED,False,False,False,0
100,79545,81925,GTI,2011-07-28,CANDIDATE_ONLY_NOT_G5_MATCHED,False,False,False,0
100,79545,82521,RSYS,2011-07-28,CANDIDATE_ONLY_NOT_G5_MATCHED,False,False,False,0
100,79545,82859,REV,2011-07-28,CANDIDATE_ONLY_NOT_G5_MATCHED,False,False,False,0
100,79545,83143,IRM,2011-07-28,CANDIDATE_ONLY_NOT_G5_MATCHED,False,False,False,0
100,79545,83756,GERN,2011-07-28,CANDIDATE_ONLY_NOT_G5_MATCHED,False,False,False,0
100,79545,83799,STRA,2011-07-28,CANDIDATE_ONLY_NOT_G5_MATCHED,False,False,False,0
100,79545,84041,TGI,2011-07-28,CANDIDATE_ONLY_NOT_G5_MATCHED,False,False,False,0
100,79545,84342,MWW,2011-07-28,CANDIDATE_ONLY_NOT_G5_MATCHED,False,False,False,0
100,79545,84381,ROK,2011-07-28,CANDIDATE_ONLY_NOT_G5_MATCHED,False,False,False,0
100,79545,84413,CERS,2011-07-28,CANDIDATE_ONLY_NOT_G5_MATCHED,False,False,False,0
100,79545,84737,GIFI,2011-07-28,CANDIDATE_ONLY_NOT_G5_MATCHED,False,False,False,0
100,79545,85077,SRT,2011-07-28,CANDIDATE_ONLY_NOT_G5_MATCHED,False,False,False,0
100,79545,85332,BHB,2011-07-28,CANDIDATE_ONLY_NOT_G5_MATCHED,False,False,False,0
100,79545,85863,COLM,2011-07-28,CANDIDATE_ONLY_NOT_G5_MATCHED,False,False,False,0
100,79545,86021,LLL,2011-07-28,CANDIDATE_ONLY_NOT_G5_MATCHED,False,False,False,0
100,79545,86128,HZO,2011-07-28,CANDIDATE_ONLY_NOT_G5_MATCHED,False,False,False,0
100,79545,86322,DRIV,2011-07-28,CANDIDATE_ONLY_NOT_G5_MATCHED,False,False,False,0
100,79545,86362,IXYS,2011-07-28,CANDIDATE_ONLY_NOT_G5_MATCHED,False,False,False,0
100,79545,86544,INSP,2011-07-28,CANDIDATE_ONLY_NOT_G5_MATCHED,False,False,False,0
100,79545,87013,ARBA,2011-07-28,CANDIDATE_ONLY_NOT_G5_MATCHED,False,False,False,0
100,79545,87146,NST,2011-07-28,CANDIDATE_ONLY_NOT_G5_MATCHED,False,False,False,0
100,79545,87361,PCTI,2011-07-28,CANDIDATE_ONLY_NOT_G5_MATCHED,False,False,False,0
100,79545,87373,ALSK,2011-07-28,CANDIDATE_ONLY_NOT_G5_MATCHED,False,False,False,0
100,79545,87445,TDY,2011-07-28,CANDIDATE_ONLY_NOT_G5_MATCHED,False,False,False,0
100,79545,87652,LNBB,2011-07-28,CANDIDATE_ONLY_NOT_G5_MATCHED,False,False,False,0
100,79545,87842,MET,2011-07-28,CANDIDATE_ONLY_NOT_G5_MATCHED,False,False,False,0
100,79545,88284,CYH,2011-07-28,CANDIDATE_ONLY_NOT_G5_MATCHED,False,False,False,0
100,79545,88379,NTRI,2011-07-28,CANDIDATE_ONLY_NOT_G5_MATCHED,False,False,False,0
100,79545,88511,CRIS,2011-07-28,CANDIDATE_ONLY_NOT_G5_MATCHED,False,False,False,0
100,79545,88564,RTIX,2011-07-28,CANDIDATE_ONLY_NOT_G5_MATCHED,False,False,False,0
100,79545,88590,DNB,2011-07-28,CANDIDATE_ONLY_NOT_G5_MATCHED,False,False,False,0
100,79545,88740,POZN,2011-07-28,CANDIDATE_ONLY_NOT_G5_MATCHED,False,False,False,0
100,79545,89036,BABY,2011-07-28,CANDIDATE_ONLY_NOT_G5_MATCHED,False,False,False,0
100,79545,89046,WMGI,2011-07-28,CANDIDATE_ONLY_NOT_G5_MATCHED,False,False,False,0
100,79545,89213,WOOF,2011-07-28,CANDIDATE_ONLY_NOT_G5_MATCHED,False,False,False,0
100,79545,89252,FVE,2011-07-28,CANDIDATE_ONLY_NOT_G5_MATCHED,False,False,False,0
100,79545,89387,CPSI,2011-07-28,CANDIDATE_ONLY_NOT_G5_MATCHED,False,False,False,0
100,79545,89409,RGC,2011-07-28,CANDIDATE_ONLY_NOT_G5_MATCHED,False,False,False,0
100,79545,89419,PACR,2011-07-28,CANDIDATE_ONLY_NOT_G5_MATCHED,False,False,False,0
100,79545,89642,BBNK,2011-07-28,CANDIDATE_ONLY_NOT_G5_MATCHED,False,False,False,0
100,79545,89876,CRI,2011-07-28,CANDIDATE_ONLY_NOT_G5_MATCHED,False,False,False,0
100,79545,89922,TSRA,2011-07-28,CANDIDATE_ONLY_NOT_G5_MATCHED,False,False,False,0
100,79545,89952,CMP,2011-07-28,CANDIDATE_ONLY_NOT_G5_MATCHED,False,False,False,0
100,79545,90020,AACC,2011-07-28,CANDIDATE_ONLY_NOT_G5_MATCHED,False,False,False,0
100,79545,90083,DDIC,2011-07-28,CANDIDATE_ONLY_NOT_G5_MATCHED,False,False,False,0
100,79545,90200,CAB,2011-07-28,CANDIDATE_ONLY_NOT_G5_MATCHED,False,False,False,0
100,79545,90213,MGI,2011-07-28,CANDIDATE_ONLY_NOT_G5_MATCHED,False,False,False,0
100,79545,90287,NETL,2011-07-28,CANDIDATE_ONLY_NOT_G5_MATCHED,False,False,False,0
100,79545,90371,BBW,2011-07-28,CANDIDATE_ONLY_NOT_G5_MATCHED,False,False,False,0
100,79545,90377,NANO,2011-07-28,CANDIDATE_ONLY_NOT_G5_MATCHED,False,False,False,0
100,79545,90531,PHH,2011-07-28,CANDIDATE_ONLY_NOT_G5_MATCHED,False,False,False,0
100,79545,90756,OSK,2011-07-28,CANDIDATE_ONLY_NOT_G5_MATCHED,False,False,False,0
100,79545,90833,HPY,2011-07-28,CANDIDATE_ONLY_NOT_G5_MATCHED,False,False,False,0
100,79545,90874,TRLG,2011-07-28,CANDIDATE_ONLY_NOT_G5_MATCHED,False,False,False,0
100,79545,91207,HOT,2011-07-28,CANDIDATE_ONLY_NOT_G5_MATCHED,False,False,False,0
100,79545,91413,EVR,2011-07-28,CANDIDATE_ONLY_NOT_G5_MATCHED,False,False,False,0
100,79545,91472,PBIB,2011-07-28,CANDIDATE_ONLY_NOT_G5_MATCHED,False,False,False,0
100,79545,91883,TWC,2011-07-28,CANDIDATE_ONLY_NOT_G5_MATCHED,False,False,False,0
100,79545,91901,GSIT,2011-07-28,CANDIDATE_ONLY_NOT_G5_MATCHED,False,False,False,0
100,79545,92190,MF,2011-07-28,CANDIDATE_ONLY_NOT_G5_MATCHED,False,False,False,0
100,79545,92195,BNCL,2011-07-28,CANDIDATE_ONLY_NOT_G5_MATCHED,False,False,False,0
100,79545,92302,CTCT,2011-07-28,CANDIDATE_ONLY_NOT_G5_MATCHED,False,False,False,0
100,79545,92446,PROJ,2011-07-28,CANDIDATE_ONLY_NOT_G5_MATCHED,False,False,False,0
100,79545,92854,CLW,2011-07-28,CANDIDATE_ONLY_NOT_G5_MATCHED,False,False,False,0
100,79545,92890,MJN,2011-07-28,CANDIDATE_ONLY_NOT_G5_MATCHED,False,False,False,0
100,79545,93015,ART,2011-07-28,CANDIDATE_ONLY_NOT_G5_MATCHED,False,False,False,0
100,79545,93056,DOLE,2011-07-28,CANDIDATE_ONLY_NOT_G5_MATCHED,False,False,False,0
100,79545,93289,MXL,2011-07-28,CANDIDATE_ONLY_NOT_G5_MATCHED,False,False,False,0
100,79545,93301,AVEO,2011-07-28,CANDIDATE_ONLY_NOT_G5_MATCHED,False,False,False,0
101,79588,10443,FRPH,2015-02-04,CANDIDATE_ONLY_NOT_G5_MATCHED,False,False,False,0
101,79588,12369,GM,2015-02-04,CANDIDATE_ONLY_NOT_G5_MATCHED,False,False,False,0
101,79588,12781,LG,2015-02-04,CANDIDATE_ONLY_NOT_G5_MATCHED,False,False,False,0
101,79588,13914,DATA,2015-02-04,CANDIDATE_ONLY_NOT_G5_MATCHED,False,False,False,0
101,79588,14337,FGL,2015-02-04,CANDIDATE_ONLY_NOT_G5_MATCHED,False,False,False,0
101,79588,18411,SO,2015-02-04,CANDIDATE_ONLY_NOT_G5_MATCHED,False,False,False,0
101,79588,19166,FMC,2015-02-04,CANDIDATE_ONLY_NOT_G5_MATCHED,False,False,False,0
101,79588,23473,CINF,2015-02-04,CANDIDATE_ONLY_NOT_G5_MATCHED,False,False,False,0
101,79588,25419,WHR,2015-02-04,CANDIDATE_ONLY_NOT_G5_MATCHED,False,False,False,0
101,79588,41929,CNW,2015-02-04,CANDIDATE_ONLY_NOT_G5_MATCHED,False,False,False,0
101,79588,46578,CLX,2015-02-04,CANDIDATE_ONLY_NOT_G5_MATCHED,False,False,False,0
101,79588,54704,MOD,2015-02-04,CANDIDATE_ONLY_NOT_G5_MATCHED,False,False,False,0
101,79588,76584,ATML,2015-02-04,CANDIDATE_ONLY_NOT_G5_MATCHED,False,False,False,0
101,79588,77282,MSON,2015-02-04,CANDIDATE_ONLY_NOT_G5_MATCHED,False,False,False,0
101,79588,77595,ARCB,2015-02-04,CANDIDATE_ONLY_NOT_G5_MATCHED,False,False,False,0
101,79588,77605,BSX,2015-02-04,CANDIDATE_ONLY_NOT_G5_MATCHED,False,False,False,0
101,79588,77868,PRCP,2015-02-04,CANDIDATE_ONLY_NOT_G5_MATCHED,False,False,False,0
101,79588,79323,ALL,2015-02-04,CANDIDATE_ONLY_NOT_G5_MATCHED,False,False,False,0
101,79588,80167,HAIN,2015-02-04,CANDIDATE_ONLY_NOT_G5_MATCHED,False,False,False,0
101,79588,81073,UHAL,2015-02-04,CANDIDATE_ONLY_NOT_G5_MATCHED,False,False,False,0
101,79588,82292,THG,2015-02-04,CANDIDATE_ONLY_NOT_G5_MATCHED,False,False,False,0
101,79588,83272,HUBG,2015-02-04,CANDIDATE_ONLY_NOT_G5_MATCHED,False,False,False,0
101,79588,83411,EPM,2015-02-04,CANDIDATE_ONLY_NOT_G5_MATCHED,False,False,False,0
101,79588,84364,CVD,2015-02-04,CANDIDATE_ONLY_NOT_G5_MATCHED,False,False,False,0
101,79588,85991,LVLT,2015-02-04,CANDIDATE_ONLY_NOT_G5_MATCHED,False,False,False,0
101,79588,86158,CTSH,2015-02-04,CANDIDATE_ONLY_NOT_G5_MATCHED,False,False,False,0
101,79588,87696,EXAR,2015-02-04,CANDIDATE_ONLY_NOT_G5_MATCHED,False,False,False,0
101,79588,89327,ABG,2015-02-04,CANDIDATE_ONLY_NOT_G5_MATCHED,False,False,False,0
101,79588,89753,FORM,2015-02-04,CANDIDATE_ONLY_NOT_G5_MATCHED,False,False,False,0
101,79588,90249,ENS,2015-02-04,CANDIDATE_ONLY_NOT_G5_MATCHED,False,False,False,0
101,79588,90971,IRBT,2015-02-04,CANDIDATE_ONLY_NOT_G5_MATCHED,False,False,False,0
101,79588,90979,UA,2015-02-04,CANDIDATE_ONLY_NOT_G5_MATCHED,False,False,False,0
101,79588,90988,BKD,2015-02-04,CANDIDATE_ONLY_NOT_G5_MATCHED,False,False,False,0
101,79588,91650,SE,2015-02-04,CANDIDATE_ONLY_NOT_G5_MATCHED,False,False,False,0
101,79588,91966,PNNT,2015-02-04,CANDIDATE_ONLY_NOT_G5_MATCHED,False,False,False,0
101,79588,92597,HI,2015-02-04,CANDIDATE_ONLY_NOT_G5_MATCHED,False,False,False,0
102,79785,10302,CY,2012-01-26,CANDIDATE_ONLY_NOT_G5_MATCHED,False,False,False,0
102,79785,10397,WERN,2012-01-26,CANDIDATE_ONLY_NOT_G5_MATCHED,False,False,False,0
102,79785,11369,UBSI,2012-01-26,CANDIDATE_ONLY_NOT_G5_MATCHED,False,False,False,0
102,79785,11664,GDOT,2012-01-26,CANDIDATE_ONLY_NOT_G5_MATCHED,False,False,False,0
102,79785,18729,CL,2012-01-26,CANDIDATE_ONLY_NOT_G5_MATCHED,False,False,False,0
102,79785,20618,CRS,2012-01-26,CANDIDATE_ONLY_NOT_G5_MATCHED,False,False,False,0
102,79785,22592,MMM,2012-01-26,CANDIDATE_ONLY_NOT_G5_MATCHED,False,False,False,0
102,79785,24328,EQT,2012-01-26,CANDIDATE_ONLY_NOT_G5_MATCHED,False,False,False,0
102,79785,27684,AVT,2012-01-26,CANDIDATE_ONLY_NOT_G5_MATCHED,False,False,False,0
102,79785,27887,BAX,2012-01-26,CANDIDATE_ONLY_NOT_G5_MATCHED,False,False,False,0
102,79785,32540,ELX,2012-01-26,CANDIDATE_ONLY_NOT_G5_MATCHED,False,False,False,0
102,79785,32942,HUBB,2012-01-26,CANDIDATE_ONLY_NOT_G5_MATCHED,False,False,False,0
102,79785,42877,JBHT,2012-01-26,CANDIDATE_ONLY_NOT_G5_MATCHED,False,False,False,0
102,79785,52090,MKC,2012-01-26,CANDIDATE_ONLY_NOT_G5_MATCHED,False,False,False,0
102,79785,56611,NPBC,2012-01-26,CANDIDATE_ONLY_NOT_G5_MATCHED,False,False,False,0
102,79785,61743,DLX,2012-01-26,CANDIDATE_ONLY_NOT_G5_MATCHED,False,False,False,0
102,79785,62383,RYL,2012-01-26,CANDIDATE_ONLY_NOT_G5_MATCHED,False,False,False,0
102,79785,64135,WMS,2012-01-26,CANDIDATE_ONLY_NOT_G5_MATCHED,False,False,False,0
102,79785,64961,QSII,2012-01-26,CANDIDATE_ONLY_NOT_G5_MATCHED,False,False,False,0
102,79785,66093,T,2012-01-26,CANDIDATE_ONLY_NOT_G5_MATCHED,False,False,False,0
102,79785,70308,ARG,2012-01-26,CANDIDATE_ONLY_NOT_G5_MATCHED,False,False,False,0
102,79785,75215,CSH,2012-01-26,CANDIDATE_ONLY_NOT_G5_MATCHED,False,False,False,0
102,79785,75603,CRUS,2012-01-26,CANDIDATE_ONLY_NOT_G5_MATCHED,False,False,False,0
102,79785,76207,ACAT,2012-01-26,CANDIDATE_ONLY_NOT_G5_MATCHED,False,False,False,0
102,79785,76708,DV,2012-01-26,CANDIDATE_ONLY_NOT_G5_MATCHED,False,False,False,0
102,79785,76711,RGS,2012-01-26,CANDIDATE_ONLY_NOT_G5_MATCHED,False,False,False,0
102,79785,77702,SBUX,2012-01-26,CANDIDATE_ONLY_NOT_G5_MATCHED,False,False,False,0
102,79785,80080,EMN,2012-01-26,CANDIDATE_ONLY_NOT_G5_MATCHED,False,False,False,0
102,79785,80223,BPFH,2012-01-26,CANDIDATE_ONLY_NOT_G5_MATCHED,False,False,False,0
102,79785,80266,QLGC,2012-01-26,CANDIDATE_ONLY_NOT_G5_MATCHED,False,False,False,0
102,79785,80362,SCSC,2012-01-26,CANDIDATE_ONLY_NOT_G5_MATCHED,False,False,False,0
102,79785,81541,MBFI,2012-01-26,CANDIDATE_ONLY_NOT_G5_MATCHED,False,False,False,0
102,79785,83738,CASS,2012-01-26,CANDIDATE_ONLY_NOT_G5_MATCHED,False,False,False,0
102,79785,84342,MWW,2012-01-26,CANDIDATE_ONLY_NOT_G5_MATCHED,False,False,False,0
102,79785,84827,RMBS,2012-01-26,CANDIDATE_ONLY_NOT_G5_MATCHED,False,False,False,0
102,79785,87013,ARBA,2012-01-26,CANDIDATE_ONLY_NOT_G5_MATCHED,False,False,False,0
102,79785,87146,NST,2012-01-26,CANDIDATE_ONLY_NOT_G5_MATCHED,False,False,False,0
102,79785,87162,FLWS,2012-01-26,CANDIDATE_ONLY_NOT_G5_MATCHED,False,False,False,0
102,79785,87445,TDY,2012-01-26,CANDIDATE_ONLY_NOT_G5_MATCHED,False,False,False,0
102,79785,87652,LNBB,2012-01-26,CANDIDATE_ONLY_NOT_G5_MATCHED,False,False,False,0
102,79785,88287,DLA,2012-01-26,CANDIDATE_ONLY_NOT_G5_MATCHED,False,False,False,0
102,79785,88313,JNS,2012-01-26,CANDIDATE_ONLY_NOT_G5_MATCHED,False,False,False,0
102,79785,89387,CPSI,2012-01-26,CANDIDATE_ONLY_NOT_G5_MATCHED,False,False,False,0
102,79785,89922,TSRA,2012-01-26,CANDIDATE_ONLY_NOT_G5_MATCHED,False,False,False,0
102,79785,89941,TZOO,2012-01-26,CANDIDATE_ONLY_NOT_G5_MATCHED,False,False,False,0
102,79785,90535,DLLR,2012-01-26,CANDIDATE_ONLY_NOT_G5_MATCHED,False,False,False,0
102,79785,90730,HBOS,2012-01-26,CANDIDATE_ONLY_NOT_G5_MATCHED,False,False,False,0
102,79785,91485,RVBD,2012-01-26,CANDIDATE_ONLY_NOT_G5_MATCHED,False,False,False,0
102,79785,91883,TWC,2012-01-26,CANDIDATE_ONLY_NOT_G5_MATCHED,False,False,False,0
102,79785,91901,GSIT,2012-01-26,CANDIDATE_ONLY_NOT_G5_MATCHED,False,False,False,0
102,79785,92018,RRR,2012-01-26,CANDIDATE_ONLY_NOT_G5_MATCHED,False,False,False,0
102,79785,92195,BNCL,2012-01-26,CANDIDATE_ONLY_NOT_G5_MATCHED,False,False,False,0
102,79785,92890,MJN,2012-01-26,CANDIDATE_ONLY_NOT_G5_MATCHED,False,False,False,0
102,79785,93015,ART,2012-01-26,CANDIDATE_ONLY_NOT_G5_MATCHED,False,False,False,0
103,79796,10308,TMP,2012-01-25,CANDIDATE_ONLY_NOT_G5_MATCHED,False,False,False,0
103,79796,10530,VIVO,2012-01-25,CANDIDATE_ONLY_NOT_G5_MATCHED,False,False,False,0
103,79796,13928,COP,2012-01-25,CANDIDATE_ONLY_NOT_G5_MATCHED,False,False,False,0
103,79796,17929,UGI,2012-01-25,CANDIDATE_ONLY_NOT_G5_MATCHED,False,False,False,0
103,79796,21186,MWV,2012-01-25,CANDIDATE_ONLY_NOT_G5_MATCHED,False,False,False,0
103,79796,21776,EXC,2012-01-25,CANDIDATE_ONLY_NOT_G5_MATCHED,False,False,False,0
103,79796,22293,GLW,2012-01-25,CANDIDATE_ONLY_NOT_G5_MATCHED,False,False,False,0
103,79796,22779,MSI,2012-01-25,CANDIDATE_ONLY_NOT_G5_MATCHED,False,False,False,0
103,79796,23579,TXT,2012-01-25,CANDIDATE_ONLY_NOT_G5_MATCHED,False,False,False,0
103,79796,26470,EGN,2012-01-25,CANDIDATE_ONLY_NOT_G5_MATCHED,False,False,False,0
103,79796,28345,MUR,2012-01-25,CANDIDATE_ONLY_NOT_G5_MATCHED,False,False,False,0
103,79796,28564,CTS,2012-01-25,CANDIDATE_ONLY_NOT_G5_MATCHED,False,False,False,0
103,79796,34833,OXY,2012-01-25,CANDIDATE_ONLY_NOT_G5_MATCHED,False,False,False,0
103,79796,43123,ATI,2012-01-25,CANDIDATE_ONLY_NOT_G5_MATCHED,False,False,False,0
103,79796,43350,SWK,2012-01-25,CANDIDATE_ONLY_NOT_G5_MATCHED,False,False,False,0
103,79796,51369,TER,2012-01-25,CANDIDATE_ONLY_NOT_G5_MATCHED,False,False,False,0
103,79796,61567,HXL,2012-01-25,CANDIDATE_ONLY_NOT_G5_MATCHED,False,False,False,0
103,79796,65294,RLI,2012-01-25,CANDIDATE_ONLY_NOT_G5_MATCHED,False,False,False,0
103,79796,68591,STJ,2012-01-25,CANDIDATE_ONLY_NOT_G5_MATCHED,False,False,False,0
103,79796,73809,SUSQ,2012-01-25,CANDIDATE_ONLY_NOT_G5_MATCHED,False,False,False,0
103,79796,75182,PII,2012-01-25,CANDIDATE_ONLY_NOT_G5_MATCHED,False,False,False,0
103,79796,75912,PMTC,2012-01-25,CANDIDATE_ONLY_NOT_G5_MATCHED,False,False,False,0
103,79796,76234,MOLXA,2012-01-25,CANDIDATE_ONLY_NOT_G5_MATCHED,False,False,False,0
103,79796,77768,PX,2012-01-25,CANDIDATE_ONLY_NOT_G5_MATCHED,False,False,False,0
103,79796,79013,SYBT,2012-01-25,CANDIDATE_ONLY_NOT_G5_MATCHED,False,False,False,0
103,79796,79859,NYB,2012-01-25,CANDIDATE_ONLY_NOT_G5_MATCHED,False,False,False,0
103,79796,80113,CGI,2012-01-25,CANDIDATE_ONLY_NOT_G5_MATCHED,False,False,False,0
103,79796,80987,KNX,2012-01-25,CANDIDATE_ONLY_NOT_G5_MATCHED,False,False,False,0
103,79796,82575,BANR,2012-01-25,CANDIDATE_ONLY_NOT_G5_MATCHED,False,False,False,0
103,79796,82618,SNDK,2012-01-25,CANDIDATE_ONLY_NOT_G5_MATCHED,False,False,False,0
103,79796,82686,CTXS,2012-01-25,CANDIDATE_ONLY_NOT_G5_MATCHED,False,False,False,0
103,79796,83862,ETFC,2012-01-25,CANDIDATE_ONLY_NOT_G5_MATCHED,False,False,False,0
103,79796,84381,ROK,2012-01-25,CANDIDATE_ONLY_NOT_G5_MATCHED,False,False,False,0
103,79796,85663,URI,2012-01-25,CANDIDATE_ONLY_NOT_G5_MATCHED,False,False,False,0
103,79796,85860,BRKL,2012-01-25,CANDIDATE_ONLY_NOT_G5_MATCHED,False,False,False,0
103,79796,86004,UMPQ,2012-01-25,CANDIDATE_ONLY_NOT_G5_MATCHED,False,False,False,0
103,79796,87812,SLAB,2012-01-25,CANDIDATE_ONLY_NOT_G5_MATCHED,False,False,False,0
103,79796,89179,WLP,2012-01-25,CANDIDATE_ONLY_NOT_G5_MATCHED,False,False,False,0
103,79796,89968,PJC,2012-01-25,CANDIDATE_ONLY_NOT_G5_MATCHED,False,False,False,0
103,79796,90893,LCC,2012-01-25,CANDIDATE_ONLY_NOT_G5_MATCHED,False,False,False,0
103,79796,91959,ESSA,2012-01-25,CANDIDATE_ONLY_NOT_G5_MATCHED,False,False,False,0
104,80446,10308,TMP,2013-04-26,CANDIDATE_ONLY_NOT_G5_MATCHED,False,False,False,0
104,80446,11628,CPF,2013-04-26,CANDIDATE_ONLY_NOT_G5_MATCHED,False,False,False,0
104,80446,11674,DTE,2013-04-26,CANDIDATE_ONLY_NOT_G5_MATCHED,False,False,False,0
104,80446,12660,GNC,2013-04-26,CANDIDATE_ONLY_NOT_G5_MATCHED,False,False,False,0
104,80446,14541,CVX,2013-04-26,CANDIDATE_ONLY_NOT_G5_MATCHED,False,False,False,0
104,80446,16432,GT,2013-04-26,CANDIDATE_ONLY_NOT_G5_MATCHED,False,False,False,0
104,80446,19721,VVI,2013-04-26,CANDIDATE_ONLY_NOT_G5_MATCHED,False,False,False,0
104,80446,24109,AEP,2013-04-26,CANDIDATE_ONLY_NOT_G5_MATCHED,False,False,False,0
104,80446,39693,B,2013-04-26,CANDIDATE_ONLY_NOT_G5_MATCHED,False,False,False,0
104,80446,43553,VFC,2013-04-26,CANDIDATE_ONLY_NOT_G5_MATCHED,False,False,False,0
104,80446,75860,IMGN,2013-04-26,CANDIDATE_ONLY_NOT_G5_MATCHED,False,False,False,0
104,80446,78156,HMSY,2013-04-26,CANDIDATE_ONLY_NOT_G5_MATCHED,False,False,False,0
104,80446,79839,ITRI,2013-04-26,CANDIDATE_ONLY_NOT_G5_MATCHED,False,False,False,0
104,80446,84032,NOV,2013-04-26,CANDIDATE_ONLY_NOT_G5_MATCHED,False,False,False,0
104,80446,84389,SCBT,2013-04-26,CANDIDATE_ONLY_NOT_G5_MATCHED,False,False,False,0
104,80446,84737,GIFI,2013-04-26,CANDIDATE_ONLY_NOT_G5_MATCHED,False,False,False,0
104,80446,86899,LPNT,2013-04-26,CANDIDATE_ONLY_NOT_G5_MATCHED,False,False,False,0
104,80446,90825,ACCO,2013-04-26,CANDIDATE_ONLY_NOT_G5_MATCHED,False,False,False,0
105,81162,10252,INDB,2013-04-25,CANDIDATE_ONLY_NOT_G5_MATCHED,False,False,False,0
105,81162,10517,AAN,2013-04-25,CANDIDATE_ONLY_NOT_G5_MATCHED,False,False,False,0
105,81162,10530,VIVO,2013-04-25,CANDIDATE_ONLY_NOT_G5_MATCHED,False,False,False,0
105,81162,10693,HLS,2013-04-25,CANDIDATE_ONLY_NOT_G5_MATCHED,False,False,False,0
105,81162,11369,UBSI,2013-04-25,CANDIDATE_ONLY_NOT_G5_MATCHED,False,False,False,0
105,81162,11552,CELG,2013-04-25,CANDIDATE_ONLY_NOT_G5_MATCHED,False,False,False,0
105,81162,11786,SIVB,2013-04-25,CANDIDATE_ONLY_NOT_G5_MATCHED,False,False,False,0
105,81162,11850,XOM,2013-04-25,CANDIDATE_ONLY_NOT_G5_MATCHED,False,False,False,0
105,81162,11896,MXIM,2013-04-25,CANDIDATE_ONLY_NOT_G5_MATCHED,False,False,False,0
105,81162,12036,GMT,2013-04-25,CANDIDATE_ONLY_NOT_G5_MATCHED,False,False,False,0
105,81162,12682,TMS,2013-04-25,CANDIDATE_ONLY_NOT_G5_MATCHED,False,False,False,0
105,81162,12905,SXC,2013-04-25,CANDIDATE_ONLY_NOT_G5_MATCHED,False,False,False,0
105,81162,12914,DNKN,2013-04-25,CANDIDATE_ONLY_NOT_G5_MATCHED,False,False,False,0
105,81162,13085,VAC,2013-04-25,CANDIDATE_ONLY_NOT_G5_MATCHED,False,False,False,0
105,81162,13249,PRLB,2013-04-25,CANDIDATE_ONLY_NOT_G5_MATCHED,False,False,False,0
105,81162,13263,CEMP,2013-04-25,CANDIDATE_ONLY_NOT_G5_MATCHED,False,False,False,0
105,81162,13337,FET,2013-04-25,CANDIDATE_ONLY_NOT_G5_MATCHED,False,False,False,0
105,81162,13610,OLN,2013-04-25,CANDIDATE_ONLY_NOT_G5_MATCHED,False,False,False,0
105,81162,13901,MO,2013-04-25,CANDIDATE_ONLY_NOT_G5_MATCHED,False,False,False,0
105,81162,13928,COP,2013-04-25,CANDIDATE_ONLY_NOT_G5_MATCHED,False,False,False,0
105,81162,16600,HSY,2013-04-25,CANDIDATE_ONLY_NOT_G5_MATCHED,False,False,False,0
105,81162,18649,BCO,2013-04-25,CANDIDATE_ONLY_NOT_G5_MATCHED,False,False,False,0
105,81162,18729,CL,2013-04-25,CANDIDATE_ONLY_NOT_G5_MATCHED,False,False,False,0
105,81162,19393,BMY,2013-04-25,CANDIDATE_ONLY_NOT_G5_MATCHED,False,False,False,0
105,81162,20618,CRS,2013-04-25,CANDIDATE_ONLY_NOT_G5_MATCHED,False,False,False,0
105,81162,22592,MMM,2013-04-25,CANDIDATE_ONLY_NOT_G5_MATCHED,False,False,False,0
105,81162,23085,SCG,2013-04-25,CANDIDATE_ONLY_NOT_G5_MATCHED,False,False,False,0
105,81162,23229,CMS,2013-04-25,CANDIDATE_ONLY_NOT_G5_MATCHED,False,False,False,0
105,81162,23473,CINF,2013-04-25,CANDIDATE_ONLY_NOT_G5_MATCHED,False,False,False,0
105,81162,24010,ETR,2013-04-25,CANDIDATE_ONLY_NOT_G5_MATCHED,False,False,False,0
105,81162,24328,EQT,2013-04-25,CANDIDATE_ONLY_NOT_G5_MATCHED,False,False,False,0
105,81162,24942,RTN,2013-04-25,CANDIDATE_ONLY_NOT_G5_MATCHED,False,False,False,0
105,81162,27684,AVT,2013-04-25,CANDIDATE_ONLY_NOT_G5_MATCHED,False,False,False,0
105,81162,28804,ALK,2013-04-25,CANDIDATE_ONLY_NOT_G5_MATCHED,False,False,False,0
105,81162,34673,NR,2013-04-25,CANDIDATE_ONLY_NOT_G5_MATCHED,False,False,False,0
105,81162,34833,OXY,2013-04-25,CANDIDATE_ONLY_NOT_G5_MATCHED,False,False,False,0
105,81162,42200,PKI,2013-04-25,CANDIDATE_ONLY_NOT_G5_MATCHED,False,False,False,0
105,81162,42796,MDP,2013-04-25,CANDIDATE_ONLY_NOT_G5_MATCHED,False,False,False,0
105,81162,43350,SWK,2013-04-25,CANDIDATE_ONLY_NOT_G5_MATCHED,False,False,False,0
105,81162,43772,BMS,2013-04-25,CANDIDATE_ONLY_NOT_G5_MATCHED,False,False,False,0
105,81162,44134,KMT,2013-04-25,CANDIDATE_ONLY_NOT_G5_MATCHED,False,False,False,0
105,81162,45277,IGT,2013-04-25,CANDIDATE_ONLY_NOT_G5_MATCHED,False,False,False,0
105,81162,45728,IVC,2013-04-25,CANDIDATE_ONLY_NOT_G5_MATCHED,False,False,False,0
105,81162,45911,SWKS,2013-04-25,CANDIDATE_ONLY_NOT_G5_MATCHED,False,False,False,0
105,81162,46340,SFE,2013-04-25,CANDIDATE_ONLY_NOT_G5_MATCHED,False,False,False,0
105,81162,46886,KLAC,2013-04-25,CANDIDATE_ONLY_NOT_G5_MATCHED,False,False,False,0
105,81162,47466,NYT,2013-04-25,CANDIDATE_ONLY_NOT_G5_MATCHED,False,False,False,0
105,81162,48523,LANC,2013-04-25,CANDIDATE_ONLY_NOT_G5_MATCHED,False,False,False,0
105,81162,48961,LAWS,2013-04-25,CANDIDATE_ONLY_NOT_G5_MATCHED,False,False,False,0
105,81162,50017,RRC,2013-04-25,CANDIDATE_ONLY_NOT_G5_MATCHED,False,False,False,0
105,81162,53480,MCRS,2013-04-25,CANDIDATE_ONLY_NOT_G5_MATCHED,False,False,False,0
105,81162,53640,MSCC,2013-04-25,CANDIDATE_ONLY_NOT_G5_MATCHED,False,False,False,0
105,81162,54148,PHM,2013-04-25,CANDIDATE_ONLY_NOT_G5_MATCHED,False,False,False,0
105,81162,55597,MTRN,2013-04-25,CANDIDATE_ONLY_NOT_G5_MATCHED,False,False,False,0
105,81162,56040,NAFC,2013-04-25,CANDIDATE_ONLY_NOT_G5_MATCHED,False,False,False,0
105,81162,57568,BLL,2013-04-25,CANDIDATE_ONLY_NOT_G5_MATCHED,False,False,False,0
105,81162,58683,LUV,2013-04-25,CANDIDATE_ONLY_NOT_G5_MATCHED,False,False,False,0
105,81162,59192,CB,2013-04-25,CANDIDATE_ONLY_NOT_G5_MATCHED,False,False,False,0
105,81162,59396,ORI,2013-04-25,CANDIDATE_ONLY_NOT_G5_MATCHED,False,False,False,0
105,81162,60943,LEG,2013-04-25,CANDIDATE_ONLY_NOT_G5_MATCHED,False,False,False,0
105,81162,61496,PATK,2013-04-25,CANDIDATE_ONLY_NOT_G5_MATCHED,False,False,False,0
105,81162,61743,DLX,2013-04-25,CANDIDATE_ONLY_NOT_G5_MATCHED,False,False,False,0
105,81162,61815,NBL,2013-04-25,CANDIDATE_ONLY_NOT_G5_MATCHED,False,False,False,0
105,81162,63079,KEG,2013-04-25,CANDIDATE_ONLY_NOT_G5_MATCHED,False,False,False,0
105,81162,64936,D,2013-04-25,CANDIDATE_ONLY_NOT_G5_MATCHED,False,False,False,0
105,81162,65509,BLC,2013-04-25,CANDIDATE_ONLY_NOT_G5_MATCHED,False,False,False,0
105,81162,69586,SBCF,2013-04-25,CANDIDATE_ONLY_NOT_G5_MATCHED,False,False,False,0
105,81162,70033,HOG,2013-04-25,CANDIDATE_ONLY_NOT_G5_MATCHED,False,False,False,0
105,81162,70500,CCE,2013-04-25,CANDIDATE_ONLY_NOT_G5_MATCHED,False,False,False,0
105,81162,70536,SIAL,2013-04-25,CANDIDATE_ONLY_NOT_G5_MATCHED,False,False,False,0
105,81162,75215,CSH,2013-04-25,CANDIDATE_ONLY_NOT_G5_MATCHED,False,False,False,0
105,81162,75257,TLAB,2013-04-25,CANDIDATE_ONLY_NOT_G5_MATCHED,False,False,False,0
105,81162,75577,ALTR,2013-04-25,CANDIDATE_ONLY_NOT_G5_MATCHED,False,False,False,0
105,81162,75603,CRUS,2013-04-25,CANDIDATE_ONLY_NOT_G5_MATCHED,False,False,False,0
105,81162,75831,DGII,2013-04-25,CANDIDATE_ONLY_NOT_G5_MATCHED,False,False,False,0
105,81162,76224,BHE,2013-04-25,CANDIDATE_ONLY_NOT_G5_MATCHED,False,False,False,0
105,81162,76624,PMCS,2013-04-25,CANDIDATE_ONLY_NOT_G5_MATCHED,False,False,False,0
105,81162,76841,BIIB,2013-04-25,CANDIDATE_ONLY_NOT_G5_MATCHED,False,False,False,0
105,81162,76980,ROCM,2013-04-25,CANDIDATE_ONLY_NOT_G5_MATCHED,False,False,False,0
105,81162,77037,ODFL,2013-04-25,CANDIDATE_ONLY_NOT_G5_MATCHED,False,False,False,0
105,81162,77114,WRLD,2013-04-25,CANDIDATE_ONLY_NOT_G5_MATCHED,False,False,False,0
105,81162,77279,ABAX,2013-04-25,CANDIDATE_ONLY_NOT_G5_MATCHED,False,False,False,0
105,81162,77366,ELY,2013-04-25,CANDIDATE_ONLY_NOT_G5_MATCHED,False,False,False,0
105,81162,77461,VCI,2013-04-25,CANDIDATE_ONLY_NOT_G5_MATCHED,False,False,False,0
105,81162,77605,BSX,2013-04-25,CANDIDATE_ONLY_NOT_G5_MATCHED,False,False,False,0
105,81162,77630,DWCH,2013-04-25,CANDIDATE_ONLY_NOT_G5_MATCHED,False,False,False,0
105,81162,77702,SBUX,2013-04-25,CANDIDATE_ONLY_NOT_G5_MATCHED,False,False,False,0
105,81162,77763,SPN,2013-04-25,CANDIDATE_ONLY_NOT_G5_MATCHED,False,False,False,0
105,81162,78981,LSTR,2013-04-25,CANDIDATE_ONLY_NOT_G5_MATCHED,False,False,False,0
105,81162,78990,DEST,2013-04-25,CANDIDATE_ONLY_NOT_G5_MATCHED,False,False,False,0
105,81162,79133,ATR,2013-04-25,CANDIDATE_ONLY_NOT_G5_MATCHED,False,False,False,0
105,81162,79210,RGA,2013-04-25,CANDIDATE_ONLY_NOT_G5_MATCHED,False,False,False,0
105,81162,79336,LBY,2013-04-25,CANDIDATE_ONLY_NOT_G5_MATCHED,False,False,False,0
105,81162,79545,BWA,2013-04-25,CANDIDATE_ONLY_NOT_G5_MATCHED,False,False,False,0
105,81162,79637,UHS,2013-04-25,CANDIDATE_ONLY_NOT_G5_MATCHED,False,False,False,0
105,81162,79686,DECK,2013-04-25,CANDIDATE_ONLY_NOT_G5_MATCHED,False,False,False,0
105,81162,79857,PTEN,2013-04-25,CANDIDATE_ONLY_NOT_G5_MATCHED,False,False,False,0
105,81162,79909,MHO,2013-04-25,CANDIDATE_ONLY_NOT_G5_MATCHED,False,False,False,0
105,81162,80113,CGI,2013-04-25,CANDIDATE_ONLY_NOT_G5_MATCHED,False,False,False,0
105,81162,80362,SCSC,2013-04-25,CANDIDATE_ONLY_NOT_G5_MATCHED,False,False,False,0
105,81162,80864,RS,2013-04-25,CANDIDATE_ONLY_NOT_G5_MATCHED,False,False,False,0
105,81162,81128,ESI,2013-04-25,CANDIDATE_ONLY_NOT_G5_MATCHED,False,False,False,0
105,81162,81501,NATI,2013-04-25,CANDIDATE_ONLY_NOT_G5_MATCHED,False,False,False,0
105,81162,81540,ABC,2013-04-25,CANDIDATE_ONLY_NOT_G5_MATCHED,False,False,False,0
105,81162,81564,IBKC,2013-04-25,CANDIDATE_ONLY_NOT_G5_MATCHED,False,False,False,0
105,81162,81857,CAM,2013-04-25,CANDIDATE_ONLY_NOT_G5_MATCHED,False,False,False,0
105,81162,81925,GTI,2013-04-25,CANDIDATE_ONLY_NOT_G5_MATCHED,False,False,False,0
105,81162,82298,DO,2013-04-25,CANDIDATE_ONLY_NOT_G5_MATCHED,False,False,False,0
105,81162,82521,RSYS,2013-04-25,CANDIDATE_ONLY_NOT_G5_MATCHED,False,False,False,0
105,81162,82694,EME,2013-04-25,CANDIDATE_ONLY_NOT_G5_MATCHED,False,False,False,0
105,81162,82859,REV,2013-04-25,CANDIDATE_ONLY_NOT_G5_MATCHED,False,False,False,0
105,81162,83111,ALXN,2013-04-25,CANDIDATE_ONLY_NOT_G5_MATCHED,False,False,False,0
105,81162,83186,DST,2013-04-25,CANDIDATE_ONLY_NOT_G5_MATCHED,False,False,False,0
105,81162,83366,CRR,2013-04-25,CANDIDATE_ONLY_NOT_G5_MATCHED,False,False,False,0
105,81162,84103,NCI,2013-04-25,CANDIDATE_ONLY_NOT_G5_MATCHED,False,False,False,0
105,81162,84168,IM,2013-04-25,CANDIDATE_ONLY_NOT_G5_MATCHED,False,False,False,0
105,81162,84788,AMZN,2013-04-25,CANDIDATE_ONLY_NOT_G5_MATCHED,False,False,False,0
105,81162,85173,CSTR,2013-04-25,CANDIDATE_ONLY_NOT_G5_MATCHED,False,False,False,0
105,81162,85257,AME,2013-04-25,CANDIDATE_ONLY_NOT_G5_MATCHED,False,False,False,0
105,81162,85863,COLM,2013-04-25,CANDIDATE_ONLY_NOT_G5_MATCHED,False,False,False,0
105,81162,85953,SOFO,2013-04-25,CANDIDATE_ONLY_NOT_G5_MATCHED,False,False,False,0
105,81162,85991,LVLT,2013-04-25,CANDIDATE_ONLY_NOT_G5_MATCHED,False,False,False,0
105,81162,86021,LLL,2013-04-25,CANDIDATE_ONLY_NOT_G5_MATCHED,False,False,False,0
105,81162,86047,AMKR,2013-04-25,CANDIDATE_ONLY_NOT_G5_MATCHED,False,False,False,0
105,81162,86102,FII,2013-04-25,CANDIDATE_ONLY_NOT_G5_MATCHED,False,False,False,0
105,81162,86128,HZO,2013-04-25,CANDIDATE_ONLY_NOT_G5_MATCHED,False,False,False,0
105,81162,86228,RSG,2013-04-25,CANDIDATE_ONLY_NOT_G5_MATCHED,False,False,False,0
105,81162,86302,HTBK,2013-04-25,CANDIDATE_ONLY_NOT_G5_MATCHED,False,False,False,0
105,81162,86799,CNX,2013-04-25,CANDIDATE_ONLY_NOT_G5_MATCHED,False,False,False,0
105,81162,87006,UTHR,2013-04-25,CANDIDATE_ONLY_NOT_G5_MATCHED,False,False,False,0
105,81162,87179,NTCT,2013-04-25,CANDIDATE_ONLY_NOT_G5_MATCHED,False,False,False,0
105,81162,87236,INAP,2013-04-25,CANDIDATE_ONLY_NOT_G5_MATCHED,False,False,False,0
105,81162,87447,UPS,2013-04-25,CANDIDATE_ONLY_NOT_G5_MATCHED,False,False,False,0
105,81162,87827,WBSN,2013-04-25,CANDIDATE_ONLY_NOT_G5_MATCHED,False,False,False,0
105,81162,88203,VDSI,2013-04-25,CANDIDATE_ONLY_NOT_G5_MATCHED,False,False,False,0
105,81162,88257,PFBX,2013-04-25,CANDIDATE_ONLY_NOT_G5_MATCHED,False,False,False,0
105,81162,88260,PXLW,2013-04-25,CANDIDATE_ONLY_NOT_G5_MATCHED,False,False,False,0
105,81162,88287,DLA,2013-04-25,CANDIDATE_ONLY_NOT_G5_MATCHED,False,False,False,0
105,81162,88564,RTIX,2013-04-25,CANDIDATE_ONLY_NOT_G5_MATCHED,False,False,False,0
105,81162,88615,GB,2013-04-25,CANDIDATE_ONLY_NOT_G5_MATCHED,False,False,False,0
105,81162,89070,ZMH,2013-04-25,CANDIDATE_ONLY_NOT_G5_MATCHED,False,False,False,0
105,81162,89195,PFG,2013-04-25,CANDIDATE_ONLY_NOT_G5_MATCHED,False,False,False,0
105,81162,89213,WOOF,2013-04-25,CANDIDATE_ONLY_NOT_G5_MATCHED,False,False,False,0
105,81162,89290,SYNA,2013-04-25,CANDIDATE_ONLY_NOT_G5_MATCHED,False,False,False,0
105,81162,89332,DDE,2013-04-25,CANDIDATE_ONLY_NOT_G5_MATCHED,False,False,False,0
105,81162,89353,JBLU,2013-04-25,CANDIDATE_ONLY_NOT_G5_MATCHED,False,False,False,0
105,81162,89387,CPSI,2013-04-25,CANDIDATE_ONLY_NOT_G5_MATCHED,False,False,False,0
105,81162,89533,WYNN,2013-04-25,CANDIDATE_ONLY_NOT_G5_MATCHED,False,False,False,0
105,81162,89642,BBNK,2013-04-25,CANDIDATE_ONLY_NOT_G5_MATCHED,False,False,False,0
105,81162,89781,MOH,2013-04-25,CANDIDATE_ONLY_NOT_G5_MATCHED,False,False,False,0
105,81162,89800,NTGR,2013-04-25,CANDIDATE_ONLY_NOT_G5_MATCHED,False,False,False,0
105,81162,89810,GPK,2013-04-25,CANDIDATE_ONLY_NOT_G5_MATCHED,False,False,False,0
105,81162,89876,CRI,2013-04-25,CANDIDATE_ONLY_NOT_G5_MATCHED,False,False,False,0
105,81162,89922,TSRA,2013-04-25,CANDIDATE_ONLY_NOT_G5_MATCHED,False,False,False,0
105,81162,90199,CBG,2013-04-25,CANDIDATE_ONLY_NOT_G5_MATCHED,False,False,False,0
105,81162,90200,CAB,2013-04-25,CANDIDATE_ONLY_NOT_G5_MATCHED,False,False,False,0
105,81162,90210,LTM,2013-04-25,CANDIDATE_ONLY_NOT_G5_MATCHED,False,False,False,0
105,81162,90238,SNMX,2013-04-25,CANDIDATE_ONLY_NOT_G5_MATCHED,False,False,False,0
105,81162,90409,HURN,2013-04-25,CANDIDATE_ONLY_NOT_G5_MATCHED,False,False,False,0
105,81162,90458,NWE,2013-04-25,CANDIDATE_ONLY_NOT_G5_MATCHED,False,False,False,0
105,81162,90536,GFIG,2013-04-25,CANDIDATE_ONLY_NOT_G5_MATCHED,False,False,False,0
105,81162,90550,DLB,2013-04-25,CANDIDATE_ONLY_NOT_G5_MATCHED,False,False,False,0
105,81162,90605,UACL,2013-04-25,CANDIDATE_ONLY_NOT_G5_MATCHED,False,False,False,0
105,81162,90730,HBOS,2013-04-25,CANDIDATE_ONLY_NOT_G5_MATCHED,False,False,False,0
105,81162,90808,EXPE,2013-04-25,CANDIDATE_ONLY_NOT_G5_MATCHED,False,False,False,0
105,81162,90814,HITT,2013-04-25,CANDIDATE_ONLY_NOT_G5_MATCHED,False,False,False,0
105,81162,90831,DRC,2013-04-25,CANDIDATE_ONLY_NOT_G5_MATCHED,False,False,False,0
105,81162,90951,HERO,2013-04-25,CANDIDATE_ONLY_NOT_G5_MATCHED,False,False,False,0
105,81162,91103,UAL,2013-04-25,CANDIDATE_ONLY_NOT_G5_MATCHED,False,False,False,0
105,81162,91349,CLUB,2013-04-25,CANDIDATE_ONLY_NOT_G5_MATCHED,False,False,False,0
105,81162,91579,KBR,2013-04-25,CANDIDATE_ONLY_NOT_G5_MATCHED,False,False,False,0
105,81162,91854,UFS,2013-04-25,CANDIDATE_ONLY_NOT_G5_MATCHED,False,False,False,0
105,81162,91883,TWC,2013-04-25,CANDIDATE_ONLY_NOT_G5_MATCHED,False,False,False,0
105,81162,92029,TRS,2013-04-25,CANDIDATE_ONLY_NOT_G5_MATCHED,False,False,False,0
105,81162,92302,CTCT,2013-04-25,CANDIDATE_ONLY_NOT_G5_MATCHED,False,False,False,0
105,81162,92497,N,2013-04-25,CANDIDATE_ONLY_NOT_G5_MATCHED,False,False,False,0
105,81162,92570,DAN,2013-04-25,CANDIDATE_ONLY_NOT_G5_MATCHED,False,False,False,0
105,81162,92890,MJN,2013-04-25,CANDIDATE_ONLY_NOT_G5_MATCHED,False,False,False,0
105,81162,93101,LEA,2013-04-25,CANDIDATE_ONLY_NOT_G5_MATCHED,False,False,False,0
105,81162,93374,FAF,2013-04-25,CANDIDATE_ONLY_NOT_G5_MATCHED,False,False,False,0
106,81256,10308,TMP,2012-01-25,CANDIDATE_ONLY_NOT_G5_MATCHED,False,False,False,0
106,81256,10530,VIVO,2012-01-25,CANDIDATE_ONLY_NOT_G5_MATCHED,False,False,False,0
106,81256,13928,COP,2012-01-25,CANDIDATE_ONLY_NOT_G5_MATCHED,False,False,False,0
106,81256,17929,UGI,2012-01-25,CANDIDATE_ONLY_NOT_G5_MATCHED,False,False,False,0
106,81256,21186,MWV,2012-01-25,CANDIDATE_ONLY_NOT_G5_MATCHED,False,False,False,0
106,81256,21776,EXC,2012-01-25,CANDIDATE_ONLY_NOT_G5_MATCHED,False,False,False,0
106,81256,22293,GLW,2012-01-25,CANDIDATE_ONLY_NOT_G5_MATCHED,False,False,False,0
106,81256,22779,MSI,2012-01-25,CANDIDATE_ONLY_NOT_G5_MATCHED,False,False,False,0
106,81256,23579,TXT,2012-01-25,CANDIDATE_ONLY_NOT_G5_MATCHED,False,False,False,0
106,81256,26470,EGN,2012-01-25,CANDIDATE_ONLY_NOT_G5_MATCHED,False,False,False,0
106,81256,28345,MUR,2012-01-25,CANDIDATE_ONLY_NOT_G5_MATCHED,False,False,False,0
106,81256,28564,CTS,2012-01-25,CANDIDATE_ONLY_NOT_G5_MATCHED,False,False,False,0
106,81256,34833,OXY,2012-01-25,CANDIDATE_ONLY_NOT_G5_MATCHED,False,False,False,0
106,81256,43123,ATI,2012-01-25,CANDIDATE_ONLY_NOT_G5_MATCHED,False,False,False,0
106,81256,43350,SWK,2012-01-25,CANDIDATE_ONLY_NOT_G5_MATCHED,False,False,False,0
106,81256,51369,TER,2012-01-25,CANDIDATE_ONLY_NOT_G5_MATCHED,False,False,False,0
106,81256,61567,HXL,2012-01-25,CANDIDATE_ONLY_NOT_G5_MATCHED,False,False,False,0
106,81256,65294,RLI,2012-01-25,CANDIDATE_ONLY_NOT_G5_MATCHED,False,False,False,0
106,81256,68591,STJ,2012-01-25,CANDIDATE_ONLY_NOT_G5_MATCHED,False,False,False,0
106,81256,73809,SUSQ,2012-01-25,CANDIDATE_ONLY_NOT_G5_MATCHED,False,False,False,0
106,81256,75182,PII,2012-01-25,CANDIDATE_ONLY_NOT_G5_MATCHED,False,False,False,0
106,81256,75912,PMTC,2012-01-25,CANDIDATE_ONLY_NOT_G5_MATCHED,False,False,False,0
106,81256,76234,MOLXA,2012-01-25,CANDIDATE_ONLY_NOT_G5_MATCHED,False,False,False,0
106,81256,77768,PX,2012-01-25,CANDIDATE_ONLY_NOT_G5_MATCHED,False,False,False,0
106,81256,79013,SYBT,2012-01-25,CANDIDATE_ONLY_NOT_G5_MATCHED,False,False,False,0
106,81256,79859,NYB,2012-01-25,CANDIDATE_ONLY_NOT_G5_MATCHED,False,False,False,0
106,81256,80113,CGI,2012-01-25,CANDIDATE_ONLY_NOT_G5_MATCHED,False,False,False,0
106,81256,80987,KNX,2012-01-25,CANDIDATE_ONLY_NOT_G5_MATCHED,False,False,False,0
106,81256,82575,BANR,2012-01-25,CANDIDATE_ONLY_NOT_G5_MATCHED,False,False,False,0
106,81256,82618,SNDK,2012-01-25,CANDIDATE_ONLY_NOT_G5_MATCHED,False,False,False,0
106,81256,82686,CTXS,2012-01-25,CANDIDATE_ONLY_NOT_G5_MATCHED,False,False,False,0
106,81256,83862,ETFC,2012-01-25,CANDIDATE_ONLY_NOT_G5_MATCHED,False,False,False,0
106,81256,84381,ROK,2012-01-25,CANDIDATE_ONLY_NOT_G5_MATCHED,False,False,False,0
106,81256,85663,URI,2012-01-25,CANDIDATE_ONLY_NOT_G5_MATCHED,False,False,False,0
106,81256,85860,BRKL,2012-01-25,CANDIDATE_ONLY_NOT_G5_MATCHED,False,False,False,0
106,81256,86004,UMPQ,2012-01-25,CANDIDATE_ONLY_NOT_G5_MATCHED,False,False,False,0
106,81256,87812,SLAB,2012-01-25,CANDIDATE_ONLY_NOT_G5_MATCHED,False,False,False,0
106,81256,89179,WLP,2012-01-25,CANDIDATE_ONLY_NOT_G5_MATCHED,False,False,False,0
106,81256,89968,PJC,2012-01-25,CANDIDATE_ONLY_NOT_G5_MATCHED,False,False,False,0
106,81256,90893,LCC,2012-01-25,CANDIDATE_ONLY_NOT_G5_MATCHED,False,False,False,0
106,81256,91959,ESSA,2012-01-25,CANDIDATE_ONLY_NOT_G5_MATCHED,False,False,False,0
107,81501,10147,EMC,2015-01-29,CANDIDATE_ONLY_NOT_G5_MATCHED,False,False,False,0
107,81501,10890,UIS,2015-01-29,CANDIDATE_ONLY_NOT_G5_MATCHED,False,False,False,0
107,81501,11533,FICO,2015-01-29,CANDIDATE_ONLY_NOT_G5_MATCHED,False,False,False,0
107,81501,13377,PFPT,2015-01-29,CANDIDATE_ONLY_NOT_G5_MATCHED,False,False,False,0
107,81501,13508,NGVC,2015-01-29,CANDIDATE_ONLY_NOT_G5_MATCHED,False,False,False,0
107,81501,14795,TKR,2015-01-29,CANDIDATE_ONLY_NOT_G5_MATCHED,False,False,False,0
107,81501,20482,ABT,2015-01-29,CANDIDATE_ONLY_NOT_G5_MATCHED,False,False,False,0
107,81501,21371,CAH,2015-01-29,CANDIDATE_ONLY_NOT_G5_MATCHED,False,False,False,0
107,81501,23229,CMS,2015-01-29,CANDIDATE_ONLY_NOT_G5_MATCHED,False,False,False,0
107,81501,24476,COHR,2015-01-29,CANDIDATE_ONLY_NOT_G5_MATCHED,False,False,False,0
107,81501,24766,NOC,2015-01-29,CANDIDATE_ONLY_NOT_G5_MATCHED,False,False,False,0
107,81501,24942,RTN,2015-01-29,CANDIDATE_ONLY_NOT_G5_MATCHED,False,False,False,0
107,81501,25785,F,2015-01-29,CANDIDATE_ONLY_NOT_G5_MATCHED,False,False,False,0
107,81501,28222,APD,2015-01-29,CANDIDATE_ONLY_NOT_G5_MATCHED,False,False,False,0
107,81501,29612,AIT,2015-01-29,CANDIDATE_ONLY_NOT_G5_MATCHED,False,False,False,0
107,81501,32540,ELX,2015-01-29,CANDIDATE_ONLY_NOT_G5_MATCHED,False,False,False,0
107,81501,36468,SHW,2015-01-29,CANDIDATE_ONLY_NOT_G5_MATCHED,False,False,False,0
107,81501,44134,KMT,2015-01-29,CANDIDATE_ONLY_NOT_G5_MATCHED,False,False,False,0
107,81501,48523,LANC,2015-01-29,CANDIDATE_ONLY_NOT_G5_MATCHED,False,False,False,0
107,81501,52230,RHI,2015-01-29,CANDIDATE_ONLY_NOT_G5_MATCHED,False,False,False,0
107,81501,54148,PHM,2015-01-29,CANDIDATE_ONLY_NOT_G5_MATCHED,False,False,False,0
107,81501,59192,CB,2015-01-29,CANDIDATE_ONLY_NOT_G5_MATCHED,False,False,False,0
107,81501,60943,LEG,2015-01-29,CANDIDATE_ONLY_NOT_G5_MATCHED,False,False,False,0
107,81501,68292,SIGI,2015-01-29,CANDIDATE_ONLY_NOT_G5_MATCHED,False,False,False,0
107,81501,70033,HOG,2015-01-29,CANDIDATE_ONLY_NOT_G5_MATCHED,False,False,False,0
107,81501,75342,MTH,2015-01-29,CANDIDATE_ONLY_NOT_G5_MATCHED,False,False,False,0
107,81501,76837,HAE,2015-01-29,CANDIDATE_ONLY_NOT_G5_MATCHED,False,False,False,0
107,81501,77366,ELY,2015-01-29,CANDIDATE_ONLY_NOT_G5_MATCHED,False,False,False,0
107,81501,77679,COLB,2015-01-29,CANDIDATE_ONLY_NOT_G5_MATCHED,False,False,False,0
107,81501,78001,KEM,2015-01-29,CANDIDATE_ONLY_NOT_G5_MATCHED,False,False,False,0
107,81501,78981,LSTR,2015-01-29,CANDIDATE_ONLY_NOT_G5_MATCHED,False,False,False,0
107,81501,78987,MCHP,2015-01-29,CANDIDATE_ONLY_NOT_G5_MATCHED,False,False,False,0
107,81501,79571,CASH,2015-01-29,CANDIDATE_ONLY_NOT_G5_MATCHED,False,False,False,0
107,81501,79686,DECK,2015-01-29,CANDIDATE_ONLY_NOT_G5_MATCHED,False,False,False,0
107,81501,80072,VLY,2015-01-29,CANDIDATE_ONLY_NOT_G5_MATCHED,False,False,False,0
107,81501,80112,CACB,2015-01-29,CANDIDATE_ONLY_NOT_G5_MATCHED,False,False,False,0
107,81501,81621,HLIT,2015-01-29,CANDIDATE_ONLY_NOT_G5_MATCHED,False,False,False,0
107,81501,81666,HA,2015-01-29,CANDIDATE_ONLY_NOT_G5_MATCHED,False,False,False,0
107,81501,81857,CAM,2015-01-29,CANDIDATE_ONLY_NOT_G5_MATCHED,False,False,False,0
107,81501,83186,DST,2015-01-29,CANDIDATE_ONLY_NOT_G5_MATCHED,False,False,False,0
107,81501,83366,CRR,2015-01-29,CANDIDATE_ONLY_NOT_G5_MATCHED,False,False,False,0
107,81501,84373,DGX,2015-01-29,CANDIDATE_ONLY_NOT_G5_MATCHED,False,False,False,0
107,81501,85269,VLO,2015-01-29,CANDIDATE_ONLY_NOT_G5_MATCHED,False,False,False,0
107,81501,85963,BRCM,2015-01-29,CANDIDATE_ONLY_NOT_G5_MATCHED,False,False,False,0
107,81501,86876,WCC,2015-01-29,CANDIDATE_ONLY_NOT_G5_MATCHED,False,False,False,0
107,81501,88331,CPHD,2015-01-29,CANDIDATE_ONLY_NOT_G5_MATCHED,False,False,False,0
107,81501,88542,LTRX,2015-01-29,CANDIDATE_ONLY_NOT_G5_MATCHED,False,False,False,0
107,81501,88860,ALGN,2015-01-29,CANDIDATE_ONLY_NOT_G5_MATCHED,False,False,False,0
107,81501,89070,ZMH,2015-01-29,CANDIDATE_ONLY_NOT_G5_MATCHED,False,False,False,0
107,81501,89290,SYNA,2015-01-29,CANDIDATE_ONLY_NOT_G5_MATCHED,False,False,False,0
107,81501,89353,JBLU,2015-01-29,CANDIDATE_ONLY_NOT_G5_MATCHED,False,False,False,0
107,81501,90086,MBVT,2015-01-29,CANDIDATE_ONLY_NOT_G5_MATCHED,False,False,False,0
107,81501,90952,ISBC,2015-01-29,CANDIDATE_ONLY_NOT_G5_MATCHED,False,False,False,0
107,81501,91063,VIAB,2015-01-29,CANDIDATE_ONLY_NOT_G5_MATCHED,False,False,False,0
107,81501,91066,VIA,2015-01-29,CANDIDATE_ONLY_NOT_G5_MATCHED,False,False,False,0
107,81501,91901,GSIT,2015-01-29,CANDIDATE_ONLY_NOT_G5_MATCHED,False,False,False,0
107,81501,92172,DHX,2015-01-29,CANDIDATE_ONLY_NOT_G5_MATCHED,False,False,False,0
107,81501,92497,N,2015-01-29,CANDIDATE_ONLY_NOT_G5_MATCHED,False,False,False,0
107,81501,92611,V,2015-01-29,CANDIDATE_ONLY_NOT_G5_MATCHED,False,False,False,0
107,81501,92871,VRTS,2015-01-29,CANDIDATE_ONLY_NOT_G5_MATCHED,False,False,False,0
107,81501,92931,SWI,2015-01-29,CANDIDATE_ONLY_NOT_G5_MATCHED,False,False,False,0
108,81501,11293,WSBC,2015-04-28,CANDIDATE_ONLY_NOT_G5_MATCHED,False,False,False,0
108,81501,12374,IPHI,2015-04-28,CANDIDATE_ONLY_NOT_G5_MATCHED,False,False,False,0
108,81501,12795,RPXC,2015-04-28,CANDIDATE_ONLY_NOT_G5_MATCHED,False,False,False,0
108,81501,13253,SLCA,2015-04-28,CANDIDATE_ONLY_NOT_G5_MATCHED,False,False,False,0
108,81501,13598,KRFT,2015-04-28,CANDIDATE_ONLY_NOT_G5_MATCHED,False,False,False,0
108,81501,13704,NEO,2015-04-28,CANDIDATE_ONLY_NOT_G5_MATCHED,False,False,False,0
108,81501,13921,CUBI,2015-04-28,CANDIDATE_ONLY_NOT_G5_MATCHED,False,False,False,0
108,81501,13924,EPZM,2015-04-28,CANDIDATE_ONLY_NOT_G5_MATCHED,False,False,False,0
108,81501,14414,SC,2015-04-28,CANDIDATE_ONLY_NOT_G5_MATCHED,False,False,False,0
108,81501,14558,ALLY,2015-04-28,CANDIDATE_ONLY_NOT_G5_MATCHED,False,False,False,0
108,81501,17478,MHFI,2015-04-28,CANDIDATE_ONLY_NOT_G5_MATCHED,False,False,False,0
108,81501,23473,CINF,2015-04-28,CANDIDATE_ONLY_NOT_G5_MATCHED,False,False,False,0
108,81501,24010,ETR,2015-04-28,CANDIDATE_ONLY_NOT_G5_MATCHED,False,False,False,0
108,81501,25419,WHR,2015-04-28,CANDIDATE_ONLY_NOT_G5_MATCHED,False,False,False,0
108,81501,25785,F,2015-04-28,CANDIDATE_ONLY_NOT_G5_MATCHED,False,False,False,0
108,81501,27422,CLF,2015-04-28,CANDIDATE_ONLY_NOT_G5_MATCHED,False,False,False,0
108,81501,30402,CAS,2015-04-28,CANDIDATE_ONLY_NOT_G5_MATCHED,False,False,False,0
108,81501,33823,BOOM,2015-04-28,CANDIDATE_ONLY_NOT_G5_MATCHED,False,False,False,0
108,81501,35167,FMER,2015-04-28,CANDIDATE_ONLY_NOT_G5_MATCHED,False,False,False,0
108,81501,36898,SCL,2015-04-28,CANDIDATE_ONLY_NOT_G5_MATCHED,False,False,False,0
108,81501,42286,WWW,2015-04-28,CANDIDATE_ONLY_NOT_G5_MATCHED,False,False,False,0
108,81501,43634,IG,2015-04-28,CANDIDATE_ONLY_NOT_G5_MATCHED,False,False,False,0
108,81501,50017,RRC,2015-04-28,CANDIDATE_ONLY_NOT_G5_MATCHED,False,False,False,0
108,81501,57904,AFL,2015-04-28,CANDIDATE_ONLY_NOT_G5_MATCHED,False,False,False,0
108,81501,66384,WDC,2015-04-28,CANDIDATE_ONLY_NOT_G5_MATCHED,False,False,False,0
108,81501,69586,SBCF,2015-04-28,CANDIDATE_ONLY_NOT_G5_MATCHED,False,False,False,0
108,81501,76582,DORM,2015-04-28,CANDIDATE_ONLY_NOT_G5_MATCHED,False,False,False,0
108,81501,76644,X,2015-04-28,CANDIDATE_ONLY_NOT_G5_MATCHED,False,False,False,0
108,81501,76695,PNRA,2015-04-28,CANDIDATE_ONLY_NOT_G5_MATCHED,False,False,False,0
108,81501,76709,IDXX,2015-04-28,CANDIDATE_ONLY_NOT_G5_MATCHED,False,False,False,0
108,81501,77526,RNST,2015-04-28,CANDIDATE_ONLY_NOT_G5_MATCHED,False,False,False,0
108,81501,77605,BSX,2015-04-28,CANDIDATE_ONLY_NOT_G5_MATCHED,False,False,False,0
108,81501,77643,FCF,2015-04-28,CANDIDATE_ONLY_NOT_G5_MATCHED,False,False,False,0
108,81501,77668,ESRX,2015-04-28,CANDIDATE_ONLY_NOT_G5_MATCHED,False,False,False,0
108,81501,78840,IACI,2015-04-28,CANDIDATE_ONLY_NOT_G5_MATCHED,False,False,False,0
108,81501,78876,CRY,2015-04-28,CANDIDATE_ONLY_NOT_G5_MATCHED,False,False,False,0
108,81501,79131,MSL,2015-04-28,CANDIDATE_ONLY_NOT_G5_MATCHED,False,False,False,0
108,81501,79249,BBSI,2015-04-28,CANDIDATE_ONLY_NOT_G5_MATCHED,False,False,False,0
108,81501,80113,CGI,2015-04-28,CANDIDATE_ONLY_NOT_G5_MATCHED,False,False,False,0
108,81501,80924,SIRI,2015-04-28,CANDIDATE_ONLY_NOT_G5_MATCHED,False,False,False,0
108,81501,81621,HLIT,2015-04-28,CANDIDATE_ONLY_NOT_G5_MATCHED,False,False,False,0
108,81501,82643,LXK,2015-04-28,CANDIDATE_ONLY_NOT_G5_MATCHED,False,False,False,0
108,81501,84042,PAG,2015-04-28,CANDIDATE_ONLY_NOT_G5_MATCHED,False,False,False,0
108,81501,84734,FBC,2015-04-28,CANDIDATE_ONLY_NOT_G5_MATCHED,False,False,False,0
108,81501,85269,VLO,2015-04-28,CANDIDATE_ONLY_NOT_G5_MATCHED,False,False,False,0
108,81501,85372,FARO,2015-04-28,CANDIDATE_ONLY_NOT_G5_MATCHED,False,False,False,0
108,81501,85427,GPI,2015-04-28,CANDIDATE_ONLY_NOT_G5_MATCHED,False,False,False,0
108,81501,86211,MSTR,2015-04-28,CANDIDATE_ONLY_NOT_G5_MATCHED,False,False,False,0
108,81501,86799,CNX,2015-04-28,CANDIDATE_ONLY_NOT_G5_MATCHED,False,False,False,0
108,81501,86827,HSII,2015-04-28,CANDIDATE_ONLY_NOT_G5_MATCHED,False,False,False,0
108,81501,87006,UTHR,2015-04-28,CANDIDATE_ONLY_NOT_G5_MATCHED,False,False,False,0
108,81501,87236,INAP,2015-04-28,CANDIDATE_ONLY_NOT_G5_MATCHED,False,False,False,0
108,81501,87299,AKAM,2015-04-28,CANDIDATE_ONLY_NOT_G5_MATCHED,False,False,False,0
108,81501,88203,VDSI,2015-04-28,CANDIDATE_ONLY_NOT_G5_MATCHED,False,False,False,0
108,81501,89269,CNC,2015-04-28,CANDIDATE_ONLY_NOT_G5_MATCHED,False,False,False,0
108,81501,89353,JBLU,2015-04-28,CANDIDATE_ONLY_NOT_G5_MATCHED,False,False,False,0
108,81501,89971,TPX,2015-04-28,CANDIDATE_ONLY_NOT_G5_MATCHED,False,False,False,0
108,81501,90110,HSP,2015-04-28,CANDIDATE_ONLY_NOT_G5_MATCHED,False,False,False,0
108,81501,90162,GNW,2015-04-28,CANDIDATE_ONLY_NOT_G5_MATCHED,False,False,False,0
108,81501,91392,WYN,2015-04-28,CANDIDATE_ONLY_NOT_G5_MATCHED,False,False,False,0
108,81501,92810,HBCP,2015-04-28,CANDIDATE_ONLY_NOT_G5_MATCHED,False,False,False,0
108,81501,92931,SWI,2015-04-28,CANDIDATE_ONLY_NOT_G5_MATCHED,False,False,False,0
108,81501,93272,CALX,2015-04-28,CANDIDATE_ONLY_NOT_G5_MATCHED,False,False,False,0
109,81564,10308,TMP,2012-01-25,CANDIDATE_ONLY_NOT_G5_MATCHED,False,False,False,0
109,81564,10530,VIVO,2012-01-25,CANDIDATE_ONLY_NOT_G5_MATCHED,False,False,False,0
109,81564,13928,COP,2012-01-25,CANDIDATE_ONLY_NOT_G5_MATCHED,False,False,False,0
109,81564,17929,UGI,2012-01-25,CANDIDATE_ONLY_NOT_G5_MATCHED,False,False,False,0
109,81564,21186,MWV,2012-01-25,CANDIDATE_ONLY_NOT_G5_MATCHED,False,False,False,0
109,81564,21776,EXC,2012-01-25,CANDIDATE_ONLY_NOT_G5_MATCHED,False,False,False,0
109,81564,22293,GLW,2012-01-25,CANDIDATE_ONLY_NOT_G5_MATCHED,False,False,False,0
109,81564,22779,MSI,2012-01-25,CANDIDATE_ONLY_NOT_G5_MATCHED,False,False,False,0
109,81564,23579,TXT,2012-01-25,CANDIDATE_ONLY_NOT_G5_MATCHED,False,False,False,0
109,81564,26470,EGN,2012-01-25,CANDIDATE_ONLY_NOT_G5_MATCHED,False,False,False,0
109,81564,28345,MUR,2012-01-25,CANDIDATE_ONLY_NOT_G5_MATCHED,False,False,False,0
109,81564,28564,CTS,2012-01-25,CANDIDATE_ONLY_NOT_G5_MATCHED,False,False,False,0
109,81564,34833,OXY,2012-01-25,CANDIDATE_ONLY_NOT_G5_MATCHED,False,False,False,0
109,81564,43123,ATI,2012-01-25,CANDIDATE_ONLY_NOT_G5_MATCHED,False,False,False,0
109,81564,43350,SWK,2012-01-25,CANDIDATE_ONLY_NOT_G5_MATCHED,False,False,False,0
109,81564,51369,TER,2012-01-25,CANDIDATE_ONLY_NOT_G5_MATCHED,False,False,False,0
109,81564,61567,HXL,2012-01-25,CANDIDATE_ONLY_NOT_G5_MATCHED,False,False,False,0
109,81564,65294,RLI,2012-01-25,CANDIDATE_ONLY_NOT_G5_MATCHED,False,False,False,0
109,81564,68591,STJ,2012-01-25,CANDIDATE_ONLY_NOT_G5_MATCHED,False,False,False,0
109,81564,73809,SUSQ,2012-01-25,CANDIDATE_ONLY_NOT_G5_MATCHED,False,False,False,0
109,81564,75182,PII,2012-01-25,CANDIDATE_ONLY_NOT_G5_MATCHED,False,False,False,0
109,81564,75912,PMTC,2012-01-25,CANDIDATE_ONLY_NOT_G5_MATCHED,False,False,False,0
109,81564,76234,MOLXA,2012-01-25,CANDIDATE_ONLY_NOT_G5_MATCHED,False,False,False,0
109,81564,77768,PX,2012-01-25,CANDIDATE_ONLY_NOT_G5_MATCHED,False,False,False,0
109,81564,79013,SYBT,2012-01-25,CANDIDATE_ONLY_NOT_G5_MATCHED,False,False,False,0
109,81564,79859,NYB,2012-01-25,CANDIDATE_ONLY_NOT_G5_MATCHED,False,False,False,0
109,81564,80113,CGI,2012-01-25,CANDIDATE_ONLY_NOT_G5_MATCHED,False,False,False,0
109,81564,80987,KNX,2012-01-25,CANDIDATE_ONLY_NOT_G5_MATCHED,False,False,False,0
109,81564,82575,BANR,2012-01-25,CANDIDATE_ONLY_NOT_G5_MATCHED,False,False,False,0
109,81564,82618,SNDK,2012-01-25,CANDIDATE_ONLY_NOT_G5_MATCHED,False,False,False,0
109,81564,82686,CTXS,2012-01-25,CANDIDATE_ONLY_NOT_G5_MATCHED,False,False,False,0
109,81564,83862,ETFC,2012-01-25,CANDIDATE_ONLY_NOT_G5_MATCHED,False,False,False,0
109,81564,84381,ROK,2012-01-25,CANDIDATE_ONLY_NOT_G5_MATCHED,False,False,False,0
109,81564,85663,URI,2012-01-25,CANDIDATE_ONLY_NOT_G5_MATCHED,False,False,False,0
109,81564,85860,BRKL,2012-01-25,CANDIDATE_ONLY_NOT_G5_MATCHED,False,False,False,0
109,81564,86004,UMPQ,2012-01-25,CANDIDATE_ONLY_NOT_G5_MATCHED,False,False,False,0
109,81564,87812,SLAB,2012-01-25,CANDIDATE_ONLY_NOT_G5_MATCHED,False,False,False,0
109,81564,89179,WLP,2012-01-25,CANDIDATE_ONLY_NOT_G5_MATCHED,False,False,False,0
109,81564,89968,PJC,2012-01-25,CANDIDATE_ONLY_NOT_G5_MATCHED,False,False,False,0
109,81564,90893,LCC,2012-01-25,CANDIDATE_ONLY_NOT_G5_MATCHED,False,False,False,0
109,81564,91959,ESSA,2012-01-25,CANDIDATE_ONLY_NOT_G5_MATCHED,False,False,False,0
110,82618,17961,BGG,2015-01-21,CANDIDATE_ONLY_NOT_G5_MATCHED,False,False,False,0
110,82618,76201,XLNX,2015-01-21,CANDIDATE_ONLY_NOT_G5_MATCHED,False,False,False,0
110,82618,76504,CATY,2015-01-21,CANDIDATE_ONLY_NOT_G5_MATCHED,False,False,False,0
110,82618,79851,OSBC,2015-01-21,CANDIDATE_ONLY_NOT_G5_MATCHED,False,False,False,0
110,82618,85789,BXS,2015-01-21,CANDIDATE_ONLY_NOT_G5_MATCHED,False,False,False,0
110,82618,88367,PCBK,2015-01-21,CANDIDATE_ONLY_NOT_G5_MATCHED,False,False,False,0
110,82618,89643,FCCO,2015-01-21,CANDIDATE_ONLY_NOT_G5_MATCHED,False,False,False,0
110,82618,90303,CNS,2015-01-21,CANDIDATE_ONLY_NOT_G5_MATCHED,False,False,False,0
111,82759,10853,RENT,2015-02-05,CANDIDATE_ONLY_NOT_G5_MATCHED,False,False,False,0
111,82759,12308,CHTR,2015-02-05,CANDIDATE_ONLY_NOT_G5_MATCHED,False,False,False,0
111,82759,12437,RFP,2015-02-05,CANDIDATE_ONLY_NOT_G5_MATCHED,False,False,False,0
111,82759,13318,YELP,2015-02-05,CANDIDATE_ONLY_NOT_G5_MATCHED,False,False,False,0
111,82759,13610,OLN,2015-02-05,CANDIDATE_ONLY_NOT_G5_MATCHED,False,False,False,0
111,82759,13983,COTY,2015-02-05,CANDIDATE_ONLY_NOT_G5_MATCHED,False,False,False,0
111,82759,15202,VMC,2015-02-05,CANDIDATE_ONLY_NOT_G5_MATCHED,False,False,False,0
111,82759,22517,PPL,2015-02-05,CANDIDATE_ONLY_NOT_G5_MATCHED,False,False,False,0
111,82759,24010,ETR,2015-02-05,CANDIDATE_ONLY_NOT_G5_MATCHED,False,False,False,0
111,82759,41080,CMI,2015-02-05,CANDIDATE_ONLY_NOT_G5_MATCHED,False,False,False,0
111,82759,57568,BLL,2015-02-05,CANDIDATE_ONLY_NOT_G5_MATCHED,False,False,False,0
111,82759,59089,BRS,2015-02-05,CANDIDATE_ONLY_NOT_G5_MATCHED,False,False,False,0
111,82759,65008,ASYS,2015-02-05,CANDIDATE_ONLY_NOT_G5_MATCHED,False,False,False,0
111,82759,72696,SPF,2015-02-05,CANDIDATE_ONLY_NOT_G5_MATCHED,False,False,False,0
111,82759,75607,SYMC,2015-02-05,CANDIDATE_ONLY_NOT_G5_MATCHED,False,False,False,0
111,82759,79857,PTEN,2015-02-05,CANDIDATE_ONLY_NOT_G5_MATCHED,False,False,False,0
111,82759,80924,SIRI,2015-02-05,CANDIDATE_ONLY_NOT_G5_MATCHED,False,False,False,0
111,82759,83961,RSTI,2015-02-05,CANDIDATE_ONLY_NOT_G5_MATCHED,False,False,False,0
111,82759,84172,NUS,2015-02-05,CANDIDATE_ONLY_NOT_G5_MATCHED,False,False,False,0
111,82759,85173,OUTR,2015-02-05,CANDIDATE_ONLY_NOT_G5_MATCHED,False,False,False,0
111,82759,85427,GPI,2015-02-05,CANDIDATE_ONLY_NOT_G5_MATCHED,False,False,False,0
111,82759,85621,MTD,2015-02-05,CANDIDATE_ONLY_NOT_G5_MATCHED,False,False,False,0
111,82759,87172,LIOX,2015-02-05,CANDIDATE_ONLY_NOT_G5_MATCHED,False,False,False,0
111,82759,87227,EGAN,2015-02-05,CANDIDATE_ONLY_NOT_G5_MATCHED,False,False,False,0
111,82759,88574,TSYS,2015-02-05,CANDIDATE_ONLY_NOT_G5_MATCHED,False,False,False,0
111,82759,89002,ADS,2015-02-05,CANDIDATE_ONLY_NOT_G5_MATCHED,False,False,False,0
111,82759,89471,LF,2015-02-05,CANDIDATE_ONLY_NOT_G5_MATCHED,False,False,False,0
111,82759,89626,CME,2015-02-05,CANDIDATE_ONLY_NOT_G5_MATCHED,False,False,False,0
111,82759,89810,GPK,2015-02-05,CANDIDATE_ONLY_NOT_G5_MATCHED,False,False,False,0
111,82759,89971,TPX,2015-02-05,CANDIDATE_ONLY_NOT_G5_MATCHED,False,False,False,0
111,82759,89973,UTI,2015-02-05,CANDIDATE_ONLY_NOT_G5_MATCHED,False,False,False,0
111,82759,90232,MFLX,2015-02-05,CANDIDATE_ONLY_NOT_G5_MATCHED,False,False,False,0
111,82759,90608,INUV,2015-02-05,CANDIDATE_ONLY_NOT_G5_MATCHED,False,False,False,0
111,82759,90808,EXPE,2015-02-05,CANDIDATE_ONLY_NOT_G5_MATCHED,False,False,False,0
111,82759,90867,MWIV,2015-02-05,CANDIDATE_ONLY_NOT_G5_MATCHED,False,False,False,0
111,82759,90875,UEPS,2015-02-05,CANDIDATE_ONLY_NOT_G5_MATCHED,False,False,False,0
111,82759,91849,BR,2015-02-05,CANDIDATE_ONLY_NOT_G5_MATCHED,False,False,False,0
111,82759,91954,ARCW,2015-02-05,CANDIDATE_ONLY_NOT_G5_MATCHED,False,False,False,0
111,82759,92021,SLH,2015-02-05,CANDIDATE_ONLY_NOT_G5_MATCHED,False,False,False,0
111,82759,92293,TDC,2015-02-05,CANDIDATE_ONLY_NOT_G5_MATCHED,False,False,False,0
111,82759,92988,CFN,2015-02-05,CANDIDATE_ONLY_NOT_G5_MATCHED,False,False,False,0
111,82759,93079,ECHO,2015-02-05,CANDIDATE_ONLY_NOT_G5_MATCHED,False,False,False,0
112,83244,10252,INDB,2013-04-25,CANDIDATE_ONLY_NOT_G5_MATCHED,False,False,False,0
112,83244,10517,AAN,2013-04-25,CANDIDATE_ONLY_NOT_G5_MATCHED,False,False,False,0
112,83244,10530,VIVO,2013-04-25,CANDIDATE_ONLY_NOT_G5_MATCHED,False,False,False,0
112,83244,10693,HLS,2013-04-25,CANDIDATE_ONLY_NOT_G5_MATCHED,False,False,False,0
112,83244,11369,UBSI,2013-04-25,CANDIDATE_ONLY_NOT_G5_MATCHED,False,False,False,0
112,83244,11552,CELG,2013-04-25,CANDIDATE_ONLY_NOT_G5_MATCHED,False,False,False,0
112,83244,11786,SIVB,2013-04-25,CANDIDATE_ONLY_NOT_G5_MATCHED,False,False,False,0
112,83244,11850,XOM,2013-04-25,CANDIDATE_ONLY_NOT_G5_MATCHED,False,False,False,0
112,83244,11896,MXIM,2013-04-25,CANDIDATE_ONLY_NOT_G5_MATCHED,False,False,False,0
112,83244,12036,GMT,2013-04-25,CANDIDATE_ONLY_NOT_G5_MATCHED,False,False,False,0
112,83244,12682,TMS,2013-04-25,CANDIDATE_ONLY_NOT_G5_MATCHED,False,False,False,0
112,83244,12905,SXC,2013-04-25,CANDIDATE_ONLY_NOT_G5_MATCHED,False,False,False,0
112,83244,12914,DNKN,2013-04-25,CANDIDATE_ONLY_NOT_G5_MATCHED,False,False,False,0
112,83244,13085,VAC,2013-04-25,CANDIDATE_ONLY_NOT_G5_MATCHED,False,False,False,0
112,83244,13249,PRLB,2013-04-25,CANDIDATE_ONLY_NOT_G5_MATCHED,False,False,False,0
112,83244,13263,CEMP,2013-04-25,CANDIDATE_ONLY_NOT_G5_MATCHED,False,False,False,0
112,83244,13337,FET,2013-04-25,CANDIDATE_ONLY_NOT_G5_MATCHED,False,False,False,0
112,83244,13610,OLN,2013-04-25,CANDIDATE_ONLY_NOT_G5_MATCHED,False,False,False,0
112,83244,13901,MO,2013-04-25,CANDIDATE_ONLY_NOT_G5_MATCHED,False,False,False,0
112,83244,13928,COP,2013-04-25,CANDIDATE_ONLY_NOT_G5_MATCHED,False,False,False,0
112,83244,16600,HSY,2013-04-25,CANDIDATE_ONLY_NOT_G5_MATCHED,False,False,False,0
112,83244,18649,BCO,2013-04-25,CANDIDATE_ONLY_NOT_G5_MATCHED,False,False,False,0
112,83244,18729,CL,2013-04-25,CANDIDATE_ONLY_NOT_G5_MATCHED,False,False,False,0
112,83244,19393,BMY,2013-04-25,CANDIDATE_ONLY_NOT_G5_MATCHED,False,False,False,0
112,83244,20618,CRS,2013-04-25,CANDIDATE_ONLY_NOT_G5_MATCHED,False,False,False,0
112,83244,22592,MMM,2013-04-25,CANDIDATE_ONLY_NOT_G5_MATCHED,False,False,False,0
112,83244,23085,SCG,2013-04-25,CANDIDATE_ONLY_NOT_G5_MATCHED,False,False,False,0
112,83244,23229,CMS,2013-04-25,CANDIDATE_ONLY_NOT_G5_MATCHED,False,False,False,0
112,83244,23473,CINF,2013-04-25,CANDIDATE_ONLY_NOT_G5_MATCHED,False,False,False,0
112,83244,24010,ETR,2013-04-25,CANDIDATE_ONLY_NOT_G5_MATCHED,False,False,False,0
112,83244,24328,EQT,2013-04-25,CANDIDATE_ONLY_NOT_G5_MATCHED,False,False,False,0
112,83244,24942,RTN,2013-04-25,CANDIDATE_ONLY_NOT_G5_MATCHED,False,False,False,0
112,83244,27684,AVT,2013-04-25,CANDIDATE_ONLY_NOT_G5_MATCHED,False,False,False,0
112,83244,28804,ALK,2013-04-25,CANDIDATE_ONLY_NOT_G5_MATCHED,False,False,False,0
112,83244,34673,NR,2013-04-25,CANDIDATE_ONLY_NOT_G5_MATCHED,False,False,False,0
112,83244,34833,OXY,2013-04-25,CANDIDATE_ONLY_NOT_G5_MATCHED,False,False,False,0
112,83244,42200,PKI,2013-04-25,CANDIDATE_ONLY_NOT_G5_MATCHED,False,False,False,0
112,83244,42796,MDP,2013-04-25,CANDIDATE_ONLY_NOT_G5_MATCHED,False,False,False,0
112,83244,43350,SWK,2013-04-25,CANDIDATE_ONLY_NOT_G5_MATCHED,False,False,False,0
112,83244,43772,BMS,2013-04-25,CANDIDATE_ONLY_NOT_G5_MATCHED,False,False,False,0
112,83244,44134,KMT,2013-04-25,CANDIDATE_ONLY_NOT_G5_MATCHED,False,False,False,0
112,83244,45277,IGT,2013-04-25,CANDIDATE_ONLY_NOT_G5_MATCHED,False,False,False,0
112,83244,45728,IVC,2013-04-25,CANDIDATE_ONLY_NOT_G5_MATCHED,False,False,False,0
112,83244,45911,SWKS,2013-04-25,CANDIDATE_ONLY_NOT_G5_MATCHED,False,False,False,0
112,83244,46340,SFE,2013-04-25,CANDIDATE_ONLY_NOT_G5_MATCHED,False,False,False,0
112,83244,46886,KLAC,2013-04-25,CANDIDATE_ONLY_NOT_G5_MATCHED,False,False,False,0
112,83244,47466,NYT,2013-04-25,CANDIDATE_ONLY_NOT_G5_MATCHED,False,False,False,0
112,83244,48523,LANC,2013-04-25,CANDIDATE_ONLY_NOT_G5_MATCHED,False,False,False,0
112,83244,48961,LAWS,2013-04-25,CANDIDATE_ONLY_NOT_G5_MATCHED,False,False,False,0
112,83244,50017,RRC,2013-04-25,CANDIDATE_ONLY_NOT_G5_MATCHED,False,False,False,0
112,83244,53480,MCRS,2013-04-25,CANDIDATE_ONLY_NOT_G5_MATCHED,False,False,False,0
112,83244,53640,MSCC,2013-04-25,CANDIDATE_ONLY_NOT_G5_MATCHED,False,False,False,0
112,83244,54148,PHM,2013-04-25,CANDIDATE_ONLY_NOT_G5_MATCHED,False,False,False,0
112,83244,55597,MTRN,2013-04-25,CANDIDATE_ONLY_NOT_G5_MATCHED,False,False,False,0
112,83244,56040,NAFC,2013-04-25,CANDIDATE_ONLY_NOT_G5_MATCHED,False,False,False,0
112,83244,57568,BLL,2013-04-25,CANDIDATE_ONLY_NOT_G5_MATCHED,False,False,False,0
112,83244,58683,LUV,2013-04-25,CANDIDATE_ONLY_NOT_G5_MATCHED,False,False,False,0
112,83244,59192,CB,2013-04-25,CANDIDATE_ONLY_NOT_G5_MATCHED,False,False,False,0
112,83244,59396,ORI,2013-04-25,CANDIDATE_ONLY_NOT_G5_MATCHED,False,False,False,0
112,83244,60943,LEG,2013-04-25,CANDIDATE_ONLY_NOT_G5_MATCHED,False,False,False,0
112,83244,61496,PATK,2013-04-25,CANDIDATE_ONLY_NOT_G5_MATCHED,False,False,False,0
112,83244,61743,DLX,2013-04-25,CANDIDATE_ONLY_NOT_G5_MATCHED,False,False,False,0
112,83244,61815,NBL,2013-04-25,CANDIDATE_ONLY_NOT_G5_MATCHED,False,False,False,0
112,83244,63079,KEG,2013-04-25,CANDIDATE_ONLY_NOT_G5_MATCHED,False,False,False,0
112,83244,64936,D,2013-04-25,CANDIDATE_ONLY_NOT_G5_MATCHED,False,False,False,0
112,83244,65509,BLC,2013-04-25,CANDIDATE_ONLY_NOT_G5_MATCHED,False,False,False,0
112,83244,69586,SBCF,2013-04-25,CANDIDATE_ONLY_NOT_G5_MATCHED,False,False,False,0
112,83244,70033,HOG,2013-04-25,CANDIDATE_ONLY_NOT_G5_MATCHED,False,False,False,0
112,83244,70500,CCE,2013-04-25,CANDIDATE_ONLY_NOT_G5_MATCHED,False,False,False,0
112,83244,70536,SIAL,2013-04-25,CANDIDATE_ONLY_NOT_G5_MATCHED,False,False,False,0
112,83244,75215,CSH,2013-04-25,CANDIDATE_ONLY_NOT_G5_MATCHED,False,False,False,0
112,83244,75257,TLAB,2013-04-25,CANDIDATE_ONLY_NOT_G5_MATCHED,False,False,False,0
112,83244,75577,ALTR,2013-04-25,CANDIDATE_ONLY_NOT_G5_MATCHED,False,False,False,0
112,83244,75603,CRUS,2013-04-25,CANDIDATE_ONLY_NOT_G5_MATCHED,False,False,False,0
112,83244,75831,DGII,2013-04-25,CANDIDATE_ONLY_NOT_G5_MATCHED,False,False,False,0
112,83244,76224,BHE,2013-04-25,CANDIDATE_ONLY_NOT_G5_MATCHED,False,False,False,0
112,83244,76624,PMCS,2013-04-25,CANDIDATE_ONLY_NOT_G5_MATCHED,False,False,False,0
112,83244,76841,BIIB,2013-04-25,CANDIDATE_ONLY_NOT_G5_MATCHED,False,False,False,0
112,83244,76980,ROCM,2013-04-25,CANDIDATE_ONLY_NOT_G5_MATCHED,False,False,False,0
112,83244,77037,ODFL,2013-04-25,CANDIDATE_ONLY_NOT_G5_MATCHED,False,False,False,0
112,83244,77114,WRLD,2013-04-25,CANDIDATE_ONLY_NOT_G5_MATCHED,False,False,False,0
112,83244,77279,ABAX,2013-04-25,CANDIDATE_ONLY_NOT_G5_MATCHED,False,False,False,0
112,83244,77366,ELY,2013-04-25,CANDIDATE_ONLY_NOT_G5_MATCHED,False,False,False,0
112,83244,77461,VCI,2013-04-25,CANDIDATE_ONLY_NOT_G5_MATCHED,False,False,False,0
112,83244,77605,BSX,2013-04-25,CANDIDATE_ONLY_NOT_G5_MATCHED,False,False,False,0
112,83244,77630,DWCH,2013-04-25,CANDIDATE_ONLY_NOT_G5_MATCHED,False,False,False,0
112,83244,77702,SBUX,2013-04-25,CANDIDATE_ONLY_NOT_G5_MATCHED,False,False,False,0
112,83244,77763,SPN,2013-04-25,CANDIDATE_ONLY_NOT_G5_MATCHED,False,False,False,0
112,83244,78981,LSTR,2013-04-25,CANDIDATE_ONLY_NOT_G5_MATCHED,False,False,False,0
112,83244,78990,DEST,2013-04-25,CANDIDATE_ONLY_NOT_G5_MATCHED,False,False,False,0
112,83244,79133,ATR,2013-04-25,CANDIDATE_ONLY_NOT_G5_MATCHED,False,False,False,0
112,83244,79210,RGA,2013-04-25,CANDIDATE_ONLY_NOT_G5_MATCHED,False,False,False,0
112,83244,79336,LBY,2013-04-25,CANDIDATE_ONLY_NOT_G5_MATCHED,False,False,False,0
112,83244,79545,BWA,2013-04-25,CANDIDATE_ONLY_NOT_G5_MATCHED,False,False,False,0
112,83244,79637,UHS,2013-04-25,CANDIDATE_ONLY_NOT_G5_MATCHED,False,False,False,0
112,83244,79686,DECK,2013-04-25,CANDIDATE_ONLY_NOT_G5_MATCHED,False,False,False,0
112,83244,79857,PTEN,2013-04-25,CANDIDATE_ONLY_NOT_G5_MATCHED,False,False,False,0
112,83244,79909,MHO,2013-04-25,CANDIDATE_ONLY_NOT_G5_MATCHED,False,False,False,0
112,83244,80113,CGI,2013-04-25,CANDIDATE_ONLY_NOT_G5_MATCHED,False,False,False,0
112,83244,80362,SCSC,2013-04-25,CANDIDATE_ONLY_NOT_G5_MATCHED,False,False,False,0
112,83244,80864,RS,2013-04-25,CANDIDATE_ONLY_NOT_G5_MATCHED,False,False,False,0
112,83244,81128,ESI,2013-04-25,CANDIDATE_ONLY_NOT_G5_MATCHED,False,False,False,0
112,83244,81501,NATI,2013-04-25,CANDIDATE_ONLY_NOT_G5_MATCHED,False,False,False,0
112,83244,81540,ABC,2013-04-25,CANDIDATE_ONLY_NOT_G5_MATCHED,False,False,False,0
112,83244,81564,IBKC,2013-04-25,CANDIDATE_ONLY_NOT_G5_MATCHED,False,False,False,0
112,83244,81857,CAM,2013-04-25,CANDIDATE_ONLY_NOT_G5_MATCHED,False,False,False,0
112,83244,81925,GTI,2013-04-25,CANDIDATE_ONLY_NOT_G5_MATCHED,False,False,False,0
112,83244,82298,DO,2013-04-25,CANDIDATE_ONLY_NOT_G5_MATCHED,False,False,False,0
112,83244,82521,RSYS,2013-04-25,CANDIDATE_ONLY_NOT_G5_MATCHED,False,False,False,0
112,83244,82694,EME,2013-04-25,CANDIDATE_ONLY_NOT_G5_MATCHED,False,False,False,0
112,83244,82859,REV,2013-04-25,CANDIDATE_ONLY_NOT_G5_MATCHED,False,False,False,0
112,83244,83111,ALXN,2013-04-25,CANDIDATE_ONLY_NOT_G5_MATCHED,False,False,False,0
112,83244,83186,DST,2013-04-25,CANDIDATE_ONLY_NOT_G5_MATCHED,False,False,False,0
112,83244,83366,CRR,2013-04-25,CANDIDATE_ONLY_NOT_G5_MATCHED,False,False,False,0
112,83244,84103,NCI,2013-04-25,CANDIDATE_ONLY_NOT_G5_MATCHED,False,False,False,0
112,83244,84168,IM,2013-04-25,CANDIDATE_ONLY_NOT_G5_MATCHED,False,False,False,0
112,83244,84788,AMZN,2013-04-25,CANDIDATE_ONLY_NOT_G5_MATCHED,False,False,False,0
112,83244,85173,CSTR,2013-04-25,CANDIDATE_ONLY_NOT_G5_MATCHED,False,False,False,0
112,83244,85257,AME,2013-04-25,CANDIDATE_ONLY_NOT_G5_MATCHED,False,False,False,0
112,83244,85863,COLM,2013-04-25,CANDIDATE_ONLY_NOT_G5_MATCHED,False,False,False,0
112,83244,85953,SOFO,2013-04-25,CANDIDATE_ONLY_NOT_G5_MATCHED,False,False,False,0
112,83244,85991,LVLT,2013-04-25,CANDIDATE_ONLY_NOT_G5_MATCHED,False,False,False,0
112,83244,86021,LLL,2013-04-25,CANDIDATE_ONLY_NOT_G5_MATCHED,False,False,False,0
112,83244,86047,AMKR,2013-04-25,CANDIDATE_ONLY_NOT_G5_MATCHED,False,False,False,0
112,83244,86102,FII,2013-04-25,CANDIDATE_ONLY_NOT_G5_MATCHED,False,False,False,0
112,83244,86128,HZO,2013-04-25,CANDIDATE_ONLY_NOT_G5_MATCHED,False,False,False,0
112,83244,86228,RSG,2013-04-25,CANDIDATE_ONLY_NOT_G5_MATCHED,False,False,False,0
112,83244,86302,HTBK,2013-04-25,CANDIDATE_ONLY_NOT_G5_MATCHED,False,False,False,0
112,83244,86799,CNX,2013-04-25,CANDIDATE_ONLY_NOT_G5_MATCHED,False,False,False,0
112,83244,87006,UTHR,2013-04-25,CANDIDATE_ONLY_NOT_G5_MATCHED,False,False,False,0
112,83244,87179,NTCT,2013-04-25,CANDIDATE_ONLY_NOT_G5_MATCHED,False,False,False,0
112,83244,87236,INAP,2013-04-25,CANDIDATE_ONLY_NOT_G5_MATCHED,False,False,False,0
112,83244,87447,UPS,2013-04-25,CANDIDATE_ONLY_NOT_G5_MATCHED,False,False,False,0
112,83244,87827,WBSN,2013-04-25,CANDIDATE_ONLY_NOT_G5_MATCHED,False,False,False,0
112,83244,88203,VDSI,2013-04-25,CANDIDATE_ONLY_NOT_G5_MATCHED,False,False,False,0
112,83244,88257,PFBX,2013-04-25,CANDIDATE_ONLY_NOT_G5_MATCHED,False,False,False,0
112,83244,88260,PXLW,2013-04-25,CANDIDATE_ONLY_NOT_G5_MATCHED,False,False,False,0
112,83244,88287,DLA,2013-04-25,CANDIDATE_ONLY_NOT_G5_MATCHED,False,False,False,0
112,83244,88564,RTIX,2013-04-25,CANDIDATE_ONLY_NOT_G5_MATCHED,False,False,False,0
112,83244,88615,GB,2013-04-25,CANDIDATE_ONLY_NOT_G5_MATCHED,False,False,False,0
112,83244,89070,ZMH,2013-04-25,CANDIDATE_ONLY_NOT_G5_MATCHED,False,False,False,0
112,83244,89195,PFG,2013-04-25,CANDIDATE_ONLY_NOT_G5_MATCHED,False,False,False,0
112,83244,89213,WOOF,2013-04-25,CANDIDATE_ONLY_NOT_G5_MATCHED,False,False,False,0
112,83244,89290,SYNA,2013-04-25,CANDIDATE_ONLY_NOT_G5_MATCHED,False,False,False,0
112,83244,89332,DDE,2013-04-25,CANDIDATE_ONLY_NOT_G5_MATCHED,False,False,False,0
112,83244,89353,JBLU,2013-04-25,CANDIDATE_ONLY_NOT_G5_MATCHED,False,False,False,0
112,83244,89387,CPSI,2013-04-25,CANDIDATE_ONLY_NOT_G5_MATCHED,False,False,False,0
112,83244,89533,WYNN,2013-04-25,CANDIDATE_ONLY_NOT_G5_MATCHED,False,False,False,0
112,83244,89642,BBNK,2013-04-25,CANDIDATE_ONLY_NOT_G5_MATCHED,False,False,False,0
112,83244,89781,MOH,2013-04-25,CANDIDATE_ONLY_NOT_G5_MATCHED,False,False,False,0
112,83244,89800,NTGR,2013-04-25,CANDIDATE_ONLY_NOT_G5_MATCHED,False,False,False,0
112,83244,89810,GPK,2013-04-25,CANDIDATE_ONLY_NOT_G5_MATCHED,False,False,False,0
112,83244,89876,CRI,2013-04-25,CANDIDATE_ONLY_NOT_G5_MATCHED,False,False,False,0
112,83244,89922,TSRA,2013-04-25,CANDIDATE_ONLY_NOT_G5_MATCHED,False,False,False,0
112,83244,90199,CBG,2013-04-25,CANDIDATE_ONLY_NOT_G5_MATCHED,False,False,False,0
112,83244,90200,CAB,2013-04-25,CANDIDATE_ONLY_NOT_G5_MATCHED,False,False,False,0
112,83244,90210,LTM,2013-04-25,CANDIDATE_ONLY_NOT_G5_MATCHED,False,False,False,0
112,83244,90238,SNMX,2013-04-25,CANDIDATE_ONLY_NOT_G5_MATCHED,False,False,False,0
112,83244,90409,HURN,2013-04-25,CANDIDATE_ONLY_NOT_G5_MATCHED,False,False,False,0
112,83244,90458,NWE,2013-04-25,CANDIDATE_ONLY_NOT_G5_MATCHED,False,False,False,0
112,83244,90536,GFIG,2013-04-25,CANDIDATE_ONLY_NOT_G5_MATCHED,False,False,False,0
112,83244,90550,DLB,2013-04-25,CANDIDATE_ONLY_NOT_G5_MATCHED,False,False,False,0
112,83244,90605,UACL,2013-04-25,CANDIDATE_ONLY_NOT_G5_MATCHED,False,False,False,0
112,83244,90730,HBOS,2013-04-25,CANDIDATE_ONLY_NOT_G5_MATCHED,False,False,False,0
112,83244,90808,EXPE,2013-04-25,CANDIDATE_ONLY_NOT_G5_MATCHED,False,False,False,0
112,83244,90814,HITT,2013-04-25,CANDIDATE_ONLY_NOT_G5_MATCHED,False,False,False,0
112,83244,90831,DRC,2013-04-25,CANDIDATE_ONLY_NOT_G5_MATCHED,False,False,False,0
112,83244,90951,HERO,2013-04-25,CANDIDATE_ONLY_NOT_G5_MATCHED,False,False,False,0
112,83244,91103,UAL,2013-04-25,CANDIDATE_ONLY_NOT_G5_MATCHED,False,False,False,0
112,83244,91349,CLUB,2013-04-25,CANDIDATE_ONLY_NOT_G5_MATCHED,False,False,False,0
112,83244,91579,KBR,2013-04-25,CANDIDATE_ONLY_NOT_G5_MATCHED,False,False,False,0
112,83244,91854,UFS,2013-04-25,CANDIDATE_ONLY_NOT_G5_MATCHED,False,False,False,0
112,83244,91883,TWC,2013-04-25,CANDIDATE_ONLY_NOT_G5_MATCHED,False,False,False,0
112,83244,92029,TRS,2013-04-25,CANDIDATE_ONLY_NOT_G5_MATCHED,False,False,False,0
112,83244,92302,CTCT,2013-04-25,CANDIDATE_ONLY_NOT_G5_MATCHED,False,False,False,0
112,83244,92497,N,2013-04-25,CANDIDATE_ONLY_NOT_G5_MATCHED,False,False,False,0
112,83244,92570,DAN,2013-04-25,CANDIDATE_ONLY_NOT_G5_MATCHED,False,False,False,0
112,83244,92890,MJN,2013-04-25,CANDIDATE_ONLY_NOT_G5_MATCHED,False,False,False,0
112,83244,93101,LEA,2013-04-25,CANDIDATE_ONLY_NOT_G5_MATCHED,False,False,False,0
112,83244,93374,FAF,2013-04-25,CANDIDATE_ONLY_NOT_G5_MATCHED,False,False,False,0
113,84624,10302,CY,2015-04-30,CANDIDATE_ONLY_NOT_G5_MATCHED,False,False,False,0
113,84624,10421,SKYW,2015-04-30,CANDIDATE_ONLY_NOT_G5_MATCHED,False,False,False,0
113,84624,10693,HLS,2015-04-30,CANDIDATE_ONLY_NOT_G5_MATCHED,False,False,False,0
113,84624,13085,VAC,2015-04-30,CANDIDATE_ONLY_NOT_G5_MATCHED,False,False,False,0
113,84624,13343,MRC,2015-04-30,CANDIDATE_ONLY_NOT_G5_MATCHED,False,False,False,0
113,84624,13690,RKUS,2015-04-30,CANDIDATE_ONLY_NOT_G5_MATCHED,False,False,False,0
113,84624,13739,BFAM,2015-04-30,CANDIDATE_ONLY_NOT_G5_MATCHED,False,False,False,0
113,84624,13818,PF,2015-04-30,CANDIDATE_ONLY_NOT_G5_MATCHED,False,False,False,0
113,84624,14005,TXTR,2015-04-30,CANDIDATE_ONLY_NOT_G5_MATCHED,False,False,False,0
113,84624,14131,MYCC,2015-04-30,CANDIDATE_ONLY_NOT_G5_MATCHED,False,False,False,0
113,84624,14159,FEYE,2015-04-30,CANDIDATE_ONLY_NOT_G5_MATCHED,False,False,False,0
113,84624,14325,TNDM,2015-04-30,CANDIDATE_ONLY_NOT_G5_MATCHED,False,False,False,0
113,84624,14335,CQH,2015-04-30,CANDIDATE_ONLY_NOT_G5_MATCHED,False,False,False,0
113,84624,14471,TLMR,2015-04-30,CANDIDATE_ONLY_NOT_G5_MATCHED,False,False,False,0
113,84624,14795,TKR,2015-04-30,CANDIDATE_ONLY_NOT_G5_MATCHED,False,False,False,0
113,84624,19721,VVI,2015-04-30,CANDIDATE_ONLY_NOT_G5_MATCHED,False,False,False,0
113,84624,21371,CAH,2015-04-30,CANDIDATE_ONLY_NOT_G5_MATCHED,False,False,False,0
113,84624,21928,IDA,2015-04-30,CANDIDATE_ONLY_NOT_G5_MATCHED,False,False,False,0
113,84624,23085,SCG,2015-04-30,CANDIDATE_ONLY_NOT_G5_MATCHED,False,False,False,0
113,84624,28222,APD,2015-04-30,CANDIDATE_ONLY_NOT_G5_MATCHED,False,False,False,0
113,84624,34673,NR,2015-04-30,CANDIDATE_ONLY_NOT_G5_MATCHED,False,False,False,0
113,84624,38762,NI,2015-04-30,CANDIDATE_ONLY_NOT_G5_MATCHED,False,False,False,0
113,84624,39220,SMP,2015-04-30,CANDIDATE_ONLY_NOT_G5_MATCHED,False,False,False,0
113,84624,40416,AVP,2015-04-30,CANDIDATE_ONLY_NOT_G5_MATCHED,False,False,False,0
113,84624,40440,DBD,2015-04-30,CANDIDATE_ONLY_NOT_G5_MATCHED,False,False,False,0
113,84624,47706,FSS,2015-04-30,CANDIDATE_ONLY_NOT_G5_MATCHED,False,False,False,0
113,84624,48523,LANC,2015-04-30,CANDIDATE_ONLY_NOT_G5_MATCHED,False,False,False,0
113,84624,57568,BLL,2015-04-30,CANDIDATE_ONLY_NOT_G5_MATCHED,False,False,False,0
113,84624,58819,LNT,2015-04-30,CANDIDATE_ONLY_NOT_G5_MATCHED,False,False,False,0
113,84624,60943,LEG,2015-04-30,CANDIDATE_ONLY_NOT_G5_MATCHED,False,False,False,0
113,84624,61496,PATK,2015-04-30,CANDIDATE_ONLY_NOT_G5_MATCHED,False,False,False,0
113,84624,62498,WST,2015-04-30,CANDIDATE_ONLY_NOT_G5_MATCHED,False,False,False,0
113,84624,63335,PES,2015-04-30,CANDIDATE_ONLY_NOT_G5_MATCHED,False,False,False,0
113,84624,72696,SPF,2015-04-30,CANDIDATE_ONLY_NOT_G5_MATCHED,False,False,False,0
113,84624,75714,CLRO,2015-04-30,CANDIDATE_ONLY_NOT_G5_MATCHED,False,False,False,0
113,84624,76230,TRMB,2015-04-30,CANDIDATE_ONLY_NOT_G5_MATCHED,False,False,False,0
113,84624,76461,FHCO,2015-04-30,CANDIDATE_ONLY_NOT_G5_MATCHED,False,False,False,0
113,84624,76732,DIN,2015-04-30,CANDIDATE_ONLY_NOT_G5_MATCHED,False,False,False,0
113,84624,77279,ABAX,2015-04-30,CANDIDATE_ONLY_NOT_G5_MATCHED,False,False,False,0
113,84624,77763,SPN,2015-04-30,CANDIDATE_ONLY_NOT_G5_MATCHED,False,False,False,0
113,84624,78071,BIOL,2015-04-30,CANDIDATE_ONLY_NOT_G5_MATCHED,False,False,False,0
113,84624,78211,UVE,2015-04-30,CANDIDATE_ONLY_NOT_G5_MATCHED,False,False,False,0
113,84624,78903,PEBO,2015-04-30,CANDIDATE_ONLY_NOT_G5_MATCHED,False,False,False,0
113,84624,79198,TWI,2015-04-30,CANDIDATE_ONLY_NOT_G5_MATCHED,False,False,False,0
113,84624,79248,THRM,2015-04-30,CANDIDATE_ONLY_NOT_G5_MATCHED,False,False,False,0
113,84624,79336,LBY,2015-04-30,CANDIDATE_ONLY_NOT_G5_MATCHED,False,False,False,0
113,84624,79571,CASH,2015-04-30,CANDIDATE_ONLY_NOT_G5_MATCHED,False,False,False,0
113,84624,79724,OMG,2015-04-30,CANDIDATE_ONLY_NOT_G5_MATCHED,False,False,False,0
113,84624,79758,BYD,2015-04-30,CANDIDATE_ONLY_NOT_G5_MATCHED,False,False,False,0
113,84624,79879,JDSU,2015-04-30,CANDIDATE_ONLY_NOT_G5_MATCHED,False,False,False,0
113,84624,79903,HHS,2015-04-30,CANDIDATE_ONLY_NOT_G5_MATCHED,False,False,False,0
113,84624,80072,VLY,2015-04-30,CANDIDATE_ONLY_NOT_G5_MATCHED,False,False,False,0
113,84624,80539,NKTR,2015-04-30,CANDIDATE_ONLY_NOT_G5_MATCHED,False,False,False,0
113,84624,82292,THG,2015-04-30,CANDIDATE_ONLY_NOT_G5_MATCHED,False,False,False,0
113,84624,82486,ERIE,2015-04-30,CANDIDATE_ONLY_NOT_G5_MATCHED,False,False,False,0
113,84624,83244,CENX,2015-04-30,CANDIDATE_ONLY_NOT_G5_MATCHED,False,False,False,0
113,84624,83366,CRR,2015-04-30,CANDIDATE_ONLY_NOT_G5_MATCHED,False,False,False,0
113,84624,83534,NBIX,2015-04-30,CANDIDATE_ONLY_NOT_G5_MATCHED,False,False,False,0
113,84624,84723,LNG,2015-04-30,CANDIDATE_ONLY_NOT_G5_MATCHED,False,False,False,0
113,84624,85424,DRQ,2015-04-30,CANDIDATE_ONLY_NOT_G5_MATCHED,False,False,False,0
113,84624,85792,PWR,2015-04-30,CANDIDATE_ONLY_NOT_G5_MATCHED,False,False,False,0
113,84624,85839,NUTR,2015-04-30,CANDIDATE_ONLY_NOT_G5_MATCHED,False,False,False,0
113,84624,86051,AXTI,2015-04-30,CANDIDATE_ONLY_NOT_G5_MATCHED,False,False,False,0
113,84624,86106,EEP,2015-04-30,CANDIDATE_ONLY_NOT_G5_MATCHED,False,False,False,0
113,84624,86544,BCOR,2015-04-30,CANDIDATE_ONLY_NOT_G5_MATCHED,False,False,False,0
113,84624,88379,NTRI,2015-04-30,CANDIDATE_ONLY_NOT_G5_MATCHED,False,False,False,0
113,84624,88574,TSYS,2015-04-30,CANDIDATE_ONLY_NOT_G5_MATCHED,False,False,False,0
113,84624,88597,POL,2015-04-30,CANDIDATE_ONLY_NOT_G5_MATCHED,False,False,False,0
113,84624,88626,DRRX,2015-04-30,CANDIDATE_ONLY_NOT_G5_MATCHED,False,False,False,0
113,84624,89031,TASR,2015-04-30,CANDIDATE_ONLY_NOT_G5_MATCHED,False,False,False,0
113,84624,89070,ZMH,2015-04-30,CANDIDATE_ONLY_NOT_G5_MATCHED,False,False,False,0
113,84624,89110,OMCL,2015-04-30,CANDIDATE_ONLY_NOT_G5_MATCHED,False,False,False,0
113,84624,89626,CME,2015-04-30,CANDIDATE_ONLY_NOT_G5_MATCHED,False,False,False,0
113,84624,89905,CALD,2015-04-30,CANDIDATE_ONLY_NOT_G5_MATCHED,False,False,False,0
113,84624,89973,UTI,2015-04-30,CANDIDATE_ONLY_NOT_G5_MATCHED,False,False,False,0
113,84624,90238,SNMX,2015-04-30,CANDIDATE_ONLY_NOT_G5_MATCHED,False,False,False,0
113,84624,90374,DWA,2015-04-30,CANDIDATE_ONLY_NOT_G5_MATCHED,False,False,False,0
113,84624,90386,MOS,2015-04-30,CANDIDATE_ONLY_NOT_G5_MATCHED,False,False,False,0
113,84624,90404,CLMS,2015-04-30,CANDIDATE_ONLY_NOT_G5_MATCHED,False,False,False,0
113,84624,90558,HUN,2015-04-30,CANDIDATE_ONLY_NOT_G5_MATCHED,False,False,False,0
113,84624,90786,ITC,2015-04-30,CANDIDATE_ONLY_NOT_G5_MATCHED,False,False,False,0
113,84624,90808,EXPE,2015-04-30,CANDIDATE_ONLY_NOT_G5_MATCHED,False,False,False,0
113,84624,90952,ISBC,2015-04-30,CANDIDATE_ONLY_NOT_G5_MATCHED,False,False,False,0
113,84624,90978,SPWR,2015-04-30,CANDIDATE_ONLY_NOT_G5_MATCHED,False,False,False,0
113,84624,91041,LYV,2015-04-30,CANDIDATE_ONLY_NOT_G5_MATCHED,False,False,False,0
113,84624,91063,VIAB,2015-04-30,CANDIDATE_ONLY_NOT_G5_MATCHED,False,False,False,0
113,84624,91814,ARAY,2015-04-30,CANDIDATE_ONLY_NOT_G5_MATCHED,False,False,False,0
113,84624,91854,UFS,2015-04-30,CANDIDATE_ONLY_NOT_G5_MATCHED,False,False,False,0
113,84624,92050,PODD,2015-04-30,CANDIDATE_ONLY_NOT_G5_MATCHED,False,False,False,0
113,84624,92326,CVI,2015-04-30,CANDIDATE_ONLY_NOT_G5_MATCHED,False,False,False,0
113,84624,92611,V,2015-04-30,CANDIDATE_ONLY_NOT_G5_MATCHED,False,False,False,0
113,84624,92894,HTWR,2015-04-30,CANDIDATE_ONLY_NOT_G5_MATCHED,False,False,False,0
113,84624,92924,DGI,2015-04-30,CANDIDATE_ONLY_NOT_G5_MATCHED,False,False,False,0
113,84624,93035,SEM,2015-04-30,CANDIDATE_ONLY_NOT_G5_MATCHED,False,False,False,0
113,84624,93073,ADUS,2015-04-30,CANDIDATE_ONLY_NOT_G5_MATCHED,False,False,False,0
114,85663,17961,BGG,2015-01-21,CANDIDATE_ONLY_NOT_G5_MATCHED,False,False,False,0
114,85663,76201,XLNX,2015-01-21,CANDIDATE_ONLY_NOT_G5_MATCHED,False,False,False,0
114,85663,76504,CATY,2015-01-21,CANDIDATE_ONLY_NOT_G5_MATCHED,False,False,False,0
114,85663,79851,OSBC,2015-01-21,CANDIDATE_ONLY_NOT_G5_MATCHED,False,False,False,0
114,85663,85789,BXS,2015-01-21,CANDIDATE_ONLY_NOT_G5_MATCHED,False,False,False,0
114,85663,88367,PCBK,2015-01-21,CANDIDATE_ONLY_NOT_G5_MATCHED,False,False,False,0
114,85663,89643,FCCO,2015-01-21,CANDIDATE_ONLY_NOT_G5_MATCHED,False,False,False,0
114,85663,90303,CNS,2015-01-21,CANDIDATE_ONLY_NOT_G5_MATCHED,False,False,False,0
115,85675,13628,WDAY,2015-02-25,CANDIDATE_ONLY_NOT_G5_MATCHED,False,False,False,0
115,85675,14179,AR,2015-02-25,CANDIDATE_ONLY_NOT_G5_MATCHED,False,False,False,0
115,85675,20750,CWT,2015-02-25,CANDIDATE_ONLY_NOT_G5_MATCHED,False,False,False,0
115,85675,24969,AVA,2015-02-25,CANDIDATE_ONLY_NOT_G5_MATCHED,False,False,False,0
115,85675,24985,AEE,2015-02-25,CANDIDATE_ONLY_NOT_G5_MATCHED,False,False,False,0
115,85675,25099,TEG,2015-02-25,CANDIDATE_ONLY_NOT_G5_MATCHED,False,False,False,0
115,85675,31500,EV,2015-02-25,CANDIDATE_ONLY_NOT_G5_MATCHED,False,False,False,0
115,85675,33532,ESCA,2015-02-25,CANDIDATE_ONLY_NOT_G5_MATCHED,False,False,False,0
115,85675,61188,SWX,2015-02-25,CANDIDATE_ONLY_NOT_G5_MATCHED,False,False,False,0
115,85675,61399,LOW,2015-02-25,CANDIDATE_ONLY_NOT_G5_MATCHED,False,False,False,0
115,85675,64282,LB,2015-02-25,CANDIDATE_ONLY_NOT_G5_MATCHED,False,False,False,0
115,85675,72304,STAA,2015-02-25,CANDIDATE_ONLY_NOT_G5_MATCHED,False,False,False,0
115,85675,75320,USM,2015-02-25,CANDIDATE_ONLY_NOT_G5_MATCHED,False,False,False,0
115,85675,75526,AFAM,2015-02-25,CANDIDATE_ONLY_NOT_G5_MATCHED,False,False,False,0
115,85675,76732,DIN,2015-02-25,CANDIDATE_ONLY_NOT_G5_MATCHED,False,False,False,0
115,85675,77897,ISLE,2015-02-25,CANDIDATE_ONLY_NOT_G5_MATCHED,False,False,False,0
115,85675,78211,UVE,2015-02-25,CANDIDATE_ONLY_NOT_G5_MATCHED,False,False,False,0
115,85675,79507,MCRI,2015-02-25,CANDIDATE_ONLY_NOT_G5_MATCHED,False,False,False,0
115,85675,83856,CSV,2015-02-25,CANDIDATE_ONLY_NOT_G5_MATCHED,False,False,False,0
115,85675,85372,FARO,2015-02-25,CANDIDATE_ONLY_NOT_G5_MATCHED,False,False,False,0
115,85675,89297,CCOI,2015-02-25,CANDIDATE_ONLY_NOT_G5_MATCHED,False,False,False,0
115,85675,90215,CRM,2015-02-25,CANDIDATE_ONLY_NOT_G5_MATCHED,False,False,False,0
115,85675,90494,BBG,2015-02-25,CANDIDATE_ONLY_NOT_G5_MATCHED,False,False,False,0
115,85675,91141,MDVN,2015-02-25,CANDIDATE_ONLY_NOT_G5_MATCHED,False,False,False,0
115,85675,91498,EHTH,2015-02-25,CANDIDATE_ONLY_NOT_G5_MATCHED,False,False,False,0
115,85675,91965,OREX,2015-02-25,CANDIDATE_ONLY_NOT_G5_MATCHED,False,False,False,0
115,85675,92400,LL,2015-02-25,CANDIDATE_ONLY_NOT_G5_MATCHED,False,False,False,0
115,85675,92775,TREE,2015-02-25,CANDIDATE_ONLY_NOT_G5_MATCHED,False,False,False,0
115,85675,93420,OAS,2015-02-25,CANDIDATE_ONLY_NOT_G5_MATCHED,False,False,False,0
115,85675,93428,BSFT,2015-02-25,CANDIDATE_ONLY_NOT_G5_MATCHED,False,False,False,0
116,85710,12052,GD,2015-04-29,CANDIDATE_ONLY_NOT_G5_MATCHED,False,False,False,0
116,85710,12758,ECOL,2015-04-29,CANDIDATE_ONLY_NOT_G5_MATCHED,False,False,False,0
116,85710,13318,YELP,2015-04-29,CANDIDATE_ONLY_NOT_G5_MATCHED,False,False,False,0
116,85710,13577,HY,2015-04-29,CANDIDATE_ONLY_NOT_G5_MATCHED,False,False,False,0
116,85710,13688,PCG,2015-04-29,CANDIDATE_ONLY_NOT_G5_MATCHED,False,False,False,0
116,85710,14179,AR,2015-04-29,CANDIDATE_ONLY_NOT_G5_MATCHED,False,False,False,0
116,85710,14392,EPE,2015-04-29,CANDIDATE_ONLY_NOT_G5_MATCHED,False,False,False,0
116,85710,14401,OGS,2015-04-29,CANDIDATE_ONLY_NOT_G5_MATCHED,False,False,False,0
116,85710,14567,GRUB,2015-04-29,CANDIDATE_ONLY_NOT_G5_MATCHED,False,False,False,0
116,85710,14573,LQ,2015-04-29,CANDIDATE_ONLY_NOT_G5_MATCHED,False,False,False,0
116,85710,14761,TREC,2015-04-29,CANDIDATE_ONLY_NOT_G5_MATCHED,False,False,False,0
116,85710,16432,GT,2015-04-29,CANDIDATE_ONLY_NOT_G5_MATCHED,False,False,False,0
116,85710,18411,SO,2015-04-29,CANDIDATE_ONLY_NOT_G5_MATCHED,False,False,False,0
116,85710,20750,CWT,2015-04-29,CANDIDATE_ONLY_NOT_G5_MATCHED,False,False,False,0
116,85710,21573,IP,2015-04-29,CANDIDATE_ONLY_NOT_G5_MATCHED,False,False,False,0
116,85710,24205,NEE,2015-04-29,CANDIDATE_ONLY_NOT_G5_MATCHED,False,False,False,0
116,85710,24476,COHR,2015-04-29,CANDIDATE_ONLY_NOT_G5_MATCHED,False,False,False,0
116,85710,24766,NOC,2015-04-29,CANDIDATE_ONLY_NOT_G5_MATCHED,False,False,False,0
116,85710,27043,VAR,2015-04-29,CANDIDATE_ONLY_NOT_G5_MATCHED,False,False,False,0
116,85710,27888,CFR,2015-04-29,CANDIDATE_ONLY_NOT_G5_MATCHED,False,False,False,0
116,85710,32540,ELX,2015-04-29,CANDIDATE_ONLY_NOT_G5_MATCHED,False,False,False,0
116,85710,36003,ROL,2015-04-29,CANDIDATE_ONLY_NOT_G5_MATCHED,False,False,False,0
116,85710,37584,BEN,2015-04-29,CANDIDATE_ONLY_NOT_G5_MATCHED,False,False,False,0
116,85710,41929,CNW,2015-04-29,CANDIDATE_ONLY_NOT_G5_MATCHED,False,False,False,0
116,85710,44768,TILE,2015-04-29,CANDIDATE_ONLY_NOT_G5_MATCHED,False,False,False,0
116,85710,51625,SCI,2015-04-29,CANDIDATE_ONLY_NOT_G5_MATCHED,False,False,False,0
116,85710,55212,SPW,2015-04-29,CANDIDATE_ONLY_NOT_G5_MATCHED,False,False,False,0
116,85710,59045,KEX,2015-04-29,CANDIDATE_ONLY_NOT_G5_MATCHED,False,False,False,0
116,85710,63079,KEG,2015-04-29,CANDIDATE_ONLY_NOT_G5_MATCHED,False,False,False,0
116,85710,64311,NSC,2015-04-29,CANDIDATE_ONLY_NOT_G5_MATCHED,False,False,False,0
116,85710,64929,KWR,2015-04-29,CANDIDATE_ONLY_NOT_G5_MATCHED,False,False,False,0
116,85710,66683,RES,2015-04-29,CANDIDATE_ONLY_NOT_G5_MATCHED,False,False,False,0
116,85710,68292,SIGI,2015-04-29,CANDIDATE_ONLY_NOT_G5_MATCHED,False,False,False,0
116,85710,72304,STAA,2015-04-29,CANDIDATE_ONLY_NOT_G5_MATCHED,False,False,False,0
116,85710,76095,HOLX,2015-04-29,CANDIDATE_ONLY_NOT_G5_MATCHED,False,False,False,0
116,85710,76215,ICON,2015-04-29,CANDIDATE_ONLY_NOT_G5_MATCHED,False,False,False,0
116,85710,79564,ARRS,2015-04-29,CANDIDATE_ONLY_NOT_G5_MATCHED,False,False,False,0
116,85710,81584,CBZ,2015-04-29,CANDIDATE_ONLY_NOT_G5_MATCHED,False,False,False,0
116,85710,82607,PRXL,2015-04-29,CANDIDATE_ONLY_NOT_G5_MATCHED,False,False,False,0
116,85710,82634,SAM,2015-04-29,CANDIDATE_ONLY_NOT_G5_MATCHED,False,False,False,0
116,85710,85013,INTT,2015-04-29,CANDIDATE_ONLY_NOT_G5_MATCHED,False,False,False,0
116,85710,85257,AME,2015-04-29,CANDIDATE_ONLY_NOT_G5_MATCHED,False,False,False,0
116,85710,85349,MTOR,2015-04-29,CANDIDATE_ONLY_NOT_G5_MATCHED,False,False,False,0
116,85710,85511,GEVA,2015-04-29,CANDIDATE_ONLY_NOT_G5_MATCHED,False,False,False,0
116,85710,85913,MAR,2015-04-29,CANDIDATE_ONLY_NOT_G5_MATCHED,False,False,False,0
116,85710,85991,LVLT,2015-04-29,CANDIDATE_ONLY_NOT_G5_MATCHED,False,False,False,0
116,85710,86582,STL,2015-04-29,CANDIDATE_ONLY_NOT_G5_MATCHED,False,False,False,0
116,85710,86820,CFFN,2015-04-29,CANDIDATE_ONLY_NOT_G5_MATCHED,False,False,False,0
116,85710,87070,HCBK,2015-04-29,CANDIDATE_ONLY_NOT_G5_MATCHED,False,False,False,0
116,85710,87364,QUIK,2015-04-29,CANDIDATE_ONLY_NOT_G5_MATCHED,False,False,False,0
116,85710,87487,BGCP,2015-04-29,CANDIDATE_ONLY_NOT_G5_MATCHED,False,False,False,0
116,85710,87612,ISIL,2015-04-29,CANDIDATE_ONLY_NOT_G5_MATCHED,False,False,False,0
116,85710,88367,PCBK,2015-04-29,CANDIDATE_ONLY_NOT_G5_MATCHED,False,False,False,0
116,85710,88542,LTRX,2015-04-29,CANDIDATE_ONLY_NOT_G5_MATCHED,False,False,False,0
116,85710,88895,MPX,2015-04-29,CANDIDATE_ONLY_NOT_G5_MATCHED,False,False,False,0
116,85710,89006,MDLZ,2015-04-29,CANDIDATE_ONLY_NOT_G5_MATCHED,False,False,False,0
116,85710,89440,NBBC,2015-04-29,CANDIDATE_ONLY_NOT_G5_MATCHED,False,False,False,0
116,85710,89506,SAIA,2015-04-29,CANDIDATE_ONLY_NOT_G5_MATCHED,False,False,False,0
116,85710,89753,FORM,2015-04-29,CANDIDATE_ONLY_NOT_G5_MATCHED,False,False,False,0
116,85710,89841,CNO,2015-04-29,CANDIDATE_ONLY_NOT_G5_MATCHED,False,False,False,0
116,85710,90067,HOS,2015-04-29,CANDIDATE_ONLY_NOT_G5_MATCHED,False,False,False,0
116,85710,90478,CSCD,2015-04-29,CANDIDATE_ONLY_NOT_G5_MATCHED,False,False,False,0
116,85710,90608,INUV,2015-04-29,CANDIDATE_ONLY_NOT_G5_MATCHED,False,False,False,0
116,85710,90742,SGI,2015-04-29,CANDIDATE_ONLY_NOT_G5_MATCHED,False,False,False,0
116,85710,90825,ACCO,2015-04-29,CANDIDATE_ONLY_NOT_G5_MATCHED,False,False,False,0
116,85710,91594,SPR,2015-04-29,CANDIDATE_ONLY_NOT_G5_MATCHED,False,False,False,0
116,85710,92034,CAVM,2015-04-29,CANDIDATE_ONLY_NOT_G5_MATCHED,False,False,False,0
116,85710,92172,DHX,2015-04-29,CANDIDATE_ONLY_NOT_G5_MATCHED,False,False,False,0
116,85710,92400,LL,2015-04-29,CANDIDATE_ONLY_NOT_G5_MATCHED,False,False,False,0
116,85710,92852,LOPE,2015-04-29,CANDIDATE_ONLY_NOT_G5_MATCHED,False,False,False,0
116,85710,93175,KRA,2015-04-29,CANDIDATE_ONLY_NOT_G5_MATCHED,False,False,False,0
117,85753,10252,INDB,2013-04-25,CANDIDATE_ONLY_NOT_G5_MATCHED,False,False,False,0
117,85753,10517,AAN,2013-04-25,CANDIDATE_ONLY_NOT_G5_MATCHED,False,False,False,0
117,85753,10530,VIVO,2013-04-25,CANDIDATE_ONLY_NOT_G5_MATCHED,False,False,False,0
117,85753,10693,HLS,2013-04-25,CANDIDATE_ONLY_NOT_G5_MATCHED,False,False,False,0
117,85753,11369,UBSI,2013-04-25,CANDIDATE_ONLY_NOT_G5_MATCHED,False,False,False,0
117,85753,11552,CELG,2013-04-25,CANDIDATE_ONLY_NOT_G5_MATCHED,False,False,False,0
117,85753,11786,SIVB,2013-04-25,CANDIDATE_ONLY_NOT_G5_MATCHED,False,False,False,0
117,85753,11850,XOM,2013-04-25,CANDIDATE_ONLY_NOT_G5_MATCHED,False,False,False,0
117,85753,11896,MXIM,2013-04-25,CANDIDATE_ONLY_NOT_G5_MATCHED,False,False,False,0
117,85753,12036,GMT,2013-04-25,CANDIDATE_ONLY_NOT_G5_MATCHED,False,False,False,0
117,85753,12682,TMS,2013-04-25,CANDIDATE_ONLY_NOT_G5_MATCHED,False,False,False,0
117,85753,12905,SXC,2013-04-25,CANDIDATE_ONLY_NOT_G5_MATCHED,False,False,False,0
117,85753,12914,DNKN,2013-04-25,CANDIDATE_ONLY_NOT_G5_MATCHED,False,False,False,0
117,85753,13085,VAC,2013-04-25,CANDIDATE_ONLY_NOT_G5_MATCHED,False,False,False,0
117,85753,13249,PRLB,2013-04-25,CANDIDATE_ONLY_NOT_G5_MATCHED,False,False,False,0
117,85753,13263,CEMP,2013-04-25,CANDIDATE_ONLY_NOT_G5_MATCHED,False,False,False,0
117,85753,13337,FET,2013-04-25,CANDIDATE_ONLY_NOT_G5_MATCHED,False,False,False,0
117,85753,13610,OLN,2013-04-25,CANDIDATE_ONLY_NOT_G5_MATCHED,False,False,False,0
117,85753,13901,MO,2013-04-25,CANDIDATE_ONLY_NOT_G5_MATCHED,False,False,False,0
117,85753,13928,COP,2013-04-25,CANDIDATE_ONLY_NOT_G5_MATCHED,False,False,False,0
117,85753,16600,HSY,2013-04-25,CANDIDATE_ONLY_NOT_G5_MATCHED,False,False,False,0
117,85753,18649,BCO,2013-04-25,CANDIDATE_ONLY_NOT_G5_MATCHED,False,False,False,0
117,85753,18729,CL,2013-04-25,CANDIDATE_ONLY_NOT_G5_MATCHED,False,False,False,0
117,85753,19393,BMY,2013-04-25,CANDIDATE_ONLY_NOT_G5_MATCHED,False,False,False,0
117,85753,20618,CRS,2013-04-25,CANDIDATE_ONLY_NOT_G5_MATCHED,False,False,False,0
117,85753,22592,MMM,2013-04-25,CANDIDATE_ONLY_NOT_G5_MATCHED,False,False,False,0
117,85753,23085,SCG,2013-04-25,CANDIDATE_ONLY_NOT_G5_MATCHED,False,False,False,0
117,85753,23229,CMS,2013-04-25,CANDIDATE_ONLY_NOT_G5_MATCHED,False,False,False,0
117,85753,23473,CINF,2013-04-25,CANDIDATE_ONLY_NOT_G5_MATCHED,False,False,False,0
117,85753,24010,ETR,2013-04-25,CANDIDATE_ONLY_NOT_G5_MATCHED,False,False,False,0
117,85753,24328,EQT,2013-04-25,CANDIDATE_ONLY_NOT_G5_MATCHED,False,False,False,0
117,85753,24942,RTN,2013-04-25,CANDIDATE_ONLY_NOT_G5_MATCHED,False,False,False,0
117,85753,27684,AVT,2013-04-25,CANDIDATE_ONLY_NOT_G5_MATCHED,False,False,False,0
117,85753,28804,ALK,2013-04-25,CANDIDATE_ONLY_NOT_G5_MATCHED,False,False,False,0
117,85753,34673,NR,2013-04-25,CANDIDATE_ONLY_NOT_G5_MATCHED,False,False,False,0
117,85753,34833,OXY,2013-04-25,CANDIDATE_ONLY_NOT_G5_MATCHED,False,False,False,0
117,85753,42200,PKI,2013-04-25,CANDIDATE_ONLY_NOT_G5_MATCHED,False,False,False,0
117,85753,42796,MDP,2013-04-25,CANDIDATE_ONLY_NOT_G5_MATCHED,False,False,False,0
117,85753,43350,SWK,2013-04-25,CANDIDATE_ONLY_NOT_G5_MATCHED,False,False,False,0
117,85753,43772,BMS,2013-04-25,CANDIDATE_ONLY_NOT_G5_MATCHED,False,False,False,0
117,85753,44134,KMT,2013-04-25,CANDIDATE_ONLY_NOT_G5_MATCHED,False,False,False,0
117,85753,45277,IGT,2013-04-25,CANDIDATE_ONLY_NOT_G5_MATCHED,False,False,False,0
117,85753,45728,IVC,2013-04-25,CANDIDATE_ONLY_NOT_G5_MATCHED,False,False,False,0
117,85753,45911,SWKS,2013-04-25,CANDIDATE_ONLY_NOT_G5_MATCHED,False,False,False,0
117,85753,46340,SFE,2013-04-25,CANDIDATE_ONLY_NOT_G5_MATCHED,False,False,False,0
117,85753,46886,KLAC,2013-04-25,CANDIDATE_ONLY_NOT_G5_MATCHED,False,False,False,0
117,85753,47466,NYT,2013-04-25,CANDIDATE_ONLY_NOT_G5_MATCHED,False,False,False,0
117,85753,48523,LANC,2013-04-25,CANDIDATE_ONLY_NOT_G5_MATCHED,False,False,False,0
117,85753,48961,LAWS,2013-04-25,CANDIDATE_ONLY_NOT_G5_MATCHED,False,False,False,0
117,85753,50017,RRC,2013-04-25,CANDIDATE_ONLY_NOT_G5_MATCHED,False,False,False,0
117,85753,53480,MCRS,2013-04-25,CANDIDATE_ONLY_NOT_G5_MATCHED,False,False,False,0
117,85753,53640,MSCC,2013-04-25,CANDIDATE_ONLY_NOT_G5_MATCHED,False,False,False,0
117,85753,54148,PHM,2013-04-25,CANDIDATE_ONLY_NOT_G5_MATCHED,False,False,False,0
117,85753,55597,MTRN,2013-04-25,CANDIDATE_ONLY_NOT_G5_MATCHED,False,False,False,0
117,85753,56040,NAFC,2013-04-25,CANDIDATE_ONLY_NOT_G5_MATCHED,False,False,False,0
117,85753,57568,BLL,2013-04-25,CANDIDATE_ONLY_NOT_G5_MATCHED,False,False,False,0
117,85753,58683,LUV,2013-04-25,CANDIDATE_ONLY_NOT_G5_MATCHED,False,False,False,0
117,85753,59192,CB,2013-04-25,CANDIDATE_ONLY_NOT_G5_MATCHED,False,False,False,0
117,85753,59396,ORI,2013-04-25,CANDIDATE_ONLY_NOT_G5_MATCHED,False,False,False,0
117,85753,60943,LEG,2013-04-25,CANDIDATE_ONLY_NOT_G5_MATCHED,False,False,False,0
117,85753,61496,PATK,2013-04-25,CANDIDATE_ONLY_NOT_G5_MATCHED,False,False,False,0
117,85753,61743,DLX,2013-04-25,CANDIDATE_ONLY_NOT_G5_MATCHED,False,False,False,0
117,85753,61815,NBL,2013-04-25,CANDIDATE_ONLY_NOT_G5_MATCHED,False,False,False,0
117,85753,63079,KEG,2013-04-25,CANDIDATE_ONLY_NOT_G5_MATCHED,False,False,False,0
117,85753,64936,D,2013-04-25,CANDIDATE_ONLY_NOT_G5_MATCHED,False,False,False,0
117,85753,65509,BLC,2013-04-25,CANDIDATE_ONLY_NOT_G5_MATCHED,False,False,False,0
117,85753,69586,SBCF,2013-04-25,CANDIDATE_ONLY_NOT_G5_MATCHED,False,False,False,0
117,85753,70033,HOG,2013-04-25,CANDIDATE_ONLY_NOT_G5_MATCHED,False,False,False,0
117,85753,70500,CCE,2013-04-25,CANDIDATE_ONLY_NOT_G5_MATCHED,False,False,False,0
117,85753,70536,SIAL,2013-04-25,CANDIDATE_ONLY_NOT_G5_MATCHED,False,False,False,0
117,85753,75215,CSH,2013-04-25,CANDIDATE_ONLY_NOT_G5_MATCHED,False,False,False,0
117,85753,75257,TLAB,2013-04-25,CANDIDATE_ONLY_NOT_G5_MATCHED,False,False,False,0
117,85753,75577,ALTR,2013-04-25,CANDIDATE_ONLY_NOT_G5_MATCHED,False,False,False,0
117,85753,75603,CRUS,2013-04-25,CANDIDATE_ONLY_NOT_G5_MATCHED,False,False,False,0
117,85753,75831,DGII,2013-04-25,CANDIDATE_ONLY_NOT_G5_MATCHED,False,False,False,0
117,85753,76224,BHE,2013-04-25,CANDIDATE_ONLY_NOT_G5_MATCHED,False,False,False,0
117,85753,76624,PMCS,2013-04-25,CANDIDATE_ONLY_NOT_G5_MATCHED,False,False,False,0
117,85753,76841,BIIB,2013-04-25,CANDIDATE_ONLY_NOT_G5_MATCHED,False,False,False,0
117,85753,76980,ROCM,2013-04-25,CANDIDATE_ONLY_NOT_G5_MATCHED,False,False,False,0
117,85753,77037,ODFL,2013-04-25,CANDIDATE_ONLY_NOT_G5_MATCHED,False,False,False,0
117,85753,77114,WRLD,2013-04-25,CANDIDATE_ONLY_NOT_G5_MATCHED,False,False,False,0
117,85753,77279,ABAX,2013-04-25,CANDIDATE_ONLY_NOT_G5_MATCHED,False,False,False,0
117,85753,77366,ELY,2013-04-25,CANDIDATE_ONLY_NOT_G5_MATCHED,False,False,False,0
117,85753,77461,VCI,2013-04-25,CANDIDATE_ONLY_NOT_G5_MATCHED,False,False,False,0
117,85753,77605,BSX,2013-04-25,CANDIDATE_ONLY_NOT_G5_MATCHED,False,False,False,0
117,85753,77630,DWCH,2013-04-25,CANDIDATE_ONLY_NOT_G5_MATCHED,False,False,False,0
117,85753,77702,SBUX,2013-04-25,CANDIDATE_ONLY_NOT_G5_MATCHED,False,False,False,0
117,85753,77763,SPN,2013-04-25,CANDIDATE_ONLY_NOT_G5_MATCHED,False,False,False,0
117,85753,78981,LSTR,2013-04-25,CANDIDATE_ONLY_NOT_G5_MATCHED,False,False,False,0
117,85753,78990,DEST,2013-04-25,CANDIDATE_ONLY_NOT_G5_MATCHED,False,False,False,0
117,85753,79133,ATR,2013-04-25,CANDIDATE_ONLY_NOT_G5_MATCHED,False,False,False,0
117,85753,79210,RGA,2013-04-25,CANDIDATE_ONLY_NOT_G5_MATCHED,False,False,False,0
117,85753,79336,LBY,2013-04-25,CANDIDATE_ONLY_NOT_G5_MATCHED,False,False,False,0
117,85753,79545,BWA,2013-04-25,CANDIDATE_ONLY_NOT_G5_MATCHED,False,False,False,0
117,85753,79637,UHS,2013-04-25,CANDIDATE_ONLY_NOT_G5_MATCHED,False,False,False,0
117,85753,79686,DECK,2013-04-25,CANDIDATE_ONLY_NOT_G5_MATCHED,False,False,False,0
117,85753,79857,PTEN,2013-04-25,CANDIDATE_ONLY_NOT_G5_MATCHED,False,False,False,0
117,85753,79909,MHO,2013-04-25,CANDIDATE_ONLY_NOT_G5_MATCHED,False,False,False,0
117,85753,80113,CGI,2013-04-25,CANDIDATE_ONLY_NOT_G5_MATCHED,False,False,False,0
117,85753,80362,SCSC,2013-04-25,CANDIDATE_ONLY_NOT_G5_MATCHED,False,False,False,0
117,85753,80864,RS,2013-04-25,CANDIDATE_ONLY_NOT_G5_MATCHED,False,False,False,0
117,85753,81128,ESI,2013-04-25,CANDIDATE_ONLY_NOT_G5_MATCHED,False,False,False,0
117,85753,81501,NATI,2013-04-25,CANDIDATE_ONLY_NOT_G5_MATCHED,False,False,False,0
117,85753,81540,ABC,2013-04-25,CANDIDATE_ONLY_NOT_G5_MATCHED,False,False,False,0
117,85753,81564,IBKC,2013-04-25,CANDIDATE_ONLY_NOT_G5_MATCHED,False,False,False,0
117,85753,81857,CAM,2013-04-25,CANDIDATE_ONLY_NOT_G5_MATCHED,False,False,False,0
117,85753,81925,GTI,2013-04-25,CANDIDATE_ONLY_NOT_G5_MATCHED,False,False,False,0
117,85753,82298,DO,2013-04-25,CANDIDATE_ONLY_NOT_G5_MATCHED,False,False,False,0
117,85753,82521,RSYS,2013-04-25,CANDIDATE_ONLY_NOT_G5_MATCHED,False,False,False,0
117,85753,82694,EME,2013-04-25,CANDIDATE_ONLY_NOT_G5_MATCHED,False,False,False,0
117,85753,82859,REV,2013-04-25,CANDIDATE_ONLY_NOT_G5_MATCHED,False,False,False,0
117,85753,83111,ALXN,2013-04-25,CANDIDATE_ONLY_NOT_G5_MATCHED,False,False,False,0
117,85753,83186,DST,2013-04-25,CANDIDATE_ONLY_NOT_G5_MATCHED,False,False,False,0
117,85753,83366,CRR,2013-04-25,CANDIDATE_ONLY_NOT_G5_MATCHED,False,False,False,0
117,85753,84103,NCI,2013-04-25,CANDIDATE_ONLY_NOT_G5_MATCHED,False,False,False,0
117,85753,84168,IM,2013-04-25,CANDIDATE_ONLY_NOT_G5_MATCHED,False,False,False,0
117,85753,84788,AMZN,2013-04-25,CANDIDATE_ONLY_NOT_G5_MATCHED,False,False,False,0
117,85753,85173,CSTR,2013-04-25,CANDIDATE_ONLY_NOT_G5_MATCHED,False,False,False,0
117,85753,85257,AME,2013-04-25,CANDIDATE_ONLY_NOT_G5_MATCHED,False,False,False,0
117,85753,85863,COLM,2013-04-25,CANDIDATE_ONLY_NOT_G5_MATCHED,False,False,False,0
117,85753,85953,SOFO,2013-04-25,CANDIDATE_ONLY_NOT_G5_MATCHED,False,False,False,0
117,85753,85991,LVLT,2013-04-25,CANDIDATE_ONLY_NOT_G5_MATCHED,False,False,False,0
117,85753,86021,LLL,2013-04-25,CANDIDATE_ONLY_NOT_G5_MATCHED,False,False,False,0
117,85753,86047,AMKR,2013-04-25,CANDIDATE_ONLY_NOT_G5_MATCHED,False,False,False,0
117,85753,86102,FII,2013-04-25,CANDIDATE_ONLY_NOT_G5_MATCHED,False,False,False,0
117,85753,86128,HZO,2013-04-25,CANDIDATE_ONLY_NOT_G5_MATCHED,False,False,False,0
117,85753,86228,RSG,2013-04-25,CANDIDATE_ONLY_NOT_G5_MATCHED,False,False,False,0
117,85753,86302,HTBK,2013-04-25,CANDIDATE_ONLY_NOT_G5_MATCHED,False,False,False,0
117,85753,86799,CNX,2013-04-25,CANDIDATE_ONLY_NOT_G5_MATCHED,False,False,False,0
117,85753,87006,UTHR,2013-04-25,CANDIDATE_ONLY_NOT_G5_MATCHED,False,False,False,0
117,85753,87179,NTCT,2013-04-25,CANDIDATE_ONLY_NOT_G5_MATCHED,False,False,False,0
117,85753,87236,INAP,2013-04-25,CANDIDATE_ONLY_NOT_G5_MATCHED,False,False,False,0
117,85753,87447,UPS,2013-04-25,CANDIDATE_ONLY_NOT_G5_MATCHED,False,False,False,0
117,85753,87827,WBSN,2013-04-25,CANDIDATE_ONLY_NOT_G5_MATCHED,False,False,False,0
117,85753,88203,VDSI,2013-04-25,CANDIDATE_ONLY_NOT_G5_MATCHED,False,False,False,0
117,85753,88257,PFBX,2013-04-25,CANDIDATE_ONLY_NOT_G5_MATCHED,False,False,False,0
117,85753,88260,PXLW,2013-04-25,CANDIDATE_ONLY_NOT_G5_MATCHED,False,False,False,0
117,85753,88287,DLA,2013-04-25,CANDIDATE_ONLY_NOT_G5_MATCHED,False,False,False,0
117,85753,88564,RTIX,2013-04-25,CANDIDATE_ONLY_NOT_G5_MATCHED,False,False,False,0
117,85753,88615,GB,2013-04-25,CANDIDATE_ONLY_NOT_G5_MATCHED,False,False,False,0
117,85753,89070,ZMH,2013-04-25,CANDIDATE_ONLY_NOT_G5_MATCHED,False,False,False,0
117,85753,89195,PFG,2013-04-25,CANDIDATE_ONLY_NOT_G5_MATCHED,False,False,False,0
117,85753,89213,WOOF,2013-04-25,CANDIDATE_ONLY_NOT_G5_MATCHED,False,False,False,0
117,85753,89290,SYNA,2013-04-25,CANDIDATE_ONLY_NOT_G5_MATCHED,False,False,False,0
117,85753,89332,DDE,2013-04-25,CANDIDATE_ONLY_NOT_G5_MATCHED,False,False,False,0
117,85753,89353,JBLU,2013-04-25,CANDIDATE_ONLY_NOT_G5_MATCHED,False,False,False,0
117,85753,89387,CPSI,2013-04-25,CANDIDATE_ONLY_NOT_G5_MATCHED,False,False,False,0
117,85753,89533,WYNN,2013-04-25,CANDIDATE_ONLY_NOT_G5_MATCHED,False,False,False,0
117,85753,89642,BBNK,2013-04-25,CANDIDATE_ONLY_NOT_G5_MATCHED,False,False,False,0
117,85753,89781,MOH,2013-04-25,CANDIDATE_ONLY_NOT_G5_MATCHED,False,False,False,0
117,85753,89800,NTGR,2013-04-25,CANDIDATE_ONLY_NOT_G5_MATCHED,False,False,False,0
117,85753,89810,GPK,2013-04-25,CANDIDATE_ONLY_NOT_G5_MATCHED,False,False,False,0
117,85753,89876,CRI,2013-04-25,CANDIDATE_ONLY_NOT_G5_MATCHED,False,False,False,0
117,85753,89922,TSRA,2013-04-25,CANDIDATE_ONLY_NOT_G5_MATCHED,False,False,False,0
117,85753,90199,CBG,2013-04-25,CANDIDATE_ONLY_NOT_G5_MATCHED,False,False,False,0
117,85753,90200,CAB,2013-04-25,CANDIDATE_ONLY_NOT_G5_MATCHED,False,False,False,0
117,85753,90210,LTM,2013-04-25,CANDIDATE_ONLY_NOT_G5_MATCHED,False,False,False,0
117,85753,90238,SNMX,2013-04-25,CANDIDATE_ONLY_NOT_G5_MATCHED,False,False,False,0
117,85753,90409,HURN,2013-04-25,CANDIDATE_ONLY_NOT_G5_MATCHED,False,False,False,0
117,85753,90458,NWE,2013-04-25,CANDIDATE_ONLY_NOT_G5_MATCHED,False,False,False,0
117,85753,90536,GFIG,2013-04-25,CANDIDATE_ONLY_NOT_G5_MATCHED,False,False,False,0
117,85753,90550,DLB,2013-04-25,CANDIDATE_ONLY_NOT_G5_MATCHED,False,False,False,0
117,85753,90605,UACL,2013-04-25,CANDIDATE_ONLY_NOT_G5_MATCHED,False,False,False,0
117,85753,90730,HBOS,2013-04-25,CANDIDATE_ONLY_NOT_G5_MATCHED,False,False,False,0
117,85753,90808,EXPE,2013-04-25,CANDIDATE_ONLY_NOT_G5_MATCHED,False,False,False,0
117,85753,90814,HITT,2013-04-25,CANDIDATE_ONLY_NOT_G5_MATCHED,False,False,False,0
117,85753,90831,DRC,2013-04-25,CANDIDATE_ONLY_NOT_G5_MATCHED,False,False,False,0
117,85753,90951,HERO,2013-04-25,CANDIDATE_ONLY_NOT_G5_MATCHED,False,False,False,0
117,85753,91103,UAL,2013-04-25,CANDIDATE_ONLY_NOT_G5_MATCHED,False,False,False,0
117,85753,91349,CLUB,2013-04-25,CANDIDATE_ONLY_NOT_G5_MATCHED,False,False,False,0
117,85753,91579,KBR,2013-04-25,CANDIDATE_ONLY_NOT_G5_MATCHED,False,False,False,0
117,85753,91854,UFS,2013-04-25,CANDIDATE_ONLY_NOT_G5_MATCHED,False,False,False,0
117,85753,91883,TWC,2013-04-25,CANDIDATE_ONLY_NOT_G5_MATCHED,False,False,False,0
117,85753,92029,TRS,2013-04-25,CANDIDATE_ONLY_NOT_G5_MATCHED,False,False,False,0
117,85753,92302,CTCT,2013-04-25,CANDIDATE_ONLY_NOT_G5_MATCHED,False,False,False,0
117,85753,92497,N,2013-04-25,CANDIDATE_ONLY_NOT_G5_MATCHED,False,False,False,0
117,85753,92570,DAN,2013-04-25,CANDIDATE_ONLY_NOT_G5_MATCHED,False,False,False,0
117,85753,92890,MJN,2013-04-25,CANDIDATE_ONLY_NOT_G5_MATCHED,False,False,False,0
117,85753,93101,LEA,2013-04-25,CANDIDATE_ONLY_NOT_G5_MATCHED,False,False,False,0
117,85753,93374,FAF,2013-04-25,CANDIDATE_ONLY_NOT_G5_MATCHED,False,False,False,0
118,85863,12340,TOWR,2015-02-12,CANDIDATE_ONLY_NOT_G5_MATCHED,False,False,False,0
118,85863,12477,WD,2015-02-12,CANDIDATE_ONLY_NOT_G5_MATCHED,False,False,False,0
118,85863,12660,GNC,2015-02-12,CANDIDATE_ONLY_NOT_G5_MATCHED,False,False,False,0
118,85863,13196,RLGT,2015-02-12,CANDIDATE_ONLY_NOT_G5_MATCHED,False,False,False,0
118,85863,13598,KRFT,2015-02-12,CANDIDATE_ONLY_NOT_G5_MATCHED,False,False,False,0
118,85863,13625,SSTK,2015-02-12,CANDIDATE_ONLY_NOT_G5_MATCHED,False,False,False,0
118,85863,17478,MHFI,2015-02-12,CANDIDATE_ONLY_NOT_G5_MATCHED,False,False,False,0
118,85863,26825,K,2015-02-12,CANDIDATE_ONLY_NOT_G5_MATCHED,False,False,False,0
118,85863,34673,NR,2015-02-12,CANDIDATE_ONLY_NOT_G5_MATCHED,False,False,False,0
118,85863,39490,APA,2015-02-12,CANDIDATE_ONLY_NOT_G5_MATCHED,False,False,False,0
118,85863,40416,AVP,2015-02-12,CANDIDATE_ONLY_NOT_G5_MATCHED,False,False,False,0
118,85863,40440,DBD,2015-02-12,CANDIDATE_ONLY_NOT_G5_MATCHED,False,False,False,0
118,85863,41187,HE,2015-02-12,CANDIDATE_ONLY_NOT_G5_MATCHED,False,False,False,0
118,85863,48531,LNCE,2015-02-12,CANDIDATE_ONLY_NOT_G5_MATCHED,False,False,False,0
118,85863,55212,SPW,2015-02-12,CANDIDATE_ONLY_NOT_G5_MATCHED,False,False,False,0
118,85863,70536,SIAL,2015-02-12,CANDIDATE_ONLY_NOT_G5_MATCHED,False,False,False,0
118,85863,76226,CBS,2015-02-12,CANDIDATE_ONLY_NOT_G5_MATCHED,False,False,False,0
118,85863,78977,JAH,2015-02-12,CANDIDATE_ONLY_NOT_G5_MATCHED,False,False,False,0
118,85863,79545,BWA,2015-02-12,CANDIDATE_ONLY_NOT_G5_MATCHED,False,False,False,0
118,85863,79758,BYD,2015-02-12,CANDIDATE_ONLY_NOT_G5_MATCHED,False,False,False,0
118,85863,82307,DVA,2015-02-12,CANDIDATE_ONLY_NOT_G5_MATCHED,False,False,False,0
118,85863,86228,RSG,2015-02-12,CANDIDATE_ONLY_NOT_G5_MATCHED,False,False,False,0
118,85863,86709,AMRI,2015-02-12,CANDIDATE_ONLY_NOT_G5_MATCHED,False,False,False,0
118,85863,88924,FLO,2015-02-12,CANDIDATE_ONLY_NOT_G5_MATCHED,False,False,False,0
118,85863,90110,HSP,2015-02-12,CANDIDATE_ONLY_NOT_G5_MATCHED,False,False,False,0
118,85863,90126,CYTK,2015-02-12,CANDIDATE_ONLY_NOT_G5_MATCHED,False,False,False,0
118,85863,90458,NWE,2015-02-12,CANDIDATE_ONLY_NOT_G5_MATCHED,False,False,False,0
118,85863,90547,ANR,2015-02-12,CANDIDATE_ONLY_NOT_G5_MATCHED,False,False,False,0
118,85863,90775,THS,2015-02-12,CANDIDATE_ONLY_NOT_G5_MATCHED,False,False,False,0
118,85863,91237,VG,2015-02-12,CANDIDATE_ONLY_NOT_G5_MATCHED,False,False,False,0
118,85863,92032,BIOD,2015-02-12,CANDIDATE_ONLY_NOT_G5_MATCHED,False,False,False,0
118,85863,92102,SCOR,2015-02-12,CANDIDATE_ONLY_NOT_G5_MATCHED,False,False,False,0
118,85863,93374,FAF,2015-02-12,CANDIDATE_ONLY_NOT_G5_MATCHED,False,False,False,0
118,85863,93434,SANW,2015-02-12,CANDIDATE_ONLY_NOT_G5_MATCHED,False,False,False,0
119,85863,10302,CY,2015-04-30,CANDIDATE_ONLY_NOT_G5_MATCHED,False,False,False,0
119,85863,10421,SKYW,2015-04-30,CANDIDATE_ONLY_NOT_G5_MATCHED,False,False,False,0
119,85863,10693,HLS,2015-04-30,CANDIDATE_ONLY_NOT_G5_MATCHED,False,False,False,0
119,85863,13085,VAC,2015-04-30,CANDIDATE_ONLY_NOT_G5_MATCHED,False,False,False,0
119,85863,13343,MRC,2015-04-30,CANDIDATE_ONLY_NOT_G5_MATCHED,False,False,False,0
119,85863,13690,RKUS,2015-04-30,CANDIDATE_ONLY_NOT_G5_MATCHED,False,False,False,0
119,85863,13739,BFAM,2015-04-30,CANDIDATE_ONLY_NOT_G5_MATCHED,False,False,False,0
119,85863,13818,PF,2015-04-30,CANDIDATE_ONLY_NOT_G5_MATCHED,False,False,False,0
119,85863,14005,TXTR,2015-04-30,CANDIDATE_ONLY_NOT_G5_MATCHED,False,False,False,0
119,85863,14131,MYCC,2015-04-30,CANDIDATE_ONLY_NOT_G5_MATCHED,False,False,False,0
119,85863,14159,FEYE,2015-04-30,CANDIDATE_ONLY_NOT_G5_MATCHED,False,False,False,0
119,85863,14325,TNDM,2015-04-30,CANDIDATE_ONLY_NOT_G5_MATCHED,False,False,False,0
119,85863,14335,CQH,2015-04-30,CANDIDATE_ONLY_NOT_G5_MATCHED,False,False,False,0
119,85863,14471,TLMR,2015-04-30,CANDIDATE_ONLY_NOT_G5_MATCHED,False,False,False,0
119,85863,14795,TKR,2015-04-30,CANDIDATE_ONLY_NOT_G5_MATCHED,False,False,False,0
119,85863,19721,VVI,2015-04-30,CANDIDATE_ONLY_NOT_G5_MATCHED,False,False,False,0
119,85863,21371,CAH,2015-04-30,CANDIDATE_ONLY_NOT_G5_MATCHED,False,False,False,0
119,85863,21928,IDA,2015-04-30,CANDIDATE_ONLY_NOT_G5_MATCHED,False,False,False,0
119,85863,23085,SCG,2015-04-30,CANDIDATE_ONLY_NOT_G5_MATCHED,False,False,False,0
119,85863,28222,APD,2015-04-30,CANDIDATE_ONLY_NOT_G5_MATCHED,False,False,False,0
119,85863,34673,NR,2015-04-30,CANDIDATE_ONLY_NOT_G5_MATCHED,False,False,False,0
119,85863,38762,NI,2015-04-30,CANDIDATE_ONLY_NOT_G5_MATCHED,False,False,False,0
119,85863,39220,SMP,2015-04-30,CANDIDATE_ONLY_NOT_G5_MATCHED,False,False,False,0
119,85863,40416,AVP,2015-04-30,CANDIDATE_ONLY_NOT_G5_MATCHED,False,False,False,0
119,85863,40440,DBD,2015-04-30,CANDIDATE_ONLY_NOT_G5_MATCHED,False,False,False,0
119,85863,47706,FSS,2015-04-30,CANDIDATE_ONLY_NOT_G5_MATCHED,False,False,False,0
119,85863,48523,LANC,2015-04-30,CANDIDATE_ONLY_NOT_G5_MATCHED,False,False,False,0
119,85863,57568,BLL,2015-04-30,CANDIDATE_ONLY_NOT_G5_MATCHED,False,False,False,0
119,85863,58819,LNT,2015-04-30,CANDIDATE_ONLY_NOT_G5_MATCHED,False,False,False,0
119,85863,60943,LEG,2015-04-30,CANDIDATE_ONLY_NOT_G5_MATCHED,False,False,False,0
119,85863,61496,PATK,2015-04-30,CANDIDATE_ONLY_NOT_G5_MATCHED,False,False,False,0
119,85863,62498,WST,2015-04-30,CANDIDATE_ONLY_NOT_G5_MATCHED,False,False,False,0
119,85863,63335,PES,2015-04-30,CANDIDATE_ONLY_NOT_G5_MATCHED,False,False,False,0
119,85863,72696,SPF,2015-04-30,CANDIDATE_ONLY_NOT_G5_MATCHED,False,False,False,0
119,85863,75714,CLRO,2015-04-30,CANDIDATE_ONLY_NOT_G5_MATCHED,False,False,False,0
119,85863,76230,TRMB,2015-04-30,CANDIDATE_ONLY_NOT_G5_MATCHED,False,False,False,0
119,85863,76461,FHCO,2015-04-30,CANDIDATE_ONLY_NOT_G5_MATCHED,False,False,False,0
119,85863,76732,DIN,2015-04-30,CANDIDATE_ONLY_NOT_G5_MATCHED,False,False,False,0
119,85863,77279,ABAX,2015-04-30,CANDIDATE_ONLY_NOT_G5_MATCHED,False,False,False,0
119,85863,77763,SPN,2015-04-30,CANDIDATE_ONLY_NOT_G5_MATCHED,False,False,False,0
119,85863,78071,BIOL,2015-04-30,CANDIDATE_ONLY_NOT_G5_MATCHED,False,False,False,0
119,85863,78211,UVE,2015-04-30,CANDIDATE_ONLY_NOT_G5_MATCHED,False,False,False,0
119,85863,78903,PEBO,2015-04-30,CANDIDATE_ONLY_NOT_G5_MATCHED,False,False,False,0
119,85863,79198,TWI,2015-04-30,CANDIDATE_ONLY_NOT_G5_MATCHED,False,False,False,0
119,85863,79248,THRM,2015-04-30,CANDIDATE_ONLY_NOT_G5_MATCHED,False,False,False,0
119,85863,79336,LBY,2015-04-30,CANDIDATE_ONLY_NOT_G5_MATCHED,False,False,False,0
119,85863,79571,CASH,2015-04-30,CANDIDATE_ONLY_NOT_G5_MATCHED,False,False,False,0
119,85863,79724,OMG,2015-04-30,CANDIDATE_ONLY_NOT_G5_MATCHED,False,False,False,0
119,85863,79758,BYD,2015-04-30,CANDIDATE_ONLY_NOT_G5_MATCHED,False,False,False,0
119,85863,79879,JDSU,2015-04-30,CANDIDATE_ONLY_NOT_G5_MATCHED,False,False,False,0
119,85863,79903,HHS,2015-04-30,CANDIDATE_ONLY_NOT_G5_MATCHED,False,False,False,0
119,85863,80072,VLY,2015-04-30,CANDIDATE_ONLY_NOT_G5_MATCHED,False,False,False,0
119,85863,80539,NKTR,2015-04-30,CANDIDATE_ONLY_NOT_G5_MATCHED,False,False,False,0
119,85863,82292,THG,2015-04-30,CANDIDATE_ONLY_NOT_G5_MATCHED,False,False,False,0
119,85863,82486,ERIE,2015-04-30,CANDIDATE_ONLY_NOT_G5_MATCHED,False,False,False,0
119,85863,83244,CENX,2015-04-30,CANDIDATE_ONLY_NOT_G5_MATCHED,False,False,False,0
119,85863,83366,CRR,2015-04-30,CANDIDATE_ONLY_NOT_G5_MATCHED,False,False,False,0
119,85863,83534,NBIX,2015-04-30,CANDIDATE_ONLY_NOT_G5_MATCHED,False,False,False,0
119,85863,84723,LNG,2015-04-30,CANDIDATE_ONLY_NOT_G5_MATCHED,False,False,False,0
119,85863,85424,DRQ,2015-04-30,CANDIDATE_ONLY_NOT_G5_MATCHED,False,False,False,0
119,85863,85792,PWR,2015-04-30,CANDIDATE_ONLY_NOT_G5_MATCHED,False,False,False,0
119,85863,85839,NUTR,2015-04-30,CANDIDATE_ONLY_NOT_G5_MATCHED,False,False,False,0
119,85863,86051,AXTI,2015-04-30,CANDIDATE_ONLY_NOT_G5_MATCHED,False,False,False,0
119,85863,86106,EEP,2015-04-30,CANDIDATE_ONLY_NOT_G5_MATCHED,False,False,False,0
119,85863,86544,BCOR,2015-04-30,CANDIDATE_ONLY_NOT_G5_MATCHED,False,False,False,0
119,85863,88379,NTRI,2015-04-30,CANDIDATE_ONLY_NOT_G5_MATCHED,False,False,False,0
119,85863,88574,TSYS,2015-04-30,CANDIDATE_ONLY_NOT_G5_MATCHED,False,False,False,0
119,85863,88597,POL,2015-04-30,CANDIDATE_ONLY_NOT_G5_MATCHED,False,False,False,0
119,85863,88626,DRRX,2015-04-30,CANDIDATE_ONLY_NOT_G5_MATCHED,False,False,False,0
119,85863,89031,TASR,2015-04-30,CANDIDATE_ONLY_NOT_G5_MATCHED,False,False,False,0
119,85863,89070,ZMH,2015-04-30,CANDIDATE_ONLY_NOT_G5_MATCHED,False,False,False,0
119,85863,89110,OMCL,2015-04-30,CANDIDATE_ONLY_NOT_G5_MATCHED,False,False,False,0
119,85863,89626,CME,2015-04-30,CANDIDATE_ONLY_NOT_G5_MATCHED,False,False,False,0
119,85863,89905,CALD,2015-04-30,CANDIDATE_ONLY_NOT_G5_MATCHED,False,False,False,0
119,85863,89973,UTI,2015-04-30,CANDIDATE_ONLY_NOT_G5_MATCHED,False,False,False,0
119,85863,90238,SNMX,2015-04-30,CANDIDATE_ONLY_NOT_G5_MATCHED,False,False,False,0
119,85863,90374,DWA,2015-04-30,CANDIDATE_ONLY_NOT_G5_MATCHED,False,False,False,0
119,85863,90386,MOS,2015-04-30,CANDIDATE_ONLY_NOT_G5_MATCHED,False,False,False,0
119,85863,90404,CLMS,2015-04-30,CANDIDATE_ONLY_NOT_G5_MATCHED,False,False,False,0
119,85863,90558,HUN,2015-04-30,CANDIDATE_ONLY_NOT_G5_MATCHED,False,False,False,0
119,85863,90786,ITC,2015-04-30,CANDIDATE_ONLY_NOT_G5_MATCHED,False,False,False,0
119,85863,90808,EXPE,2015-04-30,CANDIDATE_ONLY_NOT_G5_MATCHED,False,False,False,0
119,85863,90952,ISBC,2015-04-30,CANDIDATE_ONLY_NOT_G5_MATCHED,False,False,False,0
119,85863,90978,SPWR,2015-04-30,CANDIDATE_ONLY_NOT_G5_MATCHED,False,False,False,0
119,85863,91041,LYV,2015-04-30,CANDIDATE_ONLY_NOT_G5_MATCHED,False,False,False,0
119,85863,91063,VIAB,2015-04-30,CANDIDATE_ONLY_NOT_G5_MATCHED,False,False,False,0
119,85863,91814,ARAY,2015-04-30,CANDIDATE_ONLY_NOT_G5_MATCHED,False,False,False,0
119,85863,91854,UFS,2015-04-30,CANDIDATE_ONLY_NOT_G5_MATCHED,False,False,False,0
119,85863,92050,PODD,2015-04-30,CANDIDATE_ONLY_NOT_G5_MATCHED,False,False,False,0
119,85863,92326,CVI,2015-04-30,CANDIDATE_ONLY_NOT_G5_MATCHED,False,False,False,0
119,85863,92611,V,2015-04-30,CANDIDATE_ONLY_NOT_G5_MATCHED,False,False,False,0
119,85863,92894,HTWR,2015-04-30,CANDIDATE_ONLY_NOT_G5_MATCHED,False,False,False,0
119,85863,92924,DGI,2015-04-30,CANDIDATE_ONLY_NOT_G5_MATCHED,False,False,False,0
119,85863,93035,SEM,2015-04-30,CANDIDATE_ONLY_NOT_G5_MATCHED,False,False,False,0
119,85863,93073,ADUS,2015-04-30,CANDIDATE_ONLY_NOT_G5_MATCHED,False,False,False,0
120,86949,10138,TROW,2015-04-22,CANDIDATE_ONLY_NOT_G5_MATCHED,False,False,False,0
120,86949,10147,EMC,2015-04-22,CANDIDATE_ONLY_NOT_G5_MATCHED,False,False,False,0
120,86949,11547,CNMD,2015-04-22,CANDIDATE_ONLY_NOT_G5_MATCHED,False,False,False,0
120,86949,13407,FB,2015-04-22,CANDIDATE_ONLY_NOT_G5_MATCHED,False,False,False,0
120,86949,15579,TXN,2015-04-22,CANDIDATE_ONLY_NOT_G5_MATCHED,False,False,False,0
120,86949,16126,AZZ,2015-04-22,CANDIDATE_ONLY_NOT_G5_MATCHED,False,False,False,0
120,86949,19561,BA,2015-04-22,CANDIDATE_ONLY_NOT_G5_MATCHED,False,False,False,0
120,86949,20482,ABT,2015-04-22,CANDIDATE_ONLY_NOT_G5_MATCHED,False,False,False,0
120,86949,35124,CLGX,2015-04-22,CANDIDATE_ONLY_NOT_G5_MATCHED,False,False,False,0
120,86949,38659,GNTX,2015-04-22,CANDIDATE_ONLY_NOT_G5_MATCHED,False,False,False,0
120,86949,42439,HNI,2015-04-22,CANDIDATE_ONLY_NOT_G5_MATCHED,False,False,False,0
120,86949,43449,MCD,2015-04-22,CANDIDATE_ONLY_NOT_G5_MATCHED,False,False,False,0
120,86949,49656,BK,2015-04-22,CANDIDATE_ONLY_NOT_G5_MATCHED,False,False,False,0
120,86949,52476,EFX,2015-04-22,CANDIDATE_ONLY_NOT_G5_MATCHED,False,False,False,0
120,86949,58975,OII,2015-04-22,CANDIDATE_ONLY_NOT_G5_MATCHED,False,False,False,0
120,86949,62308,TMK,2015-04-22,CANDIDATE_ONLY_NOT_G5_MATCHED,False,False,False,0
120,86949,68196,SEIC,2015-04-22,CANDIDATE_ONLY_NOT_G5_MATCHED,False,False,False,0
120,86949,76201,XLNX,2015-04-22,CANDIDATE_ONLY_NOT_G5_MATCHED,False,False,False,0
120,86949,76282,AN,2015-04-22,CANDIDATE_ONLY_NOT_G5_MATCHED,False,False,False,0
120,86949,76504,CATY,2015-04-22,CANDIDATE_ONLY_NOT_G5_MATCHED,False,False,False,0
120,86949,76515,CVA,2015-04-22,CANDIDATE_ONLY_NOT_G5_MATCHED,False,False,False,0
120,86949,77178,QCOM,2015-04-22,CANDIDATE_ONLY_NOT_G5_MATCHED,False,False,False,0
120,86949,78044,UFI,2015-04-22,CANDIDATE_ONLY_NOT_G5_MATCHED,False,False,False,0
120,86949,79303,USTR,2015-04-22,CANDIDATE_ONLY_NOT_G5_MATCHED,False,False,False,0
120,86949,79507,MCRI,2015-04-22,CANDIDATE_ONLY_NOT_G5_MATCHED,False,False,False,0
120,86949,79796,AF,2015-04-22,CANDIDATE_ONLY_NOT_G5_MATCHED,False,False,False,0
120,86949,79851,OSBC,2015-04-22,CANDIDATE_ONLY_NOT_G5_MATCHED,False,False,False,0
120,86949,80128,VMI,2015-04-22,CANDIDATE_ONLY_NOT_G5_MATCHED,False,False,False,0
120,86949,80286,TSCO,2015-04-22,CANDIDATE_ONLY_NOT_G5_MATCHED,False,False,False,0
120,86949,81564,IBKC,2015-04-22,CANDIDATE_ONLY_NOT_G5_MATCHED,False,False,False,0
120,86949,83462,TUP,2015-04-22,CANDIDATE_ONLY_NOT_G5_MATCHED,False,False,False,0
120,86949,84319,LAD,2015-04-22,CANDIDATE_ONLY_NOT_G5_MATCHED,False,False,False,0
120,86949,85860,BRKL,2015-04-22,CANDIDATE_ONLY_NOT_G5_MATCHED,False,False,False,0
120,86949,88195,SGMO,2015-04-22,CANDIDATE_ONLY_NOT_G5_MATCHED,False,False,False,0
120,86949,89643,FCCO,2015-04-22,CANDIDATE_ONLY_NOT_G5_MATCHED,False,False,False,0
120,86949,90455,MPWR,2015-04-22,CANDIDATE_ONLY_NOT_G5_MATCHED,False,False,False,0
120,86949,90505,LVS,2015-04-22,CANDIDATE_ONLY_NOT_G5_MATCHED,False,False,False,0
120,86949,90708,MORN,2015-04-22,CANDIDATE_ONLY_NOT_G5_MATCHED,False,False,False,0
120,86949,90783,FTK,2015-04-22,CANDIDATE_ONLY_NOT_G5_MATCHED,False,False,False,0
120,86949,91531,OC,2015-04-22,CANDIDATE_ONLY_NOT_G5_MATCHED,False,False,False,0
120,86949,91659,ALGT,2015-04-22,CANDIDATE_ONLY_NOT_G5_MATCHED,False,False,False,0
120,86949,93423,SIX,2015-04-22,CANDIDATE_ONLY_NOT_G5_MATCHED,False,False,False,0
121,86979,10299,LLTC,2011-04-19,CANDIDATE_ONLY_NOT_G5_MATCHED,False,False,False,0
121,86979,12490,IBM,2011-04-19,CANDIDATE_ONLY_NOT_G5_MATCHED,False,False,False,0
121,86979,17726,CCK,2011-04-19,CANDIDATE_ONLY_NOT_G5_MATCHED,False,False,False,0
121,86979,20248,CPY,2011-04-19,CANDIDATE_ONLY_NOT_G5_MATCHED,False,False,False,0
121,86979,22111,JNJ,2011-04-19,CANDIDATE_ONLY_NOT_G5_MATCHED,False,False,False,0
121,86979,25081,CMA,2011-04-19,CANDIDATE_ONLY_NOT_G5_MATCHED,False,False,False,0
121,86979,30681,OMC,2011-04-19,CANDIDATE_ONLY_NOT_G5_MATCHED,False,False,False,0
121,86979,35044,RF,2011-04-19,CANDIDATE_ONLY_NOT_G5_MATCHED,False,False,False,0
121,86979,42286,WWW,2011-04-19,CANDIDATE_ONLY_NOT_G5_MATCHED,False,False,False,0
121,86979,45241,FRX,2011-04-19,CANDIDATE_ONLY_NOT_G5_MATCHED,False,False,False,0
121,86979,49656,BK,2011-04-19,CANDIDATE_ONLY_NOT_G5_MATCHED,False,False,False,0
121,86979,58246,NTRS,2011-04-19,CANDIDATE_ONLY_NOT_G5_MATCHED,False,False,False,0
121,86979,59328,INTC,2011-04-19,CANDIDATE_ONLY_NOT_G5_MATCHED,False,False,False,0
121,86979,59600,TWIN,2011-04-19,CANDIDATE_ONLY_NOT_G5_MATCHED,False,False,False,0
121,86979,60506,PCAR,2011-04-19,CANDIDATE_ONLY_NOT_G5_MATCHED,False,False,False,0
121,86979,62148,CSX,2011-04-19,CANDIDATE_ONLY_NOT_G5_MATCHED,False,False,False,0
121,86979,65402,AOS,2011-04-19,CANDIDATE_ONLY_NOT_G5_MATCHED,False,False,False,0
121,86979,66157,USB,2011-04-19,CANDIDATE_ONLY_NOT_G5_MATCHED,False,False,False,0
121,86979,70033,HOG,2011-04-19,CANDIDATE_ONLY_NOT_G5_MATCHED,False,False,False,0
121,86979,72726,STT,2011-04-19,CANDIDATE_ONLY_NOT_G5_MATCHED,False,False,False,0
121,86979,77526,RNST,2011-04-19,CANDIDATE_ONLY_NOT_G5_MATCHED,False,False,False,0
121,86979,78009,SBIB,2011-04-19,CANDIDATE_ONLY_NOT_G5_MATCHED,False,False,False,0
121,86979,78875,CREE,2011-04-19,CANDIDATE_ONLY_NOT_G5_MATCHED,False,False,False,0
121,86979,79859,NYB,2011-04-19,CANDIDATE_ONLY_NOT_G5_MATCHED,False,False,False,0
121,86979,80191,ALB,2011-04-19,CANDIDATE_ONLY_NOT_G5_MATCHED,False,False,False,0
121,86979,83186,DST,2011-04-19,CANDIDATE_ONLY_NOT_G5_MATCHED,False,False,False,0
121,86979,83272,HUBG,2011-04-19,CANDIDATE_ONLY_NOT_G5_MATCHED,False,False,False,0
121,86979,83435,YHOO,2011-04-19,CANDIDATE_ONLY_NOT_G5_MATCHED,False,False,False,0
121,86979,85663,URI,2011-04-19,CANDIDATE_ONLY_NOT_G5_MATCHED,False,False,False,0
121,86979,86868,GS,2011-04-19,CANDIDATE_ONLY_NOT_G5_MATCHED,False,False,False,0
121,86979,88475,VASC,2011-04-19,CANDIDATE_ONLY_NOT_G5_MATCHED,False,False,False,0
121,86979,88991,BTU,2011-04-19,CANDIDATE_ONLY_NOT_G5_MATCHED,False,False,False,0
121,86979,89533,WYNN,2011-04-19,CANDIDATE_ONLY_NOT_G5_MATCHED,False,False,False,0
121,86979,89849,JRN,2011-04-19,CANDIDATE_ONLY_NOT_G5_MATCHED,False,False,False,0
121,86979,91485,RVBD,2011-04-19,CANDIDATE_ONLY_NOT_G5_MATCHED,False,False,False,0
122,86979,10363,AMAG,2013-04-23,CANDIDATE_ONLY_NOT_G5_MATCHED,False,False,False,0
122,86979,10382,ASTE,2013-04-23,CANDIDATE_ONLY_NOT_G5_MATCHED,False,False,False,0
122,86979,10629,FNB,2013-04-23,CANDIDATE_ONLY_NOT_G5_MATCHED,False,False,False,0
122,86979,10890,UIS,2013-04-23,CANDIDATE_ONLY_NOT_G5_MATCHED,False,False,False,0
122,86979,11442,CHCO,2013-04-23,CANDIDATE_ONLY_NOT_G5_MATCHED,False,False,False,0
122,86979,11703,DD,2013-04-23,CANDIDATE_ONLY_NOT_G5_MATCHED,False,False,False,0
122,86979,14008,AMGN,2013-04-23,CANDIDATE_ONLY_NOT_G5_MATCHED,False,False,False,0
122,86979,14593,AAPL,2013-04-23,CANDIDATE_ONLY_NOT_G5_MATCHED,False,False,False,0
122,86979,15560,RSH,2013-04-23,CANDIDATE_ONLY_NOT_G5_MATCHED,False,False,False,0
122,86979,17743,WRB,2013-04-23,CANDIDATE_ONLY_NOT_G5_MATCHED,False,False,False,0
122,86979,17830,UTX,2013-04-23,CANDIDATE_ONLY_NOT_G5_MATCHED,False,False,False,0
122,86979,20053,SNV,2013-04-23,CANDIDATE_ONLY_NOT_G5_MATCHED,False,False,False,0
122,86979,21178,LMT,2013-04-23,CANDIDATE_ONLY_NOT_G5_MATCHED,False,False,False,0
122,86979,23297,EAT,2013-04-23,CANDIDATE_ONLY_NOT_G5_MATCHED,False,False,False,0
122,86979,27633,R,2013-04-23,CANDIDATE_ONLY_NOT_G5_MATCHED,False,False,False,0
122,86979,27983,XRX,2013-04-23,CANDIDATE_ONLY_NOT_G5_MATCHED,False,False,False,0
122,86979,28222,APD,2013-04-23,CANDIDATE_ONLY_NOT_G5_MATCHED,False,False,False,0
122,86979,28564,CTS,2013-04-23,CANDIDATE_ONLY_NOT_G5_MATCHED,False,False,False,0
122,86979,35044,RF,2013-04-23,CANDIDATE_ONLY_NOT_G5_MATCHED,False,False,False,0
122,86979,35167,FMER,2013-04-23,CANDIDATE_ONLY_NOT_G5_MATCHED,False,False,False,0
122,86979,35263,TRMK,2013-04-23,CANDIDATE_ONLY_NOT_G5_MATCHED,False,False,False,0
122,86979,42534,JCI,2013-04-23,CANDIDATE_ONLY_NOT_G5_MATCHED,False,False,False,0
122,86979,45241,FRX,2013-04-23,CANDIDATE_ONLY_NOT_G5_MATCHED,False,False,False,0
122,86979,46077,AXE,2013-04-23,CANDIDATE_ONLY_NOT_G5_MATCHED,False,False,False,0
122,86979,46877,BCR,2013-04-23,CANDIDATE_ONLY_NOT_G5_MATCHED,False,False,False,0
122,86979,47941,GCI,2013-04-23,CANDIDATE_ONLY_NOT_G5_MATCHED,False,False,False,0
122,86979,52230,RHI,2013-04-23,CANDIDATE_ONLY_NOT_G5_MATCHED,False,False,False,0
122,86979,56573,ITW,2013-04-23,CANDIDATE_ONLY_NOT_G5_MATCHED,False,False,False,0
122,86979,58975,OII,2013-04-23,CANDIDATE_ONLY_NOT_G5_MATCHED,False,False,False,0
122,86979,59600,TWIN,2013-04-23,CANDIDATE_ONLY_NOT_G5_MATCHED,False,False,False,0
122,86979,60186,OMI,2013-04-23,CANDIDATE_ONLY_NOT_G5_MATCHED,False,False,False,0
122,86979,60506,PCAR,2013-04-23,CANDIDATE_ONLY_NOT_G5_MATCHED,False,False,False,0
122,86979,62308,TMK,2013-04-23,CANDIDATE_ONLY_NOT_G5_MATCHED,False,False,False,0
122,86979,64311,NSC,2013-04-23,CANDIDATE_ONLY_NOT_G5_MATCHED,False,False,False,0
122,86979,65402,AOS,2013-04-23,CANDIDATE_ONLY_NOT_G5_MATCHED,False,False,False,0
122,86979,66093,T,2013-04-23,CANDIDATE_ONLY_NOT_G5_MATCHED,False,False,False,0
122,86979,75182,PII,2013-04-23,CANDIDATE_ONLY_NOT_G5_MATCHED,False,False,False,0
122,86979,75326,ACI,2013-04-23,CANDIDATE_ONLY_NOT_G5_MATCHED,False,False,False,0
122,86979,75853,ZIXI,2013-04-23,CANDIDATE_ONLY_NOT_G5_MATCHED,False,False,False,0
122,86979,75906,GSBC,2013-04-23,CANDIDATE_ONLY_NOT_G5_MATCHED,False,False,False,0
122,86979,76234,MOLXA,2013-04-23,CANDIDATE_ONLY_NOT_G5_MATCHED,False,False,False,0
122,86979,76573,MLI,2013-04-23,CANDIDATE_ONLY_NOT_G5_MATCHED,False,False,False,0
122,86979,76639,TSS,2013-04-23,CANDIDATE_ONLY_NOT_G5_MATCHED,False,False,False,0
122,86979,76708,DV,2013-04-23,CANDIDATE_ONLY_NOT_G5_MATCHED,False,False,False,0
122,86979,76709,IDXX,2013-04-23,CANDIDATE_ONLY_NOT_G5_MATCHED,False,False,False,0
122,86979,77271,SPNC,2013-04-23,CANDIDATE_ONLY_NOT_G5_MATCHED,False,False,False,0
122,86979,77528,STBA,2013-04-23,CANDIDATE_ONLY_NOT_G5_MATCHED,False,False,False,0
122,86979,77643,FCF,2013-04-23,CANDIDATE_ONLY_NOT_G5_MATCHED,False,False,False,0
122,86979,78829,UMBF,2013-04-23,CANDIDATE_ONLY_NOT_G5_MATCHED,False,False,False,0
122,86979,78875,CREE,2013-04-23,CANDIDATE_ONLY_NOT_G5_MATCHED,False,False,False,0
122,86979,78903,PEBO,2013-04-23,CANDIDATE_ONLY_NOT_G5_MATCHED,False,False,False,0
122,86979,78908,RCKY,2013-04-23,CANDIDATE_ONLY_NOT_G5_MATCHED,False,False,False,0
122,86979,79037,ETH,2013-04-23,CANDIDATE_ONLY_NOT_G5_MATCHED,False,False,False,0
122,86979,79747,UBSH,2013-04-23,CANDIDATE_ONLY_NOT_G5_MATCHED,False,False,False,0
122,86979,79915,NFX,2013-04-23,CANDIDATE_ONLY_NOT_G5_MATCHED,False,False,False,0
122,86979,80303,AKS,2013-04-23,CANDIDATE_ONLY_NOT_G5_MATCHED,False,False,False,0
122,86979,80498,ABCB,2013-04-23,CANDIDATE_ONLY_NOT_G5_MATCHED,False,False,False,0
122,86979,80569,PULB,2013-04-23,CANDIDATE_ONLY_NOT_G5_MATCHED,False,False,False,0
122,86979,81666,HA,2013-04-23,CANDIDATE_ONLY_NOT_G5_MATCHED,False,False,False,0
122,86979,81678,LECO,2013-04-23,CANDIDATE_ONLY_NOT_G5_MATCHED,False,False,False,0
122,86979,82643,LXK,2013-04-23,CANDIDATE_ONLY_NOT_G5_MATCHED,False,False,False,0
122,86979,82651,WAT,2013-04-23,CANDIDATE_ONLY_NOT_G5_MATCHED,False,False,False,0
122,86979,83405,PLCM,2013-04-23,CANDIDATE_ONLY_NOT_G5_MATCHED,False,False,False,0
122,86979,83503,EXAC,2013-04-23,CANDIDATE_ONLY_NOT_G5_MATCHED,False,False,False,0
122,86979,84010,USNA,2013-04-23,CANDIDATE_ONLY_NOT_G5_MATCHED,False,False,False,0
122,86979,84734,FBC,2013-04-23,CANDIDATE_ONLY_NOT_G5_MATCHED,False,False,False,0
122,86979,85035,RFMD,2013-04-23,CANDIDATE_ONLY_NOT_G5_MATCHED,False,False,False,0
122,86979,85348,YUM,2013-04-23,CANDIDATE_ONLY_NOT_G5_MATCHED,False,False,False,0
122,86979,85627,SAH,2013-04-23,CANDIDATE_ONLY_NOT_G5_MATCHED,False,False,False,0
122,86979,85675,AMSG,2013-04-23,CANDIDATE_ONLY_NOT_G5_MATCHED,False,False,False,0
122,86979,85931,WDR,2013-04-23,CANDIDATE_ONLY_NOT_G5_MATCHED,False,False,False,0
122,86979,85963,BRCM,2013-04-23,CANDIDATE_ONLY_NOT_G5_MATCHED,False,False,False,0
122,86979,86809,SFG,2013-04-23,CANDIDATE_ONLY_NOT_G5_MATCHED,False,False,False,0
122,86979,86896,CBU,2013-04-23,CANDIDATE_ONLY_NOT_G5_MATCHED,False,False,False,0
122,86979,86946,RAI,2013-04-23,CANDIDATE_ONLY_NOT_G5_MATCHED,False,False,False,0
122,86979,88313,JNS,2013-04-23,CANDIDATE_ONLY_NOT_G5_MATCHED,False,False,False,0
122,86979,88661,COH,2013-04-23,CANDIDATE_ONLY_NOT_G5_MATCHED,False,False,False,0
122,86979,88970,SHBI,2013-04-23,CANDIDATE_ONLY_NOT_G5_MATCHED,False,False,False,0
122,86979,89004,FTI,2013-04-23,CANDIDATE_ONLY_NOT_G5_MATCHED,False,False,False,0
122,86979,89269,CNC,2013-04-23,CANDIDATE_ONLY_NOT_G5_MATCHED,False,False,False,0
122,86979,90090,SBNY,2013-04-23,CANDIDATE_ONLY_NOT_G5_MATCHED,False,False,False,0
122,86979,90643,ACW,2013-04-23,CANDIDATE_ONLY_NOT_G5_MATCHED,False,False,False,0
122,86979,90786,ITC,2013-04-23,CANDIDATE_ONLY_NOT_G5_MATCHED,False,False,False,0
122,86979,90893,LCC,2013-04-23,CANDIDATE_ONLY_NOT_G5_MATCHED,False,False,False,0
122,86979,90971,IRBT,2013-04-23,CANDIDATE_ONLY_NOT_G5_MATCHED,False,False,False,0
122,86979,91416,HBI,2013-04-23,CANDIDATE_ONLY_NOT_G5_MATCHED,False,False,False,0
122,86979,91605,CPLA,2013-04-23,CANDIDATE_ONLY_NOT_G5_MATCHED,False,False,False,0
122,86979,91907,SMCI,2013-04-23,CANDIDATE_ONLY_NOT_G5_MATCHED,False,False,False,0
122,86979,91926,DAL,2013-04-23,CANDIDATE_ONLY_NOT_G5_MATCHED,False,False,False,0
122,86979,92121,DFS,2013-04-23,CANDIDATE_ONLY_NOT_G5_MATCHED,False,False,False,0
122,86979,92172,DHX,2013-04-23,CANDIDATE_ONLY_NOT_G5_MATCHED,False,False,False,0
122,86979,93043,HVB,2013-04-23,CANDIDATE_ONLY_NOT_G5_MATCHED,False,False,False,0
122,86979,93150,CIT,2013-04-23,CANDIDATE_ONLY_NOT_G5_MATCHED,False,False,False,0
123,86979,10375,TCB,2013-07-23,CANDIDATE_ONLY_NOT_G5_MATCHED,False,False,False,0
123,86979,10382,ASTE,2013-07-23,CANDIDATE_ONLY_NOT_G5_MATCHED,False,False,False,0
123,86979,10629,FNB,2013-07-23,CANDIDATE_ONLY_NOT_G5_MATCHED,False,False,False,0
123,86979,10890,UIS,2013-07-23,CANDIDATE_ONLY_NOT_G5_MATCHED,False,False,False,0
123,86979,11293,WSBC,2013-07-23,CANDIDATE_ONLY_NOT_G5_MATCHED,False,False,False,0
123,86979,11442,CHCO,2013-07-23,CANDIDATE_ONLY_NOT_G5_MATCHED,False,False,False,0
123,86979,11703,DD,2013-07-23,CANDIDATE_ONLY_NOT_G5_MATCHED,False,False,False,0
123,86979,13901,MO,2013-07-23,CANDIDATE_ONLY_NOT_G5_MATCHED,False,False,False,0
123,86979,14593,AAPL,2013-07-23,CANDIDATE_ONLY_NOT_G5_MATCHED,False,False,False,0
123,86979,15560,RSH,2013-07-23,CANDIDATE_ONLY_NOT_G5_MATCHED,False,False,False,0
123,86979,17830,UTX,2013-07-23,CANDIDATE_ONLY_NOT_G5_MATCHED,False,False,False,0
123,86979,19828,WEN,2013-07-23,CANDIDATE_ONLY_NOT_G5_MATCHED,False,False,False,0
123,86979,21178,LMT,2013-07-23,CANDIDATE_ONLY_NOT_G5_MATCHED,False,False,False,0
123,86979,27334,CSL,2013-07-23,CANDIDATE_ONLY_NOT_G5_MATCHED,False,False,False,0
123,86979,27633,R,2013-07-23,CANDIDATE_ONLY_NOT_G5_MATCHED,False,False,False,0
123,86979,28222,APD,2013-07-23,CANDIDATE_ONLY_NOT_G5_MATCHED,False,False,False,0
123,86979,35044,RF,2013-07-23,CANDIDATE_ONLY_NOT_G5_MATCHED,False,False,False,0
123,86979,35167,FMER,2013-07-23,CANDIDATE_ONLY_NOT_G5_MATCHED,False,False,False,0
123,86979,35263,TRMK,2013-07-23,CANDIDATE_ONLY_NOT_G5_MATCHED,False,False,False,0
123,86979,44601,AVY,2013-07-23,CANDIDATE_ONLY_NOT_G5_MATCHED,False,False,False,0
123,86979,45241,FRX,2013-07-23,CANDIDATE_ONLY_NOT_G5_MATCHED,False,False,False,0
123,86979,45277,IGT,2013-07-23,CANDIDATE_ONLY_NOT_G5_MATCHED,False,False,False,0
123,86979,46077,AXE,2013-07-23,CANDIDATE_ONLY_NOT_G5_MATCHED,False,False,False,0
123,86979,46877,BCR,2013-07-23,CANDIDATE_ONLY_NOT_G5_MATCHED,False,False,False,0
123,86979,52230,RHI,2013-07-23,CANDIDATE_ONLY_NOT_G5_MATCHED,False,False,False,0
123,86979,56573,ITW,2013-07-23,CANDIDATE_ONLY_NOT_G5_MATCHED,False,False,False,0
123,86979,60506,PCAR,2013-07-23,CANDIDATE_ONLY_NOT_G5_MATCHED,False,False,False,0
123,86979,64311,NSC,2013-07-23,CANDIDATE_ONLY_NOT_G5_MATCHED,False,False,False,0
123,86979,66093,T,2013-07-23,CANDIDATE_ONLY_NOT_G5_MATCHED,False,False,False,0
123,86979,70536,SIAL,2013-07-23,CANDIDATE_ONLY_NOT_G5_MATCHED,False,False,False,0
123,86979,75182,PII,2013-07-23,CANDIDATE_ONLY_NOT_G5_MATCHED,False,False,False,0
123,86979,75577,ALTR,2013-07-23,CANDIDATE_ONLY_NOT_G5_MATCHED,False,False,False,0
123,86979,75828,EA,2013-07-23,CANDIDATE_ONLY_NOT_G5_MATCHED,False,False,False,0
123,86979,75853,ZIXI,2013-07-23,CANDIDATE_ONLY_NOT_G5_MATCHED,False,False,False,0
123,86979,75906,GSBC,2013-07-23,CANDIDATE_ONLY_NOT_G5_MATCHED,False,False,False,0
123,86979,75976,NEOG,2013-07-23,CANDIDATE_ONLY_NOT_G5_MATCHED,False,False,False,0
123,86979,76138,BEAV,2013-07-23,CANDIDATE_ONLY_NOT_G5_MATCHED,False,False,False,0
123,86979,76573,MLI,2013-07-23,CANDIDATE_ONLY_NOT_G5_MATCHED,False,False,False,0
123,86979,76639,TSS,2013-07-23,CANDIDATE_ONLY_NOT_G5_MATCHED,False,False,False,0
123,86979,76709,IDXX,2013-07-23,CANDIDATE_ONLY_NOT_G5_MATCHED,False,False,False,0
123,86979,76804,MTG,2013-07-23,CANDIDATE_ONLY_NOT_G5_MATCHED,False,False,False,0
123,86979,77528,STBA,2013-07-23,CANDIDATE_ONLY_NOT_G5_MATCHED,False,False,False,0
123,86979,78139,CPWR,2013-07-23,CANDIDATE_ONLY_NOT_G5_MATCHED,False,False,False,0
123,86979,78829,UMBF,2013-07-23,CANDIDATE_ONLY_NOT_G5_MATCHED,False,False,False,0
123,86979,78903,PEBO,2013-07-23,CANDIDATE_ONLY_NOT_G5_MATCHED,False,False,False,0
123,86979,78908,RCKY,2013-07-23,CANDIDATE_ONLY_NOT_G5_MATCHED,False,False,False,0
123,86979,80303,AKS,2013-07-23,CANDIDATE_ONLY_NOT_G5_MATCHED,False,False,False,0
123,86979,80563,PENN,2013-07-23,CANDIDATE_ONLY_NOT_G5_MATCHED,False,False,False,0
123,86979,81564,IBKC,2013-07-23,CANDIDATE_ONLY_NOT_G5_MATCHED,False,False,False,0
123,86979,81666,HA,2013-07-23,CANDIDATE_ONLY_NOT_G5_MATCHED,False,False,False,0
123,86979,81774,FCX,2013-07-23,CANDIDATE_ONLY_NOT_G5_MATCHED,False,False,False,0
123,86979,82643,LXK,2013-07-23,CANDIDATE_ONLY_NOT_G5_MATCHED,False,False,False,0
123,86979,82651,WAT,2013-07-23,CANDIDATE_ONLY_NOT_G5_MATCHED,False,False,False,0
123,86979,83405,PLCM,2013-07-23,CANDIDATE_ONLY_NOT_G5_MATCHED,False,False,False,0
123,86979,83503,EXAC,2013-07-23,CANDIDATE_ONLY_NOT_G5_MATCHED,False,False,False,0
123,86979,84010,USNA,2013-07-23,CANDIDATE_ONLY_NOT_G5_MATCHED,False,False,False,0
123,86979,84734,FBC,2013-07-23,CANDIDATE_ONLY_NOT_G5_MATCHED,False,False,False,0
123,86979,85020,PPBI,2013-07-23,CANDIDATE_ONLY_NOT_G5_MATCHED,False,False,False,0
123,86979,85035,RFMD,2013-07-23,CANDIDATE_ONLY_NOT_G5_MATCHED,False,False,False,0
123,86979,85627,SAH,2013-07-23,CANDIDATE_ONLY_NOT_G5_MATCHED,False,False,False,0
123,86979,85675,AMSG,2013-07-23,CANDIDATE_ONLY_NOT_G5_MATCHED,False,False,False,0
123,86979,85728,EVBS,2013-07-23,CANDIDATE_ONLY_NOT_G5_MATCHED,False,False,False,0
123,86979,85731,HFWA,2013-07-23,CANDIDATE_ONLY_NOT_G5_MATCHED,False,False,False,0
123,86979,85963,BRCM,2013-07-23,CANDIDATE_ONLY_NOT_G5_MATCHED,False,False,False,0
123,86979,86809,SFG,2013-07-23,CANDIDATE_ONLY_NOT_G5_MATCHED,False,False,False,0
123,86979,86896,CBU,2013-07-23,CANDIDATE_ONLY_NOT_G5_MATCHED,False,False,False,0
123,86979,87447,UPS,2013-07-23,CANDIDATE_ONLY_NOT_G5_MATCHED,False,False,False,0
123,86979,88446,ILMN,2013-07-23,CANDIDATE_ONLY_NOT_G5_MATCHED,False,False,False,0
123,86979,88863,EXAS,2013-07-23,CANDIDATE_ONLY_NOT_G5_MATCHED,False,False,False,0
123,86979,88991,BTU,2013-07-23,CANDIDATE_ONLY_NOT_G5_MATCHED,False,False,False,0
123,86979,89004,FTI,2013-07-23,CANDIDATE_ONLY_NOT_G5_MATCHED,False,False,False,0
123,86979,89269,CNC,2013-07-23,CANDIDATE_ONLY_NOT_G5_MATCHED,False,False,False,0
123,86979,89327,ABG,2013-07-23,CANDIDATE_ONLY_NOT_G5_MATCHED,False,False,False,0
123,86979,90090,SBNY,2013-07-23,CANDIDATE_ONLY_NOT_G5_MATCHED,False,False,False,0
123,86979,90248,DPZ,2013-07-23,CANDIDATE_ONLY_NOT_G5_MATCHED,False,False,False,0
123,86979,90760,KFN,2013-07-23,CANDIDATE_ONLY_NOT_G5_MATCHED,False,False,False,0
123,86979,90971,IRBT,2013-07-23,CANDIDATE_ONLY_NOT_G5_MATCHED,False,False,False,0
123,86979,91514,VPFG,2013-07-23,CANDIDATE_ONLY_NOT_G5_MATCHED,False,False,False,0
123,86979,91605,CPLA,2013-07-23,CANDIDATE_ONLY_NOT_G5_MATCHED,False,False,False,0
123,86979,91659,ALGT,2013-07-23,CANDIDATE_ONLY_NOT_G5_MATCHED,False,False,False,0
123,86979,92121,DFS,2013-07-23,CANDIDATE_ONLY_NOT_G5_MATCHED,False,False,False,0
123,86979,93040,FUBC,2013-07-23,CANDIDATE_ONLY_NOT_G5_MATCHED,False,False,False,0
123,86979,93043,HVB,2013-07-23,CANDIDATE_ONLY_NOT_G5_MATCHED,False,False,False,0
123,86979,93150,CIT,2013-07-23,CANDIDATE_ONLY_NOT_G5_MATCHED,False,False,False,0
124,86979,10890,UIS,2013-10-22,CANDIDATE_ONLY_NOT_G5_MATCHED,False,False,False,0
124,86979,11293,WSBC,2013-10-22,CANDIDATE_ONLY_NOT_G5_MATCHED,False,False,False,0
124,86979,11703,DD,2013-10-22,CANDIDATE_ONLY_NOT_G5_MATCHED,False,False,False,0
124,86979,12515,BKU,2013-10-22,CANDIDATE_ONLY_NOT_G5_MATCHED,False,False,False,0
124,86979,14008,AMGN,2013-10-22,CANDIDATE_ONLY_NOT_G5_MATCHED,False,False,False,0
124,86979,15560,RSH,2013-10-22,CANDIDATE_ONLY_NOT_G5_MATCHED,False,False,False,0
124,86979,17478,MHFI,2013-10-22,CANDIDATE_ONLY_NOT_G5_MATCHED,False,False,False,0
124,86979,17750,KMB,2013-10-22,CANDIDATE_ONLY_NOT_G5_MATCHED,False,False,False,0
124,86979,17830,UTX,2013-10-22,CANDIDATE_ONLY_NOT_G5_MATCHED,False,False,False,0
124,86979,20053,SNV,2013-10-22,CANDIDATE_ONLY_NOT_G5_MATCHED,False,False,False,0
124,86979,21178,LMT,2013-10-22,CANDIDATE_ONLY_NOT_G5_MATCHED,False,False,False,0
124,86979,25419,WHR,2013-10-22,CANDIDATE_ONLY_NOT_G5_MATCHED,False,False,False,0
124,86979,27334,CSL,2013-10-22,CANDIDATE_ONLY_NOT_G5_MATCHED,False,False,False,0
124,86979,27633,R,2013-10-22,CANDIDATE_ONLY_NOT_G5_MATCHED,False,False,False,0
124,86979,35044,RF,2013-10-22,CANDIDATE_ONLY_NOT_G5_MATCHED,False,False,False,0
124,86979,35167,FMER,2013-10-22,CANDIDATE_ONLY_NOT_G5_MATCHED,False,False,False,0
124,86979,35263,TRMK,2013-10-22,CANDIDATE_ONLY_NOT_G5_MATCHED,False,False,False,0
124,86979,45241,FRX,2013-10-22,CANDIDATE_ONLY_NOT_G5_MATCHED,False,False,False,0
124,86979,46077,AXE,2013-10-22,CANDIDATE_ONLY_NOT_G5_MATCHED,False,False,False,0
124,86979,46877,BCR,2013-10-22,CANDIDATE_ONLY_NOT_G5_MATCHED,False,False,False,0
124,86979,52230,RHI,2013-10-22,CANDIDATE_ONLY_NOT_G5_MATCHED,False,False,False,0
124,86979,59600,TWIN,2013-10-22,CANDIDATE_ONLY_NOT_G5_MATCHED,False,False,False,0
124,86979,70033,HOG,2013-10-22,CANDIDATE_ONLY_NOT_G5_MATCHED,False,False,False,0
124,86979,70536,SIAL,2013-10-22,CANDIDATE_ONLY_NOT_G5_MATCHED,False,False,False,0
124,86979,72726,STT,2013-10-22,CANDIDATE_ONLY_NOT_G5_MATCHED,False,False,False,0
124,86979,75182,PII,2013-10-22,CANDIDATE_ONLY_NOT_G5_MATCHED,False,False,False,0
124,86979,75577,ALTR,2013-10-22,CANDIDATE_ONLY_NOT_G5_MATCHED,False,False,False,0
124,86979,75853,ZIXI,2013-10-22,CANDIDATE_ONLY_NOT_G5_MATCHED,False,False,False,0
124,86979,75906,GSBC,2013-10-22,CANDIDATE_ONLY_NOT_G5_MATCHED,False,False,False,0
124,86979,76573,MLI,2013-10-22,CANDIDATE_ONLY_NOT_G5_MATCHED,False,False,False,0
124,86979,76639,TSS,2013-10-22,CANDIDATE_ONLY_NOT_G5_MATCHED,False,False,False,0
124,86979,76709,IDXX,2013-10-22,CANDIDATE_ONLY_NOT_G5_MATCHED,False,False,False,0
124,86979,77279,ABAX,2013-10-22,CANDIDATE_ONLY_NOT_G5_MATCHED,False,False,False,0
124,86979,78829,UMBF,2013-10-22,CANDIDATE_ONLY_NOT_G5_MATCHED,False,False,False,0
124,86979,78875,CREE,2013-10-22,CANDIDATE_ONLY_NOT_G5_MATCHED,False,False,False,0
124,86979,78903,PEBO,2013-10-22,CANDIDATE_ONLY_NOT_G5_MATCHED,False,False,False,0
124,86979,80303,AKS,2013-10-22,CANDIDATE_ONLY_NOT_G5_MATCHED,False,False,False,0
124,86979,81138,APOL,2013-10-22,CANDIDATE_ONLY_NOT_G5_MATCHED,False,False,False,0
124,86979,81564,IBKC,2013-10-22,CANDIDATE_ONLY_NOT_G5_MATCHED,False,False,False,0
124,86979,81666,HA,2013-10-22,CANDIDATE_ONLY_NOT_G5_MATCHED,False,False,False,0
124,86979,81774,FCX,2013-10-22,CANDIDATE_ONLY_NOT_G5_MATCHED,False,False,False,0
124,86979,82643,LXK,2013-10-22,CANDIDATE_ONLY_NOT_G5_MATCHED,False,False,False,0
124,86979,82651,WAT,2013-10-22,CANDIDATE_ONLY_NOT_G5_MATCHED,False,False,False,0
124,86979,83503,EXAC,2013-10-22,CANDIDATE_ONLY_NOT_G5_MATCHED,False,False,False,0
124,86979,84010,USNA,2013-10-22,CANDIDATE_ONLY_NOT_G5_MATCHED,False,False,False,0
124,86979,84060,CBST,2013-10-22,CANDIDATE_ONLY_NOT_G5_MATCHED,False,False,False,0
124,86979,84172,NUS,2013-10-22,CANDIDATE_ONLY_NOT_G5_MATCHED,False,False,False,0
124,86979,84734,FBC,2013-10-22,CANDIDATE_ONLY_NOT_G5_MATCHED,False,False,False,0
124,86979,85035,RFMD,2013-10-22,CANDIDATE_ONLY_NOT_G5_MATCHED,False,False,False,0
124,86979,85675,AMSG,2013-10-22,CANDIDATE_ONLY_NOT_G5_MATCHED,False,False,False,0
124,86979,85963,BRCM,2013-10-22,CANDIDATE_ONLY_NOT_G5_MATCHED,False,False,False,0
124,86979,86809,SFG,2013-10-22,CANDIDATE_ONLY_NOT_G5_MATCHED,False,False,False,0
124,86979,86896,CBU,2013-10-22,CANDIDATE_ONLY_NOT_G5_MATCHED,False,False,False,0
124,86979,86946,RAI,2013-10-22,CANDIDATE_ONLY_NOT_G5_MATCHED,False,False,False,0
124,86979,87160,DTLK,2013-10-22,CANDIDATE_ONLY_NOT_G5_MATCHED,False,False,False,0
124,86979,88516,DYAX,2013-10-22,CANDIDATE_ONLY_NOT_G5_MATCHED,False,False,False,0
124,86979,88661,COH,2013-10-22,CANDIDATE_ONLY_NOT_G5_MATCHED,False,False,False,0
124,86979,89004,FTI,2013-10-22,CANDIDATE_ONLY_NOT_G5_MATCHED,False,False,False,0
124,86979,89269,CNC,2013-10-22,CANDIDATE_ONLY_NOT_G5_MATCHED,False,False,False,0
124,86979,89327,ABG,2013-10-22,CANDIDATE_ONLY_NOT_G5_MATCHED,False,False,False,0
124,86979,90090,SBNY,2013-10-22,CANDIDATE_ONLY_NOT_G5_MATCHED,False,False,False,0
124,86979,90404,CLMS,2013-10-22,CANDIDATE_ONLY_NOT_G5_MATCHED,False,False,False,0
124,86979,90971,IRBT,2013-10-22,CANDIDATE_ONLY_NOT_G5_MATCHED,False,False,False,0
124,86979,91514,VPFG,2013-10-22,CANDIDATE_ONLY_NOT_G5_MATCHED,False,False,False,0
124,86979,91605,CPLA,2013-10-22,CANDIDATE_ONLY_NOT_G5_MATCHED,False,False,False,0
124,86979,91907,SMCI,2013-10-22,CANDIDATE_ONLY_NOT_G5_MATCHED,False,False,False,0
124,86979,91926,DAL,2013-10-22,CANDIDATE_ONLY_NOT_G5_MATCHED,False,False,False,0
124,86979,93043,HVB,2013-10-22,CANDIDATE_ONLY_NOT_G5_MATCHED,False,False,False,0
124,86979,93150,CIT,2013-10-22,CANDIDATE_ONLY_NOT_G5_MATCHED,False,False,False,0
125,87000,10138,TROW,2013-04-24,CANDIDATE_ONLY_NOT_G5_MATCHED,False,False,False,0
125,87000,11293,WSBC,2013-04-24,CANDIDATE_ONLY_NOT_G5_MATCHED,False,False,False,0
125,87000,11533,FICO,2013-04-24,CANDIDATE_ONLY_NOT_G5_MATCHED,False,False,False,0
125,87000,11955,WM,2013-04-24,CANDIDATE_ONLY_NOT_G5_MATCHED,False,False,False,0
125,87000,12052,GD,2013-04-24,CANDIDATE_ONLY_NOT_G5_MATCHED,False,False,False,0
125,87000,12515,BKU,2013-04-24,CANDIDATE_ONLY_NOT_G5_MATCHED,False,False,False,0
125,87000,12865,FIO,2013-04-24,CANDIDATE_ONLY_NOT_G5_MATCHED,False,False,False,0
125,87000,13006,FMNB,2013-04-24,CANDIDATE_ONLY_NOT_G5_MATCHED,False,False,False,0
125,87000,14795,TKR,2013-04-24,CANDIDATE_ONLY_NOT_G5_MATCHED,False,False,False,0
125,87000,18163,PG,2013-04-24,CANDIDATE_ONLY_NOT_G5_MATCHED,False,False,False,0
125,87000,18411,SO,2013-04-24,CANDIDATE_ONLY_NOT_G5_MATCHED,False,False,False,0
125,87000,19561,BA,2013-04-24,CANDIDATE_ONLY_NOT_G5_MATCHED,False,False,False,0
125,87000,21135,FOE,2013-04-24,CANDIDATE_ONLY_NOT_G5_MATCHED,False,False,False,0
125,87000,22293,GLW,2013-04-24,CANDIDATE_ONLY_NOT_G5_MATCHED,False,False,False,0
125,87000,22779,MSI,2013-04-24,CANDIDATE_ONLY_NOT_G5_MATCHED,False,False,False,0
125,87000,24476,COHR,2013-04-24,CANDIDATE_ONLY_NOT_G5_MATCHED,False,False,False,0
125,87000,24766,NOC,2013-04-24,CANDIDATE_ONLY_NOT_G5_MATCHED,False,False,False,0
125,87000,25419,WHR,2013-04-24,CANDIDATE_ONLY_NOT_G5_MATCHED,False,False,False,0
125,87000,25785,F,2013-04-24,CANDIDATE_ONLY_NOT_G5_MATCHED,False,False,False,0
125,87000,27043,VAR,2013-04-24,CANDIDATE_ONLY_NOT_G5_MATCHED,False,False,False,0
125,87000,27334,CSL,2013-04-24,CANDIDATE_ONLY_NOT_G5_MATCHED,False,False,False,0
125,87000,27422,CLF,2013-04-24,CANDIDATE_ONLY_NOT_G5_MATCHED,False,False,False,0
125,87000,27888,CFR,2013-04-24,CANDIDATE_ONLY_NOT_G5_MATCHED,False,False,False,0
125,87000,35124,CLGX,2013-04-24,CANDIDATE_ONLY_NOT_G5_MATCHED,False,False,False,0
125,87000,36003,ROL,2013-04-24,CANDIDATE_ONLY_NOT_G5_MATCHED,False,False,False,0
125,87000,38149,BYI,2013-04-24,CANDIDATE_ONLY_NOT_G5_MATCHED,False,False,False,0
125,87000,39087,S,2013-04-24,CANDIDATE_ONLY_NOT_G5_MATCHED,False,False,False,0
125,87000,39571,GGG,2013-04-24,CANDIDATE_ONLY_NOT_G5_MATCHED,False,False,False,0
125,87000,42550,NEU,2013-04-24,CANDIDATE_ONLY_NOT_G5_MATCHED,False,False,False,0
125,87000,43123,ATI,2013-04-24,CANDIDATE_ONLY_NOT_G5_MATCHED,False,False,False,0
125,87000,44274,AEGN,2013-04-24,CANDIDATE_ONLY_NOT_G5_MATCHED,False,False,False,0
125,87000,44601,AVY,2013-04-24,CANDIDATE_ONLY_NOT_G5_MATCHED,False,False,False,0
125,87000,44768,TILE,2013-04-24,CANDIDATE_ONLY_NOT_G5_MATCHED,False,False,False,0
125,87000,44951,SVU,2013-04-24,CANDIDATE_ONLY_NOT_G5_MATCHED,False,False,False,0
125,87000,45437,ISH,2013-04-24,CANDIDATE_ONLY_NOT_G5_MATCHED,False,False,False,0
125,87000,48267,LSI,2013-04-24,CANDIDATE_ONLY_NOT_G5_MATCHED,False,False,False,0
125,87000,50876,LLY,2013-04-24,CANDIDATE_ONLY_NOT_G5_MATCHED,False,False,False,0
125,87000,51369,TER,2013-04-24,CANDIDATE_ONLY_NOT_G5_MATCHED,False,False,False,0
125,87000,51625,SCI,2013-04-24,CANDIDATE_ONLY_NOT_G5_MATCHED,False,False,False,0
125,87000,52716,HRC,2013-04-24,CANDIDATE_ONLY_NOT_G5_MATCHED,False,False,False,0
125,87000,54199,SJW,2013-04-24,CANDIDATE_ONLY_NOT_G5_MATCHED,False,False,False,0
125,87000,54253,MSA,2013-04-24,CANDIDATE_ONLY_NOT_G5_MATCHED,False,False,False,0
125,87000,57904,AFL,2013-04-24,CANDIDATE_ONLY_NOT_G5_MATCHED,False,False,False,0
125,87000,58318,TEX,2013-04-24,CANDIDATE_ONLY_NOT_G5_MATCHED,False,False,False,0
125,87000,59045,KEX,2013-04-24,CANDIDATE_ONLY_NOT_G5_MATCHED,False,False,False,0
125,87000,62092,TMO,2013-04-24,CANDIDATE_ONLY_NOT_G5_MATCHED,False,False,False,0
125,87000,62383,RYL,2013-04-24,CANDIDATE_ONLY_NOT_G5_MATCHED,False,False,False,0
125,87000,65365,MYE,2013-04-24,CANDIDATE_ONLY_NOT_G5_MATCHED,False,False,False,0
125,87000,66384,WDC,2013-04-24,CANDIDATE_ONLY_NOT_G5_MATCHED,False,False,False,0
125,87000,66683,RES,2013-04-24,CANDIDATE_ONLY_NOT_G5_MATCHED,False,False,False,0
125,87000,67360,UTL,2013-04-24,CANDIDATE_ONLY_NOT_G5_MATCHED,False,False,False,0
125,87000,68292,SIGI,2013-04-24,CANDIDATE_ONLY_NOT_G5_MATCHED,False,False,False,0
125,87000,70616,SYMM,2013-04-24,CANDIDATE_ONLY_NOT_G5_MATCHED,False,False,False,0
125,87000,73809,SUSQ,2013-04-24,CANDIDATE_ONLY_NOT_G5_MATCHED,False,False,False,0
125,87000,75912,PMTC,2013-04-24,CANDIDATE_ONLY_NOT_G5_MATCHED,False,False,False,0
125,87000,76082,COG,2013-04-24,CANDIDATE_ONLY_NOT_G5_MATCHED,False,False,False,0
125,87000,76185,TYL,2013-04-24,CANDIDATE_ONLY_NOT_G5_MATCHED,False,False,False,0
125,87000,76201,XLNX,2013-04-24,CANDIDATE_ONLY_NOT_G5_MATCHED,False,False,False,0
125,87000,76215,ICON,2013-04-24,CANDIDATE_ONLY_NOT_G5_MATCHED,False,False,False,0
125,87000,77178,QCOM,2013-04-24,CANDIDATE_ONLY_NOT_G5_MATCHED,False,False,False,0
125,87000,77679,COLB,2013-04-24,CANDIDATE_ONLY_NOT_G5_MATCHED,False,False,False,0
125,87000,77768,PX,2013-04-24,CANDIDATE_ONLY_NOT_G5_MATCHED,False,False,False,0
125,87000,77785,WIRE,2013-04-24,CANDIDATE_ONLY_NOT_G5_MATCHED,False,False,False,0
125,87000,77902,CAKE,2013-04-24,CANDIDATE_ONLY_NOT_G5_MATCHED,False,False,False,0
125,87000,77917,ASGN,2013-04-24,CANDIDATE_ONLY_NOT_G5_MATCHED,False,False,False,0
125,87000,78044,UFI,2013-04-24,CANDIDATE_ONLY_NOT_G5_MATCHED,False,False,False,0
125,87000,78054,RIMG,2013-04-24,CANDIDATE_ONLY_NOT_G5_MATCHED,False,False,False,0
125,87000,78977,JAH,2013-04-24,CANDIDATE_ONLY_NOT_G5_MATCHED,False,False,False,0
125,87000,79013,SYBT,2013-04-24,CANDIDATE_ONLY_NOT_G5_MATCHED,False,False,False,0
125,87000,79159,CWEI,2013-04-24,CANDIDATE_ONLY_NOT_G5_MATCHED,False,False,False,0
125,87000,79198,TWI,2013-04-24,CANDIDATE_ONLY_NOT_G5_MATCHED,False,False,False,0
125,87000,79244,USG,2013-04-24,CANDIDATE_ONLY_NOT_G5_MATCHED,False,False,False,0
125,87000,79564,ARRS,2013-04-24,CANDIDATE_ONLY_NOT_G5_MATCHED,False,False,False,0
125,87000,79758,BYD,2013-04-24,CANDIDATE_ONLY_NOT_G5_MATCHED,False,False,False,0
125,87000,79859,NYCB,2013-04-24,CANDIDATE_ONLY_NOT_G5_MATCHED,False,False,False,0
125,87000,80049,TQNT,2013-04-24,CANDIDATE_ONLY_NOT_G5_MATCHED,False,False,False,0
125,87000,80072,VLY,2013-04-24,CANDIDATE_ONLY_NOT_G5_MATCHED,False,False,False,0
125,87000,80286,TSCO,2013-04-24,CANDIDATE_ONLY_NOT_G5_MATCHED,False,False,False,0
125,87000,80987,KNX,2013-04-24,CANDIDATE_ONLY_NOT_G5_MATCHED,False,False,False,0
125,87000,81677,WAB,2013-04-24,CANDIDATE_ONLY_NOT_G5_MATCHED,False,False,False,0
125,87000,82686,CTXS,2013-04-24,CANDIDATE_ONLY_NOT_G5_MATCHED,False,False,False,0
125,87000,83462,TUP,2013-04-24,CANDIDATE_ONLY_NOT_G5_MATCHED,False,False,False,0
125,87000,83671,TBI,2013-04-24,CANDIDATE_ONLY_NOT_G5_MATCHED,False,False,False,0
125,87000,83906,SRCL,2013-04-24,CANDIDATE_ONLY_NOT_G5_MATCHED,False,False,False,0
125,87000,84210,FORR,2013-04-24,CANDIDATE_ONLY_NOT_G5_MATCHED,False,False,False,0
125,87000,84381,ROK,2013-04-24,CANDIDATE_ONLY_NOT_G5_MATCHED,False,False,False,0
125,87000,84563,SLGN,2013-04-24,CANDIDATE_ONLY_NOT_G5_MATCHED,False,False,False,0
125,87000,85020,PPBI,2013-04-24,CANDIDATE_ONLY_NOT_G5_MATCHED,False,False,False,0
125,87000,85488,OSIS,2013-04-24,CANDIDATE_ONLY_NOT_G5_MATCHED,False,False,False,0
125,87000,85731,HFWA,2013-04-24,CANDIDATE_ONLY_NOT_G5_MATCHED,False,False,False,0
125,87000,85860,BRKL,2013-04-24,CANDIDATE_ONLY_NOT_G5_MATCHED,False,False,False,0
125,87000,85908,GRA,2013-04-24,CANDIDATE_ONLY_NOT_G5_MATCHED,False,False,False,0
125,87000,86432,PB,2013-04-24,CANDIDATE_ONLY_NOT_G5_MATCHED,False,False,False,0
125,87000,86964,FFIV,2013-04-24,CANDIDATE_ONLY_NOT_G5_MATCHED,False,False,False,0
125,87000,87299,AKAM,2013-04-24,CANDIDATE_ONLY_NOT_G5_MATCHED,False,False,False,0
125,87000,87445,TDY,2013-04-24,CANDIDATE_ONLY_NOT_G5_MATCHED,False,False,False,0
125,87000,87785,ITMN,2013-04-24,CANDIDATE_ONLY_NOT_G5_MATCHED,False,False,False,0
125,87000,87812,SLAB,2013-04-24,CANDIDATE_ONLY_NOT_G5_MATCHED,False,False,False,0
125,87000,88367,PCBK,2013-04-24,CANDIDATE_ONLY_NOT_G5_MATCHED,False,False,False,0
125,87000,88895,MPX,2013-04-24,CANDIDATE_ONLY_NOT_G5_MATCHED,False,False,False,0
125,87000,89179,WLP,2013-04-24,CANDIDATE_ONLY_NOT_G5_MATCHED,False,False,False,0
125,87000,89327,ABG,2013-04-24,CANDIDATE_ONLY_NOT_G5_MATCHED,False,False,False,0
125,87000,89419,PACR,2013-04-24,CANDIDATE_ONLY_NOT_G5_MATCHED,False,False,False,0
125,87000,89617,EQIX,2013-04-24,CANDIDATE_ONLY_NOT_G5_MATCHED,False,False,False,0
125,87000,89644,VMED,2013-04-24,CANDIDATE_ONLY_NOT_G5_MATCHED,False,False,False,0
125,87000,89841,CNO,2013-04-24,CANDIDATE_ONLY_NOT_G5_MATCHED,False,False,False,0
125,87000,89901,WLL,2013-04-24,CANDIDATE_ONLY_NOT_G5_MATCHED,False,False,False,0
125,87000,90038,AIZ,2013-04-24,CANDIDATE_ONLY_NOT_G5_MATCHED,False,False,False,0
125,87000,90314,CVGI,2013-04-24,CANDIDATE_ONLY_NOT_G5_MATCHED,False,False,False,0
125,87000,90454,MKTX,2013-04-24,CANDIDATE_ONLY_NOT_G5_MATCHED,False,False,False,0
125,87000,90490,TBBK,2013-04-24,CANDIDATE_ONLY_NOT_G5_MATCHED,False,False,False,0
125,87000,90708,MORN,2013-04-24,CANDIDATE_ONLY_NOT_G5_MATCHED,False,False,False,0
125,87000,90748,XNPT,2013-04-24,CANDIDATE_ONLY_NOT_G5_MATCHED,False,False,False,0
125,87000,90940,TAL,2013-04-24,CANDIDATE_ONLY_NOT_G5_MATCHED,False,False,False,0
125,87000,91040,BAS,2013-04-24,CANDIDATE_ONLY_NOT_G5_MATCHED,False,False,False,0
125,87000,91090,CROX,2013-04-24,CANDIDATE_ONLY_NOT_G5_MATCHED,False,False,False,0
125,87000,91392,WYN,2013-04-24,CANDIDATE_ONLY_NOT_G5_MATCHED,False,False,False,0
125,87000,91413,EVR,2013-04-24,CANDIDATE_ONLY_NOT_G5_MATCHED,False,False,False,0
125,87000,91514,VPFG,2013-04-24,CANDIDATE_ONLY_NOT_G5_MATCHED,False,False,False,0
125,87000,91531,OC,2013-04-24,CANDIDATE_ONLY_NOT_G5_MATCHED,False,False,False,0
125,87000,91659,ALGT,2013-04-24,CANDIDATE_ONLY_NOT_G5_MATCHED,False,False,False,0
125,87000,91937,PCS,2013-04-24,CANDIDATE_ONLY_NOT_G5_MATCHED,False,False,False,0
125,87000,91959,ESSA,2013-04-24,CANDIDATE_ONLY_NOT_G5_MATCHED,False,False,False,0
125,87000,91979,CAP,2013-04-24,CANDIDATE_ONLY_NOT_G5_MATCHED,False,False,False,0
125,87000,92618,DPS,2013-04-24,CANDIDATE_ONLY_NOT_G5_MATCHED,False,False,False,0
125,87000,92854,CLW,2013-04-24,CANDIDATE_ONLY_NOT_G5_MATCHED,False,False,False,0
125,87000,92919,ORRF,2013-04-24,CANDIDATE_ONLY_NOT_G5_MATCHED,False,False,False,0
125,87000,93222,SYA,2013-04-24,CANDIDATE_ONLY_NOT_G5_MATCHED,False,False,False,0
126,87092,23660,CTAS,2013-09-19,CANDIDATE_ONLY_NOT_G5_MATCHED,False,False,False,0
126,87092,46922,RAD,2013-09-19,CANDIDATE_ONLY_NOT_G5_MATCHED,False,False,False,0
126,87092,51423,MCS,2013-09-19,CANDIDATE_ONLY_NOT_G5_MATCHED,False,False,False,0
126,87092,51692,PIR,2013-09-19,CANDIDATE_ONLY_NOT_G5_MATCHED,False,False,False,0
126,87092,56274,CAG,2013-09-19,CANDIDATE_ONLY_NOT_G5_MATCHED,False,False,False,0
126,87092,77354,SCHL,2013-09-19,CANDIDATE_ONLY_NOT_G5_MATCHED,False,False,False,0
126,87092,90992,IHS,2013-09-19,CANDIDATE_ONLY_NOT_G5_MATCHED,False,False,False,0
127,87612,10138,TROW,2013-04-24,CANDIDATE_ONLY_NOT_G5_MATCHED,False,False,False,0
127,87612,11293,WSBC,2013-04-24,CANDIDATE_ONLY_NOT_G5_MATCHED,False,False,False,0
127,87612,11533,FICO,2013-04-24,CANDIDATE_ONLY_NOT_G5_MATCHED,False,False,False,0
127,87612,11955,WM,2013-04-24,CANDIDATE_ONLY_NOT_G5_MATCHED,False,False,False,0
127,87612,12052,GD,2013-04-24,CANDIDATE_ONLY_NOT_G5_MATCHED,False,False,False,0
127,87612,12515,BKU,2013-04-24,CANDIDATE_ONLY_NOT_G5_MATCHED,False,False,False,0
127,87612,12865,FIO,2013-04-24,CANDIDATE_ONLY_NOT_G5_MATCHED,False,False,False,0
127,87612,13006,FMNB,2013-04-24,CANDIDATE_ONLY_NOT_G5_MATCHED,False,False,False,0
127,87612,14795,TKR,2013-04-24,CANDIDATE_ONLY_NOT_G5_MATCHED,False,False,False,0
127,87612,18163,PG,2013-04-24,CANDIDATE_ONLY_NOT_G5_MATCHED,False,False,False,0
127,87612,18411,SO,2013-04-24,CANDIDATE_ONLY_NOT_G5_MATCHED,False,False,False,0
127,87612,19561,BA,2013-04-24,CANDIDATE_ONLY_NOT_G5_MATCHED,False,False,False,0
127,87612,21135,FOE,2013-04-24,CANDIDATE_ONLY_NOT_G5_MATCHED,False,False,False,0
127,87612,22293,GLW,2013-04-24,CANDIDATE_ONLY_NOT_G5_MATCHED,False,False,False,0
127,87612,22779,MSI,2013-04-24,CANDIDATE_ONLY_NOT_G5_MATCHED,False,False,False,0
127,87612,24476,COHR,2013-04-24,CANDIDATE_ONLY_NOT_G5_MATCHED,False,False,False,0
127,87612,24766,NOC,2013-04-24,CANDIDATE_ONLY_NOT_G5_MATCHED,False,False,False,0
127,87612,25419,WHR,2013-04-24,CANDIDATE_ONLY_NOT_G5_MATCHED,False,False,False,0
127,87612,25785,F,2013-04-24,CANDIDATE_ONLY_NOT_G5_MATCHED,False,False,False,0
127,87612,27043,VAR,2013-04-24,CANDIDATE_ONLY_NOT_G5_MATCHED,False,False,False,0
127,87612,27334,CSL,2013-04-24,CANDIDATE_ONLY_NOT_G5_MATCHED,False,False,False,0
127,87612,27422,CLF,2013-04-24,CANDIDATE_ONLY_NOT_G5_MATCHED,False,False,False,0
127,87612,27888,CFR,2013-04-24,CANDIDATE_ONLY_NOT_G5_MATCHED,False,False,False,0
127,87612,35124,CLGX,2013-04-24,CANDIDATE_ONLY_NOT_G5_MATCHED,False,False,False,0
127,87612,36003,ROL,2013-04-24,CANDIDATE_ONLY_NOT_G5_MATCHED,False,False,False,0
127,87612,38149,BYI,2013-04-24,CANDIDATE_ONLY_NOT_G5_MATCHED,False,False,False,0
127,87612,39087,S,2013-04-24,CANDIDATE_ONLY_NOT_G5_MATCHED,False,False,False,0
127,87612,39571,GGG,2013-04-24,CANDIDATE_ONLY_NOT_G5_MATCHED,False,False,False,0
127,87612,42550,NEU,2013-04-24,CANDIDATE_ONLY_NOT_G5_MATCHED,False,False,False,0
127,87612,43123,ATI,2013-04-24,CANDIDATE_ONLY_NOT_G5_MATCHED,False,False,False,0
127,87612,44274,AEGN,2013-04-24,CANDIDATE_ONLY_NOT_G5_MATCHED,False,False,False,0
127,87612,44601,AVY,2013-04-24,CANDIDATE_ONLY_NOT_G5_MATCHED,False,False,False,0
127,87612,44768,TILE,2013-04-24,CANDIDATE_ONLY_NOT_G5_MATCHED,False,False,False,0
127,87612,44951,SVU,2013-04-24,CANDIDATE_ONLY_NOT_G5_MATCHED,False,False,False,0
127,87612,45437,ISH,2013-04-24,CANDIDATE_ONLY_NOT_G5_MATCHED,False,False,False,0
127,87612,48267,LSI,2013-04-24,CANDIDATE_ONLY_NOT_G5_MATCHED,False,False,False,0
127,87612,50876,LLY,2013-04-24,CANDIDATE_ONLY_NOT_G5_MATCHED,False,False,False,0
127,87612,51369,TER,2013-04-24,CANDIDATE_ONLY_NOT_G5_MATCHED,False,False,False,0
127,87612,51625,SCI,2013-04-24,CANDIDATE_ONLY_NOT_G5_MATCHED,False,False,False,0
127,87612,52716,HRC,2013-04-24,CANDIDATE_ONLY_NOT_G5_MATCHED,False,False,False,0
127,87612,54199,SJW,2013-04-24,CANDIDATE_ONLY_NOT_G5_MATCHED,False,False,False,0
127,87612,54253,MSA,2013-04-24,CANDIDATE_ONLY_NOT_G5_MATCHED,False,False,False,0
127,87612,57904,AFL,2013-04-24,CANDIDATE_ONLY_NOT_G5_MATCHED,False,False,False,0
127,87612,58318,TEX,2013-04-24,CANDIDATE_ONLY_NOT_G5_MATCHED,False,False,False,0
127,87612,59045,KEX,2013-04-24,CANDIDATE_ONLY_NOT_G5_MATCHED,False,False,False,0
127,87612,62092,TMO,2013-04-24,CANDIDATE_ONLY_NOT_G5_MATCHED,False,False,False,0
127,87612,62383,RYL,2013-04-24,CANDIDATE_ONLY_NOT_G5_MATCHED,False,False,False,0
127,87612,65365,MYE,2013-04-24,CANDIDATE_ONLY_NOT_G5_MATCHED,False,False,False,0
127,87612,66384,WDC,2013-04-24,CANDIDATE_ONLY_NOT_G5_MATCHED,False,False,False,0
127,87612,66683,RES,2013-04-24,CANDIDATE_ONLY_NOT_G5_MATCHED,False,False,False,0
127,87612,67360,UTL,2013-04-24,CANDIDATE_ONLY_NOT_G5_MATCHED,False,False,False,0
127,87612,68292,SIGI,2013-04-24,CANDIDATE_ONLY_NOT_G5_MATCHED,False,False,False,0
127,87612,70616,SYMM,2013-04-24,CANDIDATE_ONLY_NOT_G5_MATCHED,False,False,False,0
127,87612,73809,SUSQ,2013-04-24,CANDIDATE_ONLY_NOT_G5_MATCHED,False,False,False,0
127,87612,75912,PMTC,2013-04-24,CANDIDATE_ONLY_NOT_G5_MATCHED,False,False,False,0
127,87612,76082,COG,2013-04-24,CANDIDATE_ONLY_NOT_G5_MATCHED,False,False,False,0
127,87612,76185,TYL,2013-04-24,CANDIDATE_ONLY_NOT_G5_MATCHED,False,False,False,0
127,87612,76201,XLNX,2013-04-24,CANDIDATE_ONLY_NOT_G5_MATCHED,False,False,False,0
127,87612,76215,ICON,2013-04-24,CANDIDATE_ONLY_NOT_G5_MATCHED,False,False,False,0
127,87612,77178,QCOM,2013-04-24,CANDIDATE_ONLY_NOT_G5_MATCHED,False,False,False,0
127,87612,77679,COLB,2013-04-24,CANDIDATE_ONLY_NOT_G5_MATCHED,False,False,False,0
127,87612,77768,PX,2013-04-24,CANDIDATE_ONLY_NOT_G5_MATCHED,False,False,False,0
127,87612,77785,WIRE,2013-04-24,CANDIDATE_ONLY_NOT_G5_MATCHED,False,False,False,0
127,87612,77902,CAKE,2013-04-24,CANDIDATE_ONLY_NOT_G5_MATCHED,False,False,False,0
127,87612,77917,ASGN,2013-04-24,CANDIDATE_ONLY_NOT_G5_MATCHED,False,False,False,0
127,87612,78044,UFI,2013-04-24,CANDIDATE_ONLY_NOT_G5_MATCHED,False,False,False,0
127,87612,78054,RIMG,2013-04-24,CANDIDATE_ONLY_NOT_G5_MATCHED,False,False,False,0
127,87612,78977,JAH,2013-04-24,CANDIDATE_ONLY_NOT_G5_MATCHED,False,False,False,0
127,87612,79013,SYBT,2013-04-24,CANDIDATE_ONLY_NOT_G5_MATCHED,False,False,False,0
127,87612,79159,CWEI,2013-04-24,CANDIDATE_ONLY_NOT_G5_MATCHED,False,False,False,0
127,87612,79198,TWI,2013-04-24,CANDIDATE_ONLY_NOT_G5_MATCHED,False,False,False,0
127,87612,79244,USG,2013-04-24,CANDIDATE_ONLY_NOT_G5_MATCHED,False,False,False,0
127,87612,79564,ARRS,2013-04-24,CANDIDATE_ONLY_NOT_G5_MATCHED,False,False,False,0
127,87612,79758,BYD,2013-04-24,CANDIDATE_ONLY_NOT_G5_MATCHED,False,False,False,0
127,87612,79859,NYCB,2013-04-24,CANDIDATE_ONLY_NOT_G5_MATCHED,False,False,False,0
127,87612,80049,TQNT,2013-04-24,CANDIDATE_ONLY_NOT_G5_MATCHED,False,False,False,0
127,87612,80072,VLY,2013-04-24,CANDIDATE_ONLY_NOT_G5_MATCHED,False,False,False,0
127,87612,80286,TSCO,2013-04-24,CANDIDATE_ONLY_NOT_G5_MATCHED,False,False,False,0
127,87612,80987,KNX,2013-04-24,CANDIDATE_ONLY_NOT_G5_MATCHED,False,False,False,0
127,87612,81677,WAB,2013-04-24,CANDIDATE_ONLY_NOT_G5_MATCHED,False,False,False,0
127,87612,82686,CTXS,2013-04-24,CANDIDATE_ONLY_NOT_G5_MATCHED,False,False,False,0
127,87612,83462,TUP,2013-04-24,CANDIDATE_ONLY_NOT_G5_MATCHED,False,False,False,0
127,87612,83671,TBI,2013-04-24,CANDIDATE_ONLY_NOT_G5_MATCHED,False,False,False,0
127,87612,83906,SRCL,2013-04-24,CANDIDATE_ONLY_NOT_G5_MATCHED,False,False,False,0
127,87612,84210,FORR,2013-04-24,CANDIDATE_ONLY_NOT_G5_MATCHED,False,False,False,0
127,87612,84381,ROK,2013-04-24,CANDIDATE_ONLY_NOT_G5_MATCHED,False,False,False,0
127,87612,84563,SLGN,2013-04-24,CANDIDATE_ONLY_NOT_G5_MATCHED,False,False,False,0
127,87612,85020,PPBI,2013-04-24,CANDIDATE_ONLY_NOT_G5_MATCHED,False,False,False,0
127,87612,85488,OSIS,2013-04-24,CANDIDATE_ONLY_NOT_G5_MATCHED,False,False,False,0
127,87612,85731,HFWA,2013-04-24,CANDIDATE_ONLY_NOT_G5_MATCHED,False,False,False,0
127,87612,85860,BRKL,2013-04-24,CANDIDATE_ONLY_NOT_G5_MATCHED,False,False,False,0
127,87612,85908,GRA,2013-04-24,CANDIDATE_ONLY_NOT_G5_MATCHED,False,False,False,0
127,87612,86432,PB,2013-04-24,CANDIDATE_ONLY_NOT_G5_MATCHED,False,False,False,0
127,87612,86964,FFIV,2013-04-24,CANDIDATE_ONLY_NOT_G5_MATCHED,False,False,False,0
127,87612,87299,AKAM,2013-04-24,CANDIDATE_ONLY_NOT_G5_MATCHED,False,False,False,0
127,87612,87445,TDY,2013-04-24,CANDIDATE_ONLY_NOT_G5_MATCHED,False,False,False,0
127,87612,87785,ITMN,2013-04-24,CANDIDATE_ONLY_NOT_G5_MATCHED,False,False,False,0
127,87612,87812,SLAB,2013-04-24,CANDIDATE_ONLY_NOT_G5_MATCHED,False,False,False,0
127,87612,88367,PCBK,2013-04-24,CANDIDATE_ONLY_NOT_G5_MATCHED,False,False,False,0
127,87612,88895,MPX,2013-04-24,CANDIDATE_ONLY_NOT_G5_MATCHED,False,False,False,0
127,87612,89179,WLP,2013-04-24,CANDIDATE_ONLY_NOT_G5_MATCHED,False,False,False,0
127,87612,89327,ABG,2013-04-24,CANDIDATE_ONLY_NOT_G5_MATCHED,False,False,False,0
127,87612,89419,PACR,2013-04-24,CANDIDATE_ONLY_NOT_G5_MATCHED,False,False,False,0
127,87612,89617,EQIX,2013-04-24,CANDIDATE_ONLY_NOT_G5_MATCHED,False,False,False,0
127,87612,89644,VMED,2013-04-24,CANDIDATE_ONLY_NOT_G5_MATCHED,False,False,False,0
127,87612,89841,CNO,2013-04-24,CANDIDATE_ONLY_NOT_G5_MATCHED,False,False,False,0
127,87612,89901,WLL,2013-04-24,CANDIDATE_ONLY_NOT_G5_MATCHED,False,False,False,0
127,87612,90038,AIZ,2013-04-24,CANDIDATE_ONLY_NOT_G5_MATCHED,False,False,False,0
127,87612,90314,CVGI,2013-04-24,CANDIDATE_ONLY_NOT_G5_MATCHED,False,False,False,0
127,87612,90454,MKTX,2013-04-24,CANDIDATE_ONLY_NOT_G5_MATCHED,False,False,False,0
127,87612,90490,TBBK,2013-04-24,CANDIDATE_ONLY_NOT_G5_MATCHED,False,False,False,0
127,87612,90708,MORN,2013-04-24,CANDIDATE_ONLY_NOT_G5_MATCHED,False,False,False,0
127,87612,90748,XNPT,2013-04-24,CANDIDATE_ONLY_NOT_G5_MATCHED,False,False,False,0
127,87612,90940,TAL,2013-04-24,CANDIDATE_ONLY_NOT_G5_MATCHED,False,False,False,0
127,87612,91040,BAS,2013-04-24,CANDIDATE_ONLY_NOT_G5_MATCHED,False,False,False,0
127,87612,91090,CROX,2013-04-24,CANDIDATE_ONLY_NOT_G5_MATCHED,False,False,False,0
127,87612,91392,WYN,2013-04-24,CANDIDATE_ONLY_NOT_G5_MATCHED,False,False,False,0
127,87612,91413,EVR,2013-04-24,CANDIDATE_ONLY_NOT_G5_MATCHED,False,False,False,0
127,87612,91514,VPFG,2013-04-24,CANDIDATE_ONLY_NOT_G5_MATCHED,False,False,False,0
127,87612,91531,OC,2013-04-24,CANDIDATE_ONLY_NOT_G5_MATCHED,False,False,False,0
127,87612,91659,ALGT,2013-04-24,CANDIDATE_ONLY_NOT_G5_MATCHED,False,False,False,0
127,87612,91937,PCS,2013-04-24,CANDIDATE_ONLY_NOT_G5_MATCHED,False,False,False,0
127,87612,91959,ESSA,2013-04-24,CANDIDATE_ONLY_NOT_G5_MATCHED,False,False,False,0
127,87612,91979,CAP,2013-04-24,CANDIDATE_ONLY_NOT_G5_MATCHED,False,False,False,0
127,87612,92618,DPS,2013-04-24,CANDIDATE_ONLY_NOT_G5_MATCHED,False,False,False,0
127,87612,92854,CLW,2013-04-24,CANDIDATE_ONLY_NOT_G5_MATCHED,False,False,False,0
127,87612,92919,ORRF,2013-04-24,CANDIDATE_ONLY_NOT_G5_MATCHED,False,False,False,0
127,87612,93222,SYA,2013-04-24,CANDIDATE_ONLY_NOT_G5_MATCHED,False,False,False,0
128,87657,10145,HON,2011-04-20,CANDIDATE_ONLY_NOT_G5_MATCHED,False,False,False,0
128,87657,10397,WERN,2011-04-20,CANDIDATE_ONLY_NOT_G5_MATCHED,False,False,False,0
128,87657,10812,HTLD,2011-04-20,CANDIDATE_ONLY_NOT_G5_MATCHED,False,False,False,0
128,87657,11844,CTBI,2011-04-20,CANDIDATE_ONLY_NOT_G5_MATCHED,False,False,False,0
128,87657,12073,PBCT,2011-04-20,CANDIDATE_ONLY_NOT_G5_MATCHED,False,False,False,0
128,87657,13901,MO,2011-04-20,CANDIDATE_ONLY_NOT_G5_MATCHED,False,False,False,0
128,87657,14008,AMGN,2011-04-20,CANDIDATE_ONLY_NOT_G5_MATCHED,False,False,False,0
128,87657,14593,AAPL,2011-04-20,CANDIDATE_ONLY_NOT_G5_MATCHED,False,False,False,0
128,87657,17830,UTX,2011-04-20,CANDIDATE_ONLY_NOT_G5_MATCHED,False,False,False,0
128,87657,20395,CVBF,2011-04-20,CANDIDATE_ONLY_NOT_G5_MATCHED,False,False,False,0
128,87657,20482,ABT,2011-04-20,CANDIDATE_ONLY_NOT_G5_MATCHED,False,False,False,0
128,87657,21020,AMR,2011-04-20,CANDIDATE_ONLY_NOT_G5_MATCHED,False,False,False,0
128,87657,23579,TXT,2011-04-20,CANDIDATE_ONLY_NOT_G5_MATCHED,False,False,False,0
128,87657,30648,COHU,2011-04-20,CANDIDATE_ONLY_NOT_G5_MATCHED,False,False,False,0
128,87657,38703,WFC,2011-04-20,CANDIDATE_ONLY_NOT_G5_MATCHED,False,False,False,0
128,87657,42439,HNI,2011-04-20,CANDIDATE_ONLY_NOT_G5_MATCHED,False,False,False,0
128,87657,42550,NEU,2011-04-20,CANDIDATE_ONLY_NOT_G5_MATCHED,False,False,False,0
128,87657,42906,HBAN,2011-04-20,CANDIDATE_ONLY_NOT_G5_MATCHED,False,False,False,0
128,87657,48486,LRCX,2011-04-20,CANDIDATE_ONLY_NOT_G5_MATCHED,False,False,False,0
128,87657,50972,MEG,2011-04-20,CANDIDATE_ONLY_NOT_G5_MATCHED,False,False,False,0
128,87657,58318,TEX,2011-04-20,CANDIDATE_ONLY_NOT_G5_MATCHED,False,False,False,0
128,87657,59176,AXP,2011-04-20,CANDIDATE_ONLY_NOT_G5_MATCHED,False,False,False,0
128,87657,60038,ACU,2011-04-20,CANDIDATE_ONLY_NOT_G5_MATCHED,False,False,False,0
128,87657,65365,MYE,2011-04-20,CANDIDATE_ONLY_NOT_G5_MATCHED,False,False,False,0
128,87657,66093,T,2011-04-20,CANDIDATE_ONLY_NOT_G5_MATCHED,False,False,False,0
128,87657,66114,TIN,2011-04-20,CANDIDATE_ONLY_NOT_G5_MATCHED,False,False,False,0
128,87657,66325,SLM,2011-04-20,CANDIDATE_ONLY_NOT_G5_MATCHED,False,False,False,0
128,87657,68591,STJ,2011-04-20,CANDIDATE_ONLY_NOT_G5_MATCHED,False,False,False,0
128,87657,75182,PII,2011-04-20,CANDIDATE_ONLY_NOT_G5_MATCHED,False,False,False,0
128,87657,75591,IEX,2011-04-20,CANDIDATE_ONLY_NOT_G5_MATCHED,False,False,False,0
128,87657,76489,LUFK,2011-04-20,CANDIDATE_ONLY_NOT_G5_MATCHED,False,False,False,0
128,87657,76504,CATY,2011-04-20,CANDIDATE_ONLY_NOT_G5_MATCHED,False,False,False,0
128,87657,76515,CVA,2011-04-20,CANDIDATE_ONLY_NOT_G5_MATCHED,False,False,False,0
128,87657,76804,MTG,2011-04-20,CANDIDATE_ONLY_NOT_G5_MATCHED,False,False,False,0
128,87657,77178,QCOM,2011-04-20,CANDIDATE_ONLY_NOT_G5_MATCHED,False,False,False,0
128,87657,77274,GILD,2011-04-20,CANDIDATE_ONLY_NOT_G5_MATCHED,False,False,False,0
128,87657,77605,BSX,2011-04-20,CANDIDATE_ONLY_NOT_G5_MATCHED,False,False,False,0
128,87657,77643,FCF,2011-04-20,CANDIDATE_ONLY_NOT_G5_MATCHED,False,False,False,0
128,87657,77902,CAKE,2011-04-20,CANDIDATE_ONLY_NOT_G5_MATCHED,False,False,False,0
128,87657,79013,SYBT,2011-04-20,CANDIDATE_ONLY_NOT_G5_MATCHED,False,False,False,0
128,87657,79133,ATR,2011-04-20,CANDIDATE_ONLY_NOT_G5_MATCHED,False,False,False,0
128,87657,79244,USG,2011-04-20,CANDIDATE_ONLY_NOT_G5_MATCHED,False,False,False,0
128,87657,79712,LNET,2011-04-20,CANDIDATE_ONLY_NOT_G5_MATCHED,False,False,False,0
128,87657,79796,AF,2011-04-20,CANDIDATE_ONLY_NOT_G5_MATCHED,False,False,False,0
128,87657,79841,FWRD,2011-04-20,CANDIDATE_ONLY_NOT_G5_MATCHED,False,False,False,0
128,87657,79915,NFX,2011-04-20,CANDIDATE_ONLY_NOT_G5_MATCHED,False,False,False,0
128,87657,80286,TSCO,2011-04-20,CANDIDATE_ONLY_NOT_G5_MATCHED,False,False,False,0
128,87657,80987,KNX,2011-04-20,CANDIDATE_ONLY_NOT_G5_MATCHED,False,False,False,0
128,87657,81774,FCX,2011-04-20,CANDIDATE_ONLY_NOT_G5_MATCHED,False,False,False,0
128,87657,83307,PGI,2011-04-20,CANDIDATE_ONLY_NOT_G5_MATCHED,False,False,False,0
128,87657,83862,ETFC,2011-04-20,CANDIDATE_ONLY_NOT_G5_MATCHED,False,False,False,0
128,87657,84373,DGX,2011-04-20,CANDIDATE_ONLY_NOT_G5_MATCHED,False,False,False,0
128,87657,85348,YUM,2011-04-20,CANDIDATE_ONLY_NOT_G5_MATCHED,False,False,False,0
128,87657,85353,RLRN,2011-04-20,CANDIDATE_ONLY_NOT_G5_MATCHED,False,False,False,0
128,87657,85590,YDNT,2011-04-20,CANDIDATE_ONLY_NOT_G5_MATCHED,False,False,False,0
128,87657,85860,BRKL,2011-04-20,CANDIDATE_ONLY_NOT_G5_MATCHED,False,False,False,0
128,87657,85913,MAR,2011-04-20,CANDIDATE_ONLY_NOT_G5_MATCHED,False,False,False,0
128,87657,86157,COBZ,2011-04-20,CANDIDATE_ONLY_NOT_G5_MATCHED,False,False,False,0
128,87657,86287,RBCAA,2011-04-20,CANDIDATE_ONLY_NOT_G5_MATCHED,False,False,False,0
128,87657,86489,SCSS,2011-04-20,CANDIDATE_ONLY_NOT_G5_MATCHED,False,False,False,0
128,87657,86778,MKSI,2011-04-20,CANDIDATE_ONLY_NOT_G5_MATCHED,False,False,False,0
128,87657,86964,FFIV,2011-04-20,CANDIDATE_ONLY_NOT_G5_MATCHED,False,False,False,0
128,87657,87070,HCBK,2011-04-20,CANDIDATE_ONLY_NOT_G5_MATCHED,False,False,False,0
128,87657,87160,DTLK,2011-04-20,CANDIDATE_ONLY_NOT_G5_MATCHED,False,False,False,0
128,87657,88331,CPHD,2011-04-20,CANDIDATE_ONLY_NOT_G5_MATCHED,False,False,False,0
128,87657,89387,CPSI,2011-04-20,CANDIDATE_ONLY_NOT_G5_MATCHED,False,False,False,0
128,87657,89611,ACTG,2011-04-20,CANDIDATE_ONLY_NOT_G5_MATCHED,False,False,False,0
128,87657,89644,VMED,2011-04-20,CANDIDATE_ONLY_NOT_G5_MATCHED,False,False,False,0
128,87657,89968,PJC,2011-04-20,CANDIDATE_ONLY_NOT_G5_MATCHED,False,False,False,0
128,87657,90164,GHL,2011-04-20,CANDIDATE_ONLY_NOT_G5_MATCHED,False,False,False,0
128,87657,90303,CNS,2011-04-20,CANDIDATE_ONLY_NOT_G5_MATCHED,False,False,False,0
128,87657,91040,BAS,2011-04-20,CANDIDATE_ONLY_NOT_G5_MATCHED,False,False,False,0
128,87657,91068,CMG,2011-04-20,CANDIDATE_ONLY_NOT_G5_MATCHED,False,False,False,0
128,87657,91416,HBI,2011-04-20,CANDIDATE_ONLY_NOT_G5_MATCHED,False,False,False,0
128,87657,92018,RRR,2011-04-20,CANDIDATE_ONLY_NOT_G5_MATCHED,False,False,False,0
129,87657,10363,AMAG,2013-04-23,CANDIDATE_ONLY_NOT_G5_MATCHED,False,False,False,0
129,87657,10382,ASTE,2013-04-23,CANDIDATE_ONLY_NOT_G5_MATCHED,False,False,False,0
129,87657,10629,FNB,2013-04-23,CANDIDATE_ONLY_NOT_G5_MATCHED,False,False,False,0
129,87657,10890,UIS,2013-04-23,CANDIDATE_ONLY_NOT_G5_MATCHED,False,False,False,0
129,87657,11442,CHCO,2013-04-23,CANDIDATE_ONLY_NOT_G5_MATCHED,False,False,False,0
129,87657,11703,DD,2013-04-23,CANDIDATE_ONLY_NOT_G5_MATCHED,False,False,False,0
129,87657,14008,AMGN,2013-04-23,CANDIDATE_ONLY_NOT_G5_MATCHED,False,False,False,0
129,87657,14593,AAPL,2013-04-23,CANDIDATE_ONLY_NOT_G5_MATCHED,False,False,False,0
129,87657,15560,RSH,2013-04-23,CANDIDATE_ONLY_NOT_G5_MATCHED,False,False,False,0
129,87657,17743,WRB,2013-04-23,CANDIDATE_ONLY_NOT_G5_MATCHED,False,False,False,0
129,87657,17830,UTX,2013-04-23,CANDIDATE_ONLY_NOT_G5_MATCHED,False,False,False,0
129,87657,20053,SNV,2013-04-23,CANDIDATE_ONLY_NOT_G5_MATCHED,False,False,False,0
129,87657,21178,LMT,2013-04-23,CANDIDATE_ONLY_NOT_G5_MATCHED,False,False,False,0
129,87657,23297,EAT,2013-04-23,CANDIDATE_ONLY_NOT_G5_MATCHED,False,False,False,0
129,87657,27633,R,2013-04-23,CANDIDATE_ONLY_NOT_G5_MATCHED,False,False,False,0
129,87657,27983,XRX,2013-04-23,CANDIDATE_ONLY_NOT_G5_MATCHED,False,False,False,0
129,87657,28222,APD,2013-04-23,CANDIDATE_ONLY_NOT_G5_MATCHED,False,False,False,0
129,87657,28564,CTS,2013-04-23,CANDIDATE_ONLY_NOT_G5_MATCHED,False,False,False,0
129,87657,35044,RF,2013-04-23,CANDIDATE_ONLY_NOT_G5_MATCHED,False,False,False,0
129,87657,35167,FMER,2013-04-23,CANDIDATE_ONLY_NOT_G5_MATCHED,False,False,False,0
129,87657,35263,TRMK,2013-04-23,CANDIDATE_ONLY_NOT_G5_MATCHED,False,False,False,0
129,87657,42534,JCI,2013-04-23,CANDIDATE_ONLY_NOT_G5_MATCHED,False,False,False,0
129,87657,45241,FRX,2013-04-23,CANDIDATE_ONLY_NOT_G5_MATCHED,False,False,False,0
129,87657,46077,AXE,2013-04-23,CANDIDATE_ONLY_NOT_G5_MATCHED,False,False,False,0
129,87657,46877,BCR,2013-04-23,CANDIDATE_ONLY_NOT_G5_MATCHED,False,False,False,0
129,87657,47941,GCI,2013-04-23,CANDIDATE_ONLY_NOT_G5_MATCHED,False,False,False,0
129,87657,52230,RHI,2013-04-23,CANDIDATE_ONLY_NOT_G5_MATCHED,False,False,False,0
129,87657,56573,ITW,2013-04-23,CANDIDATE_ONLY_NOT_G5_MATCHED,False,False,False,0
129,87657,58975,OII,2013-04-23,CANDIDATE_ONLY_NOT_G5_MATCHED,False,False,False,0
129,87657,59600,TWIN,2013-04-23,CANDIDATE_ONLY_NOT_G5_MATCHED,False,False,False,0
129,87657,60186,OMI,2013-04-23,CANDIDATE_ONLY_NOT_G5_MATCHED,False,False,False,0
129,87657,60506,PCAR,2013-04-23,CANDIDATE_ONLY_NOT_G5_MATCHED,False,False,False,0
129,87657,62308,TMK,2013-04-23,CANDIDATE_ONLY_NOT_G5_MATCHED,False,False,False,0
129,87657,64311,NSC,2013-04-23,CANDIDATE_ONLY_NOT_G5_MATCHED,False,False,False,0
129,87657,65402,AOS,2013-04-23,CANDIDATE_ONLY_NOT_G5_MATCHED,False,False,False,0
129,87657,66093,T,2013-04-23,CANDIDATE_ONLY_NOT_G5_MATCHED,False,False,False,0
129,87657,75182,PII,2013-04-23,CANDIDATE_ONLY_NOT_G5_MATCHED,False,False,False,0
129,87657,75326,ACI,2013-04-23,CANDIDATE_ONLY_NOT_G5_MATCHED,False,False,False,0
129,87657,75853,ZIXI,2013-04-23,CANDIDATE_ONLY_NOT_G5_MATCHED,False,False,False,0
129,87657,75906,GSBC,2013-04-23,CANDIDATE_ONLY_NOT_G5_MATCHED,False,False,False,0
129,87657,76234,MOLXA,2013-04-23,CANDIDATE_ONLY_NOT_G5_MATCHED,False,False,False,0
129,87657,76573,MLI,2013-04-23,CANDIDATE_ONLY_NOT_G5_MATCHED,False,False,False,0
129,87657,76639,TSS,2013-04-23,CANDIDATE_ONLY_NOT_G5_MATCHED,False,False,False,0
129,87657,76708,DV,2013-04-23,CANDIDATE_ONLY_NOT_G5_MATCHED,False,False,False,0
129,87657,76709,IDXX,2013-04-23,CANDIDATE_ONLY_NOT_G5_MATCHED,False,False,False,0
129,87657,77271,SPNC,2013-04-23,CANDIDATE_ONLY_NOT_G5_MATCHED,False,False,False,0
129,87657,77528,STBA,2013-04-23,CANDIDATE_ONLY_NOT_G5_MATCHED,False,False,False,0
129,87657,77643,FCF,2013-04-23,CANDIDATE_ONLY_NOT_G5_MATCHED,False,False,False,0
129,87657,78829,UMBF,2013-04-23,CANDIDATE_ONLY_NOT_G5_MATCHED,False,False,False,0
129,87657,78875,CREE,2013-04-23,CANDIDATE_ONLY_NOT_G5_MATCHED,False,False,False,0
129,87657,78903,PEBO,2013-04-23,CANDIDATE_ONLY_NOT_G5_MATCHED,False,False,False,0
129,87657,78908,RCKY,2013-04-23,CANDIDATE_ONLY_NOT_G5_MATCHED,False,False,False,0
129,87657,79037,ETH,2013-04-23,CANDIDATE_ONLY_NOT_G5_MATCHED,False,False,False,0
129,87657,79747,UBSH,2013-04-23,CANDIDATE_ONLY_NOT_G5_MATCHED,False,False,False,0
129,87657,79915,NFX,2013-04-23,CANDIDATE_ONLY_NOT_G5_MATCHED,False,False,False,0
129,87657,80303,AKS,2013-04-23,CANDIDATE_ONLY_NOT_G5_MATCHED,False,False,False,0
129,87657,80498,ABCB,2013-04-23,CANDIDATE_ONLY_NOT_G5_MATCHED,False,False,False,0
129,87657,80569,PULB,2013-04-23,CANDIDATE_ONLY_NOT_G5_MATCHED,False,False,False,0
129,87657,81666,HA,2013-04-23,CANDIDATE_ONLY_NOT_G5_MATCHED,False,False,False,0
129,87657,81678,LECO,2013-04-23,CANDIDATE_ONLY_NOT_G5_MATCHED,False,False,False,0
129,87657,82643,LXK,2013-04-23,CANDIDATE_ONLY_NOT_G5_MATCHED,False,False,False,0
129,87657,82651,WAT,2013-04-23,CANDIDATE_ONLY_NOT_G5_MATCHED,False,False,False,0
129,87657,83405,PLCM,2013-04-23,CANDIDATE_ONLY_NOT_G5_MATCHED,False,False,False,0
129,87657,83503,EXAC,2013-04-23,CANDIDATE_ONLY_NOT_G5_MATCHED,False,False,False,0
129,87657,84010,USNA,2013-04-23,CANDIDATE_ONLY_NOT_G5_MATCHED,False,False,False,0
129,87657,84734,FBC,2013-04-23,CANDIDATE_ONLY_NOT_G5_MATCHED,False,False,False,0
129,87657,85035,RFMD,2013-04-23,CANDIDATE_ONLY_NOT_G5_MATCHED,False,False,False,0
129,87657,85348,YUM,2013-04-23,CANDIDATE_ONLY_NOT_G5_MATCHED,False,False,False,0
129,87657,85627,SAH,2013-04-23,CANDIDATE_ONLY_NOT_G5_MATCHED,False,False,False,0
129,87657,85675,AMSG,2013-04-23,CANDIDATE_ONLY_NOT_G5_MATCHED,False,False,False,0
129,87657,85931,WDR,2013-04-23,CANDIDATE_ONLY_NOT_G5_MATCHED,False,False,False,0
129,87657,85963,BRCM,2013-04-23,CANDIDATE_ONLY_NOT_G5_MATCHED,False,False,False,0
129,87657,86809,SFG,2013-04-23,CANDIDATE_ONLY_NOT_G5_MATCHED,False,False,False,0
129,87657,86896,CBU,2013-04-23,CANDIDATE_ONLY_NOT_G5_MATCHED,False,False,False,0
129,87657,86946,RAI,2013-04-23,CANDIDATE_ONLY_NOT_G5_MATCHED,False,False,False,0
129,87657,88313,JNS,2013-04-23,CANDIDATE_ONLY_NOT_G5_MATCHED,False,False,False,0
129,87657,88661,COH,2013-04-23,CANDIDATE_ONLY_NOT_G5_MATCHED,False,False,False,0
129,87657,88970,SHBI,2013-04-23,CANDIDATE_ONLY_NOT_G5_MATCHED,False,False,False,0
129,87657,89004,FTI,2013-04-23,CANDIDATE_ONLY_NOT_G5_MATCHED,False,False,False,0
129,87657,89269,CNC,2013-04-23,CANDIDATE_ONLY_NOT_G5_MATCHED,False,False,False,0
129,87657,90090,SBNY,2013-04-23,CANDIDATE_ONLY_NOT_G5_MATCHED,False,False,False,0
129,87657,90643,ACW,2013-04-23,CANDIDATE_ONLY_NOT_G5_MATCHED,False,False,False,0
129,87657,90786,ITC,2013-04-23,CANDIDATE_ONLY_NOT_G5_MATCHED,False,False,False,0
129,87657,90893,LCC,2013-04-23,CANDIDATE_ONLY_NOT_G5_MATCHED,False,False,False,0
129,87657,90971,IRBT,2013-04-23,CANDIDATE_ONLY_NOT_G5_MATCHED,False,False,False,0
129,87657,91416,HBI,2013-04-23,CANDIDATE_ONLY_NOT_G5_MATCHED,False,False,False,0
129,87657,91605,CPLA,2013-04-23,CANDIDATE_ONLY_NOT_G5_MATCHED,False,False,False,0
129,87657,91907,SMCI,2013-04-23,CANDIDATE_ONLY_NOT_G5_MATCHED,False,False,False,0
129,87657,91926,DAL,2013-04-23,CANDIDATE_ONLY_NOT_G5_MATCHED,False,False,False,0
129,87657,92121,DFS,2013-04-23,CANDIDATE_ONLY_NOT_G5_MATCHED,False,False,False,0
129,87657,92172,DHX,2013-04-23,CANDIDATE_ONLY_NOT_G5_MATCHED,False,False,False,0
129,87657,93043,HVB,2013-04-23,CANDIDATE_ONLY_NOT_G5_MATCHED,False,False,False,0
129,87657,93150,CIT,2013-04-23,CANDIDATE_ONLY_NOT_G5_MATCHED,False,False,False,0
130,88203,11478,BRY,2011-10-27,CANDIDATE_ONLY_NOT_G5_MATCHED,False,False,False,0
130,88203,11664,GDOT,2011-10-27,CANDIDATE_ONLY_NOT_G5_MATCHED,False,False,False,0
130,88203,11850,XOM,2011-10-27,CANDIDATE_ONLY_NOT_G5_MATCHED,False,False,False,0
130,88203,11955,WM,2011-10-27,CANDIDATE_ONLY_NOT_G5_MATCHED,False,False,False,0
130,88203,13901,MO,2011-10-27,CANDIDATE_ONLY_NOT_G5_MATCHED,False,False,False,0
130,88203,16600,HSY,2011-10-27,CANDIDATE_ONLY_NOT_G5_MATCHED,False,False,False,0
130,88203,18163,PG,2011-10-27,CANDIDATE_ONLY_NOT_G5_MATCHED,False,False,False,0
130,88203,18649,BCO,2011-10-27,CANDIDATE_ONLY_NOT_G5_MATCHED,False,False,False,0
130,88203,18729,CL,2011-10-27,CANDIDATE_ONLY_NOT_G5_MATCHED,False,False,False,0
130,88203,20053,SNV,2011-10-27,CANDIDATE_ONLY_NOT_G5_MATCHED,False,False,False,0
130,88203,22779,MSI,2011-10-27,CANDIDATE_ONLY_NOT_G5_MATCHED,False,False,False,0
130,88203,22859,DPL,2011-10-27,CANDIDATE_ONLY_NOT_G5_MATCHED,False,False,False,0
130,88203,24328,EQT,2011-10-27,CANDIDATE_ONLY_NOT_G5_MATCHED,False,False,False,0
130,88203,27684,AVT,2011-10-27,CANDIDATE_ONLY_NOT_G5_MATCHED,False,False,False,0
130,88203,32540,ELX,2011-10-27,CANDIDATE_ONLY_NOT_G5_MATCHED,False,False,False,0
130,88203,34833,OXY,2011-10-27,CANDIDATE_ONLY_NOT_G5_MATCHED,False,False,False,0
130,88203,43481,SXI,2011-10-27,CANDIDATE_ONLY_NOT_G5_MATCHED,False,False,False,0
130,88203,48506,MCO,2011-10-27,CANDIDATE_ONLY_NOT_G5_MATCHED,False,False,False,0
130,88203,54704,MOD,2011-10-27,CANDIDATE_ONLY_NOT_G5_MATCHED,False,False,False,0
130,88203,55597,MTRN,2011-10-27,CANDIDATE_ONLY_NOT_G5_MATCHED,False,False,False,0
130,88203,64961,QSII,2011-10-27,CANDIDATE_ONLY_NOT_G5_MATCHED,False,False,False,0
130,88203,70308,ARG,2011-10-27,CANDIDATE_ONLY_NOT_G5_MATCHED,False,False,False,0
130,88203,70500,CCE,2011-10-27,CANDIDATE_ONLY_NOT_G5_MATCHED,False,False,False,0
130,88203,75828,ERTS,2011-10-27,CANDIDATE_ONLY_NOT_G5_MATCHED,False,False,False,0
130,88203,76207,ACAT,2011-10-27,CANDIDATE_ONLY_NOT_G5_MATCHED,False,False,False,0
130,88203,76624,PMCS,2011-10-27,CANDIDATE_ONLY_NOT_G5_MATCHED,False,False,False,0
130,88203,76711,RGS,2011-10-27,CANDIDATE_ONLY_NOT_G5_MATCHED,False,False,False,0
130,88203,76744,VRTX,2011-10-27,CANDIDATE_ONLY_NOT_G5_MATCHED,False,False,False,0
130,88203,77037,ODFL,2011-10-27,CANDIDATE_ONLY_NOT_G5_MATCHED,False,False,False,0
130,88203,77274,GILD,2011-10-27,CANDIDATE_ONLY_NOT_G5_MATCHED,False,False,False,0
130,88203,77486,UQM,2011-10-27,CANDIDATE_ONLY_NOT_G5_MATCHED,False,False,False,0
130,88203,77515,KOPN,2011-10-27,CANDIDATE_ONLY_NOT_G5_MATCHED,False,False,False,0
130,88203,77917,ASGN,2011-10-27,CANDIDATE_ONLY_NOT_G5_MATCHED,False,False,False,0
130,88203,78955,AVID,2011-10-27,CANDIDATE_ONLY_NOT_G5_MATCHED,False,False,False,0
130,88203,79159,CWEI,2011-10-27,CANDIDATE_ONLY_NOT_G5_MATCHED,False,False,False,0
130,88203,79686,DECK,2011-10-27,CANDIDATE_ONLY_NOT_G5_MATCHED,False,False,False,0
130,88203,79864,VSEC,2011-10-27,CANDIDATE_ONLY_NOT_G5_MATCHED,False,False,False,0
130,88203,79884,WMAR,2011-10-27,CANDIDATE_ONLY_NOT_G5_MATCHED,False,False,False,0
130,88203,79906,INCY,2011-10-27,CANDIDATE_ONLY_NOT_G5_MATCHED,False,False,False,0
130,88203,80080,EMN,2011-10-27,CANDIDATE_ONLY_NOT_G5_MATCHED,False,False,False,0
130,88203,80266,QLGC,2011-10-27,CANDIDATE_ONLY_NOT_G5_MATCHED,False,False,False,0
130,88203,80362,SCSC,2011-10-27,CANDIDATE_ONLY_NOT_G5_MATCHED,False,False,False,0
130,88203,80415,EXP,2011-10-27,CANDIDATE_ONLY_NOT_G5_MATCHED,False,False,False,0
130,88203,80864,RS,2011-10-27,CANDIDATE_ONLY_NOT_G5_MATCHED,False,False,False,0
130,88203,81925,GTI,2011-10-27,CANDIDATE_ONLY_NOT_G5_MATCHED,False,False,False,0
130,88203,82521,RSYS,2011-10-27,CANDIDATE_ONLY_NOT_G5_MATCHED,False,False,False,0
130,88203,82686,CTXS,2011-10-27,CANDIDATE_ONLY_NOT_G5_MATCHED,False,False,False,0
130,88203,82694,EME,2011-10-27,CANDIDATE_ONLY_NOT_G5_MATCHED,False,False,False,0
130,88203,83143,IRM,2011-10-27,CANDIDATE_ONLY_NOT_G5_MATCHED,False,False,False,0
130,88203,83283,JDAS,2011-10-27,CANDIDATE_ONLY_NOT_G5_MATCHED,False,False,False,0
130,88203,84342,MWW,2011-10-27,CANDIDATE_ONLY_NOT_G5_MATCHED,False,False,False,0
130,88203,84372,NCR,2011-10-27,CANDIDATE_ONLY_NOT_G5_MATCHED,False,False,False,0
130,88203,84737,GIFI,2011-10-27,CANDIDATE_ONLY_NOT_G5_MATCHED,False,False,False,0
130,88203,85077,SRT,2011-10-27,CANDIDATE_ONLY_NOT_G5_MATCHED,False,False,False,0
130,88203,85770,MDS,2011-10-27,CANDIDATE_ONLY_NOT_G5_MATCHED,False,False,False,0
130,88203,86021,LLL,2011-10-27,CANDIDATE_ONLY_NOT_G5_MATCHED,False,False,False,0
130,88203,86047,AMKR,2011-10-27,CANDIDATE_ONLY_NOT_G5_MATCHED,False,False,False,0
130,88203,86322,DRIV,2011-10-27,CANDIDATE_ONLY_NOT_G5_MATCHED,False,False,False,0
130,88203,86534,PFCB,2011-10-27,CANDIDATE_ONLY_NOT_G5_MATCHED,False,False,False,0
130,88203,86544,INSP,2011-10-27,CANDIDATE_ONLY_NOT_G5_MATCHED,False,False,False,0
130,88203,86717,EPAY,2011-10-27,CANDIDATE_ONLY_NOT_G5_MATCHED,False,False,False,0
130,88203,87013,ARBA,2011-10-27,CANDIDATE_ONLY_NOT_G5_MATCHED,False,False,False,0
130,88203,87162,FLWS,2011-10-27,CANDIDATE_ONLY_NOT_G5_MATCHED,False,False,False,0
130,88203,87445,TDY,2011-10-27,CANDIDATE_ONLY_NOT_G5_MATCHED,False,False,False,0
130,88203,87842,MET,2011-10-27,CANDIDATE_ONLY_NOT_G5_MATCHED,False,False,False,0
130,88203,87856,GLCH,2011-10-27,CANDIDATE_ONLY_NOT_G5_MATCHED,False,False,False,0
130,88203,88159,EXEL,2011-10-27,CANDIDATE_ONLY_NOT_G5_MATCHED,False,False,False,0
130,88203,88264,SONS,2011-10-27,CANDIDATE_ONLY_NOT_G5_MATCHED,False,False,False,0
130,88203,88287,DLA,2011-10-27,CANDIDATE_ONLY_NOT_G5_MATCHED,False,False,False,0
130,88203,88504,BRKR,2011-10-27,CANDIDATE_ONLY_NOT_G5_MATCHED,False,False,False,0
130,88203,88511,CRIS,2011-10-27,CANDIDATE_ONLY_NOT_G5_MATCHED,False,False,False,0
130,88203,88516,DYAX,2011-10-27,CANDIDATE_ONLY_NOT_G5_MATCHED,False,False,False,0
130,88203,88564,RTIX,2011-10-27,CANDIDATE_ONLY_NOT_G5_MATCHED,False,False,False,0
130,88203,88590,DNB,2011-10-27,CANDIDATE_ONLY_NOT_G5_MATCHED,False,False,False,0
130,88203,88615,GB,2011-10-27,CANDIDATE_ONLY_NOT_G5_MATCHED,False,False,False,0
130,88203,88845,AET,2011-10-27,CANDIDATE_ONLY_NOT_G5_MATCHED,False,False,False,0
130,88203,89036,BABY,2011-10-27,CANDIDATE_ONLY_NOT_G5_MATCHED,False,False,False,0
130,88203,89195,PFG,2011-10-27,CANDIDATE_ONLY_NOT_G5_MATCHED,False,False,False,0
130,88203,89213,WOOF,2011-10-27,CANDIDATE_ONLY_NOT_G5_MATCHED,False,False,False,0
130,88203,89252,FVE,2011-10-27,CANDIDATE_ONLY_NOT_G5_MATCHED,False,False,False,0
130,88203,89387,CPSI,2011-10-27,CANDIDATE_ONLY_NOT_G5_MATCHED,False,False,False,0
130,88203,89409,RGC,2011-10-27,CANDIDATE_ONLY_NOT_G5_MATCHED,False,False,False,0
130,88203,89419,PACR,2011-10-27,CANDIDATE_ONLY_NOT_G5_MATCHED,False,False,False,0
130,88203,89644,VMED,2011-10-27,CANDIDATE_ONLY_NOT_G5_MATCHED,False,False,False,0
130,88203,89876,CRI,2011-10-27,CANDIDATE_ONLY_NOT_G5_MATCHED,False,False,False,0
130,88203,90011,MGLN,2011-10-27,CANDIDATE_ONLY_NOT_G5_MATCHED,False,False,False,0
130,88203,90199,CBG,2011-10-27,CANDIDATE_ONLY_NOT_G5_MATCHED,False,False,False,0
130,88203,90200,CAB,2011-10-27,CANDIDATE_ONLY_NOT_G5_MATCHED,False,False,False,0
130,88203,90213,MGI,2011-10-27,CANDIDATE_ONLY_NOT_G5_MATCHED,False,False,False,0
130,88203,90238,SNMX,2011-10-27,CANDIDATE_ONLY_NOT_G5_MATCHED,False,False,False,0
130,88203,90371,BBW,2011-10-27,CANDIDATE_ONLY_NOT_G5_MATCHED,False,False,False,0
130,88203,90377,NANO,2011-10-27,CANDIDATE_ONLY_NOT_G5_MATCHED,False,False,False,0
130,88203,90535,DLLR,2011-10-27,CANDIDATE_ONLY_NOT_G5_MATCHED,False,False,False,0
130,88203,90833,HPY,2011-10-27,CANDIDATE_ONLY_NOT_G5_MATCHED,False,False,False,0
130,88203,90893,LCC,2011-10-27,CANDIDATE_ONLY_NOT_G5_MATCHED,False,False,False,0
130,88203,91090,CROX,2011-10-27,CANDIDATE_ONLY_NOT_G5_MATCHED,False,False,False,0
130,88203,91113,HS,2011-10-27,CANDIDATE_ONLY_NOT_G5_MATCHED,False,False,False,0
130,88203,91117,MRT,2011-10-27,CANDIDATE_ONLY_NOT_G5_MATCHED,False,False,False,0
130,88203,91207,HOT,2011-10-27,CANDIDATE_ONLY_NOT_G5_MATCHED,False,False,False,0
130,88203,91413,EVR,2011-10-27,CANDIDATE_ONLY_NOT_G5_MATCHED,False,False,False,0
130,88203,91578,KBW,2011-10-27,CANDIDATE_ONLY_NOT_G5_MATCHED,False,False,False,0
130,88203,91883,TWC,2011-10-27,CANDIDATE_ONLY_NOT_G5_MATCHED,False,False,False,0
130,88203,91901,GSIT,2011-10-27,CANDIDATE_ONLY_NOT_G5_MATCHED,False,False,False,0
130,88203,91979,CAP,2011-10-27,CANDIDATE_ONLY_NOT_G5_MATCHED,False,False,False,0
130,88203,92195,BNCL,2011-10-27,CANDIDATE_ONLY_NOT_G5_MATCHED,False,False,False,0
130,88203,92207,SHOR,2011-10-27,CANDIDATE_ONLY_NOT_G5_MATCHED,False,False,False,0
130,88203,92302,CTCT,2011-10-27,CANDIDATE_ONLY_NOT_G5_MATCHED,False,False,False,0
130,88203,92400,LL,2011-10-27,CANDIDATE_ONLY_NOT_G5_MATCHED,False,False,False,0
130,88203,92854,CLW,2011-10-27,CANDIDATE_ONLY_NOT_G5_MATCHED,False,False,False,0
130,88203,92890,MJN,2011-10-27,CANDIDATE_ONLY_NOT_G5_MATCHED,False,False,False,0
130,88203,93015,ART,2011-10-27,CANDIDATE_ONLY_NOT_G5_MATCHED,False,False,False,0
130,88203,93095,CLD,2011-10-27,CANDIDATE_ONLY_NOT_G5_MATCHED,False,False,False,0
131,88281,13160,JIVE,2015-02-10,CANDIDATE_ONLY_NOT_G5_MATCHED,False,False,False,0
131,88281,13688,PCG,2015-02-10,CANDIDATE_ONLY_NOT_G5_MATCHED,False,False,False,0
131,88281,13690,RKUS,2015-02-10,CANDIDATE_ONLY_NOT_G5_MATCHED,False,False,False,0
131,88281,13932,MKTO,2015-02-10,CANDIDATE_ONLY_NOT_G5_MATCHED,False,False,False,0
131,88281,17005,CVS,2015-02-10,CANDIDATE_ONLY_NOT_G5_MATCHED,False,False,False,0
131,88281,30681,OMC,2015-02-10,CANDIDATE_ONLY_NOT_G5_MATCHED,False,False,False,0
131,88281,59248,TAP,2015-02-10,CANDIDATE_ONLY_NOT_G5_MATCHED,False,False,False,0
131,88281,76100,THOR,2015-02-10,CANDIDATE_ONLY_NOT_G5_MATCHED,False,False,False,0
131,88281,76230,TRMB,2015-02-10,CANDIDATE_ONLY_NOT_G5_MATCHED,False,False,False,0
131,88281,76614,REGN,2015-02-10,CANDIDATE_ONLY_NOT_G5_MATCHED,False,False,False,0
131,88281,83112,ANDE,2015-02-10,CANDIDATE_ONLY_NOT_G5_MATCHED,False,False,False,0
131,88281,83421,DF,2015-02-10,CANDIDATE_ONLY_NOT_G5_MATCHED,False,False,False,0
131,88281,84348,VSAT,2015-02-10,CANDIDATE_ONLY_NOT_G5_MATCHED,False,False,False,0
131,88281,86946,RAI,2015-02-10,CANDIDATE_ONLY_NOT_G5_MATCHED,False,False,False,0
131,88281,87299,AKAM,2015-02-10,CANDIDATE_ONLY_NOT_G5_MATCHED,False,False,False,0
131,88281,88195,SGMO,2015-02-10,CANDIDATE_ONLY_NOT_G5_MATCHED,False,False,False,0
131,88281,89004,FTI,2015-02-10,CANDIDATE_ONLY_NOT_G5_MATCHED,False,False,False,0
131,88281,89230,ALR,2015-02-10,CANDIDATE_ONLY_NOT_G5_MATCHED,False,False,False,0
131,88281,89841,CNO,2015-02-10,CANDIDATE_ONLY_NOT_G5_MATCHED,False,False,False,0
131,88281,90162,GNW,2015-02-10,CANDIDATE_ONLY_NOT_G5_MATCHED,False,False,False,0
131,88281,90900,GHDX,2015-02-10,CANDIDATE_ONLY_NOT_G5_MATCHED,False,False,False,0
131,88281,91020,CYNO,2015-02-10,CANDIDATE_ONLY_NOT_G5_MATCHED,False,False,False,0
131,88281,91392,WYN,2015-02-10,CANDIDATE_ONLY_NOT_G5_MATCHED,False,False,False,0
131,88281,93185,TMH,2015-02-10,CANDIDATE_ONLY_NOT_G5_MATCHED,False,False,False,0
132,88335,10258,CLDX,2011-08-03,CANDIDATE_ONLY_NOT_G5_MATCHED,False,False,False,0
132,88335,10507,MDCI,2011-08-03,CANDIDATE_ONLY_NOT_G5_MATCHED,False,False,False,0
132,88335,11533,FICO,2011-08-03,CANDIDATE_ONLY_NOT_G5_MATCHED,False,False,False,0
132,88335,11809,CLH,2011-08-03,CANDIDATE_ONLY_NOT_G5_MATCHED,False,False,False,0
132,88335,21231,WGL,2011-08-03,CANDIDATE_ONLY_NOT_G5_MATCHED,False,False,False,0
132,88335,23501,POM,2011-08-03,CANDIDATE_ONLY_NOT_G5_MATCHED,False,False,False,0
132,88335,23887,FTR,2011-08-03,CANDIDATE_ONLY_NOT_G5_MATCHED,False,False,False,0
132,88335,24221,CEG,2011-08-03,CANDIDATE_ONLY_NOT_G5_MATCHED,False,False,False,0
132,88335,32986,ATO,2011-08-03,CANDIDATE_ONLY_NOT_G5_MATCHED,False,False,False,0
132,88335,33849,LGL,2011-08-03,CANDIDATE_ONLY_NOT_G5_MATCHED,False,False,False,0
132,88335,38420,CHMT,2011-08-03,CANDIDATE_ONLY_NOT_G5_MATCHED,False,False,False,0
132,88335,45751,MMC,2011-08-03,CANDIDATE_ONLY_NOT_G5_MATCHED,False,False,False,0
132,88335,48274,GAS,2011-08-03,CANDIDATE_ONLY_NOT_G5_MATCHED,False,False,False,0
132,88335,61955,PVA,2011-08-03,CANDIDATE_ONLY_NOT_G5_MATCHED,False,False,False,0
132,88335,64450,NJR,2011-08-03,CANDIDATE_ONLY_NOT_G5_MATCHED,False,False,False,0
132,88335,64486,PL,2011-08-03,CANDIDATE_ONLY_NOT_G5_MATCHED,False,False,False,0
132,88335,75222,GGC,2011-08-03,CANDIDATE_ONLY_NOT_G5_MATCHED,False,False,False,0
132,88335,75241,PXD,2011-08-03,CANDIDATE_ONLY_NOT_G5_MATCHED,False,False,False,0
132,88335,75646,AGN,2011-08-03,CANDIDATE_ONLY_NOT_G5_MATCHED,False,False,False,0
132,88335,75649,TG,2011-08-03,CANDIDATE_ONLY_NOT_G5_MATCHED,False,False,False,0
132,88335,75860,IMGN,2011-08-03,CANDIDATE_ONLY_NOT_G5_MATCHED,False,False,False,0
132,88335,76135,GVA,2011-08-03,CANDIDATE_ONLY_NOT_G5_MATCHED,False,False,False,0
132,88335,76136,KMPR,2011-08-03,CANDIDATE_ONLY_NOT_G5_MATCHED,False,False,False,0
132,88335,76234,MOLXA,2011-08-03,CANDIDATE_ONLY_NOT_G5_MATCHED,False,False,False,0
132,88335,77191,TTEK,2011-08-03,CANDIDATE_ONLY_NOT_G5_MATCHED,False,False,False,0
132,88335,77418,TWX,2011-08-03,CANDIDATE_ONLY_NOT_G5_MATCHED,False,False,False,0
132,88335,77582,VLNC,2011-08-03,CANDIDATE_ONLY_NOT_G5_MATCHED,False,False,False,0
132,88335,77780,CENT,2011-08-03,CANDIDATE_ONLY_NOT_G5_MATCHED,False,False,False,0
132,88335,80774,GEO,2011-08-03,CANDIDATE_ONLY_NOT_G5_MATCHED,False,False,False,0
132,88335,81220,NSIT,2011-08-03,CANDIDATE_ONLY_NOT_G5_MATCHED,False,False,False,0
132,88335,81292,TRK,2011-08-03,CANDIDATE_ONLY_NOT_G5_MATCHED,False,False,False,0
132,88335,82307,DVA,2011-08-03,CANDIDATE_ONLY_NOT_G5_MATCHED,False,False,False,0
132,88335,82471,APAC,2011-08-03,CANDIDATE_ONLY_NOT_G5_MATCHED,False,False,False,0
132,88335,82775,HIG,2011-08-03,CANDIDATE_ONLY_NOT_G5_MATCHED,False,False,False,0
132,88335,82855,EE,2011-08-03,CANDIDATE_ONLY_NOT_G5_MATCHED,False,False,False,0
132,88335,83113,ARTC,2011-08-03,CANDIDATE_ONLY_NOT_G5_MATCHED,False,False,False,0
132,88335,83866,FPIC,2011-08-03,CANDIDATE_ONLY_NOT_G5_MATCHED,False,False,False,0
132,88335,85445,IN,2011-08-03,CANDIDATE_ONLY_NOT_G5_MATCHED,False,False,False,0
132,88335,85724,CECO,2011-08-03,CANDIDATE_ONLY_NOT_G5_MATCHED,False,False,False,0
132,88335,85770,MDS,2011-08-03,CANDIDATE_ONLY_NOT_G5_MATCHED,False,False,False,0
132,88335,86233,USU,2011-08-03,CANDIDATE_ONLY_NOT_G5_MATCHED,False,False,False,0
132,88335,87137,DVN,2011-08-03,CANDIDATE_ONLY_NOT_G5_MATCHED,False,False,False,0
132,88335,87261,UNTD,2011-08-03,CANDIDATE_ONLY_NOT_G5_MATCHED,False,False,False,0
132,88335,88182,ONNN,2011-08-03,CANDIDATE_ONLY_NOT_G5_MATCHED,False,False,False,0
132,88335,88504,BRKR,2011-08-03,CANDIDATE_ONLY_NOT_G5_MATCHED,False,False,False,0
132,88335,89167,CCRN,2011-08-03,CANDIDATE_ONLY_NOT_G5_MATCHED,False,False,False,0
132,88335,89258,PRU,2011-08-03,CANDIDATE_ONLY_NOT_G5_MATCHED,False,False,False,0
132,88335,89525,CMCSA,2011-08-03,CANDIDATE_ONLY_NOT_G5_MATCHED,False,False,False,0
132,88335,89565,CMCSK,2011-08-03,CANDIDATE_ONLY_NOT_G5_MATCHED,False,False,False,0
132,88335,89575,SAFT,2011-08-03,CANDIDATE_ONLY_NOT_G5_MATCHED,False,False,False,0
132,88335,90272,WCG,2011-08-03,CANDIDATE_ONLY_NOT_G5_MATCHED,False,False,False,0
132,88335,90333,SNTS,2011-08-03,CANDIDATE_ONLY_NOT_G5_MATCHED,False,False,False,0
132,88335,90411,LOCM,2011-08-03,CANDIDATE_ONLY_NOT_G5_MATCHED,False,False,False,0
132,88335,90507,MIC,2011-08-03,CANDIDATE_ONLY_NOT_G5_MATCHED,False,False,False,0
132,88335,90569,WXS,2011-08-03,CANDIDATE_ONLY_NOT_G5_MATCHED,False,False,False,0
132,88335,90664,DXCM,2011-08-03,CANDIDATE_ONLY_NOT_G5_MATCHED,False,False,False,0
132,88335,90716,ATSG,2011-08-03,CANDIDATE_ONLY_NOT_G5_MATCHED,False,False,False,0
132,88335,90748,XNPT,2011-08-03,CANDIDATE_ONLY_NOT_G5_MATCHED,False,False,False,0
132,88335,90896,CBOU,2011-08-03,CANDIDATE_ONLY_NOT_G5_MATCHED,False,False,False,0
132,88335,90956,NCIT,2011-08-03,CANDIDATE_ONLY_NOT_G5_MATCHED,False,False,False,0
132,88335,90966,CBEY,2011-08-03,CANDIDATE_ONLY_NOT_G5_MATCHED,False,False,False,0
132,88335,90968,ZLCS,2011-08-03,CANDIDATE_ONLY_NOT_G5_MATCHED,False,False,False,0
132,88335,90989,CCO,2011-08-03,CANDIDATE_ONLY_NOT_G5_MATCHED,False,False,False,0
132,88335,91215,DK,2011-08-03,CANDIDATE_ONLY_NOT_G5_MATCHED,False,False,False,0
132,88335,91233,MA,2011-08-03,CANDIDATE_ONLY_NOT_G5_MATCHED,False,False,False,0
132,88335,91365,CSII,2011-08-03,CANDIDATE_ONLY_NOT_G5_MATCHED,False,False,False,0
132,88335,91418,GMO,2011-08-03,CANDIDATE_ONLY_NOT_G5_MATCHED,False,False,False,0
132,88335,91688,EIG,2011-08-03,CANDIDATE_ONLY_NOT_G5_MATCHED,False,False,False,0
132,88335,91899,FIRE,2011-08-03,CANDIDATE_ONLY_NOT_G5_MATCHED,False,False,False,0
132,88335,92239,CXO,2011-08-03,CANDIDATE_ONLY_NOT_G5_MATCHED,False,False,False,0
132,88335,92478,FOR,2011-08-03,CANDIDATE_ONLY_NOT_G5_MATCHED,False,False,False,0
132,88335,92621,IPI,2011-08-03,CANDIDATE_ONLY_NOT_G5_MATCHED,False,False,False,0
132,88335,92758,GTAT,2011-08-03,CANDIDATE_ONLY_NOT_G5_MATCHED,False,False,False,0
132,88335,93111,STRI,2011-08-03,CANDIDATE_ONLY_NOT_G5_MATCHED,False,False,False,0
133,88446,11293,WSBC,2015-01-27,CANDIDATE_ONLY_NOT_G5_MATCHED,False,False,False,0
133,88446,11703,DD,2015-01-27,CANDIDATE_ONLY_NOT_G5_MATCHED,False,False,False,0
133,88446,13921,CUBI,2015-01-27,CANDIDATE_ONLY_NOT_G5_MATCHED,False,False,False,0
133,88446,14008,AMGN,2015-01-27,CANDIDATE_ONLY_NOT_G5_MATCHED,False,False,False,0
133,88446,18542,CAT,2015-01-27,CANDIDATE_ONLY_NOT_G5_MATCHED,False,False,False,0
133,88446,21020,AAL,2015-01-27,CANDIDATE_ONLY_NOT_G5_MATCHED,False,False,False,0
133,88446,21178,LMT,2015-01-27,CANDIDATE_ONLY_NOT_G5_MATCHED,False,False,False,0
133,88446,24205,NEE,2015-01-27,CANDIDATE_ONLY_NOT_G5_MATCHED,False,False,False,0
133,88446,25953,DOV,2015-01-27,CANDIDATE_ONLY_NOT_G5_MATCHED,False,False,False,0
133,88446,34817,NUE,2015-01-27,CANDIDATE_ONLY_NOT_G5_MATCHED,False,False,False,0
133,88446,35167,FMER,2015-01-27,CANDIDATE_ONLY_NOT_G5_MATCHED,False,False,False,0
133,88446,45277,IGT,2015-01-27,CANDIDATE_ONLY_NOT_G5_MATCHED,False,False,False,0
133,88446,49680,DHR,2015-01-27,CANDIDATE_ONLY_NOT_G5_MATCHED,False,False,False,0
133,88446,65402,AOS,2015-01-27,CANDIDATE_ONLY_NOT_G5_MATCHED,False,False,False,0
133,88446,66384,WDC,2015-01-27,CANDIDATE_ONLY_NOT_G5_MATCHED,False,False,False,0
133,88446,69586,SBCF,2015-01-27,CANDIDATE_ONLY_NOT_G5_MATCHED,False,False,False,0
133,88446,76644,X,2015-01-27,CANDIDATE_ONLY_NOT_G5_MATCHED,False,False,False,0
133,88446,77528,STBA,2015-01-27,CANDIDATE_ONLY_NOT_G5_MATCHED,False,False,False,0
133,88446,78903,PEBO,2015-01-27,CANDIDATE_ONLY_NOT_G5_MATCHED,False,False,False,0
133,88446,79131,MSL,2015-01-27,CANDIDATE_ONLY_NOT_G5_MATCHED,False,False,False,0
133,88446,80303,AKS,2015-01-27,CANDIDATE_ONLY_NOT_G5_MATCHED,False,False,False,0
133,88446,81256,ISSI,2015-01-27,CANDIDATE_ONLY_NOT_G5_MATCHED,False,False,False,0
133,88446,82643,LXK,2015-01-27,CANDIDATE_ONLY_NOT_G5_MATCHED,False,False,False,0
133,88446,83815,DCOM,2015-01-27,CANDIDATE_ONLY_NOT_G5_MATCHED,False,False,False,0
133,88446,84226,ISCA,2015-01-27,CANDIDATE_ONLY_NOT_G5_MATCHED,False,False,False,0
133,88446,86582,STL,2015-01-27,CANDIDATE_ONLY_NOT_G5_MATCHED,False,False,False,0
133,88446,86979,JNPR,2015-01-27,CANDIDATE_ONLY_NOT_G5_MATCHED,False,False,False,0
133,88446,88597,POL,2015-01-27,CANDIDATE_ONLY_NOT_G5_MATCHED,False,False,False,0
133,88446,88991,BTU,2015-01-27,CANDIDATE_ONLY_NOT_G5_MATCHED,False,False,False,0
133,88446,90404,CLMS,2015-01-27,CANDIDATE_ONLY_NOT_G5_MATCHED,False,False,False,0
133,88446,90711,UBNK,2015-01-27,CANDIDATE_ONLY_NOT_G5_MATCHED,False,False,False,0
133,88446,90783,FTK,2015-01-27,CANDIDATE_ONLY_NOT_G5_MATCHED,False,False,False,0
133,88446,91152,TDG,2015-01-27,CANDIDATE_ONLY_NOT_G5_MATCHED,False,False,False,0
133,88446,91514,LTXB,2015-01-27,CANDIDATE_ONLY_NOT_G5_MATCHED,False,False,False,0
133,88446,91814,ARAY,2015-01-27,CANDIDATE_ONLY_NOT_G5_MATCHED,False,False,False,0
133,88446,92257,VMW,2015-01-27,CANDIDATE_ONLY_NOT_G5_MATCHED,False,False,False,0
133,88446,92810,HBCP,2015-01-27,CANDIDATE_ONLY_NOT_G5_MATCHED,False,False,False,0
134,88446,11703,DD,2015-04-21,CANDIDATE_ONLY_NOT_G5_MATCHED,False,False,False,0
134,88446,14008,AMGN,2015-04-21,CANDIDATE_ONLY_NOT_G5_MATCHED,False,False,False,0
134,88446,17750,KMB,2015-04-21,CANDIDATE_ONLY_NOT_G5_MATCHED,False,False,False,0
134,88446,17830,UTX,2015-04-21,CANDIDATE_ONLY_NOT_G5_MATCHED,False,False,False,0
134,88446,20670,CAMP,2015-04-21,CANDIDATE_ONLY_NOT_G5_MATCHED,False,False,False,0
134,88446,21178,LMT,2015-04-21,CANDIDATE_ONLY_NOT_G5_MATCHED,False,False,False,0
134,88446,23297,EAT,2015-04-21,CANDIDATE_ONLY_NOT_G5_MATCHED,False,False,False,0
134,88446,25953,DOV,2015-04-21,CANDIDATE_ONLY_NOT_G5_MATCHED,False,False,False,0
134,88446,30681,OMC,2015-04-21,CANDIDATE_ONLY_NOT_G5_MATCHED,False,False,False,0
134,88446,46674,GPC,2015-04-21,CANDIDATE_ONLY_NOT_G5_MATCHED,False,False,False,0
134,88446,47941,GCI,2015-04-21,CANDIDATE_ONLY_NOT_G5_MATCHED,False,False,False,0
134,88446,65875,VZ,2015-04-21,CANDIDATE_ONLY_NOT_G5_MATCHED,False,False,False,0
134,88446,70033,HOG,2015-04-21,CANDIDATE_ONLY_NOT_G5_MATCHED,False,False,False,0
134,88446,75034,BHI,2015-04-21,CANDIDATE_ONLY_NOT_G5_MATCHED,False,False,False,0
134,88446,75285,MAN,2015-04-21,CANDIDATE_ONLY_NOT_G5_MATCHED,False,False,False,0
134,88446,75906,GSBC,2015-04-21,CANDIDATE_ONLY_NOT_G5_MATCHED,False,False,False,0
134,88446,76804,MTG,2015-04-21,CANDIDATE_ONLY_NOT_G5_MATCHED,False,False,False,0
134,88446,77528,STBA,2015-04-21,CANDIDATE_ONLY_NOT_G5_MATCHED,False,False,False,0
134,88446,79785,NVR,2015-04-21,CANDIDATE_ONLY_NOT_G5_MATCHED,False,False,False,0
134,88446,81678,LECO,2015-04-21,CANDIDATE_ONLY_NOT_G5_MATCHED,False,False,False,0
134,88446,85627,SAH,2015-04-21,CANDIDATE_ONLY_NOT_G5_MATCHED,False,False,False,0
134,88446,85757,ACY,2015-04-21,CANDIDATE_ONLY_NOT_G5_MATCHED,False,False,False,0
134,88446,85963,BRCM,2015-04-21,CANDIDATE_ONLY_NOT_G5_MATCHED,False,False,False,0
134,88446,88197,FULT,2015-04-21,CANDIDATE_ONLY_NOT_G5_MATCHED,False,False,False,0
134,88446,88908,CSFL,2015-04-21,CANDIDATE_ONLY_NOT_G5_MATCHED,False,False,False,0
134,88446,89004,FTI,2015-04-21,CANDIDATE_ONLY_NOT_G5_MATCHED,False,False,False,0
134,88446,89327,ABG,2015-04-21,CANDIDATE_ONLY_NOT_G5_MATCHED,False,False,False,0
134,88446,90711,UBNK,2015-04-21,CANDIDATE_ONLY_NOT_G5_MATCHED,False,False,False,0
134,88446,90971,IRBT,2015-04-21,CANDIDATE_ONLY_NOT_G5_MATCHED,False,False,False,0
134,88446,90979,UA,2015-04-21,CANDIDATE_ONLY_NOT_G5_MATCHED,False,False,False,0
134,88446,91514,LTXB,2015-04-21,CANDIDATE_ONLY_NOT_G5_MATCHED,False,False,False,0
134,88446,92095,INFN,2015-04-21,CANDIDATE_ONLY_NOT_G5_MATCHED,False,False,False,0
134,88446,92257,VMW,2015-04-21,CANDIDATE_ONLY_NOT_G5_MATCHED,False,False,False,0
134,88446,93079,ECHO,2015-04-21,CANDIDATE_ONLY_NOT_G5_MATCHED,False,False,False,0
135,88504,10443,FRPH,2015-05-06,CANDIDATE_ONLY_NOT_G5_MATCHED,False,False,False,0
135,88504,10933,MKL,2015-05-06,CANDIDATE_ONLY_NOT_G5_MATCHED,False,False,False,0
135,88504,12051,IL,2015-05-06,CANDIDATE_ONLY_NOT_G5_MATCHED,False,False,False,0
135,88504,12149,JNP,2015-05-06,CANDIDATE_ONLY_NOT_G5_MATCHED,False,False,False,0
135,88504,12477,WD,2015-05-06,CANDIDATE_ONLY_NOT_G5_MATCHED,False,False,False,0
135,88504,12501,FRP,2015-05-06,CANDIDATE_ONLY_NOT_G5_MATCHED,False,False,False,0
135,88504,12557,IFT,2015-05-06,CANDIDATE_ONLY_NOT_G5_MATCHED,False,False,False,0
135,88504,12781,LG,2015-05-06,CANDIDATE_ONLY_NOT_G5_MATCHED,False,False,False,0
135,88504,13139,SN,2015-05-06,CANDIDATE_ONLY_NOT_G5_MATCHED,False,False,False,0
135,88504,13267,CZR,2015-05-06,CANDIDATE_ONLY_NOT_G5_MATCHED,False,False,False,0
135,88504,13708,REMY,2015-05-06,CANDIDATE_ONLY_NOT_G5_MATCHED,False,False,False,0
135,88504,13812,MRIN,2015-05-06,CANDIDATE_ONLY_NOT_G5_MATCHED,False,False,False,0
135,88504,13862,TMHC,2015-05-06,CANDIDATE_ONLY_NOT_G5_MATCHED,False,False,False,0
135,88504,13904,VOYA,2015-05-06,CANDIDATE_ONLY_NOT_G5_MATCHED,False,False,False,0
135,88504,14054,MRTX,2015-05-06,CANDIDATE_ONLY_NOT_G5_MATCHED,False,False,False,0
135,88504,14273,CHGG,2015-05-06,CANDIDATE_ONLY_NOT_G5_MATCHED,False,False,False,0
135,88504,14337,FGL,2015-05-06,CANDIDATE_ONLY_NOT_G5_MATCHED,False,False,False,0
135,88504,19828,WEN,2015-05-06,CANDIDATE_ONLY_NOT_G5_MATCHED,False,False,False,0
135,88504,23182,CPK,2015-05-06,CANDIDATE_ONLY_NOT_G5_MATCHED,False,False,False,0
135,88504,24969,AVA,2015-05-06,CANDIDATE_ONLY_NOT_G5_MATCHED,False,False,False,0
135,88504,41187,HE,2015-05-06,CANDIDATE_ONLY_NOT_G5_MATCHED,False,False,False,0
135,88504,51633,VVC,2015-05-06,CANDIDATE_ONLY_NOT_G5_MATCHED,False,False,False,0
135,88504,57509,GDP,2015-05-06,CANDIDATE_ONLY_NOT_G5_MATCHED,False,False,False,0
135,88504,57534,NEWP,2015-05-06,CANDIDATE_ONLY_NOT_G5_MATCHED,False,False,False,0
135,88504,61269,PKOH,2015-05-06,CANDIDATE_ONLY_NOT_G5_MATCHED,False,False,False,0
135,88504,76584,ATML,2015-05-06,CANDIDATE_ONLY_NOT_G5_MATCHED,False,False,False,0
135,88504,77292,PDLI,2015-05-06,CANDIDATE_ONLY_NOT_G5_MATCHED,False,False,False,0
135,88504,77340,POWR,2015-05-06,CANDIDATE_ONLY_NOT_G5_MATCHED,False,False,False,0
135,88504,77868,PRCP,2015-05-06,CANDIDATE_ONLY_NOT_G5_MATCHED,False,False,False,0
135,88504,78950,ALG,2015-05-06,CANDIDATE_ONLY_NOT_G5_MATCHED,False,False,False,0
135,88504,80167,HAIN,2015-05-06,CANDIDATE_ONLY_NOT_G5_MATCHED,False,False,False,0
135,88504,80191,ALB,2015-05-06,CANDIDATE_ONLY_NOT_G5_MATCHED,False,False,False,0
135,88504,80343,NNBR,2015-05-06,CANDIDATE_ONLY_NOT_G5_MATCHED,False,False,False,0
135,88504,80926,CPE,2015-05-06,CANDIDATE_ONLY_NOT_G5_MATCHED,False,False,False,0
135,88504,81740,SBGI,2015-05-06,CANDIDATE_ONLY_NOT_G5_MATCHED,False,False,False,0
135,88504,82266,CVO,2015-05-06,CANDIDATE_ONLY_NOT_G5_MATCHED,False,False,False,0
135,88504,82644,MIG,2015-05-06,CANDIDATE_ONLY_NOT_G5_MATCHED,False,False,False,0
135,88504,83411,EPM,2015-05-06,CANDIDATE_ONLY_NOT_G5_MATCHED,False,False,False,0
135,88504,83779,PEGA,2015-05-06,CANDIDATE_ONLY_NOT_G5_MATCHED,False,False,False,0
135,88504,84172,NUS,2015-05-06,CANDIDATE_ONLY_NOT_G5_MATCHED,False,False,False,0
135,88504,84604,CTIC,2015-05-06,CANDIDATE_ONLY_NOT_G5_MATCHED,False,False,False,0
135,88504,85271,ACAS,2015-05-06,CANDIDATE_ONLY_NOT_G5_MATCHED,False,False,False,0
135,88504,85517,CHH,2015-05-06,CANDIDATE_ONLY_NOT_G5_MATCHED,False,False,False,0
135,88504,85576,RNWK,2015-05-06,CANDIDATE_ONLY_NOT_G5_MATCHED,False,False,False,0
135,88504,86822,EXTR,2015-05-06,CANDIDATE_ONLY_NOT_G5_MATCHED,False,False,False,0
135,88504,87043,QTM,2015-05-06,CANDIDATE_ONLY_NOT_G5_MATCHED,False,False,False,0
135,88504,87121,SALM,2015-05-06,CANDIDATE_ONLY_NOT_G5_MATCHED,False,False,False,0
135,88504,87227,EGAN,2015-05-06,CANDIDATE_ONLY_NOT_G5_MATCHED,False,False,False,0
135,88504,87602,MATR,2015-05-06,CANDIDATE_ONLY_NOT_G5_MATCHED,False,False,False,0
135,88504,87632,SQNM,2015-05-06,CANDIDATE_ONLY_NOT_G5_MATCHED,False,False,False,0
135,88504,88664,JKHY,2015-05-06,CANDIDATE_ONLY_NOT_G5_MATCHED,False,False,False,0
135,88504,89215,AHS,2015-05-06,CANDIDATE_ONLY_NOT_G5_MATCHED,False,False,False,0
135,88504,89369,LCI,2015-05-06,CANDIDATE_ONLY_NOT_G5_MATCHED,False,False,False,0
135,88504,90423,THRX,2015-05-06,CANDIDATE_ONLY_NOT_G5_MATCHED,False,False,False,0
135,88504,90440,NP,2015-05-06,CANDIDATE_ONLY_NOT_G5_MATCHED,False,False,False,0
135,88504,90533,WTI,2015-05-06,CANDIDATE_ONLY_NOT_G5_MATCHED,False,False,False,0
135,88504,90914,WBMD,2015-05-06,CANDIDATE_ONLY_NOT_G5_MATCHED,False,False,False,0
135,88504,90957,NXTM,2015-05-06,CANDIDATE_ONLY_NOT_G5_MATCHED,False,False,False,0
135,88504,91154,ALXA,2015-05-06,CANDIDATE_ONLY_NOT_G5_MATCHED,False,False,False,0
135,88504,91186,VNDA,2015-05-06,CANDIDATE_ONLY_NOT_G5_MATCHED,False,False,False,0
135,88504,91237,VG,2015-05-06,CANDIDATE_ONLY_NOT_G5_MATCHED,False,False,False,0
135,88504,91650,SE,2015-05-06,CANDIDATE_ONLY_NOT_G5_MATCHED,False,False,False,0
135,88504,91966,PNNT,2015-05-06,CANDIDATE_ONLY_NOT_G5_MATCHED,False,False,False,0
135,88504,91983,CLR,2015-05-06,CANDIDATE_ONLY_NOT_G5_MATCHED,False,False,False,0
135,88504,92021,SLH,2015-05-06,CANDIDATE_ONLY_NOT_G5_MATCHED,False,False,False,0
135,88504,92032,BIOD,2015-05-06,CANDIDATE_ONLY_NOT_G5_MATCHED,False,False,False,0
135,88504,92185,LOV,2015-05-06,CANDIDATE_ONLY_NOT_G5_MATCHED,False,False,False,0
135,88504,92220,MASI,2015-05-06,CANDIDATE_ONLY_NOT_G5_MATCHED,False,False,False,0
135,88504,92421,SD,2015-05-06,CANDIDATE_ONLY_NOT_G5_MATCHED,False,False,False,0
135,88504,92619,GTE,2015-05-06,CANDIDATE_ONLY_NOT_G5_MATCHED,False,False,False,0
135,88504,93071,VSI,2015-05-06,CANDIDATE_ONLY_NOT_G5_MATCHED,False,False,False,0
135,88504,93420,OAS,2015-05-06,CANDIDATE_ONLY_NOT_G5_MATCHED,False,False,False,0
135,88504,93436,TSLA,2015-05-06,CANDIDATE_ONLY_NOT_G5_MATCHED,False,False,False,0
136,88853,13708,REMY,2015-02-18,CANDIDATE_ONLY_NOT_G5_MATCHED,False,False,False,0
136,88853,14392,EPE,2015-02-18,CANDIDATE_ONLY_NOT_G5_MATCHED,False,False,False,0
136,88853,14401,OGS,2015-02-18,CANDIDATE_ONLY_NOT_G5_MATCHED,False,False,False,0
136,88853,27959,DUK,2015-02-18,CANDIDATE_ONLY_NOT_G5_MATCHED,False,False,False,0
136,88853,36898,SCL,2015-02-18,CANDIDATE_ONLY_NOT_G5_MATCHED,False,False,False,0
136,88853,38762,NI,2015-02-18,CANDIDATE_ONLY_NOT_G5_MATCHED,False,False,False,0
136,88853,44768,TILE,2015-02-18,CANDIDATE_ONLY_NOT_G5_MATCHED,False,False,False,0
136,88853,63079,KEG,2015-02-18,CANDIDATE_ONLY_NOT_G5_MATCHED,False,False,False,0
136,88853,75825,EOG,2015-02-18,CANDIDATE_ONLY_NOT_G5_MATCHED,False,False,False,0
136,88853,76582,DORM,2015-02-18,CANDIDATE_ONLY_NOT_G5_MATCHED,False,False,False,0
136,88853,77357,SNPS,2015-02-18,CANDIDATE_ONLY_NOT_G5_MATCHED,False,False,False,0
136,88853,79564,ARRS,2015-02-18,CANDIDATE_ONLY_NOT_G5_MATCHED,False,False,False,0
136,88853,81740,SBGI,2015-02-18,CANDIDATE_ONLY_NOT_G5_MATCHED,False,False,False,0
136,88853,81776,SUNE,2015-02-18,CANDIDATE_ONLY_NOT_G5_MATCHED,False,False,False,0
136,88853,82513,PCYC,2015-02-18,CANDIDATE_ONLY_NOT_G5_MATCHED,False,False,False,0
136,88853,85913,MAR,2015-02-18,CANDIDATE_ONLY_NOT_G5_MATCHED,False,False,False,0
136,88853,86106,EEP,2015-02-18,CANDIDATE_ONLY_NOT_G5_MATCHED,False,False,False,0
136,88853,88545,MDCO,2015-02-18,CANDIDATE_ONLY_NOT_G5_MATCHED,False,False,False,0
136,88853,90423,THRX,2015-02-18,CANDIDATE_ONLY_NOT_G5_MATCHED,False,False,False,0
136,88853,90558,HUN,2015-02-18,CANDIDATE_ONLY_NOT_G5_MATCHED,False,False,False,0
136,88853,90925,FNF,2015-02-18,CANDIDATE_ONLY_NOT_G5_MATCHED,False,False,False,0
136,88853,93423,SIX,2015-02-18,CANDIDATE_ONLY_NOT_G5_MATCHED,False,False,False,0
137,88860,10302,CY,2013-10-17,CANDIDATE_ONLY_NOT_G5_MATCHED,False,False,False,0
137,88860,10397,WERN,2013-10-17,CANDIDATE_ONLY_NOT_G5_MATCHED,False,False,False,0
137,88860,10629,FNB,2013-10-17,CANDIDATE_ONLY_NOT_G5_MATCHED,False,False,False,0
137,88860,11565,HBNC,2013-10-17,CANDIDATE_ONLY_NOT_G5_MATCHED,False,False,False,0
137,88860,12073,PBCT,2013-10-17,CANDIDATE_ONLY_NOT_G5_MATCHED,False,False,False,0
137,88860,15318,ASBC,2013-10-17,CANDIDATE_ONLY_NOT_G5_MATCHED,False,False,False,0
137,88860,17961,BGG,2013-10-17,CANDIDATE_ONLY_NOT_G5_MATCHED,False,False,False,0
137,88860,22509,PPG,2013-10-17,CANDIDATE_ONLY_NOT_G5_MATCHED,False,False,False,0
137,88860,25953,DOV,2013-10-17,CANDIDATE_ONLY_NOT_G5_MATCHED,False,False,False,0
137,88860,27887,BAX,2013-10-17,CANDIDATE_ONLY_NOT_G5_MATCHED,False,False,False,0
137,88860,34746,FITB,2013-10-17,CANDIDATE_ONLY_NOT_G5_MATCHED,False,False,False,0
137,88860,34817,NUE,2013-10-17,CANDIDATE_ONLY_NOT_G5_MATCHED,False,False,False,0
137,88860,35554,MTB,2013-10-17,CANDIDATE_ONLY_NOT_G5_MATCHED,False,False,False,0
137,88860,42906,HBAN,2013-10-17,CANDIDATE_ONLY_NOT_G5_MATCHED,False,False,False,0
137,88860,44951,SVU,2013-10-17,CANDIDATE_ONLY_NOT_G5_MATCHED,False,False,False,0
137,88860,48725,UNP,2013-10-17,CANDIDATE_ONLY_NOT_G5_MATCHED,False,False,False,0
137,88860,49680,DHR,2013-10-17,CANDIDATE_ONLY_NOT_G5_MATCHED,False,False,False,0
137,88860,51086,WGO,2013-10-17,CANDIDATE_ONLY_NOT_G5_MATCHED,False,False,False,0
137,88860,59619,SXT,2013-10-17,CANDIDATE_ONLY_NOT_G5_MATCHED,False,False,False,0
137,88860,60206,SNA,2013-10-17,CANDIDATE_ONLY_NOT_G5_MATCHED,False,False,False,0
137,88860,65875,VZ,2013-10-17,CANDIDATE_ONLY_NOT_G5_MATCHED,False,False,False,0
137,88860,71176,SON,2013-10-17,CANDIDATE_ONLY_NOT_G5_MATCHED,False,False,False,0
137,88860,71563,BBT,2013-10-17,CANDIDATE_ONLY_NOT_G5_MATCHED,False,False,False,0
137,88860,77425,USAK,2013-10-17,CANDIDATE_ONLY_NOT_G5_MATCHED,False,False,False,0
137,88860,79072,BANF,2013-10-17,CANDIDATE_ONLY_NOT_G5_MATCHED,False,False,False,0
137,88860,79628,UTEK,2013-10-17,CANDIDATE_ONLY_NOT_G5_MATCHED,False,False,False,0
137,88860,79824,FFIN,2013-10-17,CANDIDATE_ONLY_NOT_G5_MATCHED,False,False,False,0
137,88860,80128,VMI,2013-10-17,CANDIDATE_ONLY_NOT_G5_MATCHED,False,False,False,0
137,88860,80223,BPFH,2013-10-17,CANDIDATE_ONLY_NOT_G5_MATCHED,False,False,False,0
137,88860,80563,PENN,2013-10-17,CANDIDATE_ONLY_NOT_G5_MATCHED,False,False,False,0
137,88860,81055,COF,2013-10-17,CANDIDATE_ONLY_NOT_G5_MATCHED,False,False,False,0
137,88860,81294,WDFC,2013-10-17,CANDIDATE_ONLY_NOT_G5_MATCHED,False,False,False,0
137,88860,81541,MBFI,2013-10-17,CANDIDATE_ONLY_NOT_G5_MATCHED,False,False,False,0
137,88860,83272,HUBG,2013-10-17,CANDIDATE_ONLY_NOT_G5_MATCHED,False,False,False,0
137,88860,84373,DGX,2013-10-17,CANDIDATE_ONLY_NOT_G5_MATCHED,False,False,False,0
137,88860,84769,APH,2013-10-17,CANDIDATE_ONLY_NOT_G5_MATCHED,False,False,False,0
137,88860,84827,RMBS,2013-10-17,CANDIDATE_ONLY_NOT_G5_MATCHED,False,False,False,0
137,88860,86157,COBZ,2013-10-17,CANDIDATE_ONLY_NOT_G5_MATCHED,False,False,False,0
137,88860,86868,GS,2013-10-17,CANDIDATE_ONLY_NOT_G5_MATCHED,False,False,False,0
137,88860,87020,PVTB,2013-10-17,CANDIDATE_ONLY_NOT_G5_MATCHED,False,False,False,0
137,88860,87139,FCS,2013-10-17,CANDIDATE_ONLY_NOT_G5_MATCHED,False,False,False,0
137,88860,87179,NTCT,2013-10-17,CANDIDATE_ONLY_NOT_G5_MATCHED,False,False,False,0
137,88860,87725,IIIN,2013-10-17,CANDIDATE_ONLY_NOT_G5_MATCHED,False,False,False,0
137,88860,88331,CPHD,2013-10-17,CANDIDATE_ONLY_NOT_G5_MATCHED,False,False,False,0
137,88860,88991,BTU,2013-10-17,CANDIDATE_ONLY_NOT_G5_MATCHED,False,False,False,0
137,88860,89002,ADS,2013-10-17,CANDIDATE_ONLY_NOT_G5_MATCHED,False,False,False,0
137,88860,89611,ACTG,2013-10-17,CANDIDATE_ONLY_NOT_G5_MATCHED,False,False,False,0
137,88860,89642,BBNK,2013-10-17,CANDIDATE_ONLY_NOT_G5_MATCHED,False,False,False,0
137,88860,89941,TZOO,2013-10-17,CANDIDATE_ONLY_NOT_G5_MATCHED,False,False,False,0
137,88860,90164,GHL,2013-10-17,CANDIDATE_ONLY_NOT_G5_MATCHED,False,False,False,0
137,88860,90776,WAL,2013-10-17,CANDIDATE_ONLY_NOT_G5_MATCHED,False,False,False,0
137,88860,90824,UBNK,2013-10-17,CANDIDATE_ONLY_NOT_G5_MATCHED,False,False,False,0
137,88860,91068,CMG,2013-10-17,CANDIDATE_ONLY_NOT_G5_MATCHED,False,False,False,0
137,88860,91977,BGS,2013-10-17,CANDIDATE_ONLY_NOT_G5_MATCHED,False,False,False,0
137,88860,92655,UNH,2013-10-17,CANDIDATE_ONLY_NOT_G5_MATCHED,False,False,False,0
138,88949,10302,CY,2015-04-30,CANDIDATE_ONLY_NOT_G5_MATCHED,False,False,False,0
138,88949,10421,SKYW,2015-04-30,CANDIDATE_ONLY_NOT_G5_MATCHED,False,False,False,0
138,88949,10693,HLS,2015-04-30,CANDIDATE_ONLY_NOT_G5_MATCHED,False,False,False,0
138,88949,13085,VAC,2015-04-30,CANDIDATE_ONLY_NOT_G5_MATCHED,False,False,False,0
138,88949,13343,MRC,2015-04-30,CANDIDATE_ONLY_NOT_G5_MATCHED,False,False,False,0
138,88949,13690,RKUS,2015-04-30,CANDIDATE_ONLY_NOT_G5_MATCHED,False,False,False,0
138,88949,13739,BFAM,2015-04-30,CANDIDATE_ONLY_NOT_G5_MATCHED,False,False,False,0
138,88949,13818,PF,2015-04-30,CANDIDATE_ONLY_NOT_G5_MATCHED,False,False,False,0
138,88949,14005,TXTR,2015-04-30,CANDIDATE_ONLY_NOT_G5_MATCHED,False,False,False,0
138,88949,14131,MYCC,2015-04-30,CANDIDATE_ONLY_NOT_G5_MATCHED,False,False,False,0
138,88949,14159,FEYE,2015-04-30,CANDIDATE_ONLY_NOT_G5_MATCHED,False,False,False,0
138,88949,14325,TNDM,2015-04-30,CANDIDATE_ONLY_NOT_G5_MATCHED,False,False,False,0
138,88949,14335,CQH,2015-04-30,CANDIDATE_ONLY_NOT_G5_MATCHED,False,False,False,0
138,88949,14471,TLMR,2015-04-30,CANDIDATE_ONLY_NOT_G5_MATCHED,False,False,False,0
138,88949,14795,TKR,2015-04-30,CANDIDATE_ONLY_NOT_G5_MATCHED,False,False,False,0
138,88949,19721,VVI,2015-04-30,CANDIDATE_ONLY_NOT_G5_MATCHED,False,False,False,0
138,88949,21371,CAH,2015-04-30,CANDIDATE_ONLY_NOT_G5_MATCHED,False,False,False,0
138,88949,21928,IDA,2015-04-30,CANDIDATE_ONLY_NOT_G5_MATCHED,False,False,False,0
138,88949,23085,SCG,2015-04-30,CANDIDATE_ONLY_NOT_G5_MATCHED,False,False,False,0
138,88949,28222,APD,2015-04-30,CANDIDATE_ONLY_NOT_G5_MATCHED,False,False,False,0
138,88949,34673,NR,2015-04-30,CANDIDATE_ONLY_NOT_G5_MATCHED,False,False,False,0
138,88949,38762,NI,2015-04-30,CANDIDATE_ONLY_NOT_G5_MATCHED,False,False,False,0
138,88949,39220,SMP,2015-04-30,CANDIDATE_ONLY_NOT_G5_MATCHED,False,False,False,0
138,88949,40416,AVP,2015-04-30,CANDIDATE_ONLY_NOT_G5_MATCHED,False,False,False,0
138,88949,40440,DBD,2015-04-30,CANDIDATE_ONLY_NOT_G5_MATCHED,False,False,False,0
138,88949,47706,FSS,2015-04-30,CANDIDATE_ONLY_NOT_G5_MATCHED,False,False,False,0
138,88949,48523,LANC,2015-04-30,CANDIDATE_ONLY_NOT_G5_MATCHED,False,False,False,0
138,88949,57568,BLL,2015-04-30,CANDIDATE_ONLY_NOT_G5_MATCHED,False,False,False,0
138,88949,58819,LNT,2015-04-30,CANDIDATE_ONLY_NOT_G5_MATCHED,False,False,False,0
138,88949,60943,LEG,2015-04-30,CANDIDATE_ONLY_NOT_G5_MATCHED,False,False,False,0
138,88949,61496,PATK,2015-04-30,CANDIDATE_ONLY_NOT_G5_MATCHED,False,False,False,0
138,88949,62498,WST,2015-04-30,CANDIDATE_ONLY_NOT_G5_MATCHED,False,False,False,0
138,88949,63335,PES,2015-04-30,CANDIDATE_ONLY_NOT_G5_MATCHED,False,False,False,0
138,88949,72696,SPF,2015-04-30,CANDIDATE_ONLY_NOT_G5_MATCHED,False,False,False,0
138,88949,75714,CLRO,2015-04-30,CANDIDATE_ONLY_NOT_G5_MATCHED,False,False,False,0
138,88949,76230,TRMB,2015-04-30,CANDIDATE_ONLY_NOT_G5_MATCHED,False,False,False,0
138,88949,76461,FHCO,2015-04-30,CANDIDATE_ONLY_NOT_G5_MATCHED,False,False,False,0
138,88949,76732,DIN,2015-04-30,CANDIDATE_ONLY_NOT_G5_MATCHED,False,False,False,0
138,88949,77279,ABAX,2015-04-30,CANDIDATE_ONLY_NOT_G5_MATCHED,False,False,False,0
138,88949,77763,SPN,2015-04-30,CANDIDATE_ONLY_NOT_G5_MATCHED,False,False,False,0
138,88949,78071,BIOL,2015-04-30,CANDIDATE_ONLY_NOT_G5_MATCHED,False,False,False,0
138,88949,78211,UVE,2015-04-30,CANDIDATE_ONLY_NOT_G5_MATCHED,False,False,False,0
138,88949,78903,PEBO,2015-04-30,CANDIDATE_ONLY_NOT_G5_MATCHED,False,False,False,0
138,88949,79198,TWI,2015-04-30,CANDIDATE_ONLY_NOT_G5_MATCHED,False,False,False,0
138,88949,79248,THRM,2015-04-30,CANDIDATE_ONLY_NOT_G5_MATCHED,False,False,False,0
138,88949,79336,LBY,2015-04-30,CANDIDATE_ONLY_NOT_G5_MATCHED,False,False,False,0
138,88949,79571,CASH,2015-04-30,CANDIDATE_ONLY_NOT_G5_MATCHED,False,False,False,0
138,88949,79724,OMG,2015-04-30,CANDIDATE_ONLY_NOT_G5_MATCHED,False,False,False,0
138,88949,79758,BYD,2015-04-30,CANDIDATE_ONLY_NOT_G5_MATCHED,False,False,False,0
138,88949,79879,JDSU,2015-04-30,CANDIDATE_ONLY_NOT_G5_MATCHED,False,False,False,0
138,88949,79903,HHS,2015-04-30,CANDIDATE_ONLY_NOT_G5_MATCHED,False,False,False,0
138,88949,80072,VLY,2015-04-30,CANDIDATE_ONLY_NOT_G5_MATCHED,False,False,False,0
138,88949,80539,NKTR,2015-04-30,CANDIDATE_ONLY_NOT_G5_MATCHED,False,False,False,0
138,88949,82292,THG,2015-04-30,CANDIDATE_ONLY_NOT_G5_MATCHED,False,False,False,0
138,88949,82486,ERIE,2015-04-30,CANDIDATE_ONLY_NOT_G5_MATCHED,False,False,False,0
138,88949,83244,CENX,2015-04-30,CANDIDATE_ONLY_NOT_G5_MATCHED,False,False,False,0
138,88949,83366,CRR,2015-04-30,CANDIDATE_ONLY_NOT_G5_MATCHED,False,False,False,0
138,88949,83534,NBIX,2015-04-30,CANDIDATE_ONLY_NOT_G5_MATCHED,False,False,False,0
138,88949,84723,LNG,2015-04-30,CANDIDATE_ONLY_NOT_G5_MATCHED,False,False,False,0
138,88949,85424,DRQ,2015-04-30,CANDIDATE_ONLY_NOT_G5_MATCHED,False,False,False,0
138,88949,85792,PWR,2015-04-30,CANDIDATE_ONLY_NOT_G5_MATCHED,False,False,False,0
138,88949,85839,NUTR,2015-04-30,CANDIDATE_ONLY_NOT_G5_MATCHED,False,False,False,0
138,88949,86051,AXTI,2015-04-30,CANDIDATE_ONLY_NOT_G5_MATCHED,False,False,False,0
138,88949,86106,EEP,2015-04-30,CANDIDATE_ONLY_NOT_G5_MATCHED,False,False,False,0
138,88949,86544,BCOR,2015-04-30,CANDIDATE_ONLY_NOT_G5_MATCHED,False,False,False,0
138,88949,88379,NTRI,2015-04-30,CANDIDATE_ONLY_NOT_G5_MATCHED,False,False,False,0
138,88949,88574,TSYS,2015-04-30,CANDIDATE_ONLY_NOT_G5_MATCHED,False,False,False,0
138,88949,88597,POL,2015-04-30,CANDIDATE_ONLY_NOT_G5_MATCHED,False,False,False,0
138,88949,88626,DRRX,2015-04-30,CANDIDATE_ONLY_NOT_G5_MATCHED,False,False,False,0
138,88949,89031,TASR,2015-04-30,CANDIDATE_ONLY_NOT_G5_MATCHED,False,False,False,0
138,88949,89070,ZMH,2015-04-30,CANDIDATE_ONLY_NOT_G5_MATCHED,False,False,False,0
138,88949,89110,OMCL,2015-04-30,CANDIDATE_ONLY_NOT_G5_MATCHED,False,False,False,0
138,88949,89626,CME,2015-04-30,CANDIDATE_ONLY_NOT_G5_MATCHED,False,False,False,0
138,88949,89905,CALD,2015-04-30,CANDIDATE_ONLY_NOT_G5_MATCHED,False,False,False,0
138,88949,89973,UTI,2015-04-30,CANDIDATE_ONLY_NOT_G5_MATCHED,False,False,False,0
138,88949,90238,SNMX,2015-04-30,CANDIDATE_ONLY_NOT_G5_MATCHED,False,False,False,0
138,88949,90374,DWA,2015-04-30,CANDIDATE_ONLY_NOT_G5_MATCHED,False,False,False,0
138,88949,90386,MOS,2015-04-30,CANDIDATE_ONLY_NOT_G5_MATCHED,False,False,False,0
138,88949,90404,CLMS,2015-04-30,CANDIDATE_ONLY_NOT_G5_MATCHED,False,False,False,0
138,88949,90558,HUN,2015-04-30,CANDIDATE_ONLY_NOT_G5_MATCHED,False,False,False,0
138,88949,90786,ITC,2015-04-30,CANDIDATE_ONLY_NOT_G5_MATCHED,False,False,False,0
138,88949,90808,EXPE,2015-04-30,CANDIDATE_ONLY_NOT_G5_MATCHED,False,False,False,0
138,88949,90952,ISBC,2015-04-30,CANDIDATE_ONLY_NOT_G5_MATCHED,False,False,False,0
138,88949,90978,SPWR,2015-04-30,CANDIDATE_ONLY_NOT_G5_MATCHED,False,False,False,0
138,88949,91041,LYV,2015-04-30,CANDIDATE_ONLY_NOT_G5_MATCHED,False,False,False,0
138,88949,91063,VIAB,2015-04-30,CANDIDATE_ONLY_NOT_G5_MATCHED,False,False,False,0
138,88949,91814,ARAY,2015-04-30,CANDIDATE_ONLY_NOT_G5_MATCHED,False,False,False,0
138,88949,91854,UFS,2015-04-30,CANDIDATE_ONLY_NOT_G5_MATCHED,False,False,False,0
138,88949,92050,PODD,2015-04-30,CANDIDATE_ONLY_NOT_G5_MATCHED,False,False,False,0
138,88949,92326,CVI,2015-04-30,CANDIDATE_ONLY_NOT_G5_MATCHED,False,False,False,0
138,88949,92611,V,2015-04-30,CANDIDATE_ONLY_NOT_G5_MATCHED,False,False,False,0
138,88949,92894,HTWR,2015-04-30,CANDIDATE_ONLY_NOT_G5_MATCHED,False,False,False,0
138,88949,92924,DGI,2015-04-30,CANDIDATE_ONLY_NOT_G5_MATCHED,False,False,False,0
138,88949,93035,SEM,2015-04-30,CANDIDATE_ONLY_NOT_G5_MATCHED,False,False,False,0
138,88949,93073,ADUS,2015-04-30,CANDIDATE_ONLY_NOT_G5_MATCHED,False,False,False,0
139,89014,10107,MSFT,2015-04-23,CANDIDATE_ONLY_NOT_G5_MATCHED,False,False,False,0
139,89014,10629,FNB,2015-04-23,CANDIDATE_ONLY_NOT_G5_MATCHED,False,False,False,0
139,89014,10890,UIS,2015-04-23,CANDIDATE_ONLY_NOT_G5_MATCHED,False,False,False,0
139,89014,11533,FICO,2015-04-23,CANDIDATE_ONLY_NOT_G5_MATCHED,False,False,False,0
139,89014,11628,CPF,2015-04-23,CANDIDATE_ONLY_NOT_G5_MATCHED,False,False,False,0
139,89014,11786,SIVB,2015-04-23,CANDIDATE_ONLY_NOT_G5_MATCHED,False,False,False,0
139,89014,11896,MXIM,2015-04-23,CANDIDATE_ONLY_NOT_G5_MATCHED,False,False,False,0
139,89014,12088,PSTB,2015-04-23,CANDIDATE_ONLY_NOT_G5_MATCHED,False,False,False,0
139,89014,12369,GM,2015-04-23,CANDIDATE_ONLY_NOT_G5_MATCHED,False,False,False,0
139,89014,13579,NBHC,2015-04-23,CANDIDATE_ONLY_NOT_G5_MATCHED,False,False,False,0
139,89014,13721,ABBV,2015-04-23,CANDIDATE_ONLY_NOT_G5_MATCHED,False,False,False,0
139,89014,13856,PEP,2015-04-23,CANDIDATE_ONLY_NOT_G5_MATCHED,False,False,False,0
139,89014,13932,MKTO,2015-04-23,CANDIDATE_ONLY_NOT_G5_MATCHED,False,False,False,0
139,89014,13992,GIMO,2015-04-23,CANDIDATE_ONLY_NOT_G5_MATCHED,False,False,False,0
139,89014,17961,BGG,2015-04-23,CANDIDATE_ONLY_NOT_G5_MATCHED,False,False,False,0
139,89014,18542,CAT,2015-04-23,CANDIDATE_ONLY_NOT_G5_MATCHED,False,False,False,0
139,89014,23229,CMS,2015-04-23,CANDIDATE_ONLY_NOT_G5_MATCHED,False,False,False,0
139,89014,24109,AEP,2015-04-23,CANDIDATE_ONLY_NOT_G5_MATCHED,False,False,False,0
139,89014,24942,RTN,2015-04-23,CANDIDATE_ONLY_NOT_G5_MATCHED,False,False,False,0
139,89014,28804,ALK,2015-04-23,CANDIDATE_ONLY_NOT_G5_MATCHED,False,False,False,0
139,89014,34817,NUE,2015-04-23,CANDIDATE_ONLY_NOT_G5_MATCHED,False,False,False,0
139,89014,42534,JCI,2015-04-23,CANDIDATE_ONLY_NOT_G5_MATCHED,False,False,False,0
139,89014,42796,MDP,2015-04-23,CANDIDATE_ONLY_NOT_G5_MATCHED,False,False,False,0
139,89014,43350,SWK,2015-04-23,CANDIDATE_ONLY_NOT_G5_MATCHED,False,False,False,0
139,89014,46886,KLAC,2015-04-23,CANDIDATE_ONLY_NOT_G5_MATCHED,False,False,False,0
139,89014,48725,UNP,2015-04-23,CANDIDATE_ONLY_NOT_G5_MATCHED,False,False,False,0
139,89014,49680,DHR,2015-04-23,CANDIDATE_ONLY_NOT_G5_MATCHED,False,False,False,0
139,89014,50876,LLY,2015-04-23,CANDIDATE_ONLY_NOT_G5_MATCHED,False,False,False,0
139,89014,51960,MXWL,2015-04-23,CANDIDATE_ONLY_NOT_G5_MATCHED,False,False,False,0
139,89014,52230,RHI,2015-04-23,CANDIDATE_ONLY_NOT_G5_MATCHED,False,False,False,0
139,89014,53640,MSCC,2015-04-23,CANDIDATE_ONLY_NOT_G5_MATCHED,False,False,False,0
139,89014,54148,PHM,2015-04-23,CANDIDATE_ONLY_NOT_G5_MATCHED,False,False,False,0
139,89014,58683,LUV,2015-04-23,CANDIDATE_ONLY_NOT_G5_MATCHED,False,False,False,0
139,89014,59192,CB,2015-04-23,CANDIDATE_ONLY_NOT_G5_MATCHED,False,False,False,0
139,89014,59396,ORI,2015-04-23,CANDIDATE_ONLY_NOT_G5_MATCHED,False,False,False,0
139,89014,63765,SWN,2015-04-23,CANDIDATE_ONLY_NOT_G5_MATCHED,False,False,False,0
139,89014,71563,BBT,2015-04-23,CANDIDATE_ONLY_NOT_G5_MATCHED,False,False,False,0
139,89014,75342,MTH,2015-04-23,CANDIDATE_ONLY_NOT_G5_MATCHED,False,False,False,0
139,89014,75577,ALTR,2015-04-23,CANDIDATE_ONLY_NOT_G5_MATCHED,False,False,False,0
139,89014,76224,BHE,2015-04-23,CANDIDATE_ONLY_NOT_G5_MATCHED,False,False,False,0
139,89014,76591,QDEL,2015-04-23,CANDIDATE_ONLY_NOT_G5_MATCHED,False,False,False,0
139,89014,77366,ELY,2015-04-23,CANDIDATE_ONLY_NOT_G5_MATCHED,False,False,False,0
139,89014,78137,CKH,2015-04-23,CANDIDATE_ONLY_NOT_G5_MATCHED,False,False,False,0
139,89014,78977,JAH,2015-04-23,CANDIDATE_ONLY_NOT_G5_MATCHED,False,False,False,0
139,89014,78981,LSTR,2015-04-23,CANDIDATE_ONLY_NOT_G5_MATCHED,False,False,False,0
139,89014,79857,PTEN,2015-04-23,CANDIDATE_ONLY_NOT_G5_MATCHED,False,False,False,0
139,89014,79909,MHO,2015-04-23,CANDIDATE_ONLY_NOT_G5_MATCHED,False,False,False,0
139,89014,80498,ABCB,2015-04-23,CANDIDATE_ONLY_NOT_G5_MATCHED,False,False,False,0
139,89014,80864,RS,2015-04-23,CANDIDATE_ONLY_NOT_G5_MATCHED,False,False,False,0
139,89014,80943,MTSN,2015-04-23,CANDIDATE_ONLY_NOT_G5_MATCHED,False,False,False,0
139,89014,81055,COF,2015-04-23,CANDIDATE_ONLY_NOT_G5_MATCHED,False,False,False,0
139,89014,81162,MCRL,2015-04-23,CANDIDATE_ONLY_NOT_G5_MATCHED,False,False,False,0
139,89014,81666,HA,2015-04-23,CANDIDATE_ONLY_NOT_G5_MATCHED,False,False,False,0
139,89014,81857,CAM,2015-04-23,CANDIDATE_ONLY_NOT_G5_MATCHED,False,False,False,0
139,89014,83186,DST,2015-04-23,CANDIDATE_ONLY_NOT_G5_MATCHED,False,False,False,0
139,89014,83272,HUBG,2015-04-23,CANDIDATE_ONLY_NOT_G5_MATCHED,False,False,False,0
139,89014,83815,DCOM,2015-04-23,CANDIDATE_ONLY_NOT_G5_MATCHED,False,False,False,0
139,89014,84373,DGX,2015-04-23,CANDIDATE_ONLY_NOT_G5_MATCHED,False,False,False,0
139,89014,85731,HFWA,2015-04-23,CANDIDATE_ONLY_NOT_G5_MATCHED,False,False,False,0
139,89014,85753,VRSN,2015-04-23,CANDIDATE_ONLY_NOT_G5_MATCHED,False,False,False,0
139,89014,86102,FII,2015-04-23,CANDIDATE_ONLY_NOT_G5_MATCHED,False,False,False,0
139,89014,86228,RSG,2015-04-23,CANDIDATE_ONLY_NOT_G5_MATCHED,False,False,False,0
139,89014,86814,AMNB,2015-04-23,CANDIDATE_ONLY_NOT_G5_MATCHED,False,False,False,0
139,89014,86876,WCC,2015-04-23,CANDIDATE_ONLY_NOT_G5_MATCHED,False,False,False,0
139,89014,86979,JNPR,2015-04-23,CANDIDATE_ONLY_NOT_G5_MATCHED,False,False,False,0
139,89014,87657,EW,2015-04-23,CANDIDATE_ONLY_NOT_G5_MATCHED,False,False,False,0
139,89014,88331,CPHD,2015-04-23,CANDIDATE_ONLY_NOT_G5_MATCHED,False,False,False,0
139,89014,88860,ALGN,2015-04-23,CANDIDATE_ONLY_NOT_G5_MATCHED,False,False,False,0
139,89014,88991,BTU,2015-04-23,CANDIDATE_ONLY_NOT_G5_MATCHED,False,False,False,0
139,89014,89290,SYNA,2015-04-23,CANDIDATE_ONLY_NOT_G5_MATCHED,False,False,False,0
139,89014,89800,NTGR,2015-04-23,CANDIDATE_ONLY_NOT_G5_MATCHED,False,False,False,0
139,89014,89810,GPK,2015-04-23,CANDIDATE_ONLY_NOT_G5_MATCHED,False,False,False,0
139,89014,90164,GHL,2015-04-23,CANDIDATE_ONLY_NOT_G5_MATCHED,False,False,False,0
139,89014,90248,DPZ,2015-04-23,CANDIDATE_ONLY_NOT_G5_MATCHED,False,False,False,0
139,89014,90458,NWE,2015-04-23,CANDIDATE_ONLY_NOT_G5_MATCHED,False,False,False,0
139,89014,91040,BAS,2015-04-23,CANDIDATE_ONLY_NOT_G5_MATCHED,False,False,False,0
139,89014,91103,UAL,2015-04-23,CANDIDATE_ONLY_NOT_G5_MATCHED,False,False,False,0
139,89014,92188,WBC,2015-04-23,CANDIDATE_ONLY_NOT_G5_MATCHED,False,False,False,0
139,89014,92207,SHOR,2015-04-23,CANDIDATE_ONLY_NOT_G5_MATCHED,False,False,False,0
139,89014,92497,N,2015-04-23,CANDIDATE_ONLY_NOT_G5_MATCHED,False,False,False,0
139,89014,92570,DAN,2015-04-23,CANDIDATE_ONLY_NOT_G5_MATCHED,False,False,False,0
139,89014,93374,FAF,2015-04-23,CANDIDATE_ONLY_NOT_G5_MATCHED,False,False,False,0
140,89204,12570,ITT,2011-10-28,CANDIDATE_ONLY_NOT_G5_MATCHED,False,False,False,0
140,89204,14541,CVX,2011-10-28,CANDIDATE_ONLY_NOT_G5_MATCHED,False,False,False,0
140,89204,22752,MRK,2011-10-28,CANDIDATE_ONLY_NOT_G5_MATCHED,False,False,False,0
140,89204,24221,CEG,2011-10-28,CANDIDATE_ONLY_NOT_G5_MATCHED,False,False,False,0
140,89204,39693,B,2011-10-28,CANDIDATE_ONLY_NOT_G5_MATCHED,False,False,False,0
140,89204,47205,KDN,2011-10-28,CANDIDATE_ONLY_NOT_G5_MATCHED,False,False,False,0
140,89204,52396,SUP,2011-10-28,CANDIDATE_ONLY_NOT_G5_MATCHED,False,False,False,0
140,89204,53065,IPG,2011-10-28,CANDIDATE_ONLY_NOT_G5_MATCHED,False,False,False,0
140,89204,56611,NPBC,2011-10-28,CANDIDATE_ONLY_NOT_G5_MATCHED,False,False,False,0
140,89204,60468,GHM,2011-10-28,CANDIDATE_ONLY_NOT_G5_MATCHED,False,False,False,0
140,89204,60986,NWL,2011-10-28,CANDIDATE_ONLY_NOT_G5_MATCHED,False,False,False,0
140,89204,64186,CI,2011-10-28,CANDIDATE_ONLY_NOT_G5_MATCHED,False,False,False,0
140,89204,68857,CVC,2011-10-28,CANDIDATE_ONLY_NOT_G5_MATCHED,False,False,False,0
140,89204,72494,SR,2011-10-28,CANDIDATE_ONLY_NOT_G5_MATCHED,False,False,False,0
140,89204,76619,CVH,2011-10-28,CANDIDATE_ONLY_NOT_G5_MATCHED,False,False,False,0
140,89204,76841,BIIB,2011-10-28,CANDIDATE_ONLY_NOT_G5_MATCHED,False,False,False,0
140,89204,78156,HMSY,2011-10-28,CANDIDATE_ONLY_NOT_G5_MATCHED,False,False,False,0
140,89204,79116,TCBK,2011-10-28,CANDIDATE_ONLY_NOT_G5_MATCHED,False,False,False,0
140,89204,83120,CMCO,2011-10-28,CANDIDATE_ONLY_NOT_G5_MATCHED,False,False,False,0
140,89204,83950,SPPI,2011-10-28,CANDIDATE_ONLY_NOT_G5_MATCHED,False,False,False,0
140,89204,84375,TEN,2011-10-28,CANDIDATE_ONLY_NOT_G5_MATCHED,False,False,False,0
140,89204,84389,SCBT,2011-10-28,CANDIDATE_ONLY_NOT_G5_MATCHED,False,False,False,0
140,89204,86899,LPNT,2011-10-28,CANDIDATE_ONLY_NOT_G5_MATCHED,False,False,False,0
140,89204,89014,COL,2011-10-28,CANDIDATE_ONLY_NOT_G5_MATCHED,False,False,False,0
140,89204,92530,CPN,2011-10-28,CANDIDATE_ONLY_NOT_G5_MATCHED,False,False,False,0
141,89258,10443,FRPH,2015-05-06,CANDIDATE_ONLY_NOT_G5_MATCHED,False,False,False,0
141,89258,10933,MKL,2015-05-06,CANDIDATE_ONLY_NOT_G5_MATCHED,False,False,False,0
141,89258,12051,IL,2015-05-06,CANDIDATE_ONLY_NOT_G5_MATCHED,False,False,False,0
141,89258,12149,JNP,2015-05-06,CANDIDATE_ONLY_NOT_G5_MATCHED,False,False,False,0
141,89258,12477,WD,2015-05-06,CANDIDATE_ONLY_NOT_G5_MATCHED,False,False,False,0
141,89258,12501,FRP,2015-05-06,CANDIDATE_ONLY_NOT_G5_MATCHED,False,False,False,0
141,89258,12557,IFT,2015-05-06,CANDIDATE_ONLY_NOT_G5_MATCHED,False,False,False,0
141,89258,12781,LG,2015-05-06,CANDIDATE_ONLY_NOT_G5_MATCHED,False,False,False,0
141,89258,13139,SN,2015-05-06,CANDIDATE_ONLY_NOT_G5_MATCHED,False,False,False,0
141,89258,13267,CZR,2015-05-06,CANDIDATE_ONLY_NOT_G5_MATCHED,False,False,False,0
141,89258,13708,REMY,2015-05-06,CANDIDATE_ONLY_NOT_G5_MATCHED,False,False,False,0
141,89258,13812,MRIN,2015-05-06,CANDIDATE_ONLY_NOT_G5_MATCHED,False,False,False,0
141,89258,13862,TMHC,2015-05-06,CANDIDATE_ONLY_NOT_G5_MATCHED,False,False,False,0
141,89258,13904,VOYA,2015-05-06,CANDIDATE_ONLY_NOT_G5_MATCHED,False,False,False,0
141,89258,14054,MRTX,2015-05-06,CANDIDATE_ONLY_NOT_G5_MATCHED,False,False,False,0
141,89258,14273,CHGG,2015-05-06,CANDIDATE_ONLY_NOT_G5_MATCHED,False,False,False,0
141,89258,14337,FGL,2015-05-06,CANDIDATE_ONLY_NOT_G5_MATCHED,False,False,False,0
141,89258,19828,WEN,2015-05-06,CANDIDATE_ONLY_NOT_G5_MATCHED,False,False,False,0
141,89258,23182,CPK,2015-05-06,CANDIDATE_ONLY_NOT_G5_MATCHED,False,False,False,0
141,89258,24969,AVA,2015-05-06,CANDIDATE_ONLY_NOT_G5_MATCHED,False,False,False,0
141,89258,41187,HE,2015-05-06,CANDIDATE_ONLY_NOT_G5_MATCHED,False,False,False,0
141,89258,51633,VVC,2015-05-06,CANDIDATE_ONLY_NOT_G5_MATCHED,False,False,False,0
141,89258,57509,GDP,2015-05-06,CANDIDATE_ONLY_NOT_G5_MATCHED,False,False,False,0
141,89258,57534,NEWP,2015-05-06,CANDIDATE_ONLY_NOT_G5_MATCHED,False,False,False,0
141,89258,61269,PKOH,2015-05-06,CANDIDATE_ONLY_NOT_G5_MATCHED,False,False,False,0
141,89258,76584,ATML,2015-05-06,CANDIDATE_ONLY_NOT_G5_MATCHED,False,False,False,0
141,89258,77292,PDLI,2015-05-06,CANDIDATE_ONLY_NOT_G5_MATCHED,False,False,False,0
141,89258,77340,POWR,2015-05-06,CANDIDATE_ONLY_NOT_G5_MATCHED,False,False,False,0
141,89258,77868,PRCP,2015-05-06,CANDIDATE_ONLY_NOT_G5_MATCHED,False,False,False,0
141,89258,78950,ALG,2015-05-06,CANDIDATE_ONLY_NOT_G5_MATCHED,False,False,False,0
141,89258,80167,HAIN,2015-05-06,CANDIDATE_ONLY_NOT_G5_MATCHED,False,False,False,0
141,89258,80191,ALB,2015-05-06,CANDIDATE_ONLY_NOT_G5_MATCHED,False,False,False,0
141,89258,80343,NNBR,2015-05-06,CANDIDATE_ONLY_NOT_G5_MATCHED,False,False,False,0
141,89258,80926,CPE,2015-05-06,CANDIDATE_ONLY_NOT_G5_MATCHED,False,False,False,0
141,89258,81740,SBGI,2015-05-06,CANDIDATE_ONLY_NOT_G5_MATCHED,False,False,False,0
141,89258,82266,CVO,2015-05-06,CANDIDATE_ONLY_NOT_G5_MATCHED,False,False,False,0
141,89258,82644,MIG,2015-05-06,CANDIDATE_ONLY_NOT_G5_MATCHED,False,False,False,0
141,89258,83411,EPM,2015-05-06,CANDIDATE_ONLY_NOT_G5_MATCHED,False,False,False,0
141,89258,83779,PEGA,2015-05-06,CANDIDATE_ONLY_NOT_G5_MATCHED,False,False,False,0
141,89258,84172,NUS,2015-05-06,CANDIDATE_ONLY_NOT_G5_MATCHED,False,False,False,0
141,89258,84604,CTIC,2015-05-06,CANDIDATE_ONLY_NOT_G5_MATCHED,False,False,False,0
141,89258,85271,ACAS,2015-05-06,CANDIDATE_ONLY_NOT_G5_MATCHED,False,False,False,0
141,89258,85517,CHH,2015-05-06,CANDIDATE_ONLY_NOT_G5_MATCHED,False,False,False,0
141,89258,85576,RNWK,2015-05-06,CANDIDATE_ONLY_NOT_G5_MATCHED,False,False,False,0
141,89258,86822,EXTR,2015-05-06,CANDIDATE_ONLY_NOT_G5_MATCHED,False,False,False,0
141,89258,87043,QTM,2015-05-06,CANDIDATE_ONLY_NOT_G5_MATCHED,False,False,False,0
141,89258,87121,SALM,2015-05-06,CANDIDATE_ONLY_NOT_G5_MATCHED,False,False,False,0
141,89258,87227,EGAN,2015-05-06,CANDIDATE_ONLY_NOT_G5_MATCHED,False,False,False,0
141,89258,87602,MATR,2015-05-06,CANDIDATE_ONLY_NOT_G5_MATCHED,False,False,False,0
141,89258,87632,SQNM,2015-05-06,CANDIDATE_ONLY_NOT_G5_MATCHED,False,False,False,0
141,89258,88664,JKHY,2015-05-06,CANDIDATE_ONLY_NOT_G5_MATCHED,False,False,False,0
141,89258,89215,AHS,2015-05-06,CANDIDATE_ONLY_NOT_G5_MATCHED,False,False,False,0
141,89258,89369,LCI,2015-05-06,CANDIDATE_ONLY_NOT_G5_MATCHED,False,False,False,0
141,89258,90423,THRX,2015-05-06,CANDIDATE_ONLY_NOT_G5_MATCHED,False,False,False,0
141,89258,90440,NP,2015-05-06,CANDIDATE_ONLY_NOT_G5_MATCHED,False,False,False,0
141,89258,90533,WTI,2015-05-06,CANDIDATE_ONLY_NOT_G5_MATCHED,False,False,False,0
141,89258,90914,WBMD,2015-05-06,CANDIDATE_ONLY_NOT_G5_MATCHED,False,False,False,0
141,89258,90957,NXTM,2015-05-06,CANDIDATE_ONLY_NOT_G5_MATCHED,False,False,False,0
141,89258,91154,ALXA,2015-05-06,CANDIDATE_ONLY_NOT_G5_MATCHED,False,False,False,0
141,89258,91186,VNDA,2015-05-06,CANDIDATE_ONLY_NOT_G5_MATCHED,False,False,False,0
141,89258,91237,VG,2015-05-06,CANDIDATE_ONLY_NOT_G5_MATCHED,False,False,False,0
141,89258,91650,SE,2015-05-06,CANDIDATE_ONLY_NOT_G5_MATCHED,False,False,False,0
141,89258,91966,PNNT,2015-05-06,CANDIDATE_ONLY_NOT_G5_MATCHED,False,False,False,0
141,89258,91983,CLR,2015-05-06,CANDIDATE_ONLY_NOT_G5_MATCHED,False,False,False,0
141,89258,92021,SLH,2015-05-06,CANDIDATE_ONLY_NOT_G5_MATCHED,False,False,False,0
141,89258,92032,BIOD,2015-05-06,CANDIDATE_ONLY_NOT_G5_MATCHED,False,False,False,0
141,89258,92185,LOV,2015-05-06,CANDIDATE_ONLY_NOT_G5_MATCHED,False,False,False,0
141,89258,92220,MASI,2015-05-06,CANDIDATE_ONLY_NOT_G5_MATCHED,False,False,False,0
141,89258,92421,SD,2015-05-06,CANDIDATE_ONLY_NOT_G5_MATCHED,False,False,False,0
141,89258,92619,GTE,2015-05-06,CANDIDATE_ONLY_NOT_G5_MATCHED,False,False,False,0
141,89258,93071,VSI,2015-05-06,CANDIDATE_ONLY_NOT_G5_MATCHED,False,False,False,0
141,89258,93420,OAS,2015-05-06,CANDIDATE_ONLY_NOT_G5_MATCHED,False,False,False,0
141,89258,93436,TSLA,2015-05-06,CANDIDATE_ONLY_NOT_G5_MATCHED,False,False,False,0
142,89301,14166,NVEE,2015-03-26,CANDIDATE_ONLY_NOT_G5_MATCHED,False,False,False,0
142,89301,30680,CMC,2015-03-26,CANDIDATE_ONLY_NOT_G5_MATCHED,False,False,False,0
142,89301,51086,WGO,2015-03-26,CANDIDATE_ONLY_NOT_G5_MATCHED,False,False,False,0
143,89900,83834,WG,2015-03-31,CANDIDATE_ONLY_NOT_G5_MATCHED,False,False,False,0
144,89901,13628,WDAY,2015-02-25,CANDIDATE_ONLY_NOT_G5_MATCHED,False,False,False,0
144,89901,14179,AR,2015-02-25,CANDIDATE_ONLY_NOT_G5_MATCHED,False,False,False,0
144,89901,20750,CWT,2015-02-25,CANDIDATE_ONLY_NOT_G5_MATCHED,False,False,False,0
144,89901,24969,AVA,2015-02-25,CANDIDATE_ONLY_NOT_G5_MATCHED,False,False,False,0
144,89901,24985,AEE,2015-02-25,CANDIDATE_ONLY_NOT_G5_MATCHED,False,False,False,0
144,89901,25099,TEG,2015-02-25,CANDIDATE_ONLY_NOT_G5_MATCHED,False,False,False,0
144,89901,31500,EV,2015-02-25,CANDIDATE_ONLY_NOT_G5_MATCHED,False,False,False,0
144,89901,33532,ESCA,2015-02-25,CANDIDATE_ONLY_NOT_G5_MATCHED,False,False,False,0
144,89901,61188,SWX,2015-02-25,CANDIDATE_ONLY_NOT_G5_MATCHED,False,False,False,0
144,89901,61399,LOW,2015-02-25,CANDIDATE_ONLY_NOT_G5_MATCHED,False,False,False,0
144,89901,64282,LB,2015-02-25,CANDIDATE_ONLY_NOT_G5_MATCHED,False,False,False,0
144,89901,72304,STAA,2015-02-25,CANDIDATE_ONLY_NOT_G5_MATCHED,False,False,False,0
144,89901,75320,USM,2015-02-25,CANDIDATE_ONLY_NOT_G5_MATCHED,False,False,False,0
144,89901,75526,AFAM,2015-02-25,CANDIDATE_ONLY_NOT_G5_MATCHED,False,False,False,0
144,89901,76732,DIN,2015-02-25,CANDIDATE_ONLY_NOT_G5_MATCHED,False,False,False,0
144,89901,77897,ISLE,2015-02-25,CANDIDATE_ONLY_NOT_G5_MATCHED,False,False,False,0
144,89901,78211,UVE,2015-02-25,CANDIDATE_ONLY_NOT_G5_MATCHED,False,False,False,0
144,89901,79507,MCRI,2015-02-25,CANDIDATE_ONLY_NOT_G5_MATCHED,False,False,False,0
144,89901,83856,CSV,2015-02-25,CANDIDATE_ONLY_NOT_G5_MATCHED,False,False,False,0
144,89901,85372,FARO,2015-02-25,CANDIDATE_ONLY_NOT_G5_MATCHED,False,False,False,0
144,89901,89297,CCOI,2015-02-25,CANDIDATE_ONLY_NOT_G5_MATCHED,False,False,False,0
144,89901,90215,CRM,2015-02-25,CANDIDATE_ONLY_NOT_G5_MATCHED,False,False,False,0
144,89901,90494,BBG,2015-02-25,CANDIDATE_ONLY_NOT_G5_MATCHED,False,False,False,0
144,89901,91141,MDVN,2015-02-25,CANDIDATE_ONLY_NOT_G5_MATCHED,False,False,False,0
144,89901,91498,EHTH,2015-02-25,CANDIDATE_ONLY_NOT_G5_MATCHED,False,False,False,0
144,89901,91965,OREX,2015-02-25,CANDIDATE_ONLY_NOT_G5_MATCHED,False,False,False,0
144,89901,92400,LL,2015-02-25,CANDIDATE_ONLY_NOT_G5_MATCHED,False,False,False,0
144,89901,92775,TREE,2015-02-25,CANDIDATE_ONLY_NOT_G5_MATCHED,False,False,False,0
144,89901,93420,OAS,2015-02-25,CANDIDATE_ONLY_NOT_G5_MATCHED,False,False,False,0
144,89901,93428,BSFT,2015-02-25,CANDIDATE_ONLY_NOT_G5_MATCHED,False,False,False,0
145,89952,11403,CDNS,2015-04-27,CANDIDATE_ONLY_NOT_G5_MATCHED,False,False,False,0
145,89952,13284,ALSN,2015-04-27,CANDIDATE_ONLY_NOT_G5_MATCHED,False,False,False,0
145,89952,13610,OLN,2015-04-27,CANDIDATE_ONLY_NOT_G5_MATCHED,False,False,False,0
145,89952,13878,MDXG,2015-04-27,CANDIDATE_ONLY_NOT_G5_MATCHED,False,False,False,0
145,89952,14271,CUDA,2015-04-27,CANDIDATE_ONLY_NOT_G5_MATCHED,False,False,False,0
145,89952,52936,MCY,2015-04-27,CANDIDATE_ONLY_NOT_G5_MATCHED,False,False,False,0
145,89952,54253,MSA,2015-04-27,CANDIDATE_ONLY_NOT_G5_MATCHED,False,False,False,0
145,89952,76837,HAE,2015-04-27,CANDIDATE_ONLY_NOT_G5_MATCHED,False,False,False,0
145,89952,77338,ROP,2015-04-27,CANDIDATE_ONLY_NOT_G5_MATCHED,False,False,False,0
145,89952,79637,UHS,2015-04-27,CANDIDATE_ONLY_NOT_G5_MATCHED,False,False,False,0
145,89952,80185,PLT,2015-04-27,CANDIDATE_ONLY_NOT_G5_MATCHED,False,False,False,0
145,89952,85246,JLL,2015-04-27,CANDIDATE_ONLY_NOT_G5_MATCHED,False,False,False,0
145,89952,85653,AI,2015-04-27,CANDIDATE_ONLY_NOT_G5_MATCHED,False,False,False,0
145,89952,88280,BHLB,2015-04-27,CANDIDATE_ONLY_NOT_G5_MATCHED,False,False,False,0
145,89952,88467,SOHU,2015-04-27,CANDIDATE_ONLY_NOT_G5_MATCHED,False,False,False,0
145,89952,90086,MBVT,2015-04-27,CANDIDATE_ONLY_NOT_G5_MATCHED,False,False,False,0
145,89952,91614,IPHS,2015-04-27,CANDIDATE_ONLY_NOT_G5_MATCHED,False,False,False,0
145,89952,92282,PKT,2015-04-27,CANDIDATE_ONLY_NOT_G5_MATCHED,False,False,False,0
145,89952,92808,DMRC,2015-04-27,CANDIDATE_ONLY_NOT_G5_MATCHED,False,False,False,0
145,89952,93312,SSNC,2015-04-27,CANDIDATE_ONLY_NOT_G5_MATCHED,False,False,False,0
146,89971,10299,LLTC,2011-07-26,CANDIDATE_ONLY_NOT_G5_MATCHED,False,False,False,0
146,89971,10363,AMAG,2011-07-26,CANDIDATE_ONLY_NOT_G5_MATCHED,False,False,False,0
146,89971,10696,FISV,2011-07-26,CANDIDATE_ONLY_NOT_G5_MATCHED,False,False,False,0
146,89971,11754,EK,2011-07-26,CANDIDATE_ONLY_NOT_G5_MATCHED,False,False,False,0
146,89971,16600,HSY,2011-07-26,CANDIDATE_ONLY_NOT_G5_MATCHED,False,False,False,0
146,89971,22592,MMM,2011-07-26,CANDIDATE_ONLY_NOT_G5_MATCHED,False,False,False,0
146,89971,27334,CSL,2011-07-26,CANDIDATE_ONLY_NOT_G5_MATCHED,False,False,False,0
146,89971,32054,ESIO,2011-07-26,CANDIDATE_ONLY_NOT_G5_MATCHED,False,False,False,0
146,89971,34833,OXY,2011-07-26,CANDIDATE_ONLY_NOT_G5_MATCHED,False,False,False,0
146,89971,35044,RF,2011-07-26,CANDIDATE_ONLY_NOT_G5_MATCHED,False,False,False,0
146,89971,35263,TRMK,2011-07-26,CANDIDATE_ONLY_NOT_G5_MATCHED,False,False,False,0
146,89971,41080,CMI,2011-07-26,CANDIDATE_ONLY_NOT_G5_MATCHED,False,False,False,0
146,89971,43721,LZ,2011-07-26,CANDIDATE_ONLY_NOT_G5_MATCHED,False,False,False,0
146,89971,44601,AVY,2011-07-26,CANDIDATE_ONLY_NOT_G5_MATCHED,False,False,False,0
146,89971,44951,SVU,2011-07-26,CANDIDATE_ONLY_NOT_G5_MATCHED,False,False,False,0
146,89971,46690,CBT,2011-07-26,CANDIDATE_ONLY_NOT_G5_MATCHED,False,False,False,0
146,89971,51263,MTW,2011-07-26,CANDIDATE_ONLY_NOT_G5_MATCHED,False,False,False,0
146,89971,55001,TRN,2011-07-26,CANDIDATE_ONLY_NOT_G5_MATCHED,False,False,False,0
146,89971,60506,PCAR,2011-07-26,CANDIDATE_ONLY_NOT_G5_MATCHED,False,False,False,0
146,89971,64194,CHE,2011-07-26,CANDIDATE_ONLY_NOT_G5_MATCHED,False,False,False,0
146,89971,66376,WSO,2011-07-26,CANDIDATE_ONLY_NOT_G5_MATCHED,False,False,False,0
146,89971,67029,ITI,2011-07-26,CANDIDATE_ONLY_NOT_G5_MATCHED,False,False,False,0
146,89971,67838,CSS,2011-07-26,CANDIDATE_ONLY_NOT_G5_MATCHED,False,False,False,0
146,89971,75573,ODP,2011-07-26,CANDIDATE_ONLY_NOT_G5_MATCHED,False,False,False,0
146,89971,75828,ERTS,2011-07-26,CANDIDATE_ONLY_NOT_G5_MATCHED,False,False,False,0
146,89971,75853,ZIXI,2011-07-26,CANDIDATE_ONLY_NOT_G5_MATCHED,False,False,False,0
146,89971,75912,PMTC,2011-07-26,CANDIDATE_ONLY_NOT_G5_MATCHED,False,False,False,0
146,89971,76099,DFG,2011-07-26,CANDIDATE_ONLY_NOT_G5_MATCHED,False,False,False,0
146,89971,76639,TSS,2011-07-26,CANDIDATE_ONLY_NOT_G5_MATCHED,False,False,False,0
146,89971,76841,BIIB,2011-07-26,CANDIDATE_ONLY_NOT_G5_MATCHED,False,False,False,0
146,89971,77274,GILD,2011-07-26,CANDIDATE_ONLY_NOT_G5_MATCHED,False,False,False,0
146,89971,78829,UMBF,2011-07-26,CANDIDATE_ONLY_NOT_G5_MATCHED,False,False,False,0
146,89971,78908,RCKY,2011-07-26,CANDIDATE_ONLY_NOT_G5_MATCHED,False,False,False,0
146,89971,79116,TCBK,2011-07-26,CANDIDATE_ONLY_NOT_G5_MATCHED,False,False,False,0
146,89971,80223,BPFH,2011-07-26,CANDIDATE_ONLY_NOT_G5_MATCHED,False,False,False,0
146,89971,82651,WAT,2011-07-26,CANDIDATE_ONLY_NOT_G5_MATCHED,False,False,False,0
146,89971,82837,PPDI,2011-07-26,CANDIDATE_ONLY_NOT_G5_MATCHED,False,False,False,0
146,89971,83283,JDAS,2011-07-26,CANDIDATE_ONLY_NOT_G5_MATCHED,False,False,False,0
146,89971,84010,USNA,2011-07-26,CANDIDATE_ONLY_NOT_G5_MATCHED,False,False,False,0
146,89971,84032,NOV,2011-07-26,CANDIDATE_ONLY_NOT_G5_MATCHED,False,False,False,0
146,89971,84606,EEFT,2011-07-26,CANDIDATE_ONLY_NOT_G5_MATCHED,False,False,False,0
146,89971,84788,AMZN,2011-07-26,CANDIDATE_ONLY_NOT_G5_MATCHED,False,False,False,0
146,89971,85269,VLO,2011-07-26,CANDIDATE_ONLY_NOT_G5_MATCHED,False,False,False,0
146,89971,85459,CHRW,2011-07-26,CANDIDATE_ONLY_NOT_G5_MATCHED,False,False,False,0
146,89971,85908,GRA,2011-07-26,CANDIDATE_ONLY_NOT_G5_MATCHED,False,False,False,0
146,89971,85931,WDR,2011-07-26,CANDIDATE_ONLY_NOT_G5_MATCHED,False,False,False,0
146,89971,86196,ULTI,2011-07-26,CANDIDATE_ONLY_NOT_G5_MATCHED,False,False,False,0
146,89971,86896,CBU,2011-07-26,CANDIDATE_ONLY_NOT_G5_MATCHED,False,False,False,0
146,89971,87242,KEYN,2011-07-26,CANDIDATE_ONLY_NOT_G5_MATCHED,False,False,False,0
146,89971,87447,UPS,2011-07-26,CANDIDATE_ONLY_NOT_G5_MATCHED,False,False,False,0
146,89971,88446,ILMN,2011-07-26,CANDIDATE_ONLY_NOT_G5_MATCHED,False,False,False,0
146,89971,88497,ACPW,2011-07-26,CANDIDATE_ONLY_NOT_G5_MATCHED,False,False,False,0
146,89971,89904,BWLD,2011-07-26,CANDIDATE_ONLY_NOT_G5_MATCHED,False,False,False,0
146,89971,90044,KCI,2011-07-26,CANDIDATE_ONLY_NOT_G5_MATCHED,False,False,False,0
146,89971,90090,SBNY,2011-07-26,CANDIDATE_ONLY_NOT_G5_MATCHED,False,False,False,0
146,89971,90487,OSHC,2011-07-26,CANDIDATE_ONLY_NOT_G5_MATCHED,False,False,False,0
146,89971,90643,ACW,2011-07-26,CANDIDATE_ONLY_NOT_G5_MATCHED,False,False,False,0
146,89971,90971,IRBT,2011-07-26,CANDIDATE_ONLY_NOT_G5_MATCHED,False,False,False,0
146,89971,91461,WU,2011-07-26,CANDIDATE_ONLY_NOT_G5_MATCHED,False,False,False,0
146,89971,91605,CPLA,2011-07-26,CANDIDATE_ONLY_NOT_G5_MATCHED,False,False,False,0
146,89971,91977,BGS,2011-07-26,CANDIDATE_ONLY_NOT_G5_MATCHED,False,False,False,0
146,89971,91979,CAP,2011-07-26,CANDIDATE_ONLY_NOT_G5_MATCHED,False,False,False,0
146,89971,92400,LL,2011-07-26,CANDIDATE_ONLY_NOT_G5_MATCHED,False,False,False,0
146,89971,93150,CIT,2011-07-26,CANDIDATE_ONLY_NOT_G5_MATCHED,False,False,False,0
147,90178,12340,TOWR,2015-02-12,CANDIDATE_ONLY_NOT_G5_MATCHED,False,False,False,0
147,90178,12477,WD,2015-02-12,CANDIDATE_ONLY_NOT_G5_MATCHED,False,False,False,0
147,90178,12660,GNC,2015-02-12,CANDIDATE_ONLY_NOT_G5_MATCHED,False,False,False,0
147,90178,13196,RLGT,2015-02-12,CANDIDATE_ONLY_NOT_G5_MATCHED,False,False,False,0
147,90178,13598,KRFT,2015-02-12,CANDIDATE_ONLY_NOT_G5_MATCHED,False,False,False,0
147,90178,13625,SSTK,2015-02-12,CANDIDATE_ONLY_NOT_G5_MATCHED,False,False,False,0
147,90178,17478,MHFI,2015-02-12,CANDIDATE_ONLY_NOT_G5_MATCHED,False,False,False,0
147,90178,26825,K,2015-02-12,CANDIDATE_ONLY_NOT_G5_MATCHED,False,False,False,0
147,90178,34673,NR,2015-02-12,CANDIDATE_ONLY_NOT_G5_MATCHED,False,False,False,0
147,90178,39490,APA,2015-02-12,CANDIDATE_ONLY_NOT_G5_MATCHED,False,False,False,0
147,90178,40416,AVP,2015-02-12,CANDIDATE_ONLY_NOT_G5_MATCHED,False,False,False,0
147,90178,40440,DBD,2015-02-12,CANDIDATE_ONLY_NOT_G5_MATCHED,False,False,False,0
147,90178,41187,HE,2015-02-12,CANDIDATE_ONLY_NOT_G5_MATCHED,False,False,False,0
147,90178,48531,LNCE,2015-02-12,CANDIDATE_ONLY_NOT_G5_MATCHED,False,False,False,0
147,90178,55212,SPW,2015-02-12,CANDIDATE_ONLY_NOT_G5_MATCHED,False,False,False,0
147,90178,70536,SIAL,2015-02-12,CANDIDATE_ONLY_NOT_G5_MATCHED,False,False,False,0
147,90178,76226,CBS,2015-02-12,CANDIDATE_ONLY_NOT_G5_MATCHED,False,False,False,0
147,90178,78977,JAH,2015-02-12,CANDIDATE_ONLY_NOT_G5_MATCHED,False,False,False,0
147,90178,79545,BWA,2015-02-12,CANDIDATE_ONLY_NOT_G5_MATCHED,False,False,False,0
147,90178,79758,BYD,2015-02-12,CANDIDATE_ONLY_NOT_G5_MATCHED,False,False,False,0
147,90178,82307,DVA,2015-02-12,CANDIDATE_ONLY_NOT_G5_MATCHED,False,False,False,0
147,90178,86228,RSG,2015-02-12,CANDIDATE_ONLY_NOT_G5_MATCHED,False,False,False,0
147,90178,86709,AMRI,2015-02-12,CANDIDATE_ONLY_NOT_G5_MATCHED,False,False,False,0
147,90178,88924,FLO,2015-02-12,CANDIDATE_ONLY_NOT_G5_MATCHED,False,False,False,0
147,90178,90110,HSP,2015-02-12,CANDIDATE_ONLY_NOT_G5_MATCHED,False,False,False,0
147,90178,90126,CYTK,2015-02-12,CANDIDATE_ONLY_NOT_G5_MATCHED,False,False,False,0
147,90178,90458,NWE,2015-02-12,CANDIDATE_ONLY_NOT_G5_MATCHED,False,False,False,0
147,90178,90547,ANR,2015-02-12,CANDIDATE_ONLY_NOT_G5_MATCHED,False,False,False,0
147,90178,90775,THS,2015-02-12,CANDIDATE_ONLY_NOT_G5_MATCHED,False,False,False,0
147,90178,91237,VG,2015-02-12,CANDIDATE_ONLY_NOT_G5_MATCHED,False,False,False,0
147,90178,92032,BIOD,2015-02-12,CANDIDATE_ONLY_NOT_G5_MATCHED,False,False,False,0
147,90178,92102,SCOR,2015-02-12,CANDIDATE_ONLY_NOT_G5_MATCHED,False,False,False,0
147,90178,93374,FAF,2015-02-12,CANDIDATE_ONLY_NOT_G5_MATCHED,False,False,False,0
147,90178,93434,SANW,2015-02-12,CANDIDATE_ONLY_NOT_G5_MATCHED,False,False,False,0
148,90352,10443,FRPH,2015-05-06,CANDIDATE_ONLY_NOT_G5_MATCHED,False,False,False,0
148,90352,10933,MKL,2015-05-06,CANDIDATE_ONLY_NOT_G5_MATCHED,False,False,False,0
148,90352,12051,IL,2015-05-06,CANDIDATE_ONLY_NOT_G5_MATCHED,False,False,False,0
148,90352,12149,JNP,2015-05-06,CANDIDATE_ONLY_NOT_G5_MATCHED,False,False,False,0
148,90352,12477,WD,2015-05-06,CANDIDATE_ONLY_NOT_G5_MATCHED,False,False,False,0
148,90352,12501,FRP,2015-05-06,CANDIDATE_ONLY_NOT_G5_MATCHED,False,False,False,0
148,90352,12557,IFT,2015-05-06,CANDIDATE_ONLY_NOT_G5_MATCHED,False,False,False,0
148,90352,12781,LG,2015-05-06,CANDIDATE_ONLY_NOT_G5_MATCHED,False,False,False,0
148,90352,13139,SN,2015-05-06,CANDIDATE_ONLY_NOT_G5_MATCHED,False,False,False,0
148,90352,13267,CZR,2015-05-06,CANDIDATE_ONLY_NOT_G5_MATCHED,False,False,False,0
148,90352,13708,REMY,2015-05-06,CANDIDATE_ONLY_NOT_G5_MATCHED,False,False,False,0
148,90352,13812,MRIN,2015-05-06,CANDIDATE_ONLY_NOT_G5_MATCHED,False,False,False,0
148,90352,13862,TMHC,2015-05-06,CANDIDATE_ONLY_NOT_G5_MATCHED,False,False,False,0
148,90352,13904,VOYA,2015-05-06,CANDIDATE_ONLY_NOT_G5_MATCHED,False,False,False,0
148,90352,14054,MRTX,2015-05-06,CANDIDATE_ONLY_NOT_G5_MATCHED,False,False,False,0
148,90352,14273,CHGG,2015-05-06,CANDIDATE_ONLY_NOT_G5_MATCHED,False,False,False,0
148,90352,14337,FGL,2015-05-06,CANDIDATE_ONLY_NOT_G5_MATCHED,False,False,False,0
148,90352,19828,WEN,2015-05-06,CANDIDATE_ONLY_NOT_G5_MATCHED,False,False,False,0
148,90352,23182,CPK,2015-05-06,CANDIDATE_ONLY_NOT_G5_MATCHED,False,False,False,0
148,90352,24969,AVA,2015-05-06,CANDIDATE_ONLY_NOT_G5_MATCHED,False,False,False,0
148,90352,41187,HE,2015-05-06,CANDIDATE_ONLY_NOT_G5_MATCHED,False,False,False,0
148,90352,51633,VVC,2015-05-06,CANDIDATE_ONLY_NOT_G5_MATCHED,False,False,False,0
148,90352,57509,GDP,2015-05-06,CANDIDATE_ONLY_NOT_G5_MATCHED,False,False,False,0
148,90352,57534,NEWP,2015-05-06,CANDIDATE_ONLY_NOT_G5_MATCHED,False,False,False,0
148,90352,61269,PKOH,2015-05-06,CANDIDATE_ONLY_NOT_G5_MATCHED,False,False,False,0
148,90352,76584,ATML,2015-05-06,CANDIDATE_ONLY_NOT_G5_MATCHED,False,False,False,0
148,90352,77292,PDLI,2015-05-06,CANDIDATE_ONLY_NOT_G5_MATCHED,False,False,False,0
148,90352,77340,POWR,2015-05-06,CANDIDATE_ONLY_NOT_G5_MATCHED,False,False,False,0
148,90352,77868,PRCP,2015-05-06,CANDIDATE_ONLY_NOT_G5_MATCHED,False,False,False,0
148,90352,78950,ALG,2015-05-06,CANDIDATE_ONLY_NOT_G5_MATCHED,False,False,False,0
148,90352,80167,HAIN,2015-05-06,CANDIDATE_ONLY_NOT_G5_MATCHED,False,False,False,0
148,90352,80191,ALB,2015-05-06,CANDIDATE_ONLY_NOT_G5_MATCHED,False,False,False,0
148,90352,80343,NNBR,2015-05-06,CANDIDATE_ONLY_NOT_G5_MATCHED,False,False,False,0
148,90352,80926,CPE,2015-05-06,CANDIDATE_ONLY_NOT_G5_MATCHED,False,False,False,0
148,90352,81740,SBGI,2015-05-06,CANDIDATE_ONLY_NOT_G5_MATCHED,False,False,False,0
148,90352,82266,CVO,2015-05-06,CANDIDATE_ONLY_NOT_G5_MATCHED,False,False,False,0
148,90352,82644,MIG,2015-05-06,CANDIDATE_ONLY_NOT_G5_MATCHED,False,False,False,0
148,90352,83411,EPM,2015-05-06,CANDIDATE_ONLY_NOT_G5_MATCHED,False,False,False,0
148,90352,83779,PEGA,2015-05-06,CANDIDATE_ONLY_NOT_G5_MATCHED,False,False,False,0
148,90352,84172,NUS,2015-05-06,CANDIDATE_ONLY_NOT_G5_MATCHED,False,False,False,0
148,90352,84604,CTIC,2015-05-06,CANDIDATE_ONLY_NOT_G5_MATCHED,False,False,False,0
148,90352,85271,ACAS,2015-05-06,CANDIDATE_ONLY_NOT_G5_MATCHED,False,False,False,0
148,90352,85517,CHH,2015-05-06,CANDIDATE_ONLY_NOT_G5_MATCHED,False,False,False,0
148,90352,85576,RNWK,2015-05-06,CANDIDATE_ONLY_NOT_G5_MATCHED,False,False,False,0
148,90352,86822,EXTR,2015-05-06,CANDIDATE_ONLY_NOT_G5_MATCHED,False,False,False,0
148,90352,87043,QTM,2015-05-06,CANDIDATE_ONLY_NOT_G5_MATCHED,False,False,False,0
148,90352,87121,SALM,2015-05-06,CANDIDATE_ONLY_NOT_G5_MATCHED,False,False,False,0
148,90352,87227,EGAN,2015-05-06,CANDIDATE_ONLY_NOT_G5_MATCHED,False,False,False,0
148,90352,87602,MATR,2015-05-06,CANDIDATE_ONLY_NOT_G5_MATCHED,False,False,False,0
148,90352,87632,SQNM,2015-05-06,CANDIDATE_ONLY_NOT_G5_MATCHED,False,False,False,0
148,90352,88664,JKHY,2015-05-06,CANDIDATE_ONLY_NOT_G5_MATCHED,False,False,False,0
148,90352,89215,AHS,2015-05-06,CANDIDATE_ONLY_NOT_G5_MATCHED,False,False,False,0
148,90352,89369,LCI,2015-05-06,CANDIDATE_ONLY_NOT_G5_MATCHED,False,False,False,0
148,90352,90423,THRX,2015-05-06,CANDIDATE_ONLY_NOT_G5_MATCHED,False,False,False,0
148,90352,90440,NP,2015-05-06,CANDIDATE_ONLY_NOT_G5_MATCHED,False,False,False,0
148,90352,90533,WTI,2015-05-06,CANDIDATE_ONLY_NOT_G5_MATCHED,False,False,False,0
148,90352,90914,WBMD,2015-05-06,CANDIDATE_ONLY_NOT_G5_MATCHED,False,False,False,0
148,90352,90957,NXTM,2015-05-06,CANDIDATE_ONLY_NOT_G5_MATCHED,False,False,False,0
148,90352,91154,ALXA,2015-05-06,CANDIDATE_ONLY_NOT_G5_MATCHED,False,False,False,0
148,90352,91186,VNDA,2015-05-06,CANDIDATE_ONLY_NOT_G5_MATCHED,False,False,False,0
148,90352,91237,VG,2015-05-06,CANDIDATE_ONLY_NOT_G5_MATCHED,False,False,False,0
148,90352,91650,SE,2015-05-06,CANDIDATE_ONLY_NOT_G5_MATCHED,False,False,False,0
148,90352,91966,PNNT,2015-05-06,CANDIDATE_ONLY_NOT_G5_MATCHED,False,False,False,0
148,90352,91983,CLR,2015-05-06,CANDIDATE_ONLY_NOT_G5_MATCHED,False,False,False,0
148,90352,92021,SLH,2015-05-06,CANDIDATE_ONLY_NOT_G5_MATCHED,False,False,False,0
148,90352,92032,BIOD,2015-05-06,CANDIDATE_ONLY_NOT_G5_MATCHED,False,False,False,0
148,90352,92185,LOV,2015-05-06,CANDIDATE_ONLY_NOT_G5_MATCHED,False,False,False,0
148,90352,92220,MASI,2015-05-06,CANDIDATE_ONLY_NOT_G5_MATCHED,False,False,False,0
148,90352,92421,SD,2015-05-06,CANDIDATE_ONLY_NOT_G5_MATCHED,False,False,False,0
148,90352,92619,GTE,2015-05-06,CANDIDATE_ONLY_NOT_G5_MATCHED,False,False,False,0
148,90352,93071,VSI,2015-05-06,CANDIDATE_ONLY_NOT_G5_MATCHED,False,False,False,0
148,90352,93420,OAS,2015-05-06,CANDIDATE_ONLY_NOT_G5_MATCHED,False,False,False,0
148,90352,93436,TSLA,2015-05-06,CANDIDATE_ONLY_NOT_G5_MATCHED,False,False,False,0
149,90427,25232,OKE,2015-02-23,CANDIDATE_ONLY_NOT_G5_MATCHED,False,False,False,0
149,90427,58819,LNT,2015-02-23,CANDIDATE_ONLY_NOT_G5_MATCHED,False,False,False,0
149,90427,72996,SF,2015-02-23,CANDIDATE_ONLY_NOT_G5_MATCHED,False,False,False,0
149,90427,77292,PDLI,2015-02-23,CANDIDATE_ONLY_NOT_G5_MATCHED,False,False,False,0
149,90427,77668,ESRX,2015-02-23,CANDIDATE_ONLY_NOT_G5_MATCHED,False,False,False,0
149,90427,85686,DEPO,2015-02-23,CANDIDATE_ONLY_NOT_G5_MATCHED,False,False,False,0
149,90427,86051,AXTI,2015-02-23,CANDIDATE_ONLY_NOT_G5_MATCHED,False,False,False,0
149,90427,86547,AXL,2015-02-23,CANDIDATE_ONLY_NOT_G5_MATCHED,False,False,False,0
149,90427,91516,AWI,2015-02-23,CANDIDATE_ONLY_NOT_G5_MATCHED,False,False,False,0
150,90507,13708,REMY,2015-02-18,CANDIDATE_ONLY_NOT_G5_MATCHED,False,False,False,0
150,90507,14392,EPE,2015-02-18,CANDIDATE_ONLY_NOT_G5_MATCHED,False,False,False,0
150,90507,14401,OGS,2015-02-18,CANDIDATE_ONLY_NOT_G5_MATCHED,False,False,False,0
150,90507,27959,DUK,2015-02-18,CANDIDATE_ONLY_NOT_G5_MATCHED,False,False,False,0
150,90507,36898,SCL,2015-02-18,CANDIDATE_ONLY_NOT_G5_MATCHED,False,False,False,0
150,90507,38762,NI,2015-02-18,CANDIDATE_ONLY_NOT_G5_MATCHED,False,False,False,0
150,90507,44768,TILE,2015-02-18,CANDIDATE_ONLY_NOT_G5_MATCHED,False,False,False,0
150,90507,63079,KEG,2015-02-18,CANDIDATE_ONLY_NOT_G5_MATCHED,False,False,False,0
150,90507,75825,EOG,2015-02-18,CANDIDATE_ONLY_NOT_G5_MATCHED,False,False,False,0
150,90507,76582,DORM,2015-02-18,CANDIDATE_ONLY_NOT_G5_MATCHED,False,False,False,0
150,90507,77357,SNPS,2015-02-18,CANDIDATE_ONLY_NOT_G5_MATCHED,False,False,False,0
150,90507,79564,ARRS,2015-02-18,CANDIDATE_ONLY_NOT_G5_MATCHED,False,False,False,0
150,90507,81740,SBGI,2015-02-18,CANDIDATE_ONLY_NOT_G5_MATCHED,False,False,False,0
150,90507,81776,SUNE,2015-02-18,CANDIDATE_ONLY_NOT_G5_MATCHED,False,False,False,0
150,90507,82513,PCYC,2015-02-18,CANDIDATE_ONLY_NOT_G5_MATCHED,False,False,False,0
150,90507,85913,MAR,2015-02-18,CANDIDATE_ONLY_NOT_G5_MATCHED,False,False,False,0
150,90507,86106,EEP,2015-02-18,CANDIDATE_ONLY_NOT_G5_MATCHED,False,False,False,0
150,90507,88545,MDCO,2015-02-18,CANDIDATE_ONLY_NOT_G5_MATCHED,False,False,False,0
150,90507,90423,THRX,2015-02-18,CANDIDATE_ONLY_NOT_G5_MATCHED,False,False,False,0
150,90507,90558,HUN,2015-02-18,CANDIDATE_ONLY_NOT_G5_MATCHED,False,False,False,0
150,90507,90925,FNF,2015-02-18,CANDIDATE_ONLY_NOT_G5_MATCHED,False,False,False,0
150,90507,93423,SIX,2015-02-18,CANDIDATE_ONLY_NOT_G5_MATCHED,False,False,False,0
151,90657,14289,LBMH,2014-12-15,CANDIDATE_ONLY_NOT_G5_MATCHED,False,False,False,0
151,90657,83834,WG,2014-12-15,CANDIDATE_ONLY_NOT_G5_MATCHED,False,False,False,0
152,90657,12637,EOX,2015-03-10,CANDIDATE_ONLY_NOT_G5_MATCHED,False,False,False,0
152,90657,13380,TCPC,2015-03-10,CANDIDATE_ONLY_NOT_G5_MATCHED,False,False,False,0
152,90657,13743,ERA,2015-03-10,CANDIDATE_ONLY_NOT_G5_MATCHED,False,False,False,0
152,90657,37217,LDR,2015-03-10,CANDIDATE_ONLY_NOT_G5_MATCHED,False,False,False,0
152,90657,76020,SURG,2015-03-10,CANDIDATE_ONLY_NOT_G5_MATCHED,False,False,False,0
152,90657,77501,NCS,2015-03-10,CANDIDATE_ONLY_NOT_G5_MATCHED,False,False,False,0
152,90657,79033,SGA,2015-03-10,CANDIDATE_ONLY_NOT_G5_MATCHED,False,False,False,0
152,90657,80343,NNBR,2015-03-10,CANDIDATE_ONLY_NOT_G5_MATCHED,False,False,False,0
152,90657,82599,NWPX,2015-03-10,CANDIDATE_ONLY_NOT_G5_MATCHED,False,False,False,0
152,90657,87121,SALM,2015-03-10,CANDIDATE_ONLY_NOT_G5_MATCHED,False,False,False,0
152,90657,90314,CVGI,2015-03-10,CANDIDATE_ONLY_NOT_G5_MATCHED,False,False,False,0
153,90664,13628,WDAY,2015-02-25,CANDIDATE_ONLY_NOT_G5_MATCHED,False,False,False,0
153,90664,14179,AR,2015-02-25,CANDIDATE_ONLY_NOT_G5_MATCHED,False,False,False,0
153,90664,20750,CWT,2015-02-25,CANDIDATE_ONLY_NOT_G5_MATCHED,False,False,False,0
153,90664,24969,AVA,2015-02-25,CANDIDATE_ONLY_NOT_G5_MATCHED,False,False,False,0
153,90664,24985,AEE,2015-02-25,CANDIDATE_ONLY_NOT_G5_MATCHED,False,False,False,0
153,90664,25099,TEG,2015-02-25,CANDIDATE_ONLY_NOT_G5_MATCHED,False,False,False,0
153,90664,31500,EV,2015-02-25,CANDIDATE_ONLY_NOT_G5_MATCHED,False,False,False,0
153,90664,33532,ESCA,2015-02-25,CANDIDATE_ONLY_NOT_G5_MATCHED,False,False,False,0
153,90664,61188,SWX,2015-02-25,CANDIDATE_ONLY_NOT_G5_MATCHED,False,False,False,0
153,90664,61399,LOW,2015-02-25,CANDIDATE_ONLY_NOT_G5_MATCHED,False,False,False,0
153,90664,64282,LB,2015-02-25,CANDIDATE_ONLY_NOT_G5_MATCHED,False,False,False,0
153,90664,72304,STAA,2015-02-25,CANDIDATE_ONLY_NOT_G5_MATCHED,False,False,False,0
153,90664,75320,USM,2015-02-25,CANDIDATE_ONLY_NOT_G5_MATCHED,False,False,False,0
153,90664,75526,AFAM,2015-02-25,CANDIDATE_ONLY_NOT_G5_MATCHED,False,False,False,0
153,90664,76732,DIN,2015-02-25,CANDIDATE_ONLY_NOT_G5_MATCHED,False,False,False,0
153,90664,77897,ISLE,2015-02-25,CANDIDATE_ONLY_NOT_G5_MATCHED,False,False,False,0
153,90664,78211,UVE,2015-02-25,CANDIDATE_ONLY_NOT_G5_MATCHED,False,False,False,0
153,90664,79507,MCRI,2015-02-25,CANDIDATE_ONLY_NOT_G5_MATCHED,False,False,False,0
153,90664,83856,CSV,2015-02-25,CANDIDATE_ONLY_NOT_G5_MATCHED,False,False,False,0
153,90664,85372,FARO,2015-02-25,CANDIDATE_ONLY_NOT_G5_MATCHED,False,False,False,0
153,90664,89297,CCOI,2015-02-25,CANDIDATE_ONLY_NOT_G5_MATCHED,False,False,False,0
153,90664,90215,CRM,2015-02-25,CANDIDATE_ONLY_NOT_G5_MATCHED,False,False,False,0
153,90664,90494,BBG,2015-02-25,CANDIDATE_ONLY_NOT_G5_MATCHED,False,False,False,0
153,90664,91141,MDVN,2015-02-25,CANDIDATE_ONLY_NOT_G5_MATCHED,False,False,False,0
153,90664,91498,EHTH,2015-02-25,CANDIDATE_ONLY_NOT_G5_MATCHED,False,False,False,0
153,90664,91965,OREX,2015-02-25,CANDIDATE_ONLY_NOT_G5_MATCHED,False,False,False,0
153,90664,92400,LL,2015-02-25,CANDIDATE_ONLY_NOT_G5_MATCHED,False,False,False,0
153,90664,92775,TREE,2015-02-25,CANDIDATE_ONLY_NOT_G5_MATCHED,False,False,False,0
153,90664,93420,OAS,2015-02-25,CANDIDATE_ONLY_NOT_G5_MATCHED,False,False,False,0
153,90664,93428,BSFT,2015-02-25,CANDIDATE_ONLY_NOT_G5_MATCHED,False,False,False,0
154,90756,11293,WSBC,2015-04-28,CANDIDATE_ONLY_NOT_G5_MATCHED,False,False,False,0
154,90756,12374,IPHI,2015-04-28,CANDIDATE_ONLY_NOT_G5_MATCHED,False,False,False,0
154,90756,12795,RPXC,2015-04-28,CANDIDATE_ONLY_NOT_G5_MATCHED,False,False,False,0
154,90756,13253,SLCA,2015-04-28,CANDIDATE_ONLY_NOT_G5_MATCHED,False,False,False,0
154,90756,13598,KRFT,2015-04-28,CANDIDATE_ONLY_NOT_G5_MATCHED,False,False,False,0
154,90756,13704,NEO,2015-04-28,CANDIDATE_ONLY_NOT_G5_MATCHED,False,False,False,0
154,90756,13921,CUBI,2015-04-28,CANDIDATE_ONLY_NOT_G5_MATCHED,False,False,False,0
154,90756,13924,EPZM,2015-04-28,CANDIDATE_ONLY_NOT_G5_MATCHED,False,False,False,0
154,90756,14414,SC,2015-04-28,CANDIDATE_ONLY_NOT_G5_MATCHED,False,False,False,0
154,90756,14558,ALLY,2015-04-28,CANDIDATE_ONLY_NOT_G5_MATCHED,False,False,False,0
154,90756,17478,MHFI,2015-04-28,CANDIDATE_ONLY_NOT_G5_MATCHED,False,False,False,0
154,90756,23473,CINF,2015-04-28,CANDIDATE_ONLY_NOT_G5_MATCHED,False,False,False,0
154,90756,24010,ETR,2015-04-28,CANDIDATE_ONLY_NOT_G5_MATCHED,False,False,False,0
154,90756,25419,WHR,2015-04-28,CANDIDATE_ONLY_NOT_G5_MATCHED,False,False,False,0
154,90756,25785,F,2015-04-28,CANDIDATE_ONLY_NOT_G5_MATCHED,False,False,False,0
154,90756,27422,CLF,2015-04-28,CANDIDATE_ONLY_NOT_G5_MATCHED,False,False,False,0
154,90756,30402,CAS,2015-04-28,CANDIDATE_ONLY_NOT_G5_MATCHED,False,False,False,0
154,90756,33823,BOOM,2015-04-28,CANDIDATE_ONLY_NOT_G5_MATCHED,False,False,False,0
154,90756,35167,FMER,2015-04-28,CANDIDATE_ONLY_NOT_G5_MATCHED,False,False,False,0
154,90756,36898,SCL,2015-04-28,CANDIDATE_ONLY_NOT_G5_MATCHED,False,False,False,0
154,90756,42286,WWW,2015-04-28,CANDIDATE_ONLY_NOT_G5_MATCHED,False,False,False,0
154,90756,43634,IG,2015-04-28,CANDIDATE_ONLY_NOT_G5_MATCHED,False,False,False,0
154,90756,50017,RRC,2015-04-28,CANDIDATE_ONLY_NOT_G5_MATCHED,False,False,False,0
154,90756,57904,AFL,2015-04-28,CANDIDATE_ONLY_NOT_G5_MATCHED,False,False,False,0
154,90756,66384,WDC,2015-04-28,CANDIDATE_ONLY_NOT_G5_MATCHED,False,False,False,0
154,90756,69586,SBCF,2015-04-28,CANDIDATE_ONLY_NOT_G5_MATCHED,False,False,False,0
154,90756,76582,DORM,2015-04-28,CANDIDATE_ONLY_NOT_G5_MATCHED,False,False,False,0
154,90756,76644,X,2015-04-28,CANDIDATE_ONLY_NOT_G5_MATCHED,False,False,False,0
154,90756,76695,PNRA,2015-04-28,CANDIDATE_ONLY_NOT_G5_MATCHED,False,False,False,0
154,90756,76709,IDXX,2015-04-28,CANDIDATE_ONLY_NOT_G5_MATCHED,False,False,False,0
154,90756,77526,RNST,2015-04-28,CANDIDATE_ONLY_NOT_G5_MATCHED,False,False,False,0
154,90756,77605,BSX,2015-04-28,CANDIDATE_ONLY_NOT_G5_MATCHED,False,False,False,0
154,90756,77643,FCF,2015-04-28,CANDIDATE_ONLY_NOT_G5_MATCHED,False,False,False,0
154,90756,77668,ESRX,2015-04-28,CANDIDATE_ONLY_NOT_G5_MATCHED,False,False,False,0
154,90756,78840,IACI,2015-04-28,CANDIDATE_ONLY_NOT_G5_MATCHED,False,False,False,0
154,90756,78876,CRY,2015-04-28,CANDIDATE_ONLY_NOT_G5_MATCHED,False,False,False,0
154,90756,79131,MSL,2015-04-28,CANDIDATE_ONLY_NOT_G5_MATCHED,False,False,False,0
154,90756,79249,BBSI,2015-04-28,CANDIDATE_ONLY_NOT_G5_MATCHED,False,False,False,0
154,90756,80113,CGI,2015-04-28,CANDIDATE_ONLY_NOT_G5_MATCHED,False,False,False,0
154,90756,80924,SIRI,2015-04-28,CANDIDATE_ONLY_NOT_G5_MATCHED,False,False,False,0
154,90756,81501,NATI,2015-04-28,CANDIDATE_ONLY_NOT_G5_MATCHED,False,False,False,0
154,90756,81621,HLIT,2015-04-28,CANDIDATE_ONLY_NOT_G5_MATCHED,False,False,False,0
154,90756,82643,LXK,2015-04-28,CANDIDATE_ONLY_NOT_G5_MATCHED,False,False,False,0
154,90756,84042,PAG,2015-04-28,CANDIDATE_ONLY_NOT_G5_MATCHED,False,False,False,0
154,90756,84734,FBC,2015-04-28,CANDIDATE_ONLY_NOT_G5_MATCHED,False,False,False,0
154,90756,85269,VLO,2015-04-28,CANDIDATE_ONLY_NOT_G5_MATCHED,False,False,False,0
154,90756,85372,FARO,2015-04-28,CANDIDATE_ONLY_NOT_G5_MATCHED,False,False,False,0
154,90756,85427,GPI,2015-04-28,CANDIDATE_ONLY_NOT_G5_MATCHED,False,False,False,0
154,90756,86211,MSTR,2015-04-28,CANDIDATE_ONLY_NOT_G5_MATCHED,False,False,False,0
154,90756,86799,CNX,2015-04-28,CANDIDATE_ONLY_NOT_G5_MATCHED,False,False,False,0
154,90756,86827,HSII,2015-04-28,CANDIDATE_ONLY_NOT_G5_MATCHED,False,False,False,0
154,90756,87006,UTHR,2015-04-28,CANDIDATE_ONLY_NOT_G5_MATCHED,False,False,False,0
154,90756,87236,INAP,2015-04-28,CANDIDATE_ONLY_NOT_G5_MATCHED,False,False,False,0
154,90756,87299,AKAM,2015-04-28,CANDIDATE_ONLY_NOT_G5_MATCHED,False,False,False,0
154,90756,88203,VDSI,2015-04-28,CANDIDATE_ONLY_NOT_G5_MATCHED,False,False,False,0
154,90756,89269,CNC,2015-04-28,CANDIDATE_ONLY_NOT_G5_MATCHED,False,False,False,0
154,90756,89353,JBLU,2015-04-28,CANDIDATE_ONLY_NOT_G5_MATCHED,False,False,False,0
154,90756,89971,TPX,2015-04-28,CANDIDATE_ONLY_NOT_G5_MATCHED,False,False,False,0
154,90756,90110,HSP,2015-04-28,CANDIDATE_ONLY_NOT_G5_MATCHED,False,False,False,0
154,90756,90162,GNW,2015-04-28,CANDIDATE_ONLY_NOT_G5_MATCHED,False,False,False,0
154,90756,91392,WYN,2015-04-28,CANDIDATE_ONLY_NOT_G5_MATCHED,False,False,False,0
154,90756,92810,HBCP,2015-04-28,CANDIDATE_ONLY_NOT_G5_MATCHED,False,False,False,0
154,90756,92931,SWI,2015-04-28,CANDIDATE_ONLY_NOT_G5_MATCHED,False,False,False,0
154,90756,93272,CALX,2015-04-28,CANDIDATE_ONLY_NOT_G5_MATCHED,False,False,False,0
155,90856,25232,OKE,2015-02-23,CANDIDATE_ONLY_NOT_G5_MATCHED,False,False,False,0
155,90856,58819,LNT,2015-02-23,CANDIDATE_ONLY_NOT_G5_MATCHED,False,False,False,0
155,90856,72996,SF,2015-02-23,CANDIDATE_ONLY_NOT_G5_MATCHED,False,False,False,0
155,90856,77292,PDLI,2015-02-23,CANDIDATE_ONLY_NOT_G5_MATCHED,False,False,False,0
155,90856,77668,ESRX,2015-02-23,CANDIDATE_ONLY_NOT_G5_MATCHED,False,False,False,0
155,90856,85686,DEPO,2015-02-23,CANDIDATE_ONLY_NOT_G5_MATCHED,False,False,False,0
155,90856,86051,AXTI,2015-02-23,CANDIDATE_ONLY_NOT_G5_MATCHED,False,False,False,0
155,90856,86547,AXL,2015-02-23,CANDIDATE_ONLY_NOT_G5_MATCHED,False,False,False,0
155,90856,91516,AWI,2015-02-23,CANDIDATE_ONLY_NOT_G5_MATCHED,False,False,False,0
156,90880,10138,TROW,2015-04-22,CANDIDATE_ONLY_NOT_G5_MATCHED,False,False,False,0
156,90880,10147,EMC,2015-04-22,CANDIDATE_ONLY_NOT_G5_MATCHED,False,False,False,0
156,90880,11547,CNMD,2015-04-22,CANDIDATE_ONLY_NOT_G5_MATCHED,False,False,False,0
156,90880,13407,FB,2015-04-22,CANDIDATE_ONLY_NOT_G5_MATCHED,False,False,False,0
156,90880,15579,TXN,2015-04-22,CANDIDATE_ONLY_NOT_G5_MATCHED,False,False,False,0
156,90880,16126,AZZ,2015-04-22,CANDIDATE_ONLY_NOT_G5_MATCHED,False,False,False,0
156,90880,19561,BA,2015-04-22,CANDIDATE_ONLY_NOT_G5_MATCHED,False,False,False,0
156,90880,20482,ABT,2015-04-22,CANDIDATE_ONLY_NOT_G5_MATCHED,False,False,False,0
156,90880,35124,CLGX,2015-04-22,CANDIDATE_ONLY_NOT_G5_MATCHED,False,False,False,0
156,90880,38659,GNTX,2015-04-22,CANDIDATE_ONLY_NOT_G5_MATCHED,False,False,False,0
156,90880,42439,HNI,2015-04-22,CANDIDATE_ONLY_NOT_G5_MATCHED,False,False,False,0
156,90880,43449,MCD,2015-04-22,CANDIDATE_ONLY_NOT_G5_MATCHED,False,False,False,0
156,90880,49656,BK,2015-04-22,CANDIDATE_ONLY_NOT_G5_MATCHED,False,False,False,0
156,90880,52476,EFX,2015-04-22,CANDIDATE_ONLY_NOT_G5_MATCHED,False,False,False,0
156,90880,58975,OII,2015-04-22,CANDIDATE_ONLY_NOT_G5_MATCHED,False,False,False,0
156,90880,62308,TMK,2015-04-22,CANDIDATE_ONLY_NOT_G5_MATCHED,False,False,False,0
156,90880,68196,SEIC,2015-04-22,CANDIDATE_ONLY_NOT_G5_MATCHED,False,False,False,0
156,90880,76201,XLNX,2015-04-22,CANDIDATE_ONLY_NOT_G5_MATCHED,False,False,False,0
156,90880,76282,AN,2015-04-22,CANDIDATE_ONLY_NOT_G5_MATCHED,False,False,False,0
156,90880,76504,CATY,2015-04-22,CANDIDATE_ONLY_NOT_G5_MATCHED,False,False,False,0
156,90880,76515,CVA,2015-04-22,CANDIDATE_ONLY_NOT_G5_MATCHED,False,False,False,0
156,90880,77178,QCOM,2015-04-22,CANDIDATE_ONLY_NOT_G5_MATCHED,False,False,False,0
156,90880,78044,UFI,2015-04-22,CANDIDATE_ONLY_NOT_G5_MATCHED,False,False,False,0
156,90880,79303,USTR,2015-04-22,CANDIDATE_ONLY_NOT_G5_MATCHED,False,False,False,0
156,90880,79507,MCRI,2015-04-22,CANDIDATE_ONLY_NOT_G5_MATCHED,False,False,False,0
156,90880,79796,AF,2015-04-22,CANDIDATE_ONLY_NOT_G5_MATCHED,False,False,False,0
156,90880,79851,OSBC,2015-04-22,CANDIDATE_ONLY_NOT_G5_MATCHED,False,False,False,0
156,90880,80128,VMI,2015-04-22,CANDIDATE_ONLY_NOT_G5_MATCHED,False,False,False,0
156,90880,80286,TSCO,2015-04-22,CANDIDATE_ONLY_NOT_G5_MATCHED,False,False,False,0
156,90880,81564,IBKC,2015-04-22,CANDIDATE_ONLY_NOT_G5_MATCHED,False,False,False,0
156,90880,83462,TUP,2015-04-22,CANDIDATE_ONLY_NOT_G5_MATCHED,False,False,False,0
156,90880,84319,LAD,2015-04-22,CANDIDATE_ONLY_NOT_G5_MATCHED,False,False,False,0
156,90880,85860,BRKL,2015-04-22,CANDIDATE_ONLY_NOT_G5_MATCHED,False,False,False,0
156,90880,88195,SGMO,2015-04-22,CANDIDATE_ONLY_NOT_G5_MATCHED,False,False,False,0
156,90880,89643,FCCO,2015-04-22,CANDIDATE_ONLY_NOT_G5_MATCHED,False,False,False,0
156,90880,90455,MPWR,2015-04-22,CANDIDATE_ONLY_NOT_G5_MATCHED,False,False,False,0
156,90880,90505,LVS,2015-04-22,CANDIDATE_ONLY_NOT_G5_MATCHED,False,False,False,0
156,90880,90708,MORN,2015-04-22,CANDIDATE_ONLY_NOT_G5_MATCHED,False,False,False,0
156,90880,90783,FTK,2015-04-22,CANDIDATE_ONLY_NOT_G5_MATCHED,False,False,False,0
156,90880,91531,OC,2015-04-22,CANDIDATE_ONLY_NOT_G5_MATCHED,False,False,False,0
156,90880,91659,ALGT,2015-04-22,CANDIDATE_ONLY_NOT_G5_MATCHED,False,False,False,0
156,90880,93423,SIX,2015-04-22,CANDIDATE_ONLY_NOT_G5_MATCHED,False,False,False,0
157,91032,25232,OKE,2015-02-23,CANDIDATE_ONLY_NOT_G5_MATCHED,False,False,False,0
157,91032,58819,LNT,2015-02-23,CANDIDATE_ONLY_NOT_G5_MATCHED,False,False,False,0
157,91032,72996,SF,2015-02-23,CANDIDATE_ONLY_NOT_G5_MATCHED,False,False,False,0
157,91032,77292,PDLI,2015-02-23,CANDIDATE_ONLY_NOT_G5_MATCHED,False,False,False,0
157,91032,77668,ESRX,2015-02-23,CANDIDATE_ONLY_NOT_G5_MATCHED,False,False,False,0
157,91032,85686,DEPO,2015-02-23,CANDIDATE_ONLY_NOT_G5_MATCHED,False,False,False,0
157,91032,86051,AXTI,2015-02-23,CANDIDATE_ONLY_NOT_G5_MATCHED,False,False,False,0
157,91032,86547,AXL,2015-02-23,CANDIDATE_ONLY_NOT_G5_MATCHED,False,False,False,0
157,91032,91516,AWI,2015-02-23,CANDIDATE_ONLY_NOT_G5_MATCHED,False,False,False,0
158,91416,10147,EMC,2015-01-29,CANDIDATE_ONLY_NOT_G5_MATCHED,False,False,False,0
158,91416,10890,UIS,2015-01-29,CANDIDATE_ONLY_NOT_G5_MATCHED,False,False,False,0
158,91416,11533,FICO,2015-01-29,CANDIDATE_ONLY_NOT_G5_MATCHED,False,False,False,0
158,91416,13377,PFPT,2015-01-29,CANDIDATE_ONLY_NOT_G5_MATCHED,False,False,False,0
158,91416,13508,NGVC,2015-01-29,CANDIDATE_ONLY_NOT_G5_MATCHED,False,False,False,0
158,91416,14795,TKR,2015-01-29,CANDIDATE_ONLY_NOT_G5_MATCHED,False,False,False,0
158,91416,20482,ABT,2015-01-29,CANDIDATE_ONLY_NOT_G5_MATCHED,False,False,False,0
158,91416,21371,CAH,2015-01-29,CANDIDATE_ONLY_NOT_G5_MATCHED,False,False,False,0
158,91416,23229,CMS,2015-01-29,CANDIDATE_ONLY_NOT_G5_MATCHED,False,False,False,0
158,91416,24476,COHR,2015-01-29,CANDIDATE_ONLY_NOT_G5_MATCHED,False,False,False,0
158,91416,24766,NOC,2015-01-29,CANDIDATE_ONLY_NOT_G5_MATCHED,False,False,False,0
158,91416,24942,RTN,2015-01-29,CANDIDATE_ONLY_NOT_G5_MATCHED,False,False,False,0
158,91416,25785,F,2015-01-29,CANDIDATE_ONLY_NOT_G5_MATCHED,False,False,False,0
158,91416,28222,APD,2015-01-29,CANDIDATE_ONLY_NOT_G5_MATCHED,False,False,False,0
158,91416,29612,AIT,2015-01-29,CANDIDATE_ONLY_NOT_G5_MATCHED,False,False,False,0
158,91416,32540,ELX,2015-01-29,CANDIDATE_ONLY_NOT_G5_MATCHED,False,False,False,0
158,91416,36468,SHW,2015-01-29,CANDIDATE_ONLY_NOT_G5_MATCHED,False,False,False,0
158,91416,44134,KMT,2015-01-29,CANDIDATE_ONLY_NOT_G5_MATCHED,False,False,False,0
158,91416,48523,LANC,2015-01-29,CANDIDATE_ONLY_NOT_G5_MATCHED,False,False,False,0
158,91416,52230,RHI,2015-01-29,CANDIDATE_ONLY_NOT_G5_MATCHED,False,False,False,0
158,91416,54148,PHM,2015-01-29,CANDIDATE_ONLY_NOT_G5_MATCHED,False,False,False,0
158,91416,59192,CB,2015-01-29,CANDIDATE_ONLY_NOT_G5_MATCHED,False,False,False,0
158,91416,60943,LEG,2015-01-29,CANDIDATE_ONLY_NOT_G5_MATCHED,False,False,False,0
158,91416,68292,SIGI,2015-01-29,CANDIDATE_ONLY_NOT_G5_MATCHED,False,False,False,0
158,91416,70033,HOG,2015-01-29,CANDIDATE_ONLY_NOT_G5_MATCHED,False,False,False,0
158,91416,75342,MTH,2015-01-29,CANDIDATE_ONLY_NOT_G5_MATCHED,False,False,False,0
158,91416,76837,HAE,2015-01-29,CANDIDATE_ONLY_NOT_G5_MATCHED,False,False,False,0
158,91416,77366,ELY,2015-01-29,CANDIDATE_ONLY_NOT_G5_MATCHED,False,False,False,0
158,91416,77679,COLB,2015-01-29,CANDIDATE_ONLY_NOT_G5_MATCHED,False,False,False,0
158,91416,78001,KEM,2015-01-29,CANDIDATE_ONLY_NOT_G5_MATCHED,False,False,False,0
158,91416,78981,LSTR,2015-01-29,CANDIDATE_ONLY_NOT_G5_MATCHED,False,False,False,0
158,91416,78987,MCHP,2015-01-29,CANDIDATE_ONLY_NOT_G5_MATCHED,False,False,False,0
158,91416,79571,CASH,2015-01-29,CANDIDATE_ONLY_NOT_G5_MATCHED,False,False,False,0
158,91416,79686,DECK,2015-01-29,CANDIDATE_ONLY_NOT_G5_MATCHED,False,False,False,0
158,91416,80072,VLY,2015-01-29,CANDIDATE_ONLY_NOT_G5_MATCHED,False,False,False,0
158,91416,80112,CACB,2015-01-29,CANDIDATE_ONLY_NOT_G5_MATCHED,False,False,False,0
158,91416,81501,NATI,2015-01-29,CANDIDATE_ONLY_NOT_G5_MATCHED,False,False,False,0
158,91416,81621,HLIT,2015-01-29,CANDIDATE_ONLY_NOT_G5_MATCHED,False,False,False,0
158,91416,81666,HA,2015-01-29,CANDIDATE_ONLY_NOT_G5_MATCHED,False,False,False,0
158,91416,81857,CAM,2015-01-29,CANDIDATE_ONLY_NOT_G5_MATCHED,False,False,False,0
158,91416,83186,DST,2015-01-29,CANDIDATE_ONLY_NOT_G5_MATCHED,False,False,False,0
158,91416,83366,CRR,2015-01-29,CANDIDATE_ONLY_NOT_G5_MATCHED,False,False,False,0
158,91416,84373,DGX,2015-01-29,CANDIDATE_ONLY_NOT_G5_MATCHED,False,False,False,0
158,91416,85269,VLO,2015-01-29,CANDIDATE_ONLY_NOT_G5_MATCHED,False,False,False,0
158,91416,85963,BRCM,2015-01-29,CANDIDATE_ONLY_NOT_G5_MATCHED,False,False,False,0
158,91416,86876,WCC,2015-01-29,CANDIDATE_ONLY_NOT_G5_MATCHED,False,False,False,0
158,91416,88331,CPHD,2015-01-29,CANDIDATE_ONLY_NOT_G5_MATCHED,False,False,False,0
158,91416,88542,LTRX,2015-01-29,CANDIDATE_ONLY_NOT_G5_MATCHED,False,False,False,0
158,91416,88860,ALGN,2015-01-29,CANDIDATE_ONLY_NOT_G5_MATCHED,False,False,False,0
158,91416,89070,ZMH,2015-01-29,CANDIDATE_ONLY_NOT_G5_MATCHED,False,False,False,0
158,91416,89290,SYNA,2015-01-29,CANDIDATE_ONLY_NOT_G5_MATCHED,False,False,False,0
158,91416,89353,JBLU,2015-01-29,CANDIDATE_ONLY_NOT_G5_MATCHED,False,False,False,0
158,91416,90086,MBVT,2015-01-29,CANDIDATE_ONLY_NOT_G5_MATCHED,False,False,False,0
158,91416,90952,ISBC,2015-01-29,CANDIDATE_ONLY_NOT_G5_MATCHED,False,False,False,0
158,91416,91063,VIAB,2015-01-29,CANDIDATE_ONLY_NOT_G5_MATCHED,False,False,False,0
158,91416,91066,VIA,2015-01-29,CANDIDATE_ONLY_NOT_G5_MATCHED,False,False,False,0
158,91416,91901,GSIT,2015-01-29,CANDIDATE_ONLY_NOT_G5_MATCHED,False,False,False,0
158,91416,92172,DHX,2015-01-29,CANDIDATE_ONLY_NOT_G5_MATCHED,False,False,False,0
158,91416,92497,N,2015-01-29,CANDIDATE_ONLY_NOT_G5_MATCHED,False,False,False,0
158,91416,92611,V,2015-01-29,CANDIDATE_ONLY_NOT_G5_MATCHED,False,False,False,0
158,91416,92871,VRTS,2015-01-29,CANDIDATE_ONLY_NOT_G5_MATCHED,False,False,False,0
158,91416,92931,SWI,2015-01-29,CANDIDATE_ONLY_NOT_G5_MATCHED,False,False,False,0
159,91432,12340,TOWR,2015-02-12,CANDIDATE_ONLY_NOT_G5_MATCHED,False,False,False,0
159,91432,12477,WD,2015-02-12,CANDIDATE_ONLY_NOT_G5_MATCHED,False,False,False,0
159,91432,12660,GNC,2015-02-12,CANDIDATE_ONLY_NOT_G5_MATCHED,False,False,False,0
159,91432,13196,RLGT,2015-02-12,CANDIDATE_ONLY_NOT_G5_MATCHED,False,False,False,0
159,91432,13598,KRFT,2015-02-12,CANDIDATE_ONLY_NOT_G5_MATCHED,False,False,False,0
159,91432,13625,SSTK,2015-02-12,CANDIDATE_ONLY_NOT_G5_MATCHED,False,False,False,0
159,91432,17478,MHFI,2015-02-12,CANDIDATE_ONLY_NOT_G5_MATCHED,False,False,False,0
159,91432,26825,K,2015-02-12,CANDIDATE_ONLY_NOT_G5_MATCHED,False,False,False,0
159,91432,34673,NR,2015-02-12,CANDIDATE_ONLY_NOT_G5_MATCHED,False,False,False,0
159,91432,39490,APA,2015-02-12,CANDIDATE_ONLY_NOT_G5_MATCHED,False,False,False,0
159,91432,40416,AVP,2015-02-12,CANDIDATE_ONLY_NOT_G5_MATCHED,False,False,False,0
159,91432,40440,DBD,2015-02-12,CANDIDATE_ONLY_NOT_G5_MATCHED,False,False,False,0
159,91432,41187,HE,2015-02-12,CANDIDATE_ONLY_NOT_G5_MATCHED,False,False,False,0
159,91432,48531,LNCE,2015-02-12,CANDIDATE_ONLY_NOT_G5_MATCHED,False,False,False,0
159,91432,55212,SPW,2015-02-12,CANDIDATE_ONLY_NOT_G5_MATCHED,False,False,False,0
159,91432,70536,SIAL,2015-02-12,CANDIDATE_ONLY_NOT_G5_MATCHED,False,False,False,0
159,91432,76226,CBS,2015-02-12,CANDIDATE_ONLY_NOT_G5_MATCHED,False,False,False,0
159,91432,78977,JAH,2015-02-12,CANDIDATE_ONLY_NOT_G5_MATCHED,False,False,False,0
159,91432,79545,BWA,2015-02-12,CANDIDATE_ONLY_NOT_G5_MATCHED,False,False,False,0
159,91432,79758,BYD,2015-02-12,CANDIDATE_ONLY_NOT_G5_MATCHED,False,False,False,0
159,91432,82307,DVA,2015-02-12,CANDIDATE_ONLY_NOT_G5_MATCHED,False,False,False,0
159,91432,86228,RSG,2015-02-12,CANDIDATE_ONLY_NOT_G5_MATCHED,False,False,False,0
159,91432,86709,AMRI,2015-02-12,CANDIDATE_ONLY_NOT_G5_MATCHED,False,False,False,0
159,91432,88924,FLO,2015-02-12,CANDIDATE_ONLY_NOT_G5_MATCHED,False,False,False,0
159,91432,90110,HSP,2015-02-12,CANDIDATE_ONLY_NOT_G5_MATCHED,False,False,False,0
159,91432,90126,CYTK,2015-02-12,CANDIDATE_ONLY_NOT_G5_MATCHED,False,False,False,0
159,91432,90458,NWE,2015-02-12,CANDIDATE_ONLY_NOT_G5_MATCHED,False,False,False,0
159,91432,90547,ANR,2015-02-12,CANDIDATE_ONLY_NOT_G5_MATCHED,False,False,False,0
159,91432,90775,THS,2015-02-12,CANDIDATE_ONLY_NOT_G5_MATCHED,False,False,False,0
159,91432,91237,VG,2015-02-12,CANDIDATE_ONLY_NOT_G5_MATCHED,False,False,False,0
159,91432,92032,BIOD,2015-02-12,CANDIDATE_ONLY_NOT_G5_MATCHED,False,False,False,0
159,91432,92102,SCOR,2015-02-12,CANDIDATE_ONLY_NOT_G5_MATCHED,False,False,False,0
159,91432,93374,FAF,2015-02-12,CANDIDATE_ONLY_NOT_G5_MATCHED,False,False,False,0
159,91432,93434,SANW,2015-02-12,CANDIDATE_ONLY_NOT_G5_MATCHED,False,False,False,0
160,91498,10290,HGIC,2011-04-26,CANDIDATE_ONLY_NOT_G5_MATCHED,False,False,False,0
160,91498,11293,WSBC,2011-04-26,CANDIDATE_ONLY_NOT_G5_MATCHED,False,False,False,0
160,91498,11308,KO,2011-04-26,CANDIDATE_ONLY_NOT_G5_MATCHED,False,False,False,0
160,91498,11369,UBSI,2011-04-26,CANDIDATE_ONLY_NOT_G5_MATCHED,False,False,False,0
160,91498,14795,TKR,2011-04-26,CANDIDATE_ONLY_NOT_G5_MATCHED,False,False,False,0
160,91498,16600,HSY,2011-04-26,CANDIDATE_ONLY_NOT_G5_MATCHED,False,False,False,0
160,91498,17478,MHP,2011-04-26,CANDIDATE_ONLY_NOT_G5_MATCHED,False,False,False,0
160,91498,20053,SNV,2011-04-26,CANDIDATE_ONLY_NOT_G5_MATCHED,False,False,False,0
160,91498,20618,CRS,2011-04-26,CANDIDATE_ONLY_NOT_G5_MATCHED,False,False,False,0
160,91498,21178,LMT,2011-04-26,CANDIDATE_ONLY_NOT_G5_MATCHED,False,False,False,0
160,91498,22592,MMM,2011-04-26,CANDIDATE_ONLY_NOT_G5_MATCHED,False,False,False,0
160,91498,24272,ASH,2011-04-26,CANDIDATE_ONLY_NOT_G5_MATCHED,False,False,False,0
160,91498,27334,CSL,2011-04-26,CANDIDATE_ONLY_NOT_G5_MATCHED,False,False,False,0
160,91498,27633,R,2011-04-26,CANDIDATE_ONLY_NOT_G5_MATCHED,False,False,False,0
160,91498,27756,STR,2011-04-26,CANDIDATE_ONLY_NOT_G5_MATCHED,False,False,False,0
160,91498,28564,CTS,2011-04-26,CANDIDATE_ONLY_NOT_G5_MATCHED,False,False,False,0
160,91498,35167,FMER,2011-04-26,CANDIDATE_ONLY_NOT_G5_MATCHED,False,False,False,0
160,91498,35263,TRMK,2011-04-26,CANDIDATE_ONLY_NOT_G5_MATCHED,False,False,False,0
160,91498,38093,AJG,2011-04-26,CANDIDATE_ONLY_NOT_G5_MATCHED,False,False,False,0
160,91498,41080,CMI,2011-04-26,CANDIDATE_ONLY_NOT_G5_MATCHED,False,False,False,0
160,91498,43350,SWK,2011-04-26,CANDIDATE_ONLY_NOT_G5_MATCHED,False,False,False,0
160,91498,44329,TFX,2011-04-26,CANDIDATE_ONLY_NOT_G5_MATCHED,False,False,False,0
160,91498,46077,AXE,2011-04-26,CANDIDATE_ONLY_NOT_G5_MATCHED,False,False,False,0
160,91498,46690,CBT,2011-04-26,CANDIDATE_ONLY_NOT_G5_MATCHED,False,False,False,0
160,91498,50017,RRC,2011-04-26,CANDIDATE_ONLY_NOT_G5_MATCHED,False,False,False,0
160,91498,62308,TMK,2011-04-26,CANDIDATE_ONLY_NOT_G5_MATCHED,False,False,False,0
160,91498,64135,WMS,2011-04-26,CANDIDATE_ONLY_NOT_G5_MATCHED,False,False,False,0
160,91498,64929,KWR,2011-04-26,CANDIDATE_ONLY_NOT_G5_MATCHED,False,False,False,0
160,91498,67360,UTL,2011-04-26,CANDIDATE_ONLY_NOT_G5_MATCHED,False,False,False,0
160,91498,70536,SIAL,2011-04-26,CANDIDATE_ONLY_NOT_G5_MATCHED,False,False,False,0
160,91498,71985,SPAR,2011-04-26,CANDIDATE_ONLY_NOT_G5_MATCHED,False,False,False,0
160,91498,75257,TLAB,2011-04-26,CANDIDATE_ONLY_NOT_G5_MATCHED,False,False,False,0
160,91498,75261,MNI,2011-04-26,CANDIDATE_ONLY_NOT_G5_MATCHED,False,False,False,0
160,91498,75326,ACI,2011-04-26,CANDIDATE_ONLY_NOT_G5_MATCHED,False,False,False,0
160,91498,75573,ODP,2011-04-26,CANDIDATE_ONLY_NOT_G5_MATCHED,False,False,False,0
160,91498,75577,ALTR,2011-04-26,CANDIDATE_ONLY_NOT_G5_MATCHED,False,False,False,0
160,91498,75853,ZIXI,2011-04-26,CANDIDATE_ONLY_NOT_G5_MATCHED,False,False,False,0
160,91498,75906,GSBC,2011-04-26,CANDIDATE_ONLY_NOT_G5_MATCHED,False,False,False,0
160,91498,76099,DFG,2011-04-26,CANDIDATE_ONLY_NOT_G5_MATCHED,False,False,False,0
160,91498,76219,TRH,2011-04-26,CANDIDATE_ONLY_NOT_G5_MATCHED,False,False,False,0
160,91498,76282,AN,2011-04-26,CANDIDATE_ONLY_NOT_G5_MATCHED,False,False,False,0
160,91498,76573,MLI,2011-04-26,CANDIDATE_ONLY_NOT_G5_MATCHED,False,False,False,0
160,91498,76639,TSS,2011-04-26,CANDIDATE_ONLY_NOT_G5_MATCHED,False,False,False,0
160,91498,76644,X,2011-04-26,CANDIDATE_ONLY_NOT_G5_MATCHED,False,False,False,0
160,91498,76708,DV,2011-04-26,CANDIDATE_ONLY_NOT_G5_MATCHED,False,False,False,0
160,91498,77338,ROP,2011-04-26,CANDIDATE_ONLY_NOT_G5_MATCHED,False,False,False,0
160,91498,77520,AGCO,2011-04-26,CANDIDATE_ONLY_NOT_G5_MATCHED,False,False,False,0
160,91498,77528,STBA,2011-04-26,CANDIDATE_ONLY_NOT_G5_MATCHED,False,False,False,0
160,91498,78051,QCOR,2011-04-26,CANDIDATE_ONLY_NOT_G5_MATCHED,False,False,False,0
160,91498,78068,STLY,2011-04-26,CANDIDATE_ONLY_NOT_G5_MATCHED,False,False,False,0
160,91498,78829,UMBF,2011-04-26,CANDIDATE_ONLY_NOT_G5_MATCHED,False,False,False,0
160,91498,78840,IACI,2011-04-26,CANDIDATE_ONLY_NOT_G5_MATCHED,False,False,False,0
160,91498,78903,PEBO,2011-04-26,CANDIDATE_ONLY_NOT_G5_MATCHED,False,False,False,0
160,91498,78908,RCKY,2011-04-26,CANDIDATE_ONLY_NOT_G5_MATCHED,False,False,False,0
160,91498,79131,MSL,2011-04-26,CANDIDATE_ONLY_NOT_G5_MATCHED,False,False,False,0
160,91498,79323,ALL,2011-04-26,CANDIDATE_ONLY_NOT_G5_MATCHED,False,False,False,0
160,91498,79584,VIST,2011-04-26,CANDIDATE_ONLY_NOT_G5_MATCHED,False,False,False,0
160,91498,79637,UHS,2011-04-26,CANDIDATE_ONLY_NOT_G5_MATCHED,False,False,False,0
160,91498,80113,CGI,2011-04-26,CANDIDATE_ONLY_NOT_G5_MATCHED,False,False,False,0
160,91498,80135,SFN,2011-04-26,CANDIDATE_ONLY_NOT_G5_MATCHED,False,False,False,0
160,91498,80223,BPFH,2011-04-26,CANDIDATE_ONLY_NOT_G5_MATCHED,False,False,False,0
160,91498,80303,AKS,2011-04-26,CANDIDATE_ONLY_NOT_G5_MATCHED,False,False,False,0
160,91498,80361,RKT,2011-04-26,CANDIDATE_ONLY_NOT_G5_MATCHED,False,False,False,0
160,91498,80498,ABCB,2011-04-26,CANDIDATE_ONLY_NOT_G5_MATCHED,False,False,False,0
160,91498,80543,SSCC,2011-04-26,CANDIDATE_ONLY_NOT_G5_MATCHED,False,False,False,0
160,91498,80795,AMED,2011-04-26,CANDIDATE_ONLY_NOT_G5_MATCHED,False,False,False,0
160,91498,80969,CVTI,2011-04-26,CANDIDATE_ONLY_NOT_G5_MATCHED,False,False,False,0
160,91498,81564,IBKC,2011-04-26,CANDIDATE_ONLY_NOT_G5_MATCHED,False,False,False,0
160,91498,81584,CBZ,2011-04-26,CANDIDATE_ONLY_NOT_G5_MATCHED,False,False,False,0
160,91498,81666,HA,2011-04-26,CANDIDATE_ONLY_NOT_G5_MATCHED,False,False,False,0
160,91498,81677,WAB,2011-04-26,CANDIDATE_ONLY_NOT_G5_MATCHED,False,False,False,0
160,91498,81678,LECO,2011-04-26,CANDIDATE_ONLY_NOT_G5_MATCHED,False,False,False,0
160,91498,82635,BKI,2011-04-26,CANDIDATE_ONLY_NOT_G5_MATCHED,False,False,False,0
160,91498,82643,LXK,2011-04-26,CANDIDATE_ONLY_NOT_G5_MATCHED,False,False,False,0
160,91498,82651,WAT,2011-04-26,CANDIDATE_ONLY_NOT_G5_MATCHED,False,False,False,0
160,91498,82825,LCAV,2011-04-26,CANDIDATE_ONLY_NOT_G5_MATCHED,False,False,False,0
160,91498,82837,PPDI,2011-04-26,CANDIDATE_ONLY_NOT_G5_MATCHED,False,False,False,0
160,91498,83283,JDAS,2011-04-26,CANDIDATE_ONLY_NOT_G5_MATCHED,False,False,False,0
160,91498,83602,IMN,2011-04-26,CANDIDATE_ONLY_NOT_G5_MATCHED,False,False,False,0
160,91498,84010,USNA,2011-04-26,CANDIDATE_ONLY_NOT_G5_MATCHED,False,False,False,0
160,91498,84734,FBC,2011-04-26,CANDIDATE_ONLY_NOT_G5_MATCHED,False,False,False,0
160,91498,84788,AMZN,2011-04-26,CANDIDATE_ONLY_NOT_G5_MATCHED,False,False,False,0
160,91498,84808,GLF,2011-04-26,CANDIDATE_ONLY_NOT_G5_MATCHED,False,False,False,0
160,91498,85035,RFMD,2011-04-26,CANDIDATE_ONLY_NOT_G5_MATCHED,False,False,False,0
160,91498,85246,JLL,2011-04-26,CANDIDATE_ONLY_NOT_G5_MATCHED,False,False,False,0
160,91498,85269,VLO,2011-04-26,CANDIDATE_ONLY_NOT_G5_MATCHED,False,False,False,0
160,91498,85459,CHRW,2011-04-26,CANDIDATE_ONLY_NOT_G5_MATCHED,False,False,False,0
160,91498,85488,OSIS,2011-04-26,CANDIDATE_ONLY_NOT_G5_MATCHED,False,False,False,0
160,91498,85627,SAH,2011-04-26,CANDIDATE_ONLY_NOT_G5_MATCHED,False,False,False,0
160,91498,85738,MRCY,2011-04-26,CANDIDATE_ONLY_NOT_G5_MATCHED,False,False,False,0
160,91498,85908,GRA,2011-04-26,CANDIDATE_ONLY_NOT_G5_MATCHED,False,False,False,0
160,91498,85931,WDR,2011-04-26,CANDIDATE_ONLY_NOT_G5_MATCHED,False,False,False,0
160,91498,85963,BRCM,2011-04-26,CANDIDATE_ONLY_NOT_G5_MATCHED,False,False,False,0
160,91498,86196,ULTI,2011-04-26,CANDIDATE_ONLY_NOT_G5_MATCHED,False,False,False,0
160,91498,86236,BIRT,2011-04-26,CANDIDATE_ONLY_NOT_G5_MATCHED,False,False,False,0
160,91498,86719,EWBC,2011-04-26,CANDIDATE_ONLY_NOT_G5_MATCHED,False,False,False,0
160,91498,86725,LIFE,2011-04-26,CANDIDATE_ONLY_NOT_G5_MATCHED,False,False,False,0
160,91498,86896,CBU,2011-04-26,CANDIDATE_ONLY_NOT_G5_MATCHED,False,False,False,0
160,91498,87020,PVTB,2011-04-26,CANDIDATE_ONLY_NOT_G5_MATCHED,False,False,False,0
160,91498,87034,LII,2011-04-26,CANDIDATE_ONLY_NOT_G5_MATCHED,False,False,False,0
160,91498,87242,KEYN,2011-04-26,CANDIDATE_ONLY_NOT_G5_MATCHED,False,False,False,0
160,91498,87345,SIMG,2011-04-26,CANDIDATE_ONLY_NOT_G5_MATCHED,False,False,False,0
160,91498,87447,UPS,2011-04-26,CANDIDATE_ONLY_NOT_G5_MATCHED,False,False,False,0
160,91498,88195,SGMO,2011-04-26,CANDIDATE_ONLY_NOT_G5_MATCHED,False,False,False,0
160,91498,88203,VDSI,2011-04-26,CANDIDATE_ONLY_NOT_G5_MATCHED,False,False,False,0
160,91498,88446,ILMN,2011-04-26,CANDIDATE_ONLY_NOT_G5_MATCHED,False,False,False,0
160,91498,88497,ACPW,2011-04-26,CANDIDATE_ONLY_NOT_G5_MATCHED,False,False,False,0
160,91498,88661,COH,2011-04-26,CANDIDATE_ONLY_NOT_G5_MATCHED,False,False,False,0
160,91498,88908,CSFL,2011-04-26,CANDIDATE_ONLY_NOT_G5_MATCHED,False,False,False,0
160,91498,88970,SHBI,2011-04-26,CANDIDATE_ONLY_NOT_G5_MATCHED,False,False,False,0
160,91498,89004,FTI,2011-04-26,CANDIDATE_ONLY_NOT_G5_MATCHED,False,False,False,0
160,91498,89269,CNC,2011-04-26,CANDIDATE_ONLY_NOT_G5_MATCHED,False,False,False,0
160,91498,89497,ARB,2011-04-26,CANDIDATE_ONLY_NOT_G5_MATCHED,False,False,False,0
160,91498,89904,BWLD,2011-04-26,CANDIDATE_ONLY_NOT_G5_MATCHED,False,False,False,0
160,91498,89932,KNOL,2011-04-26,CANDIDATE_ONLY_NOT_G5_MATCHED,False,False,False,0
160,91498,90044,KCI,2011-04-26,CANDIDATE_ONLY_NOT_G5_MATCHED,False,False,False,0
160,91498,90083,DDIC,2011-04-26,CANDIDATE_ONLY_NOT_G5_MATCHED,False,False,False,0
160,91498,90090,SBNY,2011-04-26,CANDIDATE_ONLY_NOT_G5_MATCHED,False,False,False,0
160,91498,90110,HSP,2011-04-26,CANDIDATE_ONLY_NOT_G5_MATCHED,False,False,False,0
160,91498,90199,CBG,2011-04-26,CANDIDATE_ONLY_NOT_G5_MATCHED,False,False,False,0
160,91498,90314,CVGI,2011-04-26,CANDIDATE_ONLY_NOT_G5_MATCHED,False,False,False,0
160,91498,90374,DWA,2011-04-26,CANDIDATE_ONLY_NOT_G5_MATCHED,False,False,False,0
160,91498,90439,NLC,2011-04-26,CANDIDATE_ONLY_NOT_G5_MATCHED,False,False,False,0
160,91498,90487,OSHC,2011-04-26,CANDIDATE_ONLY_NOT_G5_MATCHED,False,False,False,0
160,91498,90490,TBBK,2011-04-26,CANDIDATE_ONLY_NOT_G5_MATCHED,False,False,False,0
160,91498,90520,CE,2011-04-26,CANDIDATE_ONLY_NOT_G5_MATCHED,False,False,False,0
160,91498,90533,WTI,2011-04-26,CANDIDATE_ONLY_NOT_G5_MATCHED,False,False,False,0
160,91498,90543,SBX,2011-04-26,CANDIDATE_ONLY_NOT_G5_MATCHED,False,False,False,0
160,91498,90893,LCC,2011-04-26,CANDIDATE_ONLY_NOT_G5_MATCHED,False,False,False,0
160,91498,90971,IRBT,2011-04-26,CANDIDATE_ONLY_NOT_G5_MATCHED,False,False,False,0
160,91498,90979,UA,2011-04-26,CANDIDATE_ONLY_NOT_G5_MATCHED,False,False,False,0
160,91498,91349,CLUB,2011-04-26,CANDIDATE_ONLY_NOT_G5_MATCHED,False,False,False,0
160,91498,91461,WU,2011-04-26,CANDIDATE_ONLY_NOT_G5_MATCHED,False,False,False,0
160,91498,91493,APKT,2011-04-26,CANDIDATE_ONLY_NOT_G5_MATCHED,False,False,False,0
160,91498,91605,CPLA,2011-04-26,CANDIDATE_ONLY_NOT_G5_MATCHED,False,False,False,0
160,91498,91907,SMCI,2011-04-26,CANDIDATE_ONLY_NOT_G5_MATCHED,False,False,False,0
160,91498,91926,DAL,2011-04-26,CANDIDATE_ONLY_NOT_G5_MATCHED,False,False,False,0
160,91498,91977,BGS,2011-04-26,CANDIDATE_ONLY_NOT_G5_MATCHED,False,False,False,0
160,91498,91979,CAP,2011-04-26,CANDIDATE_ONLY_NOT_G5_MATCHED,False,False,False,0
160,91498,92451,SFSF,2011-04-26,CANDIDATE_ONLY_NOT_G5_MATCHED,False,False,False,0
160,91498,93040,FUBC,2011-04-26,CANDIDATE_ONLY_NOT_G5_MATCHED,False,False,False,0
160,91498,93071,VSI,2011-04-26,CANDIDATE_ONLY_NOT_G5_MATCHED,False,False,False,0
160,91498,93323,MUSA,2011-04-26,CANDIDATE_ONLY_NOT_G5_MATCHED,False,False,False,0
161,91498,10252,INDB,2013-04-25,CANDIDATE_ONLY_NOT_G5_MATCHED,False,False,False,0
161,91498,10517,AAN,2013-04-25,CANDIDATE_ONLY_NOT_G5_MATCHED,False,False,False,0
161,91498,10530,VIVO,2013-04-25,CANDIDATE_ONLY_NOT_G5_MATCHED,False,False,False,0
161,91498,10693,HLS,2013-04-25,CANDIDATE_ONLY_NOT_G5_MATCHED,False,False,False,0
161,91498,11369,UBSI,2013-04-25,CANDIDATE_ONLY_NOT_G5_MATCHED,False,False,False,0
161,91498,11552,CELG,2013-04-25,CANDIDATE_ONLY_NOT_G5_MATCHED,False,False,False,0
161,91498,11786,SIVB,2013-04-25,CANDIDATE_ONLY_NOT_G5_MATCHED,False,False,False,0
161,91498,11850,XOM,2013-04-25,CANDIDATE_ONLY_NOT_G5_MATCHED,False,False,False,0
161,91498,11896,MXIM,2013-04-25,CANDIDATE_ONLY_NOT_G5_MATCHED,False,False,False,0
161,91498,12036,GMT,2013-04-25,CANDIDATE_ONLY_NOT_G5_MATCHED,False,False,False,0
161,91498,12682,TMS,2013-04-25,CANDIDATE_ONLY_NOT_G5_MATCHED,False,False,False,0
161,91498,12905,SXC,2013-04-25,CANDIDATE_ONLY_NOT_G5_MATCHED,False,False,False,0
161,91498,12914,DNKN,2013-04-25,CANDIDATE_ONLY_NOT_G5_MATCHED,False,False,False,0
161,91498,13085,VAC,2013-04-25,CANDIDATE_ONLY_NOT_G5_MATCHED,False,False,False,0
161,91498,13249,PRLB,2013-04-25,CANDIDATE_ONLY_NOT_G5_MATCHED,False,False,False,0
161,91498,13263,CEMP,2013-04-25,CANDIDATE_ONLY_NOT_G5_MATCHED,False,False,False,0
161,91498,13337,FET,2013-04-25,CANDIDATE_ONLY_NOT_G5_MATCHED,False,False,False,0
161,91498,13610,OLN,2013-04-25,CANDIDATE_ONLY_NOT_G5_MATCHED,False,False,False,0
161,91498,13901,MO,2013-04-25,CANDIDATE_ONLY_NOT_G5_MATCHED,False,False,False,0
161,91498,13928,COP,2013-04-25,CANDIDATE_ONLY_NOT_G5_MATCHED,False,False,False,0
161,91498,16600,HSY,2013-04-25,CANDIDATE_ONLY_NOT_G5_MATCHED,False,False,False,0
161,91498,18649,BCO,2013-04-25,CANDIDATE_ONLY_NOT_G5_MATCHED,False,False,False,0
161,91498,18729,CL,2013-04-25,CANDIDATE_ONLY_NOT_G5_MATCHED,False,False,False,0
161,91498,19393,BMY,2013-04-25,CANDIDATE_ONLY_NOT_G5_MATCHED,False,False,False,0
161,91498,20618,CRS,2013-04-25,CANDIDATE_ONLY_NOT_G5_MATCHED,False,False,False,0
161,91498,22592,MMM,2013-04-25,CANDIDATE_ONLY_NOT_G5_MATCHED,False,False,False,0
161,91498,23085,SCG,2013-04-25,CANDIDATE_ONLY_NOT_G5_MATCHED,False,False,False,0
161,91498,23229,CMS,2013-04-25,CANDIDATE_ONLY_NOT_G5_MATCHED,False,False,False,0
161,91498,23473,CINF,2013-04-25,CANDIDATE_ONLY_NOT_G5_MATCHED,False,False,False,0
161,91498,24010,ETR,2013-04-25,CANDIDATE_ONLY_NOT_G5_MATCHED,False,False,False,0
161,91498,24328,EQT,2013-04-25,CANDIDATE_ONLY_NOT_G5_MATCHED,False,False,False,0
161,91498,24942,RTN,2013-04-25,CANDIDATE_ONLY_NOT_G5_MATCHED,False,False,False,0
161,91498,27684,AVT,2013-04-25,CANDIDATE_ONLY_NOT_G5_MATCHED,False,False,False,0
161,91498,28804,ALK,2013-04-25,CANDIDATE_ONLY_NOT_G5_MATCHED,False,False,False,0
161,91498,34673,NR,2013-04-25,CANDIDATE_ONLY_NOT_G5_MATCHED,False,False,False,0
161,91498,34833,OXY,2013-04-25,CANDIDATE_ONLY_NOT_G5_MATCHED,False,False,False,0
161,91498,42200,PKI,2013-04-25,CANDIDATE_ONLY_NOT_G5_MATCHED,False,False,False,0
161,91498,42796,MDP,2013-04-25,CANDIDATE_ONLY_NOT_G5_MATCHED,False,False,False,0
161,91498,43350,SWK,2013-04-25,CANDIDATE_ONLY_NOT_G5_MATCHED,False,False,False,0
161,91498,43772,BMS,2013-04-25,CANDIDATE_ONLY_NOT_G5_MATCHED,False,False,False,0
161,91498,44134,KMT,2013-04-25,CANDIDATE_ONLY_NOT_G5_MATCHED,False,False,False,0
161,91498,45277,IGT,2013-04-25,CANDIDATE_ONLY_NOT_G5_MATCHED,False,False,False,0
161,91498,45728,IVC,2013-04-25,CANDIDATE_ONLY_NOT_G5_MATCHED,False,False,False,0
161,91498,45911,SWKS,2013-04-25,CANDIDATE_ONLY_NOT_G5_MATCHED,False,False,False,0
161,91498,46340,SFE,2013-04-25,CANDIDATE_ONLY_NOT_G5_MATCHED,False,False,False,0
161,91498,46886,KLAC,2013-04-25,CANDIDATE_ONLY_NOT_G5_MATCHED,False,False,False,0
161,91498,47466,NYT,2013-04-25,CANDIDATE_ONLY_NOT_G5_MATCHED,False,False,False,0
161,91498,48523,LANC,2013-04-25,CANDIDATE_ONLY_NOT_G5_MATCHED,False,False,False,0
161,91498,48961,LAWS,2013-04-25,CANDIDATE_ONLY_NOT_G5_MATCHED,False,False,False,0
161,91498,50017,RRC,2013-04-25,CANDIDATE_ONLY_NOT_G5_MATCHED,False,False,False,0
161,91498,53480,MCRS,2013-04-25,CANDIDATE_ONLY_NOT_G5_MATCHED,False,False,False,0
161,91498,53640,MSCC,2013-04-25,CANDIDATE_ONLY_NOT_G5_MATCHED,False,False,False,0
161,91498,54148,PHM,2013-04-25,CANDIDATE_ONLY_NOT_G5_MATCHED,False,False,False,0
161,91498,55597,MTRN,2013-04-25,CANDIDATE_ONLY_NOT_G5_MATCHED,False,False,False,0
161,91498,56040,NAFC,2013-04-25,CANDIDATE_ONLY_NOT_G5_MATCHED,False,False,False,0
161,91498,57568,BLL,2013-04-25,CANDIDATE_ONLY_NOT_G5_MATCHED,False,False,False,0
161,91498,58683,LUV,2013-04-25,CANDIDATE_ONLY_NOT_G5_MATCHED,False,False,False,0
161,91498,59192,CB,2013-04-25,CANDIDATE_ONLY_NOT_G5_MATCHED,False,False,False,0
161,91498,59396,ORI,2013-04-25,CANDIDATE_ONLY_NOT_G5_MATCHED,False,False,False,0
161,91498,60943,LEG,2013-04-25,CANDIDATE_ONLY_NOT_G5_MATCHED,False,False,False,0
161,91498,61496,PATK,2013-04-25,CANDIDATE_ONLY_NOT_G5_MATCHED,False,False,False,0
161,91498,61743,DLX,2013-04-25,CANDIDATE_ONLY_NOT_G5_MATCHED,False,False,False,0
161,91498,61815,NBL,2013-04-25,CANDIDATE_ONLY_NOT_G5_MATCHED,False,False,False,0
161,91498,63079,KEG,2013-04-25,CANDIDATE_ONLY_NOT_G5_MATCHED,False,False,False,0
161,91498,64936,D,2013-04-25,CANDIDATE_ONLY_NOT_G5_MATCHED,False,False,False,0
161,91498,65509,BLC,2013-04-25,CANDIDATE_ONLY_NOT_G5_MATCHED,False,False,False,0
161,91498,69586,SBCF,2013-04-25,CANDIDATE_ONLY_NOT_G5_MATCHED,False,False,False,0
161,91498,70033,HOG,2013-04-25,CANDIDATE_ONLY_NOT_G5_MATCHED,False,False,False,0
161,91498,70500,CCE,2013-04-25,CANDIDATE_ONLY_NOT_G5_MATCHED,False,False,False,0
161,91498,70536,SIAL,2013-04-25,CANDIDATE_ONLY_NOT_G5_MATCHED,False,False,False,0
161,91498,75215,CSH,2013-04-25,CANDIDATE_ONLY_NOT_G5_MATCHED,False,False,False,0
161,91498,75257,TLAB,2013-04-25,CANDIDATE_ONLY_NOT_G5_MATCHED,False,False,False,0
161,91498,75577,ALTR,2013-04-25,CANDIDATE_ONLY_NOT_G5_MATCHED,False,False,False,0
161,91498,75603,CRUS,2013-04-25,CANDIDATE_ONLY_NOT_G5_MATCHED,False,False,False,0
161,91498,75831,DGII,2013-04-25,CANDIDATE_ONLY_NOT_G5_MATCHED,False,False,False,0
161,91498,76224,BHE,2013-04-25,CANDIDATE_ONLY_NOT_G5_MATCHED,False,False,False,0
161,91498,76624,PMCS,2013-04-25,CANDIDATE_ONLY_NOT_G5_MATCHED,False,False,False,0
161,91498,76841,BIIB,2013-04-25,CANDIDATE_ONLY_NOT_G5_MATCHED,False,False,False,0
161,91498,76980,ROCM,2013-04-25,CANDIDATE_ONLY_NOT_G5_MATCHED,False,False,False,0
161,91498,77037,ODFL,2013-04-25,CANDIDATE_ONLY_NOT_G5_MATCHED,False,False,False,0
161,91498,77114,WRLD,2013-04-25,CANDIDATE_ONLY_NOT_G5_MATCHED,False,False,False,0
161,91498,77279,ABAX,2013-04-25,CANDIDATE_ONLY_NOT_G5_MATCHED,False,False,False,0
161,91498,77366,ELY,2013-04-25,CANDIDATE_ONLY_NOT_G5_MATCHED,False,False,False,0
161,91498,77461,VCI,2013-04-25,CANDIDATE_ONLY_NOT_G5_MATCHED,False,False,False,0
161,91498,77605,BSX,2013-04-25,CANDIDATE_ONLY_NOT_G5_MATCHED,False,False,False,0
161,91498,77630,DWCH,2013-04-25,CANDIDATE_ONLY_NOT_G5_MATCHED,False,False,False,0
161,91498,77702,SBUX,2013-04-25,CANDIDATE_ONLY_NOT_G5_MATCHED,False,False,False,0
161,91498,77763,SPN,2013-04-25,CANDIDATE_ONLY_NOT_G5_MATCHED,False,False,False,0
161,91498,78981,LSTR,2013-04-25,CANDIDATE_ONLY_NOT_G5_MATCHED,False,False,False,0
161,91498,78990,DEST,2013-04-25,CANDIDATE_ONLY_NOT_G5_MATCHED,False,False,False,0
161,91498,79133,ATR,2013-04-25,CANDIDATE_ONLY_NOT_G5_MATCHED,False,False,False,0
161,91498,79210,RGA,2013-04-25,CANDIDATE_ONLY_NOT_G5_MATCHED,False,False,False,0
161,91498,79336,LBY,2013-04-25,CANDIDATE_ONLY_NOT_G5_MATCHED,False,False,False,0
161,91498,79545,BWA,2013-04-25,CANDIDATE_ONLY_NOT_G5_MATCHED,False,False,False,0
161,91498,79637,UHS,2013-04-25,CANDIDATE_ONLY_NOT_G5_MATCHED,False,False,False,0
161,91498,79686,DECK,2013-04-25,CANDIDATE_ONLY_NOT_G5_MATCHED,False,False,False,0
161,91498,79857,PTEN,2013-04-25,CANDIDATE_ONLY_NOT_G5_MATCHED,False,False,False,0
161,91498,79909,MHO,2013-04-25,CANDIDATE_ONLY_NOT_G5_MATCHED,False,False,False,0
161,91498,80113,CGI,2013-04-25,CANDIDATE_ONLY_NOT_G5_MATCHED,False,False,False,0
161,91498,80362,SCSC,2013-04-25,CANDIDATE_ONLY_NOT_G5_MATCHED,False,False,False,0
161,91498,80864,RS,2013-04-25,CANDIDATE_ONLY_NOT_G5_MATCHED,False,False,False,0
161,91498,81128,ESI,2013-04-25,CANDIDATE_ONLY_NOT_G5_MATCHED,False,False,False,0
161,91498,81501,NATI,2013-04-25,CANDIDATE_ONLY_NOT_G5_MATCHED,False,False,False,0
161,91498,81540,ABC,2013-04-25,CANDIDATE_ONLY_NOT_G5_MATCHED,False,False,False,0
161,91498,81564,IBKC,2013-04-25,CANDIDATE_ONLY_NOT_G5_MATCHED,False,False,False,0
161,91498,81857,CAM,2013-04-25,CANDIDATE_ONLY_NOT_G5_MATCHED,False,False,False,0
161,91498,81925,GTI,2013-04-25,CANDIDATE_ONLY_NOT_G5_MATCHED,False,False,False,0
161,91498,82298,DO,2013-04-25,CANDIDATE_ONLY_NOT_G5_MATCHED,False,False,False,0
161,91498,82521,RSYS,2013-04-25,CANDIDATE_ONLY_NOT_G5_MATCHED,False,False,False,0
161,91498,82694,EME,2013-04-25,CANDIDATE_ONLY_NOT_G5_MATCHED,False,False,False,0
161,91498,82859,REV,2013-04-25,CANDIDATE_ONLY_NOT_G5_MATCHED,False,False,False,0
161,91498,83111,ALXN,2013-04-25,CANDIDATE_ONLY_NOT_G5_MATCHED,False,False,False,0
161,91498,83186,DST,2013-04-25,CANDIDATE_ONLY_NOT_G5_MATCHED,False,False,False,0
161,91498,83366,CRR,2013-04-25,CANDIDATE_ONLY_NOT_G5_MATCHED,False,False,False,0
161,91498,84103,NCI,2013-04-25,CANDIDATE_ONLY_NOT_G5_MATCHED,False,False,False,0
161,91498,84168,IM,2013-04-25,CANDIDATE_ONLY_NOT_G5_MATCHED,False,False,False,0
161,91498,84788,AMZN,2013-04-25,CANDIDATE_ONLY_NOT_G5_MATCHED,False,False,False,0
161,91498,85173,CSTR,2013-04-25,CANDIDATE_ONLY_NOT_G5_MATCHED,False,False,False,0
161,91498,85257,AME,2013-04-25,CANDIDATE_ONLY_NOT_G5_MATCHED,False,False,False,0
161,91498,85863,COLM,2013-04-25,CANDIDATE_ONLY_NOT_G5_MATCHED,False,False,False,0
161,91498,85953,SOFO,2013-04-25,CANDIDATE_ONLY_NOT_G5_MATCHED,False,False,False,0
161,91498,85991,LVLT,2013-04-25,CANDIDATE_ONLY_NOT_G5_MATCHED,False,False,False,0
161,91498,86021,LLL,2013-04-25,CANDIDATE_ONLY_NOT_G5_MATCHED,False,False,False,0
161,91498,86047,AMKR,2013-04-25,CANDIDATE_ONLY_NOT_G5_MATCHED,False,False,False,0
161,91498,86102,FII,2013-04-25,CANDIDATE_ONLY_NOT_G5_MATCHED,False,False,False,0
161,91498,86128,HZO,2013-04-25,CANDIDATE_ONLY_NOT_G5_MATCHED,False,False,False,0
161,91498,86228,RSG,2013-04-25,CANDIDATE_ONLY_NOT_G5_MATCHED,False,False,False,0
161,91498,86302,HTBK,2013-04-25,CANDIDATE_ONLY_NOT_G5_MATCHED,False,False,False,0
161,91498,86799,CNX,2013-04-25,CANDIDATE_ONLY_NOT_G5_MATCHED,False,False,False,0
161,91498,87006,UTHR,2013-04-25,CANDIDATE_ONLY_NOT_G5_MATCHED,False,False,False,0
161,91498,87179,NTCT,2013-04-25,CANDIDATE_ONLY_NOT_G5_MATCHED,False,False,False,0
161,91498,87236,INAP,2013-04-25,CANDIDATE_ONLY_NOT_G5_MATCHED,False,False,False,0
161,91498,87447,UPS,2013-04-25,CANDIDATE_ONLY_NOT_G5_MATCHED,False,False,False,0
161,91498,87827,WBSN,2013-04-25,CANDIDATE_ONLY_NOT_G5_MATCHED,False,False,False,0
161,91498,88203,VDSI,2013-04-25,CANDIDATE_ONLY_NOT_G5_MATCHED,False,False,False,0
161,91498,88257,PFBX,2013-04-25,CANDIDATE_ONLY_NOT_G5_MATCHED,False,False,False,0
161,91498,88260,PXLW,2013-04-25,CANDIDATE_ONLY_NOT_G5_MATCHED,False,False,False,0
161,91498,88287,DLA,2013-04-25,CANDIDATE_ONLY_NOT_G5_MATCHED,False,False,False,0
161,91498,88564,RTIX,2013-04-25,CANDIDATE_ONLY_NOT_G5_MATCHED,False,False,False,0
161,91498,88615,GB,2013-04-25,CANDIDATE_ONLY_NOT_G5_MATCHED,False,False,False,0
161,91498,89070,ZMH,2013-04-25,CANDIDATE_ONLY_NOT_G5_MATCHED,False,False,False,0
161,91498,89195,PFG,2013-04-25,CANDIDATE_ONLY_NOT_G5_MATCHED,False,False,False,0
161,91498,89213,WOOF,2013-04-25,CANDIDATE_ONLY_NOT_G5_MATCHED,False,False,False,0
161,91498,89290,SYNA,2013-04-25,CANDIDATE_ONLY_NOT_G5_MATCHED,False,False,False,0
161,91498,89332,DDE,2013-04-25,CANDIDATE_ONLY_NOT_G5_MATCHED,False,False,False,0
161,91498,89353,JBLU,2013-04-25,CANDIDATE_ONLY_NOT_G5_MATCHED,False,False,False,0
161,91498,89387,CPSI,2013-04-25,CANDIDATE_ONLY_NOT_G5_MATCHED,False,False,False,0
161,91498,89533,WYNN,2013-04-25,CANDIDATE_ONLY_NOT_G5_MATCHED,False,False,False,0
161,91498,89642,BBNK,2013-04-25,CANDIDATE_ONLY_NOT_G5_MATCHED,False,False,False,0
161,91498,89781,MOH,2013-04-25,CANDIDATE_ONLY_NOT_G5_MATCHED,False,False,False,0
161,91498,89800,NTGR,2013-04-25,CANDIDATE_ONLY_NOT_G5_MATCHED,False,False,False,0
161,91498,89810,GPK,2013-04-25,CANDIDATE_ONLY_NOT_G5_MATCHED,False,False,False,0
161,91498,89876,CRI,2013-04-25,CANDIDATE_ONLY_NOT_G5_MATCHED,False,False,False,0
161,91498,89922,TSRA,2013-04-25,CANDIDATE_ONLY_NOT_G5_MATCHED,False,False,False,0
161,91498,90199,CBG,2013-04-25,CANDIDATE_ONLY_NOT_G5_MATCHED,False,False,False,0
161,91498,90200,CAB,2013-04-25,CANDIDATE_ONLY_NOT_G5_MATCHED,False,False,False,0
161,91498,90210,LTM,2013-04-25,CANDIDATE_ONLY_NOT_G5_MATCHED,False,False,False,0
161,91498,90238,SNMX,2013-04-25,CANDIDATE_ONLY_NOT_G5_MATCHED,False,False,False,0
161,91498,90409,HURN,2013-04-25,CANDIDATE_ONLY_NOT_G5_MATCHED,False,False,False,0
161,91498,90458,NWE,2013-04-25,CANDIDATE_ONLY_NOT_G5_MATCHED,False,False,False,0
161,91498,90536,GFIG,2013-04-25,CANDIDATE_ONLY_NOT_G5_MATCHED,False,False,False,0
161,91498,90550,DLB,2013-04-25,CANDIDATE_ONLY_NOT_G5_MATCHED,False,False,False,0
161,91498,90605,UACL,2013-04-25,CANDIDATE_ONLY_NOT_G5_MATCHED,False,False,False,0
161,91498,90730,HBOS,2013-04-25,CANDIDATE_ONLY_NOT_G5_MATCHED,False,False,False,0
161,91498,90808,EXPE,2013-04-25,CANDIDATE_ONLY_NOT_G5_MATCHED,False,False,False,0
161,91498,90814,HITT,2013-04-25,CANDIDATE_ONLY_NOT_G5_MATCHED,False,False,False,0
161,91498,90831,DRC,2013-04-25,CANDIDATE_ONLY_NOT_G5_MATCHED,False,False,False,0
161,91498,90951,HERO,2013-04-25,CANDIDATE_ONLY_NOT_G5_MATCHED,False,False,False,0
161,91498,91103,UAL,2013-04-25,CANDIDATE_ONLY_NOT_G5_MATCHED,False,False,False,0
161,91498,91349,CLUB,2013-04-25,CANDIDATE_ONLY_NOT_G5_MATCHED,False,False,False,0
161,91498,91579,KBR,2013-04-25,CANDIDATE_ONLY_NOT_G5_MATCHED,False,False,False,0
161,91498,91854,UFS,2013-04-25,CANDIDATE_ONLY_NOT_G5_MATCHED,False,False,False,0
161,91498,91883,TWC,2013-04-25,CANDIDATE_ONLY_NOT_G5_MATCHED,False,False,False,0
161,91498,92029,TRS,2013-04-25,CANDIDATE_ONLY_NOT_G5_MATCHED,False,False,False,0
161,91498,92302,CTCT,2013-04-25,CANDIDATE_ONLY_NOT_G5_MATCHED,False,False,False,0
161,91498,92497,N,2013-04-25,CANDIDATE_ONLY_NOT_G5_MATCHED,False,False,False,0
161,91498,92570,DAN,2013-04-25,CANDIDATE_ONLY_NOT_G5_MATCHED,False,False,False,0
161,91498,92890,MJN,2013-04-25,CANDIDATE_ONLY_NOT_G5_MATCHED,False,False,False,0
161,91498,93101,LEA,2013-04-25,CANDIDATE_ONLY_NOT_G5_MATCHED,False,False,False,0
161,91498,93374,FAF,2013-04-25,CANDIDATE_ONLY_NOT_G5_MATCHED,False,False,False,0
162,92257,10299,LLTC,2011-04-19,CANDIDATE_ONLY_NOT_G5_MATCHED,False,False,False,0
162,92257,12490,IBM,2011-04-19,CANDIDATE_ONLY_NOT_G5_MATCHED,False,False,False,0
162,92257,17726,CCK,2011-04-19,CANDIDATE_ONLY_NOT_G5_MATCHED,False,False,False,0
162,92257,20248,CPY,2011-04-19,CANDIDATE_ONLY_NOT_G5_MATCHED,False,False,False,0
162,92257,22111,JNJ,2011-04-19,CANDIDATE_ONLY_NOT_G5_MATCHED,False,False,False,0
162,92257,25081,CMA,2011-04-19,CANDIDATE_ONLY_NOT_G5_MATCHED,False,False,False,0
162,92257,30681,OMC,2011-04-19,CANDIDATE_ONLY_NOT_G5_MATCHED,False,False,False,0
162,92257,35044,RF,2011-04-19,CANDIDATE_ONLY_NOT_G5_MATCHED,False,False,False,0
162,92257,42286,WWW,2011-04-19,CANDIDATE_ONLY_NOT_G5_MATCHED,False,False,False,0
162,92257,45241,FRX,2011-04-19,CANDIDATE_ONLY_NOT_G5_MATCHED,False,False,False,0
162,92257,49656,BK,2011-04-19,CANDIDATE_ONLY_NOT_G5_MATCHED,False,False,False,0
162,92257,58246,NTRS,2011-04-19,CANDIDATE_ONLY_NOT_G5_MATCHED,False,False,False,0
162,92257,59328,INTC,2011-04-19,CANDIDATE_ONLY_NOT_G5_MATCHED,False,False,False,0
162,92257,59600,TWIN,2011-04-19,CANDIDATE_ONLY_NOT_G5_MATCHED,False,False,False,0
162,92257,60506,PCAR,2011-04-19,CANDIDATE_ONLY_NOT_G5_MATCHED,False,False,False,0
162,92257,62148,CSX,2011-04-19,CANDIDATE_ONLY_NOT_G5_MATCHED,False,False,False,0
162,92257,65402,AOS,2011-04-19,CANDIDATE_ONLY_NOT_G5_MATCHED,False,False,False,0
162,92257,66157,USB,2011-04-19,CANDIDATE_ONLY_NOT_G5_MATCHED,False,False,False,0
162,92257,70033,HOG,2011-04-19,CANDIDATE_ONLY_NOT_G5_MATCHED,False,False,False,0
162,92257,72726,STT,2011-04-19,CANDIDATE_ONLY_NOT_G5_MATCHED,False,False,False,0
162,92257,77526,RNST,2011-04-19,CANDIDATE_ONLY_NOT_G5_MATCHED,False,False,False,0
162,92257,78009,SBIB,2011-04-19,CANDIDATE_ONLY_NOT_G5_MATCHED,False,False,False,0
162,92257,78875,CREE,2011-04-19,CANDIDATE_ONLY_NOT_G5_MATCHED,False,False,False,0
162,92257,79859,NYB,2011-04-19,CANDIDATE_ONLY_NOT_G5_MATCHED,False,False,False,0
162,92257,80191,ALB,2011-04-19,CANDIDATE_ONLY_NOT_G5_MATCHED,False,False,False,0
162,92257,83186,DST,2011-04-19,CANDIDATE_ONLY_NOT_G5_MATCHED,False,False,False,0
162,92257,83272,HUBG,2011-04-19,CANDIDATE_ONLY_NOT_G5_MATCHED,False,False,False,0
162,92257,83435,YHOO,2011-04-19,CANDIDATE_ONLY_NOT_G5_MATCHED,False,False,False,0
162,92257,85663,URI,2011-04-19,CANDIDATE_ONLY_NOT_G5_MATCHED,False,False,False,0
162,92257,86868,GS,2011-04-19,CANDIDATE_ONLY_NOT_G5_MATCHED,False,False,False,0
162,92257,88475,VASC,2011-04-19,CANDIDATE_ONLY_NOT_G5_MATCHED,False,False,False,0
162,92257,88991,BTU,2011-04-19,CANDIDATE_ONLY_NOT_G5_MATCHED,False,False,False,0
162,92257,89533,WYNN,2011-04-19,CANDIDATE_ONLY_NOT_G5_MATCHED,False,False,False,0
162,92257,89849,JRN,2011-04-19,CANDIDATE_ONLY_NOT_G5_MATCHED,False,False,False,0
162,92257,91485,RVBD,2011-04-19,CANDIDATE_ONLY_NOT_G5_MATCHED,False,False,False,0
163,92257,10375,TCB,2013-07-23,CANDIDATE_ONLY_NOT_G5_MATCHED,False,False,False,0
163,92257,10382,ASTE,2013-07-23,CANDIDATE_ONLY_NOT_G5_MATCHED,False,False,False,0
163,92257,10629,FNB,2013-07-23,CANDIDATE_ONLY_NOT_G5_MATCHED,False,False,False,0
163,92257,10890,UIS,2013-07-23,CANDIDATE_ONLY_NOT_G5_MATCHED,False,False,False,0
163,92257,11293,WSBC,2013-07-23,CANDIDATE_ONLY_NOT_G5_MATCHED,False,False,False,0
163,92257,11442,CHCO,2013-07-23,CANDIDATE_ONLY_NOT_G5_MATCHED,False,False,False,0
163,92257,11703,DD,2013-07-23,CANDIDATE_ONLY_NOT_G5_MATCHED,False,False,False,0
163,92257,13901,MO,2013-07-23,CANDIDATE_ONLY_NOT_G5_MATCHED,False,False,False,0
163,92257,14593,AAPL,2013-07-23,CANDIDATE_ONLY_NOT_G5_MATCHED,False,False,False,0
163,92257,15560,RSH,2013-07-23,CANDIDATE_ONLY_NOT_G5_MATCHED,False,False,False,0
163,92257,17830,UTX,2013-07-23,CANDIDATE_ONLY_NOT_G5_MATCHED,False,False,False,0
163,92257,19828,WEN,2013-07-23,CANDIDATE_ONLY_NOT_G5_MATCHED,False,False,False,0
163,92257,21178,LMT,2013-07-23,CANDIDATE_ONLY_NOT_G5_MATCHED,False,False,False,0
163,92257,27334,CSL,2013-07-23,CANDIDATE_ONLY_NOT_G5_MATCHED,False,False,False,0
163,92257,27633,R,2013-07-23,CANDIDATE_ONLY_NOT_G5_MATCHED,False,False,False,0
163,92257,28222,APD,2013-07-23,CANDIDATE_ONLY_NOT_G5_MATCHED,False,False,False,0
163,92257,35044,RF,2013-07-23,CANDIDATE_ONLY_NOT_G5_MATCHED,False,False,False,0
163,92257,35167,FMER,2013-07-23,CANDIDATE_ONLY_NOT_G5_MATCHED,False,False,False,0
163,92257,35263,TRMK,2013-07-23,CANDIDATE_ONLY_NOT_G5_MATCHED,False,False,False,0
163,92257,44601,AVY,2013-07-23,CANDIDATE_ONLY_NOT_G5_MATCHED,False,False,False,0
163,92257,45241,FRX,2013-07-23,CANDIDATE_ONLY_NOT_G5_MATCHED,False,False,False,0
163,92257,45277,IGT,2013-07-23,CANDIDATE_ONLY_NOT_G5_MATCHED,False,False,False,0
163,92257,46077,AXE,2013-07-23,CANDIDATE_ONLY_NOT_G5_MATCHED,False,False,False,0
163,92257,46877,BCR,2013-07-23,CANDIDATE_ONLY_NOT_G5_MATCHED,False,False,False,0
163,92257,52230,RHI,2013-07-23,CANDIDATE_ONLY_NOT_G5_MATCHED,False,False,False,0
163,92257,56573,ITW,2013-07-23,CANDIDATE_ONLY_NOT_G5_MATCHED,False,False,False,0
163,92257,60506,PCAR,2013-07-23,CANDIDATE_ONLY_NOT_G5_MATCHED,False,False,False,0
163,92257,64311,NSC,2013-07-23,CANDIDATE_ONLY_NOT_G5_MATCHED,False,False,False,0
163,92257,66093,T,2013-07-23,CANDIDATE_ONLY_NOT_G5_MATCHED,False,False,False,0
163,92257,70536,SIAL,2013-07-23,CANDIDATE_ONLY_NOT_G5_MATCHED,False,False,False,0
163,92257,75182,PII,2013-07-23,CANDIDATE_ONLY_NOT_G5_MATCHED,False,False,False,0
163,92257,75577,ALTR,2013-07-23,CANDIDATE_ONLY_NOT_G5_MATCHED,False,False,False,0
163,92257,75828,EA,2013-07-23,CANDIDATE_ONLY_NOT_G5_MATCHED,False,False,False,0
163,92257,75853,ZIXI,2013-07-23,CANDIDATE_ONLY_NOT_G5_MATCHED,False,False,False,0
163,92257,75906,GSBC,2013-07-23,CANDIDATE_ONLY_NOT_G5_MATCHED,False,False,False,0
163,92257,75976,NEOG,2013-07-23,CANDIDATE_ONLY_NOT_G5_MATCHED,False,False,False,0
163,92257,76138,BEAV,2013-07-23,CANDIDATE_ONLY_NOT_G5_MATCHED,False,False,False,0
163,92257,76573,MLI,2013-07-23,CANDIDATE_ONLY_NOT_G5_MATCHED,False,False,False,0
163,92257,76639,TSS,2013-07-23,CANDIDATE_ONLY_NOT_G5_MATCHED,False,False,False,0
163,92257,76709,IDXX,2013-07-23,CANDIDATE_ONLY_NOT_G5_MATCHED,False,False,False,0
163,92257,76804,MTG,2013-07-23,CANDIDATE_ONLY_NOT_G5_MATCHED,False,False,False,0
163,92257,77528,STBA,2013-07-23,CANDIDATE_ONLY_NOT_G5_MATCHED,False,False,False,0
163,92257,78139,CPWR,2013-07-23,CANDIDATE_ONLY_NOT_G5_MATCHED,False,False,False,0
163,92257,78829,UMBF,2013-07-23,CANDIDATE_ONLY_NOT_G5_MATCHED,False,False,False,0
163,92257,78903,PEBO,2013-07-23,CANDIDATE_ONLY_NOT_G5_MATCHED,False,False,False,0
163,92257,78908,RCKY,2013-07-23,CANDIDATE_ONLY_NOT_G5_MATCHED,False,False,False,0
163,92257,80303,AKS,2013-07-23,CANDIDATE_ONLY_NOT_G5_MATCHED,False,False,False,0
163,92257,80563,PENN,2013-07-23,CANDIDATE_ONLY_NOT_G5_MATCHED,False,False,False,0
163,92257,81564,IBKC,2013-07-23,CANDIDATE_ONLY_NOT_G5_MATCHED,False,False,False,0
163,92257,81666,HA,2013-07-23,CANDIDATE_ONLY_NOT_G5_MATCHED,False,False,False,0
163,92257,81774,FCX,2013-07-23,CANDIDATE_ONLY_NOT_G5_MATCHED,False,False,False,0
163,92257,82643,LXK,2013-07-23,CANDIDATE_ONLY_NOT_G5_MATCHED,False,False,False,0
163,92257,82651,WAT,2013-07-23,CANDIDATE_ONLY_NOT_G5_MATCHED,False,False,False,0
163,92257,83405,PLCM,2013-07-23,CANDIDATE_ONLY_NOT_G5_MATCHED,False,False,False,0
163,92257,83503,EXAC,2013-07-23,CANDIDATE_ONLY_NOT_G5_MATCHED,False,False,False,0
163,92257,84010,USNA,2013-07-23,CANDIDATE_ONLY_NOT_G5_MATCHED,False,False,False,0
163,92257,84734,FBC,2013-07-23,CANDIDATE_ONLY_NOT_G5_MATCHED,False,False,False,0
163,92257,85020,PPBI,2013-07-23,CANDIDATE_ONLY_NOT_G5_MATCHED,False,False,False,0
163,92257,85035,RFMD,2013-07-23,CANDIDATE_ONLY_NOT_G5_MATCHED,False,False,False,0
163,92257,85627,SAH,2013-07-23,CANDIDATE_ONLY_NOT_G5_MATCHED,False,False,False,0
163,92257,85675,AMSG,2013-07-23,CANDIDATE_ONLY_NOT_G5_MATCHED,False,False,False,0
163,92257,85728,EVBS,2013-07-23,CANDIDATE_ONLY_NOT_G5_MATCHED,False,False,False,0
163,92257,85731,HFWA,2013-07-23,CANDIDATE_ONLY_NOT_G5_MATCHED,False,False,False,0
163,92257,85963,BRCM,2013-07-23,CANDIDATE_ONLY_NOT_G5_MATCHED,False,False,False,0
163,92257,86809,SFG,2013-07-23,CANDIDATE_ONLY_NOT_G5_MATCHED,False,False,False,0
163,92257,86896,CBU,2013-07-23,CANDIDATE_ONLY_NOT_G5_MATCHED,False,False,False,0
163,92257,87447,UPS,2013-07-23,CANDIDATE_ONLY_NOT_G5_MATCHED,False,False,False,0
163,92257,88446,ILMN,2013-07-23,CANDIDATE_ONLY_NOT_G5_MATCHED,False,False,False,0
163,92257,88863,EXAS,2013-07-23,CANDIDATE_ONLY_NOT_G5_MATCHED,False,False,False,0
163,92257,88991,BTU,2013-07-23,CANDIDATE_ONLY_NOT_G5_MATCHED,False,False,False,0
163,92257,89004,FTI,2013-07-23,CANDIDATE_ONLY_NOT_G5_MATCHED,False,False,False,0
163,92257,89269,CNC,2013-07-23,CANDIDATE_ONLY_NOT_G5_MATCHED,False,False,False,0
163,92257,89327,ABG,2013-07-23,CANDIDATE_ONLY_NOT_G5_MATCHED,False,False,False,0
163,92257,90090,SBNY,2013-07-23,CANDIDATE_ONLY_NOT_G5_MATCHED,False,False,False,0
163,92257,90248,DPZ,2013-07-23,CANDIDATE_ONLY_NOT_G5_MATCHED,False,False,False,0
163,92257,90760,KFN,2013-07-23,CANDIDATE_ONLY_NOT_G5_MATCHED,False,False,False,0
163,92257,90971,IRBT,2013-07-23,CANDIDATE_ONLY_NOT_G5_MATCHED,False,False,False,0
163,92257,91514,VPFG,2013-07-23,CANDIDATE_ONLY_NOT_G5_MATCHED,False,False,False,0
163,92257,91605,CPLA,2013-07-23,CANDIDATE_ONLY_NOT_G5_MATCHED,False,False,False,0
163,92257,91659,ALGT,2013-07-23,CANDIDATE_ONLY_NOT_G5_MATCHED,False,False,False,0
163,92257,92121,DFS,2013-07-23,CANDIDATE_ONLY_NOT_G5_MATCHED,False,False,False,0
163,92257,93040,FUBC,2013-07-23,CANDIDATE_ONLY_NOT_G5_MATCHED,False,False,False,0
163,92257,93043,HVB,2013-07-23,CANDIDATE_ONLY_NOT_G5_MATCHED,False,False,False,0
163,92257,93150,CIT,2013-07-23,CANDIDATE_ONLY_NOT_G5_MATCHED,False,False,False,0
164,92257,11397,WASH,2013-10-21,CANDIDATE_ONLY_NOT_G5_MATCHED,False,False,False,0
164,92257,15579,TXN,2013-10-21,CANDIDATE_ONLY_NOT_G5_MATCHED,False,False,False,0
164,92257,17743,WRB,2013-10-21,CANDIDATE_ONLY_NOT_G5_MATCHED,False,False,False,0
164,92257,23819,HAL,2013-10-21,CANDIDATE_ONLY_NOT_G5_MATCHED,False,False,False,0
164,92257,26084,CTG,2013-10-21,CANDIDATE_ONLY_NOT_G5_MATCHED,False,False,False,0
164,92257,36898,SCL,2013-10-21,CANDIDATE_ONLY_NOT_G5_MATCHED,False,False,False,0
164,92257,43449,MCD,2013-10-21,CANDIDATE_ONLY_NOT_G5_MATCHED,False,False,False,0
164,92257,43553,VFC,2013-10-21,CANDIDATE_ONLY_NOT_G5_MATCHED,False,False,False,0
164,92257,47941,GCI,2013-10-21,CANDIDATE_ONLY_NOT_G5_MATCHED,False,False,False,0
164,92257,52978,HAS,2013-10-21,CANDIDATE_ONLY_NOT_G5_MATCHED,False,False,False,0
164,92257,56573,ITW,2013-10-21,CANDIDATE_ONLY_NOT_G5_MATCHED,False,False,False,0
164,92257,61567,HXL,2013-10-21,CANDIDATE_ONLY_NOT_G5_MATCHED,False,False,False,0
164,92257,65402,AOS,2013-10-21,CANDIDATE_ONLY_NOT_G5_MATCHED,False,False,False,0
164,92257,70616,SYMM,2013-10-21,CANDIDATE_ONLY_NOT_G5_MATCHED,False,False,False,0
164,92257,75285,MAN,2013-10-21,CANDIDATE_ONLY_NOT_G5_MATCHED,False,False,False,0
164,92257,75591,IEX,2013-10-21,CANDIDATE_ONLY_NOT_G5_MATCHED,False,False,False,0
164,92257,76504,CATY,2013-10-21,CANDIDATE_ONLY_NOT_G5_MATCHED,False,False,False,0
164,92257,76568,SONC,2013-10-21,CANDIDATE_ONLY_NOT_G5_MATCHED,False,False,False,0
164,92257,79785,NVR,2013-10-21,CANDIDATE_ONLY_NOT_G5_MATCHED,False,False,False,0
164,92257,79841,FWRD,2013-10-21,CANDIDATE_ONLY_NOT_G5_MATCHED,False,False,False,0
164,92257,80498,ABCB,2013-10-21,CANDIDATE_ONLY_NOT_G5_MATCHED,False,False,False,0
164,92257,81222,RCII,2013-10-21,CANDIDATE_ONLY_NOT_G5_MATCHED,False,False,False,0
164,92257,84129,ZION,2013-10-21,CANDIDATE_ONLY_NOT_G5_MATCHED,False,False,False,0
164,92257,85168,HLX,2013-10-21,CANDIDATE_ONLY_NOT_G5_MATCHED,False,False,False,0
164,92257,85789,BXS,2013-10-21,CANDIDATE_ONLY_NOT_G5_MATCHED,False,False,False,0
164,92257,87014,BSRR,2013-10-21,CANDIDATE_ONLY_NOT_G5_MATCHED,False,False,False,0
164,92257,87034,LII,2013-10-21,CANDIDATE_ONLY_NOT_G5_MATCHED,False,False,False,0
164,92257,87476,BMRC,2013-10-21,CANDIDATE_ONLY_NOT_G5_MATCHED,False,False,False,0
164,92257,87525,MFSF,2013-10-21,CANDIDATE_ONLY_NOT_G5_MATCHED,False,False,False,0
164,92257,88167,HSTM,2013-10-21,CANDIDATE_ONLY_NOT_G5_MATCHED,False,False,False,0
164,92257,88446,ILMN,2013-10-21,CANDIDATE_ONLY_NOT_G5_MATCHED,False,False,False,0
164,92257,89393,NFLX,2013-10-21,CANDIDATE_ONLY_NOT_G5_MATCHED,False,False,False,0
164,92257,90097,UCTT,2013-10-21,CANDIDATE_ONLY_NOT_G5_MATCHED,False,False,False,0
164,92257,90274,ANCX,2013-10-21,CANDIDATE_ONLY_NOT_G5_MATCHED,False,False,False,0
164,92257,92121,DFS,2013-10-21,CANDIDATE_ONLY_NOT_G5_MATCHED,False,False,False,0
164,92257,93040,FUBC,2013-10-21,CANDIDATE_ONLY_NOT_G5_MATCHED,False,False,False,0
164,92257,93304,FIBK,2013-10-21,CANDIDATE_ONLY_NOT_G5_MATCHED,False,False,False,0
165,92924,10516,ADM,2012-07-31,CANDIDATE_ONLY_NOT_G5_MATCHED,False,False,False,0
165,92924,10606,WTS,2012-07-31,CANDIDATE_ONLY_NOT_G5_MATCHED,False,False,False,0
165,92924,11976,BMC,2012-07-31,CANDIDATE_ONLY_NOT_G5_MATCHED,False,False,False,0
165,92924,12400,LPLA,2012-07-31,CANDIDATE_ONLY_NOT_G5_MATCHED,False,False,False,0
165,92924,12835,RATE,2012-07-31,CANDIDATE_ONLY_NOT_G5_MATCHED,False,False,False,0
165,92924,12908,WAIR,2012-07-31,CANDIDATE_ONLY_NOT_G5_MATCHED,False,False,False,0
165,92924,15720,EIX,2012-07-31,CANDIDATE_ONLY_NOT_G5_MATCHED,False,False,False,0
165,92924,16432,GT,2012-07-31,CANDIDATE_ONLY_NOT_G5_MATCHED,False,False,False,0
165,92924,19166,FMC,2012-07-31,CANDIDATE_ONLY_NOT_G5_MATCHED,False,False,False,0
165,92924,20618,CRS,2012-07-31,CANDIDATE_ONLY_NOT_G5_MATCHED,False,False,False,0
165,92924,21936,PFE,2012-07-31,CANDIDATE_ONLY_NOT_G5_MATCHED,False,False,False,0
165,92924,23712,PEG,2012-07-31,CANDIDATE_ONLY_NOT_G5_MATCHED,False,False,False,0
165,92924,23887,FTR,2012-07-31,CANDIDATE_ONLY_NOT_G5_MATCHED,False,False,False,0
165,92924,24010,ETR,2012-07-31,CANDIDATE_ONLY_NOT_G5_MATCHED,False,False,False,0
165,92924,25232,OKE,2012-07-31,CANDIDATE_ONLY_NOT_G5_MATCHED,False,False,False,0
165,92924,25582,HRS,2012-07-31,CANDIDATE_ONLY_NOT_G5_MATCHED,False,False,False,0
165,92924,30402,CAS,2012-07-31,CANDIDATE_ONLY_NOT_G5_MATCHED,False,False,False,0
165,92924,35991,ROG,2012-07-31,CANDIDATE_ONLY_NOT_G5_MATCHED,False,False,False,0
165,92924,38093,AJG,2012-07-31,CANDIDATE_ONLY_NOT_G5_MATCHED,False,False,False,0
165,92924,38762,NI,2012-07-31,CANDIDATE_ONLY_NOT_G5_MATCHED,False,False,False,0
165,92924,41080,CMI,2012-07-31,CANDIDATE_ONLY_NOT_G5_MATCHED,False,False,False,0
165,92924,41929,CNW,2012-07-31,CANDIDATE_ONLY_NOT_G5_MATCHED,False,False,False,0
165,92924,44329,TFX,2012-07-31,CANDIDATE_ONLY_NOT_G5_MATCHED,False,False,False,0
165,92924,46690,CBT,2012-07-31,CANDIDATE_ONLY_NOT_G5_MATCHED,False,False,False,0
165,92924,57154,GLT,2012-07-31,CANDIDATE_ONLY_NOT_G5_MATCHED,False,False,False,0
165,92924,57808,VSH,2012-07-31,CANDIDATE_ONLY_NOT_G5_MATCHED,False,False,False,0
165,92924,58771,RBC,2012-07-31,CANDIDATE_ONLY_NOT_G5_MATCHED,False,False,False,0
165,92924,59600,TWIN,2012-07-31,CANDIDATE_ONLY_NOT_G5_MATCHED,False,False,False,0
165,92924,63781,UNT,2012-07-31,CANDIDATE_ONLY_NOT_G5_MATCHED,False,False,False,0
165,92924,66245,MDC,2012-07-31,CANDIDATE_ONLY_NOT_G5_MATCHED,False,False,False,0
165,92924,75241,PXD,2012-07-31,CANDIDATE_ONLY_NOT_G5_MATCHED,False,False,False,0
165,92924,75447,BTUI,2012-07-31,CANDIDATE_ONLY_NOT_G5_MATCHED,False,False,False,0
165,92924,75694,TECH,2012-07-31,CANDIDATE_ONLY_NOT_G5_MATCHED,False,False,False,0
165,92924,75828,EA,2012-07-31,CANDIDATE_ONLY_NOT_G5_MATCHED,False,False,False,0
165,92924,76584,ATML,2012-07-31,CANDIDATE_ONLY_NOT_G5_MATCHED,False,False,False,0
165,92924,76644,X,2012-07-31,CANDIDATE_ONLY_NOT_G5_MATCHED,False,False,False,0
165,92924,76732,DIN,2012-07-31,CANDIDATE_ONLY_NOT_G5_MATCHED,False,False,False,0
165,92924,76795,ZBRA,2012-07-31,CANDIDATE_ONLY_NOT_G5_MATCHED,False,False,False,0
165,92924,77595,ABFS,2012-07-31,CANDIDATE_ONLY_NOT_G5_MATCHED,False,False,False,0
165,92924,78172,BBOX,2012-07-31,CANDIDATE_ONLY_NOT_G5_MATCHED,False,False,False,0
165,92924,78876,CRY,2012-07-31,CANDIDATE_ONLY_NOT_G5_MATCHED,False,False,False,0
165,92924,79299,PZZA,2012-07-31,CANDIDATE_ONLY_NOT_G5_MATCHED,False,False,False,0
165,92924,79323,ALL,2012-07-31,CANDIDATE_ONLY_NOT_G5_MATCHED,False,False,False,0
165,92924,80204,MLM,2012-07-31,CANDIDATE_ONLY_NOT_G5_MATCHED,False,False,False,0
165,92924,81665,SYX,2012-07-31,CANDIDATE_ONLY_NOT_G5_MATCHED,False,False,False,0
165,92924,82272,MD,2012-07-31,CANDIDATE_ONLY_NOT_G5_MATCHED,False,False,False,0
165,92924,82541,NMRX,2012-07-31,CANDIDATE_ONLY_NOT_G5_MATCHED,False,False,False,0
165,92924,82702,IPXL,2012-07-31,CANDIDATE_ONLY_NOT_G5_MATCHED,False,False,False,0
165,92924,82825,LCAV,2012-07-31,CANDIDATE_ONLY_NOT_G5_MATCHED,False,False,False,0
165,92924,83503,EXAC,2012-07-31,CANDIDATE_ONLY_NOT_G5_MATCHED,False,False,False,0
165,92924,83529,MGAM,2012-07-31,CANDIDATE_ONLY_NOT_G5_MATCHED,False,False,False,0
165,92924,83534,NBIX,2012-07-31,CANDIDATE_ONLY_NOT_G5_MATCHED,False,False,False,0
165,92924,83616,AFFX,2012-07-31,CANDIDATE_ONLY_NOT_G5_MATCHED,False,False,False,0
165,92924,84042,PAG,2012-07-31,CANDIDATE_ONLY_NOT_G5_MATCHED,False,False,False,0
165,92924,84761,TTWO,2012-07-31,CANDIDATE_ONLY_NOT_G5_MATCHED,False,False,False,0
165,92924,84785,SHF,2012-07-31,CANDIDATE_ONLY_NOT_G5_MATCHED,False,False,False,0
165,92924,85246,JLL,2012-07-31,CANDIDATE_ONLY_NOT_G5_MATCHED,False,False,False,0
165,92924,85271,ACAS,2012-07-31,CANDIDATE_ONLY_NOT_G5_MATCHED,False,False,False,0
165,92924,85372,FARO,2012-07-31,CANDIDATE_ONLY_NOT_G5_MATCHED,False,False,False,0
165,92924,85724,CECO,2012-07-31,CANDIDATE_ONLY_NOT_G5_MATCHED,False,False,False,0
165,92924,85726,DENN,2012-07-31,CANDIDATE_ONLY_NOT_G5_MATCHED,False,False,False,0
165,92924,86042,HW,2012-07-31,CANDIDATE_ONLY_NOT_G5_MATCHED,False,False,False,0
165,92924,86196,ULTI,2012-07-31,CANDIDATE_ONLY_NOT_G5_MATCHED,False,False,False,0
165,92924,86305,CVG,2012-07-31,CANDIDATE_ONLY_NOT_G5_MATCHED,False,False,False,0
165,92924,86322,DRIV,2012-07-31,CANDIDATE_ONLY_NOT_G5_MATCHED,False,False,False,0
165,92924,86725,LIFE,2012-07-31,CANDIDATE_ONLY_NOT_G5_MATCHED,False,False,False,0
165,92924,87242,KEYN,2012-07-31,CANDIDATE_ONLY_NOT_G5_MATCHED,False,False,False,0
165,92924,87264,ININ,2012-07-31,CANDIDATE_ONLY_NOT_G5_MATCHED,False,False,False,0
165,92924,87345,SIMG,2012-07-31,CANDIDATE_ONLY_NOT_G5_MATCHED,False,False,False,0
165,92924,87361,PCTI,2012-07-31,CANDIDATE_ONLY_NOT_G5_MATCHED,False,False,False,0
165,92924,88173,LXRX,2012-07-31,CANDIDATE_ONLY_NOT_G5_MATCHED,False,False,False,0
165,92924,88504,BRKR,2012-07-31,CANDIDATE_ONLY_NOT_G5_MATCHED,False,False,False,0
165,92924,88564,RTIX,2012-07-31,CANDIDATE_ONLY_NOT_G5_MATCHED,False,False,False,0
165,92924,88597,POL,2012-07-31,CANDIDATE_ONLY_NOT_G5_MATCHED,False,False,False,0
165,92924,88661,COH,2012-07-31,CANDIDATE_ONLY_NOT_G5_MATCHED,False,False,False,0
165,92924,88845,AET,2012-07-31,CANDIDATE_ONLY_NOT_G5_MATCHED,False,False,False,0
165,92924,89099,FALC,2012-07-31,CANDIDATE_ONLY_NOT_G5_MATCHED,False,False,False,0
165,92924,89203,ABCO,2012-07-31,CANDIDATE_ONLY_NOT_G5_MATCHED,False,False,False,0
165,92924,89278,SCMF,2012-07-31,CANDIDATE_ONLY_NOT_G5_MATCHED,False,False,False,0
165,92924,89407,TVL,2012-07-31,CANDIDATE_ONLY_NOT_G5_MATCHED,False,False,False,0
165,92924,89572,CEVA,2012-07-31,CANDIDATE_ONLY_NOT_G5_MATCHED,False,False,False,0
165,92924,89915,MGRC,2012-07-31,CANDIDATE_ONLY_NOT_G5_MATCHED,False,False,False,0
165,92924,90052,TRW,2012-07-31,CANDIDATE_ONLY_NOT_G5_MATCHED,False,False,False,0
165,92924,90162,GNW,2012-07-31,CANDIDATE_ONLY_NOT_G5_MATCHED,False,False,False,0
165,92924,90192,RJET,2012-07-31,CANDIDATE_ONLY_NOT_G5_MATCHED,False,False,False,0
165,92924,90275,AUXL,2012-07-31,CANDIDATE_ONLY_NOT_G5_MATCHED,False,False,False,0
165,92924,90354,OCLR,2012-07-31,CANDIDATE_ONLY_NOT_G5_MATCHED,False,False,False,0
165,92924,90374,DWA,2012-07-31,CANDIDATE_ONLY_NOT_G5_MATCHED,False,False,False,0
165,92924,90786,ITC,2012-07-31,CANDIDATE_ONLY_NOT_G5_MATCHED,False,False,False,0
165,92924,90805,DISCA,2012-07-31,CANDIDATE_ONLY_NOT_G5_MATCHED,False,False,False,0
165,92924,90806,DISCB,2012-07-31,CANDIDATE_ONLY_NOT_G5_MATCHED,False,False,False,0
165,92924,90833,HPY,2012-07-31,CANDIDATE_ONLY_NOT_G5_MATCHED,False,False,False,0
165,92924,90874,TRLG,2012-07-31,CANDIDATE_ONLY_NOT_G5_MATCHED,False,False,False,0
165,92924,91086,ACOR,2012-07-31,CANDIDATE_ONLY_NOT_G5_MATCHED,False,False,False,0
165,92924,91095,LQDT,2012-07-31,CANDIDATE_ONLY_NOT_G5_MATCHED,False,False,False,0
165,92924,91109,XCO,2012-07-31,CANDIDATE_ONLY_NOT_G5_MATCHED,False,False,False,0
165,92924,91234,MWA,2012-07-31,CANDIDATE_ONLY_NOT_G5_MATCHED,False,False,False,0
165,92924,91416,HBI,2012-07-31,CANDIDATE_ONLY_NOT_G5_MATCHED,False,False,False,0
165,92924,91463,CVLT,2012-07-31,CANDIDATE_ONLY_NOT_G5_MATCHED,False,False,False,0
165,92924,91666,GUID,2012-07-31,CANDIDATE_ONLY_NOT_G5_MATCHED,False,False,False,0
165,92924,91668,IPGP,2012-07-31,CANDIDATE_ONLY_NOT_G5_MATCHED,False,False,False,0
165,92924,91824,OPTR,2012-07-31,CANDIDATE_ONLY_NOT_G5_MATCHED,False,False,False,0
165,92924,92871,VRTS,2012-07-31,CANDIDATE_ONLY_NOT_G5_MATCHED,False,False,False,0
165,92924,92940,MDSO,2012-07-31,CANDIDATE_ONLY_NOT_G5_MATCHED,False,False,False,0
165,92924,93095,CLD,2012-07-31,CANDIDATE_ONLY_NOT_G5_MATCHED,False,False,False,0
165,92924,93152,CIE,2012-07-31,CANDIDATE_ONLY_NOT_G5_MATCHED,False,False,False,0
165,92924,93175,KRA,2012-07-31,CANDIDATE_ONLY_NOT_G5_MATCHED,False,False,False,0
165,92924,93185,TMH,2012-07-31,CANDIDATE_ONLY_NOT_G5_MATCHED,False,False,False,0
165,92924,93387,CODE,2012-07-31,CANDIDATE_ONLY_NOT_G5_MATCHED,False,False,False,0
165,92924,93400,RLOC,2012-07-31,CANDIDATE_ONLY_NOT_G5_MATCHED,False,False,False,0
165,92924,93422,QEP,2012-07-31,CANDIDATE_ONLY_NOT_G5_MATCHED,False,False,False,0
166,92924,10180,AKRX,2013-05-07,CANDIDATE_ONLY_NOT_G5_MATCHED,False,False,False,0
166,92924,10220,BWC,2013-05-07,CANDIDATE_ONLY_NOT_G5_MATCHED,False,False,False,0
166,92924,11995,COKE,2013-05-07,CANDIDATE_ONLY_NOT_G5_MATCHED,False,False,False,0
166,92924,12009,QUAD,2013-05-07,CANDIDATE_ONLY_NOT_G5_MATCHED,False,False,False,0
166,92924,12308,CHTR,2013-05-07,CANDIDATE_ONLY_NOT_G5_MATCHED,False,False,False,0
166,92924,12446,FXCM,2013-05-07,CANDIDATE_ONLY_NOT_G5_MATCHED,False,False,False,0
166,92924,12521,DMD,2013-05-07,CANDIDATE_ONLY_NOT_G5_MATCHED,False,False,False,0
166,92924,13019,GNE,2013-05-07,CANDIDATE_ONLY_NOT_G5_MATCHED,False,False,False,0
166,92924,13107,CLVS,2013-05-07,CANDIDATE_ONLY_NOT_G5_MATCHED,False,False,False,0
166,92924,13139,SN,2013-05-07,CANDIDATE_ONLY_NOT_G5_MATCHED,False,False,False,0
166,92924,13292,DWRE,2013-05-07,CANDIDATE_ONLY_NOT_G5_MATCHED,False,False,False,0
166,92924,13299,NSM,2013-05-07,CANDIDATE_ONLY_NOT_G5_MATCHED,False,False,False,0
166,92924,17523,SPA,2013-05-07,CANDIDATE_ONLY_NOT_G5_MATCHED,False,False,False,0
166,92924,22103,EMR,2013-05-07,CANDIDATE_ONLY_NOT_G5_MATCHED,False,False,False,0
166,92924,22921,CKP,2013-05-07,CANDIDATE_ONLY_NOT_G5_MATCHED,False,False,False,0
166,92924,23026,FE,2013-05-07,CANDIDATE_ONLY_NOT_G5_MATCHED,False,False,False,0
166,92924,26403,DIS,2013-05-07,CANDIDATE_ONLY_NOT_G5_MATCHED,False,False,False,0
166,92924,29050,DWSN,2013-05-07,CANDIDATE_ONLY_NOT_G5_MATCHED,False,False,False,0
166,92924,32054,ESIO,2013-05-07,CANDIDATE_ONLY_NOT_G5_MATCHED,False,False,False,0
166,92924,32803,HFC,2013-05-07,CANDIDATE_ONLY_NOT_G5_MATCHED,False,False,False,0
166,92924,38156,WMB,2013-05-07,CANDIDATE_ONLY_NOT_G5_MATCHED,False,False,False,0
166,92924,40272,IFF,2013-05-07,CANDIDATE_ONLY_NOT_G5_MATCHED,False,False,False,0
166,92924,42024,OMX,2013-05-07,CANDIDATE_ONLY_NOT_G5_MATCHED,False,False,False,0
166,92924,47423,DFZ,2013-05-07,CANDIDATE_ONLY_NOT_G5_MATCHED,False,False,False,0
166,92924,48531,LNCE,2013-05-07,CANDIDATE_ONLY_NOT_G5_MATCHED,False,False,False,0
166,92924,50278,URS,2013-05-07,CANDIDATE_ONLY_NOT_G5_MATCHED,False,False,False,0
166,92924,63715,POWL,2013-05-07,CANDIDATE_ONLY_NOT_G5_MATCHED,False,False,False,0
166,92924,63781,UNT,2013-05-07,CANDIDATE_ONLY_NOT_G5_MATCHED,False,False,False,0
166,92924,65154,BLT,2013-05-07,CANDIDATE_ONLY_NOT_G5_MATCHED,False,False,False,0
166,92924,75222,AXLL,2013-05-07,CANDIDATE_ONLY_NOT_G5_MATCHED,False,False,False,0
166,92924,75526,AFAM,2013-05-07,CANDIDATE_ONLY_NOT_G5_MATCHED,False,False,False,0
166,92924,75828,EA,2013-05-07,CANDIDATE_ONLY_NOT_G5_MATCHED,False,False,False,0
166,92924,77043,SWS,2013-05-07,CANDIDATE_ONLY_NOT_G5_MATCHED,False,False,False,0
166,92924,77900,CVU,2013-05-07,CANDIDATE_ONLY_NOT_G5_MATCHED,False,False,False,0
166,92924,78147,MNTG,2013-05-07,CANDIDATE_ONLY_NOT_G5_MATCHED,False,False,False,0
166,92924,78186,PQ,2013-05-07,CANDIDATE_ONLY_NOT_G5_MATCHED,False,False,False,0
166,92924,79248,THRM,2013-05-07,CANDIDATE_ONLY_NOT_G5_MATCHED,False,False,False,0
166,92924,79267,CXPO,2013-05-07,CANDIDATE_ONLY_NOT_G5_MATCHED,False,False,False,0
166,92924,79299,PZZA,2013-05-07,CANDIDATE_ONLY_NOT_G5_MATCHED,False,False,False,0
166,92924,79338,SGMS,2013-05-07,CANDIDATE_ONLY_NOT_G5_MATCHED,False,False,False,0
166,92924,79586,FTEK,2013-05-07,CANDIDATE_ONLY_NOT_G5_MATCHED,False,False,False,0
166,92924,80034,SHOO,2013-05-07,CANDIDATE_ONLY_NOT_G5_MATCHED,False,False,False,0
166,92924,80185,PLT,2013-05-07,CANDIDATE_ONLY_NOT_G5_MATCHED,False,False,False,0
166,92924,80306,BCRX,2013-05-07,CANDIDATE_ONLY_NOT_G5_MATCHED,False,False,False,0
166,92924,80343,NNBR,2013-05-07,CANDIDATE_ONLY_NOT_G5_MATCHED,False,False,False,0
166,92924,80918,ARIA,2013-05-07,CANDIDATE_ONLY_NOT_G5_MATCHED,False,False,False,0
166,92924,81061,MCK,2013-05-07,CANDIDATE_ONLY_NOT_G5_MATCHED,False,False,False,0
166,92924,82156,DSCO,2013-05-07,CANDIDATE_ONLY_NOT_G5_MATCHED,False,False,False,0
166,92924,82307,DVA,2013-05-07,CANDIDATE_ONLY_NOT_G5_MATCHED,False,False,False,0
166,92924,82581,HSIC,2013-05-07,CANDIDATE_ONLY_NOT_G5_MATCHED,False,False,False,0
166,92924,83112,ANDE,2013-05-07,CANDIDATE_ONLY_NOT_G5_MATCHED,False,False,False,0
166,92924,83113,ARTC,2013-05-07,CANDIDATE_ONLY_NOT_G5_MATCHED,False,False,False,0
166,92924,83411,EPM,2013-05-07,CANDIDATE_ONLY_NOT_G5_MATCHED,False,False,False,0
166,92924,83469,ARTNA,2013-05-07,CANDIDATE_ONLY_NOT_G5_MATCHED,False,False,False,0
166,92924,83856,CSV,2013-05-07,CANDIDATE_ONLY_NOT_G5_MATCHED,False,False,False,0
166,92924,85459,CHRW,2013-05-07,CANDIDATE_ONLY_NOT_G5_MATCHED,False,False,False,0
166,92924,85511,GEVA,2013-05-07,CANDIDATE_ONLY_NOT_G5_MATCHED,False,False,False,0
166,92924,85889,SRDX,2013-05-07,CANDIDATE_ONLY_NOT_G5_MATCHED,False,False,False,0
166,92924,85939,RLH,2013-05-07,CANDIDATE_ONLY_NOT_G5_MATCHED,False,False,False,0
166,92924,85951,OME,2013-05-07,CANDIDATE_ONLY_NOT_G5_MATCHED,False,False,False,0
166,92924,86048,HCKT,2013-05-07,CANDIDATE_ONLY_NOT_G5_MATCHED,False,False,False,0
166,92924,86593,GBL,2013-05-07,CANDIDATE_ONLY_NOT_G5_MATCHED,False,False,False,0
166,92924,86993,PTRY,2013-05-07,CANDIDATE_ONLY_NOT_G5_MATCHED,False,False,False,0
166,92924,87321,GAIA,2013-05-07,CANDIDATE_ONLY_NOT_G5_MATCHED,False,False,False,0
166,92924,88159,EXEL,2013-05-07,CANDIDATE_ONLY_NOT_G5_MATCHED,False,False,False,0
166,92924,88207,VCLK,2013-05-07,CANDIDATE_ONLY_NOT_G5_MATCHED,False,False,False,0
166,92924,88434,INFI,2013-05-07,CANDIDATE_ONLY_NOT_G5_MATCHED,False,False,False,0
166,92924,88451,KERX,2013-05-07,CANDIDATE_ONLY_NOT_G5_MATCHED,False,False,False,0
166,92924,88807,NVTL,2013-05-07,CANDIDATE_ONLY_NOT_G5_MATCHED,False,False,False,0
166,92924,88810,RIGL,2013-05-07,CANDIDATE_ONLY_NOT_G5_MATCHED,False,False,False,0
166,92924,88949,SGEN,2013-05-07,CANDIDATE_ONLY_NOT_G5_MATCHED,False,False,False,0
166,92924,89006,MDLZ,2013-05-07,CANDIDATE_ONLY_NOT_G5_MATCHED,False,False,False,0
166,92924,89167,CCRN,2013-05-07,CANDIDATE_ONLY_NOT_G5_MATCHED,False,False,False,0
166,92924,89297,CCOI,2013-05-07,CANDIDATE_ONLY_NOT_G5_MATCHED,False,False,False,0
166,92924,89329,CQB,2013-05-07,CANDIDATE_ONLY_NOT_G5_MATCHED,False,False,False,0
166,92924,89497,ARB,2013-05-07,CANDIDATE_ONLY_NOT_G5_MATCHED,False,False,False,0
166,92924,89509,XEC,2013-05-07,CANDIDATE_ONLY_NOT_G5_MATCHED,False,False,False,0
166,92924,89954,DTV,2013-05-07,CANDIDATE_ONLY_NOT_G5_MATCHED,False,False,False,0
166,92924,90071,NRG,2013-05-07,CANDIDATE_ONLY_NOT_G5_MATCHED,False,False,False,0
166,92924,90177,ACAD,2013-05-07,CANDIDATE_ONLY_NOT_G5_MATCHED,False,False,False,0
166,92924,90404,CLMS,2013-05-07,CANDIDATE_ONLY_NOT_G5_MATCHED,False,False,False,0
166,92924,90444,ORA,2013-05-07,CANDIDATE_ONLY_NOT_G5_MATCHED,False,False,False,0
166,92924,90533,WTI,2013-05-07,CANDIDATE_ONLY_NOT_G5_MATCHED,False,False,False,0
166,92924,90805,DISCA,2013-05-07,CANDIDATE_ONLY_NOT_G5_MATCHED,False,False,False,0
166,92924,90885,GCA,2013-05-07,CANDIDATE_ONLY_NOT_G5_MATCHED,False,False,False,0
166,92924,90914,WBMD,2013-05-07,CANDIDATE_ONLY_NOT_G5_MATCHED,False,False,False,0
166,92924,91041,LYV,2013-05-07,CANDIDATE_ONLY_NOT_G5_MATCHED,False,False,False,0
166,92924,91099,NTLS,2013-05-07,CANDIDATE_ONLY_NOT_G5_MATCHED,False,False,False,0
166,92924,91152,TDG,2013-05-07,CANDIDATE_ONLY_NOT_G5_MATCHED,False,False,False,0
166,92924,91184,TRGT,2013-05-07,CANDIDATE_ONLY_NOT_G5_MATCHED,False,False,False,0
166,92924,91434,OSIR,2013-05-07,CANDIDATE_ONLY_NOT_G5_MATCHED,False,False,False,0
166,92924,91665,GLDD,2013-05-07,CANDIDATE_ONLY_NOT_G5_MATCHED,False,False,False,0
166,92924,91678,TAST,2013-05-07,CANDIDATE_ONLY_NOT_G5_MATCHED,False,False,False,0
166,92924,91727,TA,2013-05-07,CANDIDATE_ONLY_NOT_G5_MATCHED,False,False,False,0
166,92924,91814,ARAY,2013-05-07,CANDIDATE_ONLY_NOT_G5_MATCHED,False,False,False,0
166,92924,91915,CNK,2013-05-07,CANDIDATE_ONLY_NOT_G5_MATCHED,False,False,False,0
166,92924,91975,ACM,2013-05-07,CANDIDATE_ONLY_NOT_G5_MATCHED,False,False,False,0
166,92924,92021,SLH,2013-05-07,CANDIDATE_ONLY_NOT_G5_MATCHED,False,False,False,0
166,92924,92044,KS,2013-05-07,CANDIDATE_ONLY_NOT_G5_MATCHED,False,False,False,0
166,92924,92226,SCMP,2013-05-07,CANDIDATE_ONLY_NOT_G5_MATCHED,False,False,False,0
166,92924,92421,SD,2013-05-07,CANDIDATE_ONLY_NOT_G5_MATCHED,False,False,False,0
166,92924,92448,RBCN,2013-05-07,CANDIDATE_ONLY_NOT_G5_MATCHED,False,False,False,0
166,92924,92502,KW,2013-05-07,CANDIDATE_ONLY_NOT_G5_MATCHED,False,False,False,0
166,92924,92773,PRIM,2013-05-07,CANDIDATE_ONLY_NOT_G5_MATCHED,False,False,False,0
166,92924,92852,LOPE,2013-05-07,CANDIDATE_ONLY_NOT_G5_MATCHED,False,False,False,0
166,92924,93071,VSI,2013-05-07,CANDIDATE_ONLY_NOT_G5_MATCHED,False,False,False,0
166,92924,93223,TW,2013-05-07,CANDIDATE_ONLY_NOT_G5_MATCHED,False,False,False,0
166,92924,93230,ESSX,2013-05-07,CANDIDATE_ONLY_NOT_G5_MATCHED,False,False,False,0
166,92924,93305,FNGN,2013-05-07,CANDIDATE_ONLY_NOT_G5_MATCHED,False,False,False,0
166,92924,93330,PRI,2013-05-07,CANDIDATE_ONLY_NOT_G5_MATCHED,False,False,False,0
166,92924,93345,CDXS,2013-05-07,CANDIDATE_ONLY_NOT_G5_MATCHED,False,False,False,0
166,92924,93392,FURX,2013-05-07,CANDIDATE_ONLY_NOT_G5_MATCHED,False,False,False,0
166,92924,93418,ONE,2013-05-07,CANDIDATE_ONLY_NOT_G5_MATCHED,False,False,False,0
166,92924,93420,OAS,2013-05-07,CANDIDATE_ONLY_NOT_G5_MATCHED,False,False,False,0
166,92924,93426,VPG,2013-05-07,CANDIDATE_ONLY_NOT_G5_MATCHED,False,False,False,0
167,92924,10501,AMWD,2015-02-26,CANDIDATE_ONLY_NOT_G5_MATCHED,False,False,False,0
167,92924,12451,GCAP,2015-02-26,CANDIDATE_ONLY_NOT_G5_MATCHED,False,False,False,0
167,92924,12758,ECOL,2015-02-26,CANDIDATE_ONLY_NOT_G5_MATCHED,False,False,False,0
167,92924,13085,VAC,2015-02-26,CANDIDATE_ONLY_NOT_G5_MATCHED,False,False,False,0
167,92924,13860,SEAS,2015-02-26,CANDIDATE_ONLY_NOT_G5_MATCHED,False,False,False,0
167,92924,13956,GOGO,2015-02-26,CANDIDATE_ONLY_NOT_G5_MATCHED,False,False,False,0
167,92924,14340,NMBL,2015-02-26,CANDIDATE_ONLY_NOT_G5_MATCHED,False,False,False,0
167,92924,19880,MTZ,2015-02-26,CANDIDATE_ONLY_NOT_G5_MATCHED,False,False,False,0
167,92924,21792,CNP,2015-02-26,CANDIDATE_ONLY_NOT_G5_MATCHED,False,False,False,0
167,92924,24440,OGE,2015-02-26,CANDIDATE_ONLY_NOT_G5_MATCHED,False,False,False,0
167,92924,50972,MEG,2015-02-26,CANDIDATE_ONLY_NOT_G5_MATCHED,False,False,False,0
167,92924,61516,BIO,2015-02-26,CANDIDATE_ONLY_NOT_G5_MATCHED,False,False,False,0
167,92924,63765,SWN,2015-02-26,CANDIDATE_ONLY_NOT_G5_MATCHED,False,False,False,0
167,92924,64929,KWR,2015-02-26,CANDIDATE_ONLY_NOT_G5_MATCHED,False,False,False,0
167,92924,76215,ICON,2015-02-26,CANDIDATE_ONLY_NOT_G5_MATCHED,False,False,False,0
167,92924,78137,CKH,2015-02-26,CANDIDATE_ONLY_NOT_G5_MATCHED,False,False,False,0
167,92924,78881,CYBX,2015-02-26,CANDIDATE_ONLY_NOT_G5_MATCHED,False,False,False,0
167,92924,78963,CHS,2015-02-26,CANDIDATE_ONLY_NOT_G5_MATCHED,False,False,False,0
167,92924,79637,UHS,2015-02-26,CANDIDATE_ONLY_NOT_G5_MATCHED,False,False,False,0
167,92924,82486,ERIE,2015-02-26,CANDIDATE_ONLY_NOT_G5_MATCHED,False,False,False,0
167,92924,84168,IM,2015-02-26,CANDIDATE_ONLY_NOT_G5_MATCHED,False,False,False,0
167,92924,85002,SRPT,2015-02-26,CANDIDATE_ONLY_NOT_G5_MATCHED,False,False,False,0
167,92924,85511,GEVA,2015-02-26,CANDIDATE_ONLY_NOT_G5_MATCHED,False,False,False,0
167,92924,85909,WAC,2015-02-26,CANDIDATE_ONLY_NOT_G5_MATCHED,False,False,False,0
167,92924,86136,SRE,2015-02-26,CANDIDATE_ONLY_NOT_G5_MATCHED,False,False,False,0
167,92924,88319,VC,2015-02-26,CANDIDATE_ONLY_NOT_G5_MATCHED,False,False,False,0
167,92924,88458,OVTI,2015-02-26,CANDIDATE_ONLY_NOT_G5_MATCHED,False,False,False,0
167,92924,88485,EVC,2015-02-26,CANDIDATE_ONLY_NOT_G5_MATCHED,False,False,False,0
167,92924,89031,TASR,2015-02-26,CANDIDATE_ONLY_NOT_G5_MATCHED,False,False,False,0
167,92924,89681,IPCC,2015-02-26,CANDIDATE_ONLY_NOT_G5_MATCHED,False,False,False,0
167,92924,89757,SHLD,2015-02-26,CANDIDATE_ONLY_NOT_G5_MATCHED,False,False,False,0
167,92924,90786,ITC,2015-02-26,CANDIDATE_ONLY_NOT_G5_MATCHED,False,False,False,0
167,92924,91041,LYV,2015-02-26,CANDIDATE_ONLY_NOT_G5_MATCHED,False,False,False,0
167,92924,91099,NTLS,2015-02-26,CANDIDATE_ONLY_NOT_G5_MATCHED,False,False,False,0
167,92924,91114,KOP,2015-02-26,CANDIDATE_ONLY_NOT_G5_MATCHED,False,False,False,0
167,92924,91556,ROST,2015-02-26,CANDIDATE_ONLY_NOT_G5_MATCHED,False,False,False,0
167,92924,92050,PODD,2015-02-26,CANDIDATE_ONLY_NOT_G5_MATCHED,False,False,False,0
167,92924,92282,PKT,2015-02-26,CANDIDATE_ONLY_NOT_G5_MATCHED,False,False,False,0
167,92924,92421,SD,2015-02-26,CANDIDATE_ONLY_NOT_G5_MATCHED,False,False,False,0
167,92924,92601,NOG,2015-02-26,CANDIDATE_ONLY_NOT_G5_MATCHED,False,False,False,0
167,92924,92894,HTWR,2015-02-26,CANDIDATE_ONLY_NOT_G5_MATCHED,False,False,False,0
168,93079,10252,INDB,2013-04-25,CANDIDATE_ONLY_NOT_G5_MATCHED,False,False,False,0
168,93079,10517,AAN,2013-04-25,CANDIDATE_ONLY_NOT_G5_MATCHED,False,False,False,0
168,93079,10530,VIVO,2013-04-25,CANDIDATE_ONLY_NOT_G5_MATCHED,False,False,False,0
168,93079,10693,HLS,2013-04-25,CANDIDATE_ONLY_NOT_G5_MATCHED,False,False,False,0
168,93079,11369,UBSI,2013-04-25,CANDIDATE_ONLY_NOT_G5_MATCHED,False,False,False,0
168,93079,11552,CELG,2013-04-25,CANDIDATE_ONLY_NOT_G5_MATCHED,False,False,False,0
168,93079,11786,SIVB,2013-04-25,CANDIDATE_ONLY_NOT_G5_MATCHED,False,False,False,0
168,93079,11850,XOM,2013-04-25,CANDIDATE_ONLY_NOT_G5_MATCHED,False,False,False,0
168,93079,11896,MXIM,2013-04-25,CANDIDATE_ONLY_NOT_G5_MATCHED,False,False,False,0
168,93079,12036,GMT,2013-04-25,CANDIDATE_ONLY_NOT_G5_MATCHED,False,False,False,0
168,93079,12682,TMS,2013-04-25,CANDIDATE_ONLY_NOT_G5_MATCHED,False,False,False,0
168,93079,12905,SXC,2013-04-25,CANDIDATE_ONLY_NOT_G5_MATCHED,False,False,False,0
168,93079,12914,DNKN,2013-04-25,CANDIDATE_ONLY_NOT_G5_MATCHED,False,False,False,0
168,93079,13085,VAC,2013-04-25,CANDIDATE_ONLY_NOT_G5_MATCHED,False,False,False,0
168,93079,13249,PRLB,2013-04-25,CANDIDATE_ONLY_NOT_G5_MATCHED,False,False,False,0
168,93079,13263,CEMP,2013-04-25,CANDIDATE_ONLY_NOT_G5_MATCHED,False,False,False,0
168,93079,13337,FET,2013-04-25,CANDIDATE_ONLY_NOT_G5_MATCHED,False,False,False,0
168,93079,13610,OLN,2013-04-25,CANDIDATE_ONLY_NOT_G5_MATCHED,False,False,False,0
168,93079,13901,MO,2013-04-25,CANDIDATE_ONLY_NOT_G5_MATCHED,False,False,False,0
168,93079,13928,COP,2013-04-25,CANDIDATE_ONLY_NOT_G5_MATCHED,False,False,False,0
168,93079,16600,HSY,2013-04-25,CANDIDATE_ONLY_NOT_G5_MATCHED,False,False,False,0
168,93079,18649,BCO,2013-04-25,CANDIDATE_ONLY_NOT_G5_MATCHED,False,False,False,0
168,93079,18729,CL,2013-04-25,CANDIDATE_ONLY_NOT_G5_MATCHED,False,False,False,0
168,93079,19393,BMY,2013-04-25,CANDIDATE_ONLY_NOT_G5_MATCHED,False,False,False,0
168,93079,20618,CRS,2013-04-25,CANDIDATE_ONLY_NOT_G5_MATCHED,False,False,False,0
168,93079,22592,MMM,2013-04-25,CANDIDATE_ONLY_NOT_G5_MATCHED,False,False,False,0
168,93079,23085,SCG,2013-04-25,CANDIDATE_ONLY_NOT_G5_MATCHED,False,False,False,0
168,93079,23229,CMS,2013-04-25,CANDIDATE_ONLY_NOT_G5_MATCHED,False,False,False,0
168,93079,23473,CINF,2013-04-25,CANDIDATE_ONLY_NOT_G5_MATCHED,False,False,False,0
168,93079,24010,ETR,2013-04-25,CANDIDATE_ONLY_NOT_G5_MATCHED,False,False,False,0
168,93079,24328,EQT,2013-04-25,CANDIDATE_ONLY_NOT_G5_MATCHED,False,False,False,0
168,93079,24942,RTN,2013-04-25,CANDIDATE_ONLY_NOT_G5_MATCHED,False,False,False,0
168,93079,27684,AVT,2013-04-25,CANDIDATE_ONLY_NOT_G5_MATCHED,False,False,False,0
168,93079,28804,ALK,2013-04-25,CANDIDATE_ONLY_NOT_G5_MATCHED,False,False,False,0
168,93079,34673,NR,2013-04-25,CANDIDATE_ONLY_NOT_G5_MATCHED,False,False,False,0
168,93079,34833,OXY,2013-04-25,CANDIDATE_ONLY_NOT_G5_MATCHED,False,False,False,0
168,93079,42200,PKI,2013-04-25,CANDIDATE_ONLY_NOT_G5_MATCHED,False,False,False,0
168,93079,42796,MDP,2013-04-25,CANDIDATE_ONLY_NOT_G5_MATCHED,False,False,False,0
168,93079,43350,SWK,2013-04-25,CANDIDATE_ONLY_NOT_G5_MATCHED,False,False,False,0
168,93079,43772,BMS,2013-04-25,CANDIDATE_ONLY_NOT_G5_MATCHED,False,False,False,0
168,93079,44134,KMT,2013-04-25,CANDIDATE_ONLY_NOT_G5_MATCHED,False,False,False,0
168,93079,45277,IGT,2013-04-25,CANDIDATE_ONLY_NOT_G5_MATCHED,False,False,False,0
168,93079,45728,IVC,2013-04-25,CANDIDATE_ONLY_NOT_G5_MATCHED,False,False,False,0
168,93079,45911,SWKS,2013-04-25,CANDIDATE_ONLY_NOT_G5_MATCHED,False,False,False,0
168,93079,46340,SFE,2013-04-25,CANDIDATE_ONLY_NOT_G5_MATCHED,False,False,False,0
168,93079,46886,KLAC,2013-04-25,CANDIDATE_ONLY_NOT_G5_MATCHED,False,False,False,0
168,93079,47466,NYT,2013-04-25,CANDIDATE_ONLY_NOT_G5_MATCHED,False,False,False,0
168,93079,48523,LANC,2013-04-25,CANDIDATE_ONLY_NOT_G5_MATCHED,False,False,False,0
168,93079,48961,LAWS,2013-04-25,CANDIDATE_ONLY_NOT_G5_MATCHED,False,False,False,0
168,93079,50017,RRC,2013-04-25,CANDIDATE_ONLY_NOT_G5_MATCHED,False,False,False,0
168,93079,53480,MCRS,2013-04-25,CANDIDATE_ONLY_NOT_G5_MATCHED,False,False,False,0
168,93079,53640,MSCC,2013-04-25,CANDIDATE_ONLY_NOT_G5_MATCHED,False,False,False,0
168,93079,54148,PHM,2013-04-25,CANDIDATE_ONLY_NOT_G5_MATCHED,False,False,False,0
168,93079,55597,MTRN,2013-04-25,CANDIDATE_ONLY_NOT_G5_MATCHED,False,False,False,0
168,93079,56040,NAFC,2013-04-25,CANDIDATE_ONLY_NOT_G5_MATCHED,False,False,False,0
168,93079,57568,BLL,2013-04-25,CANDIDATE_ONLY_NOT_G5_MATCHED,False,False,False,0
168,93079,58683,LUV,2013-04-25,CANDIDATE_ONLY_NOT_G5_MATCHED,False,False,False,0
168,93079,59192,CB,2013-04-25,CANDIDATE_ONLY_NOT_G5_MATCHED,False,False,False,0
168,93079,59396,ORI,2013-04-25,CANDIDATE_ONLY_NOT_G5_MATCHED,False,False,False,0
168,93079,60943,LEG,2013-04-25,CANDIDATE_ONLY_NOT_G5_MATCHED,False,False,False,0
168,93079,61496,PATK,2013-04-25,CANDIDATE_ONLY_NOT_G5_MATCHED,False,False,False,0
168,93079,61743,DLX,2013-04-25,CANDIDATE_ONLY_NOT_G5_MATCHED,False,False,False,0
168,93079,61815,NBL,2013-04-25,CANDIDATE_ONLY_NOT_G5_MATCHED,False,False,False,0
168,93079,63079,KEG,2013-04-25,CANDIDATE_ONLY_NOT_G5_MATCHED,False,False,False,0
168,93079,64936,D,2013-04-25,CANDIDATE_ONLY_NOT_G5_MATCHED,False,False,False,0
168,93079,65509,BLC,2013-04-25,CANDIDATE_ONLY_NOT_G5_MATCHED,False,False,False,0
168,93079,69586,SBCF,2013-04-25,CANDIDATE_ONLY_NOT_G5_MATCHED,False,False,False,0
168,93079,70033,HOG,2013-04-25,CANDIDATE_ONLY_NOT_G5_MATCHED,False,False,False,0
168,93079,70500,CCE,2013-04-25,CANDIDATE_ONLY_NOT_G5_MATCHED,False,False,False,0
168,93079,70536,SIAL,2013-04-25,CANDIDATE_ONLY_NOT_G5_MATCHED,False,False,False,0
168,93079,75215,CSH,2013-04-25,CANDIDATE_ONLY_NOT_G5_MATCHED,False,False,False,0
168,93079,75257,TLAB,2013-04-25,CANDIDATE_ONLY_NOT_G5_MATCHED,False,False,False,0
168,93079,75577,ALTR,2013-04-25,CANDIDATE_ONLY_NOT_G5_MATCHED,False,False,False,0
168,93079,75603,CRUS,2013-04-25,CANDIDATE_ONLY_NOT_G5_MATCHED,False,False,False,0
168,93079,75831,DGII,2013-04-25,CANDIDATE_ONLY_NOT_G5_MATCHED,False,False,False,0
168,93079,76224,BHE,2013-04-25,CANDIDATE_ONLY_NOT_G5_MATCHED,False,False,False,0
168,93079,76624,PMCS,2013-04-25,CANDIDATE_ONLY_NOT_G5_MATCHED,False,False,False,0
168,93079,76841,BIIB,2013-04-25,CANDIDATE_ONLY_NOT_G5_MATCHED,False,False,False,0
168,93079,76980,ROCM,2013-04-25,CANDIDATE_ONLY_NOT_G5_MATCHED,False,False,False,0
168,93079,77037,ODFL,2013-04-25,CANDIDATE_ONLY_NOT_G5_MATCHED,False,False,False,0
168,93079,77114,WRLD,2013-04-25,CANDIDATE_ONLY_NOT_G5_MATCHED,False,False,False,0
168,93079,77279,ABAX,2013-04-25,CANDIDATE_ONLY_NOT_G5_MATCHED,False,False,False,0
168,93079,77366,ELY,2013-04-25,CANDIDATE_ONLY_NOT_G5_MATCHED,False,False,False,0
168,93079,77461,VCI,2013-04-25,CANDIDATE_ONLY_NOT_G5_MATCHED,False,False,False,0
168,93079,77605,BSX,2013-04-25,CANDIDATE_ONLY_NOT_G5_MATCHED,False,False,False,0
168,93079,77630,DWCH,2013-04-25,CANDIDATE_ONLY_NOT_G5_MATCHED,False,False,False,0
168,93079,77702,SBUX,2013-04-25,CANDIDATE_ONLY_NOT_G5_MATCHED,False,False,False,0
168,93079,77763,SPN,2013-04-25,CANDIDATE_ONLY_NOT_G5_MATCHED,False,False,False,0
168,93079,78981,LSTR,2013-04-25,CANDIDATE_ONLY_NOT_G5_MATCHED,False,False,False,0
168,93079,78990,DEST,2013-04-25,CANDIDATE_ONLY_NOT_G5_MATCHED,False,False,False,0
168,93079,79133,ATR,2013-04-25,CANDIDATE_ONLY_NOT_G5_MATCHED,False,False,False,0
168,93079,79210,RGA,2013-04-25,CANDIDATE_ONLY_NOT_G5_MATCHED,False,False,False,0
168,93079,79336,LBY,2013-04-25,CANDIDATE_ONLY_NOT_G5_MATCHED,False,False,False,0
168,93079,79545,BWA,2013-04-25,CANDIDATE_ONLY_NOT_G5_MATCHED,False,False,False,0
168,93079,79637,UHS,2013-04-25,CANDIDATE_ONLY_NOT_G5_MATCHED,False,False,False,0
168,93079,79686,DECK,2013-04-25,CANDIDATE_ONLY_NOT_G5_MATCHED,False,False,False,0
168,93079,79857,PTEN,2013-04-25,CANDIDATE_ONLY_NOT_G5_MATCHED,False,False,False,0
168,93079,79909,MHO,2013-04-25,CANDIDATE_ONLY_NOT_G5_MATCHED,False,False,False,0
168,93079,80113,CGI,2013-04-25,CANDIDATE_ONLY_NOT_G5_MATCHED,False,False,False,0
168,93079,80362,SCSC,2013-04-25,CANDIDATE_ONLY_NOT_G5_MATCHED,False,False,False,0
168,93079,80864,RS,2013-04-25,CANDIDATE_ONLY_NOT_G5_MATCHED,False,False,False,0
168,93079,81128,ESI,2013-04-25,CANDIDATE_ONLY_NOT_G5_MATCHED,False,False,False,0
168,93079,81501,NATI,2013-04-25,CANDIDATE_ONLY_NOT_G5_MATCHED,False,False,False,0
168,93079,81540,ABC,2013-04-25,CANDIDATE_ONLY_NOT_G5_MATCHED,False,False,False,0
168,93079,81564,IBKC,2013-04-25,CANDIDATE_ONLY_NOT_G5_MATCHED,False,False,False,0
168,93079,81857,CAM,2013-04-25,CANDIDATE_ONLY_NOT_G5_MATCHED,False,False,False,0
168,93079,81925,GTI,2013-04-25,CANDIDATE_ONLY_NOT_G5_MATCHED,False,False,False,0
168,93079,82298,DO,2013-04-25,CANDIDATE_ONLY_NOT_G5_MATCHED,False,False,False,0
168,93079,82521,RSYS,2013-04-25,CANDIDATE_ONLY_NOT_G5_MATCHED,False,False,False,0
168,93079,82694,EME,2013-04-25,CANDIDATE_ONLY_NOT_G5_MATCHED,False,False,False,0
168,93079,82859,REV,2013-04-25,CANDIDATE_ONLY_NOT_G5_MATCHED,False,False,False,0
168,93079,83111,ALXN,2013-04-25,CANDIDATE_ONLY_NOT_G5_MATCHED,False,False,False,0
168,93079,83186,DST,2013-04-25,CANDIDATE_ONLY_NOT_G5_MATCHED,False,False,False,0
168,93079,83366,CRR,2013-04-25,CANDIDATE_ONLY_NOT_G5_MATCHED,False,False,False,0
168,93079,84103,NCI,2013-04-25,CANDIDATE_ONLY_NOT_G5_MATCHED,False,False,False,0
168,93079,84168,IM,2013-04-25,CANDIDATE_ONLY_NOT_G5_MATCHED,False,False,False,0
168,93079,84788,AMZN,2013-04-25,CANDIDATE_ONLY_NOT_G5_MATCHED,False,False,False,0
168,93079,85173,CSTR,2013-04-25,CANDIDATE_ONLY_NOT_G5_MATCHED,False,False,False,0
168,93079,85257,AME,2013-04-25,CANDIDATE_ONLY_NOT_G5_MATCHED,False,False,False,0
168,93079,85863,COLM,2013-04-25,CANDIDATE_ONLY_NOT_G5_MATCHED,False,False,False,0
168,93079,85953,SOFO,2013-04-25,CANDIDATE_ONLY_NOT_G5_MATCHED,False,False,False,0
168,93079,85991,LVLT,2013-04-25,CANDIDATE_ONLY_NOT_G5_MATCHED,False,False,False,0
168,93079,86021,LLL,2013-04-25,CANDIDATE_ONLY_NOT_G5_MATCHED,False,False,False,0
168,93079,86047,AMKR,2013-04-25,CANDIDATE_ONLY_NOT_G5_MATCHED,False,False,False,0
168,93079,86102,FII,2013-04-25,CANDIDATE_ONLY_NOT_G5_MATCHED,False,False,False,0
168,93079,86128,HZO,2013-04-25,CANDIDATE_ONLY_NOT_G5_MATCHED,False,False,False,0
168,93079,86228,RSG,2013-04-25,CANDIDATE_ONLY_NOT_G5_MATCHED,False,False,False,0
168,93079,86302,HTBK,2013-04-25,CANDIDATE_ONLY_NOT_G5_MATCHED,False,False,False,0
168,93079,86799,CNX,2013-04-25,CANDIDATE_ONLY_NOT_G5_MATCHED,False,False,False,0
168,93079,87006,UTHR,2013-04-25,CANDIDATE_ONLY_NOT_G5_MATCHED,False,False,False,0
168,93079,87179,NTCT,2013-04-25,CANDIDATE_ONLY_NOT_G5_MATCHED,False,False,False,0
168,93079,87236,INAP,2013-04-25,CANDIDATE_ONLY_NOT_G5_MATCHED,False,False,False,0
168,93079,87447,UPS,2013-04-25,CANDIDATE_ONLY_NOT_G5_MATCHED,False,False,False,0
168,93079,87827,WBSN,2013-04-25,CANDIDATE_ONLY_NOT_G5_MATCHED,False,False,False,0
168,93079,88203,VDSI,2013-04-25,CANDIDATE_ONLY_NOT_G5_MATCHED,False,False,False,0
168,93079,88257,PFBX,2013-04-25,CANDIDATE_ONLY_NOT_G5_MATCHED,False,False,False,0
168,93079,88260,PXLW,2013-04-25,CANDIDATE_ONLY_NOT_G5_MATCHED,False,False,False,0
168,93079,88287,DLA,2013-04-25,CANDIDATE_ONLY_NOT_G5_MATCHED,False,False,False,0
168,93079,88564,RTIX,2013-04-25,CANDIDATE_ONLY_NOT_G5_MATCHED,False,False,False,0
168,93079,88615,GB,2013-04-25,CANDIDATE_ONLY_NOT_G5_MATCHED,False,False,False,0
168,93079,89070,ZMH,2013-04-25,CANDIDATE_ONLY_NOT_G5_MATCHED,False,False,False,0
168,93079,89195,PFG,2013-04-25,CANDIDATE_ONLY_NOT_G5_MATCHED,False,False,False,0
168,93079,89213,WOOF,2013-04-25,CANDIDATE_ONLY_NOT_G5_MATCHED,False,False,False,0
168,93079,89290,SYNA,2013-04-25,CANDIDATE_ONLY_NOT_G5_MATCHED,False,False,False,0
168,93079,89332,DDE,2013-04-25,CANDIDATE_ONLY_NOT_G5_MATCHED,False,False,False,0
168,93079,89353,JBLU,2013-04-25,CANDIDATE_ONLY_NOT_G5_MATCHED,False,False,False,0
168,93079,89387,CPSI,2013-04-25,CANDIDATE_ONLY_NOT_G5_MATCHED,False,False,False,0
168,93079,89533,WYNN,2013-04-25,CANDIDATE_ONLY_NOT_G5_MATCHED,False,False,False,0
168,93079,89642,BBNK,2013-04-25,CANDIDATE_ONLY_NOT_G5_MATCHED,False,False,False,0
168,93079,89781,MOH,2013-04-25,CANDIDATE_ONLY_NOT_G5_MATCHED,False,False,False,0
168,93079,89800,NTGR,2013-04-25,CANDIDATE_ONLY_NOT_G5_MATCHED,False,False,False,0
168,93079,89810,GPK,2013-04-25,CANDIDATE_ONLY_NOT_G5_MATCHED,False,False,False,0
168,93079,89876,CRI,2013-04-25,CANDIDATE_ONLY_NOT_G5_MATCHED,False,False,False,0
168,93079,89922,TSRA,2013-04-25,CANDIDATE_ONLY_NOT_G5_MATCHED,False,False,False,0
168,93079,90199,CBG,2013-04-25,CANDIDATE_ONLY_NOT_G5_MATCHED,False,False,False,0
168,93079,90200,CAB,2013-04-25,CANDIDATE_ONLY_NOT_G5_MATCHED,False,False,False,0
168,93079,90210,LTM,2013-04-25,CANDIDATE_ONLY_NOT_G5_MATCHED,False,False,False,0
168,93079,90238,SNMX,2013-04-25,CANDIDATE_ONLY_NOT_G5_MATCHED,False,False,False,0
168,93079,90409,HURN,2013-04-25,CANDIDATE_ONLY_NOT_G5_MATCHED,False,False,False,0
168,93079,90458,NWE,2013-04-25,CANDIDATE_ONLY_NOT_G5_MATCHED,False,False,False,0
168,93079,90536,GFIG,2013-04-25,CANDIDATE_ONLY_NOT_G5_MATCHED,False,False,False,0
168,93079,90550,DLB,2013-04-25,CANDIDATE_ONLY_NOT_G5_MATCHED,False,False,False,0
168,93079,90605,UACL,2013-04-25,CANDIDATE_ONLY_NOT_G5_MATCHED,False,False,False,0
168,93079,90730,HBOS,2013-04-25,CANDIDATE_ONLY_NOT_G5_MATCHED,False,False,False,0
168,93079,90808,EXPE,2013-04-25,CANDIDATE_ONLY_NOT_G5_MATCHED,False,False,False,0
168,93079,90814,HITT,2013-04-25,CANDIDATE_ONLY_NOT_G5_MATCHED,False,False,False,0
168,93079,90831,DRC,2013-04-25,CANDIDATE_ONLY_NOT_G5_MATCHED,False,False,False,0
168,93079,90951,HERO,2013-04-25,CANDIDATE_ONLY_NOT_G5_MATCHED,False,False,False,0
168,93079,91103,UAL,2013-04-25,CANDIDATE_ONLY_NOT_G5_MATCHED,False,False,False,0
168,93079,91349,CLUB,2013-04-25,CANDIDATE_ONLY_NOT_G5_MATCHED,False,False,False,0
168,93079,91579,KBR,2013-04-25,CANDIDATE_ONLY_NOT_G5_MATCHED,False,False,False,0
168,93079,91854,UFS,2013-04-25,CANDIDATE_ONLY_NOT_G5_MATCHED,False,False,False,0
168,93079,91883,TWC,2013-04-25,CANDIDATE_ONLY_NOT_G5_MATCHED,False,False,False,0
168,93079,92029,TRS,2013-04-25,CANDIDATE_ONLY_NOT_G5_MATCHED,False,False,False,0
168,93079,92302,CTCT,2013-04-25,CANDIDATE_ONLY_NOT_G5_MATCHED,False,False,False,0
168,93079,92497,N,2013-04-25,CANDIDATE_ONLY_NOT_G5_MATCHED,False,False,False,0
168,93079,92570,DAN,2013-04-25,CANDIDATE_ONLY_NOT_G5_MATCHED,False,False,False,0
168,93079,92890,MJN,2013-04-25,CANDIDATE_ONLY_NOT_G5_MATCHED,False,False,False,0
168,93079,93101,LEA,2013-04-25,CANDIDATE_ONLY_NOT_G5_MATCHED,False,False,False,0
168,93079,93374,FAF,2013-04-25,CANDIDATE_ONLY_NOT_G5_MATCHED,False,False,False,0
169,93095,11891,MGM,2015-02-17,CANDIDATE_ONLY_NOT_G5_MATCHED,False,False,False,0
169,93095,16432,GT,2015-02-17,CANDIDATE_ONLY_NOT_G5_MATCHED,False,False,False,0
169,93095,23026,FE,2015-02-17,CANDIDATE_ONLY_NOT_G5_MATCHED,False,False,False,0
169,93095,42286,WWW,2015-02-17,CANDIDATE_ONLY_NOT_G5_MATCHED,False,False,False,0
169,93095,46674,GPC,2015-02-17,CANDIDATE_ONLY_NOT_G5_MATCHED,False,False,False,0
169,93095,48347,LZB,2015-02-17,CANDIDATE_ONLY_NOT_G5_MATCHED,False,False,False,0
169,93095,58771,RBC,2015-02-17,CANDIDATE_ONLY_NOT_G5_MATCHED,False,False,False,0
169,93095,63335,PES,2015-02-17,CANDIDATE_ONLY_NOT_G5_MATCHED,False,False,False,0
169,93095,80128,VMI,2015-02-17,CANDIDATE_ONLY_NOT_G5_MATCHED,False,False,False,0
169,93095,81678,LECO,2015-02-17,CANDIDATE_ONLY_NOT_G5_MATCHED,False,False,False,0
169,93095,82540,WLT,2015-02-17,CANDIDATE_ONLY_NOT_G5_MATCHED,False,False,False,0
169,93095,88203,VDSI,2015-02-17,CANDIDATE_ONLY_NOT_G5_MATCHED,False,False,False,0
169,93095,89509,XEC,2015-02-17,CANDIDATE_ONLY_NOT_G5_MATCHED,False,False,False,0
169,93095,92220,MASI,2015-02-17,CANDIDATE_ONLY_NOT_G5_MATCHED,False,False,False,0
169,93095,92765,RAX,2015-02-17,CANDIDATE_ONLY_NOT_G5_MATCHED,False,False,False,0
169,93095,93174,KAR,2015-02-17,CANDIDATE_ONLY_NOT_G5_MATCHED,False,False,False,0
170,93095,10302,CY,2015-04-30,CANDIDATE_ONLY_NOT_G5_MATCHED,False,False,False,0
170,93095,10421,SKYW,2015-04-30,CANDIDATE_ONLY_NOT_G5_MATCHED,False,False,False,0
170,93095,10693,HLS,2015-04-30,CANDIDATE_ONLY_NOT_G5_MATCHED,False,False,False,0
170,93095,13085,VAC,2015-04-30,CANDIDATE_ONLY_NOT_G5_MATCHED,False,False,False,0
170,93095,13343,MRC,2015-04-30,CANDIDATE_ONLY_NOT_G5_MATCHED,False,False,False,0
170,93095,13690,RKUS,2015-04-30,CANDIDATE_ONLY_NOT_G5_MATCHED,False,False,False,0
170,93095,13739,BFAM,2015-04-30,CANDIDATE_ONLY_NOT_G5_MATCHED,False,False,False,0
170,93095,13818,PF,2015-04-30,CANDIDATE_ONLY_NOT_G5_MATCHED,False,False,False,0
170,93095,14005,TXTR,2015-04-30,CANDIDATE_ONLY_NOT_G5_MATCHED,False,False,False,0
170,93095,14131,MYCC,2015-04-30,CANDIDATE_ONLY_NOT_G5_MATCHED,False,False,False,0
170,93095,14159,FEYE,2015-04-30,CANDIDATE_ONLY_NOT_G5_MATCHED,False,False,False,0
170,93095,14325,TNDM,2015-04-30,CANDIDATE_ONLY_NOT_G5_MATCHED,False,False,False,0
170,93095,14335,CQH,2015-04-30,CANDIDATE_ONLY_NOT_G5_MATCHED,False,False,False,0
170,93095,14471,TLMR,2015-04-30,CANDIDATE_ONLY_NOT_G5_MATCHED,False,False,False,0
170,93095,14795,TKR,2015-04-30,CANDIDATE_ONLY_NOT_G5_MATCHED,False,False,False,0
170,93095,19721,VVI,2015-04-30,CANDIDATE_ONLY_NOT_G5_MATCHED,False,False,False,0
170,93095,21371,CAH,2015-04-30,CANDIDATE_ONLY_NOT_G5_MATCHED,False,False,False,0
170,93095,21928,IDA,2015-04-30,CANDIDATE_ONLY_NOT_G5_MATCHED,False,False,False,0
170,93095,23085,SCG,2015-04-30,CANDIDATE_ONLY_NOT_G5_MATCHED,False,False,False,0
170,93095,28222,APD,2015-04-30,CANDIDATE_ONLY_NOT_G5_MATCHED,False,False,False,0
170,93095,34673,NR,2015-04-30,CANDIDATE_ONLY_NOT_G5_MATCHED,False,False,False,0
170,93095,38762,NI,2015-04-30,CANDIDATE_ONLY_NOT_G5_MATCHED,False,False,False,0
170,93095,39220,SMP,2015-04-30,CANDIDATE_ONLY_NOT_G5_MATCHED,False,False,False,0
170,93095,40416,AVP,2015-04-30,CANDIDATE_ONLY_NOT_G5_MATCHED,False,False,False,0
170,93095,40440,DBD,2015-04-30,CANDIDATE_ONLY_NOT_G5_MATCHED,False,False,False,0
170,93095,47706,FSS,2015-04-30,CANDIDATE_ONLY_NOT_G5_MATCHED,False,False,False,0
170,93095,48523,LANC,2015-04-30,CANDIDATE_ONLY_NOT_G5_MATCHED,False,False,False,0
170,93095,57568,BLL,2015-04-30,CANDIDATE_ONLY_NOT_G5_MATCHED,False,False,False,0
170,93095,58819,LNT,2015-04-30,CANDIDATE_ONLY_NOT_G5_MATCHED,False,False,False,0
170,93095,60943,LEG,2015-04-30,CANDIDATE_ONLY_NOT_G5_MATCHED,False,False,False,0
170,93095,61496,PATK,2015-04-30,CANDIDATE_ONLY_NOT_G5_MATCHED,False,False,False,0
170,93095,62498,WST,2015-04-30,CANDIDATE_ONLY_NOT_G5_MATCHED,False,False,False,0
170,93095,63335,PES,2015-04-30,CANDIDATE_ONLY_NOT_G5_MATCHED,False,False,False,0
170,93095,72696,SPF,2015-04-30,CANDIDATE_ONLY_NOT_G5_MATCHED,False,False,False,0
170,93095,75714,CLRO,2015-04-30,CANDIDATE_ONLY_NOT_G5_MATCHED,False,False,False,0
170,93095,76230,TRMB,2015-04-30,CANDIDATE_ONLY_NOT_G5_MATCHED,False,False,False,0
170,93095,76461,FHCO,2015-04-30,CANDIDATE_ONLY_NOT_G5_MATCHED,False,False,False,0
170,93095,76732,DIN,2015-04-30,CANDIDATE_ONLY_NOT_G5_MATCHED,False,False,False,0
170,93095,77279,ABAX,2015-04-30,CANDIDATE_ONLY_NOT_G5_MATCHED,False,False,False,0
170,93095,77763,SPN,2015-04-30,CANDIDATE_ONLY_NOT_G5_MATCHED,False,False,False,0
170,93095,78071,BIOL,2015-04-30,CANDIDATE_ONLY_NOT_G5_MATCHED,False,False,False,0
170,93095,78211,UVE,2015-04-30,CANDIDATE_ONLY_NOT_G5_MATCHED,False,False,False,0
170,93095,78903,PEBO,2015-04-30,CANDIDATE_ONLY_NOT_G5_MATCHED,False,False,False,0
170,93095,79198,TWI,2015-04-30,CANDIDATE_ONLY_NOT_G5_MATCHED,False,False,False,0
170,93095,79248,THRM,2015-04-30,CANDIDATE_ONLY_NOT_G5_MATCHED,False,False,False,0
170,93095,79336,LBY,2015-04-30,CANDIDATE_ONLY_NOT_G5_MATCHED,False,False,False,0
170,93095,79571,CASH,2015-04-30,CANDIDATE_ONLY_NOT_G5_MATCHED,False,False,False,0
170,93095,79724,OMG,2015-04-30,CANDIDATE_ONLY_NOT_G5_MATCHED,False,False,False,0
170,93095,79758,BYD,2015-04-30,CANDIDATE_ONLY_NOT_G5_MATCHED,False,False,False,0
170,93095,79879,JDSU,2015-04-30,CANDIDATE_ONLY_NOT_G5_MATCHED,False,False,False,0
170,93095,79903,HHS,2015-04-30,CANDIDATE_ONLY_NOT_G5_MATCHED,False,False,False,0
170,93095,80072,VLY,2015-04-30,CANDIDATE_ONLY_NOT_G5_MATCHED,False,False,False,0
170,93095,80539,NKTR,2015-04-30,CANDIDATE_ONLY_NOT_G5_MATCHED,False,False,False,0
170,93095,82292,THG,2015-04-30,CANDIDATE_ONLY_NOT_G5_MATCHED,False,False,False,0
170,93095,82486,ERIE,2015-04-30,CANDIDATE_ONLY_NOT_G5_MATCHED,False,False,False,0
170,93095,83244,CENX,2015-04-30,CANDIDATE_ONLY_NOT_G5_MATCHED,False,False,False,0
170,93095,83366,CRR,2015-04-30,CANDIDATE_ONLY_NOT_G5_MATCHED,False,False,False,0
170,93095,83534,NBIX,2015-04-30,CANDIDATE_ONLY_NOT_G5_MATCHED,False,False,False,0
170,93095,84723,LNG,2015-04-30,CANDIDATE_ONLY_NOT_G5_MATCHED,False,False,False,0
170,93095,85424,DRQ,2015-04-30,CANDIDATE_ONLY_NOT_G5_MATCHED,False,False,False,0
170,93095,85792,PWR,2015-04-30,CANDIDATE_ONLY_NOT_G5_MATCHED,False,False,False,0
170,93095,85839,NUTR,2015-04-30,CANDIDATE_ONLY_NOT_G5_MATCHED,False,False,False,0
170,93095,86051,AXTI,2015-04-30,CANDIDATE_ONLY_NOT_G5_MATCHED,False,False,False,0
170,93095,86106,EEP,2015-04-30,CANDIDATE_ONLY_NOT_G5_MATCHED,False,False,False,0
170,93095,86544,BCOR,2015-04-30,CANDIDATE_ONLY_NOT_G5_MATCHED,False,False,False,0
170,93095,88379,NTRI,2015-04-30,CANDIDATE_ONLY_NOT_G5_MATCHED,False,False,False,0
170,93095,88574,TSYS,2015-04-30,CANDIDATE_ONLY_NOT_G5_MATCHED,False,False,False,0
170,93095,88597,POL,2015-04-30,CANDIDATE_ONLY_NOT_G5_MATCHED,False,False,False,0
170,93095,88626,DRRX,2015-04-30,CANDIDATE_ONLY_NOT_G5_MATCHED,False,False,False,0
170,93095,89031,TASR,2015-04-30,CANDIDATE_ONLY_NOT_G5_MATCHED,False,False,False,0
170,93095,89070,ZMH,2015-04-30,CANDIDATE_ONLY_NOT_G5_MATCHED,False,False,False,0
170,93095,89110,OMCL,2015-04-30,CANDIDATE_ONLY_NOT_G5_MATCHED,False,False,False,0
170,93095,89626,CME,2015-04-30,CANDIDATE_ONLY_NOT_G5_MATCHED,False,False,False,0
170,93095,89905,CALD,2015-04-30,CANDIDATE_ONLY_NOT_G5_MATCHED,False,False,False,0
170,93095,89973,UTI,2015-04-30,CANDIDATE_ONLY_NOT_G5_MATCHED,False,False,False,0
170,93095,90238,SNMX,2015-04-30,CANDIDATE_ONLY_NOT_G5_MATCHED,False,False,False,0
170,93095,90374,DWA,2015-04-30,CANDIDATE_ONLY_NOT_G5_MATCHED,False,False,False,0
170,93095,90386,MOS,2015-04-30,CANDIDATE_ONLY_NOT_G5_MATCHED,False,False,False,0
170,93095,90404,CLMS,2015-04-30,CANDIDATE_ONLY_NOT_G5_MATCHED,False,False,False,0
170,93095,90558,HUN,2015-04-30,CANDIDATE_ONLY_NOT_G5_MATCHED,False,False,False,0
170,93095,90786,ITC,2015-04-30,CANDIDATE_ONLY_NOT_G5_MATCHED,False,False,False,0
170,93095,90808,EXPE,2015-04-30,CANDIDATE_ONLY_NOT_G5_MATCHED,False,False,False,0
170,93095,90952,ISBC,2015-04-30,CANDIDATE_ONLY_NOT_G5_MATCHED,False,False,False,0
170,93095,90978,SPWR,2015-04-30,CANDIDATE_ONLY_NOT_G5_MATCHED,False,False,False,0
170,93095,91041,LYV,2015-04-30,CANDIDATE_ONLY_NOT_G5_MATCHED,False,False,False,0
170,93095,91063,VIAB,2015-04-30,CANDIDATE_ONLY_NOT_G5_MATCHED,False,False,False,0
170,93095,91814,ARAY,2015-04-30,CANDIDATE_ONLY_NOT_G5_MATCHED,False,False,False,0
170,93095,91854,UFS,2015-04-30,CANDIDATE_ONLY_NOT_G5_MATCHED,False,False,False,0
170,93095,92050,PODD,2015-04-30,CANDIDATE_ONLY_NOT_G5_MATCHED,False,False,False,0
170,93095,92326,CVI,2015-04-30,CANDIDATE_ONLY_NOT_G5_MATCHED,False,False,False,0
170,93095,92611,V,2015-04-30,CANDIDATE_ONLY_NOT_G5_MATCHED,False,False,False,0
170,93095,92894,HTWR,2015-04-30,CANDIDATE_ONLY_NOT_G5_MATCHED,False,False,False,0
170,93095,92924,DGI,2015-04-30,CANDIDATE_ONLY_NOT_G5_MATCHED,False,False,False,0
170,93095,93035,SEM,2015-04-30,CANDIDATE_ONLY_NOT_G5_MATCHED,False,False,False,0
170,93095,93073,ADUS,2015-04-30,CANDIDATE_ONLY_NOT_G5_MATCHED,False,False,False,0
171,93223,10966,AXGN,2015-05-05,CANDIDATE_ONLY_NOT_G5_MATCHED,False,False,False,0
171,93223,12330,EXAM,2015-05-05,CANDIDATE_ONLY_NOT_G5_MATCHED,False,False,False,0
171,93223,12451,GCAP,2015-05-05,CANDIDATE_ONLY_NOT_G5_MATCHED,False,False,False,0
171,93223,13049,ZLTQ,2015-05-05,CANDIDATE_ONLY_NOT_G5_MATCHED,False,False,False,0
171,93223,13160,JIVE,2015-05-05,CANDIDATE_ONLY_NOT_G5_MATCHED,False,False,False,0
171,93223,13411,TROV,2015-05-05,CANDIDATE_ONLY_NOT_G5_MATCHED,False,False,False,0
171,93223,13743,ERA,2015-05-05,CANDIDATE_ONLY_NOT_G5_MATCHED,False,False,False,0
171,93223,14057,SALE,2015-05-05,CANDIDATE_ONLY_NOT_G5_MATCHED,False,False,False,0
171,93223,14318,NMIH,2015-05-05,CANDIDATE_ONLY_NOT_G5_MATCHED,False,False,False,0
171,93223,14503,OUT,2015-05-05,CANDIDATE_ONLY_NOT_G5_MATCHED,False,False,False,0
171,93223,14504,COUP,2015-05-05,CANDIDATE_ONLY_NOT_G5_MATCHED,False,False,False,0
171,93223,14521,TNET,2015-05-05,CANDIDATE_ONLY_NOT_G5_MATCHED,False,False,False,0
171,93223,14608,SABR,2015-05-05,CANDIDATE_ONLY_NOT_G5_MATCHED,False,False,False,0
171,93223,23536,WEC,2015-05-05,CANDIDATE_ONLY_NOT_G5_MATCHED,False,False,False,0
171,93223,25099,TEG,2015-05-05,CANDIDATE_ONLY_NOT_G5_MATCHED,False,False,False,0
171,93223,25232,OKE,2015-05-05,CANDIDATE_ONLY_NOT_G5_MATCHED,False,False,False,0
171,93223,26825,K,2015-05-05,CANDIDATE_ONLY_NOT_G5_MATCHED,False,False,False,0
171,93223,44134,KMT,2015-05-05,CANDIDATE_ONLY_NOT_G5_MATCHED,False,False,False,0
171,93223,45655,CDI,2015-05-05,CANDIDATE_ONLY_NOT_G5_MATCHED,False,False,False,0
171,93223,52716,HRC,2015-05-05,CANDIDATE_ONLY_NOT_G5_MATCHED,False,False,False,0
171,93223,58675,PKD,2015-05-05,CANDIDATE_ONLY_NOT_G5_MATCHED,False,False,False,0
171,93223,60599,CTL,2015-05-05,CANDIDATE_ONLY_NOT_G5_MATCHED,False,False,False,0
171,93223,61188,SWX,2015-05-05,CANDIDATE_ONLY_NOT_G5_MATCHED,False,False,False,0
171,93223,61516,BIO,2015-05-05,CANDIDATE_ONLY_NOT_G5_MATCHED,False,False,False,0
171,93223,61815,NBL,2015-05-05,CANDIDATE_ONLY_NOT_G5_MATCHED,False,False,False,0
171,93223,63715,POWL,2015-05-05,CANDIDATE_ONLY_NOT_G5_MATCHED,False,False,False,0
171,93223,66245,MDC,2015-05-05,CANDIDATE_ONLY_NOT_G5_MATCHED,False,False,False,0
171,93223,71271,Y,2015-05-05,CANDIDATE_ONLY_NOT_G5_MATCHED,False,False,False,0
171,93223,71985,SPAR,2015-05-05,CANDIDATE_ONLY_NOT_G5_MATCHED,False,False,False,0
171,93223,75694,TECH,2015-05-05,CANDIDATE_ONLY_NOT_G5_MATCHED,False,False,False,0
171,93223,77425,USAK,2015-05-05,CANDIDATE_ONLY_NOT_G5_MATCHED,False,False,False,0
171,93223,77900,CVU,2015-05-05,CANDIDATE_ONLY_NOT_G5_MATCHED,False,False,False,0
171,93223,79033,SGA,2015-05-05,CANDIDATE_ONLY_NOT_G5_MATCHED,False,False,False,0
171,93223,79323,ALL,2015-05-05,CANDIDATE_ONLY_NOT_G5_MATCHED,False,False,False,0
171,93223,79915,NFX,2015-05-05,CANDIDATE_ONLY_NOT_G5_MATCHED,False,False,False,0
171,93223,80485,VVUS,2015-05-05,CANDIDATE_ONLY_NOT_G5_MATCHED,False,False,False,0
171,93223,81665,SYX,2015-05-05,CANDIDATE_ONLY_NOT_G5_MATCHED,False,False,False,0
171,93223,82287,CRAY,2015-05-05,CANDIDATE_ONLY_NOT_G5_MATCHED,False,False,False,0
171,93223,82599,NWPX,2015-05-05,CANDIDATE_ONLY_NOT_G5_MATCHED,False,False,False,0
171,93223,83112,ANDE,2015-05-05,CANDIDATE_ONLY_NOT_G5_MATCHED,False,False,False,0
171,93223,83834,WG,2015-05-05,CANDIDATE_ONLY_NOT_G5_MATCHED,False,False,False,0
171,93223,83856,CSV,2015-05-05,CANDIDATE_ONLY_NOT_G5_MATCHED,False,False,False,0
171,93223,86062,EVOL,2015-05-05,CANDIDATE_ONLY_NOT_G5_MATCHED,False,False,False,0
171,93223,86136,SRE,2015-05-05,CANDIDATE_ONLY_NOT_G5_MATCHED,False,False,False,0
171,93223,86709,AMRI,2015-05-05,CANDIDATE_ONLY_NOT_G5_MATCHED,False,False,False,0
171,93223,87277,MSO,2015-05-05,CANDIDATE_ONLY_NOT_G5_MATCHED,False,False,False,0
171,93223,87426,DW,2015-05-05,CANDIDATE_ONLY_NOT_G5_MATCHED,False,False,False,0
171,93223,87659,ENR,2015-05-05,CANDIDATE_ONLY_NOT_G5_MATCHED,False,False,False,0
171,93223,88417,ACLS,2015-05-05,CANDIDATE_ONLY_NOT_G5_MATCHED,False,False,False,0
171,93223,88545,MDCO,2015-05-05,CANDIDATE_ONLY_NOT_G5_MATCHED,False,False,False,0
171,93223,89203,ABCO,2015-05-05,CANDIDATE_ONLY_NOT_G5_MATCHED,False,False,False,0
171,93223,89230,ALR,2015-05-05,CANDIDATE_ONLY_NOT_G5_MATCHED,False,False,False,0
171,93223,89244,WTW,2015-05-05,CANDIDATE_ONLY_NOT_G5_MATCHED,False,False,False,0
171,93223,89875,ANIP,2015-05-05,CANDIDATE_ONLY_NOT_G5_MATCHED,False,False,False,0
171,93223,90052,TRW,2015-05-05,CANDIDATE_ONLY_NOT_G5_MATCHED,False,False,False,0
171,93223,90354,OCLR,2015-05-05,CANDIDATE_ONLY_NOT_G5_MATCHED,False,False,False,0
171,93223,90548,ARC,2015-05-05,CANDIDATE_ONLY_NOT_G5_MATCHED,False,False,False,0
171,93223,90900,GHDX,2015-05-05,CANDIDATE_ONLY_NOT_G5_MATCHED,False,False,False,0
171,93223,91020,CYNO,2015-05-05,CANDIDATE_ONLY_NOT_G5_MATCHED,False,False,False,0
171,93223,91152,TDG,2015-05-05,CANDIDATE_ONLY_NOT_G5_MATCHED,False,False,False,0
171,93223,91463,CVLT,2015-05-05,CANDIDATE_ONLY_NOT_G5_MATCHED,False,False,False,0
171,93223,92102,SCOR,2015-05-05,CANDIDATE_ONLY_NOT_G5_MATCHED,False,False,False,0
171,93223,92902,BPI,2015-05-05,CANDIDATE_ONLY_NOT_G5_MATCHED,False,False,False,0
171,93223,93174,KAR,2015-05-05,CANDIDATE_ONLY_NOT_G5_MATCHED,False,False,False,0
171,93223,93185,TMH,2015-05-05,CANDIDATE_ONLY_NOT_G5_MATCHED,False,False,False,0
172,93246,10933,MKL,2015-02-11,CANDIDATE_ONLY_NOT_G5_MATCHED,False,False,False,0
172,93246,12894,CJES,2015-02-11,CANDIDATE_ONLY_NOT_G5_MATCHED,False,False,False,0
172,93246,13856,PEP,2015-02-11,CANDIDATE_ONLY_NOT_G5_MATCHED,False,False,False,0
172,93246,13904,VOYA,2015-02-11,CANDIDATE_ONLY_NOT_G5_MATCHED,False,False,False,0
172,93246,14159,FEYE,2015-02-11,CANDIDATE_ONLY_NOT_G5_MATCHED,False,False,False,0
172,93246,14329,ARMK,2015-02-11,CANDIDATE_ONLY_NOT_G5_MATCHED,False,False,False,0
172,93246,23536,WEC,2015-02-11,CANDIDATE_ONLY_NOT_G5_MATCHED,False,False,False,0
172,93246,42439,HNI,2015-02-11,CANDIDATE_ONLY_NOT_G5_MATCHED,False,False,False,0
172,93246,52476,EFX,2015-02-11,CANDIDATE_ONLY_NOT_G5_MATCHED,False,False,False,0
172,93246,58975,OII,2015-02-11,CANDIDATE_ONLY_NOT_G5_MATCHED,False,False,False,0
172,93246,59256,CRWS,2015-02-11,CANDIDATE_ONLY_NOT_G5_MATCHED,False,False,False,0
172,93246,60599,CTL,2015-02-11,CANDIDATE_ONLY_NOT_G5_MATCHED,False,False,False,0
172,93246,76076,CSCO,2015-02-11,CANDIDATE_ONLY_NOT_G5_MATCHED,False,False,False,0
172,93246,76515,CVA,2015-02-11,CANDIDATE_ONLY_NOT_G5_MATCHED,False,False,False,0
172,93246,76591,QDEL,2015-02-11,CANDIDATE_ONLY_NOT_G5_MATCHED,False,False,False,0
172,93246,76695,PNRA,2015-02-11,CANDIDATE_ONLY_NOT_G5_MATCHED,False,False,False,0
172,93246,77425,USAK,2015-02-11,CANDIDATE_ONLY_NOT_G5_MATCHED,False,False,False,0
172,93246,82266,CVO,2015-02-11,CANDIDATE_ONLY_NOT_G5_MATCHED,False,False,False,0
172,93246,82287,CRAY,2015-02-11,CANDIDATE_ONLY_NOT_G5_MATCHED,False,False,False,0
172,93246,82581,HSIC,2015-02-11,CANDIDATE_ONLY_NOT_G5_MATCHED,False,False,False,0
172,93246,82598,NTAP,2015-02-11,CANDIDATE_ONLY_NOT_G5_MATCHED,False,False,False,0
172,93246,83382,TCX,2015-02-11,CANDIDATE_ONLY_NOT_G5_MATCHED,False,False,False,0
172,93246,84042,PAG,2015-02-11,CANDIDATE_ONLY_NOT_G5_MATCHED,False,False,False,0
172,93246,86580,NVDA,2015-02-11,CANDIDATE_ONLY_NOT_G5_MATCHED,False,False,False,0
172,93246,87487,BGCP,2015-02-11,CANDIDATE_ONLY_NOT_G5_MATCHED,False,False,False,0
172,93246,89006,MDLZ,2015-02-11,CANDIDATE_ONLY_NOT_G5_MATCHED,False,False,False,0
172,93246,89203,ABCO,2015-02-11,CANDIDATE_ONLY_NOT_G5_MATCHED,False,False,False,0
172,93246,90067,HOS,2015-02-11,CANDIDATE_ONLY_NOT_G5_MATCHED,False,False,False,0
172,93246,90386,MOS,2015-02-11,CANDIDATE_ONLY_NOT_G5_MATCHED,False,False,False,0
172,93246,91531,OC,2015-02-11,CANDIDATE_ONLY_NOT_G5_MATCHED,False,False,False,0
172,93246,93436,TSLA,2015-02-11,CANDIDATE_ONLY_NOT_G5_MATCHED,False,False,False,0
173,93323,10252,INDB,2011-10-20,CANDIDATE_ONLY_NOT_G5_MATCHED,False,False,False,0
173,93323,10302,CY,2011-10-20,CANDIDATE_ONLY_NOT_G5_MATCHED,False,False,False,0
173,93323,10375,TCB,2011-10-20,CANDIDATE_ONLY_NOT_G5_MATCHED,False,False,False,0
173,93323,12036,GMT,2011-10-20,CANDIDATE_ONLY_NOT_G5_MATCHED,False,False,False,0
173,93323,12062,LH,2011-10-20,CANDIDATE_ONLY_NOT_G5_MATCHED,False,False,False,0
173,93323,22509,PPG,2011-10-20,CANDIDATE_ONLY_NOT_G5_MATCHED,False,False,False,0
173,93323,27887,BAX,2011-10-20,CANDIDATE_ONLY_NOT_G5_MATCHED,False,False,False,0
173,93323,32942,HUBB,2011-10-20,CANDIDATE_ONLY_NOT_G5_MATCHED,False,False,False,0
173,93323,34746,FITB,2011-10-20,CANDIDATE_ONLY_NOT_G5_MATCHED,False,False,False,0
173,93323,38578,TNB,2011-10-20,CANDIDATE_ONLY_NOT_G5_MATCHED,False,False,False,0
173,93323,47466,NYT,2011-10-20,CANDIDATE_ONLY_NOT_G5_MATCHED,False,False,False,0
173,93323,48725,UNP,2011-10-20,CANDIDATE_ONLY_NOT_G5_MATCHED,False,False,False,0
173,93323,59619,SXT,2011-10-20,CANDIDATE_ONLY_NOT_G5_MATCHED,False,False,False,0
173,93323,60206,SNA,2011-10-20,CANDIDATE_ONLY_NOT_G5_MATCHED,False,False,False,0
173,93323,65365,MYE,2011-10-20,CANDIDATE_ONLY_NOT_G5_MATCHED,False,False,False,0
173,93323,66093,T,2011-10-20,CANDIDATE_ONLY_NOT_G5_MATCHED,False,False,False,0
173,93323,66376,WSO,2011-10-20,CANDIDATE_ONLY_NOT_G5_MATCHED,False,False,False,0
173,93323,75215,CSH,2011-10-20,CANDIDATE_ONLY_NOT_G5_MATCHED,False,False,False,0
173,93323,79244,USG,2011-10-20,CANDIDATE_ONLY_NOT_G5_MATCHED,False,False,False,0
173,93323,79628,UTEK,2011-10-20,CANDIDATE_ONLY_NOT_G5_MATCHED,False,False,False,0
173,93323,79866,SCHN,2011-10-20,CANDIDATE_ONLY_NOT_G5_MATCHED,False,False,False,0
173,93323,80434,BOOT,2011-10-20,CANDIDATE_ONLY_NOT_G5_MATCHED,False,False,False,0
173,93323,80563,PENN,2011-10-20,CANDIDATE_ONLY_NOT_G5_MATCHED,False,False,False,0
173,93323,81541,MBFI,2011-10-20,CANDIDATE_ONLY_NOT_G5_MATCHED,False,False,False,0
173,93323,82298,DO,2011-10-20,CANDIDATE_ONLY_NOT_G5_MATCHED,False,False,False,0
173,93323,82618,SNDK,2011-10-20,CANDIDATE_ONLY_NOT_G5_MATCHED,False,False,False,0
173,93323,83111,ALXN,2011-10-20,CANDIDATE_ONLY_NOT_G5_MATCHED,False,False,False,0
173,93323,83307,PGI,2011-10-20,CANDIDATE_ONLY_NOT_G5_MATCHED,False,False,False,0
173,93323,84827,RMBS,2011-10-20,CANDIDATE_ONLY_NOT_G5_MATCHED,False,False,False,0
173,93323,87179,NTCT,2011-10-20,CANDIDATE_ONLY_NOT_G5_MATCHED,False,False,False,0
173,93323,88313,JNS,2011-10-20,CANDIDATE_ONLY_NOT_G5_MATCHED,False,False,False,0
173,93323,89440,NBBC,2011-10-20,CANDIDATE_ONLY_NOT_G5_MATCHED,False,False,False,0
173,93323,89611,ACTG,2011-10-20,CANDIDATE_ONLY_NOT_G5_MATCHED,False,False,False,0
173,93323,89941,TZOO,2011-10-20,CANDIDATE_ONLY_NOT_G5_MATCHED,False,False,False,0
173,93323,90210,LTM,2011-10-20,CANDIDATE_ONLY_NOT_G5_MATCHED,False,False,False,0
173,93323,90490,TBBK,2011-10-20,CANDIDATE_ONLY_NOT_G5_MATCHED,False,False,False,0
173,93323,90814,HITT,2011-10-20,CANDIDATE_ONLY_NOT_G5_MATCHED,False,False,False,0
173,93323,91068,CMG,2011-10-20,CANDIDATE_ONLY_NOT_G5_MATCHED,False,False,False,0
173,93323,91493,APKT,2011-10-20,CANDIDATE_ONLY_NOT_G5_MATCHED,False,False,False,0
173,93323,92018,RRR,2011-10-20,CANDIDATE_ONLY_NOT_G5_MATCHED,False,False,False,0
173,93323,92043,IBKR,2011-10-20,CANDIDATE_ONLY_NOT_G5_MATCHED,False,False,False,0
173,93323,92296,ATHN,2011-10-20,CANDIDATE_ONLY_NOT_G5_MATCHED,False,False,False,0
174,93323,10302,CY,2012-01-26,CANDIDATE_ONLY_NOT_G5_MATCHED,False,False,False,0
174,93323,10397,WERN,2012-01-26,CANDIDATE_ONLY_NOT_G5_MATCHED,False,False,False,0
174,93323,11369,UBSI,2012-01-26,CANDIDATE_ONLY_NOT_G5_MATCHED,False,False,False,0
174,93323,11664,GDOT,2012-01-26,CANDIDATE_ONLY_NOT_G5_MATCHED,False,False,False,0
174,93323,18729,CL,2012-01-26,CANDIDATE_ONLY_NOT_G5_MATCHED,False,False,False,0
174,93323,20618,CRS,2012-01-26,CANDIDATE_ONLY_NOT_G5_MATCHED,False,False,False,0
174,93323,22592,MMM,2012-01-26,CANDIDATE_ONLY_NOT_G5_MATCHED,False,False,False,0
174,93323,24328,EQT,2012-01-26,CANDIDATE_ONLY_NOT_G5_MATCHED,False,False,False,0
174,93323,27684,AVT,2012-01-26,CANDIDATE_ONLY_NOT_G5_MATCHED,False,False,False,0
174,93323,27887,BAX,2012-01-26,CANDIDATE_ONLY_NOT_G5_MATCHED,False,False,False,0
174,93323,32540,ELX,2012-01-26,CANDIDATE_ONLY_NOT_G5_MATCHED,False,False,False,0
174,93323,32942,HUBB,2012-01-26,CANDIDATE_ONLY_NOT_G5_MATCHED,False,False,False,0
174,93323,42877,JBHT,2012-01-26,CANDIDATE_ONLY_NOT_G5_MATCHED,False,False,False,0
174,93323,52090,MKC,2012-01-26,CANDIDATE_ONLY_NOT_G5_MATCHED,False,False,False,0
174,93323,56611,NPBC,2012-01-26,CANDIDATE_ONLY_NOT_G5_MATCHED,False,False,False,0
174,93323,61743,DLX,2012-01-26,CANDIDATE_ONLY_NOT_G5_MATCHED,False,False,False,0
174,93323,62383,RYL,2012-01-26,CANDIDATE_ONLY_NOT_G5_MATCHED,False,False,False,0
174,93323,64135,WMS,2012-01-26,CANDIDATE_ONLY_NOT_G5_MATCHED,False,False,False,0
174,93323,64961,QSII,2012-01-26,CANDIDATE_ONLY_NOT_G5_MATCHED,False,False,False,0
174,93323,66093,T,2012-01-26,CANDIDATE_ONLY_NOT_G5_MATCHED,False,False,False,0
174,93323,70308,ARG,2012-01-26,CANDIDATE_ONLY_NOT_G5_MATCHED,False,False,False,0
174,93323,75215,CSH,2012-01-26,CANDIDATE_ONLY_NOT_G5_MATCHED,False,False,False,0
174,93323,75603,CRUS,2012-01-26,CANDIDATE_ONLY_NOT_G5_MATCHED,False,False,False,0
174,93323,76207,ACAT,2012-01-26,CANDIDATE_ONLY_NOT_G5_MATCHED,False,False,False,0
174,93323,76708,DV,2012-01-26,CANDIDATE_ONLY_NOT_G5_MATCHED,False,False,False,0
174,93323,76711,RGS,2012-01-26,CANDIDATE_ONLY_NOT_G5_MATCHED,False,False,False,0
174,93323,77702,SBUX,2012-01-26,CANDIDATE_ONLY_NOT_G5_MATCHED,False,False,False,0
174,93323,80080,EMN,2012-01-26,CANDIDATE_ONLY_NOT_G5_MATCHED,False,False,False,0
174,93323,80223,BPFH,2012-01-26,CANDIDATE_ONLY_NOT_G5_MATCHED,False,False,False,0
174,93323,80266,QLGC,2012-01-26,CANDIDATE_ONLY_NOT_G5_MATCHED,False,False,False,0
174,93323,80362,SCSC,2012-01-26,CANDIDATE_ONLY_NOT_G5_MATCHED,False,False,False,0
174,93323,81541,MBFI,2012-01-26,CANDIDATE_ONLY_NOT_G5_MATCHED,False,False,False,0
174,93323,83738,CASS,2012-01-26,CANDIDATE_ONLY_NOT_G5_MATCHED,False,False,False,0
174,93323,84342,MWW,2012-01-26,CANDIDATE_ONLY_NOT_G5_MATCHED,False,False,False,0
174,93323,84827,RMBS,2012-01-26,CANDIDATE_ONLY_NOT_G5_MATCHED,False,False,False,0
174,93323,87013,ARBA,2012-01-26,CANDIDATE_ONLY_NOT_G5_MATCHED,False,False,False,0
174,93323,87146,NST,2012-01-26,CANDIDATE_ONLY_NOT_G5_MATCHED,False,False,False,0
174,93323,87162,FLWS,2012-01-26,CANDIDATE_ONLY_NOT_G5_MATCHED,False,False,False,0
174,93323,87445,TDY,2012-01-26,CANDIDATE_ONLY_NOT_G5_MATCHED,False,False,False,0
174,93323,87652,LNBB,2012-01-26,CANDIDATE_ONLY_NOT_G5_MATCHED,False,False,False,0
174,93323,88287,DLA,2012-01-26,CANDIDATE_ONLY_NOT_G5_MATCHED,False,False,False,0
174,93323,88313,JNS,2012-01-26,CANDIDATE_ONLY_NOT_G5_MATCHED,False,False,False,0
174,93323,89387,CPSI,2012-01-26,CANDIDATE_ONLY_NOT_G5_MATCHED,False,False,False,0
174,93323,89922,TSRA,2012-01-26,CANDIDATE_ONLY_NOT_G5_MATCHED,False,False,False,0
174,93323,89941,TZOO,2012-01-26,CANDIDATE_ONLY_NOT_G5_MATCHED,False,False,False,0
174,93323,90535,DLLR,2012-01-26,CANDIDATE_ONLY_NOT_G5_MATCHED,False,False,False,0
174,93323,90730,HBOS,2012-01-26,CANDIDATE_ONLY_NOT_G5_MATCHED,False,False,False,0
174,93323,91485,RVBD,2012-01-26,CANDIDATE_ONLY_NOT_G5_MATCHED,False,False,False,0
174,93323,91883,TWC,2012-01-26,CANDIDATE_ONLY_NOT_G5_MATCHED,False,False,False,0
174,93323,91901,GSIT,2012-01-26,CANDIDATE_ONLY_NOT_G5_MATCHED,False,False,False,0
174,93323,92018,RRR,2012-01-26,CANDIDATE_ONLY_NOT_G5_MATCHED,False,False,False,0
174,93323,92195,BNCL,2012-01-26,CANDIDATE_ONLY_NOT_G5_MATCHED,False,False,False,0
174,93323,92890,MJN,2012-01-26,CANDIDATE_ONLY_NOT_G5_MATCHED,False,False,False,0
174,93323,93015,ART,2012-01-26,CANDIDATE_ONLY_NOT_G5_MATCHED,False,False,False,0
