observation_index,historical_symbol,target_trade_date,target_cutoff_local,cik,fact_date,available_at,shares_outstanding,source_tag,form,accession,filed_date,staleness_days,source_grade,source_reference,staleness_exception_max_days,staleness_exception_reason,status,unresolved_reason,research_use_only
2501,THC,2015-02-04,2015-02-04T15:27:00-05:00,0000070318,2014-10-31,2014-11-03T23:59:59-05:00,98280152,dei:EntityCommonStockSharesOutstanding,10-Q,0001558370-14-000270,2014-11-03,96,A,https://data.sec.gov/api/xbrl/companyconcept/CIK0000070318/dei/EntityCommonStockSharesOutstanding.json#accn=0001558370-14-000270,,,RESOLVED,,1
2502,TNGO,2015-02-04,2015-02-04T14:40:00-05:00,0001389217,2014-11-13,2014-11-14T23:59:59-05:00,36651678,dei:EntityCommonStockSharesOutstanding,10-Q,0001493152-14-003781,2014-11-14,83,A,https://data.sec.gov/api/xbrl/companyconcept/CIK0001389217/dei/EntityCommonStockSharesOutstanding.json#accn=0001493152-14-003781,,,RESOLVED,,1
2503,TRAK,2015-02-04,2015-02-04T15:11:00-05:00,0000050471,2014-11-05,2014-11-06T23:59:59-05:00,17176132,dei:EntityCommonStockSharesOutstanding,10-Q,0001415889-14-003352,2014-11-06,91,A,https://data.sec.gov/api/xbrl/companyconcept/CIK0000050471/dei/EntityCommonStockSharesOutstanding.json#accn=0001415889-14-003352,,,RESOLVED,,1
2504,TXRH,2015-02-04,2015-02-04T14:54:00-05:00,0001289460,2014-10-29,2014-11-07T23:59:59-05:00,69393116,dei:EntityCommonStockSharesOutstanding,10-Q,0001104659-14-078176,2014-11-07,98,A,https://data.sec.gov/api/xbrl/companyconcept/CIK0001289460/dei/EntityCommonStockSharesOutstanding.json#accn=0001104659-14-078176,,,RESOLVED,,1
2505,VEEV,2015-02-04,2015-02-04T13:01:00-05:00,0001393052,2014-11-28,2014-12-11T23:59:59-05:00,130594979,sec_cover_page,10-Q,0001564590-14-006187,2014-12-11,68,A,https://www.sec.gov/Archives/edgar/data/1393052/000156459014006187/veev-10q_20141031.htm,,,RESOLVED,,1
2506,WLL,2015-02-04,2015-02-04T15:24:00-05:00,0001255474,2014-10-15,2014-10-30T23:59:59-04:00,119060513,dei:EntityCommonStockSharesOutstanding,10-Q,0001255474-14-000015,2014-10-30,112,A,https://data.sec.gov/api/xbrl/companyconcept/CIK0001255474/dei/EntityCommonStockSharesOutstanding.json#accn=0001255474-14-000015,,,RESOLVED,,1
2507,WMB,2015-02-04,2015-02-04T14:24:00-05:00,0000107263,2014-10-27,2014-10-30T23:59:59-04:00,747462634,dei:EntityCommonStockSharesOutstanding,10-Q,0000107263-14-000018,2014-10-30,100,A,https://data.sec.gov/api/xbrl/companyconcept/CIK0000107263/dei/EntityCommonStockSharesOutstanding.json#accn=0000107263-14-000018,,,RESOLVED,,1
2508,WTS,2015-02-04,2015-02-04T13:49:00-05:00,0000795403,2014-10-31,2014-11-06T23:59:59-05:00,35129832,sec_cover_page,10-Q,0001104659-14-076471,2014-11-06,96,A,https://www.sec.gov/Archives/edgar/data/795403/000110465914076471/a14-19707_110q.htm,,,RESOLVED,,1
2509,ADI,2015-02-05,2015-02-05T13:35:00-05:00,0000006281,2014-11-01,2014-12-10T23:59:59-05:00,311204926,dei:EntityCommonStockSharesOutstanding,10-K,0000006281-14-000039,2014-12-10,96,A,https://data.sec.gov/api/xbrl/companyconcept/CIK0000006281/dei/EntityCommonStockSharesOutstanding.json#accn=0000006281-14-000039,,,RESOLVED,,1
2510,ALNY,2015-02-05,2015-02-05T15:25:00-05:00,0001178670,2014-10-31,2014-11-06T23:59:59-05:00,76931090,dei:EntityCommonStockSharesOutstanding,10-Q,0001193125-14-399866,2014-11-06,97,A,https://data.sec.gov/api/xbrl/companyconcept/CIK0001178670/dei/EntityCommonStockSharesOutstanding.json#accn=0001193125-14-399866,,,RESOLVED,,1
2511,AMSG,2015-02-05,2015-02-05T15:27:00-05:00,0000895930,2014-11-06,2014-11-07T23:59:59-05:00,48124795,dei:EntityCommonStockSharesOutstanding,10-Q,0000895930-14-000055,2014-11-07,91,A,https://data.sec.gov/api/xbrl/companyconcept/CIK0000895930/dei/EntityCommonStockSharesOutstanding.json#accn=0000895930-14-000055,,,RESOLVED,,1
2512,ATRC,2015-02-05,2015-02-05T15:28:00-05:00,0001323885,2014-10-24,2014-10-31T23:59:59-04:00,27471053,dei:EntityCommonStockSharesOutstanding,10-Q,0001193125-14-391364,2014-10-31,104,A,https://data.sec.gov/api/xbrl/companyconcept/CIK0001323885/dei/EntityCommonStockSharesOutstanding.json#accn=0001193125-14-391364,,,RESOLVED,,1
2513,CGNX,2015-02-05,2015-02-05T13:34:00-05:00,0000851205,2014-09-28,2014-10-27T23:59:59-04:00,87045169,dei:EntityCommonStockSharesOutstanding,10-Q,0000851205-14-000017,2014-10-27,130,A,https://data.sec.gov/api/xbrl/companyconcept/CIK0000851205/dei/EntityCommonStockSharesOutstanding.json#accn=0000851205-14-000017,,,RESOLVED,,1
2514,CLD,2015-02-05,2015-02-05T15:05:00-05:00,0001441849,2014-10-23,2014-10-30T23:59:59-04:00,61004549,dei:EntityCommonStockSharesOutstanding,10-Q,0001104659-14-074918,2014-10-30,105,A,https://data.sec.gov/api/xbrl/companyconcept/CIK0001441849/dei/EntityCommonStockSharesOutstanding.json#accn=0001104659-14-074918,,,RESOLVED,,1
2515,COLM,2015-02-05,2015-02-05T14:03:00-05:00,0001050797,2014-10-24,2014-11-07T23:59:59-05:00,69686802,dei:EntityCommonStockSharesOutstanding,10-Q,0001050797-14-000009,2014-11-07,104,A,https://data.sec.gov/api/xbrl/companyconcept/CIK0001050797/dei/EntityCommonStockSharesOutstanding.json#accn=0001050797-14-000009,,,RESOLVED,,1
2516,CRL,2015-02-05,2015-02-05T15:25:00-05:00,0001100682,2014-10-16,2014-10-30T23:59:59-04:00,46921688,dei:EntityCommonStockSharesOutstanding,10-Q,0001445305-14-004599,2014-10-30,112,A,https://data.sec.gov/api/xbrl/companyconcept/CIK0001100682/dei/EntityCommonStockSharesOutstanding.json#accn=0001445305-14-004599,,,RESOLVED,,1
2517,DE,2015-02-05,2015-02-05T15:10:00-05:00,0000315189,2014-11-30,2014-12-19T23:59:59-05:00,344295604,dei:EntityCommonStockSharesOutstanding,10-K,0001104659-14-087794,2014-12-19,67,A,https://data.sec.gov/api/xbrl/companyconcept/CIK0000315189/dei/EntityCommonStockSharesOutstanding.json#accn=0001104659-14-087794,,,RESOLVED,,1
2518,DGI,2015-02-05,2015-02-05T15:12:00-05:00,0001208208,2014-10-23,2014-10-30T23:59:59-04:00,75164240,dei:EntityCommonStockSharesOutstanding,10-Q,0001558370-14-000234,2014-10-30,105,A,https://data.sec.gov/api/xbrl/companyconcept/CIK0001208208/dei/EntityCommonStockSharesOutstanding.json#accn=0001558370-14-000234,,,RESOLVED,,1
2519,DXCM,2015-02-05,2015-02-05T15:14:00-05:00,0001093557,2014-11-01,2014-11-06T23:59:59-05:00,76561868,dei:EntityCommonStockSharesOutstanding,10-Q,0001093557-14-000329,2014-11-06,96,A,https://data.sec.gov/api/xbrl/companyconcept/CIK0001093557/dei/EntityCommonStockSharesOutstanding.json#accn=0001093557-14-000329,,,RESOLVED,,1
2520,FLR,2015-02-05,2015-02-05T14:36:00-05:00,0001124198,2014-10-24,2014-10-30T23:59:59-04:00,156220578,dei:EntityCommonStockSharesOutstanding,10-Q,0001104659-14-075263,2014-10-30,104,A,https://data.sec.gov/api/xbrl/companyconcept/CIK0001124198/dei/EntityCommonStockSharesOutstanding.json#accn=0001104659-14-075263,,,RESOLVED,,1
2521,GNRC,2015-02-05,2015-02-05T15:22:00-05:00,0001474735,2014-11-01,2014-11-07T23:59:59-05:00,68868851,dei:EntityCommonStockSharesOutstanding,10-Q,0001437749-14-020036,2014-11-07,96,A,https://data.sec.gov/api/xbrl/companyconcept/CIK0001474735/dei/EntityCommonStockSharesOutstanding.json#accn=0001437749-14-020036,,,RESOLVED,,1
2522,INWK,2015-02-05,2015-02-05T13:31:00-05:00,0001190710,2014-10-31,2014-11-10T23:59:59-05:00,53884294,sec_cover_page,10-Q,0001144204-14-065945,2014-11-10,97,A,https://www.sec.gov/Archives/edgar/data/1350381/000114420414065945/v392129_10q.htm,,,RESOLVED,,1
2523,JWN,2015-02-05,2015-02-05T13:59:00-05:00,0000072333,2014-11-26,2014-12-02T23:59:59-05:00,190245098,dei:EntityCommonStockSharesOutstanding,10-Q,0000072333-14-000158,2014-12-02,71,A,https://data.sec.gov/api/xbrl/companyconcept/CIK0000072333/dei/EntityCommonStockSharesOutstanding.json#accn=0000072333-14-000158,,,RESOLVED,,1
2524,MIC,2015-02-05,2015-02-05T15:28:00-05:00,0001289790,2014-10-28,2014-10-29T23:59:59-04:00,70949977,dei:EntityCommonStockSharesOutstanding,10-Q,0001144204-14-063634,2014-10-29,100,A,https://data.sec.gov/api/xbrl/companyconcept/CIK0001289790/dei/EntityCommonStockSharesOutstanding.json#accn=0001144204-14-063634,,,RESOLVED,,1
2525,NUAN,2015-02-05,2015-02-05T15:03:00-05:00,0001002517,2014-10-31,2014-11-28T23:59:59-05:00,321219621,dei:EntityCommonStockSharesOutstanding,10-K,0001002517-14-000049,2014-11-28,97,A,https://data.sec.gov/api/xbrl/companyconcept/CIK0001002517/dei/EntityCommonStockSharesOutstanding.json#accn=0001002517-14-000049,,,RESOLVED,,1
2526,P,2015-02-05,2015-02-05T15:29:00-05:00,0001230276,2014-10-23,2014-10-28T23:59:59-04:00,208086733,dei:EntityCommonStockSharesOutstanding,10-Q,0001230276-14-000123,2014-10-28,105,A,https://data.sec.gov/api/xbrl/companyconcept/CIK0001230276/dei/EntityCommonStockSharesOutstanding.json#accn=0001230276-14-000123,,,RESOLVED,,1
2527,PLL,2015-02-05,2015-02-05T14:33:00-05:00,0000075829,2014-11-25,2014-12-02T23:59:59-05:00,106534159,dei:EntityCommonStockSharesOutstanding,10-Q,0000075829-14-000031,2014-12-02,72,A,https://data.sec.gov/api/xbrl/companyconcept/CIK0000075829/dei/EntityCommonStockSharesOutstanding.json#accn=0000075829-14-000031,,,RESOLVED,,1
2528,PNRA,2015-02-05,2015-02-05T14:28:00-05:00,0000724606,2014-10-28,2014-10-30T23:59:59-04:00,26969472,sec_cover_page,10-Q,0000724606-14-000036,2014-10-30,100,A,https://www.sec.gov/Archives/edgar/data/724606/000072460614000036/a2014093010q.htm,,,RESOLVED,,1
2529,QLIK,2015-02-05,2015-02-05T15:09:00-05:00,0001305294,2014-10-27,2014-10-31T23:59:59-04:00,90312552,dei:EntityCommonStockSharesOutstanding,10-Q,0001193125-14-392023,2014-10-31,101,A,https://data.sec.gov/api/xbrl/companyconcept/CIK0001305294/dei/EntityCommonStockSharesOutstanding.json#accn=0001193125-14-392023,,,RESOLVED,,1
2530,ROG,2015-02-05,2015-02-05T15:14:00-05:00,0000084748,2014-10-17,2014-10-28T23:59:59-04:00,18288124,sec_cover_page,10-Q,0000084748-14-000012,2014-10-28,111,A,https://www.sec.gov/Archives/edgar/data/84748/000008474814000012/rog-2014930x10q.htm,,,RESOLVED,,1
2531,THC,2015-02-05,2015-02-05T15:27:00-05:00,0000070318,2014-10-31,2014-11-03T23:59:59-05:00,98280152,dei:EntityCommonStockSharesOutstanding,10-Q,0001558370-14-000270,2014-11-03,97,A,https://data.sec.gov/api/xbrl/companyconcept/CIK0000070318/dei/EntityCommonStockSharesOutstanding.json#accn=0001558370-14-000270,,,RESOLVED,,1
2532,TNGO,2015-02-05,2015-02-05T14:40:00-05:00,0001389217,2014-11-13,2014-11-14T23:59:59-05:00,36651678,dei:EntityCommonStockSharesOutstanding,10-Q,0001493152-14-003781,2014-11-14,84,A,https://data.sec.gov/api/xbrl/companyconcept/CIK0001389217/dei/EntityCommonStockSharesOutstanding.json#accn=0001493152-14-003781,,,RESOLVED,,1
2533,TRAK,2015-02-05,2015-02-05T15:11:00-05:00,0000050471,2014-11-05,2014-11-06T23:59:59-05:00,17176132,dei:EntityCommonStockSharesOutstanding,10-Q,0001415889-14-003352,2014-11-06,92,A,https://data.sec.gov/api/xbrl/companyconcept/CIK0000050471/dei/EntityCommonStockSharesOutstanding.json#accn=0001415889-14-003352,,,RESOLVED,,1
2534,TXRH,2015-02-05,2015-02-05T14:54:00-05:00,0001289460,2014-10-29,2014-11-07T23:59:59-05:00,69393116,dei:EntityCommonStockSharesOutstanding,10-Q,0001104659-14-078176,2014-11-07,99,A,https://data.sec.gov/api/xbrl/companyconcept/CIK0001289460/dei/EntityCommonStockSharesOutstanding.json#accn=0001104659-14-078176,,,RESOLVED,,1
2535,VEEV,2015-02-05,2015-02-05T13:01:00-05:00,0001393052,2014-11-28,2014-12-11T23:59:59-05:00,130594979,sec_cover_page,10-Q,0001564590-14-006187,2014-12-11,69,A,https://www.sec.gov/Archives/edgar/data/1393052/000156459014006187/veev-10q_20141031.htm,,,RESOLVED,,1
2536,WLL,2015-02-05,2015-02-05T15:24:00-05:00,0001255474,2014-10-15,2014-10-30T23:59:59-04:00,119060513,dei:EntityCommonStockSharesOutstanding,10-Q,0001255474-14-000015,2014-10-30,113,A,https://data.sec.gov/api/xbrl/companyconcept/CIK0001255474/dei/EntityCommonStockSharesOutstanding.json#accn=0001255474-14-000015,,,RESOLVED,,1
2537,WMB,2015-02-05,2015-02-05T14:24:00-05:00,0000107263,2014-10-27,2014-10-30T23:59:59-04:00,747462634,dei:EntityCommonStockSharesOutstanding,10-Q,0000107263-14-000018,2014-10-30,101,A,https://data.sec.gov/api/xbrl/companyconcept/CIK0000107263/dei/EntityCommonStockSharesOutstanding.json#accn=0000107263-14-000018,,,RESOLVED,,1
2538,WTS,2015-02-05,2015-02-05T13:49:00-05:00,0000795403,2014-10-31,2014-11-06T23:59:59-05:00,35129832,sec_cover_page,10-Q,0001104659-14-076471,2014-11-06,97,A,https://www.sec.gov/Archives/edgar/data/795403/000110465914076471/a14-19707_110q.htm,,,RESOLVED,,1
2539,ADI,2015-02-06,2015-02-06T13:35:00-05:00,0000006281,2014-11-01,2014-12-10T23:59:59-05:00,311204926,dei:EntityCommonStockSharesOutstanding,10-K,0000006281-14-000039,2014-12-10,97,A,https://data.sec.gov/api/xbrl/companyconcept/CIK0000006281/dei/EntityCommonStockSharesOutstanding.json#accn=0000006281-14-000039,,,RESOLVED,,1
2540,ALNY,2015-02-06,2015-02-06T15:25:00-05:00,0001178670,2014-10-31,2014-11-06T23:59:59-05:00,76931090,dei:EntityCommonStockSharesOutstanding,10-Q,0001193125-14-399866,2014-11-06,98,A,https://data.sec.gov/api/xbrl/companyconcept/CIK0001178670/dei/EntityCommonStockSharesOutstanding.json#accn=0001193125-14-399866,,,RESOLVED,,1
2541,AMSG,2015-02-06,2015-02-06T15:27:00-05:00,0000895930,2014-11-06,2014-11-07T23:59:59-05:00,48124795,dei:EntityCommonStockSharesOutstanding,10-Q,0000895930-14-000055,2014-11-07,92,A,https://data.sec.gov/api/xbrl/companyconcept/CIK0000895930/dei/EntityCommonStockSharesOutstanding.json#accn=0000895930-14-000055,,,RESOLVED,,1
2542,ATRC,2015-02-06,2015-02-06T15:28:00-05:00,0001323885,2014-10-24,2014-10-31T23:59:59-04:00,27471053,dei:EntityCommonStockSharesOutstanding,10-Q,0001193125-14-391364,2014-10-31,105,A,https://data.sec.gov/api/xbrl/companyconcept/CIK0001323885/dei/EntityCommonStockSharesOutstanding.json#accn=0001193125-14-391364,,,RESOLVED,,1
2543,CGNX,2015-02-06,2015-02-06T13:34:00-05:00,,,,,,,,,,,,,,UNRESOLVED,no_pre_window_anchor_within_allowed_staleness,1
2544,CLD,2015-02-06,2015-02-06T15:05:00-05:00,0001441849,2014-10-23,2014-10-30T23:59:59-04:00,61004549,dei:EntityCommonStockSharesOutstanding,10-Q,0001104659-14-074918,2014-10-30,106,A,https://data.sec.gov/api/xbrl/companyconcept/CIK0001441849/dei/EntityCommonStockSharesOutstanding.json#accn=0001104659-14-074918,,,RESOLVED,,1
2545,COLM,2015-02-06,2015-02-06T14:03:00-05:00,0001050797,2014-10-24,2014-11-07T23:59:59-05:00,69686802,dei:EntityCommonStockSharesOutstanding,10-Q,0001050797-14-000009,2014-11-07,105,A,https://data.sec.gov/api/xbrl/companyconcept/CIK0001050797/dei/EntityCommonStockSharesOutstanding.json#accn=0001050797-14-000009,,,RESOLVED,,1
2546,CRL,2015-02-06,2015-02-06T15:25:00-05:00,0001100682,2014-10-16,2014-10-30T23:59:59-04:00,46921688,dei:EntityCommonStockSharesOutstanding,10-Q,0001445305-14-004599,2014-10-30,113,A,https://data.sec.gov/api/xbrl/companyconcept/CIK0001100682/dei/EntityCommonStockSharesOutstanding.json#accn=0001445305-14-004599,,,RESOLVED,,1
2547,DE,2015-02-06,2015-02-06T15:10:00-05:00,0000315189,2014-11-30,2014-12-19T23:59:59-05:00,344295604,dei:EntityCommonStockSharesOutstanding,10-K,0001104659-14-087794,2014-12-19,68,A,https://data.sec.gov/api/xbrl/companyconcept/CIK0000315189/dei/EntityCommonStockSharesOutstanding.json#accn=0001104659-14-087794,,,RESOLVED,,1
2548,DGI,2015-02-06,2015-02-06T15:12:00-05:00,0001208208,2014-10-23,2014-10-30T23:59:59-04:00,75164240,dei:EntityCommonStockSharesOutstanding,10-Q,0001558370-14-000234,2014-10-30,106,A,https://data.sec.gov/api/xbrl/companyconcept/CIK0001208208/dei/EntityCommonStockSharesOutstanding.json#accn=0001558370-14-000234,,,RESOLVED,,1
2549,DXCM,2015-02-06,2015-02-06T15:14:00-05:00,0001093557,2014-11-01,2014-11-06T23:59:59-05:00,76561868,dei:EntityCommonStockSharesOutstanding,10-Q,0001093557-14-000329,2014-11-06,97,A,https://data.sec.gov/api/xbrl/companyconcept/CIK0001093557/dei/EntityCommonStockSharesOutstanding.json#accn=0001093557-14-000329,,,RESOLVED,,1
2550,FLR,2015-02-06,2015-02-06T14:36:00-05:00,0001124198,2014-10-24,2014-10-30T23:59:59-04:00,156220578,dei:EntityCommonStockSharesOutstanding,10-Q,0001104659-14-075263,2014-10-30,105,A,https://data.sec.gov/api/xbrl/companyconcept/CIK0001124198/dei/EntityCommonStockSharesOutstanding.json#accn=0001104659-14-075263,,,RESOLVED,,1
2551,GNRC,2015-02-06,2015-02-06T15:22:00-05:00,0001474735,2014-11-01,2014-11-07T23:59:59-05:00,68868851,dei:EntityCommonStockSharesOutstanding,10-Q,0001437749-14-020036,2014-11-07,97,A,https://data.sec.gov/api/xbrl/companyconcept/CIK0001474735/dei/EntityCommonStockSharesOutstanding.json#accn=0001437749-14-020036,,,RESOLVED,,1
2552,INWK,2015-02-06,2015-02-06T13:31:00-05:00,0001190710,2014-10-31,2014-11-10T23:59:59-05:00,53884294,sec_cover_page,10-Q,0001144204-14-065945,2014-11-10,98,A,https://www.sec.gov/Archives/edgar/data/1350381/000114420414065945/v392129_10q.htm,,,RESOLVED,,1
2553,JWN,2015-02-06,2015-02-06T13:59:00-05:00,0000072333,2014-11-26,2014-12-02T23:59:59-05:00,190245098,dei:EntityCommonStockSharesOutstanding,10-Q,0000072333-14-000158,2014-12-02,72,A,https://data.sec.gov/api/xbrl/companyconcept/CIK0000072333/dei/EntityCommonStockSharesOutstanding.json#accn=0000072333-14-000158,,,RESOLVED,,1
2554,KOPN,2015-02-06,2015-02-06T14:28:00-05:00,0000771266,2014-10-31,2014-11-06T23:59:59-05:00,65907855,dei:EntityCommonStockSharesOutstanding,10-Q,0000771266-14-000016,2014-11-06,98,A,https://data.sec.gov/api/xbrl/companyconcept/CIK0000771266/dei/EntityCommonStockSharesOutstanding.json#accn=0000771266-14-000016,,,RESOLVED,,1
2555,MIC,2015-02-06,2015-02-06T15:28:00-05:00,0001289790,2014-10-28,2014-10-29T23:59:59-04:00,70949977,dei:EntityCommonStockSharesOutstanding,10-Q,0001144204-14-063634,2014-10-29,101,A,https://data.sec.gov/api/xbrl/companyconcept/CIK0001289790/dei/EntityCommonStockSharesOutstanding.json#accn=0001144204-14-063634,,,RESOLVED,,1
2556,PAY,2015-02-06,2015-02-06T14:41:00-05:00,0001312073,2014-11-30,2014-12-17T23:59:59-05:00,113344841,dei:EntityCommonStockSharesOutstanding,10-K,0001312073-14-000045,2014-12-17,68,A,https://data.sec.gov/api/xbrl/companyconcept/CIK0001312073/dei/EntityCommonStockSharesOutstanding.json#accn=0001312073-14-000045,,,RESOLVED,,1
2557,PLL,2015-02-06,2015-02-06T14:33:00-05:00,0000075829,2014-11-25,2014-12-02T23:59:59-05:00,106534159,dei:EntityCommonStockSharesOutstanding,10-Q,0000075829-14-000031,2014-12-02,73,A,https://data.sec.gov/api/xbrl/companyconcept/CIK0000075829/dei/EntityCommonStockSharesOutstanding.json#accn=0000075829-14-000031,,,RESOLVED,,1
2558,PNRA,2015-02-06,2015-02-06T14:28:00-05:00,0000724606,2014-10-28,2014-10-30T23:59:59-04:00,26969472,sec_cover_page,10-Q,0000724606-14-000036,2014-10-30,101,A,https://www.sec.gov/Archives/edgar/data/724606/000072460614000036/a2014093010q.htm,,,RESOLVED,,1
2559,QLIK,2015-02-06,2015-02-06T15:09:00-05:00,0001305294,2014-10-27,2014-10-31T23:59:59-04:00,90312552,dei:EntityCommonStockSharesOutstanding,10-Q,0001193125-14-392023,2014-10-31,102,A,https://data.sec.gov/api/xbrl/companyconcept/CIK0001305294/dei/EntityCommonStockSharesOutstanding.json#accn=0001193125-14-392023,,,RESOLVED,,1
2560,ROG,2015-02-06,2015-02-06T15:14:00-05:00,0000084748,2014-10-17,2014-10-28T23:59:59-04:00,18288124,sec_cover_page,10-Q,0000084748-14-000012,2014-10-28,112,A,https://www.sec.gov/Archives/edgar/data/84748/000008474814000012/rog-2014930x10q.htm,,,RESOLVED,,1
2561,THC,2015-02-06,2015-02-06T15:27:00-05:00,0000070318,2014-10-31,2014-11-03T23:59:59-05:00,98280152,dei:EntityCommonStockSharesOutstanding,10-Q,0001558370-14-000270,2014-11-03,98,A,https://data.sec.gov/api/xbrl/companyconcept/CIK0000070318/dei/EntityCommonStockSharesOutstanding.json#accn=0001558370-14-000270,,,RESOLVED,,1
2562,TNGO,2015-02-06,2015-02-06T14:40:00-05:00,0001389217,2014-11-13,2014-11-14T23:59:59-05:00,36651678,dei:EntityCommonStockSharesOutstanding,10-Q,0001493152-14-003781,2014-11-14,85,A,https://data.sec.gov/api/xbrl/companyconcept/CIK0001389217/dei/EntityCommonStockSharesOutstanding.json#accn=0001493152-14-003781,,,RESOLVED,,1
2563,TRAK,2015-02-06,2015-02-06T15:11:00-05:00,0000050471,2014-11-05,2014-11-06T23:59:59-05:00,17176132,dei:EntityCommonStockSharesOutstanding,10-Q,0001415889-14-003352,2014-11-06,93,A,https://data.sec.gov/api/xbrl/companyconcept/CIK0000050471/dei/EntityCommonStockSharesOutstanding.json#accn=0001415889-14-003352,,,RESOLVED,,1
2564,TXRH,2015-02-06,2015-02-06T14:54:00-05:00,0001289460,2014-10-29,2014-11-07T23:59:59-05:00,69393116,dei:EntityCommonStockSharesOutstanding,10-Q,0001104659-14-078176,2014-11-07,100,A,https://data.sec.gov/api/xbrl/companyconcept/CIK0001289460/dei/EntityCommonStockSharesOutstanding.json#accn=0001104659-14-078176,,,RESOLVED,,1
2565,VEEV,2015-02-06,2015-02-06T13:01:00-05:00,0001393052,2014-11-28,2014-12-11T23:59:59-05:00,130594979,sec_cover_page,10-Q,0001564590-14-006187,2014-12-11,70,A,https://www.sec.gov/Archives/edgar/data/1393052/000156459014006187/veev-10q_20141031.htm,,,RESOLVED,,1
2566,WLL,2015-02-06,2015-02-06T15:24:00-05:00,0001255474,2014-10-15,2014-10-30T23:59:59-04:00,119060513,dei:EntityCommonStockSharesOutstanding,10-Q,0001255474-14-000015,2014-10-30,114,A,https://data.sec.gov/api/xbrl/companyconcept/CIK0001255474/dei/EntityCommonStockSharesOutstanding.json#accn=0001255474-14-000015,,,RESOLVED,,1
2567,WMB,2015-02-06,2015-02-06T14:24:00-05:00,0000107263,2014-10-27,2014-10-30T23:59:59-04:00,747462634,dei:EntityCommonStockSharesOutstanding,10-Q,0000107263-14-000018,2014-10-30,102,A,https://data.sec.gov/api/xbrl/companyconcept/CIK0000107263/dei/EntityCommonStockSharesOutstanding.json#accn=0000107263-14-000018,,,RESOLVED,,1
2568,WTS,2015-02-06,2015-02-06T13:49:00-05:00,0000795403,2014-10-31,2014-11-06T23:59:59-05:00,35129832,sec_cover_page,10-Q,0001104659-14-076471,2014-11-06,98,A,https://www.sec.gov/Archives/edgar/data/795403/000110465914076471/a14-19707_110q.htm,,,RESOLVED,,1
2569,ADI,2015-02-09,2015-02-09T13:35:00-05:00,0000006281,2014-11-01,2014-12-10T23:59:59-05:00,311204926,dei:EntityCommonStockSharesOutstanding,10-K,0000006281-14-000039,2014-12-10,100,A,https://data.sec.gov/api/xbrl/companyconcept/CIK0000006281/dei/EntityCommonStockSharesOutstanding.json#accn=0000006281-14-000039,,,RESOLVED,,1
2570,ALNY,2015-02-09,2015-02-09T15:25:00-05:00,0001178670,2014-10-31,2014-11-06T23:59:59-05:00,76931090,dei:EntityCommonStockSharesOutstanding,10-Q,0001193125-14-399866,2014-11-06,101,A,https://data.sec.gov/api/xbrl/companyconcept/CIK0001178670/dei/EntityCommonStockSharesOutstanding.json#accn=0001193125-14-399866,,,RESOLVED,,1
2571,AMSG,2015-02-09,2015-02-09T15:27:00-05:00,0000895930,2014-11-06,2014-11-07T23:59:59-05:00,48124795,dei:EntityCommonStockSharesOutstanding,10-Q,0000895930-14-000055,2014-11-07,95,A,https://data.sec.gov/api/xbrl/companyconcept/CIK0000895930/dei/EntityCommonStockSharesOutstanding.json#accn=0000895930-14-000055,,,RESOLVED,,1
2572,ATRC,2015-02-09,2015-02-09T15:28:00-05:00,0001323885,2014-10-24,2014-10-31T23:59:59-04:00,27471053,dei:EntityCommonStockSharesOutstanding,10-Q,0001193125-14-391364,2014-10-31,108,A,https://data.sec.gov/api/xbrl/companyconcept/CIK0001323885/dei/EntityCommonStockSharesOutstanding.json#accn=0001193125-14-391364,,,RESOLVED,,1
2573,CGNX,2015-02-09,2015-02-09T13:34:00-05:00,,,,,,,,,,,,,,UNRESOLVED,no_pre_window_anchor_within_allowed_staleness,1
2574,CLD,2015-02-09,2015-02-09T15:05:00-05:00,0001441849,2014-10-23,2014-10-30T23:59:59-04:00,61004549,dei:EntityCommonStockSharesOutstanding,10-Q,0001104659-14-074918,2014-10-30,109,A,https://data.sec.gov/api/xbrl/companyconcept/CIK0001441849/dei/EntityCommonStockSharesOutstanding.json#accn=0001104659-14-074918,,,RESOLVED,,1
2575,COLM,2015-02-09,2015-02-09T14:03:00-05:00,0001050797,2014-10-24,2014-11-07T23:59:59-05:00,69686802,dei:EntityCommonStockSharesOutstanding,10-Q,0001050797-14-000009,2014-11-07,108,A,https://data.sec.gov/api/xbrl/companyconcept/CIK0001050797/dei/EntityCommonStockSharesOutstanding.json#accn=0001050797-14-000009,,,RESOLVED,,1
2576,CRL,2015-02-09,2015-02-09T15:25:00-05:00,0001100682,2014-10-16,2014-10-30T23:59:59-04:00,46921688,dei:EntityCommonStockSharesOutstanding,10-Q,0001445305-14-004599,2014-10-30,116,A,https://data.sec.gov/api/xbrl/companyconcept/CIK0001100682/dei/EntityCommonStockSharesOutstanding.json#accn=0001445305-14-004599,,,RESOLVED,,1
2577,DE,2015-02-09,2015-02-09T15:10:00-05:00,0000315189,2014-11-30,2014-12-19T23:59:59-05:00,344295604,dei:EntityCommonStockSharesOutstanding,10-K,0001104659-14-087794,2014-12-19,71,A,https://data.sec.gov/api/xbrl/companyconcept/CIK0000315189/dei/EntityCommonStockSharesOutstanding.json#accn=0001104659-14-087794,,,RESOLVED,,1
2578,DGI,2015-02-09,2015-02-09T15:12:00-05:00,0001208208,2014-10-23,2014-10-30T23:59:59-04:00,75164240,dei:EntityCommonStockSharesOutstanding,10-Q,0001558370-14-000234,2014-10-30,109,A,https://data.sec.gov/api/xbrl/companyconcept/CIK0001208208/dei/EntityCommonStockSharesOutstanding.json#accn=0001558370-14-000234,,,RESOLVED,,1
2579,DXCM,2015-02-09,2015-02-09T15:14:00-05:00,0001093557,2014-11-01,2014-11-06T23:59:59-05:00,76561868,dei:EntityCommonStockSharesOutstanding,10-Q,0001093557-14-000329,2014-11-06,100,A,https://data.sec.gov/api/xbrl/companyconcept/CIK0001093557/dei/EntityCommonStockSharesOutstanding.json#accn=0001093557-14-000329,,,RESOLVED,,1
2580,FLR,2015-02-09,2015-02-09T14:36:00-05:00,0001124198,2014-10-24,2014-10-30T23:59:59-04:00,156220578,dei:EntityCommonStockSharesOutstanding,10-Q,0001104659-14-075263,2014-10-30,108,A,https://data.sec.gov/api/xbrl/companyconcept/CIK0001124198/dei/EntityCommonStockSharesOutstanding.json#accn=0001104659-14-075263,,,RESOLVED,,1
2581,GNRC,2015-02-09,2015-02-09T15:22:00-05:00,0001474735,2014-11-01,2014-11-07T23:59:59-05:00,68868851,dei:EntityCommonStockSharesOutstanding,10-Q,0001437749-14-020036,2014-11-07,100,A,https://data.sec.gov/api/xbrl/companyconcept/CIK0001474735/dei/EntityCommonStockSharesOutstanding.json#accn=0001437749-14-020036,,,RESOLVED,,1
2582,INWK,2015-02-09,2015-02-09T13:31:00-05:00,0001190710,2014-10-31,2014-11-10T23:59:59-05:00,53884294,sec_cover_page,10-Q,0001144204-14-065945,2014-11-10,101,A,https://www.sec.gov/Archives/edgar/data/1350381/000114420414065945/v392129_10q.htm,,,RESOLVED,,1
2583,JWN,2015-02-09,2015-02-09T13:59:00-05:00,0000072333,2014-11-26,2014-12-02T23:59:59-05:00,190245098,dei:EntityCommonStockSharesOutstanding,10-Q,0000072333-14-000158,2014-12-02,75,A,https://data.sec.gov/api/xbrl/companyconcept/CIK0000072333/dei/EntityCommonStockSharesOutstanding.json#accn=0000072333-14-000158,,,RESOLVED,,1
2584,KOPN,2015-02-09,2015-02-09T14:28:00-05:00,0000771266,2014-10-31,2014-11-06T23:59:59-05:00,65907855,dei:EntityCommonStockSharesOutstanding,10-Q,0000771266-14-000016,2014-11-06,101,A,https://data.sec.gov/api/xbrl/companyconcept/CIK0000771266/dei/EntityCommonStockSharesOutstanding.json#accn=0000771266-14-000016,,,RESOLVED,,1
2585,MIC,2015-02-09,2015-02-09T15:28:00-05:00,0001289790,2014-10-28,2014-10-29T23:59:59-04:00,70949977,dei:EntityCommonStockSharesOutstanding,10-Q,0001144204-14-063634,2014-10-29,104,A,https://data.sec.gov/api/xbrl/companyconcept/CIK0001289790/dei/EntityCommonStockSharesOutstanding.json#accn=0001144204-14-063634,,,RESOLVED,,1
2586,PAY,2015-02-09,2015-02-09T14:41:00-05:00,0001312073,2014-11-30,2014-12-17T23:59:59-05:00,113344841,dei:EntityCommonStockSharesOutstanding,10-K,0001312073-14-000045,2014-12-17,71,A,https://data.sec.gov/api/xbrl/companyconcept/CIK0001312073/dei/EntityCommonStockSharesOutstanding.json#accn=0001312073-14-000045,,,RESOLVED,,1
2587,PLL,2015-02-09,2015-02-09T14:33:00-05:00,0000075829,2014-11-25,2014-12-02T23:59:59-05:00,106534159,dei:EntityCommonStockSharesOutstanding,10-Q,0000075829-14-000031,2014-12-02,76,A,https://data.sec.gov/api/xbrl/companyconcept/CIK0000075829/dei/EntityCommonStockSharesOutstanding.json#accn=0000075829-14-000031,,,RESOLVED,,1
2588,PNRA,2015-02-09,2015-02-09T14:28:00-05:00,0000724606,2014-10-28,2014-10-30T23:59:59-04:00,26969472,sec_cover_page,10-Q,0000724606-14-000036,2014-10-30,104,A,https://www.sec.gov/Archives/edgar/data/724606/000072460614000036/a2014093010q.htm,,,RESOLVED,,1
2589,QLIK,2015-02-09,2015-02-09T15:09:00-05:00,0001305294,2014-10-27,2014-10-31T23:59:59-04:00,90312552,dei:EntityCommonStockSharesOutstanding,10-Q,0001193125-14-392023,2014-10-31,105,A,https://data.sec.gov/api/xbrl/companyconcept/CIK0001305294/dei/EntityCommonStockSharesOutstanding.json#accn=0001193125-14-392023,,,RESOLVED,,1
2590,ROG,2015-02-09,2015-02-09T15:14:00-05:00,0000084748,2014-10-17,2014-10-28T23:59:59-04:00,18288124,sec_cover_page,10-Q,0000084748-14-000012,2014-10-28,115,A,https://www.sec.gov/Archives/edgar/data/84748/000008474814000012/rog-2014930x10q.htm,,,RESOLVED,,1
2591,THC,2015-02-09,2015-02-09T15:27:00-05:00,0000070318,2014-10-31,2014-11-03T23:59:59-05:00,98280152,dei:EntityCommonStockSharesOutstanding,10-Q,0001558370-14-000270,2014-11-03,101,A,https://data.sec.gov/api/xbrl/companyconcept/CIK0000070318/dei/EntityCommonStockSharesOutstanding.json#accn=0001558370-14-000270,,,RESOLVED,,1
2592,TNGO,2015-02-09,2015-02-09T14:40:00-05:00,0001389217,2014-11-13,2014-11-14T23:59:59-05:00,36651678,dei:EntityCommonStockSharesOutstanding,10-Q,0001493152-14-003781,2014-11-14,88,A,https://data.sec.gov/api/xbrl/companyconcept/CIK0001389217/dei/EntityCommonStockSharesOutstanding.json#accn=0001493152-14-003781,,,RESOLVED,,1
2593,TRAK,2015-02-09,2015-02-09T15:11:00-05:00,0000050471,2014-11-05,2014-11-06T23:59:59-05:00,17176132,dei:EntityCommonStockSharesOutstanding,10-Q,0001415889-14-003352,2014-11-06,96,A,https://data.sec.gov/api/xbrl/companyconcept/CIK0000050471/dei/EntityCommonStockSharesOutstanding.json#accn=0001415889-14-003352,,,RESOLVED,,1
2594,TXRH,2015-02-09,2015-02-09T14:54:00-05:00,0001289460,2014-10-29,2014-11-07T23:59:59-05:00,69393116,dei:EntityCommonStockSharesOutstanding,10-Q,0001104659-14-078176,2014-11-07,103,A,https://data.sec.gov/api/xbrl/companyconcept/CIK0001289460/dei/EntityCommonStockSharesOutstanding.json#accn=0001104659-14-078176,,,RESOLVED,,1
2595,VEEV,2015-02-09,2015-02-09T13:01:00-05:00,0001393052,2014-11-28,2014-12-11T23:59:59-05:00,130594979,sec_cover_page,10-Q,0001564590-14-006187,2014-12-11,73,A,https://www.sec.gov/Archives/edgar/data/1393052/000156459014006187/veev-10q_20141031.htm,,,RESOLVED,,1
2596,WLL,2015-02-09,2015-02-09T15:24:00-05:00,0001255474,2014-10-15,2014-10-30T23:59:59-04:00,119060513,dei:EntityCommonStockSharesOutstanding,10-Q,0001255474-14-000015,2014-10-30,117,A,https://data.sec.gov/api/xbrl/companyconcept/CIK0001255474/dei/EntityCommonStockSharesOutstanding.json#accn=0001255474-14-000015,,,RESOLVED,,1
2597,WMB,2015-02-09,2015-02-09T14:24:00-05:00,0000107263,2014-10-27,2014-10-30T23:59:59-04:00,747462634,dei:EntityCommonStockSharesOutstanding,10-Q,0000107263-14-000018,2014-10-30,105,A,https://data.sec.gov/api/xbrl/companyconcept/CIK0000107263/dei/EntityCommonStockSharesOutstanding.json#accn=0000107263-14-000018,,,RESOLVED,,1
2598,WTS,2015-02-09,2015-02-09T13:49:00-05:00,0000795403,2014-10-31,2014-11-06T23:59:59-05:00,35129832,sec_cover_page,10-Q,0001104659-14-076471,2014-11-06,101,A,https://www.sec.gov/Archives/edgar/data/795403/000110465914076471/a14-19707_110q.htm,,,RESOLVED,,1
2599,ADI,2015-02-10,2015-02-10T13:35:00-05:00,0000006281,2014-11-01,2014-12-10T23:59:59-05:00,311204926,dei:EntityCommonStockSharesOutstanding,10-K,0000006281-14-000039,2014-12-10,101,A,https://data.sec.gov/api/xbrl/companyconcept/CIK0000006281/dei/EntityCommonStockSharesOutstanding.json#accn=0000006281-14-000039,,,RESOLVED,,1
2600,ALNY,2015-02-10,2015-02-10T15:25:00-05:00,0001178670,2014-10-31,2014-11-06T23:59:59-05:00,76931090,dei:EntityCommonStockSharesOutstanding,10-Q,0001193125-14-399866,2014-11-06,102,A,https://data.sec.gov/api/xbrl/companyconcept/CIK0001178670/dei/EntityCommonStockSharesOutstanding.json#accn=0001193125-14-399866,,,RESOLVED,,1
2601,AMSG,2015-02-10,2015-02-10T15:27:00-05:00,0000895930,2014-11-06,2014-11-07T23:59:59-05:00,48124795,dei:EntityCommonStockSharesOutstanding,10-Q,0000895930-14-000055,2014-11-07,96,A,https://data.sec.gov/api/xbrl/companyconcept/CIK0000895930/dei/EntityCommonStockSharesOutstanding.json#accn=0000895930-14-000055,,,RESOLVED,,1
2602,ATRC,2015-02-10,2015-02-10T15:28:00-05:00,0001323885,2014-10-24,2014-10-31T23:59:59-04:00,27471053,dei:EntityCommonStockSharesOutstanding,10-Q,0001193125-14-391364,2014-10-31,109,A,https://data.sec.gov/api/xbrl/companyconcept/CIK0001323885/dei/EntityCommonStockSharesOutstanding.json#accn=0001193125-14-391364,,,RESOLVED,,1
2603,CGNX,2015-02-10,2015-02-10T13:34:00-05:00,,,,,,,,,,,,,,UNRESOLVED,no_pre_window_anchor_within_allowed_staleness,1
2604,CLD,2015-02-10,2015-02-10T15:05:00-05:00,0001441849,2014-10-23,2014-10-30T23:59:59-04:00,61004549,dei:EntityCommonStockSharesOutstanding,10-Q,0001104659-14-074918,2014-10-30,110,A,https://data.sec.gov/api/xbrl/companyconcept/CIK0001441849/dei/EntityCommonStockSharesOutstanding.json#accn=0001104659-14-074918,,,RESOLVED,,1
2605,COLM,2015-02-10,2015-02-10T14:03:00-05:00,0001050797,2014-10-24,2014-11-07T23:59:59-05:00,69686802,dei:EntityCommonStockSharesOutstanding,10-Q,0001050797-14-000009,2014-11-07,109,A,https://data.sec.gov/api/xbrl/companyconcept/CIK0001050797/dei/EntityCommonStockSharesOutstanding.json#accn=0001050797-14-000009,,,RESOLVED,,1
2606,CRL,2015-02-10,2015-02-10T15:25:00-05:00,0001100682,2014-10-16,2014-10-30T23:59:59-04:00,46921688,dei:EntityCommonStockSharesOutstanding,10-Q,0001445305-14-004599,2014-10-30,117,A,https://data.sec.gov/api/xbrl/companyconcept/CIK0001100682/dei/EntityCommonStockSharesOutstanding.json#accn=0001445305-14-004599,,,RESOLVED,,1
2607,DE,2015-02-10,2015-02-10T15:10:00-05:00,0000315189,2014-11-30,2014-12-19T23:59:59-05:00,344295604,dei:EntityCommonStockSharesOutstanding,10-K,0001104659-14-087794,2014-12-19,72,A,https://data.sec.gov/api/xbrl/companyconcept/CIK0000315189/dei/EntityCommonStockSharesOutstanding.json#accn=0001104659-14-087794,,,RESOLVED,,1
2608,DGI,2015-02-10,2015-02-10T15:12:00-05:00,0001208208,2014-10-23,2014-10-30T23:59:59-04:00,75164240,dei:EntityCommonStockSharesOutstanding,10-Q,0001558370-14-000234,2014-10-30,110,A,https://data.sec.gov/api/xbrl/companyconcept/CIK0001208208/dei/EntityCommonStockSharesOutstanding.json#accn=0001558370-14-000234,,,RESOLVED,,1
2609,DXCM,2015-02-10,2015-02-10T15:14:00-05:00,0001093557,2014-11-01,2014-11-06T23:59:59-05:00,76561868,dei:EntityCommonStockSharesOutstanding,10-Q,0001093557-14-000329,2014-11-06,101,A,https://data.sec.gov/api/xbrl/companyconcept/CIK0001093557/dei/EntityCommonStockSharesOutstanding.json#accn=0001093557-14-000329,,,RESOLVED,,1
2610,FLR,2015-02-10,2015-02-10T14:36:00-05:00,0001124198,2014-10-24,2014-10-30T23:59:59-04:00,156220578,dei:EntityCommonStockSharesOutstanding,10-Q,0001104659-14-075263,2014-10-30,109,A,https://data.sec.gov/api/xbrl/companyconcept/CIK0001124198/dei/EntityCommonStockSharesOutstanding.json#accn=0001104659-14-075263,,,RESOLVED,,1
2611,GNRC,2015-02-10,2015-02-10T15:22:00-05:00,0001474735,2014-11-01,2014-11-07T23:59:59-05:00,68868851,dei:EntityCommonStockSharesOutstanding,10-Q,0001437749-14-020036,2014-11-07,101,A,https://data.sec.gov/api/xbrl/companyconcept/CIK0001474735/dei/EntityCommonStockSharesOutstanding.json#accn=0001437749-14-020036,,,RESOLVED,,1
2612,INWK,2015-02-10,2015-02-10T13:31:00-05:00,0001190710,2014-10-31,2014-11-10T23:59:59-05:00,53884294,sec_cover_page,10-Q,0001144204-14-065945,2014-11-10,102,A,https://www.sec.gov/Archives/edgar/data/1350381/000114420414065945/v392129_10q.htm,,,RESOLVED,,1
2613,JWN,2015-02-10,2015-02-10T13:59:00-05:00,0000072333,2014-11-26,2014-12-02T23:59:59-05:00,190245098,dei:EntityCommonStockSharesOutstanding,10-Q,0000072333-14-000158,2014-12-02,76,A,https://data.sec.gov/api/xbrl/companyconcept/CIK0000072333/dei/EntityCommonStockSharesOutstanding.json#accn=0000072333-14-000158,,,RESOLVED,,1
2614,KOPN,2015-02-10,2015-02-10T14:28:00-05:00,0000771266,2014-10-31,2014-11-06T23:59:59-05:00,65907855,dei:EntityCommonStockSharesOutstanding,10-Q,0000771266-14-000016,2014-11-06,102,A,https://data.sec.gov/api/xbrl/companyconcept/CIK0000771266/dei/EntityCommonStockSharesOutstanding.json#accn=0000771266-14-000016,,,RESOLVED,,1
2615,MIC,2015-02-10,2015-02-10T15:28:00-05:00,0001289790,2014-10-28,2014-10-29T23:59:59-04:00,70949977,dei:EntityCommonStockSharesOutstanding,10-Q,0001144204-14-063634,2014-10-29,105,A,https://data.sec.gov/api/xbrl/companyconcept/CIK0001289790/dei/EntityCommonStockSharesOutstanding.json#accn=0001144204-14-063634,,,RESOLVED,,1
2616,PAY,2015-02-10,2015-02-10T14:41:00-05:00,0001312073,2014-11-30,2014-12-17T23:59:59-05:00,113344841,dei:EntityCommonStockSharesOutstanding,10-K,0001312073-14-000045,2014-12-17,72,A,https://data.sec.gov/api/xbrl/companyconcept/CIK0001312073/dei/EntityCommonStockSharesOutstanding.json#accn=0001312073-14-000045,,,RESOLVED,,1
2617,PLL,2015-02-10,2015-02-10T14:33:00-05:00,0000075829,2014-11-25,2014-12-02T23:59:59-05:00,106534159,dei:EntityCommonStockSharesOutstanding,10-Q,0000075829-14-000031,2014-12-02,77,A,https://data.sec.gov/api/xbrl/companyconcept/CIK0000075829/dei/EntityCommonStockSharesOutstanding.json#accn=0000075829-14-000031,,,RESOLVED,,1
2618,PNRA,2015-02-10,2015-02-10T14:28:00-05:00,0000724606,2014-10-28,2014-10-30T23:59:59-04:00,26969472,sec_cover_page,10-Q,0000724606-14-000036,2014-10-30,105,A,https://www.sec.gov/Archives/edgar/data/724606/000072460614000036/a2014093010q.htm,,,RESOLVED,,1
2619,QLIK,2015-02-10,2015-02-10T15:09:00-05:00,0001305294,2014-10-27,2014-10-31T23:59:59-04:00,90312552,dei:EntityCommonStockSharesOutstanding,10-Q,0001193125-14-392023,2014-10-31,106,A,https://data.sec.gov/api/xbrl/companyconcept/CIK0001305294/dei/EntityCommonStockSharesOutstanding.json#accn=0001193125-14-392023,,,RESOLVED,,1
2620,ROG,2015-02-10,2015-02-10T15:14:00-05:00,0000084748,2014-10-17,2014-10-28T23:59:59-04:00,18288124,sec_cover_page,10-Q,0000084748-14-000012,2014-10-28,116,A,https://www.sec.gov/Archives/edgar/data/84748/000008474814000012/rog-2014930x10q.htm,,,RESOLVED,,1
2621,THC,2015-02-10,2015-02-10T15:27:00-05:00,0000070318,2014-10-31,2014-11-03T23:59:59-05:00,98280152,dei:EntityCommonStockSharesOutstanding,10-Q,0001558370-14-000270,2014-11-03,102,A,https://data.sec.gov/api/xbrl/companyconcept/CIK0000070318/dei/EntityCommonStockSharesOutstanding.json#accn=0001558370-14-000270,,,RESOLVED,,1
2622,TNGO,2015-02-10,2015-02-10T14:40:00-05:00,0001389217,2014-11-13,2014-11-14T23:59:59-05:00,36651678,dei:EntityCommonStockSharesOutstanding,10-Q,0001493152-14-003781,2014-11-14,89,A,https://data.sec.gov/api/xbrl/companyconcept/CIK0001389217/dei/EntityCommonStockSharesOutstanding.json#accn=0001493152-14-003781,,,RESOLVED,,1
2623,TRAK,2015-02-10,2015-02-10T15:11:00-05:00,0000050471,2014-11-05,2014-11-06T23:59:59-05:00,17176132,dei:EntityCommonStockSharesOutstanding,10-Q,0001415889-14-003352,2014-11-06,97,A,https://data.sec.gov/api/xbrl/companyconcept/CIK0000050471/dei/EntityCommonStockSharesOutstanding.json#accn=0001415889-14-003352,,,RESOLVED,,1
2624,TXRH,2015-02-10,2015-02-10T14:54:00-05:00,0001289460,2014-10-29,2014-11-07T23:59:59-05:00,69393116,dei:EntityCommonStockSharesOutstanding,10-Q,0001104659-14-078176,2014-11-07,104,A,https://data.sec.gov/api/xbrl/companyconcept/CIK0001289460/dei/EntityCommonStockSharesOutstanding.json#accn=0001104659-14-078176,,,RESOLVED,,1
2625,VEEV,2015-02-10,2015-02-10T13:01:00-05:00,0001393052,2014-11-28,2014-12-11T23:59:59-05:00,130594979,sec_cover_page,10-Q,0001564590-14-006187,2014-12-11,74,A,https://www.sec.gov/Archives/edgar/data/1393052/000156459014006187/veev-10q_20141031.htm,,,RESOLVED,,1
2626,WLL,2015-02-10,2015-02-10T15:24:00-05:00,0001255474,2014-10-15,2014-10-30T23:59:59-04:00,119060513,dei:EntityCommonStockSharesOutstanding,10-Q,0001255474-14-000015,2014-10-30,118,A,https://data.sec.gov/api/xbrl/companyconcept/CIK0001255474/dei/EntityCommonStockSharesOutstanding.json#accn=0001255474-14-000015,,,RESOLVED,,1
2627,WMB,2015-02-10,2015-02-10T14:24:00-05:00,0000107263,2014-10-27,2014-10-30T23:59:59-04:00,747462634,dei:EntityCommonStockSharesOutstanding,10-Q,0000107263-14-000018,2014-10-30,106,A,https://data.sec.gov/api/xbrl/companyconcept/CIK0000107263/dei/EntityCommonStockSharesOutstanding.json#accn=0000107263-14-000018,,,RESOLVED,,1
2628,WTS,2015-02-10,2015-02-10T13:49:00-05:00,0000795403,2014-10-31,2014-11-06T23:59:59-05:00,35129832,sec_cover_page,10-Q,0001104659-14-076471,2014-11-06,102,A,https://www.sec.gov/Archives/edgar/data/795403/000110465914076471/a14-19707_110q.htm,,,RESOLVED,,1
2629,ADI,2015-02-11,2015-02-11T13:35:00-05:00,0000006281,2014-11-01,2014-12-10T23:59:59-05:00,311204926,dei:EntityCommonStockSharesOutstanding,10-K,0000006281-14-000039,2014-12-10,102,A,https://data.sec.gov/api/xbrl/companyconcept/CIK0000006281/dei/EntityCommonStockSharesOutstanding.json#accn=0000006281-14-000039,,,RESOLVED,,1
2630,ALNY,2015-02-11,2015-02-11T15:25:00-05:00,0001178670,2014-10-31,2014-11-06T23:59:59-05:00,76931090,dei:EntityCommonStockSharesOutstanding,10-Q,0001193125-14-399866,2014-11-06,103,A,https://data.sec.gov/api/xbrl/companyconcept/CIK0001178670/dei/EntityCommonStockSharesOutstanding.json#accn=0001193125-14-399866,,,RESOLVED,,1
2631,AMSG,2015-02-11,2015-02-11T15:27:00-05:00,0000895930,2014-11-06,2014-11-07T23:59:59-05:00,48124795,dei:EntityCommonStockSharesOutstanding,10-Q,0000895930-14-000055,2014-11-07,97,A,https://data.sec.gov/api/xbrl/companyconcept/CIK0000895930/dei/EntityCommonStockSharesOutstanding.json#accn=0000895930-14-000055,,,RESOLVED,,1
2632,ATRC,2015-02-11,2015-02-11T15:28:00-05:00,0001323885,2014-10-24,2014-10-31T23:59:59-04:00,27471053,dei:EntityCommonStockSharesOutstanding,10-Q,0001193125-14-391364,2014-10-31,110,A,https://data.sec.gov/api/xbrl/companyconcept/CIK0001323885/dei/EntityCommonStockSharesOutstanding.json#accn=0001193125-14-391364,,,RESOLVED,,1
2633,CGNX,2015-02-11,2015-02-11T13:34:00-05:00,,,,,,,,,,,,,,UNRESOLVED,no_pre_window_anchor_within_allowed_staleness,1
2634,CLD,2015-02-11,2015-02-11T15:05:00-05:00,0001441849,2014-10-23,2014-10-30T23:59:59-04:00,61004549,dei:EntityCommonStockSharesOutstanding,10-Q,0001104659-14-074918,2014-10-30,111,A,https://data.sec.gov/api/xbrl/companyconcept/CIK0001441849/dei/EntityCommonStockSharesOutstanding.json#accn=0001104659-14-074918,,,RESOLVED,,1
2635,COLM,2015-02-11,2015-02-11T14:03:00-05:00,0001050797,2014-10-24,2014-11-07T23:59:59-05:00,69686802,dei:EntityCommonStockSharesOutstanding,10-Q,0001050797-14-000009,2014-11-07,110,A,https://data.sec.gov/api/xbrl/companyconcept/CIK0001050797/dei/EntityCommonStockSharesOutstanding.json#accn=0001050797-14-000009,,,RESOLVED,,1
2636,DE,2015-02-11,2015-02-11T15:10:00-05:00,0000315189,2014-11-30,2014-12-19T23:59:59-05:00,344295604,dei:EntityCommonStockSharesOutstanding,10-K,0001104659-14-087794,2014-12-19,73,A,https://data.sec.gov/api/xbrl/companyconcept/CIK0000315189/dei/EntityCommonStockSharesOutstanding.json#accn=0001104659-14-087794,,,RESOLVED,,1
2637,DGI,2015-02-11,2015-02-11T15:12:00-05:00,0001208208,2014-10-23,2014-10-30T23:59:59-04:00,75164240,dei:EntityCommonStockSharesOutstanding,10-Q,0001558370-14-000234,2014-10-30,111,A,https://data.sec.gov/api/xbrl/companyconcept/CIK0001208208/dei/EntityCommonStockSharesOutstanding.json#accn=0001558370-14-000234,,,RESOLVED,,1
2638,DXCM,2015-02-11,2015-02-11T15:14:00-05:00,0001093557,2014-11-01,2014-11-06T23:59:59-05:00,76561868,dei:EntityCommonStockSharesOutstanding,10-Q,0001093557-14-000329,2014-11-06,102,A,https://data.sec.gov/api/xbrl/companyconcept/CIK0001093557/dei/EntityCommonStockSharesOutstanding.json#accn=0001093557-14-000329,,,RESOLVED,,1
2639,FLR,2015-02-11,2015-02-11T14:36:00-05:00,0001124198,2014-10-24,2014-10-30T23:59:59-04:00,156220578,dei:EntityCommonStockSharesOutstanding,10-Q,0001104659-14-075263,2014-10-30,110,A,https://data.sec.gov/api/xbrl/companyconcept/CIK0001124198/dei/EntityCommonStockSharesOutstanding.json#accn=0001104659-14-075263,,,RESOLVED,,1
2640,INWK,2015-02-11,2015-02-11T13:31:00-05:00,0001190710,2014-10-31,2014-11-10T23:59:59-05:00,53884294,sec_cover_page,10-Q,0001144204-14-065945,2014-11-10,103,A,https://www.sec.gov/Archives/edgar/data/1350381/000114420414065945/v392129_10q.htm,,,RESOLVED,,1
2641,JWN,2015-02-11,2015-02-11T13:59:00-05:00,0000072333,2014-11-26,2014-12-02T23:59:59-05:00,190245098,dei:EntityCommonStockSharesOutstanding,10-Q,0000072333-14-000158,2014-12-02,77,A,https://data.sec.gov/api/xbrl/companyconcept/CIK0000072333/dei/EntityCommonStockSharesOutstanding.json#accn=0000072333-14-000158,,,RESOLVED,,1
2642,KOPN,2015-02-11,2015-02-11T14:28:00-05:00,0000771266,2014-10-31,2014-11-06T23:59:59-05:00,65907855,dei:EntityCommonStockSharesOutstanding,10-Q,0000771266-14-000016,2014-11-06,103,A,https://data.sec.gov/api/xbrl/companyconcept/CIK0000771266/dei/EntityCommonStockSharesOutstanding.json#accn=0000771266-14-000016,,,RESOLVED,,1
2643,MIC,2015-02-11,2015-02-11T15:28:00-05:00,0001289790,2014-10-28,2014-10-29T23:59:59-04:00,70949977,dei:EntityCommonStockSharesOutstanding,10-Q,0001144204-14-063634,2014-10-29,106,A,https://data.sec.gov/api/xbrl/companyconcept/CIK0001289790/dei/EntityCommonStockSharesOutstanding.json#accn=0001144204-14-063634,,,RESOLVED,,1
2644,PAY,2015-02-11,2015-02-11T14:41:00-05:00,0001312073,2014-11-30,2014-12-17T23:59:59-05:00,113344841,dei:EntityCommonStockSharesOutstanding,10-K,0001312073-14-000045,2014-12-17,73,A,https://data.sec.gov/api/xbrl/companyconcept/CIK0001312073/dei/EntityCommonStockSharesOutstanding.json#accn=0001312073-14-000045,,,RESOLVED,,1
2645,PLL,2015-02-11,2015-02-11T14:33:00-05:00,0000075829,2014-11-25,2014-12-02T23:59:59-05:00,106534159,dei:EntityCommonStockSharesOutstanding,10-Q,0000075829-14-000031,2014-12-02,78,A,https://data.sec.gov/api/xbrl/companyconcept/CIK0000075829/dei/EntityCommonStockSharesOutstanding.json#accn=0000075829-14-000031,,,RESOLVED,,1
2646,PNRA,2015-02-11,2015-02-11T14:28:00-05:00,0000724606,2014-10-28,2014-10-30T23:59:59-04:00,26969472,sec_cover_page,10-Q,0000724606-14-000036,2014-10-30,106,A,https://www.sec.gov/Archives/edgar/data/724606/000072460614000036/a2014093010q.htm,,,RESOLVED,,1
2647,QLIK,2015-02-11,2015-02-11T15:09:00-05:00,0001305294,2014-10-27,2014-10-31T23:59:59-04:00,90312552,dei:EntityCommonStockSharesOutstanding,10-Q,0001193125-14-392023,2014-10-31,107,A,https://data.sec.gov/api/xbrl/companyconcept/CIK0001305294/dei/EntityCommonStockSharesOutstanding.json#accn=0001193125-14-392023,,,RESOLVED,,1
2648,ROG,2015-02-11,2015-02-11T15:14:00-05:00,0000084748,2014-10-17,2014-10-28T23:59:59-04:00,18288124,sec_cover_page,10-Q,0000084748-14-000012,2014-10-28,117,A,https://www.sec.gov/Archives/edgar/data/84748/000008474814000012/rog-2014930x10q.htm,,,RESOLVED,,1
2649,THC,2015-02-11,2015-02-11T15:27:00-05:00,0000070318,2014-10-31,2014-11-03T23:59:59-05:00,98280152,dei:EntityCommonStockSharesOutstanding,10-Q,0001558370-14-000270,2014-11-03,103,A,https://data.sec.gov/api/xbrl/companyconcept/CIK0000070318/dei/EntityCommonStockSharesOutstanding.json#accn=0001558370-14-000270,,,RESOLVED,,1
2650,TNGO,2015-02-11,2015-02-11T14:40:00-05:00,0001389217,2014-11-13,2014-11-14T23:59:59-05:00,36651678,dei:EntityCommonStockSharesOutstanding,10-Q,0001493152-14-003781,2014-11-14,90,A,https://data.sec.gov/api/xbrl/companyconcept/CIK0001389217/dei/EntityCommonStockSharesOutstanding.json#accn=0001493152-14-003781,,,RESOLVED,,1
2651,TRAK,2015-02-11,2015-02-11T15:11:00-05:00,0000050471,2014-11-05,2014-11-06T23:59:59-05:00,17176132,dei:EntityCommonStockSharesOutstanding,10-Q,0001415889-14-003352,2014-11-06,98,A,https://data.sec.gov/api/xbrl/companyconcept/CIK0000050471/dei/EntityCommonStockSharesOutstanding.json#accn=0001415889-14-003352,,,RESOLVED,,1
2652,TXRH,2015-02-11,2015-02-11T14:54:00-05:00,0001289460,2014-10-29,2014-11-07T23:59:59-05:00,69393116,dei:EntityCommonStockSharesOutstanding,10-Q,0001104659-14-078176,2014-11-07,105,A,https://data.sec.gov/api/xbrl/companyconcept/CIK0001289460/dei/EntityCommonStockSharesOutstanding.json#accn=0001104659-14-078176,,,RESOLVED,,1
2653,VEEV,2015-02-11,2015-02-11T13:01:00-05:00,0001393052,2014-11-28,2014-12-11T23:59:59-05:00,130594979,sec_cover_page,10-Q,0001564590-14-006187,2014-12-11,75,A,https://www.sec.gov/Archives/edgar/data/1393052/000156459014006187/veev-10q_20141031.htm,,,RESOLVED,,1
2654,WLL,2015-02-11,2015-02-11T15:24:00-05:00,0001255474,2014-10-15,2014-10-30T23:59:59-04:00,119060513,dei:EntityCommonStockSharesOutstanding,10-Q,0001255474-14-000015,2014-10-30,119,A,https://data.sec.gov/api/xbrl/companyconcept/CIK0001255474/dei/EntityCommonStockSharesOutstanding.json#accn=0001255474-14-000015,,,RESOLVED,,1
2655,WMB,2015-02-11,2015-02-11T14:24:00-05:00,0000107263,2014-10-27,2014-10-30T23:59:59-04:00,747462634,dei:EntityCommonStockSharesOutstanding,10-Q,0000107263-14-000018,2014-10-30,107,A,https://data.sec.gov/api/xbrl/companyconcept/CIK0000107263/dei/EntityCommonStockSharesOutstanding.json#accn=0000107263-14-000018,,,RESOLVED,,1
2656,WTS,2015-02-11,2015-02-11T13:49:00-05:00,0000795403,2014-10-31,2014-11-06T23:59:59-05:00,35129832,sec_cover_page,10-Q,0001104659-14-076471,2014-11-06,103,A,https://www.sec.gov/Archives/edgar/data/795403/000110465914076471/a14-19707_110q.htm,,,RESOLVED,,1
2657,ADI,2015-02-12,2015-02-12T13:35:00-05:00,0000006281,2014-11-01,2014-12-10T23:59:59-05:00,311204926,dei:EntityCommonStockSharesOutstanding,10-K,0000006281-14-000039,2014-12-10,103,A,https://data.sec.gov/api/xbrl/companyconcept/CIK0000006281/dei/EntityCommonStockSharesOutstanding.json#accn=0000006281-14-000039,,,RESOLVED,,1
2658,ALNY,2015-02-12,2015-02-12T15:25:00-05:00,0001178670,2014-10-31,2014-11-06T23:59:59-05:00,76931090,dei:EntityCommonStockSharesOutstanding,10-Q,0001193125-14-399866,2014-11-06,104,A,https://data.sec.gov/api/xbrl/companyconcept/CIK0001178670/dei/EntityCommonStockSharesOutstanding.json#accn=0001193125-14-399866,,,RESOLVED,,1
2659,AMSG,2015-02-12,2015-02-12T15:27:00-05:00,0000895930,2014-11-06,2014-11-07T23:59:59-05:00,48124795,dei:EntityCommonStockSharesOutstanding,10-Q,0000895930-14-000055,2014-11-07,98,A,https://data.sec.gov/api/xbrl/companyconcept/CIK0000895930/dei/EntityCommonStockSharesOutstanding.json#accn=0000895930-14-000055,,,RESOLVED,,1
2660,ATRC,2015-02-12,2015-02-12T15:28:00-05:00,0001323885,2014-10-24,2014-10-31T23:59:59-04:00,27471053,dei:EntityCommonStockSharesOutstanding,10-Q,0001193125-14-391364,2014-10-31,111,A,https://data.sec.gov/api/xbrl/companyconcept/CIK0001323885/dei/EntityCommonStockSharesOutstanding.json#accn=0001193125-14-391364,,,RESOLVED,,1
2661,CGNX,2015-02-12,2015-02-12T13:34:00-05:00,,,,,,,,,,,,,,UNRESOLVED,no_pre_window_anchor_within_allowed_staleness,1
2662,CLD,2015-02-12,2015-02-12T15:05:00-05:00,0001441849,2014-10-23,2014-10-30T23:59:59-04:00,61004549,dei:EntityCommonStockSharesOutstanding,10-Q,0001104659-14-074918,2014-10-30,112,A,https://data.sec.gov/api/xbrl/companyconcept/CIK0001441849/dei/EntityCommonStockSharesOutstanding.json#accn=0001104659-14-074918,,,RESOLVED,,1
2663,COLM,2015-02-12,2015-02-12T14:03:00-05:00,0001050797,2014-10-24,2014-11-07T23:59:59-05:00,69686802,dei:EntityCommonStockSharesOutstanding,10-Q,0001050797-14-000009,2014-11-07,111,A,https://data.sec.gov/api/xbrl/companyconcept/CIK0001050797/dei/EntityCommonStockSharesOutstanding.json#accn=0001050797-14-000009,,,RESOLVED,,1
2664,DE,2015-02-12,2015-02-12T15:10:00-05:00,0000315189,2014-11-30,2014-12-19T23:59:59-05:00,344295604,dei:EntityCommonStockSharesOutstanding,10-K,0001104659-14-087794,2014-12-19,74,A,https://data.sec.gov/api/xbrl/companyconcept/CIK0000315189/dei/EntityCommonStockSharesOutstanding.json#accn=0001104659-14-087794,,,RESOLVED,,1
2665,DGI,2015-02-12,2015-02-12T15:12:00-05:00,0001208208,2014-10-23,2014-10-30T23:59:59-04:00,75164240,dei:EntityCommonStockSharesOutstanding,10-Q,0001558370-14-000234,2014-10-30,112,A,https://data.sec.gov/api/xbrl/companyconcept/CIK0001208208/dei/EntityCommonStockSharesOutstanding.json#accn=0001558370-14-000234,,,RESOLVED,,1
2666,DXCM,2015-02-12,2015-02-12T15:14:00-05:00,0001093557,2014-11-01,2014-11-06T23:59:59-05:00,76561868,dei:EntityCommonStockSharesOutstanding,10-Q,0001093557-14-000329,2014-11-06,103,A,https://data.sec.gov/api/xbrl/companyconcept/CIK0001093557/dei/EntityCommonStockSharesOutstanding.json#accn=0001093557-14-000329,,,RESOLVED,,1
2667,FLR,2015-02-12,2015-02-12T14:36:00-05:00,0001124198,2014-10-24,2014-10-30T23:59:59-04:00,156220578,dei:EntityCommonStockSharesOutstanding,10-Q,0001104659-14-075263,2014-10-30,111,A,https://data.sec.gov/api/xbrl/companyconcept/CIK0001124198/dei/EntityCommonStockSharesOutstanding.json#accn=0001104659-14-075263,,,RESOLVED,,1
2668,INWK,2015-02-12,2015-02-12T13:31:00-05:00,0001190710,2014-10-31,2014-11-10T23:59:59-05:00,53884294,sec_cover_page,10-Q,0001144204-14-065945,2014-11-10,104,A,https://www.sec.gov/Archives/edgar/data/1350381/000114420414065945/v392129_10q.htm,,,RESOLVED,,1
2669,JWN,2015-02-12,2015-02-12T13:59:00-05:00,0000072333,2014-11-26,2014-12-02T23:59:59-05:00,190245098,dei:EntityCommonStockSharesOutstanding,10-Q,0000072333-14-000158,2014-12-02,78,A,https://data.sec.gov/api/xbrl/companyconcept/CIK0000072333/dei/EntityCommonStockSharesOutstanding.json#accn=0000072333-14-000158,,,RESOLVED,,1
2670,KOPN,2015-02-12,2015-02-12T14:28:00-05:00,0000771266,2014-10-31,2014-11-06T23:59:59-05:00,65907855,dei:EntityCommonStockSharesOutstanding,10-Q,0000771266-14-000016,2014-11-06,104,A,https://data.sec.gov/api/xbrl/companyconcept/CIK0000771266/dei/EntityCommonStockSharesOutstanding.json#accn=0000771266-14-000016,,,RESOLVED,,1
2671,MIC,2015-02-12,2015-02-12T15:28:00-05:00,0001289790,2014-10-28,2014-10-29T23:59:59-04:00,70949977,dei:EntityCommonStockSharesOutstanding,10-Q,0001144204-14-063634,2014-10-29,107,A,https://data.sec.gov/api/xbrl/companyconcept/CIK0001289790/dei/EntityCommonStockSharesOutstanding.json#accn=0001144204-14-063634,,,RESOLVED,,1
2672,PAY,2015-02-12,2015-02-12T14:41:00-05:00,0001312073,2014-11-30,2014-12-17T23:59:59-05:00,113344841,dei:EntityCommonStockSharesOutstanding,10-K,0001312073-14-000045,2014-12-17,74,A,https://data.sec.gov/api/xbrl/companyconcept/CIK0001312073/dei/EntityCommonStockSharesOutstanding.json#accn=0001312073-14-000045,,,RESOLVED,,1
2673,PLL,2015-02-12,2015-02-12T14:33:00-05:00,0000075829,2014-11-25,2014-12-02T23:59:59-05:00,106534159,dei:EntityCommonStockSharesOutstanding,10-Q,0000075829-14-000031,2014-12-02,79,A,https://data.sec.gov/api/xbrl/companyconcept/CIK0000075829/dei/EntityCommonStockSharesOutstanding.json#accn=0000075829-14-000031,,,RESOLVED,,1
2674,QLIK,2015-02-12,2015-02-12T15:09:00-05:00,0001305294,2014-10-27,2014-10-31T23:59:59-04:00,90312552,dei:EntityCommonStockSharesOutstanding,10-Q,0001193125-14-392023,2014-10-31,108,A,https://data.sec.gov/api/xbrl/companyconcept/CIK0001305294/dei/EntityCommonStockSharesOutstanding.json#accn=0001193125-14-392023,,,RESOLVED,,1
2675,ROG,2015-02-12,2015-02-12T15:14:00-05:00,0000084748,2014-10-17,2014-10-28T23:59:59-04:00,18288124,sec_cover_page,10-Q,0000084748-14-000012,2014-10-28,118,A,https://www.sec.gov/Archives/edgar/data/84748/000008474814000012/rog-2014930x10q.htm,,,RESOLVED,,1
2676,THC,2015-02-12,2015-02-12T15:27:00-05:00,0000070318,2014-10-31,2014-11-03T23:59:59-05:00,98280152,dei:EntityCommonStockSharesOutstanding,10-Q,0001558370-14-000270,2014-11-03,104,A,https://data.sec.gov/api/xbrl/companyconcept/CIK0000070318/dei/EntityCommonStockSharesOutstanding.json#accn=0001558370-14-000270,,,RESOLVED,,1
2677,TNGO,2015-02-12,2015-02-12T14:40:00-05:00,0001389217,2014-11-13,2014-11-14T23:59:59-05:00,36651678,dei:EntityCommonStockSharesOutstanding,10-Q,0001493152-14-003781,2014-11-14,91,A,https://data.sec.gov/api/xbrl/companyconcept/CIK0001389217/dei/EntityCommonStockSharesOutstanding.json#accn=0001493152-14-003781,,,RESOLVED,,1
2678,TRAK,2015-02-12,2015-02-12T15:11:00-05:00,0000050471,2014-11-05,2014-11-06T23:59:59-05:00,17176132,dei:EntityCommonStockSharesOutstanding,10-Q,0001415889-14-003352,2014-11-06,99,A,https://data.sec.gov/api/xbrl/companyconcept/CIK0000050471/dei/EntityCommonStockSharesOutstanding.json#accn=0001415889-14-003352,,,RESOLVED,,1
2679,TXRH,2015-02-12,2015-02-12T14:54:00-05:00,0001289460,2014-10-29,2014-11-07T23:59:59-05:00,69393116,dei:EntityCommonStockSharesOutstanding,10-Q,0001104659-14-078176,2014-11-07,106,A,https://data.sec.gov/api/xbrl/companyconcept/CIK0001289460/dei/EntityCommonStockSharesOutstanding.json#accn=0001104659-14-078176,,,RESOLVED,,1
2680,VEEV,2015-02-12,2015-02-12T13:01:00-05:00,0001393052,2014-11-28,2014-12-11T23:59:59-05:00,130594979,sec_cover_page,10-Q,0001564590-14-006187,2014-12-11,76,A,https://www.sec.gov/Archives/edgar/data/1393052/000156459014006187/veev-10q_20141031.htm,,,RESOLVED,,1
2681,WLL,2015-02-12,2015-02-12T15:24:00-05:00,0001255474,2014-10-15,2014-10-30T23:59:59-04:00,119060513,dei:EntityCommonStockSharesOutstanding,10-Q,0001255474-14-000015,2014-10-30,120,A,https://data.sec.gov/api/xbrl/companyconcept/CIK0001255474/dei/EntityCommonStockSharesOutstanding.json#accn=0001255474-14-000015,,,RESOLVED,,1
2682,WMB,2015-02-12,2015-02-12T14:24:00-05:00,0000107263,2014-10-27,2014-10-30T23:59:59-04:00,747462634,dei:EntityCommonStockSharesOutstanding,10-Q,0000107263-14-000018,2014-10-30,108,A,https://data.sec.gov/api/xbrl/companyconcept/CIK0000107263/dei/EntityCommonStockSharesOutstanding.json#accn=0000107263-14-000018,,,RESOLVED,,1
2683,WTS,2015-02-12,2015-02-12T13:49:00-05:00,0000795403,2014-10-31,2014-11-06T23:59:59-05:00,35129832,sec_cover_page,10-Q,0001104659-14-076471,2014-11-06,104,A,https://www.sec.gov/Archives/edgar/data/795403/000110465914076471/a14-19707_110q.htm,,,RESOLVED,,1
2684,ADI,2015-02-13,2015-02-13T13:35:00-05:00,0000006281,2014-11-01,2014-12-10T23:59:59-05:00,311204926,dei:EntityCommonStockSharesOutstanding,10-K,0000006281-14-000039,2014-12-10,104,A,https://data.sec.gov/api/xbrl/companyconcept/CIK0000006281/dei/EntityCommonStockSharesOutstanding.json#accn=0000006281-14-000039,,,RESOLVED,,1
2685,AMSG,2015-02-13,2015-02-13T15:27:00-05:00,0000895930,2014-11-06,2014-11-07T23:59:59-05:00,48124795,dei:EntityCommonStockSharesOutstanding,10-Q,0000895930-14-000055,2014-11-07,99,A,https://data.sec.gov/api/xbrl/companyconcept/CIK0000895930/dei/EntityCommonStockSharesOutstanding.json#accn=0000895930-14-000055,,,RESOLVED,,1
2686,ATRC,2015-02-13,2015-02-13T15:28:00-05:00,0001323885,2014-10-24,2014-10-31T23:59:59-04:00,27471053,dei:EntityCommonStockSharesOutstanding,10-Q,0001193125-14-391364,2014-10-31,112,A,https://data.sec.gov/api/xbrl/companyconcept/CIK0001323885/dei/EntityCommonStockSharesOutstanding.json#accn=0001193125-14-391364,,,RESOLVED,,1
2687,CLD,2015-02-13,2015-02-13T15:05:00-05:00,0001441849,2014-10-23,2014-10-30T23:59:59-04:00,61004549,dei:EntityCommonStockSharesOutstanding,10-Q,0001104659-14-074918,2014-10-30,113,A,https://data.sec.gov/api/xbrl/companyconcept/CIK0001441849/dei/EntityCommonStockSharesOutstanding.json#accn=0001104659-14-074918,,,RESOLVED,,1
2688,DE,2015-02-13,2015-02-13T15:10:00-05:00,0000315189,2014-11-30,2014-12-19T23:59:59-05:00,344295604,dei:EntityCommonStockSharesOutstanding,10-K,0001104659-14-087794,2014-12-19,75,A,https://data.sec.gov/api/xbrl/companyconcept/CIK0000315189/dei/EntityCommonStockSharesOutstanding.json#accn=0001104659-14-087794,,,RESOLVED,,1
2689,DGI,2015-02-13,2015-02-13T15:12:00-05:00,0001208208,2014-10-23,2014-10-30T23:59:59-04:00,75164240,dei:EntityCommonStockSharesOutstanding,10-Q,0001558370-14-000234,2014-10-30,113,A,https://data.sec.gov/api/xbrl/companyconcept/CIK0001208208/dei/EntityCommonStockSharesOutstanding.json#accn=0001558370-14-000234,,,RESOLVED,,1
2690,DXCM,2015-02-13,2015-02-13T15:14:00-05:00,0001093557,2014-11-01,2014-11-06T23:59:59-05:00,76561868,dei:EntityCommonStockSharesOutstanding,10-Q,0001093557-14-000329,2014-11-06,104,A,https://data.sec.gov/api/xbrl/companyconcept/CIK0001093557/dei/EntityCommonStockSharesOutstanding.json#accn=0001093557-14-000329,,,RESOLVED,,1
2691,FLR,2015-02-13,2015-02-13T14:36:00-05:00,0001124198,2014-10-24,2014-10-30T23:59:59-04:00,156220578,dei:EntityCommonStockSharesOutstanding,10-Q,0001104659-14-075263,2014-10-30,112,A,https://data.sec.gov/api/xbrl/companyconcept/CIK0001124198/dei/EntityCommonStockSharesOutstanding.json#accn=0001104659-14-075263,,,RESOLVED,,1
2692,JWN,2015-02-13,2015-02-13T13:59:00-05:00,0000072333,2014-11-26,2014-12-02T23:59:59-05:00,190245098,dei:EntityCommonStockSharesOutstanding,10-Q,0000072333-14-000158,2014-12-02,79,A,https://data.sec.gov/api/xbrl/companyconcept/CIK0000072333/dei/EntityCommonStockSharesOutstanding.json#accn=0000072333-14-000158,,,RESOLVED,,1
2693,KOPN,2015-02-13,2015-02-13T14:28:00-05:00,0000771266,2014-10-31,2014-11-06T23:59:59-05:00,65907855,dei:EntityCommonStockSharesOutstanding,10-Q,0000771266-14-000016,2014-11-06,105,A,https://data.sec.gov/api/xbrl/companyconcept/CIK0000771266/dei/EntityCommonStockSharesOutstanding.json#accn=0000771266-14-000016,,,RESOLVED,,1
2694,MIC,2015-02-13,2015-02-13T15:28:00-05:00,0001289790,2014-10-28,2014-10-29T23:59:59-04:00,70949977,dei:EntityCommonStockSharesOutstanding,10-Q,0001144204-14-063634,2014-10-29,108,A,https://data.sec.gov/api/xbrl/companyconcept/CIK0001289790/dei/EntityCommonStockSharesOutstanding.json#accn=0001144204-14-063634,,,RESOLVED,,1
2695,PAY,2015-02-13,2015-02-13T14:41:00-05:00,0001312073,2014-11-30,2014-12-17T23:59:59-05:00,113344841,dei:EntityCommonStockSharesOutstanding,10-K,0001312073-14-000045,2014-12-17,75,A,https://data.sec.gov/api/xbrl/companyconcept/CIK0001312073/dei/EntityCommonStockSharesOutstanding.json#accn=0001312073-14-000045,,,RESOLVED,,1
2696,PLL,2015-02-13,2015-02-13T14:33:00-05:00,0000075829,2014-11-25,2014-12-02T23:59:59-05:00,106534159,dei:EntityCommonStockSharesOutstanding,10-Q,0000075829-14-000031,2014-12-02,80,A,https://data.sec.gov/api/xbrl/companyconcept/CIK0000075829/dei/EntityCommonStockSharesOutstanding.json#accn=0000075829-14-000031,,,RESOLVED,,1
2697,ROG,2015-02-13,2015-02-13T15:14:00-05:00,0000084748,2014-10-17,2014-10-28T23:59:59-04:00,18288124,sec_cover_page,10-Q,0000084748-14-000012,2014-10-28,119,A,https://www.sec.gov/Archives/edgar/data/84748/000008474814000012/rog-2014930x10q.htm,,,RESOLVED,,1
2698,THC,2015-02-13,2015-02-13T15:27:00-05:00,0000070318,2014-10-31,2014-11-03T23:59:59-05:00,98280152,dei:EntityCommonStockSharesOutstanding,10-Q,0001558370-14-000270,2014-11-03,105,A,https://data.sec.gov/api/xbrl/companyconcept/CIK0000070318/dei/EntityCommonStockSharesOutstanding.json#accn=0001558370-14-000270,,,RESOLVED,,1
2699,TRAK,2015-02-13,2015-02-13T15:11:00-05:00,0000050471,2014-11-05,2014-11-06T23:59:59-05:00,17176132,dei:EntityCommonStockSharesOutstanding,10-Q,0001415889-14-003352,2014-11-06,100,A,https://data.sec.gov/api/xbrl/companyconcept/CIK0000050471/dei/EntityCommonStockSharesOutstanding.json#accn=0001415889-14-003352,,,RESOLVED,,1
2700,TXRH,2015-02-13,2015-02-13T14:54:00-05:00,0001289460,2014-10-29,2014-11-07T23:59:59-05:00,69393116,dei:EntityCommonStockSharesOutstanding,10-Q,0001104659-14-078176,2014-11-07,107,A,https://data.sec.gov/api/xbrl/companyconcept/CIK0001289460/dei/EntityCommonStockSharesOutstanding.json#accn=0001104659-14-078176,,,RESOLVED,,1
2701,VEEV,2015-02-13,2015-02-13T13:01:00-05:00,0001393052,2014-11-28,2014-12-11T23:59:59-05:00,130594979,sec_cover_page,10-Q,0001564590-14-006187,2014-12-11,77,A,https://www.sec.gov/Archives/edgar/data/1393052/000156459014006187/veev-10q_20141031.htm,,,RESOLVED,,1
2702,WLL,2015-02-13,2015-02-13T15:24:00-05:00,0001255474,2014-10-15,2014-10-30T23:59:59-04:00,119060513,dei:EntityCommonStockSharesOutstanding,10-Q,0001255474-14-000015,2014-10-30,121,A,https://data.sec.gov/api/xbrl/companyconcept/CIK0001255474/dei/EntityCommonStockSharesOutstanding.json#accn=0001255474-14-000015,,,RESOLVED,,1
2703,WMB,2015-02-13,2015-02-13T14:24:00-05:00,0000107263,2014-10-27,2014-10-30T23:59:59-04:00,747462634,dei:EntityCommonStockSharesOutstanding,10-Q,0000107263-14-000018,2014-10-30,109,A,https://data.sec.gov/api/xbrl/companyconcept/CIK0000107263/dei/EntityCommonStockSharesOutstanding.json#accn=0000107263-14-000018,,,RESOLVED,,1
2704,WTS,2015-02-13,2015-02-13T13:49:00-05:00,0000795403,2014-10-31,2014-11-06T23:59:59-05:00,35129832,sec_cover_page,10-Q,0001104659-14-076471,2014-11-06,105,A,https://www.sec.gov/Archives/edgar/data/795403/000110465914076471/a14-19707_110q.htm,,,RESOLVED,,1
2705,ADI,2015-02-17,2015-02-17T13:35:00-05:00,0000006281,2014-11-01,2014-12-10T23:59:59-05:00,311204926,dei:EntityCommonStockSharesOutstanding,10-K,0000006281-14-000039,2014-12-10,108,A,https://data.sec.gov/api/xbrl/companyconcept/CIK0000006281/dei/EntityCommonStockSharesOutstanding.json#accn=0000006281-14-000039,,,RESOLVED,,1
2706,AMSG,2015-02-17,2015-02-17T15:27:00-05:00,0000895930,2014-11-06,2014-11-07T23:59:59-05:00,48124795,dei:EntityCommonStockSharesOutstanding,10-Q,0000895930-14-000055,2014-11-07,103,A,https://data.sec.gov/api/xbrl/companyconcept/CIK0000895930/dei/EntityCommonStockSharesOutstanding.json#accn=0000895930-14-000055,,,RESOLVED,,1
2707,ATRC,2015-02-17,2015-02-17T15:28:00-05:00,0001323885,2014-10-24,2014-10-31T23:59:59-04:00,27471053,dei:EntityCommonStockSharesOutstanding,10-Q,0001193125-14-391364,2014-10-31,116,A,https://data.sec.gov/api/xbrl/companyconcept/CIK0001323885/dei/EntityCommonStockSharesOutstanding.json#accn=0001193125-14-391364,,,RESOLVED,,1
2708,CLD,2015-02-17,2015-02-17T15:05:00-05:00,0001441849,2014-10-23,2014-10-30T23:59:59-04:00,61004549,dei:EntityCommonStockSharesOutstanding,10-Q,0001104659-14-074918,2014-10-30,117,A,https://data.sec.gov/api/xbrl/companyconcept/CIK0001441849/dei/EntityCommonStockSharesOutstanding.json#accn=0001104659-14-074918,,,RESOLVED,,1
2709,DE,2015-02-17,2015-02-17T15:10:00-05:00,0000315189,2014-11-30,2014-12-19T23:59:59-05:00,344295604,dei:EntityCommonStockSharesOutstanding,10-K,0001104659-14-087794,2014-12-19,79,A,https://data.sec.gov/api/xbrl/companyconcept/CIK0000315189/dei/EntityCommonStockSharesOutstanding.json#accn=0001104659-14-087794,,,RESOLVED,,1
2710,DGI,2015-02-17,2015-02-17T15:12:00-05:00,0001208208,2014-10-23,2014-10-30T23:59:59-04:00,75164240,dei:EntityCommonStockSharesOutstanding,10-Q,0001558370-14-000234,2014-10-30,117,A,https://data.sec.gov/api/xbrl/companyconcept/CIK0001208208/dei/EntityCommonStockSharesOutstanding.json#accn=0001558370-14-000234,,,RESOLVED,,1
2711,DXCM,2015-02-17,2015-02-17T15:14:00-05:00,0001093557,2014-11-01,2014-11-06T23:59:59-05:00,76561868,dei:EntityCommonStockSharesOutstanding,10-Q,0001093557-14-000329,2014-11-06,108,A,https://data.sec.gov/api/xbrl/companyconcept/CIK0001093557/dei/EntityCommonStockSharesOutstanding.json#accn=0001093557-14-000329,,,RESOLVED,,1
2712,FLR,2015-02-17,2015-02-17T14:36:00-05:00,0001124198,2014-10-24,2014-10-30T23:59:59-04:00,156220578,dei:EntityCommonStockSharesOutstanding,10-Q,0001104659-14-075263,2014-10-30,116,A,https://data.sec.gov/api/xbrl/companyconcept/CIK0001124198/dei/EntityCommonStockSharesOutstanding.json#accn=0001104659-14-075263,,,RESOLVED,,1
2713,JWN,2015-02-17,2015-02-17T13:59:00-05:00,0000072333,2014-11-26,2014-12-02T23:59:59-05:00,190245098,dei:EntityCommonStockSharesOutstanding,10-Q,0000072333-14-000158,2014-12-02,83,A,https://data.sec.gov/api/xbrl/companyconcept/CIK0000072333/dei/EntityCommonStockSharesOutstanding.json#accn=0000072333-14-000158,,,RESOLVED,,1
2714,KOPN,2015-02-17,2015-02-17T14:28:00-05:00,0000771266,2014-10-31,2014-11-06T23:59:59-05:00,65907855,dei:EntityCommonStockSharesOutstanding,10-Q,0000771266-14-000016,2014-11-06,109,A,https://data.sec.gov/api/xbrl/companyconcept/CIK0000771266/dei/EntityCommonStockSharesOutstanding.json#accn=0000771266-14-000016,,,RESOLVED,,1
2715,MIC,2015-02-17,2015-02-17T15:28:00-05:00,0001289790,2014-10-28,2014-10-29T23:59:59-04:00,70949977,dei:EntityCommonStockSharesOutstanding,10-Q,0001144204-14-063634,2014-10-29,112,A,https://data.sec.gov/api/xbrl/companyconcept/CIK0001289790/dei/EntityCommonStockSharesOutstanding.json#accn=0001144204-14-063634,,,RESOLVED,,1
2716,PAY,2015-02-17,2015-02-17T14:41:00-05:00,0001312073,2014-11-30,2014-12-17T23:59:59-05:00,113344841,dei:EntityCommonStockSharesOutstanding,10-K,0001312073-14-000045,2014-12-17,79,A,https://data.sec.gov/api/xbrl/companyconcept/CIK0001312073/dei/EntityCommonStockSharesOutstanding.json#accn=0001312073-14-000045,,,RESOLVED,,1
2717,PLL,2015-02-17,2015-02-17T14:33:00-05:00,0000075829,2014-11-25,2014-12-02T23:59:59-05:00,106534159,dei:EntityCommonStockSharesOutstanding,10-Q,0000075829-14-000031,2014-12-02,84,A,https://data.sec.gov/api/xbrl/companyconcept/CIK0000075829/dei/EntityCommonStockSharesOutstanding.json#accn=0000075829-14-000031,,,RESOLVED,,1
2718,ROG,2015-02-17,2015-02-17T15:14:00-05:00,0000084748,2014-10-17,2014-10-28T23:59:59-04:00,18288124,sec_cover_page,10-Q,0000084748-14-000012,2014-10-28,123,A,https://www.sec.gov/Archives/edgar/data/84748/000008474814000012/rog-2014930x10q.htm,,,RESOLVED,,1
2719,THC,2015-02-17,2015-02-17T15:27:00-05:00,0000070318,2014-10-31,2014-11-03T23:59:59-05:00,98280152,dei:EntityCommonStockSharesOutstanding,10-Q,0001558370-14-000270,2014-11-03,109,A,https://data.sec.gov/api/xbrl/companyconcept/CIK0000070318/dei/EntityCommonStockSharesOutstanding.json#accn=0001558370-14-000270,,,RESOLVED,,1
2720,TRAK,2015-02-17,2015-02-17T15:11:00-05:00,0000050471,2014-11-05,2014-11-06T23:59:59-05:00,17176132,dei:EntityCommonStockSharesOutstanding,10-Q,0001415889-14-003352,2014-11-06,104,A,https://data.sec.gov/api/xbrl/companyconcept/CIK0000050471/dei/EntityCommonStockSharesOutstanding.json#accn=0001415889-14-003352,,,RESOLVED,,1
2721,TXRH,2015-02-17,2015-02-17T14:54:00-05:00,0001289460,2014-10-29,2014-11-07T23:59:59-05:00,69393116,dei:EntityCommonStockSharesOutstanding,10-Q,0001104659-14-078176,2014-11-07,111,A,https://data.sec.gov/api/xbrl/companyconcept/CIK0001289460/dei/EntityCommonStockSharesOutstanding.json#accn=0001104659-14-078176,,,RESOLVED,,1
2722,VEEV,2015-02-17,2015-02-17T13:01:00-05:00,0001393052,2014-11-28,2014-12-11T23:59:59-05:00,130594979,sec_cover_page,10-Q,0001564590-14-006187,2014-12-11,81,A,https://www.sec.gov/Archives/edgar/data/1393052/000156459014006187/veev-10q_20141031.htm,,,RESOLVED,,1
2723,WLL,2015-02-17,2015-02-17T15:24:00-05:00,0001255474,2014-10-15,2014-10-30T23:59:59-04:00,119060513,dei:EntityCommonStockSharesOutstanding,10-Q,0001255474-14-000015,2014-10-30,125,A,https://data.sec.gov/api/xbrl/companyconcept/CIK0001255474/dei/EntityCommonStockSharesOutstanding.json#accn=0001255474-14-000015,,,RESOLVED,,1
2724,WMB,2015-02-17,2015-02-17T14:24:00-05:00,0000107263,2014-10-27,2014-10-30T23:59:59-04:00,747462634,dei:EntityCommonStockSharesOutstanding,10-Q,0000107263-14-000018,2014-10-30,113,A,https://data.sec.gov/api/xbrl/companyconcept/CIK0000107263/dei/EntityCommonStockSharesOutstanding.json#accn=0000107263-14-000018,,,RESOLVED,,1
2725,WTS,2015-02-17,2015-02-17T13:49:00-05:00,0000795403,2014-10-31,2014-11-06T23:59:59-05:00,35129832,sec_cover_page,10-Q,0001104659-14-076471,2014-11-06,109,A,https://www.sec.gov/Archives/edgar/data/795403/000110465914076471/a14-19707_110q.htm,,,RESOLVED,,1
2726,AMSG,2015-02-18,2015-02-18T15:27:00-05:00,0000895930,2014-11-06,2014-11-07T23:59:59-05:00,48124795,dei:EntityCommonStockSharesOutstanding,10-Q,0000895930-14-000055,2014-11-07,104,A,https://data.sec.gov/api/xbrl/companyconcept/CIK0000895930/dei/EntityCommonStockSharesOutstanding.json#accn=0000895930-14-000055,,,RESOLVED,,1
2727,ATRC,2015-02-18,2015-02-18T15:28:00-05:00,0001323885,2014-10-24,2014-10-31T23:59:59-04:00,27471053,dei:EntityCommonStockSharesOutstanding,10-Q,0001193125-14-391364,2014-10-31,117,A,https://data.sec.gov/api/xbrl/companyconcept/CIK0001323885/dei/EntityCommonStockSharesOutstanding.json#accn=0001193125-14-391364,,,RESOLVED,,1
2728,DE,2015-02-18,2015-02-18T15:10:00-05:00,0000315189,2014-11-30,2014-12-19T23:59:59-05:00,344295604,dei:EntityCommonStockSharesOutstanding,10-K,0001104659-14-087794,2014-12-19,80,A,https://data.sec.gov/api/xbrl/companyconcept/CIK0000315189/dei/EntityCommonStockSharesOutstanding.json#accn=0001104659-14-087794,,,RESOLVED,,1
2729,DGI,2015-02-18,2015-02-18T15:12:00-05:00,0001208208,2014-10-23,2014-10-30T23:59:59-04:00,75164240,dei:EntityCommonStockSharesOutstanding,10-Q,0001558370-14-000234,2014-10-30,118,A,https://data.sec.gov/api/xbrl/companyconcept/CIK0001208208/dei/EntityCommonStockSharesOutstanding.json#accn=0001558370-14-000234,,,RESOLVED,,1
2730,DXCM,2015-02-18,2015-02-18T15:14:00-05:00,0001093557,2014-11-01,2014-11-06T23:59:59-05:00,76561868,dei:EntityCommonStockSharesOutstanding,10-Q,0001093557-14-000329,2014-11-06,109,A,https://data.sec.gov/api/xbrl/companyconcept/CIK0001093557/dei/EntityCommonStockSharesOutstanding.json#accn=0001093557-14-000329,,,RESOLVED,,1
2731,JWN,2015-02-18,2015-02-18T13:59:00-05:00,0000072333,2014-11-26,2014-12-02T23:59:59-05:00,190245098,dei:EntityCommonStockSharesOutstanding,10-Q,0000072333-14-000158,2014-12-02,84,A,https://data.sec.gov/api/xbrl/companyconcept/CIK0000072333/dei/EntityCommonStockSharesOutstanding.json#accn=0000072333-14-000158,,,RESOLVED,,1
2732,KOPN,2015-02-18,2015-02-18T14:28:00-05:00,0000771266,2014-10-31,2014-11-06T23:59:59-05:00,65907855,dei:EntityCommonStockSharesOutstanding,10-Q,0000771266-14-000016,2014-11-06,110,A,https://data.sec.gov/api/xbrl/companyconcept/CIK0000771266/dei/EntityCommonStockSharesOutstanding.json#accn=0000771266-14-000016,,,RESOLVED,,1
2733,MFRM,2015-02-18,2015-02-18T15:25:00-05:00,0001419852,2014-11-28,2014-12-03T23:59:59-05:00,35017602,dei:EntityCommonStockSharesOutstanding,10-Q,0001558370-14-000445,2014-12-03,82,A,https://data.sec.gov/api/xbrl/companyconcept/CIK0001419852/dei/EntityCommonStockSharesOutstanding.json#accn=0001558370-14-000445,,,RESOLVED,,1
2734,MIC,2015-02-18,2015-02-18T15:28:00-05:00,0001289790,2014-10-28,2014-10-29T23:59:59-04:00,70949977,dei:EntityCommonStockSharesOutstanding,10-Q,0001144204-14-063634,2014-10-29,113,A,https://data.sec.gov/api/xbrl/companyconcept/CIK0001289790/dei/EntityCommonStockSharesOutstanding.json#accn=0001144204-14-063634,,,RESOLVED,,1
2735,NKE,2015-02-18,2015-02-18T15:28:00-05:00,0000320187,2015-01-02,2015-01-07T23:59:59-05:00,863938522,dei:EntityCommonStockSharesOutstanding,10-Q,0000320187-15-000003,2015-01-07,47,A,https://data.sec.gov/api/xbrl/companyconcept/CIK0000320187/dei/EntityCommonStockSharesOutstanding.json#accn=0000320187-15-000003,,,RESOLVED,,1
2736,PAY,2015-02-18,2015-02-18T14:41:00-05:00,0001312073,2014-11-30,2014-12-17T23:59:59-05:00,113344841,dei:EntityCommonStockSharesOutstanding,10-K,0001312073-14-000045,2014-12-17,80,A,https://data.sec.gov/api/xbrl/companyconcept/CIK0001312073/dei/EntityCommonStockSharesOutstanding.json#accn=0001312073-14-000045,,,RESOLVED,,1
2737,PLL,2015-02-18,2015-02-18T14:33:00-05:00,0000075829,2014-11-25,2014-12-02T23:59:59-05:00,106534159,dei:EntityCommonStockSharesOutstanding,10-Q,0000075829-14-000031,2014-12-02,85,A,https://data.sec.gov/api/xbrl/companyconcept/CIK0000075829/dei/EntityCommonStockSharesOutstanding.json#accn=0000075829-14-000031,,,RESOLVED,,1
2738,THC,2015-02-18,2015-02-18T15:27:00-05:00,0000070318,2014-10-31,2014-11-03T23:59:59-05:00,98280152,dei:EntityCommonStockSharesOutstanding,10-Q,0001558370-14-000270,2014-11-03,110,A,https://data.sec.gov/api/xbrl/companyconcept/CIK0000070318/dei/EntityCommonStockSharesOutstanding.json#accn=0001558370-14-000270,,,RESOLVED,,1
2739,TRAK,2015-02-18,2015-02-18T15:11:00-05:00,0000050471,2014-11-05,2014-11-06T23:59:59-05:00,17176132,dei:EntityCommonStockSharesOutstanding,10-Q,0001415889-14-003352,2014-11-06,105,A,https://data.sec.gov/api/xbrl/companyconcept/CIK0000050471/dei/EntityCommonStockSharesOutstanding.json#accn=0001415889-14-003352,,,RESOLVED,,1
2740,TXRH,2015-02-18,2015-02-18T14:54:00-05:00,0001289460,2014-10-29,2014-11-07T23:59:59-05:00,69393116,dei:EntityCommonStockSharesOutstanding,10-Q,0001104659-14-078176,2014-11-07,112,A,https://data.sec.gov/api/xbrl/companyconcept/CIK0001289460/dei/EntityCommonStockSharesOutstanding.json#accn=0001104659-14-078176,,,RESOLVED,,1
2741,VEEV,2015-02-18,2015-02-18T13:01:00-05:00,0001393052,2014-11-28,2014-12-11T23:59:59-05:00,130594979,sec_cover_page,10-Q,0001564590-14-006187,2014-12-11,82,A,https://www.sec.gov/Archives/edgar/data/1393052/000156459014006187/veev-10q_20141031.htm,,,RESOLVED,,1
2742,WLL,2015-02-18,2015-02-18T15:24:00-05:00,0001255474,2014-10-15,2014-10-30T23:59:59-04:00,119060513,dei:EntityCommonStockSharesOutstanding,10-Q,0001255474-14-000015,2014-10-30,126,A,https://data.sec.gov/api/xbrl/companyconcept/CIK0001255474/dei/EntityCommonStockSharesOutstanding.json#accn=0001255474-14-000015,,,RESOLVED,,1
2743,WMB,2015-02-18,2015-02-18T14:24:00-05:00,0000107263,2014-10-27,2014-10-30T23:59:59-04:00,747462634,dei:EntityCommonStockSharesOutstanding,10-Q,0000107263-14-000018,2014-10-30,114,A,https://data.sec.gov/api/xbrl/companyconcept/CIK0000107263/dei/EntityCommonStockSharesOutstanding.json#accn=0000107263-14-000018,,,RESOLVED,,1
2744,AMSG,2015-02-19,2015-02-19T15:27:00-05:00,0000895930,2014-11-06,2014-11-07T23:59:59-05:00,48124795,dei:EntityCommonStockSharesOutstanding,10-Q,0000895930-14-000055,2014-11-07,105,A,https://data.sec.gov/api/xbrl/companyconcept/CIK0000895930/dei/EntityCommonStockSharesOutstanding.json#accn=0000895930-14-000055,,,RESOLVED,,1
2745,ATRC,2015-02-19,2015-02-19T15:28:00-05:00,0001323885,2014-10-24,2014-10-31T23:59:59-04:00,27471053,dei:EntityCommonStockSharesOutstanding,10-Q,0001193125-14-391364,2014-10-31,118,A,https://data.sec.gov/api/xbrl/companyconcept/CIK0001323885/dei/EntityCommonStockSharesOutstanding.json#accn=0001193125-14-391364,,,RESOLVED,,1
2746,DE,2015-02-19,2015-02-19T15:10:00-05:00,0000315189,2014-11-30,2014-12-19T23:59:59-05:00,344295604,dei:EntityCommonStockSharesOutstanding,10-K,0001104659-14-087794,2014-12-19,81,A,https://data.sec.gov/api/xbrl/companyconcept/CIK0000315189/dei/EntityCommonStockSharesOutstanding.json#accn=0001104659-14-087794,,,RESOLVED,,1
2747,DGI,2015-02-19,2015-02-19T15:12:00-05:00,0001208208,2014-10-23,2014-10-30T23:59:59-04:00,75164240,dei:EntityCommonStockSharesOutstanding,10-Q,0001558370-14-000234,2014-10-30,119,A,https://data.sec.gov/api/xbrl/companyconcept/CIK0001208208/dei/EntityCommonStockSharesOutstanding.json#accn=0001558370-14-000234,,,RESOLVED,,1
2748,DXCM,2015-02-19,2015-02-19T15:14:00-05:00,0001093557,2014-11-01,2014-11-06T23:59:59-05:00,76561868,dei:EntityCommonStockSharesOutstanding,10-Q,0001093557-14-000329,2014-11-06,110,A,https://data.sec.gov/api/xbrl/companyconcept/CIK0001093557/dei/EntityCommonStockSharesOutstanding.json#accn=0001093557-14-000329,,,RESOLVED,,1
2749,JWN,2015-02-19,2015-02-19T13:59:00-05:00,0000072333,2014-11-26,2014-12-02T23:59:59-05:00,190245098,dei:EntityCommonStockSharesOutstanding,10-Q,0000072333-14-000158,2014-12-02,85,A,https://data.sec.gov/api/xbrl/companyconcept/CIK0000072333/dei/EntityCommonStockSharesOutstanding.json#accn=0000072333-14-000158,,,RESOLVED,,1
2750,KOPN,2015-02-19,2015-02-19T14:28:00-05:00,0000771266,2014-10-31,2014-11-06T23:59:59-05:00,65907855,dei:EntityCommonStockSharesOutstanding,10-Q,0000771266-14-000016,2014-11-06,111,A,https://data.sec.gov/api/xbrl/companyconcept/CIK0000771266/dei/EntityCommonStockSharesOutstanding.json#accn=0000771266-14-000016,,,RESOLVED,,1
2751,MFRM,2015-02-19,2015-02-19T15:25:00-05:00,0001419852,2014-11-28,2014-12-03T23:59:59-05:00,35017602,dei:EntityCommonStockSharesOutstanding,10-Q,0001558370-14-000445,2014-12-03,83,A,https://data.sec.gov/api/xbrl/companyconcept/CIK0001419852/dei/EntityCommonStockSharesOutstanding.json#accn=0001558370-14-000445,,,RESOLVED,,1
2752,NKE,2015-02-19,2015-02-19T15:28:00-05:00,0000320187,2015-01-02,2015-01-07T23:59:59-05:00,863938522,dei:EntityCommonStockSharesOutstanding,10-Q,0000320187-15-000003,2015-01-07,48,A,https://data.sec.gov/api/xbrl/companyconcept/CIK0000320187/dei/EntityCommonStockSharesOutstanding.json#accn=0000320187-15-000003,,,RESOLVED,,1
2753,PAY,2015-02-19,2015-02-19T14:41:00-05:00,0001312073,2014-11-30,2014-12-17T23:59:59-05:00,113344841,dei:EntityCommonStockSharesOutstanding,10-K,0001312073-14-000045,2014-12-17,81,A,https://data.sec.gov/api/xbrl/companyconcept/CIK0001312073/dei/EntityCommonStockSharesOutstanding.json#accn=0001312073-14-000045,,,RESOLVED,,1
2754,PLL,2015-02-19,2015-02-19T14:33:00-05:00,0000075829,2014-11-25,2014-12-02T23:59:59-05:00,106534159,dei:EntityCommonStockSharesOutstanding,10-Q,0000075829-14-000031,2014-12-02,86,A,https://data.sec.gov/api/xbrl/companyconcept/CIK0000075829/dei/EntityCommonStockSharesOutstanding.json#accn=0000075829-14-000031,,,RESOLVED,,1
2755,THC,2015-02-19,2015-02-19T15:27:00-05:00,0000070318,2014-10-31,2014-11-03T23:59:59-05:00,98280152,dei:EntityCommonStockSharesOutstanding,10-Q,0001558370-14-000270,2014-11-03,111,A,https://data.sec.gov/api/xbrl/companyconcept/CIK0000070318/dei/EntityCommonStockSharesOutstanding.json#accn=0001558370-14-000270,,,RESOLVED,,1
2756,TRAK,2015-02-19,2015-02-19T15:11:00-05:00,0000050471,2014-11-05,2014-11-06T23:59:59-05:00,17176132,dei:EntityCommonStockSharesOutstanding,10-Q,0001415889-14-003352,2014-11-06,106,A,https://data.sec.gov/api/xbrl/companyconcept/CIK0000050471/dei/EntityCommonStockSharesOutstanding.json#accn=0001415889-14-003352,,,RESOLVED,,1
2757,TXRH,2015-02-19,2015-02-19T14:54:00-05:00,0001289460,2014-10-29,2014-11-07T23:59:59-05:00,69393116,dei:EntityCommonStockSharesOutstanding,10-Q,0001104659-14-078176,2014-11-07,113,A,https://data.sec.gov/api/xbrl/companyconcept/CIK0001289460/dei/EntityCommonStockSharesOutstanding.json#accn=0001104659-14-078176,,,RESOLVED,,1
2758,VEEV,2015-02-19,2015-02-19T13:01:00-05:00,0001393052,2014-11-28,2014-12-11T23:59:59-05:00,130594979,sec_cover_page,10-Q,0001564590-14-006187,2014-12-11,83,A,https://www.sec.gov/Archives/edgar/data/1393052/000156459014006187/veev-10q_20141031.htm,,,RESOLVED,,1
2759,WLL,2015-02-19,2015-02-19T15:24:00-05:00,0001255474,2014-10-15,2014-10-30T23:59:59-04:00,119060513,dei:EntityCommonStockSharesOutstanding,10-Q,0001255474-14-000015,2014-10-30,127,A,https://data.sec.gov/api/xbrl/companyconcept/CIK0001255474/dei/EntityCommonStockSharesOutstanding.json#accn=0001255474-14-000015,,,RESOLVED,,1
2760,AMSG,2015-02-20,2015-02-20T15:27:00-05:00,0000895930,2014-11-06,2014-11-07T23:59:59-05:00,48124795,dei:EntityCommonStockSharesOutstanding,10-Q,0000895930-14-000055,2014-11-07,106,A,https://data.sec.gov/api/xbrl/companyconcept/CIK0000895930/dei/EntityCommonStockSharesOutstanding.json#accn=0000895930-14-000055,,,RESOLVED,,1
2761,ATRC,2015-02-20,2015-02-20T15:28:00-05:00,0001323885,2014-10-24,2014-10-31T23:59:59-04:00,27471053,dei:EntityCommonStockSharesOutstanding,10-Q,0001193125-14-391364,2014-10-31,119,A,https://data.sec.gov/api/xbrl/companyconcept/CIK0001323885/dei/EntityCommonStockSharesOutstanding.json#accn=0001193125-14-391364,,,RESOLVED,,1
2762,DGI,2015-02-20,2015-02-20T15:12:00-05:00,0001208208,2014-10-23,2014-10-30T23:59:59-04:00,75164240,dei:EntityCommonStockSharesOutstanding,10-Q,0001558370-14-000234,2014-10-30,120,A,https://data.sec.gov/api/xbrl/companyconcept/CIK0001208208/dei/EntityCommonStockSharesOutstanding.json#accn=0001558370-14-000234,,,RESOLVED,,1
2763,DXCM,2015-02-20,2015-02-20T15:14:00-05:00,0001093557,2014-11-01,2014-11-06T23:59:59-05:00,76561868,dei:EntityCommonStockSharesOutstanding,10-Q,0001093557-14-000329,2014-11-06,111,A,https://data.sec.gov/api/xbrl/companyconcept/CIK0001093557/dei/EntityCommonStockSharesOutstanding.json#accn=0001093557-14-000329,,,RESOLVED,,1
2764,KOPN,2015-02-20,2015-02-20T14:28:00-05:00,0000771266,2014-10-31,2014-11-06T23:59:59-05:00,65907855,dei:EntityCommonStockSharesOutstanding,10-Q,0000771266-14-000016,2014-11-06,112,A,https://data.sec.gov/api/xbrl/companyconcept/CIK0000771266/dei/EntityCommonStockSharesOutstanding.json#accn=0000771266-14-000016,,,RESOLVED,,1
2765,MFRM,2015-02-20,2015-02-20T15:25:00-05:00,0001419852,2014-11-28,2014-12-03T23:59:59-05:00,35017602,dei:EntityCommonStockSharesOutstanding,10-Q,0001558370-14-000445,2014-12-03,84,A,https://data.sec.gov/api/xbrl/companyconcept/CIK0001419852/dei/EntityCommonStockSharesOutstanding.json#accn=0001558370-14-000445,,,RESOLVED,,1
2766,NKE,2015-02-20,2015-02-20T15:28:00-05:00,0000320187,2015-01-02,2015-01-07T23:59:59-05:00,863938522,dei:EntityCommonStockSharesOutstanding,10-Q,0000320187-15-000003,2015-01-07,49,A,https://data.sec.gov/api/xbrl/companyconcept/CIK0000320187/dei/EntityCommonStockSharesOutstanding.json#accn=0000320187-15-000003,,,RESOLVED,,1
2767,PAY,2015-02-20,2015-02-20T14:41:00-05:00,0001312073,2014-11-30,2014-12-17T23:59:59-05:00,113344841,dei:EntityCommonStockSharesOutstanding,10-K,0001312073-14-000045,2014-12-17,82,A,https://data.sec.gov/api/xbrl/companyconcept/CIK0001312073/dei/EntityCommonStockSharesOutstanding.json#accn=0001312073-14-000045,,,RESOLVED,,1
2768,PLL,2015-02-20,2015-02-20T14:33:00-05:00,0000075829,2014-11-25,2014-12-02T23:59:59-05:00,106534159,dei:EntityCommonStockSharesOutstanding,10-Q,0000075829-14-000031,2014-12-02,87,A,https://data.sec.gov/api/xbrl/companyconcept/CIK0000075829/dei/EntityCommonStockSharesOutstanding.json#accn=0000075829-14-000031,,,RESOLVED,,1
2769,THC,2015-02-20,2015-02-20T15:27:00-05:00,0000070318,2014-10-31,2014-11-03T23:59:59-05:00,98280152,dei:EntityCommonStockSharesOutstanding,10-Q,0001558370-14-000270,2014-11-03,112,A,https://data.sec.gov/api/xbrl/companyconcept/CIK0000070318/dei/EntityCommonStockSharesOutstanding.json#accn=0001558370-14-000270,,,RESOLVED,,1
2770,TRAK,2015-02-20,2015-02-20T15:11:00-05:00,0000050471,2014-11-05,2014-11-06T23:59:59-05:00,17176132,dei:EntityCommonStockSharesOutstanding,10-Q,0001415889-14-003352,2014-11-06,107,A,https://data.sec.gov/api/xbrl/companyconcept/CIK0000050471/dei/EntityCommonStockSharesOutstanding.json#accn=0001415889-14-003352,,,RESOLVED,,1
2771,TXRH,2015-02-20,2015-02-20T14:54:00-05:00,0001289460,2014-10-29,2014-11-07T23:59:59-05:00,69393116,dei:EntityCommonStockSharesOutstanding,10-Q,0001104659-14-078176,2014-11-07,114,A,https://data.sec.gov/api/xbrl/companyconcept/CIK0001289460/dei/EntityCommonStockSharesOutstanding.json#accn=0001104659-14-078176,,,RESOLVED,,1
2772,VEEV,2015-02-20,2015-02-20T13:01:00-05:00,0001393052,2014-11-28,2014-12-11T23:59:59-05:00,130594979,sec_cover_page,10-Q,0001564590-14-006187,2014-12-11,84,A,https://www.sec.gov/Archives/edgar/data/1393052/000156459014006187/veev-10q_20141031.htm,,,RESOLVED,,1
2773,WLL,2015-02-20,2015-02-20T15:24:00-05:00,0001255474,2014-10-15,2014-10-30T23:59:59-04:00,119060513,dei:EntityCommonStockSharesOutstanding,10-Q,0001255474-14-000015,2014-10-30,128,A,https://data.sec.gov/api/xbrl/companyconcept/CIK0001255474/dei/EntityCommonStockSharesOutstanding.json#accn=0001255474-14-000015,,,RESOLVED,,1
2774,AMSG,2015-02-23,2015-02-23T15:27:00-05:00,0000895930,2014-11-06,2014-11-07T23:59:59-05:00,48124795,dei:EntityCommonStockSharesOutstanding,10-Q,0000895930-14-000055,2014-11-07,109,A,https://data.sec.gov/api/xbrl/companyconcept/CIK0000895930/dei/EntityCommonStockSharesOutstanding.json#accn=0000895930-14-000055,,,RESOLVED,,1
2775,ATRC,2015-02-23,2015-02-23T15:28:00-05:00,0001323885,2014-10-24,2014-10-31T23:59:59-04:00,27471053,dei:EntityCommonStockSharesOutstanding,10-Q,0001193125-14-391364,2014-10-31,122,A,https://data.sec.gov/api/xbrl/companyconcept/CIK0001323885/dei/EntityCommonStockSharesOutstanding.json#accn=0001193125-14-391364,,,RESOLVED,,1
2776,DGI,2015-02-23,2015-02-23T15:12:00-05:00,0001208208,2014-10-23,2014-10-30T23:59:59-04:00,75164240,dei:EntityCommonStockSharesOutstanding,10-Q,0001558370-14-000234,2014-10-30,123,A,https://data.sec.gov/api/xbrl/companyconcept/CIK0001208208/dei/EntityCommonStockSharesOutstanding.json#accn=0001558370-14-000234,,,RESOLVED,,1
2777,DXCM,2015-02-23,2015-02-23T15:14:00-05:00,0001093557,2014-11-01,2014-11-06T23:59:59-05:00,76561868,dei:EntityCommonStockSharesOutstanding,10-Q,0001093557-14-000329,2014-11-06,114,A,https://data.sec.gov/api/xbrl/companyconcept/CIK0001093557/dei/EntityCommonStockSharesOutstanding.json#accn=0001093557-14-000329,,,RESOLVED,,1
2778,KOPN,2015-02-23,2015-02-23T14:28:00-05:00,0000771266,2014-10-31,2014-11-06T23:59:59-05:00,65907855,dei:EntityCommonStockSharesOutstanding,10-Q,0000771266-14-000016,2014-11-06,115,A,https://data.sec.gov/api/xbrl/companyconcept/CIK0000771266/dei/EntityCommonStockSharesOutstanding.json#accn=0000771266-14-000016,,,RESOLVED,,1
2779,MFRM,2015-02-23,2015-02-23T15:25:00-05:00,0001419852,2014-11-28,2014-12-03T23:59:59-05:00,35017602,dei:EntityCommonStockSharesOutstanding,10-Q,0001558370-14-000445,2014-12-03,87,A,https://data.sec.gov/api/xbrl/companyconcept/CIK0001419852/dei/EntityCommonStockSharesOutstanding.json#accn=0001558370-14-000445,,,RESOLVED,,1
2780,NKE,2015-02-23,2015-02-23T15:28:00-05:00,0000320187,2015-01-02,2015-01-07T23:59:59-05:00,863938522,dei:EntityCommonStockSharesOutstanding,10-Q,0000320187-15-000003,2015-01-07,52,A,https://data.sec.gov/api/xbrl/companyconcept/CIK0000320187/dei/EntityCommonStockSharesOutstanding.json#accn=0000320187-15-000003,,,RESOLVED,,1
2781,PAY,2015-02-23,2015-02-23T14:41:00-05:00,0001312073,2014-11-30,2014-12-17T23:59:59-05:00,113344841,dei:EntityCommonStockSharesOutstanding,10-K,0001312073-14-000045,2014-12-17,85,A,https://data.sec.gov/api/xbrl/companyconcept/CIK0001312073/dei/EntityCommonStockSharesOutstanding.json#accn=0001312073-14-000045,,,RESOLVED,,1
2782,PLL,2015-02-23,2015-02-23T14:33:00-05:00,0000075829,2014-11-25,2014-12-02T23:59:59-05:00,106534159,dei:EntityCommonStockSharesOutstanding,10-Q,0000075829-14-000031,2014-12-02,90,A,https://data.sec.gov/api/xbrl/companyconcept/CIK0000075829/dei/EntityCommonStockSharesOutstanding.json#accn=0000075829-14-000031,,,RESOLVED,,1
2783,THC,2015-02-23,2015-02-23T15:27:00-05:00,0000070318,2014-10-31,2014-11-03T23:59:59-05:00,98280152,dei:EntityCommonStockSharesOutstanding,10-Q,0001558370-14-000270,2014-11-03,115,A,https://data.sec.gov/api/xbrl/companyconcept/CIK0000070318/dei/EntityCommonStockSharesOutstanding.json#accn=0001558370-14-000270,,,RESOLVED,,1
2784,TRAK,2015-02-23,2015-02-23T15:11:00-05:00,0000050471,2014-11-05,2014-11-06T23:59:59-05:00,17176132,dei:EntityCommonStockSharesOutstanding,10-Q,0001415889-14-003352,2014-11-06,110,A,https://data.sec.gov/api/xbrl/companyconcept/CIK0000050471/dei/EntityCommonStockSharesOutstanding.json#accn=0001415889-14-003352,,,RESOLVED,,1
2785,TXRH,2015-02-23,2015-02-23T14:54:00-05:00,0001289460,2014-10-29,2014-11-07T23:59:59-05:00,69393116,dei:EntityCommonStockSharesOutstanding,10-Q,0001104659-14-078176,2014-11-07,117,A,https://data.sec.gov/api/xbrl/companyconcept/CIK0001289460/dei/EntityCommonStockSharesOutstanding.json#accn=0001104659-14-078176,,,RESOLVED,,1
2786,VEEV,2015-02-23,2015-02-23T13:01:00-05:00,0001393052,2014-11-28,2014-12-11T23:59:59-05:00,130594979,sec_cover_page,10-Q,0001564590-14-006187,2014-12-11,87,A,https://www.sec.gov/Archives/edgar/data/1393052/000156459014006187/veev-10q_20141031.htm,,,RESOLVED,,1
2787,WLL,2015-02-23,2015-02-23T15:24:00-05:00,,,,,,,,,,,,,,UNRESOLVED,no_pre_window_anchor_within_allowed_staleness,1
2788,AMSG,2015-02-24,2015-02-24T15:27:00-05:00,0000895930,2014-11-06,2014-11-07T23:59:59-05:00,48124795,dei:EntityCommonStockSharesOutstanding,10-Q,0000895930-14-000055,2014-11-07,110,A,https://data.sec.gov/api/xbrl/companyconcept/CIK0000895930/dei/EntityCommonStockSharesOutstanding.json#accn=0000895930-14-000055,,,RESOLVED,,1
2789,CAG,2015-02-24,2015-02-24T14:49:00-05:00,0000023217,2014-11-23,2014-12-29T23:59:59-05:00,425916952,dei:EntityCommonStockSharesOutstanding,10-Q,0001445305-14-005699,2014-12-29,93,A,https://data.sec.gov/api/xbrl/companyconcept/CIK0000023217/dei/EntityCommonStockSharesOutstanding.json#accn=0001445305-14-005699,,,RESOLVED,,1
2790,DGI,2015-02-24,2015-02-24T15:12:00-05:00,0001208208,2014-10-23,2014-10-30T23:59:59-04:00,75164240,dei:EntityCommonStockSharesOutstanding,10-Q,0001558370-14-000234,2014-10-30,124,A,https://data.sec.gov/api/xbrl/companyconcept/CIK0001208208/dei/EntityCommonStockSharesOutstanding.json#accn=0001558370-14-000234,,,RESOLVED,,1
2791,DXCM,2015-02-24,2015-02-24T15:14:00-05:00,0001093557,2014-11-01,2014-11-06T23:59:59-05:00,76561868,dei:EntityCommonStockSharesOutstanding,10-Q,0001093557-14-000329,2014-11-06,115,A,https://data.sec.gov/api/xbrl/companyconcept/CIK0001093557/dei/EntityCommonStockSharesOutstanding.json#accn=0001093557-14-000329,,,RESOLVED,,1
2792,KOPN,2015-02-24,2015-02-24T14:28:00-05:00,0000771266,2014-10-31,2014-11-06T23:59:59-05:00,65907855,dei:EntityCommonStockSharesOutstanding,10-Q,0000771266-14-000016,2014-11-06,116,A,https://data.sec.gov/api/xbrl/companyconcept/CIK0000771266/dei/EntityCommonStockSharesOutstanding.json#accn=0000771266-14-000016,,,RESOLVED,,1
2793,MFRM,2015-02-24,2015-02-24T15:25:00-05:00,0001419852,2014-11-28,2014-12-03T23:59:59-05:00,35017602,dei:EntityCommonStockSharesOutstanding,10-Q,0001558370-14-000445,2014-12-03,88,A,https://data.sec.gov/api/xbrl/companyconcept/CIK0001419852/dei/EntityCommonStockSharesOutstanding.json#accn=0001558370-14-000445,,,RESOLVED,,1
2794,NKE,2015-02-24,2015-02-24T15:28:00-05:00,0000320187,2015-01-02,2015-01-07T23:59:59-05:00,863938522,dei:EntityCommonStockSharesOutstanding,10-Q,0000320187-15-000003,2015-01-07,53,A,https://data.sec.gov/api/xbrl/companyconcept/CIK0000320187/dei/EntityCommonStockSharesOutstanding.json#accn=0000320187-15-000003,,,RESOLVED,,1
2795,PAY,2015-02-24,2015-02-24T14:41:00-05:00,0001312073,2014-11-30,2014-12-17T23:59:59-05:00,113344841,dei:EntityCommonStockSharesOutstanding,10-K,0001312073-14-000045,2014-12-17,86,A,https://data.sec.gov/api/xbrl/companyconcept/CIK0001312073/dei/EntityCommonStockSharesOutstanding.json#accn=0001312073-14-000045,,,RESOLVED,,1
2796,PVH,2015-02-24,2015-02-24T14:48:00-05:00,0000078239,2014-12-02,2014-12-11T23:59:59-05:00,82450867,dei:EntityCommonStockSharesOutstanding,10-Q,0000078239-14-000041,2014-12-11,84,A,https://data.sec.gov/api/xbrl/companyconcept/CIK0000078239/dei/EntityCommonStockSharesOutstanding.json#accn=0000078239-14-000041,,,RESOLVED,,1
2797,VEEV,2015-02-24,2015-02-24T13:01:00-05:00,0001393052,2014-11-28,2014-12-11T23:59:59-05:00,130594979,sec_cover_page,10-Q,0001564590-14-006187,2014-12-11,88,A,https://www.sec.gov/Archives/edgar/data/1393052/000156459014006187/veev-10q_20141031.htm,,,RESOLVED,,1
2798,WLL,2015-02-24,2015-02-24T15:24:00-05:00,,,,,,,,,,,,,,UNRESOLVED,no_pre_window_anchor_within_allowed_staleness,1
2799,AMSG,2015-02-25,2015-02-25T15:27:00-05:00,0000895930,2014-11-06,2014-11-07T23:59:59-05:00,48124795,dei:EntityCommonStockSharesOutstanding,10-Q,0000895930-14-000055,2014-11-07,111,A,https://data.sec.gov/api/xbrl/companyconcept/CIK0000895930/dei/EntityCommonStockSharesOutstanding.json#accn=0000895930-14-000055,,,RESOLVED,,1
2800,CAG,2015-02-25,2015-02-25T14:49:00-05:00,0000023217,2014-11-23,2014-12-29T23:59:59-05:00,425916952,dei:EntityCommonStockSharesOutstanding,10-Q,0001445305-14-005699,2014-12-29,94,A,https://data.sec.gov/api/xbrl/companyconcept/CIK0000023217/dei/EntityCommonStockSharesOutstanding.json#accn=0001445305-14-005699,,,RESOLVED,,1
2801,DGI,2015-02-25,2015-02-25T15:12:00-05:00,0001208208,2014-10-23,2014-10-30T23:59:59-04:00,75164240,dei:EntityCommonStockSharesOutstanding,10-Q,0001558370-14-000234,2014-10-30,125,A,https://data.sec.gov/api/xbrl/companyconcept/CIK0001208208/dei/EntityCommonStockSharesOutstanding.json#accn=0001558370-14-000234,,,RESOLVED,,1
2802,DXCM,2015-02-25,2015-02-25T15:14:00-05:00,0001093557,2014-11-01,2014-11-06T23:59:59-05:00,76561868,dei:EntityCommonStockSharesOutstanding,10-Q,0001093557-14-000329,2014-11-06,116,A,https://data.sec.gov/api/xbrl/companyconcept/CIK0001093557/dei/EntityCommonStockSharesOutstanding.json#accn=0001093557-14-000329,,,RESOLVED,,1
2803,GME,2015-02-25,2015-02-25T15:12:00-05:00,0001326380,2014-12-03,2014-12-10T23:59:59-05:00,108515426,dei:EntityCommonStockSharesOutstanding,10-Q,0001326380-14-000007,2014-12-10,84,A,https://data.sec.gov/api/xbrl/companyconcept/CIK0001326380/dei/EntityCommonStockSharesOutstanding.json#accn=0001326380-14-000007,,,RESOLVED,,1
2804,KOPN,2015-02-25,2015-02-25T14:28:00-05:00,0000771266,2014-10-31,2014-11-06T23:59:59-05:00,65907855,dei:EntityCommonStockSharesOutstanding,10-Q,0000771266-14-000016,2014-11-06,117,A,https://data.sec.gov/api/xbrl/companyconcept/CIK0000771266/dei/EntityCommonStockSharesOutstanding.json#accn=0000771266-14-000016,,,RESOLVED,,1
2805,MFRM,2015-02-25,2015-02-25T15:25:00-05:00,0001419852,2014-11-28,2014-12-03T23:59:59-05:00,35017602,dei:EntityCommonStockSharesOutstanding,10-Q,0001558370-14-000445,2014-12-03,89,A,https://data.sec.gov/api/xbrl/companyconcept/CIK0001419852/dei/EntityCommonStockSharesOutstanding.json#accn=0001558370-14-000445,,,RESOLVED,,1
2806,NKE,2015-02-25,2015-02-25T15:28:00-05:00,0000320187,2015-01-02,2015-01-07T23:59:59-05:00,863938522,dei:EntityCommonStockSharesOutstanding,10-Q,0000320187-15-000003,2015-01-07,54,A,https://data.sec.gov/api/xbrl/companyconcept/CIK0000320187/dei/EntityCommonStockSharesOutstanding.json#accn=0000320187-15-000003,,,RESOLVED,,1
2807,PAY,2015-02-25,2015-02-25T14:41:00-05:00,0001312073,2014-11-30,2014-12-17T23:59:59-05:00,113344841,dei:EntityCommonStockSharesOutstanding,10-K,0001312073-14-000045,2014-12-17,87,A,https://data.sec.gov/api/xbrl/companyconcept/CIK0001312073/dei/EntityCommonStockSharesOutstanding.json#accn=0001312073-14-000045,,,RESOLVED,,1
2808,PVH,2015-02-25,2015-02-25T14:48:00-05:00,0000078239,2014-12-02,2014-12-11T23:59:59-05:00,82450867,dei:EntityCommonStockSharesOutstanding,10-Q,0000078239-14-000041,2014-12-11,85,A,https://data.sec.gov/api/xbrl/companyconcept/CIK0000078239/dei/EntityCommonStockSharesOutstanding.json#accn=0000078239-14-000041,,,RESOLVED,,1
2809,RH,2015-02-25,2015-02-25T15:11:00-05:00,0001528849,2014-12-05,2014-12-11T23:59:59-05:00,39577121,dei:EntityCommonStockSharesOutstanding,10-Q,0001193125-14-440126,2014-12-11,82,A,https://data.sec.gov/api/xbrl/companyconcept/CIK0001528849/dei/EntityCommonStockSharesOutstanding.json#accn=0001193125-14-440126,,,RESOLVED,,1
2810,VEEV,2015-02-25,2015-02-25T13:01:00-05:00,0001393052,2014-11-28,2014-12-11T23:59:59-05:00,130594979,sec_cover_page,10-Q,0001564590-14-006187,2014-12-11,89,A,https://www.sec.gov/Archives/edgar/data/1393052/000156459014006187/veev-10q_20141031.htm,,,RESOLVED,,1
2811,WLL,2015-02-25,2015-02-25T15:24:00-05:00,,,,,,,,,,,,,,UNRESOLVED,no_pre_window_anchor_within_allowed_staleness,1
2812,CAG,2015-02-26,2015-02-26T14:49:00-05:00,0000023217,2014-11-23,2014-12-29T23:59:59-05:00,425916952,dei:EntityCommonStockSharesOutstanding,10-Q,0001445305-14-005699,2014-12-29,95,A,https://data.sec.gov/api/xbrl/companyconcept/CIK0000023217/dei/EntityCommonStockSharesOutstanding.json#accn=0001445305-14-005699,,,RESOLVED,,1
2813,DGI,2015-02-26,2015-02-26T15:12:00-05:00,0001208208,2014-10-23,2014-10-30T23:59:59-04:00,75164240,dei:EntityCommonStockSharesOutstanding,10-Q,0001558370-14-000234,2014-10-30,126,A,https://data.sec.gov/api/xbrl/companyconcept/CIK0001208208/dei/EntityCommonStockSharesOutstanding.json#accn=0001558370-14-000234,,,RESOLVED,,1
2814,GME,2015-02-26,2015-02-26T15:12:00-05:00,0001326380,2014-12-03,2014-12-10T23:59:59-05:00,108515426,dei:EntityCommonStockSharesOutstanding,10-Q,0001326380-14-000007,2014-12-10,85,A,https://data.sec.gov/api/xbrl/companyconcept/CIK0001326380/dei/EntityCommonStockSharesOutstanding.json#accn=0001326380-14-000007,,,RESOLVED,,1
2815,KOPN,2015-02-26,2015-02-26T14:28:00-05:00,0000771266,2014-10-31,2014-11-06T23:59:59-05:00,65907855,dei:EntityCommonStockSharesOutstanding,10-Q,0000771266-14-000016,2014-11-06,118,A,https://data.sec.gov/api/xbrl/companyconcept/CIK0000771266/dei/EntityCommonStockSharesOutstanding.json#accn=0000771266-14-000016,,,RESOLVED,,1
2816,MFRM,2015-02-26,2015-02-26T15:25:00-05:00,0001419852,2014-11-28,2014-12-03T23:59:59-05:00,35017602,dei:EntityCommonStockSharesOutstanding,10-Q,0001558370-14-000445,2014-12-03,90,A,https://data.sec.gov/api/xbrl/companyconcept/CIK0001419852/dei/EntityCommonStockSharesOutstanding.json#accn=0001558370-14-000445,,,RESOLVED,,1
2817,NKE,2015-02-26,2015-02-26T15:28:00-05:00,0000320187,2015-01-02,2015-01-07T23:59:59-05:00,863938522,dei:EntityCommonStockSharesOutstanding,10-Q,0000320187-15-000003,2015-01-07,55,A,https://data.sec.gov/api/xbrl/companyconcept/CIK0000320187/dei/EntityCommonStockSharesOutstanding.json#accn=0000320187-15-000003,,,RESOLVED,,1
2818,PAY,2015-02-26,2015-02-26T14:41:00-05:00,0001312073,2014-11-30,2014-12-17T23:59:59-05:00,113344841,dei:EntityCommonStockSharesOutstanding,10-K,0001312073-14-000045,2014-12-17,88,A,https://data.sec.gov/api/xbrl/companyconcept/CIK0001312073/dei/EntityCommonStockSharesOutstanding.json#accn=0001312073-14-000045,,,RESOLVED,,1
2819,PVH,2015-02-26,2015-02-26T14:48:00-05:00,0000078239,2014-12-02,2014-12-11T23:59:59-05:00,82450867,dei:EntityCommonStockSharesOutstanding,10-Q,0000078239-14-000041,2014-12-11,86,A,https://data.sec.gov/api/xbrl/companyconcept/CIK0000078239/dei/EntityCommonStockSharesOutstanding.json#accn=0000078239-14-000041,,,RESOLVED,,1
2820,RH,2015-02-26,2015-02-26T15:11:00-05:00,0001528849,2014-12-05,2014-12-11T23:59:59-05:00,39577121,dei:EntityCommonStockSharesOutstanding,10-Q,0001193125-14-440126,2014-12-11,83,A,https://data.sec.gov/api/xbrl/companyconcept/CIK0001528849/dei/EntityCommonStockSharesOutstanding.json#accn=0001193125-14-440126,,,RESOLVED,,1
2821,VEEV,2015-02-26,2015-02-26T13:01:00-05:00,0001393052,2014-11-28,2014-12-11T23:59:59-05:00,130594979,sec_cover_page,10-Q,0001564590-14-006187,2014-12-11,90,A,https://www.sec.gov/Archives/edgar/data/1393052/000156459014006187/veev-10q_20141031.htm,,,RESOLVED,,1
2822,CAG,2015-02-27,2015-02-27T14:49:00-05:00,0000023217,2014-11-23,2014-12-29T23:59:59-05:00,425916952,dei:EntityCommonStockSharesOutstanding,10-Q,0001445305-14-005699,2014-12-29,96,A,https://data.sec.gov/api/xbrl/companyconcept/CIK0000023217/dei/EntityCommonStockSharesOutstanding.json#accn=0001445305-14-005699,,,RESOLVED,,1
2823,GME,2015-02-27,2015-02-27T15:12:00-05:00,0001326380,2014-12-03,2014-12-10T23:59:59-05:00,108515426,dei:EntityCommonStockSharesOutstanding,10-Q,0001326380-14-000007,2014-12-10,86,A,https://data.sec.gov/api/xbrl/companyconcept/CIK0001326380/dei/EntityCommonStockSharesOutstanding.json#accn=0001326380-14-000007,,,RESOLVED,,1
2824,KOPN,2015-02-27,2015-02-27T14:28:00-05:00,0000771266,2014-10-31,2014-11-06T23:59:59-05:00,65907855,dei:EntityCommonStockSharesOutstanding,10-Q,0000771266-14-000016,2014-11-06,119,A,https://data.sec.gov/api/xbrl/companyconcept/CIK0000771266/dei/EntityCommonStockSharesOutstanding.json#accn=0000771266-14-000016,,,RESOLVED,,1
2825,MFRM,2015-02-27,2015-02-27T15:25:00-05:00,0001419852,2014-11-28,2014-12-03T23:59:59-05:00,35017602,dei:EntityCommonStockSharesOutstanding,10-Q,0001558370-14-000445,2014-12-03,91,A,https://data.sec.gov/api/xbrl/companyconcept/CIK0001419852/dei/EntityCommonStockSharesOutstanding.json#accn=0001558370-14-000445,,,RESOLVED,,1
2826,NKE,2015-02-27,2015-02-27T15:28:00-05:00,0000320187,2015-01-02,2015-01-07T23:59:59-05:00,863938522,dei:EntityCommonStockSharesOutstanding,10-Q,0000320187-15-000003,2015-01-07,56,A,https://data.sec.gov/api/xbrl/companyconcept/CIK0000320187/dei/EntityCommonStockSharesOutstanding.json#accn=0000320187-15-000003,,,RESOLVED,,1
2827,PAY,2015-02-27,2015-02-27T14:41:00-05:00,0001312073,2014-11-30,2014-12-17T23:59:59-05:00,113344841,dei:EntityCommonStockSharesOutstanding,10-K,0001312073-14-000045,2014-12-17,89,A,https://data.sec.gov/api/xbrl/companyconcept/CIK0001312073/dei/EntityCommonStockSharesOutstanding.json#accn=0001312073-14-000045,,,RESOLVED,,1
2828,PVH,2015-02-27,2015-02-27T14:48:00-05:00,0000078239,2014-12-02,2014-12-11T23:59:59-05:00,82450867,dei:EntityCommonStockSharesOutstanding,10-Q,0000078239-14-000041,2014-12-11,87,A,https://data.sec.gov/api/xbrl/companyconcept/CIK0000078239/dei/EntityCommonStockSharesOutstanding.json#accn=0000078239-14-000041,,,RESOLVED,,1
2829,RH,2015-02-27,2015-02-27T15:11:00-05:00,0001528849,2014-12-05,2014-12-11T23:59:59-05:00,39577121,dei:EntityCommonStockSharesOutstanding,10-Q,0001193125-14-440126,2014-12-11,84,A,https://data.sec.gov/api/xbrl/companyconcept/CIK0001528849/dei/EntityCommonStockSharesOutstanding.json#accn=0001193125-14-440126,,,RESOLVED,,1
2830,VEEV,2015-02-27,2015-02-27T13:01:00-05:00,0001393052,2014-11-28,2014-12-11T23:59:59-05:00,130594979,sec_cover_page,10-Q,0001564590-14-006187,2014-12-11,91,A,https://www.sec.gov/Archives/edgar/data/1393052/000156459014006187/veev-10q_20141031.htm,,,RESOLVED,,1
2831,CAG,2015-03-02,2015-03-02T14:49:00-05:00,0000023217,2014-11-23,2014-12-29T23:59:59-05:00,425916952,dei:EntityCommonStockSharesOutstanding,10-Q,0001445305-14-005699,2014-12-29,99,A,https://data.sec.gov/api/xbrl/companyconcept/CIK0000023217/dei/EntityCommonStockSharesOutstanding.json#accn=0001445305-14-005699,,,RESOLVED,,1
2832,GME,2015-03-02,2015-03-02T15:12:00-05:00,0001326380,2014-12-03,2014-12-10T23:59:59-05:00,108515426,dei:EntityCommonStockSharesOutstanding,10-Q,0001326380-14-000007,2014-12-10,89,A,https://data.sec.gov/api/xbrl/companyconcept/CIK0001326380/dei/EntityCommonStockSharesOutstanding.json#accn=0001326380-14-000007,,,RESOLVED,,1
2833,KOPN,2015-03-02,2015-03-02T14:28:00-05:00,0000771266,2014-10-31,2014-11-06T23:59:59-05:00,65907855,dei:EntityCommonStockSharesOutstanding,10-Q,0000771266-14-000016,2014-11-06,122,A,https://data.sec.gov/api/xbrl/companyconcept/CIK0000771266/dei/EntityCommonStockSharesOutstanding.json#accn=0000771266-14-000016,,,RESOLVED,,1
2834,MFRM,2015-03-02,2015-03-02T15:25:00-05:00,0001419852,2014-11-28,2014-12-03T23:59:59-05:00,35017602,dei:EntityCommonStockSharesOutstanding,10-Q,0001558370-14-000445,2014-12-03,94,A,https://data.sec.gov/api/xbrl/companyconcept/CIK0001419852/dei/EntityCommonStockSharesOutstanding.json#accn=0001558370-14-000445,,,RESOLVED,,1
2835,NKE,2015-03-02,2015-03-02T15:28:00-05:00,0000320187,2015-01-02,2015-01-07T23:59:59-05:00,863938522,dei:EntityCommonStockSharesOutstanding,10-Q,0000320187-15-000003,2015-01-07,59,A,https://data.sec.gov/api/xbrl/companyconcept/CIK0000320187/dei/EntityCommonStockSharesOutstanding.json#accn=0000320187-15-000003,,,RESOLVED,,1
2836,PAY,2015-03-02,2015-03-02T14:41:00-05:00,0001312073,2014-11-30,2014-12-17T23:59:59-05:00,113344841,dei:EntityCommonStockSharesOutstanding,10-K,0001312073-14-000045,2014-12-17,92,A,https://data.sec.gov/api/xbrl/companyconcept/CIK0001312073/dei/EntityCommonStockSharesOutstanding.json#accn=0001312073-14-000045,,,RESOLVED,,1
2837,PVH,2015-03-02,2015-03-02T14:48:00-05:00,0000078239,2014-12-02,2014-12-11T23:59:59-05:00,82450867,dei:EntityCommonStockSharesOutstanding,10-Q,0000078239-14-000041,2014-12-11,90,A,https://data.sec.gov/api/xbrl/companyconcept/CIK0000078239/dei/EntityCommonStockSharesOutstanding.json#accn=0000078239-14-000041,,,RESOLVED,,1
2838,RH,2015-03-02,2015-03-02T15:11:00-05:00,0001528849,2014-12-05,2014-12-11T23:59:59-05:00,39577121,dei:EntityCommonStockSharesOutstanding,10-Q,0001193125-14-440126,2014-12-11,87,A,https://data.sec.gov/api/xbrl/companyconcept/CIK0001528849/dei/EntityCommonStockSharesOutstanding.json#accn=0001193125-14-440126,,,RESOLVED,,1
2839,SNX,2015-03-02,2015-03-02T15:24:00-05:00,0001177394,2015-01-20,2015-01-29T23:59:59-05:00,39458421,dei:EntityCommonStockSharesOutstanding,10-K,0001177394-15-000007,2015-01-29,41,A,https://data.sec.gov/api/xbrl/companyconcept/CIK0001177394/dei/EntityCommonStockSharesOutstanding.json#accn=0001177394-15-000007,,,RESOLVED,,1
2840,VEEV,2015-03-02,2015-03-02T13:01:00-05:00,0001393052,2014-11-28,2014-12-11T23:59:59-05:00,130594979,sec_cover_page,10-Q,0001564590-14-006187,2014-12-11,94,A,https://www.sec.gov/Archives/edgar/data/1393052/000156459014006187/veev-10q_20141031.htm,,,RESOLVED,,1
2841,CAG,2015-03-03,2015-03-03T14:49:00-05:00,0000023217,2014-11-23,2014-12-29T23:59:59-05:00,425916952,dei:EntityCommonStockSharesOutstanding,10-Q,0001445305-14-005699,2014-12-29,100,A,https://data.sec.gov/api/xbrl/companyconcept/CIK0000023217/dei/EntityCommonStockSharesOutstanding.json#accn=0001445305-14-005699,,,RESOLVED,,1
2842,GME,2015-03-03,2015-03-03T15:12:00-05:00,0001326380,2014-12-03,2014-12-10T23:59:59-05:00,108515426,dei:EntityCommonStockSharesOutstanding,10-Q,0001326380-14-000007,2014-12-10,90,A,https://data.sec.gov/api/xbrl/companyconcept/CIK0001326380/dei/EntityCommonStockSharesOutstanding.json#accn=0001326380-14-000007,,,RESOLVED,,1
2843,KOPN,2015-03-03,2015-03-03T14:28:00-05:00,0000771266,2014-10-31,2014-11-06T23:59:59-05:00,65907855,dei:EntityCommonStockSharesOutstanding,10-Q,0000771266-14-000016,2014-11-06,123,A,https://data.sec.gov/api/xbrl/companyconcept/CIK0000771266/dei/EntityCommonStockSharesOutstanding.json#accn=0000771266-14-000016,,,RESOLVED,,1
2844,MFRM,2015-03-03,2015-03-03T15:25:00-05:00,0001419852,2014-11-28,2014-12-03T23:59:59-05:00,35017602,dei:EntityCommonStockSharesOutstanding,10-Q,0001558370-14-000445,2014-12-03,95,A,https://data.sec.gov/api/xbrl/companyconcept/CIK0001419852/dei/EntityCommonStockSharesOutstanding.json#accn=0001558370-14-000445,,,RESOLVED,,1
2845,NKE,2015-03-03,2015-03-03T15:28:00-05:00,0000320187,2015-01-02,2015-01-07T23:59:59-05:00,863938522,dei:EntityCommonStockSharesOutstanding,10-Q,0000320187-15-000003,2015-01-07,60,A,https://data.sec.gov/api/xbrl/companyconcept/CIK0000320187/dei/EntityCommonStockSharesOutstanding.json#accn=0000320187-15-000003,,,RESOLVED,,1
2846,PAY,2015-03-03,2015-03-03T14:41:00-05:00,0001312073,2014-11-30,2014-12-17T23:59:59-05:00,113344841,dei:EntityCommonStockSharesOutstanding,10-K,0001312073-14-000045,2014-12-17,93,A,https://data.sec.gov/api/xbrl/companyconcept/CIK0001312073/dei/EntityCommonStockSharesOutstanding.json#accn=0001312073-14-000045,,,RESOLVED,,1
2847,PVH,2015-03-03,2015-03-03T14:48:00-05:00,0000078239,2014-12-02,2014-12-11T23:59:59-05:00,82450867,dei:EntityCommonStockSharesOutstanding,10-Q,0000078239-14-000041,2014-12-11,91,A,https://data.sec.gov/api/xbrl/companyconcept/CIK0000078239/dei/EntityCommonStockSharesOutstanding.json#accn=0000078239-14-000041,,,RESOLVED,,1
2848,RH,2015-03-03,2015-03-03T15:11:00-05:00,0001528849,2014-12-05,2014-12-11T23:59:59-05:00,39577121,dei:EntityCommonStockSharesOutstanding,10-Q,0001193125-14-440126,2014-12-11,88,A,https://data.sec.gov/api/xbrl/companyconcept/CIK0001528849/dei/EntityCommonStockSharesOutstanding.json#accn=0001193125-14-440126,,,RESOLVED,,1
2849,SNX,2015-03-03,2015-03-03T15:24:00-05:00,0001177394,2015-01-20,2015-01-29T23:59:59-05:00,39458421,dei:EntityCommonStockSharesOutstanding,10-K,0001177394-15-000007,2015-01-29,42,A,https://data.sec.gov/api/xbrl/companyconcept/CIK0001177394/dei/EntityCommonStockSharesOutstanding.json#accn=0001177394-15-000007,,,RESOLVED,,1
2850,VEEV,2015-03-03,2015-03-03T13:01:00-05:00,0001393052,2014-11-28,2014-12-11T23:59:59-05:00,130594979,sec_cover_page,10-Q,0001564590-14-006187,2014-12-11,95,A,https://www.sec.gov/Archives/edgar/data/1393052/000156459014006187/veev-10q_20141031.htm,,,RESOLVED,,1
2851,CAG,2015-03-04,2015-03-04T14:49:00-05:00,0000023217,2014-11-23,2014-12-29T23:59:59-05:00,425916952,dei:EntityCommonStockSharesOutstanding,10-Q,0001445305-14-005699,2014-12-29,101,A,https://data.sec.gov/api/xbrl/companyconcept/CIK0000023217/dei/EntityCommonStockSharesOutstanding.json#accn=0001445305-14-005699,,,RESOLVED,,1
2852,GME,2015-03-04,2015-03-04T15:12:00-05:00,0001326380,2014-12-03,2014-12-10T23:59:59-05:00,108515426,dei:EntityCommonStockSharesOutstanding,10-Q,0001326380-14-000007,2014-12-10,91,A,https://data.sec.gov/api/xbrl/companyconcept/CIK0001326380/dei/EntityCommonStockSharesOutstanding.json#accn=0001326380-14-000007,,,RESOLVED,,1
2853,KOPN,2015-03-04,2015-03-04T14:28:00-05:00,0000771266,2014-10-31,2014-11-06T23:59:59-05:00,65907855,dei:EntityCommonStockSharesOutstanding,10-Q,0000771266-14-000016,2014-11-06,124,A,https://data.sec.gov/api/xbrl/companyconcept/CIK0000771266/dei/EntityCommonStockSharesOutstanding.json#accn=0000771266-14-000016,,,RESOLVED,,1
2854,MFRM,2015-03-04,2015-03-04T15:25:00-05:00,0001419852,2014-11-28,2014-12-03T23:59:59-05:00,35017602,dei:EntityCommonStockSharesOutstanding,10-Q,0001558370-14-000445,2014-12-03,96,A,https://data.sec.gov/api/xbrl/companyconcept/CIK0001419852/dei/EntityCommonStockSharesOutstanding.json#accn=0001558370-14-000445,,,RESOLVED,,1
2855,NKE,2015-03-04,2015-03-04T15:28:00-05:00,0000320187,2015-01-02,2015-01-07T23:59:59-05:00,863938522,dei:EntityCommonStockSharesOutstanding,10-Q,0000320187-15-000003,2015-01-07,61,A,https://data.sec.gov/api/xbrl/companyconcept/CIK0000320187/dei/EntityCommonStockSharesOutstanding.json#accn=0000320187-15-000003,,,RESOLVED,,1
2856,PAY,2015-03-04,2015-03-04T14:41:00-05:00,0001312073,2014-11-30,2014-12-17T23:59:59-05:00,113344841,dei:EntityCommonStockSharesOutstanding,10-K,0001312073-14-000045,2014-12-17,94,A,https://data.sec.gov/api/xbrl/companyconcept/CIK0001312073/dei/EntityCommonStockSharesOutstanding.json#accn=0001312073-14-000045,,,RESOLVED,,1
2857,PVH,2015-03-04,2015-03-04T14:48:00-05:00,0000078239,2014-12-02,2014-12-11T23:59:59-05:00,82450867,dei:EntityCommonStockSharesOutstanding,10-Q,0000078239-14-000041,2014-12-11,92,A,https://data.sec.gov/api/xbrl/companyconcept/CIK0000078239/dei/EntityCommonStockSharesOutstanding.json#accn=0000078239-14-000041,,,RESOLVED,,1
2858,RH,2015-03-04,2015-03-04T15:11:00-05:00,0001528849,2014-12-05,2014-12-11T23:59:59-05:00,39577121,dei:EntityCommonStockSharesOutstanding,10-Q,0001193125-14-440126,2014-12-11,89,A,https://data.sec.gov/api/xbrl/companyconcept/CIK0001528849/dei/EntityCommonStockSharesOutstanding.json#accn=0001193125-14-440126,,,RESOLVED,,1
2859,SNX,2015-03-04,2015-03-04T15:24:00-05:00,0001177394,2015-01-20,2015-01-29T23:59:59-05:00,39458421,dei:EntityCommonStockSharesOutstanding,10-K,0001177394-15-000007,2015-01-29,43,A,https://data.sec.gov/api/xbrl/companyconcept/CIK0001177394/dei/EntityCommonStockSharesOutstanding.json#accn=0001177394-15-000007,,,RESOLVED,,1
2860,CAG,2015-03-05,2015-03-05T14:49:00-05:00,0000023217,2014-11-23,2014-12-29T23:59:59-05:00,425916952,dei:EntityCommonStockSharesOutstanding,10-Q,0001445305-14-005699,2014-12-29,102,A,https://data.sec.gov/api/xbrl/companyconcept/CIK0000023217/dei/EntityCommonStockSharesOutstanding.json#accn=0001445305-14-005699,,,RESOLVED,,1
2861,GME,2015-03-05,2015-03-05T15:12:00-05:00,0001326380,2014-12-03,2014-12-10T23:59:59-05:00,108515426,dei:EntityCommonStockSharesOutstanding,10-Q,0001326380-14-000007,2014-12-10,92,A,https://data.sec.gov/api/xbrl/companyconcept/CIK0001326380/dei/EntityCommonStockSharesOutstanding.json#accn=0001326380-14-000007,,,RESOLVED,,1
2862,KOPN,2015-03-05,2015-03-05T14:28:00-05:00,0000771266,2014-10-31,2014-11-06T23:59:59-05:00,65907855,dei:EntityCommonStockSharesOutstanding,10-Q,0000771266-14-000016,2014-11-06,125,A,https://data.sec.gov/api/xbrl/companyconcept/CIK0000771266/dei/EntityCommonStockSharesOutstanding.json#accn=0000771266-14-000016,,,RESOLVED,,1
2863,MFRM,2015-03-05,2015-03-05T15:25:00-05:00,0001419852,2014-11-28,2014-12-03T23:59:59-05:00,35017602,dei:EntityCommonStockSharesOutstanding,10-Q,0001558370-14-000445,2014-12-03,97,A,https://data.sec.gov/api/xbrl/companyconcept/CIK0001419852/dei/EntityCommonStockSharesOutstanding.json#accn=0001558370-14-000445,,,RESOLVED,,1
2864,NKE,2015-03-05,2015-03-05T15:28:00-05:00,0000320187,2015-01-02,2015-01-07T23:59:59-05:00,863938522,dei:EntityCommonStockSharesOutstanding,10-Q,0000320187-15-000003,2015-01-07,62,A,https://data.sec.gov/api/xbrl/companyconcept/CIK0000320187/dei/EntityCommonStockSharesOutstanding.json#accn=0000320187-15-000003,,,RESOLVED,,1
2865,PAY,2015-03-05,2015-03-05T14:41:00-05:00,0001312073,2014-11-30,2014-12-17T23:59:59-05:00,113344841,dei:EntityCommonStockSharesOutstanding,10-K,0001312073-14-000045,2014-12-17,95,A,https://data.sec.gov/api/xbrl/companyconcept/CIK0001312073/dei/EntityCommonStockSharesOutstanding.json#accn=0001312073-14-000045,,,RESOLVED,,1
2866,PVH,2015-03-05,2015-03-05T14:48:00-05:00,0000078239,2014-12-02,2014-12-11T23:59:59-05:00,82450867,dei:EntityCommonStockSharesOutstanding,10-Q,0000078239-14-000041,2014-12-11,93,A,https://data.sec.gov/api/xbrl/companyconcept/CIK0000078239/dei/EntityCommonStockSharesOutstanding.json#accn=0000078239-14-000041,,,RESOLVED,,1
2867,RH,2015-03-05,2015-03-05T15:11:00-05:00,0001528849,2014-12-05,2014-12-11T23:59:59-05:00,39577121,dei:EntityCommonStockSharesOutstanding,10-Q,0001193125-14-440126,2014-12-11,90,A,https://data.sec.gov/api/xbrl/companyconcept/CIK0001528849/dei/EntityCommonStockSharesOutstanding.json#accn=0001193125-14-440126,,,RESOLVED,,1
2868,SNX,2015-03-05,2015-03-05T15:24:00-05:00,0001177394,2015-01-20,2015-01-29T23:59:59-05:00,39458421,dei:EntityCommonStockSharesOutstanding,10-K,0001177394-15-000007,2015-01-29,44,A,https://data.sec.gov/api/xbrl/companyconcept/CIK0001177394/dei/EntityCommonStockSharesOutstanding.json#accn=0001177394-15-000007,,,RESOLVED,,1
2869,CAG,2015-03-06,2015-03-06T14:49:00-05:00,0000023217,2014-11-23,2014-12-29T23:59:59-05:00,425916952,dei:EntityCommonStockSharesOutstanding,10-Q,0001445305-14-005699,2014-12-29,103,A,https://data.sec.gov/api/xbrl/companyconcept/CIK0000023217/dei/EntityCommonStockSharesOutstanding.json#accn=0001445305-14-005699,,,RESOLVED,,1
2870,GME,2015-03-06,2015-03-06T15:12:00-05:00,0001326380,2014-12-03,2014-12-10T23:59:59-05:00,108515426,dei:EntityCommonStockSharesOutstanding,10-Q,0001326380-14-000007,2014-12-10,93,A,https://data.sec.gov/api/xbrl/companyconcept/CIK0001326380/dei/EntityCommonStockSharesOutstanding.json#accn=0001326380-14-000007,,,RESOLVED,,1
2871,KOPN,2015-03-06,2015-03-06T14:28:00-05:00,0000771266,2014-10-31,2014-11-06T23:59:59-05:00,65907855,dei:EntityCommonStockSharesOutstanding,10-Q,0000771266-14-000016,2014-11-06,126,A,https://data.sec.gov/api/xbrl/companyconcept/CIK0000771266/dei/EntityCommonStockSharesOutstanding.json#accn=0000771266-14-000016,,,RESOLVED,,1
2872,MFRM,2015-03-06,2015-03-06T15:25:00-05:00,0001419852,2014-11-28,2014-12-03T23:59:59-05:00,35017602,dei:EntityCommonStockSharesOutstanding,10-Q,0001558370-14-000445,2014-12-03,98,A,https://data.sec.gov/api/xbrl/companyconcept/CIK0001419852/dei/EntityCommonStockSharesOutstanding.json#accn=0001558370-14-000445,,,RESOLVED,,1
2873,NKE,2015-03-06,2015-03-06T15:28:00-05:00,0000320187,2015-01-02,2015-01-07T23:59:59-05:00,863938522,dei:EntityCommonStockSharesOutstanding,10-Q,0000320187-15-000003,2015-01-07,63,A,https://data.sec.gov/api/xbrl/companyconcept/CIK0000320187/dei/EntityCommonStockSharesOutstanding.json#accn=0000320187-15-000003,,,RESOLVED,,1
2874,PAY,2015-03-06,2015-03-06T14:41:00-05:00,0001312073,2014-11-30,2014-12-17T23:59:59-05:00,113344841,dei:EntityCommonStockSharesOutstanding,10-K,0001312073-14-000045,2014-12-17,96,A,https://data.sec.gov/api/xbrl/companyconcept/CIK0001312073/dei/EntityCommonStockSharesOutstanding.json#accn=0001312073-14-000045,,,RESOLVED,,1
2875,PVH,2015-03-06,2015-03-06T14:48:00-05:00,0000078239,2014-12-02,2014-12-11T23:59:59-05:00,82450867,dei:EntityCommonStockSharesOutstanding,10-Q,0000078239-14-000041,2014-12-11,94,A,https://data.sec.gov/api/xbrl/companyconcept/CIK0000078239/dei/EntityCommonStockSharesOutstanding.json#accn=0000078239-14-000041,,,RESOLVED,,1
2876,RH,2015-03-06,2015-03-06T15:11:00-05:00,0001528849,2014-12-05,2014-12-11T23:59:59-05:00,39577121,dei:EntityCommonStockSharesOutstanding,10-Q,0001193125-14-440126,2014-12-11,91,A,https://data.sec.gov/api/xbrl/companyconcept/CIK0001528849/dei/EntityCommonStockSharesOutstanding.json#accn=0001193125-14-440126,,,RESOLVED,,1
2877,SNX,2015-03-06,2015-03-06T15:24:00-05:00,0001177394,2015-01-20,2015-01-29T23:59:59-05:00,39458421,dei:EntityCommonStockSharesOutstanding,10-K,0001177394-15-000007,2015-01-29,45,A,https://data.sec.gov/api/xbrl/companyconcept/CIK0001177394/dei/EntityCommonStockSharesOutstanding.json#accn=0001177394-15-000007,,,RESOLVED,,1
2878,CAG,2015-03-09,2015-03-09T14:49:00-04:00,0000023217,2014-11-23,2014-12-29T23:59:59-05:00,425916952,dei:EntityCommonStockSharesOutstanding,10-Q,0001445305-14-005699,2014-12-29,106,A,https://data.sec.gov/api/xbrl/companyconcept/CIK0000023217/dei/EntityCommonStockSharesOutstanding.json#accn=0001445305-14-005699,,,RESOLVED,,1
2879,GME,2015-03-09,2015-03-09T15:12:00-04:00,0001326380,2014-12-03,2014-12-10T23:59:59-05:00,108515426,dei:EntityCommonStockSharesOutstanding,10-Q,0001326380-14-000007,2014-12-10,96,A,https://data.sec.gov/api/xbrl/companyconcept/CIK0001326380/dei/EntityCommonStockSharesOutstanding.json#accn=0001326380-14-000007,,,RESOLVED,,1
2880,KOPN,2015-03-09,2015-03-09T14:28:00-04:00,0000771266,2014-10-31,2014-11-06T23:59:59-05:00,65907855,dei:EntityCommonStockSharesOutstanding,10-Q,0000771266-14-000016,2014-11-06,129,A,https://data.sec.gov/api/xbrl/companyconcept/CIK0000771266/dei/EntityCommonStockSharesOutstanding.json#accn=0000771266-14-000016,,,RESOLVED,,1
2881,MFRM,2015-03-09,2015-03-09T15:25:00-04:00,0001419852,2014-11-28,2014-12-03T23:59:59-05:00,35017602,dei:EntityCommonStockSharesOutstanding,10-Q,0001558370-14-000445,2014-12-03,101,A,https://data.sec.gov/api/xbrl/companyconcept/CIK0001419852/dei/EntityCommonStockSharesOutstanding.json#accn=0001558370-14-000445,,,RESOLVED,,1
2882,NKE,2015-03-09,2015-03-09T15:28:00-04:00,0000320187,2015-01-02,2015-01-07T23:59:59-05:00,863938522,dei:EntityCommonStockSharesOutstanding,10-Q,0000320187-15-000003,2015-01-07,66,A,https://data.sec.gov/api/xbrl/companyconcept/CIK0000320187/dei/EntityCommonStockSharesOutstanding.json#accn=0000320187-15-000003,,,RESOLVED,,1
2883,PAY,2015-03-09,2015-03-09T14:41:00-04:00,0001312073,2014-11-30,2014-12-17T23:59:59-05:00,113344841,dei:EntityCommonStockSharesOutstanding,10-K,0001312073-14-000045,2014-12-17,99,A,https://data.sec.gov/api/xbrl/companyconcept/CIK0001312073/dei/EntityCommonStockSharesOutstanding.json#accn=0001312073-14-000045,,,RESOLVED,,1
2884,PVH,2015-03-09,2015-03-09T14:48:00-04:00,0000078239,2014-12-02,2014-12-11T23:59:59-05:00,82450867,dei:EntityCommonStockSharesOutstanding,10-Q,0000078239-14-000041,2014-12-11,97,A,https://data.sec.gov/api/xbrl/companyconcept/CIK0000078239/dei/EntityCommonStockSharesOutstanding.json#accn=0000078239-14-000041,,,RESOLVED,,1
2885,RH,2015-03-09,2015-03-09T15:11:00-04:00,0001528849,2014-12-05,2014-12-11T23:59:59-05:00,39577121,dei:EntityCommonStockSharesOutstanding,10-Q,0001193125-14-440126,2014-12-11,94,A,https://data.sec.gov/api/xbrl/companyconcept/CIK0001528849/dei/EntityCommonStockSharesOutstanding.json#accn=0001193125-14-440126,,,RESOLVED,,1
2886,SNX,2015-03-09,2015-03-09T15:24:00-04:00,0001177394,2015-01-20,2015-01-29T23:59:59-05:00,39458421,dei:EntityCommonStockSharesOutstanding,10-K,0001177394-15-000007,2015-01-29,48,A,https://data.sec.gov/api/xbrl/companyconcept/CIK0001177394/dei/EntityCommonStockSharesOutstanding.json#accn=0001177394-15-000007,,,RESOLVED,,1
2887,CAG,2015-03-10,2015-03-10T14:49:00-04:00,0000023217,2014-11-23,2014-12-29T23:59:59-05:00,425916952,dei:EntityCommonStockSharesOutstanding,10-Q,0001445305-14-005699,2014-12-29,107,A,https://data.sec.gov/api/xbrl/companyconcept/CIK0000023217/dei/EntityCommonStockSharesOutstanding.json#accn=0001445305-14-005699,,,RESOLVED,,1
2888,GME,2015-03-10,2015-03-10T15:12:00-04:00,0001326380,2014-12-03,2014-12-10T23:59:59-05:00,108515426,dei:EntityCommonStockSharesOutstanding,10-Q,0001326380-14-000007,2014-12-10,97,A,https://data.sec.gov/api/xbrl/companyconcept/CIK0001326380/dei/EntityCommonStockSharesOutstanding.json#accn=0001326380-14-000007,,,RESOLVED,,1
2889,KOPN,2015-03-10,2015-03-10T14:28:00-04:00,0000771266,2014-10-31,2014-11-06T23:59:59-05:00,65907855,dei:EntityCommonStockSharesOutstanding,10-Q,0000771266-14-000016,2014-11-06,130,A,https://data.sec.gov/api/xbrl/companyconcept/CIK0000771266/dei/EntityCommonStockSharesOutstanding.json#accn=0000771266-14-000016,,,RESOLVED,,1
2890,MFRM,2015-03-10,2015-03-10T15:25:00-04:00,0001419852,2014-11-28,2014-12-03T23:59:59-05:00,35017602,dei:EntityCommonStockSharesOutstanding,10-Q,0001558370-14-000445,2014-12-03,102,A,https://data.sec.gov/api/xbrl/companyconcept/CIK0001419852/dei/EntityCommonStockSharesOutstanding.json#accn=0001558370-14-000445,,,RESOLVED,,1
2891,NKE,2015-03-10,2015-03-10T15:28:00-04:00,0000320187,2015-01-02,2015-01-07T23:59:59-05:00,863938522,dei:EntityCommonStockSharesOutstanding,10-Q,0000320187-15-000003,2015-01-07,67,A,https://data.sec.gov/api/xbrl/companyconcept/CIK0000320187/dei/EntityCommonStockSharesOutstanding.json#accn=0000320187-15-000003,,,RESOLVED,,1
2892,PAY,2015-03-10,2015-03-10T14:41:00-04:00,0001312073,2014-11-30,2014-12-17T23:59:59-05:00,113344841,dei:EntityCommonStockSharesOutstanding,10-K,0001312073-14-000045,2014-12-17,100,A,https://data.sec.gov/api/xbrl/companyconcept/CIK0001312073/dei/EntityCommonStockSharesOutstanding.json#accn=0001312073-14-000045,,,RESOLVED,,1
2893,PVH,2015-03-10,2015-03-10T14:48:00-04:00,0000078239,2014-12-02,2014-12-11T23:59:59-05:00,82450867,dei:EntityCommonStockSharesOutstanding,10-Q,0000078239-14-000041,2014-12-11,98,A,https://data.sec.gov/api/xbrl/companyconcept/CIK0000078239/dei/EntityCommonStockSharesOutstanding.json#accn=0000078239-14-000041,,,RESOLVED,,1
2894,RH,2015-03-10,2015-03-10T15:11:00-04:00,0001528849,2014-12-05,2014-12-11T23:59:59-05:00,39577121,dei:EntityCommonStockSharesOutstanding,10-Q,0001193125-14-440126,2014-12-11,95,A,https://data.sec.gov/api/xbrl/companyconcept/CIK0001528849/dei/EntityCommonStockSharesOutstanding.json#accn=0001193125-14-440126,,,RESOLVED,,1
2895,SNX,2015-03-10,2015-03-10T15:24:00-04:00,0001177394,2015-01-20,2015-01-29T23:59:59-05:00,39458421,dei:EntityCommonStockSharesOutstanding,10-K,0001177394-15-000007,2015-01-29,49,A,https://data.sec.gov/api/xbrl/companyconcept/CIK0001177394/dei/EntityCommonStockSharesOutstanding.json#accn=0001177394-15-000007,,,RESOLVED,,1
2896,CAG,2015-03-11,2015-03-11T14:49:00-04:00,0000023217,2014-11-23,2014-12-29T23:59:59-05:00,425916952,dei:EntityCommonStockSharesOutstanding,10-Q,0001445305-14-005699,2014-12-29,108,A,https://data.sec.gov/api/xbrl/companyconcept/CIK0000023217/dei/EntityCommonStockSharesOutstanding.json#accn=0001445305-14-005699,,,RESOLVED,,1
2897,GME,2015-03-11,2015-03-11T15:12:00-04:00,0001326380,2014-12-03,2014-12-10T23:59:59-05:00,108515426,dei:EntityCommonStockSharesOutstanding,10-Q,0001326380-14-000007,2014-12-10,98,A,https://data.sec.gov/api/xbrl/companyconcept/CIK0001326380/dei/EntityCommonStockSharesOutstanding.json#accn=0001326380-14-000007,,,RESOLVED,,1
2898,MFRM,2015-03-11,2015-03-11T15:25:00-04:00,0001419852,2014-11-28,2014-12-03T23:59:59-05:00,35017602,dei:EntityCommonStockSharesOutstanding,10-Q,0001558370-14-000445,2014-12-03,103,A,https://data.sec.gov/api/xbrl/companyconcept/CIK0001419852/dei/EntityCommonStockSharesOutstanding.json#accn=0001558370-14-000445,,,RESOLVED,,1
2899,NKE,2015-03-11,2015-03-11T15:28:00-04:00,0000320187,2015-01-02,2015-01-07T23:59:59-05:00,863938522,dei:EntityCommonStockSharesOutstanding,10-Q,0000320187-15-000003,2015-01-07,68,A,https://data.sec.gov/api/xbrl/companyconcept/CIK0000320187/dei/EntityCommonStockSharesOutstanding.json#accn=0000320187-15-000003,,,RESOLVED,,1
2900,PVH,2015-03-11,2015-03-11T14:48:00-04:00,0000078239,2014-12-02,2014-12-11T23:59:59-05:00,82450867,dei:EntityCommonStockSharesOutstanding,10-Q,0000078239-14-000041,2014-12-11,99,A,https://data.sec.gov/api/xbrl/companyconcept/CIK0000078239/dei/EntityCommonStockSharesOutstanding.json#accn=0000078239-14-000041,,,RESOLVED,,1
2901,RH,2015-03-11,2015-03-11T15:11:00-04:00,0001528849,2014-12-05,2014-12-11T23:59:59-05:00,39577121,dei:EntityCommonStockSharesOutstanding,10-Q,0001193125-14-440126,2014-12-11,96,A,https://data.sec.gov/api/xbrl/companyconcept/CIK0001528849/dei/EntityCommonStockSharesOutstanding.json#accn=0001193125-14-440126,,,RESOLVED,,1
2902,SNX,2015-03-11,2015-03-11T15:24:00-04:00,0001177394,2015-01-20,2015-01-29T23:59:59-05:00,39458421,dei:EntityCommonStockSharesOutstanding,10-K,0001177394-15-000007,2015-01-29,50,A,https://data.sec.gov/api/xbrl/companyconcept/CIK0001177394/dei/EntityCommonStockSharesOutstanding.json#accn=0001177394-15-000007,,,RESOLVED,,1
2903,CAG,2015-03-12,2015-03-12T14:49:00-04:00,0000023217,2014-11-23,2014-12-29T23:59:59-05:00,425916952,dei:EntityCommonStockSharesOutstanding,10-Q,0001445305-14-005699,2014-12-29,109,A,https://data.sec.gov/api/xbrl/companyconcept/CIK0000023217/dei/EntityCommonStockSharesOutstanding.json#accn=0001445305-14-005699,,,RESOLVED,,1
2904,GME,2015-03-12,2015-03-12T15:12:00-04:00,0001326380,2014-12-03,2014-12-10T23:59:59-05:00,108515426,dei:EntityCommonStockSharesOutstanding,10-Q,0001326380-14-000007,2014-12-10,99,A,https://data.sec.gov/api/xbrl/companyconcept/CIK0001326380/dei/EntityCommonStockSharesOutstanding.json#accn=0001326380-14-000007,,,RESOLVED,,1
2905,MFRM,2015-03-12,2015-03-12T15:25:00-04:00,0001419852,2014-11-28,2014-12-03T23:59:59-05:00,35017602,dei:EntityCommonStockSharesOutstanding,10-Q,0001558370-14-000445,2014-12-03,104,A,https://data.sec.gov/api/xbrl/companyconcept/CIK0001419852/dei/EntityCommonStockSharesOutstanding.json#accn=0001558370-14-000445,,,RESOLVED,,1
2906,NKE,2015-03-12,2015-03-12T15:28:00-04:00,0000320187,2015-01-02,2015-01-07T23:59:59-05:00,863938522,dei:EntityCommonStockSharesOutstanding,10-Q,0000320187-15-000003,2015-01-07,69,A,https://data.sec.gov/api/xbrl/companyconcept/CIK0000320187/dei/EntityCommonStockSharesOutstanding.json#accn=0000320187-15-000003,,,RESOLVED,,1
2907,PVH,2015-03-12,2015-03-12T14:48:00-04:00,0000078239,2014-12-02,2014-12-11T23:59:59-05:00,82450867,dei:EntityCommonStockSharesOutstanding,10-Q,0000078239-14-000041,2014-12-11,100,A,https://data.sec.gov/api/xbrl/companyconcept/CIK0000078239/dei/EntityCommonStockSharesOutstanding.json#accn=0000078239-14-000041,,,RESOLVED,,1
2908,RH,2015-03-12,2015-03-12T15:11:00-04:00,0001528849,2014-12-05,2014-12-11T23:59:59-05:00,39577121,dei:EntityCommonStockSharesOutstanding,10-Q,0001193125-14-440126,2014-12-11,97,A,https://data.sec.gov/api/xbrl/companyconcept/CIK0001528849/dei/EntityCommonStockSharesOutstanding.json#accn=0001193125-14-440126,,,RESOLVED,,1
2909,SNX,2015-03-12,2015-03-12T15:24:00-04:00,0001177394,2015-01-20,2015-01-29T23:59:59-05:00,39458421,dei:EntityCommonStockSharesOutstanding,10-K,0001177394-15-000007,2015-01-29,51,A,https://data.sec.gov/api/xbrl/companyconcept/CIK0001177394/dei/EntityCommonStockSharesOutstanding.json#accn=0001177394-15-000007,,,RESOLVED,,1
2910,CAG,2015-03-13,2015-03-13T14:49:00-04:00,0000023217,2014-11-23,2014-12-29T23:59:59-05:00,425916952,dei:EntityCommonStockSharesOutstanding,10-Q,0001445305-14-005699,2014-12-29,110,A,https://data.sec.gov/api/xbrl/companyconcept/CIK0000023217/dei/EntityCommonStockSharesOutstanding.json#accn=0001445305-14-005699,,,RESOLVED,,1
2911,GME,2015-03-13,2015-03-13T15:12:00-04:00,0001326380,2014-12-03,2014-12-10T23:59:59-05:00,108515426,dei:EntityCommonStockSharesOutstanding,10-Q,0001326380-14-000007,2014-12-10,100,A,https://data.sec.gov/api/xbrl/companyconcept/CIK0001326380/dei/EntityCommonStockSharesOutstanding.json#accn=0001326380-14-000007,,,RESOLVED,,1
2912,MFRM,2015-03-13,2015-03-13T15:25:00-04:00,0001419852,2014-11-28,2014-12-03T23:59:59-05:00,35017602,dei:EntityCommonStockSharesOutstanding,10-Q,0001558370-14-000445,2014-12-03,105,A,https://data.sec.gov/api/xbrl/companyconcept/CIK0001419852/dei/EntityCommonStockSharesOutstanding.json#accn=0001558370-14-000445,,,RESOLVED,,1
2913,NKE,2015-03-13,2015-03-13T15:28:00-04:00,0000320187,2015-01-02,2015-01-07T23:59:59-05:00,863938522,dei:EntityCommonStockSharesOutstanding,10-Q,0000320187-15-000003,2015-01-07,70,A,https://data.sec.gov/api/xbrl/companyconcept/CIK0000320187/dei/EntityCommonStockSharesOutstanding.json#accn=0000320187-15-000003,,,RESOLVED,,1
2914,PVH,2015-03-13,2015-03-13T14:48:00-04:00,0000078239,2014-12-02,2014-12-11T23:59:59-05:00,82450867,dei:EntityCommonStockSharesOutstanding,10-Q,0000078239-14-000041,2014-12-11,101,A,https://data.sec.gov/api/xbrl/companyconcept/CIK0000078239/dei/EntityCommonStockSharesOutstanding.json#accn=0000078239-14-000041,,,RESOLVED,,1
2915,RH,2015-03-13,2015-03-13T15:11:00-04:00,0001528849,2014-12-05,2014-12-11T23:59:59-05:00,39577121,dei:EntityCommonStockSharesOutstanding,10-Q,0001193125-14-440126,2014-12-11,98,A,https://data.sec.gov/api/xbrl/companyconcept/CIK0001528849/dei/EntityCommonStockSharesOutstanding.json#accn=0001193125-14-440126,,,RESOLVED,,1
2916,SNX,2015-03-13,2015-03-13T15:24:00-04:00,0001177394,2015-01-20,2015-01-29T23:59:59-05:00,39458421,dei:EntityCommonStockSharesOutstanding,10-K,0001177394-15-000007,2015-01-29,52,A,https://data.sec.gov/api/xbrl/companyconcept/CIK0001177394/dei/EntityCommonStockSharesOutstanding.json#accn=0001177394-15-000007,,,RESOLVED,,1
2917,CAG,2015-03-16,2015-03-16T14:49:00-04:00,0000023217,2014-11-23,2014-12-29T23:59:59-05:00,425916952,dei:EntityCommonStockSharesOutstanding,10-Q,0001445305-14-005699,2014-12-29,113,A,https://data.sec.gov/api/xbrl/companyconcept/CIK0000023217/dei/EntityCommonStockSharesOutstanding.json#accn=0001445305-14-005699,,,RESOLVED,,1
2918,GME,2015-03-16,2015-03-16T15:12:00-04:00,0001326380,2014-12-03,2014-12-10T23:59:59-05:00,108515426,dei:EntityCommonStockSharesOutstanding,10-Q,0001326380-14-000007,2014-12-10,103,A,https://data.sec.gov/api/xbrl/companyconcept/CIK0001326380/dei/EntityCommonStockSharesOutstanding.json#accn=0001326380-14-000007,,,RESOLVED,,1
2919,MFRM,2015-03-16,2015-03-16T15:25:00-04:00,0001419852,2014-11-28,2014-12-03T23:59:59-05:00,35017602,dei:EntityCommonStockSharesOutstanding,10-Q,0001558370-14-000445,2014-12-03,108,A,https://data.sec.gov/api/xbrl/companyconcept/CIK0001419852/dei/EntityCommonStockSharesOutstanding.json#accn=0001558370-14-000445,,,RESOLVED,,1
2920,NKE,2015-03-16,2015-03-16T15:28:00-04:00,0000320187,2015-01-02,2015-01-07T23:59:59-05:00,863938522,dei:EntityCommonStockSharesOutstanding,10-Q,0000320187-15-000003,2015-01-07,73,A,https://data.sec.gov/api/xbrl/companyconcept/CIK0000320187/dei/EntityCommonStockSharesOutstanding.json#accn=0000320187-15-000003,,,RESOLVED,,1
2921,PVH,2015-03-16,2015-03-16T14:48:00-04:00,0000078239,2014-12-02,2014-12-11T23:59:59-05:00,82450867,dei:EntityCommonStockSharesOutstanding,10-Q,0000078239-14-000041,2014-12-11,104,A,https://data.sec.gov/api/xbrl/companyconcept/CIK0000078239/dei/EntityCommonStockSharesOutstanding.json#accn=0000078239-14-000041,,,RESOLVED,,1
2922,RH,2015-03-16,2015-03-16T15:11:00-04:00,0001528849,2014-12-05,2014-12-11T23:59:59-05:00,39577121,dei:EntityCommonStockSharesOutstanding,10-Q,0001193125-14-440126,2014-12-11,101,A,https://data.sec.gov/api/xbrl/companyconcept/CIK0001528849/dei/EntityCommonStockSharesOutstanding.json#accn=0001193125-14-440126,,,RESOLVED,,1
2923,SNX,2015-03-16,2015-03-16T15:24:00-04:00,0001177394,2015-01-20,2015-01-29T23:59:59-05:00,39458421,dei:EntityCommonStockSharesOutstanding,10-K,0001177394-15-000007,2015-01-29,55,A,https://data.sec.gov/api/xbrl/companyconcept/CIK0001177394/dei/EntityCommonStockSharesOutstanding.json#accn=0001177394-15-000007,,,RESOLVED,,1
2924,CAG,2015-03-17,2015-03-17T14:49:00-04:00,0000023217,2014-11-23,2014-12-29T23:59:59-05:00,425916952,dei:EntityCommonStockSharesOutstanding,10-Q,0001445305-14-005699,2014-12-29,114,A,https://data.sec.gov/api/xbrl/companyconcept/CIK0000023217/dei/EntityCommonStockSharesOutstanding.json#accn=0001445305-14-005699,,,RESOLVED,,1
2925,GME,2015-03-17,2015-03-17T15:12:00-04:00,0001326380,2014-12-03,2014-12-10T23:59:59-05:00,108515426,dei:EntityCommonStockSharesOutstanding,10-Q,0001326380-14-000007,2014-12-10,104,A,https://data.sec.gov/api/xbrl/companyconcept/CIK0001326380/dei/EntityCommonStockSharesOutstanding.json#accn=0001326380-14-000007,,,RESOLVED,,1
2926,MAT,2015-03-17,2015-03-17T14:09:00-04:00,0000063276,2015-02-13,2015-02-25T23:59:59-05:00,338254021,dei:EntityCommonStockSharesOutstanding,10-K,0001193125-15-062193,2015-02-25,32,A,https://data.sec.gov/api/xbrl/companyconcept/CIK0000063276/dei/EntityCommonStockSharesOutstanding.json#accn=0001193125-15-062193,,,RESOLVED,,1
2927,MFRM,2015-03-17,2015-03-17T15:25:00-04:00,0001419852,2014-11-28,2014-12-03T23:59:59-05:00,35017602,dei:EntityCommonStockSharesOutstanding,10-Q,0001558370-14-000445,2014-12-03,109,A,https://data.sec.gov/api/xbrl/companyconcept/CIK0001419852/dei/EntityCommonStockSharesOutstanding.json#accn=0001558370-14-000445,,,RESOLVED,,1
2928,NKE,2015-03-17,2015-03-17T15:28:00-04:00,0000320187,2015-01-02,2015-01-07T23:59:59-05:00,863938522,dei:EntityCommonStockSharesOutstanding,10-Q,0000320187-15-000003,2015-01-07,74,A,https://data.sec.gov/api/xbrl/companyconcept/CIK0000320187/dei/EntityCommonStockSharesOutstanding.json#accn=0000320187-15-000003,,,RESOLVED,,1
2929,NOW,2015-03-17,2015-03-17T14:03:00-04:00,0001373715,2015-01-31,2015-02-27T23:59:59-05:00,150500000,dei:EntityCommonStockSharesOutstanding,10-K,0001373715-15-000067,2015-02-27,45,A,https://data.sec.gov/api/xbrl/companyconcept/CIK0001373715/dei/EntityCommonStockSharesOutstanding.json#accn=0001373715-15-000067,,,RESOLVED,,1
2930,PVH,2015-03-17,2015-03-17T14:48:00-04:00,0000078239,2014-12-02,2014-12-11T23:59:59-05:00,82450867,dei:EntityCommonStockSharesOutstanding,10-Q,0000078239-14-000041,2014-12-11,105,A,https://data.sec.gov/api/xbrl/companyconcept/CIK0000078239/dei/EntityCommonStockSharesOutstanding.json#accn=0000078239-14-000041,,,RESOLVED,,1
2931,RH,2015-03-17,2015-03-17T15:11:00-04:00,0001528849,2014-12-05,2014-12-11T23:59:59-05:00,39577121,dei:EntityCommonStockSharesOutstanding,10-Q,0001193125-14-440126,2014-12-11,102,A,https://data.sec.gov/api/xbrl/companyconcept/CIK0001528849/dei/EntityCommonStockSharesOutstanding.json#accn=0001193125-14-440126,,,RESOLVED,,1
2932,SNX,2015-03-17,2015-03-17T15:24:00-04:00,0001177394,2015-01-20,2015-01-29T23:59:59-05:00,39458421,dei:EntityCommonStockSharesOutstanding,10-K,0001177394-15-000007,2015-01-29,56,A,https://data.sec.gov/api/xbrl/companyconcept/CIK0001177394/dei/EntityCommonStockSharesOutstanding.json#accn=0001177394-15-000007,,,RESOLVED,,1
2933,CAG,2015-03-18,2015-03-18T14:49:00-04:00,0000023217,2014-11-23,2014-12-29T23:59:59-05:00,425916952,dei:EntityCommonStockSharesOutstanding,10-Q,0001445305-14-005699,2014-12-29,115,A,https://data.sec.gov/api/xbrl/companyconcept/CIK0000023217/dei/EntityCommonStockSharesOutstanding.json#accn=0001445305-14-005699,,,RESOLVED,,1
2934,GME,2015-03-18,2015-03-18T15:12:00-04:00,0001326380,2014-12-03,2014-12-10T23:59:59-05:00,108515426,dei:EntityCommonStockSharesOutstanding,10-Q,0001326380-14-000007,2014-12-10,105,A,https://data.sec.gov/api/xbrl/companyconcept/CIK0001326380/dei/EntityCommonStockSharesOutstanding.json#accn=0001326380-14-000007,,,RESOLVED,,1
2935,MAT,2015-03-18,2015-03-18T14:09:00-04:00,0000063276,2015-02-13,2015-02-25T23:59:59-05:00,338254021,dei:EntityCommonStockSharesOutstanding,10-K,0001193125-15-062193,2015-02-25,33,A,https://data.sec.gov/api/xbrl/companyconcept/CIK0000063276/dei/EntityCommonStockSharesOutstanding.json#accn=0001193125-15-062193,,,RESOLVED,,1
2936,MFRM,2015-03-18,2015-03-18T15:25:00-04:00,0001419852,2014-11-28,2014-12-03T23:59:59-05:00,35017602,dei:EntityCommonStockSharesOutstanding,10-Q,0001558370-14-000445,2014-12-03,110,A,https://data.sec.gov/api/xbrl/companyconcept/CIK0001419852/dei/EntityCommonStockSharesOutstanding.json#accn=0001558370-14-000445,,,RESOLVED,,1
2937,NKE,2015-03-18,2015-03-18T15:28:00-04:00,0000320187,2015-01-02,2015-01-07T23:59:59-05:00,863938522,dei:EntityCommonStockSharesOutstanding,10-Q,0000320187-15-000003,2015-01-07,75,A,https://data.sec.gov/api/xbrl/companyconcept/CIK0000320187/dei/EntityCommonStockSharesOutstanding.json#accn=0000320187-15-000003,,,RESOLVED,,1
2938,NOW,2015-03-18,2015-03-18T14:03:00-04:00,0001373715,2015-01-31,2015-02-27T23:59:59-05:00,150500000,dei:EntityCommonStockSharesOutstanding,10-K,0001373715-15-000067,2015-02-27,46,A,https://data.sec.gov/api/xbrl/companyconcept/CIK0001373715/dei/EntityCommonStockSharesOutstanding.json#accn=0001373715-15-000067,,,RESOLVED,,1
2939,PVH,2015-03-18,2015-03-18T14:48:00-04:00,0000078239,2014-12-02,2014-12-11T23:59:59-05:00,82450867,dei:EntityCommonStockSharesOutstanding,10-Q,0000078239-14-000041,2014-12-11,106,A,https://data.sec.gov/api/xbrl/companyconcept/CIK0000078239/dei/EntityCommonStockSharesOutstanding.json#accn=0000078239-14-000041,,,RESOLVED,,1
2940,RH,2015-03-18,2015-03-18T15:11:00-04:00,0001528849,2014-12-05,2014-12-11T23:59:59-05:00,39577121,dei:EntityCommonStockSharesOutstanding,10-Q,0001193125-14-440126,2014-12-11,103,A,https://data.sec.gov/api/xbrl/companyconcept/CIK0001528849/dei/EntityCommonStockSharesOutstanding.json#accn=0001193125-14-440126,,,RESOLVED,,1
2941,SNX,2015-03-18,2015-03-18T15:24:00-04:00,0001177394,2015-01-20,2015-01-29T23:59:59-05:00,39458421,dei:EntityCommonStockSharesOutstanding,10-K,0001177394-15-000007,2015-01-29,57,A,https://data.sec.gov/api/xbrl/companyconcept/CIK0001177394/dei/EntityCommonStockSharesOutstanding.json#accn=0001177394-15-000007,,,RESOLVED,,1
2942,CAG,2015-03-19,2015-03-19T14:49:00-04:00,0000023217,2014-11-23,2014-12-29T23:59:59-05:00,425916952,dei:EntityCommonStockSharesOutstanding,10-Q,0001445305-14-005699,2014-12-29,116,A,https://data.sec.gov/api/xbrl/companyconcept/CIK0000023217/dei/EntityCommonStockSharesOutstanding.json#accn=0001445305-14-005699,,,RESOLVED,,1
2943,GME,2015-03-19,2015-03-19T15:12:00-04:00,0001326380,2014-12-03,2014-12-10T23:59:59-05:00,108515426,dei:EntityCommonStockSharesOutstanding,10-Q,0001326380-14-000007,2014-12-10,106,A,https://data.sec.gov/api/xbrl/companyconcept/CIK0001326380/dei/EntityCommonStockSharesOutstanding.json#accn=0001326380-14-000007,,,RESOLVED,,1
2944,MAT,2015-03-19,2015-03-19T14:09:00-04:00,0000063276,2015-02-13,2015-02-25T23:59:59-05:00,338254021,dei:EntityCommonStockSharesOutstanding,10-K,0001193125-15-062193,2015-02-25,34,A,https://data.sec.gov/api/xbrl/companyconcept/CIK0000063276/dei/EntityCommonStockSharesOutstanding.json#accn=0001193125-15-062193,,,RESOLVED,,1
2945,MFRM,2015-03-19,2015-03-19T15:25:00-04:00,0001419852,2014-11-28,2014-12-03T23:59:59-05:00,35017602,dei:EntityCommonStockSharesOutstanding,10-Q,0001558370-14-000445,2014-12-03,111,A,https://data.sec.gov/api/xbrl/companyconcept/CIK0001419852/dei/EntityCommonStockSharesOutstanding.json#accn=0001558370-14-000445,,,RESOLVED,,1
2946,NKE,2015-03-19,2015-03-19T15:28:00-04:00,0000320187,2015-01-02,2015-01-07T23:59:59-05:00,863938522,dei:EntityCommonStockSharesOutstanding,10-Q,0000320187-15-000003,2015-01-07,76,A,https://data.sec.gov/api/xbrl/companyconcept/CIK0000320187/dei/EntityCommonStockSharesOutstanding.json#accn=0000320187-15-000003,,,RESOLVED,,1
2947,NOW,2015-03-19,2015-03-19T14:03:00-04:00,0001373715,2015-01-31,2015-02-27T23:59:59-05:00,150500000,dei:EntityCommonStockSharesOutstanding,10-K,0001373715-15-000067,2015-02-27,47,A,https://data.sec.gov/api/xbrl/companyconcept/CIK0001373715/dei/EntityCommonStockSharesOutstanding.json#accn=0001373715-15-000067,,,RESOLVED,,1
2948,PVH,2015-03-19,2015-03-19T14:48:00-04:00,0000078239,2014-12-02,2014-12-11T23:59:59-05:00,82450867,dei:EntityCommonStockSharesOutstanding,10-Q,0000078239-14-000041,2014-12-11,107,A,https://data.sec.gov/api/xbrl/companyconcept/CIK0000078239/dei/EntityCommonStockSharesOutstanding.json#accn=0000078239-14-000041,,,RESOLVED,,1
2949,RH,2015-03-19,2015-03-19T15:11:00-04:00,0001528849,2014-12-05,2014-12-11T23:59:59-05:00,39577121,dei:EntityCommonStockSharesOutstanding,10-Q,0001193125-14-440126,2014-12-11,104,A,https://data.sec.gov/api/xbrl/companyconcept/CIK0001528849/dei/EntityCommonStockSharesOutstanding.json#accn=0001193125-14-440126,,,RESOLVED,,1
2950,SNX,2015-03-19,2015-03-19T15:24:00-04:00,0001177394,2015-01-20,2015-01-29T23:59:59-05:00,39458421,dei:EntityCommonStockSharesOutstanding,10-K,0001177394-15-000007,2015-01-29,58,A,https://data.sec.gov/api/xbrl/companyconcept/CIK0001177394/dei/EntityCommonStockSharesOutstanding.json#accn=0001177394-15-000007,,,RESOLVED,,1
2951,CAG,2015-03-20,2015-03-20T14:49:00-04:00,0000023217,2014-11-23,2014-12-29T23:59:59-05:00,425916952,dei:EntityCommonStockSharesOutstanding,10-Q,0001445305-14-005699,2014-12-29,117,A,https://data.sec.gov/api/xbrl/companyconcept/CIK0000023217/dei/EntityCommonStockSharesOutstanding.json#accn=0001445305-14-005699,,,RESOLVED,,1
2952,CREE,2015-03-20,2015-03-20T14:59:00-04:00,0000895419,2015-01-14,2015-01-21T23:59:59-05:00,111630099,dei:EntityCommonStockSharesOutstanding,10-Q,0000895419-15-000007,2015-01-21,65,A,https://data.sec.gov/api/xbrl/companyconcept/CIK0000895419/dei/EntityCommonStockSharesOutstanding.json#accn=0000895419-15-000007,,,RESOLVED,,1
2953,GME,2015-03-20,2015-03-20T15:12:00-04:00,0001326380,2014-12-03,2014-12-10T23:59:59-05:00,108515426,dei:EntityCommonStockSharesOutstanding,10-Q,0001326380-14-000007,2014-12-10,107,A,https://data.sec.gov/api/xbrl/companyconcept/CIK0001326380/dei/EntityCommonStockSharesOutstanding.json#accn=0001326380-14-000007,,,RESOLVED,,1
2954,ILMN,2015-03-20,2015-03-20T14:18:00-04:00,0001110803,2015-01-30,2015-02-18T23:59:59-05:00,143800000,dei:EntityCommonStockSharesOutstanding,10-K,0001110803-15-000064,2015-02-18,49,A,https://data.sec.gov/api/xbrl/companyconcept/CIK0001110803/dei/EntityCommonStockSharesOutstanding.json#accn=0001110803-15-000064,,,RESOLVED,,1
2955,MAT,2015-03-20,2015-03-20T14:09:00-04:00,0000063276,2015-02-13,2015-02-25T23:59:59-05:00,338254021,dei:EntityCommonStockSharesOutstanding,10-K,0001193125-15-062193,2015-02-25,35,A,https://data.sec.gov/api/xbrl/companyconcept/CIK0000063276/dei/EntityCommonStockSharesOutstanding.json#accn=0001193125-15-062193,,,RESOLVED,,1
2956,NOW,2015-03-20,2015-03-20T14:03:00-04:00,0001373715,2015-01-31,2015-02-27T23:59:59-05:00,150500000,dei:EntityCommonStockSharesOutstanding,10-K,0001373715-15-000067,2015-02-27,48,A,https://data.sec.gov/api/xbrl/companyconcept/CIK0001373715/dei/EntityCommonStockSharesOutstanding.json#accn=0001373715-15-000067,,,RESOLVED,,1
2957,PVH,2015-03-20,2015-03-20T14:48:00-04:00,0000078239,2014-12-02,2014-12-11T23:59:59-05:00,82450867,dei:EntityCommonStockSharesOutstanding,10-Q,0000078239-14-000041,2014-12-11,108,A,https://data.sec.gov/api/xbrl/companyconcept/CIK0000078239/dei/EntityCommonStockSharesOutstanding.json#accn=0000078239-14-000041,,,RESOLVED,,1
2958,RH,2015-03-20,2015-03-20T15:11:00-04:00,0001528849,2014-12-05,2014-12-11T23:59:59-05:00,39577121,dei:EntityCommonStockSharesOutstanding,10-Q,0001193125-14-440126,2014-12-11,105,A,https://data.sec.gov/api/xbrl/companyconcept/CIK0001528849/dei/EntityCommonStockSharesOutstanding.json#accn=0001193125-14-440126,,,RESOLVED,,1
2959,SNX,2015-03-20,2015-03-20T15:24:00-04:00,0001177394,2015-01-20,2015-01-29T23:59:59-05:00,39458421,dei:EntityCommonStockSharesOutstanding,10-K,0001177394-15-000007,2015-01-29,59,A,https://data.sec.gov/api/xbrl/companyconcept/CIK0001177394/dei/EntityCommonStockSharesOutstanding.json#accn=0001177394-15-000007,,,RESOLVED,,1
2960,AMP,2015-03-23,2015-03-23T14:52:00-04:00,0000820027,2015-02-13,2015-02-24T23:59:59-05:00,182511452,dei:EntityCommonStockSharesOutstanding,10-K,0000820027-15-000024,2015-02-24,38,A,https://data.sec.gov/api/xbrl/companyconcept/CIK0000820027/dei/EntityCommonStockSharesOutstanding.json#accn=0000820027-15-000024,,,RESOLVED,,1
2961,CAG,2015-03-23,2015-03-23T14:49:00-04:00,0000023217,2014-11-23,2014-12-29T23:59:59-05:00,425916952,dei:EntityCommonStockSharesOutstanding,10-Q,0001445305-14-005699,2014-12-29,120,A,https://data.sec.gov/api/xbrl/companyconcept/CIK0000023217/dei/EntityCommonStockSharesOutstanding.json#accn=0001445305-14-005699,,,RESOLVED,,1
2962,CAKE,2015-03-23,2015-03-23T13:52:00-04:00,0000887596,2015-02-16,2015-03-02T23:59:59-05:00,49951875,dei:EntityCommonStockSharesOutstanding,10-K,0001104659-15-015350,2015-03-02,35,A,https://data.sec.gov/api/xbrl/companyconcept/CIK0000887596/dei/EntityCommonStockSharesOutstanding.json#accn=0001104659-15-015350,,,RESOLVED,,1
2963,COL,2015-03-23,2015-03-23T13:59:00-04:00,0001137411,2015-01-19,2015-01-23T23:59:59-05:00,132287306,dei:EntityCommonStockSharesOutstanding,10-Q,0001137411-15-000029,2015-01-23,63,A,https://data.sec.gov/api/xbrl/companyconcept/CIK0001137411/dei/EntityCommonStockSharesOutstanding.json#accn=0001137411-15-000029,,,RESOLVED,,1
2964,CREE,2015-03-23,2015-03-23T14:59:00-04:00,0000895419,2015-01-14,2015-01-21T23:59:59-05:00,111630099,dei:EntityCommonStockSharesOutstanding,10-Q,0000895419-15-000007,2015-01-21,68,A,https://data.sec.gov/api/xbrl/companyconcept/CIK0000895419/dei/EntityCommonStockSharesOutstanding.json#accn=0000895419-15-000007,,,RESOLVED,,1
2965,GME,2015-03-23,2015-03-23T15:12:00-04:00,0001326380,2014-12-03,2014-12-10T23:59:59-05:00,108515426,dei:EntityCommonStockSharesOutstanding,10-Q,0001326380-14-000007,2014-12-10,110,A,https://data.sec.gov/api/xbrl/companyconcept/CIK0001326380/dei/EntityCommonStockSharesOutstanding.json#accn=0001326380-14-000007,,,RESOLVED,,1
2966,ILMN,2015-03-23,2015-03-23T14:18:00-04:00,0001110803,2015-01-30,2015-02-18T23:59:59-05:00,143800000,dei:EntityCommonStockSharesOutstanding,10-K,0001110803-15-000064,2015-02-18,52,A,https://data.sec.gov/api/xbrl/companyconcept/CIK0001110803/dei/EntityCommonStockSharesOutstanding.json#accn=0001110803-15-000064,,,RESOLVED,,1
2967,MAT,2015-03-23,2015-03-23T14:09:00-04:00,0000063276,2015-02-13,2015-02-25T23:59:59-05:00,338254021,dei:EntityCommonStockSharesOutstanding,10-K,0001193125-15-062193,2015-02-25,38,A,https://data.sec.gov/api/xbrl/companyconcept/CIK0000063276/dei/EntityCommonStockSharesOutstanding.json#accn=0001193125-15-062193,,,RESOLVED,,1
2968,NOW,2015-03-23,2015-03-23T14:03:00-04:00,0001373715,2015-01-31,2015-02-27T23:59:59-05:00,150500000,dei:EntityCommonStockSharesOutstanding,10-K,0001373715-15-000067,2015-02-27,51,A,https://data.sec.gov/api/xbrl/companyconcept/CIK0001373715/dei/EntityCommonStockSharesOutstanding.json#accn=0001373715-15-000067,,,RESOLVED,,1
2969,PVH,2015-03-23,2015-03-23T14:48:00-04:00,0000078239,2014-12-02,2014-12-11T23:59:59-05:00,82450867,dei:EntityCommonStockSharesOutstanding,10-Q,0000078239-14-000041,2014-12-11,111,A,https://data.sec.gov/api/xbrl/companyconcept/CIK0000078239/dei/EntityCommonStockSharesOutstanding.json#accn=0000078239-14-000041,,,RESOLVED,,1
2970,RH,2015-03-23,2015-03-23T15:11:00-04:00,0001528849,2014-12-05,2014-12-11T23:59:59-05:00,39577121,dei:EntityCommonStockSharesOutstanding,10-Q,0001193125-14-440126,2014-12-11,108,A,https://data.sec.gov/api/xbrl/companyconcept/CIK0001528849/dei/EntityCommonStockSharesOutstanding.json#accn=0001193125-14-440126,,,RESOLVED,,1
2971,SKX,2015-03-23,2015-03-23T14:54:00-04:00,0001065837,2015-02-17,2015-03-02T23:59:59-05:00,52021294,sec_cover_page,10-K,0001193125-15-068511,2015-03-02,34,A,https://www.sec.gov/Archives/edgar/data/1065837/000119312515068511/d846076d10k.htm,,,RESOLVED,,1
2972,SNX,2015-03-23,2015-03-23T15:24:00-04:00,0001177394,2015-01-20,2015-01-29T23:59:59-05:00,39458421,dei:EntityCommonStockSharesOutstanding,10-K,0001177394-15-000007,2015-01-29,62,A,https://data.sec.gov/api/xbrl/companyconcept/CIK0001177394/dei/EntityCommonStockSharesOutstanding.json#accn=0001177394-15-000007,,,RESOLVED,,1
2973,AMP,2015-03-24,2015-03-24T14:52:00-04:00,0000820027,2015-02-13,2015-02-24T23:59:59-05:00,182511452,dei:EntityCommonStockSharesOutstanding,10-K,0000820027-15-000024,2015-02-24,39,A,https://data.sec.gov/api/xbrl/companyconcept/CIK0000820027/dei/EntityCommonStockSharesOutstanding.json#accn=0000820027-15-000024,,,RESOLVED,,1
2974,CAG,2015-03-24,2015-03-24T14:49:00-04:00,0000023217,2014-11-23,2014-12-29T23:59:59-05:00,425916952,dei:EntityCommonStockSharesOutstanding,10-Q,0001445305-14-005699,2014-12-29,121,A,https://data.sec.gov/api/xbrl/companyconcept/CIK0000023217/dei/EntityCommonStockSharesOutstanding.json#accn=0001445305-14-005699,,,RESOLVED,,1
2975,CAKE,2015-03-24,2015-03-24T13:52:00-04:00,0000887596,2015-02-16,2015-03-02T23:59:59-05:00,49951875,dei:EntityCommonStockSharesOutstanding,10-K,0001104659-15-015350,2015-03-02,36,A,https://data.sec.gov/api/xbrl/companyconcept/CIK0000887596/dei/EntityCommonStockSharesOutstanding.json#accn=0001104659-15-015350,,,RESOLVED,,1
2976,COL,2015-03-24,2015-03-24T13:59:00-04:00,0001137411,2015-01-19,2015-01-23T23:59:59-05:00,132287306,dei:EntityCommonStockSharesOutstanding,10-Q,0001137411-15-000029,2015-01-23,64,A,https://data.sec.gov/api/xbrl/companyconcept/CIK0001137411/dei/EntityCommonStockSharesOutstanding.json#accn=0001137411-15-000029,,,RESOLVED,,1
2977,CREE,2015-03-24,2015-03-24T14:59:00-04:00,0000895419,2015-01-14,2015-01-21T23:59:59-05:00,111630099,dei:EntityCommonStockSharesOutstanding,10-Q,0000895419-15-000007,2015-01-21,69,A,https://data.sec.gov/api/xbrl/companyconcept/CIK0000895419/dei/EntityCommonStockSharesOutstanding.json#accn=0000895419-15-000007,,,RESOLVED,,1
2978,GME,2015-03-24,2015-03-24T15:12:00-04:00,0001326380,2014-12-03,2014-12-10T23:59:59-05:00,108515426,dei:EntityCommonStockSharesOutstanding,10-Q,0001326380-14-000007,2014-12-10,111,A,https://data.sec.gov/api/xbrl/companyconcept/CIK0001326380/dei/EntityCommonStockSharesOutstanding.json#accn=0001326380-14-000007,,,RESOLVED,,1
2979,ILMN,2015-03-24,2015-03-24T14:18:00-04:00,0001110803,2015-01-30,2015-02-18T23:59:59-05:00,143800000,dei:EntityCommonStockSharesOutstanding,10-K,0001110803-15-000064,2015-02-18,53,A,https://data.sec.gov/api/xbrl/companyconcept/CIK0001110803/dei/EntityCommonStockSharesOutstanding.json#accn=0001110803-15-000064,,,RESOLVED,,1
2980,MAT,2015-03-24,2015-03-24T14:09:00-04:00,0000063276,2015-02-13,2015-02-25T23:59:59-05:00,338254021,dei:EntityCommonStockSharesOutstanding,10-K,0001193125-15-062193,2015-02-25,39,A,https://data.sec.gov/api/xbrl/companyconcept/CIK0000063276/dei/EntityCommonStockSharesOutstanding.json#accn=0001193125-15-062193,,,RESOLVED,,1
2981,NOW,2015-03-24,2015-03-24T14:03:00-04:00,0001373715,2015-01-31,2015-02-27T23:59:59-05:00,150500000,dei:EntityCommonStockSharesOutstanding,10-K,0001373715-15-000067,2015-02-27,52,A,https://data.sec.gov/api/xbrl/companyconcept/CIK0001373715/dei/EntityCommonStockSharesOutstanding.json#accn=0001373715-15-000067,,,RESOLVED,,1
2982,PVH,2015-03-24,2015-03-24T14:48:00-04:00,0000078239,2014-12-02,2014-12-11T23:59:59-05:00,82450867,dei:EntityCommonStockSharesOutstanding,10-Q,0000078239-14-000041,2014-12-11,112,A,https://data.sec.gov/api/xbrl/companyconcept/CIK0000078239/dei/EntityCommonStockSharesOutstanding.json#accn=0000078239-14-000041,,,RESOLVED,,1
2983,RH,2015-03-24,2015-03-24T15:11:00-04:00,0001528849,2014-12-05,2014-12-11T23:59:59-05:00,39577121,dei:EntityCommonStockSharesOutstanding,10-Q,0001193125-14-440126,2014-12-11,109,A,https://data.sec.gov/api/xbrl/companyconcept/CIK0001528849/dei/EntityCommonStockSharesOutstanding.json#accn=0001193125-14-440126,,,RESOLVED,,1
2984,SKX,2015-03-24,2015-03-24T14:54:00-04:00,0001065837,2015-02-17,2015-03-02T23:59:59-05:00,52021294,sec_cover_page,10-K,0001193125-15-068511,2015-03-02,35,A,https://www.sec.gov/Archives/edgar/data/1065837/000119312515068511/d846076d10k.htm,,,RESOLVED,,1
2985,SNX,2015-03-24,2015-03-24T15:24:00-04:00,0001177394,2015-01-20,2015-01-29T23:59:59-05:00,39458421,dei:EntityCommonStockSharesOutstanding,10-K,0001177394-15-000007,2015-01-29,63,A,https://data.sec.gov/api/xbrl/companyconcept/CIK0001177394/dei/EntityCommonStockSharesOutstanding.json#accn=0001177394-15-000007,,,RESOLVED,,1
2986,AMP,2015-03-25,2015-03-25T14:52:00-04:00,0000820027,2015-02-13,2015-02-24T23:59:59-05:00,182511452,dei:EntityCommonStockSharesOutstanding,10-K,0000820027-15-000024,2015-02-24,40,A,https://data.sec.gov/api/xbrl/companyconcept/CIK0000820027/dei/EntityCommonStockSharesOutstanding.json#accn=0000820027-15-000024,,,RESOLVED,,1
2987,CAG,2015-03-25,2015-03-25T14:49:00-04:00,0000023217,2014-11-23,2014-12-29T23:59:59-05:00,425916952,dei:EntityCommonStockSharesOutstanding,10-Q,0001445305-14-005699,2014-12-29,122,A,https://data.sec.gov/api/xbrl/companyconcept/CIK0000023217/dei/EntityCommonStockSharesOutstanding.json#accn=0001445305-14-005699,,,RESOLVED,,1
2988,CAKE,2015-03-25,2015-03-25T13:52:00-04:00,0000887596,2015-02-16,2015-03-02T23:59:59-05:00,49951875,dei:EntityCommonStockSharesOutstanding,10-K,0001104659-15-015350,2015-03-02,37,A,https://data.sec.gov/api/xbrl/companyconcept/CIK0000887596/dei/EntityCommonStockSharesOutstanding.json#accn=0001104659-15-015350,,,RESOLVED,,1
2989,COL,2015-03-25,2015-03-25T13:59:00-04:00,0001137411,2015-01-19,2015-01-23T23:59:59-05:00,132287306,dei:EntityCommonStockSharesOutstanding,10-Q,0001137411-15-000029,2015-01-23,65,A,https://data.sec.gov/api/xbrl/companyconcept/CIK0001137411/dei/EntityCommonStockSharesOutstanding.json#accn=0001137411-15-000029,,,RESOLVED,,1
2990,CREE,2015-03-25,2015-03-25T14:59:00-04:00,0000895419,2015-01-14,2015-01-21T23:59:59-05:00,111630099,dei:EntityCommonStockSharesOutstanding,10-Q,0000895419-15-000007,2015-01-21,70,A,https://data.sec.gov/api/xbrl/companyconcept/CIK0000895419/dei/EntityCommonStockSharesOutstanding.json#accn=0000895419-15-000007,,,RESOLVED,,1
2991,GME,2015-03-25,2015-03-25T15:12:00-04:00,0001326380,2014-12-03,2014-12-10T23:59:59-05:00,108515426,dei:EntityCommonStockSharesOutstanding,10-Q,0001326380-14-000007,2014-12-10,112,A,https://data.sec.gov/api/xbrl/companyconcept/CIK0001326380/dei/EntityCommonStockSharesOutstanding.json#accn=0001326380-14-000007,,,RESOLVED,,1
2992,ILMN,2015-03-25,2015-03-25T14:18:00-04:00,0001110803,2015-01-30,2015-02-18T23:59:59-05:00,143800000,dei:EntityCommonStockSharesOutstanding,10-K,0001110803-15-000064,2015-02-18,54,A,https://data.sec.gov/api/xbrl/companyconcept/CIK0001110803/dei/EntityCommonStockSharesOutstanding.json#accn=0001110803-15-000064,,,RESOLVED,,1
2993,MAT,2015-03-25,2015-03-25T14:09:00-04:00,0000063276,2015-02-13,2015-02-25T23:59:59-05:00,338254021,dei:EntityCommonStockSharesOutstanding,10-K,0001193125-15-062193,2015-02-25,40,A,https://data.sec.gov/api/xbrl/companyconcept/CIK0000063276/dei/EntityCommonStockSharesOutstanding.json#accn=0001193125-15-062193,,,RESOLVED,,1
2994,NOW,2015-03-25,2015-03-25T14:03:00-04:00,0001373715,2015-01-31,2015-02-27T23:59:59-05:00,150500000,dei:EntityCommonStockSharesOutstanding,10-K,0001373715-15-000067,2015-02-27,53,A,https://data.sec.gov/api/xbrl/companyconcept/CIK0001373715/dei/EntityCommonStockSharesOutstanding.json#accn=0001373715-15-000067,,,RESOLVED,,1
2995,PVH,2015-03-25,2015-03-25T14:48:00-04:00,0000078239,2014-12-02,2014-12-11T23:59:59-05:00,82450867,dei:EntityCommonStockSharesOutstanding,10-Q,0000078239-14-000041,2014-12-11,113,A,https://data.sec.gov/api/xbrl/companyconcept/CIK0000078239/dei/EntityCommonStockSharesOutstanding.json#accn=0000078239-14-000041,,,RESOLVED,,1
2996,RH,2015-03-25,2015-03-25T15:11:00-04:00,0001528849,2014-12-05,2014-12-11T23:59:59-05:00,39577121,dei:EntityCommonStockSharesOutstanding,10-Q,0001193125-14-440126,2014-12-11,110,A,https://data.sec.gov/api/xbrl/companyconcept/CIK0001528849/dei/EntityCommonStockSharesOutstanding.json#accn=0001193125-14-440126,,,RESOLVED,,1
2997,SKX,2015-03-25,2015-03-25T14:54:00-04:00,0001065837,2015-02-17,2015-03-02T23:59:59-05:00,52021294,sec_cover_page,10-K,0001193125-15-068511,2015-03-02,36,A,https://www.sec.gov/Archives/edgar/data/1065837/000119312515068511/d846076d10k.htm,,,RESOLVED,,1
2998,SNX,2015-03-25,2015-03-25T15:24:00-04:00,0001177394,2015-01-20,2015-01-29T23:59:59-05:00,39458421,dei:EntityCommonStockSharesOutstanding,10-K,0001177394-15-000007,2015-01-29,64,A,https://data.sec.gov/api/xbrl/companyconcept/CIK0001177394/dei/EntityCommonStockSharesOutstanding.json#accn=0001177394-15-000007,,,RESOLVED,,1
2999,ALSN,2015-03-26,2015-03-26T14:47:00-04:00,0001411207,2015-02-05,2015-02-20T23:59:59-05:00,180053650,dei:EntityCommonStockSharesOutstanding,10-K,0001193125-15-055034,2015-02-20,49,A,https://data.sec.gov/api/xbrl/companyconcept/CIK0001411207/dei/EntityCommonStockSharesOutstanding.json#accn=0001193125-15-055034,,,RESOLVED,,1
3000,AMP,2015-03-26,2015-03-26T14:52:00-04:00,0000820027,2015-02-13,2015-02-24T23:59:59-05:00,182511452,dei:EntityCommonStockSharesOutstanding,10-K,0000820027-15-000024,2015-02-24,41,A,https://data.sec.gov/api/xbrl/companyconcept/CIK0000820027/dei/EntityCommonStockSharesOutstanding.json#accn=0000820027-15-000024,,,RESOLVED,,1
