observation_index,historical_symbol,target_trade_date,target_cutoff_local,cik,fact_date,available_at,shares_outstanding,source_tag,form,accession,filed_date,staleness_days,source_grade,source_reference,staleness_exception_max_days,staleness_exception_reason,status,unresolved_reason,research_use_only
1501,TIBX,2013-08-26,2013-08-26T14:59:00-04:00,0001085280,2013-07-01,2013-07-11T23:59:59-04:00,162510870,dei:EntityCommonStockSharesOutstanding,10-Q,0001085280-13-000138,2013-07-11,56,A,https://data.sec.gov/api/xbrl/companyconcept/CIK0001085280/dei/EntityCommonStockSharesOutstanding.json#accn=0001085280-13-000138,,,RESOLVED,,1
1502,TIBX,2013-08-27,2013-08-27T14:59:00-04:00,0001085280,2013-07-01,2013-07-11T23:59:59-04:00,162510870,dei:EntityCommonStockSharesOutstanding,10-Q,0001085280-13-000138,2013-07-11,57,A,https://data.sec.gov/api/xbrl/companyconcept/CIK0001085280/dei/EntityCommonStockSharesOutstanding.json#accn=0001085280-13-000138,,,RESOLVED,,1
1503,TIBX,2013-08-28,2013-08-28T14:59:00-04:00,0001085280,2013-07-01,2013-07-11T23:59:59-04:00,162510870,dei:EntityCommonStockSharesOutstanding,10-Q,0001085280-13-000138,2013-07-11,58,A,https://data.sec.gov/api/xbrl/companyconcept/CIK0001085280/dei/EntityCommonStockSharesOutstanding.json#accn=0001085280-13-000138,,,RESOLVED,,1
1504,TIBX,2013-08-29,2013-08-29T14:59:00-04:00,0001085280,2013-07-01,2013-07-11T23:59:59-04:00,162510870,dei:EntityCommonStockSharesOutstanding,10-Q,0001085280-13-000138,2013-07-11,59,A,https://data.sec.gov/api/xbrl/companyconcept/CIK0001085280/dei/EntityCommonStockSharesOutstanding.json#accn=0001085280-13-000138,,,RESOLVED,,1
1505,TIBX,2013-08-30,2013-08-30T14:59:00-04:00,0001085280,2013-07-01,2013-07-11T23:59:59-04:00,162510870,dei:EntityCommonStockSharesOutstanding,10-Q,0001085280-13-000138,2013-07-11,60,A,https://data.sec.gov/api/xbrl/companyconcept/CIK0001085280/dei/EntityCommonStockSharesOutstanding.json#accn=0001085280-13-000138,,,RESOLVED,,1
1506,TIBX,2013-09-03,2013-09-03T14:59:00-04:00,0001085280,2013-07-01,2013-07-11T23:59:59-04:00,162510870,dei:EntityCommonStockSharesOutstanding,10-Q,0001085280-13-000138,2013-07-11,64,A,https://data.sec.gov/api/xbrl/companyconcept/CIK0001085280/dei/EntityCommonStockSharesOutstanding.json#accn=0001085280-13-000138,,,RESOLVED,,1
1507,TIBX,2013-09-04,2013-09-04T14:59:00-04:00,0001085280,2013-07-01,2013-07-11T23:59:59-04:00,162510870,dei:EntityCommonStockSharesOutstanding,10-Q,0001085280-13-000138,2013-07-11,65,A,https://data.sec.gov/api/xbrl/companyconcept/CIK0001085280/dei/EntityCommonStockSharesOutstanding.json#accn=0001085280-13-000138,,,RESOLVED,,1
1508,TIBX,2013-09-05,2013-09-05T14:59:00-04:00,0001085280,2013-07-01,2013-07-11T23:59:59-04:00,162510870,dei:EntityCommonStockSharesOutstanding,10-Q,0001085280-13-000138,2013-07-11,66,A,https://data.sec.gov/api/xbrl/companyconcept/CIK0001085280/dei/EntityCommonStockSharesOutstanding.json#accn=0001085280-13-000138,,,RESOLVED,,1
1509,TIBX,2013-09-06,2013-09-06T14:59:00-04:00,0001085280,2013-07-01,2013-07-11T23:59:59-04:00,162510870,dei:EntityCommonStockSharesOutstanding,10-Q,0001085280-13-000138,2013-07-11,67,A,https://data.sec.gov/api/xbrl/companyconcept/CIK0001085280/dei/EntityCommonStockSharesOutstanding.json#accn=0001085280-13-000138,,,RESOLVED,,1
1510,TIBX,2013-09-09,2013-09-09T14:59:00-04:00,0001085280,2013-07-01,2013-07-11T23:59:59-04:00,162510870,dei:EntityCommonStockSharesOutstanding,10-Q,0001085280-13-000138,2013-07-11,70,A,https://data.sec.gov/api/xbrl/companyconcept/CIK0001085280/dei/EntityCommonStockSharesOutstanding.json#accn=0001085280-13-000138,,,RESOLVED,,1
1511,TIBX,2013-09-10,2013-09-10T14:59:00-04:00,0001085280,2013-07-01,2013-07-11T23:59:59-04:00,162510870,dei:EntityCommonStockSharesOutstanding,10-Q,0001085280-13-000138,2013-07-11,71,A,https://data.sec.gov/api/xbrl/companyconcept/CIK0001085280/dei/EntityCommonStockSharesOutstanding.json#accn=0001085280-13-000138,,,RESOLVED,,1
1512,TIBX,2013-09-11,2013-09-11T14:59:00-04:00,0001085280,2013-07-01,2013-07-11T23:59:59-04:00,162510870,dei:EntityCommonStockSharesOutstanding,10-Q,0001085280-13-000138,2013-07-11,72,A,https://data.sec.gov/api/xbrl/companyconcept/CIK0001085280/dei/EntityCommonStockSharesOutstanding.json#accn=0001085280-13-000138,,,RESOLVED,,1
1513,TIBX,2013-09-12,2013-09-12T14:59:00-04:00,0001085280,2013-07-01,2013-07-11T23:59:59-04:00,162510870,dei:EntityCommonStockSharesOutstanding,10-Q,0001085280-13-000138,2013-07-11,73,A,https://data.sec.gov/api/xbrl/companyconcept/CIK0001085280/dei/EntityCommonStockSharesOutstanding.json#accn=0001085280-13-000138,,,RESOLVED,,1
1514,TIBX,2013-09-13,2013-09-13T14:59:00-04:00,0001085280,2013-07-01,2013-07-11T23:59:59-04:00,162510870,dei:EntityCommonStockSharesOutstanding,10-Q,0001085280-13-000138,2013-07-11,74,A,https://data.sec.gov/api/xbrl/companyconcept/CIK0001085280/dei/EntityCommonStockSharesOutstanding.json#accn=0001085280-13-000138,,,RESOLVED,,1
1515,TIBX,2013-09-16,2013-09-16T14:59:00-04:00,0001085280,2013-07-01,2013-07-11T23:59:59-04:00,162510870,dei:EntityCommonStockSharesOutstanding,10-Q,0001085280-13-000138,2013-07-11,77,A,https://data.sec.gov/api/xbrl/companyconcept/CIK0001085280/dei/EntityCommonStockSharesOutstanding.json#accn=0001085280-13-000138,,,RESOLVED,,1
1516,TIBX,2013-09-17,2013-09-17T14:59:00-04:00,0001085280,2013-07-01,2013-07-11T23:59:59-04:00,162510870,dei:EntityCommonStockSharesOutstanding,10-Q,0001085280-13-000138,2013-07-11,78,A,https://data.sec.gov/api/xbrl/companyconcept/CIK0001085280/dei/EntityCommonStockSharesOutstanding.json#accn=0001085280-13-000138,,,RESOLVED,,1
1517,ALGN,2013-09-18,2013-09-18T13:13:00-04:00,0001097149,2013-07-26,2013-08-02T23:59:59-04:00,79837318,dei:EntityCommonStockSharesOutstanding,10-Q,0001097149-13-000033,2013-08-02,54,A,https://data.sec.gov/api/xbrl/companyconcept/CIK0001097149/dei/EntityCommonStockSharesOutstanding.json#accn=0001097149-13-000033,,,RESOLVED,,1
1518,AMD,2013-09-18,2013-09-18T14:10:00-04:00,0000002488,2013-07-29,2013-08-01T23:59:59-04:00,720015466,dei:EntityCommonStockSharesOutstanding,10-Q,0001193125-13-315281,2013-08-01,51,A,https://data.sec.gov/api/xbrl/companyconcept/CIK0000002488/dei/EntityCommonStockSharesOutstanding.json#accn=0001193125-13-315281,,,RESOLVED,,1
1519,TIBX,2013-09-18,2013-09-18T14:59:00-04:00,0001085280,2013-07-01,2013-07-11T23:59:59-04:00,162510870,dei:EntityCommonStockSharesOutstanding,10-Q,0001085280-13-000138,2013-07-11,79,A,https://data.sec.gov/api/xbrl/companyconcept/CIK0001085280/dei/EntityCommonStockSharesOutstanding.json#accn=0001085280-13-000138,,,RESOLVED,,1
1520,ALGN,2013-09-19,2013-09-19T13:13:00-04:00,0001097149,2013-07-26,2013-08-02T23:59:59-04:00,79837318,dei:EntityCommonStockSharesOutstanding,10-Q,0001097149-13-000033,2013-08-02,55,A,https://data.sec.gov/api/xbrl/companyconcept/CIK0001097149/dei/EntityCommonStockSharesOutstanding.json#accn=0001097149-13-000033,,,RESOLVED,,1
1521,AMD,2013-09-19,2013-09-19T14:10:00-04:00,0000002488,2013-07-29,2013-08-01T23:59:59-04:00,720015466,dei:EntityCommonStockSharesOutstanding,10-Q,0001193125-13-315281,2013-08-01,52,A,https://data.sec.gov/api/xbrl/companyconcept/CIK0000002488/dei/EntityCommonStockSharesOutstanding.json#accn=0001193125-13-315281,,,RESOLVED,,1
1522,TIBX,2013-09-19,2013-09-19T14:59:00-04:00,0001085280,2013-07-01,2013-07-11T23:59:59-04:00,162510870,dei:EntityCommonStockSharesOutstanding,10-Q,0001085280-13-000138,2013-07-11,80,A,https://data.sec.gov/api/xbrl/companyconcept/CIK0001085280/dei/EntityCommonStockSharesOutstanding.json#accn=0001085280-13-000138,,,RESOLVED,,1
1523,ALGN,2013-09-20,2013-09-20T13:13:00-04:00,0001097149,2013-07-26,2013-08-02T23:59:59-04:00,79837318,dei:EntityCommonStockSharesOutstanding,10-Q,0001097149-13-000033,2013-08-02,56,A,https://data.sec.gov/api/xbrl/companyconcept/CIK0001097149/dei/EntityCommonStockSharesOutstanding.json#accn=0001097149-13-000033,,,RESOLVED,,1
1524,AMD,2013-09-20,2013-09-20T14:10:00-04:00,0000002488,2013-07-29,2013-08-01T23:59:59-04:00,720015466,dei:EntityCommonStockSharesOutstanding,10-Q,0001193125-13-315281,2013-08-01,53,A,https://data.sec.gov/api/xbrl/companyconcept/CIK0000002488/dei/EntityCommonStockSharesOutstanding.json#accn=0001193125-13-315281,,,RESOLVED,,1
1525,GNTX,2013-09-20,2013-09-20T14:51:00-04:00,0000355811,2013-07-25,2013-08-02T23:59:59-04:00,144259553,dei:EntityCommonStockSharesOutstanding,10-Q,0000355811-13-000036,2013-08-02,57,A,https://data.sec.gov/api/xbrl/companyconcept/CIK0000355811/dei/EntityCommonStockSharesOutstanding.json#accn=0000355811-13-000036,,,RESOLVED,,1
1526,VMW,2013-09-20,2013-09-20T15:19:00-04:00,0001124610,2013-07-26,2013-08-06T23:59:59-04:00,429517210,sec_cover_page,10-Q,0001124610-13-000027,2013-08-06,56,A,https://www.sec.gov/Archives/edgar/data/1124610/000112461013000027/vmw-6302013x10q.htm,,,RESOLVED,,1
1527,ALGN,2013-09-23,2013-09-23T13:13:00-04:00,0001097149,2013-07-26,2013-08-02T23:59:59-04:00,79837318,dei:EntityCommonStockSharesOutstanding,10-Q,0001097149-13-000033,2013-08-02,59,A,https://data.sec.gov/api/xbrl/companyconcept/CIK0001097149/dei/EntityCommonStockSharesOutstanding.json#accn=0001097149-13-000033,,,RESOLVED,,1
1528,AMD,2013-09-23,2013-09-23T14:10:00-04:00,0000002488,2013-07-29,2013-08-01T23:59:59-04:00,720015466,dei:EntityCommonStockSharesOutstanding,10-Q,0001193125-13-315281,2013-08-01,56,A,https://data.sec.gov/api/xbrl/companyconcept/CIK0000002488/dei/EntityCommonStockSharesOutstanding.json#accn=0001193125-13-315281,,,RESOLVED,,1
1529,GNTX,2013-09-23,2013-09-23T14:51:00-04:00,0000355811,2013-07-25,2013-08-02T23:59:59-04:00,144259553,dei:EntityCommonStockSharesOutstanding,10-Q,0000355811-13-000036,2013-08-02,60,A,https://data.sec.gov/api/xbrl/companyconcept/CIK0000355811/dei/EntityCommonStockSharesOutstanding.json#accn=0000355811-13-000036,,,RESOLVED,,1
1530,JNPR,2013-09-23,2013-09-23T13:28:00-04:00,0001043604,2013-08-02,2013-08-08T23:59:59-04:00,506838542,dei:EntityCommonStockSharesOutstanding,10-Q,0001043604-13-000072,2013-08-08,52,A,https://data.sec.gov/api/xbrl/companyconcept/CIK0001043604/dei/EntityCommonStockSharesOutstanding.json#accn=0001043604-13-000072,,,RESOLVED,,1
1531,PNRA,2013-09-23,2013-09-23T14:50:00-04:00,0000724606,2013-07-23,2013-07-25T23:59:59-04:00,29498839,sec_cover_page,10-Q,0000724606-13-000028,2013-07-25,62,A,https://www.sec.gov/Archives/edgar/data/724606/000072460613000028/a2013062510q.htm,,,RESOLVED,,1
1532,VMW,2013-09-23,2013-09-23T15:19:00-04:00,0001124610,2013-07-26,2013-08-06T23:59:59-04:00,429517210,sec_cover_page,10-Q,0001124610-13-000027,2013-08-06,59,A,https://www.sec.gov/Archives/edgar/data/1124610/000112461013000027/vmw-6302013x10q.htm,,,RESOLVED,,1
1533,ALGN,2013-09-24,2013-09-24T13:13:00-04:00,0001097149,2013-07-26,2013-08-02T23:59:59-04:00,79837318,dei:EntityCommonStockSharesOutstanding,10-Q,0001097149-13-000033,2013-08-02,60,A,https://data.sec.gov/api/xbrl/companyconcept/CIK0001097149/dei/EntityCommonStockSharesOutstanding.json#accn=0001097149-13-000033,,,RESOLVED,,1
1534,AMD,2013-09-24,2013-09-24T14:10:00-04:00,0000002488,2013-07-29,2013-08-01T23:59:59-04:00,720015466,dei:EntityCommonStockSharesOutstanding,10-Q,0001193125-13-315281,2013-08-01,57,A,https://data.sec.gov/api/xbrl/companyconcept/CIK0000002488/dei/EntityCommonStockSharesOutstanding.json#accn=0001193125-13-315281,,,RESOLVED,,1
1535,GNTX,2013-09-24,2013-09-24T14:51:00-04:00,0000355811,2013-07-25,2013-08-02T23:59:59-04:00,144259553,dei:EntityCommonStockSharesOutstanding,10-Q,0000355811-13-000036,2013-08-02,61,A,https://data.sec.gov/api/xbrl/companyconcept/CIK0000355811/dei/EntityCommonStockSharesOutstanding.json#accn=0000355811-13-000036,,,RESOLVED,,1
1536,JNPR,2013-09-24,2013-09-24T13:28:00-04:00,0001043604,2013-08-02,2013-08-08T23:59:59-04:00,506838542,dei:EntityCommonStockSharesOutstanding,10-Q,0001043604-13-000072,2013-08-08,53,A,https://data.sec.gov/api/xbrl/companyconcept/CIK0001043604/dei/EntityCommonStockSharesOutstanding.json#accn=0001043604-13-000072,,,RESOLVED,,1
1537,PNRA,2013-09-24,2013-09-24T14:50:00-04:00,0000724606,2013-07-23,2013-07-25T23:59:59-04:00,29498839,sec_cover_page,10-Q,0000724606-13-000028,2013-07-25,63,A,https://www.sec.gov/Archives/edgar/data/724606/000072460613000028/a2013062510q.htm,,,RESOLVED,,1
1538,VMW,2013-09-24,2013-09-24T15:19:00-04:00,0001124610,2013-07-26,2013-08-06T23:59:59-04:00,429517210,sec_cover_page,10-Q,0001124610-13-000027,2013-08-06,60,A,https://www.sec.gov/Archives/edgar/data/1124610/000112461013000027/vmw-6302013x10q.htm,,,RESOLVED,,1
1539,ALGN,2013-09-25,2013-09-25T13:13:00-04:00,0001097149,2013-07-26,2013-08-02T23:59:59-04:00,79837318,dei:EntityCommonStockSharesOutstanding,10-Q,0001097149-13-000033,2013-08-02,61,A,https://data.sec.gov/api/xbrl/companyconcept/CIK0001097149/dei/EntityCommonStockSharesOutstanding.json#accn=0001097149-13-000033,,,RESOLVED,,1
1540,AMD,2013-09-25,2013-09-25T14:10:00-04:00,0000002488,2013-07-29,2013-08-01T23:59:59-04:00,720015466,dei:EntityCommonStockSharesOutstanding,10-Q,0001193125-13-315281,2013-08-01,58,A,https://data.sec.gov/api/xbrl/companyconcept/CIK0000002488/dei/EntityCommonStockSharesOutstanding.json#accn=0001193125-13-315281,,,RESOLVED,,1
1541,GNTX,2013-09-25,2013-09-25T14:51:00-04:00,0000355811,2013-07-25,2013-08-02T23:59:59-04:00,144259553,dei:EntityCommonStockSharesOutstanding,10-Q,0000355811-13-000036,2013-08-02,62,A,https://data.sec.gov/api/xbrl/companyconcept/CIK0000355811/dei/EntityCommonStockSharesOutstanding.json#accn=0000355811-13-000036,,,RESOLVED,,1
1542,JNPR,2013-09-25,2013-09-25T13:28:00-04:00,0001043604,2013-08-02,2013-08-08T23:59:59-04:00,506838542,dei:EntityCommonStockSharesOutstanding,10-Q,0001043604-13-000072,2013-08-08,54,A,https://data.sec.gov/api/xbrl/companyconcept/CIK0001043604/dei/EntityCommonStockSharesOutstanding.json#accn=0001043604-13-000072,,,RESOLVED,,1
1543,PNRA,2013-09-25,2013-09-25T14:50:00-04:00,0000724606,2013-07-23,2013-07-25T23:59:59-04:00,29498839,sec_cover_page,10-Q,0000724606-13-000028,2013-07-25,64,A,https://www.sec.gov/Archives/edgar/data/724606/000072460613000028/a2013062510q.htm,,,RESOLVED,,1
1544,VMW,2013-09-25,2013-09-25T15:19:00-04:00,0001124610,2013-07-26,2013-08-06T23:59:59-04:00,429517210,sec_cover_page,10-Q,0001124610-13-000027,2013-08-06,61,A,https://www.sec.gov/Archives/edgar/data/1124610/000112461013000027/vmw-6302013x10q.htm,,,RESOLVED,,1
1545,ALGN,2013-09-26,2013-09-26T13:13:00-04:00,0001097149,2013-07-26,2013-08-02T23:59:59-04:00,79837318,dei:EntityCommonStockSharesOutstanding,10-Q,0001097149-13-000033,2013-08-02,62,A,https://data.sec.gov/api/xbrl/companyconcept/CIK0001097149/dei/EntityCommonStockSharesOutstanding.json#accn=0001097149-13-000033,,,RESOLVED,,1
1546,AMD,2013-09-26,2013-09-26T14:10:00-04:00,0000002488,2013-07-29,2013-08-01T23:59:59-04:00,720015466,dei:EntityCommonStockSharesOutstanding,10-Q,0001193125-13-315281,2013-08-01,59,A,https://data.sec.gov/api/xbrl/companyconcept/CIK0000002488/dei/EntityCommonStockSharesOutstanding.json#accn=0001193125-13-315281,,,RESOLVED,,1
1547,GNTX,2013-09-26,2013-09-26T14:51:00-04:00,0000355811,2013-07-25,2013-08-02T23:59:59-04:00,144259553,dei:EntityCommonStockSharesOutstanding,10-Q,0000355811-13-000036,2013-08-02,63,A,https://data.sec.gov/api/xbrl/companyconcept/CIK0000355811/dei/EntityCommonStockSharesOutstanding.json#accn=0000355811-13-000036,,,RESOLVED,,1
1548,JNPR,2013-09-26,2013-09-26T13:28:00-04:00,0001043604,2013-08-02,2013-08-08T23:59:59-04:00,506838542,dei:EntityCommonStockSharesOutstanding,10-Q,0001043604-13-000072,2013-08-08,55,A,https://data.sec.gov/api/xbrl/companyconcept/CIK0001043604/dei/EntityCommonStockSharesOutstanding.json#accn=0001043604-13-000072,,,RESOLVED,,1
1549,PNRA,2013-09-26,2013-09-26T14:50:00-04:00,0000724606,2013-07-23,2013-07-25T23:59:59-04:00,29498839,sec_cover_page,10-Q,0000724606-13-000028,2013-07-25,65,A,https://www.sec.gov/Archives/edgar/data/724606/000072460613000028/a2013062510q.htm,,,RESOLVED,,1
1550,VMW,2013-09-26,2013-09-26T15:19:00-04:00,0001124610,2013-07-26,2013-08-06T23:59:59-04:00,429517210,sec_cover_page,10-Q,0001124610-13-000027,2013-08-06,62,A,https://www.sec.gov/Archives/edgar/data/1124610/000112461013000027/vmw-6302013x10q.htm,,,RESOLVED,,1
1551,ALGN,2013-09-27,2013-09-27T13:13:00-04:00,0001097149,2013-07-26,2013-08-02T23:59:59-04:00,79837318,dei:EntityCommonStockSharesOutstanding,10-Q,0001097149-13-000033,2013-08-02,63,A,https://data.sec.gov/api/xbrl/companyconcept/CIK0001097149/dei/EntityCommonStockSharesOutstanding.json#accn=0001097149-13-000033,,,RESOLVED,,1
1552,AMD,2013-09-27,2013-09-27T14:10:00-04:00,0000002488,2013-07-29,2013-08-01T23:59:59-04:00,720015466,dei:EntityCommonStockSharesOutstanding,10-Q,0001193125-13-315281,2013-08-01,60,A,https://data.sec.gov/api/xbrl/companyconcept/CIK0000002488/dei/EntityCommonStockSharesOutstanding.json#accn=0001193125-13-315281,,,RESOLVED,,1
1553,GNTX,2013-09-27,2013-09-27T14:51:00-04:00,0000355811,2013-07-25,2013-08-02T23:59:59-04:00,144259553,dei:EntityCommonStockSharesOutstanding,10-Q,0000355811-13-000036,2013-08-02,64,A,https://data.sec.gov/api/xbrl/companyconcept/CIK0000355811/dei/EntityCommonStockSharesOutstanding.json#accn=0000355811-13-000036,,,RESOLVED,,1
1554,JNPR,2013-09-27,2013-09-27T13:28:00-04:00,0001043604,2013-08-02,2013-08-08T23:59:59-04:00,506838542,dei:EntityCommonStockSharesOutstanding,10-Q,0001043604-13-000072,2013-08-08,56,A,https://data.sec.gov/api/xbrl/companyconcept/CIK0001043604/dei/EntityCommonStockSharesOutstanding.json#accn=0001043604-13-000072,,,RESOLVED,,1
1555,PNRA,2013-09-27,2013-09-27T14:50:00-04:00,0000724606,2013-07-23,2013-07-25T23:59:59-04:00,29498839,sec_cover_page,10-Q,0000724606-13-000028,2013-07-25,66,A,https://www.sec.gov/Archives/edgar/data/724606/000072460613000028/a2013062510q.htm,,,RESOLVED,,1
1556,VMW,2013-09-27,2013-09-27T15:19:00-04:00,0001124610,2013-07-26,2013-08-06T23:59:59-04:00,429517210,sec_cover_page,10-Q,0001124610-13-000027,2013-08-06,63,A,https://www.sec.gov/Archives/edgar/data/1124610/000112461013000027/vmw-6302013x10q.htm,,,RESOLVED,,1
1557,ALGN,2013-09-30,2013-09-30T13:13:00-04:00,0001097149,2013-07-26,2013-08-02T23:59:59-04:00,79837318,dei:EntityCommonStockSharesOutstanding,10-Q,0001097149-13-000033,2013-08-02,66,A,https://data.sec.gov/api/xbrl/companyconcept/CIK0001097149/dei/EntityCommonStockSharesOutstanding.json#accn=0001097149-13-000033,,,RESOLVED,,1
1558,AMD,2013-09-30,2013-09-30T14:10:00-04:00,0000002488,2013-07-29,2013-08-01T23:59:59-04:00,720015466,dei:EntityCommonStockSharesOutstanding,10-Q,0001193125-13-315281,2013-08-01,63,A,https://data.sec.gov/api/xbrl/companyconcept/CIK0000002488/dei/EntityCommonStockSharesOutstanding.json#accn=0001193125-13-315281,,,RESOLVED,,1
1559,GNTX,2013-09-30,2013-09-30T14:51:00-04:00,0000355811,2013-07-25,2013-08-02T23:59:59-04:00,144259553,dei:EntityCommonStockSharesOutstanding,10-Q,0000355811-13-000036,2013-08-02,67,A,https://data.sec.gov/api/xbrl/companyconcept/CIK0000355811/dei/EntityCommonStockSharesOutstanding.json#accn=0000355811-13-000036,,,RESOLVED,,1
1560,JNPR,2013-09-30,2013-09-30T13:28:00-04:00,0001043604,2013-08-02,2013-08-08T23:59:59-04:00,506838542,dei:EntityCommonStockSharesOutstanding,10-Q,0001043604-13-000072,2013-08-08,59,A,https://data.sec.gov/api/xbrl/companyconcept/CIK0001043604/dei/EntityCommonStockSharesOutstanding.json#accn=0001043604-13-000072,,,RESOLVED,,1
1561,PNRA,2013-09-30,2013-09-30T14:50:00-04:00,0000724606,2013-07-23,2013-07-25T23:59:59-04:00,29498839,sec_cover_page,10-Q,0000724606-13-000028,2013-07-25,69,A,https://www.sec.gov/Archives/edgar/data/724606/000072460613000028/a2013062510q.htm,,,RESOLVED,,1
1562,VMW,2013-09-30,2013-09-30T15:19:00-04:00,0001124610,2013-07-26,2013-08-06T23:59:59-04:00,429517210,sec_cover_page,10-Q,0001124610-13-000027,2013-08-06,66,A,https://www.sec.gov/Archives/edgar/data/1124610/000112461013000027/vmw-6302013x10q.htm,,,RESOLVED,,1
1563,ALGN,2013-10-01,2013-10-01T13:13:00-04:00,0001097149,2013-07-26,2013-08-02T23:59:59-04:00,79837318,dei:EntityCommonStockSharesOutstanding,10-Q,0001097149-13-000033,2013-08-02,67,A,https://data.sec.gov/api/xbrl/companyconcept/CIK0001097149/dei/EntityCommonStockSharesOutstanding.json#accn=0001097149-13-000033,,,RESOLVED,,1
1564,AMD,2013-10-01,2013-10-01T14:10:00-04:00,0000002488,2013-07-29,2013-08-01T23:59:59-04:00,720015466,dei:EntityCommonStockSharesOutstanding,10-Q,0001193125-13-315281,2013-08-01,64,A,https://data.sec.gov/api/xbrl/companyconcept/CIK0000002488/dei/EntityCommonStockSharesOutstanding.json#accn=0001193125-13-315281,,,RESOLVED,,1
1565,GNTX,2013-10-01,2013-10-01T14:51:00-04:00,0000355811,2013-07-25,2013-08-02T23:59:59-04:00,144259553,dei:EntityCommonStockSharesOutstanding,10-Q,0000355811-13-000036,2013-08-02,68,A,https://data.sec.gov/api/xbrl/companyconcept/CIK0000355811/dei/EntityCommonStockSharesOutstanding.json#accn=0000355811-13-000036,,,RESOLVED,,1
1566,JNPR,2013-10-01,2013-10-01T13:28:00-04:00,0001043604,2013-08-02,2013-08-08T23:59:59-04:00,506838542,dei:EntityCommonStockSharesOutstanding,10-Q,0001043604-13-000072,2013-08-08,60,A,https://data.sec.gov/api/xbrl/companyconcept/CIK0001043604/dei/EntityCommonStockSharesOutstanding.json#accn=0001043604-13-000072,,,RESOLVED,,1
1567,PNRA,2013-10-01,2013-10-01T14:50:00-04:00,0000724606,2013-07-23,2013-07-25T23:59:59-04:00,29498839,sec_cover_page,10-Q,0000724606-13-000028,2013-07-25,70,A,https://www.sec.gov/Archives/edgar/data/724606/000072460613000028/a2013062510q.htm,,,RESOLVED,,1
1568,VMW,2013-10-01,2013-10-01T15:19:00-04:00,0001124610,2013-07-26,2013-08-06T23:59:59-04:00,429517210,sec_cover_page,10-Q,0001124610-13-000027,2013-08-06,67,A,https://www.sec.gov/Archives/edgar/data/1124610/000112461013000027/vmw-6302013x10q.htm,,,RESOLVED,,1
1569,ALGN,2013-10-02,2013-10-02T13:13:00-04:00,0001097149,2013-07-26,2013-08-02T23:59:59-04:00,79837318,dei:EntityCommonStockSharesOutstanding,10-Q,0001097149-13-000033,2013-08-02,68,A,https://data.sec.gov/api/xbrl/companyconcept/CIK0001097149/dei/EntityCommonStockSharesOutstanding.json#accn=0001097149-13-000033,,,RESOLVED,,1
1570,AMD,2013-10-02,2013-10-02T14:10:00-04:00,0000002488,2013-07-29,2013-08-01T23:59:59-04:00,720015466,dei:EntityCommonStockSharesOutstanding,10-Q,0001193125-13-315281,2013-08-01,65,A,https://data.sec.gov/api/xbrl/companyconcept/CIK0000002488/dei/EntityCommonStockSharesOutstanding.json#accn=0001193125-13-315281,,,RESOLVED,,1
1571,GNTX,2013-10-02,2013-10-02T14:51:00-04:00,0000355811,2013-07-25,2013-08-02T23:59:59-04:00,144259553,dei:EntityCommonStockSharesOutstanding,10-Q,0000355811-13-000036,2013-08-02,69,A,https://data.sec.gov/api/xbrl/companyconcept/CIK0000355811/dei/EntityCommonStockSharesOutstanding.json#accn=0000355811-13-000036,,,RESOLVED,,1
1572,JNPR,2013-10-02,2013-10-02T13:28:00-04:00,0001043604,2013-08-02,2013-08-08T23:59:59-04:00,506838542,dei:EntityCommonStockSharesOutstanding,10-Q,0001043604-13-000072,2013-08-08,61,A,https://data.sec.gov/api/xbrl/companyconcept/CIK0001043604/dei/EntityCommonStockSharesOutstanding.json#accn=0001043604-13-000072,,,RESOLVED,,1
1573,PNRA,2013-10-02,2013-10-02T14:50:00-04:00,0000724606,2013-07-23,2013-07-25T23:59:59-04:00,29498839,sec_cover_page,10-Q,0000724606-13-000028,2013-07-25,71,A,https://www.sec.gov/Archives/edgar/data/724606/000072460613000028/a2013062510q.htm,,,RESOLVED,,1
1574,VMW,2013-10-02,2013-10-02T15:19:00-04:00,0001124610,2013-07-26,2013-08-06T23:59:59-04:00,429517210,sec_cover_page,10-Q,0001124610-13-000027,2013-08-06,68,A,https://www.sec.gov/Archives/edgar/data/1124610/000112461013000027/vmw-6302013x10q.htm,,,RESOLVED,,1
1575,ALGN,2013-10-03,2013-10-03T13:13:00-04:00,0001097149,2013-07-26,2013-08-02T23:59:59-04:00,79837318,dei:EntityCommonStockSharesOutstanding,10-Q,0001097149-13-000033,2013-08-02,69,A,https://data.sec.gov/api/xbrl/companyconcept/CIK0001097149/dei/EntityCommonStockSharesOutstanding.json#accn=0001097149-13-000033,,,RESOLVED,,1
1576,AMD,2013-10-03,2013-10-03T14:10:00-04:00,0000002488,2013-07-29,2013-08-01T23:59:59-04:00,720015466,dei:EntityCommonStockSharesOutstanding,10-Q,0001193125-13-315281,2013-08-01,66,A,https://data.sec.gov/api/xbrl/companyconcept/CIK0000002488/dei/EntityCommonStockSharesOutstanding.json#accn=0001193125-13-315281,,,RESOLVED,,1
1577,GNTX,2013-10-03,2013-10-03T14:51:00-04:00,0000355811,2013-07-25,2013-08-02T23:59:59-04:00,144259553,dei:EntityCommonStockSharesOutstanding,10-Q,0000355811-13-000036,2013-08-02,70,A,https://data.sec.gov/api/xbrl/companyconcept/CIK0000355811/dei/EntityCommonStockSharesOutstanding.json#accn=0000355811-13-000036,,,RESOLVED,,1
1578,JNPR,2013-10-03,2013-10-03T13:28:00-04:00,0001043604,2013-08-02,2013-08-08T23:59:59-04:00,506838542,dei:EntityCommonStockSharesOutstanding,10-Q,0001043604-13-000072,2013-08-08,62,A,https://data.sec.gov/api/xbrl/companyconcept/CIK0001043604/dei/EntityCommonStockSharesOutstanding.json#accn=0001043604-13-000072,,,RESOLVED,,1
1579,PNRA,2013-10-03,2013-10-03T14:50:00-04:00,0000724606,2013-07-23,2013-07-25T23:59:59-04:00,29498839,sec_cover_page,10-Q,0000724606-13-000028,2013-07-25,72,A,https://www.sec.gov/Archives/edgar/data/724606/000072460613000028/a2013062510q.htm,,,RESOLVED,,1
1580,VMW,2013-10-03,2013-10-03T15:19:00-04:00,0001124610,2013-07-26,2013-08-06T23:59:59-04:00,429517210,sec_cover_page,10-Q,0001124610-13-000027,2013-08-06,69,A,https://www.sec.gov/Archives/edgar/data/1124610/000112461013000027/vmw-6302013x10q.htm,,,RESOLVED,,1
1581,ALGN,2013-10-04,2013-10-04T13:13:00-04:00,0001097149,2013-07-26,2013-08-02T23:59:59-04:00,79837318,dei:EntityCommonStockSharesOutstanding,10-Q,0001097149-13-000033,2013-08-02,70,A,https://data.sec.gov/api/xbrl/companyconcept/CIK0001097149/dei/EntityCommonStockSharesOutstanding.json#accn=0001097149-13-000033,,,RESOLVED,,1
1582,AMD,2013-10-04,2013-10-04T14:10:00-04:00,0000002488,2013-07-29,2013-08-01T23:59:59-04:00,720015466,dei:EntityCommonStockSharesOutstanding,10-Q,0001193125-13-315281,2013-08-01,67,A,https://data.sec.gov/api/xbrl/companyconcept/CIK0000002488/dei/EntityCommonStockSharesOutstanding.json#accn=0001193125-13-315281,,,RESOLVED,,1
1583,GNTX,2013-10-04,2013-10-04T14:51:00-04:00,0000355811,2013-07-25,2013-08-02T23:59:59-04:00,144259553,dei:EntityCommonStockSharesOutstanding,10-Q,0000355811-13-000036,2013-08-02,71,A,https://data.sec.gov/api/xbrl/companyconcept/CIK0000355811/dei/EntityCommonStockSharesOutstanding.json#accn=0000355811-13-000036,,,RESOLVED,,1
1584,JNPR,2013-10-04,2013-10-04T13:28:00-04:00,0001043604,2013-08-02,2013-08-08T23:59:59-04:00,506838542,dei:EntityCommonStockSharesOutstanding,10-Q,0001043604-13-000072,2013-08-08,63,A,https://data.sec.gov/api/xbrl/companyconcept/CIK0001043604/dei/EntityCommonStockSharesOutstanding.json#accn=0001043604-13-000072,,,RESOLVED,,1
1585,PNRA,2013-10-04,2013-10-04T14:50:00-04:00,0000724606,2013-07-23,2013-07-25T23:59:59-04:00,29498839,sec_cover_page,10-Q,0000724606-13-000028,2013-07-25,73,A,https://www.sec.gov/Archives/edgar/data/724606/000072460613000028/a2013062510q.htm,,,RESOLVED,,1
1586,VMW,2013-10-04,2013-10-04T15:19:00-04:00,0001124610,2013-07-26,2013-08-06T23:59:59-04:00,429517210,sec_cover_page,10-Q,0001124610-13-000027,2013-08-06,70,A,https://www.sec.gov/Archives/edgar/data/1124610/000112461013000027/vmw-6302013x10q.htm,,,RESOLVED,,1
1587,ALGN,2013-10-07,2013-10-07T13:13:00-04:00,0001097149,2013-07-26,2013-08-02T23:59:59-04:00,79837318,dei:EntityCommonStockSharesOutstanding,10-Q,0001097149-13-000033,2013-08-02,73,A,https://data.sec.gov/api/xbrl/companyconcept/CIK0001097149/dei/EntityCommonStockSharesOutstanding.json#accn=0001097149-13-000033,,,RESOLVED,,1
1588,AMD,2013-10-07,2013-10-07T14:10:00-04:00,0000002488,2013-07-29,2013-08-01T23:59:59-04:00,720015466,dei:EntityCommonStockSharesOutstanding,10-Q,0001193125-13-315281,2013-08-01,70,A,https://data.sec.gov/api/xbrl/companyconcept/CIK0000002488/dei/EntityCommonStockSharesOutstanding.json#accn=0001193125-13-315281,,,RESOLVED,,1
1589,GNTX,2013-10-07,2013-10-07T14:51:00-04:00,0000355811,2013-07-25,2013-08-02T23:59:59-04:00,144259553,dei:EntityCommonStockSharesOutstanding,10-Q,0000355811-13-000036,2013-08-02,74,A,https://data.sec.gov/api/xbrl/companyconcept/CIK0000355811/dei/EntityCommonStockSharesOutstanding.json#accn=0000355811-13-000036,,,RESOLVED,,1
1590,JNPR,2013-10-07,2013-10-07T13:28:00-04:00,0001043604,2013-08-02,2013-08-08T23:59:59-04:00,506838542,dei:EntityCommonStockSharesOutstanding,10-Q,0001043604-13-000072,2013-08-08,66,A,https://data.sec.gov/api/xbrl/companyconcept/CIK0001043604/dei/EntityCommonStockSharesOutstanding.json#accn=0001043604-13-000072,,,RESOLVED,,1
1591,PNRA,2013-10-07,2013-10-07T14:50:00-04:00,0000724606,2013-07-23,2013-07-25T23:59:59-04:00,29498839,sec_cover_page,10-Q,0000724606-13-000028,2013-07-25,76,A,https://www.sec.gov/Archives/edgar/data/724606/000072460613000028/a2013062510q.htm,,,RESOLVED,,1
1592,VMW,2013-10-07,2013-10-07T15:19:00-04:00,0001124610,2013-07-26,2013-08-06T23:59:59-04:00,429517210,sec_cover_page,10-Q,0001124610-13-000027,2013-08-06,73,A,https://www.sec.gov/Archives/edgar/data/1124610/000112461013000027/vmw-6302013x10q.htm,,,RESOLVED,,1
1593,ALGN,2013-10-08,2013-10-08T13:13:00-04:00,0001097149,2013-07-26,2013-08-02T23:59:59-04:00,79837318,dei:EntityCommonStockSharesOutstanding,10-Q,0001097149-13-000033,2013-08-02,74,A,https://data.sec.gov/api/xbrl/companyconcept/CIK0001097149/dei/EntityCommonStockSharesOutstanding.json#accn=0001097149-13-000033,,,RESOLVED,,1
1594,AMD,2013-10-08,2013-10-08T14:10:00-04:00,0000002488,2013-07-29,2013-08-01T23:59:59-04:00,720015466,dei:EntityCommonStockSharesOutstanding,10-Q,0001193125-13-315281,2013-08-01,71,A,https://data.sec.gov/api/xbrl/companyconcept/CIK0000002488/dei/EntityCommonStockSharesOutstanding.json#accn=0001193125-13-315281,,,RESOLVED,,1
1595,GNTX,2013-10-08,2013-10-08T14:51:00-04:00,0000355811,2013-07-25,2013-08-02T23:59:59-04:00,144259553,dei:EntityCommonStockSharesOutstanding,10-Q,0000355811-13-000036,2013-08-02,75,A,https://data.sec.gov/api/xbrl/companyconcept/CIK0000355811/dei/EntityCommonStockSharesOutstanding.json#accn=0000355811-13-000036,,,RESOLVED,,1
1596,JNPR,2013-10-08,2013-10-08T13:28:00-04:00,0001043604,2013-08-02,2013-08-08T23:59:59-04:00,506838542,dei:EntityCommonStockSharesOutstanding,10-Q,0001043604-13-000072,2013-08-08,67,A,https://data.sec.gov/api/xbrl/companyconcept/CIK0001043604/dei/EntityCommonStockSharesOutstanding.json#accn=0001043604-13-000072,,,RESOLVED,,1
1597,PNRA,2013-10-08,2013-10-08T14:50:00-04:00,0000724606,2013-07-23,2013-07-25T23:59:59-04:00,29498839,sec_cover_page,10-Q,0000724606-13-000028,2013-07-25,77,A,https://www.sec.gov/Archives/edgar/data/724606/000072460613000028/a2013062510q.htm,,,RESOLVED,,1
1598,VMW,2013-10-08,2013-10-08T15:19:00-04:00,0001124610,2013-07-26,2013-08-06T23:59:59-04:00,429517210,sec_cover_page,10-Q,0001124610-13-000027,2013-08-06,74,A,https://www.sec.gov/Archives/edgar/data/1124610/000112461013000027/vmw-6302013x10q.htm,,,RESOLVED,,1
1599,ALGN,2013-10-09,2013-10-09T13:13:00-04:00,0001097149,2013-07-26,2013-08-02T23:59:59-04:00,79837318,dei:EntityCommonStockSharesOutstanding,10-Q,0001097149-13-000033,2013-08-02,75,A,https://data.sec.gov/api/xbrl/companyconcept/CIK0001097149/dei/EntityCommonStockSharesOutstanding.json#accn=0001097149-13-000033,,,RESOLVED,,1
1600,AMD,2013-10-09,2013-10-09T14:10:00-04:00,0000002488,2013-07-29,2013-08-01T23:59:59-04:00,720015466,dei:EntityCommonStockSharesOutstanding,10-Q,0001193125-13-315281,2013-08-01,72,A,https://data.sec.gov/api/xbrl/companyconcept/CIK0000002488/dei/EntityCommonStockSharesOutstanding.json#accn=0001193125-13-315281,,,RESOLVED,,1
1601,GNTX,2013-10-09,2013-10-09T14:51:00-04:00,0000355811,2013-07-25,2013-08-02T23:59:59-04:00,144259553,dei:EntityCommonStockSharesOutstanding,10-Q,0000355811-13-000036,2013-08-02,76,A,https://data.sec.gov/api/xbrl/companyconcept/CIK0000355811/dei/EntityCommonStockSharesOutstanding.json#accn=0000355811-13-000036,,,RESOLVED,,1
1602,JNPR,2013-10-09,2013-10-09T13:28:00-04:00,0001043604,2013-08-02,2013-08-08T23:59:59-04:00,506838542,dei:EntityCommonStockSharesOutstanding,10-Q,0001043604-13-000072,2013-08-08,68,A,https://data.sec.gov/api/xbrl/companyconcept/CIK0001043604/dei/EntityCommonStockSharesOutstanding.json#accn=0001043604-13-000072,,,RESOLVED,,1
1603,PNRA,2013-10-09,2013-10-09T14:50:00-04:00,0000724606,2013-07-23,2013-07-25T23:59:59-04:00,29498839,sec_cover_page,10-Q,0000724606-13-000028,2013-07-25,78,A,https://www.sec.gov/Archives/edgar/data/724606/000072460613000028/a2013062510q.htm,,,RESOLVED,,1
1604,VMW,2013-10-09,2013-10-09T15:19:00-04:00,0001124610,2013-07-26,2013-08-06T23:59:59-04:00,429517210,sec_cover_page,10-Q,0001124610-13-000027,2013-08-06,75,A,https://www.sec.gov/Archives/edgar/data/1124610/000112461013000027/vmw-6302013x10q.htm,,,RESOLVED,,1
1605,ALGN,2013-10-10,2013-10-10T13:13:00-04:00,0001097149,2013-07-26,2013-08-02T23:59:59-04:00,79837318,dei:EntityCommonStockSharesOutstanding,10-Q,0001097149-13-000033,2013-08-02,76,A,https://data.sec.gov/api/xbrl/companyconcept/CIK0001097149/dei/EntityCommonStockSharesOutstanding.json#accn=0001097149-13-000033,,,RESOLVED,,1
1606,AMD,2013-10-10,2013-10-10T14:10:00-04:00,0000002488,2013-07-29,2013-08-01T23:59:59-04:00,720015466,dei:EntityCommonStockSharesOutstanding,10-Q,0001193125-13-315281,2013-08-01,73,A,https://data.sec.gov/api/xbrl/companyconcept/CIK0000002488/dei/EntityCommonStockSharesOutstanding.json#accn=0001193125-13-315281,,,RESOLVED,,1
1607,GNTX,2013-10-10,2013-10-10T14:51:00-04:00,0000355811,2013-07-25,2013-08-02T23:59:59-04:00,144259553,dei:EntityCommonStockSharesOutstanding,10-Q,0000355811-13-000036,2013-08-02,77,A,https://data.sec.gov/api/xbrl/companyconcept/CIK0000355811/dei/EntityCommonStockSharesOutstanding.json#accn=0000355811-13-000036,,,RESOLVED,,1
1608,JNPR,2013-10-10,2013-10-10T13:28:00-04:00,0001043604,2013-08-02,2013-08-08T23:59:59-04:00,506838542,dei:EntityCommonStockSharesOutstanding,10-Q,0001043604-13-000072,2013-08-08,69,A,https://data.sec.gov/api/xbrl/companyconcept/CIK0001043604/dei/EntityCommonStockSharesOutstanding.json#accn=0001043604-13-000072,,,RESOLVED,,1
1609,PNRA,2013-10-10,2013-10-10T14:50:00-04:00,0000724606,2013-07-23,2013-07-25T23:59:59-04:00,29498839,sec_cover_page,10-Q,0000724606-13-000028,2013-07-25,79,A,https://www.sec.gov/Archives/edgar/data/724606/000072460613000028/a2013062510q.htm,,,RESOLVED,,1
1610,VMW,2013-10-10,2013-10-10T15:19:00-04:00,0001124610,2013-07-26,2013-08-06T23:59:59-04:00,429517210,sec_cover_page,10-Q,0001124610-13-000027,2013-08-06,76,A,https://www.sec.gov/Archives/edgar/data/1124610/000112461013000027/vmw-6302013x10q.htm,,,RESOLVED,,1
1611,ALGN,2013-10-11,2013-10-11T13:13:00-04:00,0001097149,2013-07-26,2013-08-02T23:59:59-04:00,79837318,dei:EntityCommonStockSharesOutstanding,10-Q,0001097149-13-000033,2013-08-02,77,A,https://data.sec.gov/api/xbrl/companyconcept/CIK0001097149/dei/EntityCommonStockSharesOutstanding.json#accn=0001097149-13-000033,,,RESOLVED,,1
1612,AMD,2013-10-11,2013-10-11T14:10:00-04:00,0000002488,2013-07-29,2013-08-01T23:59:59-04:00,720015466,dei:EntityCommonStockSharesOutstanding,10-Q,0001193125-13-315281,2013-08-01,74,A,https://data.sec.gov/api/xbrl/companyconcept/CIK0000002488/dei/EntityCommonStockSharesOutstanding.json#accn=0001193125-13-315281,,,RESOLVED,,1
1613,GNTX,2013-10-11,2013-10-11T14:51:00-04:00,0000355811,2013-07-25,2013-08-02T23:59:59-04:00,144259553,dei:EntityCommonStockSharesOutstanding,10-Q,0000355811-13-000036,2013-08-02,78,A,https://data.sec.gov/api/xbrl/companyconcept/CIK0000355811/dei/EntityCommonStockSharesOutstanding.json#accn=0000355811-13-000036,,,RESOLVED,,1
1614,JNPR,2013-10-11,2013-10-11T13:28:00-04:00,0001043604,2013-08-02,2013-08-08T23:59:59-04:00,506838542,dei:EntityCommonStockSharesOutstanding,10-Q,0001043604-13-000072,2013-08-08,70,A,https://data.sec.gov/api/xbrl/companyconcept/CIK0001043604/dei/EntityCommonStockSharesOutstanding.json#accn=0001043604-13-000072,,,RESOLVED,,1
1615,PNRA,2013-10-11,2013-10-11T14:50:00-04:00,0000724606,2013-07-23,2013-07-25T23:59:59-04:00,29498839,sec_cover_page,10-Q,0000724606-13-000028,2013-07-25,80,A,https://www.sec.gov/Archives/edgar/data/724606/000072460613000028/a2013062510q.htm,,,RESOLVED,,1
1616,VMW,2013-10-11,2013-10-11T15:19:00-04:00,0001124610,2013-07-26,2013-08-06T23:59:59-04:00,429517210,sec_cover_page,10-Q,0001124610-13-000027,2013-08-06,77,A,https://www.sec.gov/Archives/edgar/data/1124610/000112461013000027/vmw-6302013x10q.htm,,,RESOLVED,,1
1617,ALGN,2013-10-14,2013-10-14T13:13:00-04:00,0001097149,2013-07-26,2013-08-02T23:59:59-04:00,79837318,dei:EntityCommonStockSharesOutstanding,10-Q,0001097149-13-000033,2013-08-02,80,A,https://data.sec.gov/api/xbrl/companyconcept/CIK0001097149/dei/EntityCommonStockSharesOutstanding.json#accn=0001097149-13-000033,,,RESOLVED,,1
1618,AMD,2013-10-14,2013-10-14T14:10:00-04:00,0000002488,2013-07-29,2013-08-01T23:59:59-04:00,720015466,dei:EntityCommonStockSharesOutstanding,10-Q,0001193125-13-315281,2013-08-01,77,A,https://data.sec.gov/api/xbrl/companyconcept/CIK0000002488/dei/EntityCommonStockSharesOutstanding.json#accn=0001193125-13-315281,,,RESOLVED,,1
1619,GNTX,2013-10-14,2013-10-14T14:51:00-04:00,0000355811,2013-07-25,2013-08-02T23:59:59-04:00,144259553,dei:EntityCommonStockSharesOutstanding,10-Q,0000355811-13-000036,2013-08-02,81,A,https://data.sec.gov/api/xbrl/companyconcept/CIK0000355811/dei/EntityCommonStockSharesOutstanding.json#accn=0000355811-13-000036,,,RESOLVED,,1
1620,JNPR,2013-10-14,2013-10-14T13:28:00-04:00,0001043604,2013-08-02,2013-08-08T23:59:59-04:00,506838542,dei:EntityCommonStockSharesOutstanding,10-Q,0001043604-13-000072,2013-08-08,73,A,https://data.sec.gov/api/xbrl/companyconcept/CIK0001043604/dei/EntityCommonStockSharesOutstanding.json#accn=0001043604-13-000072,,,RESOLVED,,1
1621,PNRA,2013-10-14,2013-10-14T14:50:00-04:00,0000724606,2013-07-23,2013-07-25T23:59:59-04:00,29498839,sec_cover_page,10-Q,0000724606-13-000028,2013-07-25,83,A,https://www.sec.gov/Archives/edgar/data/724606/000072460613000028/a2013062510q.htm,,,RESOLVED,,1
1622,VMW,2013-10-14,2013-10-14T15:19:00-04:00,0001124610,2013-07-26,2013-08-06T23:59:59-04:00,429517210,sec_cover_page,10-Q,0001124610-13-000027,2013-08-06,80,A,https://www.sec.gov/Archives/edgar/data/1124610/000112461013000027/vmw-6302013x10q.htm,,,RESOLVED,,1
1623,ALGN,2013-10-15,2013-10-15T13:13:00-04:00,0001097149,2013-07-26,2013-08-02T23:59:59-04:00,79837318,dei:EntityCommonStockSharesOutstanding,10-Q,0001097149-13-000033,2013-08-02,81,A,https://data.sec.gov/api/xbrl/companyconcept/CIK0001097149/dei/EntityCommonStockSharesOutstanding.json#accn=0001097149-13-000033,,,RESOLVED,,1
1624,AMD,2013-10-15,2013-10-15T14:10:00-04:00,0000002488,2013-07-29,2013-08-01T23:59:59-04:00,720015466,dei:EntityCommonStockSharesOutstanding,10-Q,0001193125-13-315281,2013-08-01,78,A,https://data.sec.gov/api/xbrl/companyconcept/CIK0000002488/dei/EntityCommonStockSharesOutstanding.json#accn=0001193125-13-315281,,,RESOLVED,,1
1625,GNTX,2013-10-15,2013-10-15T14:51:00-04:00,0000355811,2013-07-25,2013-08-02T23:59:59-04:00,144259553,dei:EntityCommonStockSharesOutstanding,10-Q,0000355811-13-000036,2013-08-02,82,A,https://data.sec.gov/api/xbrl/companyconcept/CIK0000355811/dei/EntityCommonStockSharesOutstanding.json#accn=0000355811-13-000036,,,RESOLVED,,1
1626,JNPR,2013-10-15,2013-10-15T13:28:00-04:00,0001043604,2013-08-02,2013-08-08T23:59:59-04:00,506838542,dei:EntityCommonStockSharesOutstanding,10-Q,0001043604-13-000072,2013-08-08,74,A,https://data.sec.gov/api/xbrl/companyconcept/CIK0001043604/dei/EntityCommonStockSharesOutstanding.json#accn=0001043604-13-000072,,,RESOLVED,,1
1627,PNRA,2013-10-15,2013-10-15T14:50:00-04:00,0000724606,2013-07-23,2013-07-25T23:59:59-04:00,29498839,sec_cover_page,10-Q,0000724606-13-000028,2013-07-25,84,A,https://www.sec.gov/Archives/edgar/data/724606/000072460613000028/a2013062510q.htm,,,RESOLVED,,1
1628,VMW,2013-10-15,2013-10-15T15:19:00-04:00,0001124610,2013-07-26,2013-08-06T23:59:59-04:00,429517210,sec_cover_page,10-Q,0001124610-13-000027,2013-08-06,81,A,https://www.sec.gov/Archives/edgar/data/1124610/000112461013000027/vmw-6302013x10q.htm,,,RESOLVED,,1
1629,ALGN,2013-10-16,2013-10-16T13:13:00-04:00,0001097149,2013-07-26,2013-08-02T23:59:59-04:00,79837318,dei:EntityCommonStockSharesOutstanding,10-Q,0001097149-13-000033,2013-08-02,82,A,https://data.sec.gov/api/xbrl/companyconcept/CIK0001097149/dei/EntityCommonStockSharesOutstanding.json#accn=0001097149-13-000033,,,RESOLVED,,1
1630,AMD,2013-10-16,2013-10-16T14:10:00-04:00,0000002488,2013-07-29,2013-08-01T23:59:59-04:00,720015466,dei:EntityCommonStockSharesOutstanding,10-Q,0001193125-13-315281,2013-08-01,79,A,https://data.sec.gov/api/xbrl/companyconcept/CIK0000002488/dei/EntityCommonStockSharesOutstanding.json#accn=0001193125-13-315281,,,RESOLVED,,1
1631,GNTX,2013-10-16,2013-10-16T14:51:00-04:00,0000355811,2013-07-25,2013-08-02T23:59:59-04:00,144259553,dei:EntityCommonStockSharesOutstanding,10-Q,0000355811-13-000036,2013-08-02,83,A,https://data.sec.gov/api/xbrl/companyconcept/CIK0000355811/dei/EntityCommonStockSharesOutstanding.json#accn=0000355811-13-000036,,,RESOLVED,,1
1632,JNPR,2013-10-16,2013-10-16T13:28:00-04:00,0001043604,2013-08-02,2013-08-08T23:59:59-04:00,506838542,dei:EntityCommonStockSharesOutstanding,10-Q,0001043604-13-000072,2013-08-08,75,A,https://data.sec.gov/api/xbrl/companyconcept/CIK0001043604/dei/EntityCommonStockSharesOutstanding.json#accn=0001043604-13-000072,,,RESOLVED,,1
1633,PNRA,2013-10-16,2013-10-16T14:50:00-04:00,0000724606,2013-07-23,2013-07-25T23:59:59-04:00,29498839,sec_cover_page,10-Q,0000724606-13-000028,2013-07-25,85,A,https://www.sec.gov/Archives/edgar/data/724606/000072460613000028/a2013062510q.htm,,,RESOLVED,,1
1634,VMW,2013-10-16,2013-10-16T15:19:00-04:00,0001124610,2013-07-26,2013-08-06T23:59:59-04:00,429517210,sec_cover_page,10-Q,0001124610-13-000027,2013-08-06,82,A,https://www.sec.gov/Archives/edgar/data/1124610/000112461013000027/vmw-6302013x10q.htm,,,RESOLVED,,1
1635,ALGN,2013-10-17,2013-10-17T13:13:00-04:00,0001097149,2013-07-26,2013-08-02T23:59:59-04:00,79837318,dei:EntityCommonStockSharesOutstanding,10-Q,0001097149-13-000033,2013-08-02,83,A,https://data.sec.gov/api/xbrl/companyconcept/CIK0001097149/dei/EntityCommonStockSharesOutstanding.json#accn=0001097149-13-000033,,,RESOLVED,,1
1636,AMD,2013-10-17,2013-10-17T14:10:00-04:00,0000002488,2013-07-29,2013-08-01T23:59:59-04:00,720015466,dei:EntityCommonStockSharesOutstanding,10-Q,0001193125-13-315281,2013-08-01,80,A,https://data.sec.gov/api/xbrl/companyconcept/CIK0000002488/dei/EntityCommonStockSharesOutstanding.json#accn=0001193125-13-315281,,,RESOLVED,,1
1637,GNTX,2013-10-17,2013-10-17T14:51:00-04:00,0000355811,2013-07-25,2013-08-02T23:59:59-04:00,144259553,dei:EntityCommonStockSharesOutstanding,10-Q,0000355811-13-000036,2013-08-02,84,A,https://data.sec.gov/api/xbrl/companyconcept/CIK0000355811/dei/EntityCommonStockSharesOutstanding.json#accn=0000355811-13-000036,,,RESOLVED,,1
1638,JNPR,2013-10-17,2013-10-17T13:28:00-04:00,0001043604,2013-08-02,2013-08-08T23:59:59-04:00,506838542,dei:EntityCommonStockSharesOutstanding,10-Q,0001043604-13-000072,2013-08-08,76,A,https://data.sec.gov/api/xbrl/companyconcept/CIK0001043604/dei/EntityCommonStockSharesOutstanding.json#accn=0001043604-13-000072,,,RESOLVED,,1
1639,PNRA,2013-10-17,2013-10-17T14:50:00-04:00,0000724606,2013-07-23,2013-07-25T23:59:59-04:00,29498839,sec_cover_page,10-Q,0000724606-13-000028,2013-07-25,86,A,https://www.sec.gov/Archives/edgar/data/724606/000072460613000028/a2013062510q.htm,,,RESOLVED,,1
1640,VMW,2013-10-17,2013-10-17T15:19:00-04:00,0001124610,2013-07-26,2013-08-06T23:59:59-04:00,429517210,sec_cover_page,10-Q,0001124610-13-000027,2013-08-06,83,A,https://www.sec.gov/Archives/edgar/data/1124610/000112461013000027/vmw-6302013x10q.htm,,,RESOLVED,,1
1641,GNTX,2013-10-18,2013-10-18T14:51:00-04:00,0000355811,2013-07-25,2013-08-02T23:59:59-04:00,144259553,dei:EntityCommonStockSharesOutstanding,10-Q,0000355811-13-000036,2013-08-02,85,A,https://data.sec.gov/api/xbrl/companyconcept/CIK0000355811/dei/EntityCommonStockSharesOutstanding.json#accn=0000355811-13-000036,,,RESOLVED,,1
1642,JNPR,2013-10-18,2013-10-18T13:28:00-04:00,0001043604,2013-08-02,2013-08-08T23:59:59-04:00,506838542,dei:EntityCommonStockSharesOutstanding,10-Q,0001043604-13-000072,2013-08-08,77,A,https://data.sec.gov/api/xbrl/companyconcept/CIK0001043604/dei/EntityCommonStockSharesOutstanding.json#accn=0001043604-13-000072,,,RESOLVED,,1
1643,PNRA,2013-10-18,2013-10-18T14:50:00-04:00,0000724606,2013-07-23,2013-07-25T23:59:59-04:00,29498839,sec_cover_page,10-Q,0000724606-13-000028,2013-07-25,87,A,https://www.sec.gov/Archives/edgar/data/724606/000072460613000028/a2013062510q.htm,,,RESOLVED,,1
1644,VMW,2013-10-18,2013-10-18T15:19:00-04:00,0001124610,2013-07-26,2013-08-06T23:59:59-04:00,429517210,sec_cover_page,10-Q,0001124610-13-000027,2013-08-06,84,A,https://www.sec.gov/Archives/edgar/data/1124610/000112461013000027/vmw-6302013x10q.htm,,,RESOLVED,,1
1645,GNTX,2013-10-21,2013-10-21T14:51:00-04:00,0000355811,2013-07-25,2013-08-02T23:59:59-04:00,144259553,dei:EntityCommonStockSharesOutstanding,10-Q,0000355811-13-000036,2013-08-02,88,A,https://data.sec.gov/api/xbrl/companyconcept/CIK0000355811/dei/EntityCommonStockSharesOutstanding.json#accn=0000355811-13-000036,,,RESOLVED,,1
1646,JNPR,2013-10-21,2013-10-21T13:28:00-04:00,0001043604,2013-08-02,2013-08-08T23:59:59-04:00,506838542,dei:EntityCommonStockSharesOutstanding,10-Q,0001043604-13-000072,2013-08-08,80,A,https://data.sec.gov/api/xbrl/companyconcept/CIK0001043604/dei/EntityCommonStockSharesOutstanding.json#accn=0001043604-13-000072,,,RESOLVED,,1
1647,PNRA,2013-10-21,2013-10-21T14:50:00-04:00,0000724606,2013-07-23,2013-07-25T23:59:59-04:00,29498839,sec_cover_page,10-Q,0000724606-13-000028,2013-07-25,90,A,https://www.sec.gov/Archives/edgar/data/724606/000072460613000028/a2013062510q.htm,,,RESOLVED,,1
1648,VMW,2013-10-21,2013-10-21T15:19:00-04:00,0001124610,2013-07-26,2013-08-06T23:59:59-04:00,429517210,sec_cover_page,10-Q,0001124610-13-000027,2013-08-06,87,A,https://www.sec.gov/Archives/edgar/data/1124610/000112461013000027/vmw-6302013x10q.htm,,,RESOLVED,,1
1649,JNPR,2013-10-22,2013-10-22T13:28:00-04:00,0001043604,2013-08-02,2013-08-08T23:59:59-04:00,506838542,dei:EntityCommonStockSharesOutstanding,10-Q,0001043604-13-000072,2013-08-08,81,A,https://data.sec.gov/api/xbrl/companyconcept/CIK0001043604/dei/EntityCommonStockSharesOutstanding.json#accn=0001043604-13-000072,,,RESOLVED,,1
1650,PNRA,2013-10-22,2013-10-22T14:50:00-04:00,0000724606,2013-07-23,2013-07-25T23:59:59-04:00,29498839,sec_cover_page,10-Q,0000724606-13-000028,2013-07-25,91,A,https://www.sec.gov/Archives/edgar/data/724606/000072460613000028/a2013062510q.htm,,,RESOLVED,,1
1651,CMTL,2014-11-07,2014-11-07T15:11:00-05:00,0000023197,2014-10-06,2014-10-09T23:59:59-04:00,16203548,dei:EntityCommonStockSharesOutstanding,10-K,0000023197-14-000024,2014-10-09,32,A,https://data.sec.gov/api/xbrl/companyconcept/CIK0000023197/dei/EntityCommonStockSharesOutstanding.json#accn=0000023197-14-000024,,,RESOLVED,,1
1652,CMTL,2014-11-10,2014-11-10T15:11:00-05:00,0000023197,2014-10-06,2014-10-09T23:59:59-04:00,16203548,dei:EntityCommonStockSharesOutstanding,10-K,0000023197-14-000024,2014-10-09,35,A,https://data.sec.gov/api/xbrl/companyconcept/CIK0000023197/dei/EntityCommonStockSharesOutstanding.json#accn=0000023197-14-000024,,,RESOLVED,,1
1653,CMTL,2014-11-11,2014-11-11T15:11:00-05:00,0000023197,2014-10-06,2014-10-09T23:59:59-04:00,16203548,dei:EntityCommonStockSharesOutstanding,10-K,0000023197-14-000024,2014-10-09,36,A,https://data.sec.gov/api/xbrl/companyconcept/CIK0000023197/dei/EntityCommonStockSharesOutstanding.json#accn=0000023197-14-000024,,,RESOLVED,,1
1654,CMTL,2014-11-12,2014-11-12T15:11:00-05:00,0000023197,2014-10-06,2014-10-09T23:59:59-04:00,16203548,dei:EntityCommonStockSharesOutstanding,10-K,0000023197-14-000024,2014-10-09,37,A,https://data.sec.gov/api/xbrl/companyconcept/CIK0000023197/dei/EntityCommonStockSharesOutstanding.json#accn=0000023197-14-000024,,,RESOLVED,,1
1655,PAY,2014-11-12,2014-11-12T15:06:00-05:00,0001312073,2014-08-29,2014-09-04T23:59:59-04:00,113058435,dei:EntityCommonStockSharesOutstanding,10-Q,0001312073-14-000038,2014-09-04,75,A,https://data.sec.gov/api/xbrl/companyconcept/CIK0001312073/dei/EntityCommonStockSharesOutstanding.json#accn=0001312073-14-000038,,,RESOLVED,,1
1656,CMTL,2014-11-13,2014-11-13T15:11:00-05:00,0000023197,2014-10-06,2014-10-09T23:59:59-04:00,16203548,dei:EntityCommonStockSharesOutstanding,10-K,0000023197-14-000024,2014-10-09,38,A,https://data.sec.gov/api/xbrl/companyconcept/CIK0000023197/dei/EntityCommonStockSharesOutstanding.json#accn=0000023197-14-000024,,,RESOLVED,,1
1657,PAY,2014-11-13,2014-11-13T15:06:00-05:00,0001312073,2014-08-29,2014-09-04T23:59:59-04:00,113058435,dei:EntityCommonStockSharesOutstanding,10-Q,0001312073-14-000038,2014-09-04,76,A,https://data.sec.gov/api/xbrl/companyconcept/CIK0001312073/dei/EntityCommonStockSharesOutstanding.json#accn=0001312073-14-000038,,,RESOLVED,,1
1658,CMTL,2014-11-14,2014-11-14T15:11:00-05:00,0000023197,2014-10-06,2014-10-09T23:59:59-04:00,16203548,dei:EntityCommonStockSharesOutstanding,10-K,0000023197-14-000024,2014-10-09,39,A,https://data.sec.gov/api/xbrl/companyconcept/CIK0000023197/dei/EntityCommonStockSharesOutstanding.json#accn=0000023197-14-000024,,,RESOLVED,,1
1659,PAY,2014-11-14,2014-11-14T15:06:00-05:00,0001312073,2014-08-29,2014-09-04T23:59:59-04:00,113058435,dei:EntityCommonStockSharesOutstanding,10-Q,0001312073-14-000038,2014-09-04,77,A,https://data.sec.gov/api/xbrl/companyconcept/CIK0001312073/dei/EntityCommonStockSharesOutstanding.json#accn=0001312073-14-000038,,,RESOLVED,,1
1660,CMTL,2014-11-17,2014-11-17T15:11:00-05:00,0000023197,2014-10-06,2014-10-09T23:59:59-04:00,16203548,dei:EntityCommonStockSharesOutstanding,10-K,0000023197-14-000024,2014-10-09,42,A,https://data.sec.gov/api/xbrl/companyconcept/CIK0000023197/dei/EntityCommonStockSharesOutstanding.json#accn=0000023197-14-000024,,,RESOLVED,,1
1661,PAY,2014-11-17,2014-11-17T15:06:00-05:00,0001312073,2014-08-29,2014-09-04T23:59:59-04:00,113058435,dei:EntityCommonStockSharesOutstanding,10-Q,0001312073-14-000038,2014-09-04,80,A,https://data.sec.gov/api/xbrl/companyconcept/CIK0001312073/dei/EntityCommonStockSharesOutstanding.json#accn=0001312073-14-000038,,,RESOLVED,,1
1662,CMTL,2014-11-18,2014-11-18T15:11:00-05:00,0000023197,2014-10-06,2014-10-09T23:59:59-04:00,16203548,dei:EntityCommonStockSharesOutstanding,10-K,0000023197-14-000024,2014-10-09,43,A,https://data.sec.gov/api/xbrl/companyconcept/CIK0000023197/dei/EntityCommonStockSharesOutstanding.json#accn=0000023197-14-000024,,,RESOLVED,,1
1663,PAY,2014-11-18,2014-11-18T15:06:00-05:00,0001312073,2014-08-29,2014-09-04T23:59:59-04:00,113058435,dei:EntityCommonStockSharesOutstanding,10-Q,0001312073-14-000038,2014-09-04,81,A,https://data.sec.gov/api/xbrl/companyconcept/CIK0001312073/dei/EntityCommonStockSharesOutstanding.json#accn=0001312073-14-000038,,,RESOLVED,,1
1664,CMTL,2014-11-19,2014-11-19T15:11:00-05:00,0000023197,2014-10-06,2014-10-09T23:59:59-04:00,16203548,dei:EntityCommonStockSharesOutstanding,10-K,0000023197-14-000024,2014-10-09,44,A,https://data.sec.gov/api/xbrl/companyconcept/CIK0000023197/dei/EntityCommonStockSharesOutstanding.json#accn=0000023197-14-000024,,,RESOLVED,,1
1665,PAY,2014-11-19,2014-11-19T15:06:00-05:00,0001312073,2014-08-29,2014-09-04T23:59:59-04:00,113058435,dei:EntityCommonStockSharesOutstanding,10-Q,0001312073-14-000038,2014-09-04,82,A,https://data.sec.gov/api/xbrl/companyconcept/CIK0001312073/dei/EntityCommonStockSharesOutstanding.json#accn=0001312073-14-000038,,,RESOLVED,,1
1666,CMTL,2014-11-20,2014-11-20T15:11:00-05:00,0000023197,2014-10-06,2014-10-09T23:59:59-04:00,16203548,dei:EntityCommonStockSharesOutstanding,10-K,0000023197-14-000024,2014-10-09,45,A,https://data.sec.gov/api/xbrl/companyconcept/CIK0000023197/dei/EntityCommonStockSharesOutstanding.json#accn=0000023197-14-000024,,,RESOLVED,,1
1667,PAY,2014-11-20,2014-11-20T15:06:00-05:00,0001312073,2014-08-29,2014-09-04T23:59:59-04:00,113058435,dei:EntityCommonStockSharesOutstanding,10-Q,0001312073-14-000038,2014-09-04,83,A,https://data.sec.gov/api/xbrl/companyconcept/CIK0001312073/dei/EntityCommonStockSharesOutstanding.json#accn=0001312073-14-000038,,,RESOLVED,,1
1668,CMTL,2014-11-21,2014-11-21T15:11:00-05:00,0000023197,2014-10-06,2014-10-09T23:59:59-04:00,16203548,dei:EntityCommonStockSharesOutstanding,10-K,0000023197-14-000024,2014-10-09,46,A,https://data.sec.gov/api/xbrl/companyconcept/CIK0000023197/dei/EntityCommonStockSharesOutstanding.json#accn=0000023197-14-000024,,,RESOLVED,,1
1669,PAY,2014-11-21,2014-11-21T15:06:00-05:00,0001312073,2014-08-29,2014-09-04T23:59:59-04:00,113058435,dei:EntityCommonStockSharesOutstanding,10-Q,0001312073-14-000038,2014-09-04,84,A,https://data.sec.gov/api/xbrl/companyconcept/CIK0001312073/dei/EntityCommonStockSharesOutstanding.json#accn=0001312073-14-000038,,,RESOLVED,,1
1670,CMTL,2014-11-24,2014-11-24T15:11:00-05:00,0000023197,2014-10-06,2014-10-09T23:59:59-04:00,16203548,dei:EntityCommonStockSharesOutstanding,10-K,0000023197-14-000024,2014-10-09,49,A,https://data.sec.gov/api/xbrl/companyconcept/CIK0000023197/dei/EntityCommonStockSharesOutstanding.json#accn=0000023197-14-000024,,,RESOLVED,,1
1671,PAY,2014-11-24,2014-11-24T15:06:00-05:00,0001312073,2014-08-29,2014-09-04T23:59:59-04:00,113058435,dei:EntityCommonStockSharesOutstanding,10-Q,0001312073-14-000038,2014-09-04,87,A,https://data.sec.gov/api/xbrl/companyconcept/CIK0001312073/dei/EntityCommonStockSharesOutstanding.json#accn=0001312073-14-000038,,,RESOLVED,,1
1672,CMTL,2014-11-25,2014-11-25T15:11:00-05:00,0000023197,2014-10-06,2014-10-09T23:59:59-04:00,16203548,dei:EntityCommonStockSharesOutstanding,10-K,0000023197-14-000024,2014-10-09,50,A,https://data.sec.gov/api/xbrl/companyconcept/CIK0000023197/dei/EntityCommonStockSharesOutstanding.json#accn=0000023197-14-000024,,,RESOLVED,,1
1673,PAY,2014-11-25,2014-11-25T15:06:00-05:00,0001312073,2014-08-29,2014-09-04T23:59:59-04:00,113058435,dei:EntityCommonStockSharesOutstanding,10-Q,0001312073-14-000038,2014-09-04,88,A,https://data.sec.gov/api/xbrl/companyconcept/CIK0001312073/dei/EntityCommonStockSharesOutstanding.json#accn=0001312073-14-000038,,,RESOLVED,,1
1674,CMTL,2014-11-26,2014-11-26T15:11:00-05:00,0000023197,2014-10-06,2014-10-09T23:59:59-04:00,16203548,dei:EntityCommonStockSharesOutstanding,10-K,0000023197-14-000024,2014-10-09,51,A,https://data.sec.gov/api/xbrl/companyconcept/CIK0000023197/dei/EntityCommonStockSharesOutstanding.json#accn=0000023197-14-000024,,,RESOLVED,,1
1675,PAY,2014-11-26,2014-11-26T15:06:00-05:00,0001312073,2014-08-29,2014-09-04T23:59:59-04:00,113058435,dei:EntityCommonStockSharesOutstanding,10-Q,0001312073-14-000038,2014-09-04,89,A,https://data.sec.gov/api/xbrl/companyconcept/CIK0001312073/dei/EntityCommonStockSharesOutstanding.json#accn=0001312073-14-000038,,,RESOLVED,,1
1676,CMTL,2014-12-01,2014-12-01T15:11:00-05:00,0000023197,2014-10-06,2014-10-09T23:59:59-04:00,16203548,dei:EntityCommonStockSharesOutstanding,10-K,0000023197-14-000024,2014-10-09,56,A,https://data.sec.gov/api/xbrl/companyconcept/CIK0000023197/dei/EntityCommonStockSharesOutstanding.json#accn=0000023197-14-000024,,,RESOLVED,,1
1677,PAY,2014-12-01,2014-12-01T15:06:00-05:00,0001312073,2014-08-29,2014-09-04T23:59:59-04:00,113058435,dei:EntityCommonStockSharesOutstanding,10-Q,0001312073-14-000038,2014-09-04,94,A,https://data.sec.gov/api/xbrl/companyconcept/CIK0001312073/dei/EntityCommonStockSharesOutstanding.json#accn=0001312073-14-000038,,,RESOLVED,,1
1678,CMTL,2014-12-02,2014-12-02T15:11:00-05:00,0000023197,2014-10-06,2014-10-09T23:59:59-04:00,16203548,dei:EntityCommonStockSharesOutstanding,10-K,0000023197-14-000024,2014-10-09,57,A,https://data.sec.gov/api/xbrl/companyconcept/CIK0000023197/dei/EntityCommonStockSharesOutstanding.json#accn=0000023197-14-000024,,,RESOLVED,,1
1679,PAY,2014-12-02,2014-12-02T15:06:00-05:00,0001312073,2014-08-29,2014-09-04T23:59:59-04:00,113058435,dei:EntityCommonStockSharesOutstanding,10-Q,0001312073-14-000038,2014-09-04,95,A,https://data.sec.gov/api/xbrl/companyconcept/CIK0001312073/dei/EntityCommonStockSharesOutstanding.json#accn=0001312073-14-000038,,,RESOLVED,,1
1680,CMTL,2014-12-03,2014-12-03T15:11:00-05:00,0000023197,2014-10-06,2014-10-09T23:59:59-04:00,16203548,dei:EntityCommonStockSharesOutstanding,10-K,0000023197-14-000024,2014-10-09,58,A,https://data.sec.gov/api/xbrl/companyconcept/CIK0000023197/dei/EntityCommonStockSharesOutstanding.json#accn=0000023197-14-000024,,,RESOLVED,,1
1681,PAY,2014-12-03,2014-12-03T15:06:00-05:00,0001312073,2014-08-29,2014-09-04T23:59:59-04:00,113058435,dei:EntityCommonStockSharesOutstanding,10-Q,0001312073-14-000038,2014-09-04,96,A,https://data.sec.gov/api/xbrl/companyconcept/CIK0001312073/dei/EntityCommonStockSharesOutstanding.json#accn=0001312073-14-000038,,,RESOLVED,,1
1682,CMTL,2014-12-04,2014-12-04T15:11:00-05:00,0000023197,2014-10-06,2014-10-09T23:59:59-04:00,16203548,dei:EntityCommonStockSharesOutstanding,10-K,0000023197-14-000024,2014-10-09,59,A,https://data.sec.gov/api/xbrl/companyconcept/CIK0000023197/dei/EntityCommonStockSharesOutstanding.json#accn=0000023197-14-000024,,,RESOLVED,,1
1683,PAY,2014-12-04,2014-12-04T15:06:00-05:00,0001312073,2014-08-29,2014-09-04T23:59:59-04:00,113058435,dei:EntityCommonStockSharesOutstanding,10-Q,0001312073-14-000038,2014-09-04,97,A,https://data.sec.gov/api/xbrl/companyconcept/CIK0001312073/dei/EntityCommonStockSharesOutstanding.json#accn=0001312073-14-000038,,,RESOLVED,,1
1684,CMTL,2014-12-05,2014-12-05T15:11:00-05:00,0000023197,2014-10-06,2014-10-09T23:59:59-04:00,16203548,dei:EntityCommonStockSharesOutstanding,10-K,0000023197-14-000024,2014-10-09,60,A,https://data.sec.gov/api/xbrl/companyconcept/CIK0000023197/dei/EntityCommonStockSharesOutstanding.json#accn=0000023197-14-000024,,,RESOLVED,,1
1685,PAY,2014-12-05,2014-12-05T15:06:00-05:00,0001312073,2014-08-29,2014-09-04T23:59:59-04:00,113058435,dei:EntityCommonStockSharesOutstanding,10-Q,0001312073-14-000038,2014-09-04,98,A,https://data.sec.gov/api/xbrl/companyconcept/CIK0001312073/dei/EntityCommonStockSharesOutstanding.json#accn=0001312073-14-000038,,,RESOLVED,,1
1686,CMTL,2014-12-08,2014-12-08T15:11:00-05:00,0000023197,2014-10-06,2014-10-09T23:59:59-04:00,16203548,dei:EntityCommonStockSharesOutstanding,10-K,0000023197-14-000024,2014-10-09,63,A,https://data.sec.gov/api/xbrl/companyconcept/CIK0000023197/dei/EntityCommonStockSharesOutstanding.json#accn=0000023197-14-000024,,,RESOLVED,,1
1687,PAY,2014-12-08,2014-12-08T15:06:00-05:00,0001312073,2014-08-29,2014-09-04T23:59:59-04:00,113058435,dei:EntityCommonStockSharesOutstanding,10-Q,0001312073-14-000038,2014-09-04,101,A,https://data.sec.gov/api/xbrl/companyconcept/CIK0001312073/dei/EntityCommonStockSharesOutstanding.json#accn=0001312073-14-000038,,,RESOLVED,,1
1688,CMTL,2014-12-09,2014-12-09T15:11:00-05:00,0000023197,2014-10-06,2014-10-09T23:59:59-04:00,16203548,dei:EntityCommonStockSharesOutstanding,10-K,0000023197-14-000024,2014-10-09,64,A,https://data.sec.gov/api/xbrl/companyconcept/CIK0000023197/dei/EntityCommonStockSharesOutstanding.json#accn=0000023197-14-000024,,,RESOLVED,,1
1689,PAY,2014-12-09,2014-12-09T15:06:00-05:00,0001312073,2014-08-29,2014-09-04T23:59:59-04:00,113058435,dei:EntityCommonStockSharesOutstanding,10-Q,0001312073-14-000038,2014-09-04,102,A,https://data.sec.gov/api/xbrl/companyconcept/CIK0001312073/dei/EntityCommonStockSharesOutstanding.json#accn=0001312073-14-000038,,,RESOLVED,,1
1690,CMTL,2014-12-10,2014-12-10T15:11:00-05:00,0000023197,2014-10-06,2014-10-09T23:59:59-04:00,16203548,dei:EntityCommonStockSharesOutstanding,10-K,0000023197-14-000024,2014-10-09,65,A,https://data.sec.gov/api/xbrl/companyconcept/CIK0000023197/dei/EntityCommonStockSharesOutstanding.json#accn=0000023197-14-000024,,,RESOLVED,,1
1691,PAY,2014-12-10,2014-12-10T15:06:00-05:00,0001312073,2014-08-29,2014-09-04T23:59:59-04:00,113058435,dei:EntityCommonStockSharesOutstanding,10-Q,0001312073-14-000038,2014-09-04,103,A,https://data.sec.gov/api/xbrl/companyconcept/CIK0001312073/dei/EntityCommonStockSharesOutstanding.json#accn=0001312073-14-000038,,,RESOLVED,,1
1692,PAY,2014-12-11,2014-12-11T15:06:00-05:00,0001312073,2014-08-29,2014-09-04T23:59:59-04:00,113058435,dei:EntityCommonStockSharesOutstanding,10-Q,0001312073-14-000038,2014-09-04,104,A,https://data.sec.gov/api/xbrl/companyconcept/CIK0001312073/dei/EntityCommonStockSharesOutstanding.json#accn=0001312073-14-000038,,,RESOLVED,,1
1693,PAY,2014-12-12,2014-12-12T15:06:00-05:00,0001312073,2014-08-29,2014-09-04T23:59:59-04:00,113058435,dei:EntityCommonStockSharesOutstanding,10-Q,0001312073-14-000038,2014-09-04,105,A,https://data.sec.gov/api/xbrl/companyconcept/CIK0001312073/dei/EntityCommonStockSharesOutstanding.json#accn=0001312073-14-000038,,,RESOLVED,,1
1694,PAY,2014-12-15,2014-12-15T15:06:00-05:00,0001312073,2014-08-29,2014-09-04T23:59:59-04:00,113058435,dei:EntityCommonStockSharesOutstanding,10-Q,0001312073-14-000038,2014-09-04,108,A,https://data.sec.gov/api/xbrl/companyconcept/CIK0001312073/dei/EntityCommonStockSharesOutstanding.json#accn=0001312073-14-000038,,,RESOLVED,,1
1695,CREE,2014-12-16,2014-12-16T15:09:00-05:00,0000895419,2014-10-15,2014-10-22T23:59:59-04:00,119445374,dei:EntityCommonStockSharesOutstanding,10-Q,0000895419-14-000077,2014-10-22,62,A,https://data.sec.gov/api/xbrl/companyconcept/CIK0000895419/dei/EntityCommonStockSharesOutstanding.json#accn=0000895419-14-000077,,,RESOLVED,,1
1696,CREE,2014-12-17,2014-12-17T15:09:00-05:00,0000895419,2014-10-15,2014-10-22T23:59:59-04:00,119445374,dei:EntityCommonStockSharesOutstanding,10-Q,0000895419-14-000077,2014-10-22,63,A,https://data.sec.gov/api/xbrl/companyconcept/CIK0000895419/dei/EntityCommonStockSharesOutstanding.json#accn=0000895419-14-000077,,,RESOLVED,,1
1697,SNDK,2014-12-17,2014-12-17T14:30:00-05:00,0001000180,2014-09-28,2014-11-03T23:59:59-05:00,220648812,dei:EntityCommonStockSharesOutstanding,10-Q,0001000180-14-000068,2014-11-03,80,A,https://data.sec.gov/api/xbrl/companyconcept/CIK0001000180/dei/EntityCommonStockSharesOutstanding.json#accn=0001000180-14-000068,,,RESOLVED,,1
1698,URI,2014-12-17,2014-12-17T15:13:00-05:00,0001067701,2014-10-13,2014-10-15T23:59:59-04:00,99808171,dei:EntityCommonStockSharesOutstanding,10-Q,0001067701-14-000033,2014-10-15,65,A,https://data.sec.gov/api/xbrl/companyconcept/CIK0001067701/dei/EntityCommonStockSharesOutstanding.json#accn=0001067701-14-000033,,,RESOLVED,,1
1699,CREE,2014-12-18,2014-12-18T15:09:00-05:00,0000895419,2014-10-15,2014-10-22T23:59:59-04:00,119445374,dei:EntityCommonStockSharesOutstanding,10-Q,0000895419-14-000077,2014-10-22,64,A,https://data.sec.gov/api/xbrl/companyconcept/CIK0000895419/dei/EntityCommonStockSharesOutstanding.json#accn=0000895419-14-000077,,,RESOLVED,,1
1700,SBUX,2014-12-18,2014-12-18T12:52:00-05:00,0000829224,2014-11-07,2014-11-14T23:59:59-05:00,748300000,dei:EntityCommonStockSharesOutstanding,10-K,0000829224-14-000041,2014-11-14,41,A,https://data.sec.gov/api/xbrl/companyconcept/CIK0000829224/dei/EntityCommonStockSharesOutstanding.json#accn=0000829224-14-000041,,,RESOLVED,,1
1701,SNDK,2014-12-18,2014-12-18T14:30:00-05:00,0001000180,2014-09-28,2014-11-03T23:59:59-05:00,220648812,dei:EntityCommonStockSharesOutstanding,10-Q,0001000180-14-000068,2014-11-03,81,A,https://data.sec.gov/api/xbrl/companyconcept/CIK0001000180/dei/EntityCommonStockSharesOutstanding.json#accn=0001000180-14-000068,,,RESOLVED,,1
1702,STT,2014-12-18,2014-12-18T15:20:00-05:00,0000093751,2014-10-31,2014-11-10T23:59:59-05:00,417495288,dei:EntityCommonStockSharesOutstanding,10-Q,0000093751-14-000165,2014-11-10,48,A,https://data.sec.gov/api/xbrl/companyconcept/CIK0000093751/dei/EntityCommonStockSharesOutstanding.json#accn=0000093751-14-000165,,,RESOLVED,,1
1703,SWKS,2014-12-18,2014-12-18T15:11:00-05:00,0000004127,2014-11-14,2014-11-25T23:59:59-05:00,190653624,dei:EntityCommonStockSharesOutstanding,10-K,0000004127-14-000046,2014-11-25,34,A,https://data.sec.gov/api/xbrl/companyconcept/CIK0000004127/dei/EntityCommonStockSharesOutstanding.json#accn=0000004127-14-000046,,,RESOLVED,,1
1704,URI,2014-12-18,2014-12-18T15:13:00-05:00,0001067701,2014-10-13,2014-10-15T23:59:59-04:00,99808171,dei:EntityCommonStockSharesOutstanding,10-Q,0001067701-14-000033,2014-10-15,66,A,https://data.sec.gov/api/xbrl/companyconcept/CIK0001067701/dei/EntityCommonStockSharesOutstanding.json#accn=0001067701-14-000033,,,RESOLVED,,1
1705,CREE,2014-12-19,2014-12-19T15:09:00-05:00,0000895419,2014-10-15,2014-10-22T23:59:59-04:00,119445374,dei:EntityCommonStockSharesOutstanding,10-Q,0000895419-14-000077,2014-10-22,65,A,https://data.sec.gov/api/xbrl/companyconcept/CIK0000895419/dei/EntityCommonStockSharesOutstanding.json#accn=0000895419-14-000077,,,RESOLVED,,1
1706,SBUX,2014-12-19,2014-12-19T12:52:00-05:00,0000829224,2014-11-07,2014-11-14T23:59:59-05:00,748300000,dei:EntityCommonStockSharesOutstanding,10-K,0000829224-14-000041,2014-11-14,42,A,https://data.sec.gov/api/xbrl/companyconcept/CIK0000829224/dei/EntityCommonStockSharesOutstanding.json#accn=0000829224-14-000041,,,RESOLVED,,1
1707,SNDK,2014-12-19,2014-12-19T14:30:00-05:00,0001000180,2014-09-28,2014-11-03T23:59:59-05:00,220648812,dei:EntityCommonStockSharesOutstanding,10-Q,0001000180-14-000068,2014-11-03,82,A,https://data.sec.gov/api/xbrl/companyconcept/CIK0001000180/dei/EntityCommonStockSharesOutstanding.json#accn=0001000180-14-000068,,,RESOLVED,,1
1708,STT,2014-12-19,2014-12-19T15:20:00-05:00,0000093751,2014-10-31,2014-11-10T23:59:59-05:00,417495288,dei:EntityCommonStockSharesOutstanding,10-Q,0000093751-14-000165,2014-11-10,49,A,https://data.sec.gov/api/xbrl/companyconcept/CIK0000093751/dei/EntityCommonStockSharesOutstanding.json#accn=0000093751-14-000165,,,RESOLVED,,1
1709,SWKS,2014-12-19,2014-12-19T15:11:00-05:00,0000004127,2014-11-14,2014-11-25T23:59:59-05:00,190653624,dei:EntityCommonStockSharesOutstanding,10-K,0000004127-14-000046,2014-11-25,35,A,https://data.sec.gov/api/xbrl/companyconcept/CIK0000004127/dei/EntityCommonStockSharesOutstanding.json#accn=0000004127-14-000046,,,RESOLVED,,1
1710,URI,2014-12-19,2014-12-19T15:13:00-05:00,0001067701,2014-10-13,2014-10-15T23:59:59-04:00,99808171,dei:EntityCommonStockSharesOutstanding,10-Q,0001067701-14-000033,2014-10-15,67,A,https://data.sec.gov/api/xbrl/companyconcept/CIK0001067701/dei/EntityCommonStockSharesOutstanding.json#accn=0001067701-14-000033,,,RESOLVED,,1
1711,CREE,2014-12-22,2014-12-22T15:09:00-05:00,0000895419,2014-10-15,2014-10-22T23:59:59-04:00,119445374,dei:EntityCommonStockSharesOutstanding,10-Q,0000895419-14-000077,2014-10-22,68,A,https://data.sec.gov/api/xbrl/companyconcept/CIK0000895419/dei/EntityCommonStockSharesOutstanding.json#accn=0000895419-14-000077,,,RESOLVED,,1
1712,SBUX,2014-12-22,2014-12-22T12:52:00-05:00,0000829224,2014-11-07,2014-11-14T23:59:59-05:00,748300000,dei:EntityCommonStockSharesOutstanding,10-K,0000829224-14-000041,2014-11-14,45,A,https://data.sec.gov/api/xbrl/companyconcept/CIK0000829224/dei/EntityCommonStockSharesOutstanding.json#accn=0000829224-14-000041,,,RESOLVED,,1
1713,SNDK,2014-12-22,2014-12-22T14:30:00-05:00,0001000180,2014-09-28,2014-11-03T23:59:59-05:00,220648812,dei:EntityCommonStockSharesOutstanding,10-Q,0001000180-14-000068,2014-11-03,85,A,https://data.sec.gov/api/xbrl/companyconcept/CIK0001000180/dei/EntityCommonStockSharesOutstanding.json#accn=0001000180-14-000068,,,RESOLVED,,1
1714,STT,2014-12-22,2014-12-22T15:20:00-05:00,0000093751,2014-10-31,2014-11-10T23:59:59-05:00,417495288,dei:EntityCommonStockSharesOutstanding,10-Q,0000093751-14-000165,2014-11-10,52,A,https://data.sec.gov/api/xbrl/companyconcept/CIK0000093751/dei/EntityCommonStockSharesOutstanding.json#accn=0000093751-14-000165,,,RESOLVED,,1
1715,SWKS,2014-12-22,2014-12-22T15:11:00-05:00,0000004127,2014-11-14,2014-11-25T23:59:59-05:00,190653624,dei:EntityCommonStockSharesOutstanding,10-K,0000004127-14-000046,2014-11-25,38,A,https://data.sec.gov/api/xbrl/companyconcept/CIK0000004127/dei/EntityCommonStockSharesOutstanding.json#accn=0000004127-14-000046,,,RESOLVED,,1
1716,URI,2014-12-22,2014-12-22T15:13:00-05:00,0001067701,2014-10-13,2014-10-15T23:59:59-04:00,99808171,dei:EntityCommonStockSharesOutstanding,10-Q,0001067701-14-000033,2014-10-15,70,A,https://data.sec.gov/api/xbrl/companyconcept/CIK0001067701/dei/EntityCommonStockSharesOutstanding.json#accn=0001067701-14-000033,,,RESOLVED,,1
1717,CREE,2014-12-23,2014-12-23T15:09:00-05:00,0000895419,2014-10-15,2014-10-22T23:59:59-04:00,119445374,dei:EntityCommonStockSharesOutstanding,10-Q,0000895419-14-000077,2014-10-22,69,A,https://data.sec.gov/api/xbrl/companyconcept/CIK0000895419/dei/EntityCommonStockSharesOutstanding.json#accn=0000895419-14-000077,,,RESOLVED,,1
1718,EA,2014-12-23,2014-12-23T15:18:00-05:00,0000712515,2014-10-31,2014-11-04T23:59:59-05:00,310936350,dei:EntityCommonStockSharesOutstanding,10-Q,0000712515-14-000063,2014-11-04,53,A,https://data.sec.gov/api/xbrl/companyconcept/CIK0000712515/dei/EntityCommonStockSharesOutstanding.json#accn=0000712515-14-000063,,,RESOLVED,,1
1719,ILMN,2014-12-23,2014-12-23T14:41:00-05:00,0001110803,2014-10-08,2014-10-29T23:59:59-04:00,142000000,dei:EntityCommonStockSharesOutstanding,10-Q,0001110803-14-000363,2014-10-29,76,A,https://data.sec.gov/api/xbrl/companyconcept/CIK0001110803/dei/EntityCommonStockSharesOutstanding.json#accn=0001110803-14-000363,,,RESOLVED,,1
1720,SBUX,2014-12-23,2014-12-23T12:52:00-05:00,0000829224,2014-11-07,2014-11-14T23:59:59-05:00,748300000,dei:EntityCommonStockSharesOutstanding,10-K,0000829224-14-000041,2014-11-14,46,A,https://data.sec.gov/api/xbrl/companyconcept/CIK0000829224/dei/EntityCommonStockSharesOutstanding.json#accn=0000829224-14-000041,,,RESOLVED,,1
1721,SNDK,2014-12-23,2014-12-23T14:30:00-05:00,0001000180,2014-09-28,2014-11-03T23:59:59-05:00,220648812,dei:EntityCommonStockSharesOutstanding,10-Q,0001000180-14-000068,2014-11-03,86,A,https://data.sec.gov/api/xbrl/companyconcept/CIK0001000180/dei/EntityCommonStockSharesOutstanding.json#accn=0001000180-14-000068,,,RESOLVED,,1
1722,STT,2014-12-23,2014-12-23T15:20:00-05:00,0000093751,2014-10-31,2014-11-10T23:59:59-05:00,417495288,dei:EntityCommonStockSharesOutstanding,10-Q,0000093751-14-000165,2014-11-10,53,A,https://data.sec.gov/api/xbrl/companyconcept/CIK0000093751/dei/EntityCommonStockSharesOutstanding.json#accn=0000093751-14-000165,,,RESOLVED,,1
1723,SWKS,2014-12-23,2014-12-23T15:11:00-05:00,0000004127,2014-11-14,2014-11-25T23:59:59-05:00,190653624,dei:EntityCommonStockSharesOutstanding,10-K,0000004127-14-000046,2014-11-25,39,A,https://data.sec.gov/api/xbrl/companyconcept/CIK0000004127/dei/EntityCommonStockSharesOutstanding.json#accn=0000004127-14-000046,,,RESOLVED,,1
1724,URI,2014-12-23,2014-12-23T15:13:00-05:00,0001067701,2014-10-13,2014-10-15T23:59:59-04:00,99808171,dei:EntityCommonStockSharesOutstanding,10-Q,0001067701-14-000033,2014-10-15,71,A,https://data.sec.gov/api/xbrl/companyconcept/CIK0001067701/dei/EntityCommonStockSharesOutstanding.json#accn=0001067701-14-000033,,,RESOLVED,,1
1725,CREE,2014-12-26,2014-12-26T15:09:00-05:00,0000895419,2014-10-15,2014-10-22T23:59:59-04:00,119445374,dei:EntityCommonStockSharesOutstanding,10-Q,0000895419-14-000077,2014-10-22,72,A,https://data.sec.gov/api/xbrl/companyconcept/CIK0000895419/dei/EntityCommonStockSharesOutstanding.json#accn=0000895419-14-000077,,,RESOLVED,,1
1726,EA,2014-12-26,2014-12-26T15:18:00-05:00,0000712515,2014-10-31,2014-11-04T23:59:59-05:00,310936350,dei:EntityCommonStockSharesOutstanding,10-Q,0000712515-14-000063,2014-11-04,56,A,https://data.sec.gov/api/xbrl/companyconcept/CIK0000712515/dei/EntityCommonStockSharesOutstanding.json#accn=0000712515-14-000063,,,RESOLVED,,1
1727,F,2014-12-26,2014-12-26T15:29:00-05:00,0000037996,2014-10-24,2014-10-31T23:59:59-04:00,3848687417,sec_cover_page,10-Q,0000037996-14-000057,2014-10-31,63,A,https://www.sec.gov/Archives/edgar/data/37996/000003799614000057/f0930201410-q.htm,,,RESOLVED,,1
1728,ILMN,2014-12-26,2014-12-26T14:41:00-05:00,0001110803,2014-10-08,2014-10-29T23:59:59-04:00,142000000,dei:EntityCommonStockSharesOutstanding,10-Q,0001110803-14-000363,2014-10-29,79,A,https://data.sec.gov/api/xbrl/companyconcept/CIK0001110803/dei/EntityCommonStockSharesOutstanding.json#accn=0001110803-14-000363,,,RESOLVED,,1
1729,NOW,2014-12-26,2014-12-26T13:01:00-05:00,0001373715,2014-10-31,2014-11-05T23:59:59-05:00,148300000,dei:EntityCommonStockSharesOutstanding,10-Q,0001373715-14-000207,2014-11-05,56,A,https://data.sec.gov/api/xbrl/companyconcept/CIK0001373715/dei/EntityCommonStockSharesOutstanding.json#accn=0001373715-14-000207,,,RESOLVED,,1
1730,SBUX,2014-12-26,2014-12-26T12:52:00-05:00,0000829224,2014-11-07,2014-11-14T23:59:59-05:00,748300000,dei:EntityCommonStockSharesOutstanding,10-K,0000829224-14-000041,2014-11-14,49,A,https://data.sec.gov/api/xbrl/companyconcept/CIK0000829224/dei/EntityCommonStockSharesOutstanding.json#accn=0000829224-14-000041,,,RESOLVED,,1
1731,SNDK,2014-12-26,2014-12-26T14:30:00-05:00,0001000180,2014-09-28,2014-11-03T23:59:59-05:00,220648812,dei:EntityCommonStockSharesOutstanding,10-Q,0001000180-14-000068,2014-11-03,89,A,https://data.sec.gov/api/xbrl/companyconcept/CIK0001000180/dei/EntityCommonStockSharesOutstanding.json#accn=0001000180-14-000068,,,RESOLVED,,1
1732,STT,2014-12-26,2014-12-26T15:20:00-05:00,0000093751,2014-10-31,2014-11-10T23:59:59-05:00,417495288,dei:EntityCommonStockSharesOutstanding,10-Q,0000093751-14-000165,2014-11-10,56,A,https://data.sec.gov/api/xbrl/companyconcept/CIK0000093751/dei/EntityCommonStockSharesOutstanding.json#accn=0000093751-14-000165,,,RESOLVED,,1
1733,SWKS,2014-12-26,2014-12-26T15:11:00-05:00,0000004127,2014-11-14,2014-11-25T23:59:59-05:00,190653624,dei:EntityCommonStockSharesOutstanding,10-K,0000004127-14-000046,2014-11-25,42,A,https://data.sec.gov/api/xbrl/companyconcept/CIK0000004127/dei/EntityCommonStockSharesOutstanding.json#accn=0000004127-14-000046,,,RESOLVED,,1
1734,TER,2014-12-26,2014-12-26T15:19:00-05:00,0000097210,2014-10-31,2014-11-07T23:59:59-05:00,216494252,dei:EntityCommonStockSharesOutstanding,10-Q,0001193125-14-402724,2014-11-07,56,A,https://data.sec.gov/api/xbrl/companyconcept/CIK0000097210/dei/EntityCommonStockSharesOutstanding.json#accn=0001193125-14-402724,,,RESOLVED,,1
1735,URI,2014-12-26,2014-12-26T15:13:00-05:00,0001067701,2014-10-13,2014-10-15T23:59:59-04:00,99808171,dei:EntityCommonStockSharesOutstanding,10-Q,0001067701-14-000033,2014-10-15,74,A,https://data.sec.gov/api/xbrl/companyconcept/CIK0001067701/dei/EntityCommonStockSharesOutstanding.json#accn=0001067701-14-000033,,,RESOLVED,,1
1736,BCR,2014-12-29,2014-12-29T14:57:00-05:00,0000009892,2014-09-30,2014-10-23T23:59:59-04:00,74898741,dei:EntityCommonStockSharesOutstanding,10-Q,0001193125-14-380362,2014-10-23,90,A,https://data.sec.gov/api/xbrl/companyconcept/CIK0000009892/dei/EntityCommonStockSharesOutstanding.json#accn=0001193125-14-380362,,,RESOLVED,,1
1737,CREE,2014-12-29,2014-12-29T15:09:00-05:00,0000895419,2014-10-15,2014-10-22T23:59:59-04:00,119445374,dei:EntityCommonStockSharesOutstanding,10-Q,0000895419-14-000077,2014-10-22,75,A,https://data.sec.gov/api/xbrl/companyconcept/CIK0000895419/dei/EntityCommonStockSharesOutstanding.json#accn=0000895419-14-000077,,,RESOLVED,,1
1738,EA,2014-12-29,2014-12-29T15:18:00-05:00,0000712515,2014-10-31,2014-11-04T23:59:59-05:00,310936350,dei:EntityCommonStockSharesOutstanding,10-Q,0000712515-14-000063,2014-11-04,59,A,https://data.sec.gov/api/xbrl/companyconcept/CIK0000712515/dei/EntityCommonStockSharesOutstanding.json#accn=0000712515-14-000063,,,RESOLVED,,1
1739,F,2014-12-29,2014-12-29T15:29:00-05:00,0000037996,2014-10-24,2014-10-31T23:59:59-04:00,3848687417,sec_cover_page,10-Q,0000037996-14-000057,2014-10-31,66,A,https://www.sec.gov/Archives/edgar/data/37996/000003799614000057/f0930201410-q.htm,,,RESOLVED,,1
1740,HBI,2014-12-29,2014-12-29T14:08:00-05:00,0001359841,2014-10-24,2014-10-30T23:59:59-04:00,99892128,dei:EntityCommonStockSharesOutstanding,10-Q,0001359841-14-000129,2014-10-30,66,A,https://data.sec.gov/api/xbrl/companyconcept/CIK0001359841/dei/EntityCommonStockSharesOutstanding.json#accn=0001359841-14-000129,,,RESOLVED,,1
1741,ILMN,2014-12-29,2014-12-29T14:41:00-05:00,0001110803,2014-10-08,2014-10-29T23:59:59-04:00,142000000,dei:EntityCommonStockSharesOutstanding,10-Q,0001110803-14-000363,2014-10-29,82,A,https://data.sec.gov/api/xbrl/companyconcept/CIK0001110803/dei/EntityCommonStockSharesOutstanding.json#accn=0001110803-14-000363,,,RESOLVED,,1
1742,NATI,2014-12-29,2014-12-29T15:21:00-05:00,0000935494,2014-10-28,2014-10-31T23:59:59-04:00,127586103,sec_cover_page,10-Q,0000935494-14-000026,2014-10-31,62,A,https://www.sec.gov/Archives/edgar/data/935494/000093549414000026/c494-20140930x10q.htm,,,RESOLVED,,1
1743,NOW,2014-12-29,2014-12-29T13:01:00-05:00,0001373715,2014-10-31,2014-11-05T23:59:59-05:00,148300000,dei:EntityCommonStockSharesOutstanding,10-Q,0001373715-14-000207,2014-11-05,59,A,https://data.sec.gov/api/xbrl/companyconcept/CIK0001373715/dei/EntityCommonStockSharesOutstanding.json#accn=0001373715-14-000207,,,RESOLVED,,1
1744,SBUX,2014-12-29,2014-12-29T12:52:00-05:00,0000829224,2014-11-07,2014-11-14T23:59:59-05:00,748300000,dei:EntityCommonStockSharesOutstanding,10-K,0000829224-14-000041,2014-11-14,52,A,https://data.sec.gov/api/xbrl/companyconcept/CIK0000829224/dei/EntityCommonStockSharesOutstanding.json#accn=0000829224-14-000041,,,RESOLVED,,1
1745,SNDK,2014-12-29,2014-12-29T14:30:00-05:00,0001000180,2014-09-28,2014-11-03T23:59:59-05:00,220648812,dei:EntityCommonStockSharesOutstanding,10-Q,0001000180-14-000068,2014-11-03,92,A,https://data.sec.gov/api/xbrl/companyconcept/CIK0001000180/dei/EntityCommonStockSharesOutstanding.json#accn=0001000180-14-000068,,,RESOLVED,,1
1746,STT,2014-12-29,2014-12-29T15:20:00-05:00,0000093751,2014-10-31,2014-11-10T23:59:59-05:00,417495288,dei:EntityCommonStockSharesOutstanding,10-Q,0000093751-14-000165,2014-11-10,59,A,https://data.sec.gov/api/xbrl/companyconcept/CIK0000093751/dei/EntityCommonStockSharesOutstanding.json#accn=0000093751-14-000165,,,RESOLVED,,1
1747,SWKS,2014-12-29,2014-12-29T15:11:00-05:00,0000004127,2014-11-14,2014-11-25T23:59:59-05:00,190653624,dei:EntityCommonStockSharesOutstanding,10-K,0000004127-14-000046,2014-11-25,45,A,https://data.sec.gov/api/xbrl/companyconcept/CIK0000004127/dei/EntityCommonStockSharesOutstanding.json#accn=0000004127-14-000046,,,RESOLVED,,1
1748,TER,2014-12-29,2014-12-29T15:19:00-05:00,0000097210,2014-10-31,2014-11-07T23:59:59-05:00,216494252,dei:EntityCommonStockSharesOutstanding,10-Q,0001193125-14-402724,2014-11-07,59,A,https://data.sec.gov/api/xbrl/companyconcept/CIK0000097210/dei/EntityCommonStockSharesOutstanding.json#accn=0001193125-14-402724,,,RESOLVED,,1
1749,URI,2014-12-29,2014-12-29T15:13:00-05:00,0001067701,2014-10-13,2014-10-15T23:59:59-04:00,99808171,dei:EntityCommonStockSharesOutstanding,10-Q,0001067701-14-000033,2014-10-15,77,A,https://data.sec.gov/api/xbrl/companyconcept/CIK0001067701/dei/EntityCommonStockSharesOutstanding.json#accn=0001067701-14-000033,,,RESOLVED,,1
1750,BCR,2014-12-30,2014-12-30T14:57:00-05:00,0000009892,2014-09-30,2014-10-23T23:59:59-04:00,74898741,dei:EntityCommonStockSharesOutstanding,10-Q,0001193125-14-380362,2014-10-23,91,A,https://data.sec.gov/api/xbrl/companyconcept/CIK0000009892/dei/EntityCommonStockSharesOutstanding.json#accn=0001193125-14-380362,,,RESOLVED,,1
1751,CREE,2014-12-30,2014-12-30T15:09:00-05:00,0000895419,2014-10-15,2014-10-22T23:59:59-04:00,119445374,dei:EntityCommonStockSharesOutstanding,10-Q,0000895419-14-000077,2014-10-22,76,A,https://data.sec.gov/api/xbrl/companyconcept/CIK0000895419/dei/EntityCommonStockSharesOutstanding.json#accn=0000895419-14-000077,,,RESOLVED,,1
1752,EA,2014-12-30,2014-12-30T15:18:00-05:00,0000712515,2014-10-31,2014-11-04T23:59:59-05:00,310936350,dei:EntityCommonStockSharesOutstanding,10-Q,0000712515-14-000063,2014-11-04,60,A,https://data.sec.gov/api/xbrl/companyconcept/CIK0000712515/dei/EntityCommonStockSharesOutstanding.json#accn=0000712515-14-000063,,,RESOLVED,,1
1753,F,2014-12-30,2014-12-30T15:29:00-05:00,0000037996,2014-10-24,2014-10-31T23:59:59-04:00,3848687417,sec_cover_page,10-Q,0000037996-14-000057,2014-10-31,67,A,https://www.sec.gov/Archives/edgar/data/37996/000003799614000057/f0930201410-q.htm,,,RESOLVED,,1
1754,HBI,2014-12-30,2014-12-30T14:08:00-05:00,0001359841,2014-10-24,2014-10-30T23:59:59-04:00,99892128,dei:EntityCommonStockSharesOutstanding,10-Q,0001359841-14-000129,2014-10-30,67,A,https://data.sec.gov/api/xbrl/companyconcept/CIK0001359841/dei/EntityCommonStockSharesOutstanding.json#accn=0001359841-14-000129,,,RESOLVED,,1
1755,ILMN,2014-12-30,2014-12-30T14:41:00-05:00,0001110803,2014-10-08,2014-10-29T23:59:59-04:00,142000000,dei:EntityCommonStockSharesOutstanding,10-Q,0001110803-14-000363,2014-10-29,83,A,https://data.sec.gov/api/xbrl/companyconcept/CIK0001110803/dei/EntityCommonStockSharesOutstanding.json#accn=0001110803-14-000363,,,RESOLVED,,1
1756,NATI,2014-12-30,2014-12-30T15:21:00-05:00,0000935494,2014-10-28,2014-10-31T23:59:59-04:00,127586103,sec_cover_page,10-Q,0000935494-14-000026,2014-10-31,63,A,https://www.sec.gov/Archives/edgar/data/935494/000093549414000026/c494-20140930x10q.htm,,,RESOLVED,,1
1757,NOW,2014-12-30,2014-12-30T13:01:00-05:00,0001373715,2014-10-31,2014-11-05T23:59:59-05:00,148300000,dei:EntityCommonStockSharesOutstanding,10-Q,0001373715-14-000207,2014-11-05,60,A,https://data.sec.gov/api/xbrl/companyconcept/CIK0001373715/dei/EntityCommonStockSharesOutstanding.json#accn=0001373715-14-000207,,,RESOLVED,,1
1758,SBUX,2014-12-30,2014-12-30T12:52:00-05:00,0000829224,2014-11-07,2014-11-14T23:59:59-05:00,748300000,dei:EntityCommonStockSharesOutstanding,10-K,0000829224-14-000041,2014-11-14,53,A,https://data.sec.gov/api/xbrl/companyconcept/CIK0000829224/dei/EntityCommonStockSharesOutstanding.json#accn=0000829224-14-000041,,,RESOLVED,,1
1759,SNDK,2014-12-30,2014-12-30T14:30:00-05:00,0001000180,2014-09-28,2014-11-03T23:59:59-05:00,220648812,dei:EntityCommonStockSharesOutstanding,10-Q,0001000180-14-000068,2014-11-03,93,A,https://data.sec.gov/api/xbrl/companyconcept/CIK0001000180/dei/EntityCommonStockSharesOutstanding.json#accn=0001000180-14-000068,,,RESOLVED,,1
1760,STT,2014-12-30,2014-12-30T15:20:00-05:00,0000093751,2014-10-31,2014-11-10T23:59:59-05:00,417495288,dei:EntityCommonStockSharesOutstanding,10-Q,0000093751-14-000165,2014-11-10,60,A,https://data.sec.gov/api/xbrl/companyconcept/CIK0000093751/dei/EntityCommonStockSharesOutstanding.json#accn=0000093751-14-000165,,,RESOLVED,,1
1761,SWKS,2014-12-30,2014-12-30T15:11:00-05:00,0000004127,2014-11-14,2014-11-25T23:59:59-05:00,190653624,dei:EntityCommonStockSharesOutstanding,10-K,0000004127-14-000046,2014-11-25,46,A,https://data.sec.gov/api/xbrl/companyconcept/CIK0000004127/dei/EntityCommonStockSharesOutstanding.json#accn=0000004127-14-000046,,,RESOLVED,,1
1762,TER,2014-12-30,2014-12-30T15:19:00-05:00,0000097210,2014-10-31,2014-11-07T23:59:59-05:00,216494252,dei:EntityCommonStockSharesOutstanding,10-Q,0001193125-14-402724,2014-11-07,60,A,https://data.sec.gov/api/xbrl/companyconcept/CIK0000097210/dei/EntityCommonStockSharesOutstanding.json#accn=0001193125-14-402724,,,RESOLVED,,1
1763,URI,2014-12-30,2014-12-30T15:13:00-05:00,0001067701,2014-10-13,2014-10-15T23:59:59-04:00,99808171,dei:EntityCommonStockSharesOutstanding,10-Q,0001067701-14-000033,2014-10-15,78,A,https://data.sec.gov/api/xbrl/companyconcept/CIK0001067701/dei/EntityCommonStockSharesOutstanding.json#accn=0001067701-14-000033,,,RESOLVED,,1
1764,BCR,2014-12-31,2014-12-31T14:57:00-05:00,0000009892,2014-09-30,2014-10-23T23:59:59-04:00,74898741,dei:EntityCommonStockSharesOutstanding,10-Q,0001193125-14-380362,2014-10-23,92,A,https://data.sec.gov/api/xbrl/companyconcept/CIK0000009892/dei/EntityCommonStockSharesOutstanding.json#accn=0001193125-14-380362,,,RESOLVED,,1
1765,CREE,2014-12-31,2014-12-31T15:09:00-05:00,0000895419,2014-10-15,2014-10-22T23:59:59-04:00,119445374,dei:EntityCommonStockSharesOutstanding,10-Q,0000895419-14-000077,2014-10-22,77,A,https://data.sec.gov/api/xbrl/companyconcept/CIK0000895419/dei/EntityCommonStockSharesOutstanding.json#accn=0000895419-14-000077,,,RESOLVED,,1
1766,EA,2014-12-31,2014-12-31T15:18:00-05:00,0000712515,2014-10-31,2014-11-04T23:59:59-05:00,310936350,dei:EntityCommonStockSharesOutstanding,10-Q,0000712515-14-000063,2014-11-04,61,A,https://data.sec.gov/api/xbrl/companyconcept/CIK0000712515/dei/EntityCommonStockSharesOutstanding.json#accn=0000712515-14-000063,,,RESOLVED,,1
1767,F,2014-12-31,2014-12-31T15:29:00-05:00,0000037996,2014-10-24,2014-10-31T23:59:59-04:00,3848687417,sec_cover_page,10-Q,0000037996-14-000057,2014-10-31,68,A,https://www.sec.gov/Archives/edgar/data/37996/000003799614000057/f0930201410-q.htm,,,RESOLVED,,1
1768,HBI,2014-12-31,2014-12-31T14:08:00-05:00,0001359841,2014-10-24,2014-10-30T23:59:59-04:00,99892128,dei:EntityCommonStockSharesOutstanding,10-Q,0001359841-14-000129,2014-10-30,68,A,https://data.sec.gov/api/xbrl/companyconcept/CIK0001359841/dei/EntityCommonStockSharesOutstanding.json#accn=0001359841-14-000129,,,RESOLVED,,1
1769,IDTI,2014-12-31,2014-12-31T13:54:00-05:00,0000703361,2014-10-31,2014-11-05T23:59:59-05:00,148650153,dei:EntityCommonStockSharesOutstanding,10-Q,0000703361-14-000038,2014-11-05,61,A,https://data.sec.gov/api/xbrl/companyconcept/CIK0000703361/dei/EntityCommonStockSharesOutstanding.json#accn=0000703361-14-000038,,,RESOLVED,,1
1770,ILMN,2014-12-31,2014-12-31T14:41:00-05:00,0001110803,2014-10-08,2014-10-29T23:59:59-04:00,142000000,dei:EntityCommonStockSharesOutstanding,10-Q,0001110803-14-000363,2014-10-29,84,A,https://data.sec.gov/api/xbrl/companyconcept/CIK0001110803/dei/EntityCommonStockSharesOutstanding.json#accn=0001110803-14-000363,,,RESOLVED,,1
1771,MDU,2014-12-31,2014-12-31T14:17:00-05:00,0000067716,2014-10-31,2014-11-07T23:59:59-05:00,194106937,dei:EntityCommonStockSharesOutstanding,10-Q,0000067716-14-000123,2014-11-07,61,A,https://data.sec.gov/api/xbrl/companyconcept/CIK0000067716/dei/EntityCommonStockSharesOutstanding.json#accn=0000067716-14-000123,,,RESOLVED,,1
1772,NATI,2014-12-31,2014-12-31T15:21:00-05:00,0000935494,2014-10-28,2014-10-31T23:59:59-04:00,127586103,sec_cover_page,10-Q,0000935494-14-000026,2014-10-31,64,A,https://www.sec.gov/Archives/edgar/data/935494/000093549414000026/c494-20140930x10q.htm,,,RESOLVED,,1
1773,NOW,2014-12-31,2014-12-31T13:01:00-05:00,0001373715,2014-10-31,2014-11-05T23:59:59-05:00,148300000,dei:EntityCommonStockSharesOutstanding,10-Q,0001373715-14-000207,2014-11-05,61,A,https://data.sec.gov/api/xbrl/companyconcept/CIK0001373715/dei/EntityCommonStockSharesOutstanding.json#accn=0001373715-14-000207,,,RESOLVED,,1
1774,R,2014-12-31,2014-12-31T15:13:00-05:00,0000085961,2014-09-30,2014-10-22T23:59:59-04:00,53039595,dei:EntityCommonStockSharesOutstanding,10-Q,0000085961-14-000050,2014-10-22,92,A,https://data.sec.gov/api/xbrl/companyconcept/CIK0000085961/dei/EntityCommonStockSharesOutstanding.json#accn=0000085961-14-000050,,,RESOLVED,,1
1775,SBUX,2014-12-31,2014-12-31T12:52:00-05:00,0000829224,2014-11-07,2014-11-14T23:59:59-05:00,748300000,dei:EntityCommonStockSharesOutstanding,10-K,0000829224-14-000041,2014-11-14,54,A,https://data.sec.gov/api/xbrl/companyconcept/CIK0000829224/dei/EntityCommonStockSharesOutstanding.json#accn=0000829224-14-000041,,,RESOLVED,,1
1776,SNDK,2014-12-31,2014-12-31T14:30:00-05:00,0001000180,2014-09-28,2014-11-03T23:59:59-05:00,220648812,dei:EntityCommonStockSharesOutstanding,10-Q,0001000180-14-000068,2014-11-03,94,A,https://data.sec.gov/api/xbrl/companyconcept/CIK0001000180/dei/EntityCommonStockSharesOutstanding.json#accn=0001000180-14-000068,,,RESOLVED,,1
1777,STT,2014-12-31,2014-12-31T15:20:00-05:00,0000093751,2014-10-31,2014-11-10T23:59:59-05:00,417495288,dei:EntityCommonStockSharesOutstanding,10-Q,0000093751-14-000165,2014-11-10,61,A,https://data.sec.gov/api/xbrl/companyconcept/CIK0000093751/dei/EntityCommonStockSharesOutstanding.json#accn=0000093751-14-000165,,,RESOLVED,,1
1778,SWKS,2014-12-31,2014-12-31T15:11:00-05:00,0000004127,2014-11-14,2014-11-25T23:59:59-05:00,190653624,dei:EntityCommonStockSharesOutstanding,10-K,0000004127-14-000046,2014-11-25,47,A,https://data.sec.gov/api/xbrl/companyconcept/CIK0000004127/dei/EntityCommonStockSharesOutstanding.json#accn=0000004127-14-000046,,,RESOLVED,,1
1779,TER,2014-12-31,2014-12-31T15:19:00-05:00,0000097210,2014-10-31,2014-11-07T23:59:59-05:00,216494252,dei:EntityCommonStockSharesOutstanding,10-Q,0001193125-14-402724,2014-11-07,61,A,https://data.sec.gov/api/xbrl/companyconcept/CIK0000097210/dei/EntityCommonStockSharesOutstanding.json#accn=0001193125-14-402724,,,RESOLVED,,1
1780,URI,2014-12-31,2014-12-31T15:13:00-05:00,0001067701,2014-10-13,2014-10-15T23:59:59-04:00,99808171,dei:EntityCommonStockSharesOutstanding,10-Q,0001067701-14-000033,2014-10-15,79,A,https://data.sec.gov/api/xbrl/companyconcept/CIK0001067701/dei/EntityCommonStockSharesOutstanding.json#accn=0001067701-14-000033,,,RESOLVED,,1
1781,BCR,2015-01-02,2015-01-02T14:57:00-05:00,0000009892,2014-09-30,2014-10-23T23:59:59-04:00,74898741,dei:EntityCommonStockSharesOutstanding,10-Q,0001193125-14-380362,2014-10-23,94,A,https://data.sec.gov/api/xbrl/companyconcept/CIK0000009892/dei/EntityCommonStockSharesOutstanding.json#accn=0001193125-14-380362,,,RESOLVED,,1
1782,CREE,2015-01-02,2015-01-02T15:09:00-05:00,0000895419,2014-10-15,2014-10-22T23:59:59-04:00,119445374,dei:EntityCommonStockSharesOutstanding,10-Q,0000895419-14-000077,2014-10-22,79,A,https://data.sec.gov/api/xbrl/companyconcept/CIK0000895419/dei/EntityCommonStockSharesOutstanding.json#accn=0000895419-14-000077,,,RESOLVED,,1
1783,EA,2015-01-02,2015-01-02T15:18:00-05:00,0000712515,2014-10-31,2014-11-04T23:59:59-05:00,310936350,dei:EntityCommonStockSharesOutstanding,10-Q,0000712515-14-000063,2014-11-04,63,A,https://data.sec.gov/api/xbrl/companyconcept/CIK0000712515/dei/EntityCommonStockSharesOutstanding.json#accn=0000712515-14-000063,,,RESOLVED,,1
1784,F,2015-01-02,2015-01-02T15:29:00-05:00,0000037996,2014-10-24,2014-10-31T23:59:59-04:00,3848687417,sec_cover_page,10-Q,0000037996-14-000057,2014-10-31,70,A,https://www.sec.gov/Archives/edgar/data/37996/000003799614000057/f0930201410-q.htm,,,RESOLVED,,1
1785,GILD,2015-01-02,2015-01-02T15:20:00-05:00,0000882095,2014-10-31,2014-11-05T23:59:59-05:00,1508664333,dei:EntityCommonStockSharesOutstanding,10-Q,0000882095-14-000051,2014-11-05,63,A,https://data.sec.gov/api/xbrl/companyconcept/CIK0000882095/dei/EntityCommonStockSharesOutstanding.json#accn=0000882095-14-000051,,,RESOLVED,,1
1786,HBI,2015-01-02,2015-01-02T14:08:00-05:00,0001359841,2014-10-24,2014-10-30T23:59:59-04:00,99892128,dei:EntityCommonStockSharesOutstanding,10-Q,0001359841-14-000129,2014-10-30,70,A,https://data.sec.gov/api/xbrl/companyconcept/CIK0001359841/dei/EntityCommonStockSharesOutstanding.json#accn=0001359841-14-000129,,,RESOLVED,,1
1787,IDTI,2015-01-02,2015-01-02T13:54:00-05:00,0000703361,2014-10-31,2014-11-05T23:59:59-05:00,148650153,dei:EntityCommonStockSharesOutstanding,10-Q,0000703361-14-000038,2014-11-05,63,A,https://data.sec.gov/api/xbrl/companyconcept/CIK0000703361/dei/EntityCommonStockSharesOutstanding.json#accn=0000703361-14-000038,,,RESOLVED,,1
1788,ILMN,2015-01-02,2015-01-02T14:41:00-05:00,0001110803,2014-10-08,2014-10-29T23:59:59-04:00,142000000,dei:EntityCommonStockSharesOutstanding,10-Q,0001110803-14-000363,2014-10-29,86,A,https://data.sec.gov/api/xbrl/companyconcept/CIK0001110803/dei/EntityCommonStockSharesOutstanding.json#accn=0001110803-14-000363,,,RESOLVED,,1
1789,MDU,2015-01-02,2015-01-02T14:17:00-05:00,0000067716,2014-10-31,2014-11-07T23:59:59-05:00,194106937,dei:EntityCommonStockSharesOutstanding,10-Q,0000067716-14-000123,2014-11-07,63,A,https://data.sec.gov/api/xbrl/companyconcept/CIK0000067716/dei/EntityCommonStockSharesOutstanding.json#accn=0000067716-14-000123,,,RESOLVED,,1
1790,NATI,2015-01-02,2015-01-02T15:21:00-05:00,0000935494,2014-10-28,2014-10-31T23:59:59-04:00,127586103,sec_cover_page,10-Q,0000935494-14-000026,2014-10-31,66,A,https://www.sec.gov/Archives/edgar/data/935494/000093549414000026/c494-20140930x10q.htm,,,RESOLVED,,1
1791,NOW,2015-01-02,2015-01-02T13:01:00-05:00,0001373715,2014-10-31,2014-11-05T23:59:59-05:00,148300000,dei:EntityCommonStockSharesOutstanding,10-Q,0001373715-14-000207,2014-11-05,63,A,https://data.sec.gov/api/xbrl/companyconcept/CIK0001373715/dei/EntityCommonStockSharesOutstanding.json#accn=0001373715-14-000207,,,RESOLVED,,1
1792,R,2015-01-02,2015-01-02T15:13:00-05:00,0000085961,2014-09-30,2014-10-22T23:59:59-04:00,53039595,dei:EntityCommonStockSharesOutstanding,10-Q,0000085961-14-000050,2014-10-22,94,A,https://data.sec.gov/api/xbrl/companyconcept/CIK0000085961/dei/EntityCommonStockSharesOutstanding.json#accn=0000085961-14-000050,,,RESOLVED,,1
1793,SBUX,2015-01-02,2015-01-02T12:52:00-05:00,0000829224,2014-11-07,2014-11-14T23:59:59-05:00,748300000,dei:EntityCommonStockSharesOutstanding,10-K,0000829224-14-000041,2014-11-14,56,A,https://data.sec.gov/api/xbrl/companyconcept/CIK0000829224/dei/EntityCommonStockSharesOutstanding.json#accn=0000829224-14-000041,,,RESOLVED,,1
1794,SNDK,2015-01-02,2015-01-02T14:30:00-05:00,0001000180,2014-09-28,2014-11-03T23:59:59-05:00,220648812,dei:EntityCommonStockSharesOutstanding,10-Q,0001000180-14-000068,2014-11-03,96,A,https://data.sec.gov/api/xbrl/companyconcept/CIK0001000180/dei/EntityCommonStockSharesOutstanding.json#accn=0001000180-14-000068,,,RESOLVED,,1
1795,STT,2015-01-02,2015-01-02T15:20:00-05:00,0000093751,2014-10-31,2014-11-10T23:59:59-05:00,417495288,dei:EntityCommonStockSharesOutstanding,10-Q,0000093751-14-000165,2014-11-10,63,A,https://data.sec.gov/api/xbrl/companyconcept/CIK0000093751/dei/EntityCommonStockSharesOutstanding.json#accn=0000093751-14-000165,,,RESOLVED,,1
1796,SWKS,2015-01-02,2015-01-02T15:11:00-05:00,0000004127,2014-11-14,2014-11-25T23:59:59-05:00,190653624,dei:EntityCommonStockSharesOutstanding,10-K,0000004127-14-000046,2014-11-25,49,A,https://data.sec.gov/api/xbrl/companyconcept/CIK0000004127/dei/EntityCommonStockSharesOutstanding.json#accn=0000004127-14-000046,,,RESOLVED,,1
1797,TER,2015-01-02,2015-01-02T15:19:00-05:00,0000097210,2014-10-31,2014-11-07T23:59:59-05:00,216494252,dei:EntityCommonStockSharesOutstanding,10-Q,0001193125-14-402724,2014-11-07,63,A,https://data.sec.gov/api/xbrl/companyconcept/CIK0000097210/dei/EntityCommonStockSharesOutstanding.json#accn=0001193125-14-402724,,,RESOLVED,,1
1798,URI,2015-01-02,2015-01-02T15:13:00-05:00,0001067701,2014-10-13,2014-10-15T23:59:59-04:00,99808171,dei:EntityCommonStockSharesOutstanding,10-Q,0001067701-14-000033,2014-10-15,81,A,https://data.sec.gov/api/xbrl/companyconcept/CIK0001067701/dei/EntityCommonStockSharesOutstanding.json#accn=0001067701-14-000033,,,RESOLVED,,1
1799,BCR,2015-01-05,2015-01-05T14:57:00-05:00,0000009892,2014-09-30,2014-10-23T23:59:59-04:00,74898741,dei:EntityCommonStockSharesOutstanding,10-Q,0001193125-14-380362,2014-10-23,97,A,https://data.sec.gov/api/xbrl/companyconcept/CIK0000009892/dei/EntityCommonStockSharesOutstanding.json#accn=0001193125-14-380362,,,RESOLVED,,1
1800,CREE,2015-01-05,2015-01-05T15:09:00-05:00,0000895419,2014-10-15,2014-10-22T23:59:59-04:00,119445374,dei:EntityCommonStockSharesOutstanding,10-Q,0000895419-14-000077,2014-10-22,82,A,https://data.sec.gov/api/xbrl/companyconcept/CIK0000895419/dei/EntityCommonStockSharesOutstanding.json#accn=0000895419-14-000077,,,RESOLVED,,1
1801,EA,2015-01-05,2015-01-05T15:18:00-05:00,0000712515,2014-10-31,2014-11-04T23:59:59-05:00,310936350,dei:EntityCommonStockSharesOutstanding,10-Q,0000712515-14-000063,2014-11-04,66,A,https://data.sec.gov/api/xbrl/companyconcept/CIK0000712515/dei/EntityCommonStockSharesOutstanding.json#accn=0000712515-14-000063,,,RESOLVED,,1
1802,F,2015-01-05,2015-01-05T15:29:00-05:00,0000037996,2014-10-24,2014-10-31T23:59:59-04:00,3848687417,sec_cover_page,10-Q,0000037996-14-000057,2014-10-31,73,A,https://www.sec.gov/Archives/edgar/data/37996/000003799614000057/f0930201410-q.htm,,,RESOLVED,,1
1803,GILD,2015-01-05,2015-01-05T15:20:00-05:00,0000882095,2014-10-31,2014-11-05T23:59:59-05:00,1508664333,dei:EntityCommonStockSharesOutstanding,10-Q,0000882095-14-000051,2014-11-05,66,A,https://data.sec.gov/api/xbrl/companyconcept/CIK0000882095/dei/EntityCommonStockSharesOutstanding.json#accn=0000882095-14-000051,,,RESOLVED,,1
1804,GMCR,2015-01-05,2015-01-05T13:37:00-05:00,0000909954,2014-11-14,2014-11-19T23:59:59-05:00,162009539,dei:EntityCommonStockSharesOutstanding,10-K,0001047469-14-009384,2014-11-19,52,A,https://data.sec.gov/api/xbrl/companyconcept/CIK0000909954/dei/EntityCommonStockSharesOutstanding.json#accn=0001047469-14-009384,,,RESOLVED,,1
1805,HBI,2015-01-05,2015-01-05T14:08:00-05:00,0001359841,2014-10-24,2014-10-30T23:59:59-04:00,99892128,dei:EntityCommonStockSharesOutstanding,10-Q,0001359841-14-000129,2014-10-30,73,A,https://data.sec.gov/api/xbrl/companyconcept/CIK0001359841/dei/EntityCommonStockSharesOutstanding.json#accn=0001359841-14-000129,,,RESOLVED,,1
1806,IDTI,2015-01-05,2015-01-05T13:54:00-05:00,0000703361,2014-10-31,2014-11-05T23:59:59-05:00,148650153,dei:EntityCommonStockSharesOutstanding,10-Q,0000703361-14-000038,2014-11-05,66,A,https://data.sec.gov/api/xbrl/companyconcept/CIK0000703361/dei/EntityCommonStockSharesOutstanding.json#accn=0000703361-14-000038,,,RESOLVED,,1
1807,ILMN,2015-01-05,2015-01-05T14:41:00-05:00,0001110803,2014-10-08,2014-10-29T23:59:59-04:00,142000000,dei:EntityCommonStockSharesOutstanding,10-Q,0001110803-14-000363,2014-10-29,89,A,https://data.sec.gov/api/xbrl/companyconcept/CIK0001110803/dei/EntityCommonStockSharesOutstanding.json#accn=0001110803-14-000363,,,RESOLVED,,1
1808,MDU,2015-01-05,2015-01-05T14:17:00-05:00,0000067716,2014-10-31,2014-11-07T23:59:59-05:00,194106937,dei:EntityCommonStockSharesOutstanding,10-Q,0000067716-14-000123,2014-11-07,66,A,https://data.sec.gov/api/xbrl/companyconcept/CIK0000067716/dei/EntityCommonStockSharesOutstanding.json#accn=0000067716-14-000123,,,RESOLVED,,1
1809,NATI,2015-01-05,2015-01-05T15:21:00-05:00,0000935494,2014-10-28,2014-10-31T23:59:59-04:00,127586103,sec_cover_page,10-Q,0000935494-14-000026,2014-10-31,69,A,https://www.sec.gov/Archives/edgar/data/935494/000093549414000026/c494-20140930x10q.htm,,,RESOLVED,,1
1810,NOW,2015-01-05,2015-01-05T13:01:00-05:00,0001373715,2014-10-31,2014-11-05T23:59:59-05:00,148300000,dei:EntityCommonStockSharesOutstanding,10-Q,0001373715-14-000207,2014-11-05,66,A,https://data.sec.gov/api/xbrl/companyconcept/CIK0001373715/dei/EntityCommonStockSharesOutstanding.json#accn=0001373715-14-000207,,,RESOLVED,,1
1811,R,2015-01-05,2015-01-05T15:13:00-05:00,0000085961,2014-09-30,2014-10-22T23:59:59-04:00,53039595,dei:EntityCommonStockSharesOutstanding,10-Q,0000085961-14-000050,2014-10-22,97,A,https://data.sec.gov/api/xbrl/companyconcept/CIK0000085961/dei/EntityCommonStockSharesOutstanding.json#accn=0000085961-14-000050,,,RESOLVED,,1
1812,SBUX,2015-01-05,2015-01-05T12:52:00-05:00,0000829224,2014-11-07,2014-11-14T23:59:59-05:00,748300000,dei:EntityCommonStockSharesOutstanding,10-K,0000829224-14-000041,2014-11-14,59,A,https://data.sec.gov/api/xbrl/companyconcept/CIK0000829224/dei/EntityCommonStockSharesOutstanding.json#accn=0000829224-14-000041,,,RESOLVED,,1
1813,SNDK,2015-01-05,2015-01-05T14:30:00-05:00,0001000180,2014-09-28,2014-11-03T23:59:59-05:00,220648812,dei:EntityCommonStockSharesOutstanding,10-Q,0001000180-14-000068,2014-11-03,99,A,https://data.sec.gov/api/xbrl/companyconcept/CIK0001000180/dei/EntityCommonStockSharesOutstanding.json#accn=0001000180-14-000068,,,RESOLVED,,1
1814,STT,2015-01-05,2015-01-05T15:20:00-05:00,0000093751,2014-10-31,2014-11-10T23:59:59-05:00,417495288,dei:EntityCommonStockSharesOutstanding,10-Q,0000093751-14-000165,2014-11-10,66,A,https://data.sec.gov/api/xbrl/companyconcept/CIK0000093751/dei/EntityCommonStockSharesOutstanding.json#accn=0000093751-14-000165,,,RESOLVED,,1
1815,SWKS,2015-01-05,2015-01-05T15:11:00-05:00,0000004127,2014-11-14,2014-11-25T23:59:59-05:00,190653624,dei:EntityCommonStockSharesOutstanding,10-K,0000004127-14-000046,2014-11-25,52,A,https://data.sec.gov/api/xbrl/companyconcept/CIK0000004127/dei/EntityCommonStockSharesOutstanding.json#accn=0000004127-14-000046,,,RESOLVED,,1
1816,TER,2015-01-05,2015-01-05T15:19:00-05:00,0000097210,2014-10-31,2014-11-07T23:59:59-05:00,216494252,dei:EntityCommonStockSharesOutstanding,10-Q,0001193125-14-402724,2014-11-07,66,A,https://data.sec.gov/api/xbrl/companyconcept/CIK0000097210/dei/EntityCommonStockSharesOutstanding.json#accn=0001193125-14-402724,,,RESOLVED,,1
1817,URI,2015-01-05,2015-01-05T15:13:00-05:00,0001067701,2014-10-13,2014-10-15T23:59:59-04:00,99808171,dei:EntityCommonStockSharesOutstanding,10-Q,0001067701-14-000033,2014-10-15,84,A,https://data.sec.gov/api/xbrl/companyconcept/CIK0001067701/dei/EntityCommonStockSharesOutstanding.json#accn=0001067701-14-000033,,,RESOLVED,,1
1818,BCR,2015-01-06,2015-01-06T14:57:00-05:00,0000009892,2014-09-30,2014-10-23T23:59:59-04:00,74898741,dei:EntityCommonStockSharesOutstanding,10-Q,0001193125-14-380362,2014-10-23,98,A,https://data.sec.gov/api/xbrl/companyconcept/CIK0000009892/dei/EntityCommonStockSharesOutstanding.json#accn=0001193125-14-380362,,,RESOLVED,,1
1819,CREE,2015-01-06,2015-01-06T15:09:00-05:00,0000895419,2014-10-15,2014-10-22T23:59:59-04:00,119445374,dei:EntityCommonStockSharesOutstanding,10-Q,0000895419-14-000077,2014-10-22,83,A,https://data.sec.gov/api/xbrl/companyconcept/CIK0000895419/dei/EntityCommonStockSharesOutstanding.json#accn=0000895419-14-000077,,,RESOLVED,,1
1820,EA,2015-01-06,2015-01-06T15:18:00-05:00,0000712515,2014-10-31,2014-11-04T23:59:59-05:00,310936350,dei:EntityCommonStockSharesOutstanding,10-Q,0000712515-14-000063,2014-11-04,67,A,https://data.sec.gov/api/xbrl/companyconcept/CIK0000712515/dei/EntityCommonStockSharesOutstanding.json#accn=0000712515-14-000063,,,RESOLVED,,1
1821,F,2015-01-06,2015-01-06T15:29:00-05:00,0000037996,2014-10-24,2014-10-31T23:59:59-04:00,3848687417,sec_cover_page,10-Q,0000037996-14-000057,2014-10-31,74,A,https://www.sec.gov/Archives/edgar/data/37996/000003799614000057/f0930201410-q.htm,,,RESOLVED,,1
1822,GILD,2015-01-06,2015-01-06T15:20:00-05:00,0000882095,2014-10-31,2014-11-05T23:59:59-05:00,1508664333,dei:EntityCommonStockSharesOutstanding,10-Q,0000882095-14-000051,2014-11-05,67,A,https://data.sec.gov/api/xbrl/companyconcept/CIK0000882095/dei/EntityCommonStockSharesOutstanding.json#accn=0000882095-14-000051,,,RESOLVED,,1
1823,GMCR,2015-01-06,2015-01-06T13:37:00-05:00,0000909954,2014-11-14,2014-11-19T23:59:59-05:00,162009539,dei:EntityCommonStockSharesOutstanding,10-K,0001047469-14-009384,2014-11-19,53,A,https://data.sec.gov/api/xbrl/companyconcept/CIK0000909954/dei/EntityCommonStockSharesOutstanding.json#accn=0001047469-14-009384,,,RESOLVED,,1
1824,HBI,2015-01-06,2015-01-06T14:08:00-05:00,0001359841,2014-10-24,2014-10-30T23:59:59-04:00,99892128,dei:EntityCommonStockSharesOutstanding,10-Q,0001359841-14-000129,2014-10-30,74,A,https://data.sec.gov/api/xbrl/companyconcept/CIK0001359841/dei/EntityCommonStockSharesOutstanding.json#accn=0001359841-14-000129,,,RESOLVED,,1
1825,IDTI,2015-01-06,2015-01-06T13:54:00-05:00,0000703361,2014-10-31,2014-11-05T23:59:59-05:00,148650153,dei:EntityCommonStockSharesOutstanding,10-Q,0000703361-14-000038,2014-11-05,67,A,https://data.sec.gov/api/xbrl/companyconcept/CIK0000703361/dei/EntityCommonStockSharesOutstanding.json#accn=0000703361-14-000038,,,RESOLVED,,1
1826,ILMN,2015-01-06,2015-01-06T14:41:00-05:00,0001110803,2014-10-08,2014-10-29T23:59:59-04:00,142000000,dei:EntityCommonStockSharesOutstanding,10-Q,0001110803-14-000363,2014-10-29,90,A,https://data.sec.gov/api/xbrl/companyconcept/CIK0001110803/dei/EntityCommonStockSharesOutstanding.json#accn=0001110803-14-000363,,,RESOLVED,,1
1827,MDU,2015-01-06,2015-01-06T14:17:00-05:00,0000067716,2014-10-31,2014-11-07T23:59:59-05:00,194106937,dei:EntityCommonStockSharesOutstanding,10-Q,0000067716-14-000123,2014-11-07,67,A,https://data.sec.gov/api/xbrl/companyconcept/CIK0000067716/dei/EntityCommonStockSharesOutstanding.json#accn=0000067716-14-000123,,,RESOLVED,,1
1828,NATI,2015-01-06,2015-01-06T15:21:00-05:00,0000935494,2014-10-28,2014-10-31T23:59:59-04:00,127586103,sec_cover_page,10-Q,0000935494-14-000026,2014-10-31,70,A,https://www.sec.gov/Archives/edgar/data/935494/000093549414000026/c494-20140930x10q.htm,,,RESOLVED,,1
1829,NOW,2015-01-06,2015-01-06T13:01:00-05:00,0001373715,2014-10-31,2014-11-05T23:59:59-05:00,148300000,dei:EntityCommonStockSharesOutstanding,10-Q,0001373715-14-000207,2014-11-05,67,A,https://data.sec.gov/api/xbrl/companyconcept/CIK0001373715/dei/EntityCommonStockSharesOutstanding.json#accn=0001373715-14-000207,,,RESOLVED,,1
1830,NUAN,2015-01-06,2015-01-06T15:03:00-05:00,0001002517,2014-10-31,2014-11-28T23:59:59-05:00,321219621,dei:EntityCommonStockSharesOutstanding,10-K,0001002517-14-000049,2014-11-28,67,A,https://data.sec.gov/api/xbrl/companyconcept/CIK0001002517/dei/EntityCommonStockSharesOutstanding.json#accn=0001002517-14-000049,,,RESOLVED,,1
1831,P,2015-01-06,2015-01-06T15:29:00-05:00,0001230276,2014-10-23,2014-10-28T23:59:59-04:00,208086733,dei:EntityCommonStockSharesOutstanding,10-Q,0001230276-14-000123,2014-10-28,75,A,https://data.sec.gov/api/xbrl/companyconcept/CIK0001230276/dei/EntityCommonStockSharesOutstanding.json#accn=0001230276-14-000123,,,RESOLVED,,1
1832,R,2015-01-06,2015-01-06T15:13:00-05:00,0000085961,2014-09-30,2014-10-22T23:59:59-04:00,53039595,dei:EntityCommonStockSharesOutstanding,10-Q,0000085961-14-000050,2014-10-22,98,A,https://data.sec.gov/api/xbrl/companyconcept/CIK0000085961/dei/EntityCommonStockSharesOutstanding.json#accn=0000085961-14-000050,,,RESOLVED,,1
1833,SBUX,2015-01-06,2015-01-06T12:52:00-05:00,0000829224,2014-11-07,2014-11-14T23:59:59-05:00,748300000,dei:EntityCommonStockSharesOutstanding,10-K,0000829224-14-000041,2014-11-14,60,A,https://data.sec.gov/api/xbrl/companyconcept/CIK0000829224/dei/EntityCommonStockSharesOutstanding.json#accn=0000829224-14-000041,,,RESOLVED,,1
1834,SNDK,2015-01-06,2015-01-06T14:30:00-05:00,0001000180,2014-09-28,2014-11-03T23:59:59-05:00,220648812,dei:EntityCommonStockSharesOutstanding,10-Q,0001000180-14-000068,2014-11-03,100,A,https://data.sec.gov/api/xbrl/companyconcept/CIK0001000180/dei/EntityCommonStockSharesOutstanding.json#accn=0001000180-14-000068,,,RESOLVED,,1
1835,STT,2015-01-06,2015-01-06T15:20:00-05:00,0000093751,2014-10-31,2014-11-10T23:59:59-05:00,417495288,dei:EntityCommonStockSharesOutstanding,10-Q,0000093751-14-000165,2014-11-10,67,A,https://data.sec.gov/api/xbrl/companyconcept/CIK0000093751/dei/EntityCommonStockSharesOutstanding.json#accn=0000093751-14-000165,,,RESOLVED,,1
1836,SWKS,2015-01-06,2015-01-06T15:11:00-05:00,0000004127,2014-11-14,2014-11-25T23:59:59-05:00,190653624,dei:EntityCommonStockSharesOutstanding,10-K,0000004127-14-000046,2014-11-25,53,A,https://data.sec.gov/api/xbrl/companyconcept/CIK0000004127/dei/EntityCommonStockSharesOutstanding.json#accn=0000004127-14-000046,,,RESOLVED,,1
1837,TER,2015-01-06,2015-01-06T15:19:00-05:00,0000097210,2014-10-31,2014-11-07T23:59:59-05:00,216494252,dei:EntityCommonStockSharesOutstanding,10-Q,0001193125-14-402724,2014-11-07,67,A,https://data.sec.gov/api/xbrl/companyconcept/CIK0000097210/dei/EntityCommonStockSharesOutstanding.json#accn=0001193125-14-402724,,,RESOLVED,,1
1838,URI,2015-01-06,2015-01-06T15:13:00-05:00,0001067701,2014-10-13,2014-10-15T23:59:59-04:00,99808171,dei:EntityCommonStockSharesOutstanding,10-Q,0001067701-14-000033,2014-10-15,85,A,https://data.sec.gov/api/xbrl/companyconcept/CIK0001067701/dei/EntityCommonStockSharesOutstanding.json#accn=0001067701-14-000033,,,RESOLVED,,1
1839,BCR,2015-01-07,2015-01-07T14:57:00-05:00,0000009892,2014-09-30,2014-10-23T23:59:59-04:00,74898741,dei:EntityCommonStockSharesOutstanding,10-Q,0001193125-14-380362,2014-10-23,99,A,https://data.sec.gov/api/xbrl/companyconcept/CIK0000009892/dei/EntityCommonStockSharesOutstanding.json#accn=0001193125-14-380362,,,RESOLVED,,1
1840,CREE,2015-01-07,2015-01-07T15:09:00-05:00,0000895419,2014-10-15,2014-10-22T23:59:59-04:00,119445374,dei:EntityCommonStockSharesOutstanding,10-Q,0000895419-14-000077,2014-10-22,84,A,https://data.sec.gov/api/xbrl/companyconcept/CIK0000895419/dei/EntityCommonStockSharesOutstanding.json#accn=0000895419-14-000077,,,RESOLVED,,1
1841,EA,2015-01-07,2015-01-07T15:18:00-05:00,0000712515,2014-10-31,2014-11-04T23:59:59-05:00,310936350,dei:EntityCommonStockSharesOutstanding,10-Q,0000712515-14-000063,2014-11-04,68,A,https://data.sec.gov/api/xbrl/companyconcept/CIK0000712515/dei/EntityCommonStockSharesOutstanding.json#accn=0000712515-14-000063,,,RESOLVED,,1
1842,F,2015-01-07,2015-01-07T15:29:00-05:00,0000037996,2014-10-24,2014-10-31T23:59:59-04:00,3848687417,sec_cover_page,10-Q,0000037996-14-000057,2014-10-31,75,A,https://www.sec.gov/Archives/edgar/data/37996/000003799614000057/f0930201410-q.htm,,,RESOLVED,,1
1843,GILD,2015-01-07,2015-01-07T15:20:00-05:00,0000882095,2014-10-31,2014-11-05T23:59:59-05:00,1508664333,dei:EntityCommonStockSharesOutstanding,10-Q,0000882095-14-000051,2014-11-05,68,A,https://data.sec.gov/api/xbrl/companyconcept/CIK0000882095/dei/EntityCommonStockSharesOutstanding.json#accn=0000882095-14-000051,,,RESOLVED,,1
1844,GMCR,2015-01-07,2015-01-07T13:37:00-05:00,0000909954,2014-11-14,2014-11-19T23:59:59-05:00,162009539,dei:EntityCommonStockSharesOutstanding,10-K,0001047469-14-009384,2014-11-19,54,A,https://data.sec.gov/api/xbrl/companyconcept/CIK0000909954/dei/EntityCommonStockSharesOutstanding.json#accn=0001047469-14-009384,,,RESOLVED,,1
1845,HBI,2015-01-07,2015-01-07T14:08:00-05:00,0001359841,2014-10-24,2014-10-30T23:59:59-04:00,99892128,dei:EntityCommonStockSharesOutstanding,10-Q,0001359841-14-000129,2014-10-30,75,A,https://data.sec.gov/api/xbrl/companyconcept/CIK0001359841/dei/EntityCommonStockSharesOutstanding.json#accn=0001359841-14-000129,,,RESOLVED,,1
1846,IDTI,2015-01-07,2015-01-07T13:54:00-05:00,0000703361,2014-10-31,2014-11-05T23:59:59-05:00,148650153,dei:EntityCommonStockSharesOutstanding,10-Q,0000703361-14-000038,2014-11-05,68,A,https://data.sec.gov/api/xbrl/companyconcept/CIK0000703361/dei/EntityCommonStockSharesOutstanding.json#accn=0000703361-14-000038,,,RESOLVED,,1
1847,ILMN,2015-01-07,2015-01-07T14:41:00-05:00,0001110803,2014-10-08,2014-10-29T23:59:59-04:00,142000000,dei:EntityCommonStockSharesOutstanding,10-Q,0001110803-14-000363,2014-10-29,91,A,https://data.sec.gov/api/xbrl/companyconcept/CIK0001110803/dei/EntityCommonStockSharesOutstanding.json#accn=0001110803-14-000363,,,RESOLVED,,1
1848,MDU,2015-01-07,2015-01-07T14:17:00-05:00,0000067716,2014-10-31,2014-11-07T23:59:59-05:00,194106937,dei:EntityCommonStockSharesOutstanding,10-Q,0000067716-14-000123,2014-11-07,68,A,https://data.sec.gov/api/xbrl/companyconcept/CIK0000067716/dei/EntityCommonStockSharesOutstanding.json#accn=0000067716-14-000123,,,RESOLVED,,1
1849,NATI,2015-01-07,2015-01-07T15:21:00-05:00,0000935494,2014-10-28,2014-10-31T23:59:59-04:00,127586103,sec_cover_page,10-Q,0000935494-14-000026,2014-10-31,71,A,https://www.sec.gov/Archives/edgar/data/935494/000093549414000026/c494-20140930x10q.htm,,,RESOLVED,,1
1850,NOW,2015-01-07,2015-01-07T13:01:00-05:00,0001373715,2014-10-31,2014-11-05T23:59:59-05:00,148300000,dei:EntityCommonStockSharesOutstanding,10-Q,0001373715-14-000207,2014-11-05,68,A,https://data.sec.gov/api/xbrl/companyconcept/CIK0001373715/dei/EntityCommonStockSharesOutstanding.json#accn=0001373715-14-000207,,,RESOLVED,,1
1851,NUAN,2015-01-07,2015-01-07T15:03:00-05:00,0001002517,2014-10-31,2014-11-28T23:59:59-05:00,321219621,dei:EntityCommonStockSharesOutstanding,10-K,0001002517-14-000049,2014-11-28,68,A,https://data.sec.gov/api/xbrl/companyconcept/CIK0001002517/dei/EntityCommonStockSharesOutstanding.json#accn=0001002517-14-000049,,,RESOLVED,,1
1852,P,2015-01-07,2015-01-07T15:29:00-05:00,0001230276,2014-10-23,2014-10-28T23:59:59-04:00,208086733,dei:EntityCommonStockSharesOutstanding,10-Q,0001230276-14-000123,2014-10-28,76,A,https://data.sec.gov/api/xbrl/companyconcept/CIK0001230276/dei/EntityCommonStockSharesOutstanding.json#accn=0001230276-14-000123,,,RESOLVED,,1
1853,R,2015-01-07,2015-01-07T15:13:00-05:00,0000085961,2014-09-30,2014-10-22T23:59:59-04:00,53039595,dei:EntityCommonStockSharesOutstanding,10-Q,0000085961-14-000050,2014-10-22,99,A,https://data.sec.gov/api/xbrl/companyconcept/CIK0000085961/dei/EntityCommonStockSharesOutstanding.json#accn=0000085961-14-000050,,,RESOLVED,,1
1854,SBUX,2015-01-07,2015-01-07T12:52:00-05:00,0000829224,2014-11-07,2014-11-14T23:59:59-05:00,748300000,dei:EntityCommonStockSharesOutstanding,10-K,0000829224-14-000041,2014-11-14,61,A,https://data.sec.gov/api/xbrl/companyconcept/CIK0000829224/dei/EntityCommonStockSharesOutstanding.json#accn=0000829224-14-000041,,,RESOLVED,,1
1855,SNDK,2015-01-07,2015-01-07T14:30:00-05:00,0001000180,2014-09-28,2014-11-03T23:59:59-05:00,220648812,dei:EntityCommonStockSharesOutstanding,10-Q,0001000180-14-000068,2014-11-03,101,A,https://data.sec.gov/api/xbrl/companyconcept/CIK0001000180/dei/EntityCommonStockSharesOutstanding.json#accn=0001000180-14-000068,,,RESOLVED,,1
1856,STT,2015-01-07,2015-01-07T15:20:00-05:00,0000093751,2014-10-31,2014-11-10T23:59:59-05:00,417495288,dei:EntityCommonStockSharesOutstanding,10-Q,0000093751-14-000165,2014-11-10,68,A,https://data.sec.gov/api/xbrl/companyconcept/CIK0000093751/dei/EntityCommonStockSharesOutstanding.json#accn=0000093751-14-000165,,,RESOLVED,,1
1857,SWKS,2015-01-07,2015-01-07T15:11:00-05:00,0000004127,2014-11-14,2014-11-25T23:59:59-05:00,190653624,dei:EntityCommonStockSharesOutstanding,10-K,0000004127-14-000046,2014-11-25,54,A,https://data.sec.gov/api/xbrl/companyconcept/CIK0000004127/dei/EntityCommonStockSharesOutstanding.json#accn=0000004127-14-000046,,,RESOLVED,,1
1858,TER,2015-01-07,2015-01-07T15:19:00-05:00,0000097210,2014-10-31,2014-11-07T23:59:59-05:00,216494252,dei:EntityCommonStockSharesOutstanding,10-Q,0001193125-14-402724,2014-11-07,68,A,https://data.sec.gov/api/xbrl/companyconcept/CIK0000097210/dei/EntityCommonStockSharesOutstanding.json#accn=0001193125-14-402724,,,RESOLVED,,1
1859,URI,2015-01-07,2015-01-07T15:13:00-05:00,0001067701,2014-10-13,2014-10-15T23:59:59-04:00,99808171,dei:EntityCommonStockSharesOutstanding,10-Q,0001067701-14-000033,2014-10-15,86,A,https://data.sec.gov/api/xbrl/companyconcept/CIK0001067701/dei/EntityCommonStockSharesOutstanding.json#accn=0001067701-14-000033,,,RESOLVED,,1
1860,BCR,2015-01-08,2015-01-08T14:57:00-05:00,0000009892,2014-09-30,2014-10-23T23:59:59-04:00,74898741,dei:EntityCommonStockSharesOutstanding,10-Q,0001193125-14-380362,2014-10-23,100,A,https://data.sec.gov/api/xbrl/companyconcept/CIK0000009892/dei/EntityCommonStockSharesOutstanding.json#accn=0001193125-14-380362,,,RESOLVED,,1
1861,CREE,2015-01-08,2015-01-08T15:09:00-05:00,0000895419,2014-10-15,2014-10-22T23:59:59-04:00,119445374,dei:EntityCommonStockSharesOutstanding,10-Q,0000895419-14-000077,2014-10-22,85,A,https://data.sec.gov/api/xbrl/companyconcept/CIK0000895419/dei/EntityCommonStockSharesOutstanding.json#accn=0000895419-14-000077,,,RESOLVED,,1
1862,EA,2015-01-08,2015-01-08T15:18:00-05:00,0000712515,2014-10-31,2014-11-04T23:59:59-05:00,310936350,dei:EntityCommonStockSharesOutstanding,10-Q,0000712515-14-000063,2014-11-04,69,A,https://data.sec.gov/api/xbrl/companyconcept/CIK0000712515/dei/EntityCommonStockSharesOutstanding.json#accn=0000712515-14-000063,,,RESOLVED,,1
1863,F,2015-01-08,2015-01-08T15:29:00-05:00,0000037996,2014-10-24,2014-10-31T23:59:59-04:00,3848687417,sec_cover_page,10-Q,0000037996-14-000057,2014-10-31,76,A,https://www.sec.gov/Archives/edgar/data/37996/000003799614000057/f0930201410-q.htm,,,RESOLVED,,1
1864,GILD,2015-01-08,2015-01-08T15:20:00-05:00,0000882095,2014-10-31,2014-11-05T23:59:59-05:00,1508664333,dei:EntityCommonStockSharesOutstanding,10-Q,0000882095-14-000051,2014-11-05,69,A,https://data.sec.gov/api/xbrl/companyconcept/CIK0000882095/dei/EntityCommonStockSharesOutstanding.json#accn=0000882095-14-000051,,,RESOLVED,,1
1865,GMCR,2015-01-08,2015-01-08T13:37:00-05:00,0000909954,2014-11-14,2014-11-19T23:59:59-05:00,162009539,dei:EntityCommonStockSharesOutstanding,10-K,0001047469-14-009384,2014-11-19,55,A,https://data.sec.gov/api/xbrl/companyconcept/CIK0000909954/dei/EntityCommonStockSharesOutstanding.json#accn=0001047469-14-009384,,,RESOLVED,,1
1866,HBI,2015-01-08,2015-01-08T14:08:00-05:00,0001359841,2014-10-24,2014-10-30T23:59:59-04:00,99892128,dei:EntityCommonStockSharesOutstanding,10-Q,0001359841-14-000129,2014-10-30,76,A,https://data.sec.gov/api/xbrl/companyconcept/CIK0001359841/dei/EntityCommonStockSharesOutstanding.json#accn=0001359841-14-000129,,,RESOLVED,,1
1867,IDTI,2015-01-08,2015-01-08T13:54:00-05:00,0000703361,2014-10-31,2014-11-05T23:59:59-05:00,148650153,dei:EntityCommonStockSharesOutstanding,10-Q,0000703361-14-000038,2014-11-05,69,A,https://data.sec.gov/api/xbrl/companyconcept/CIK0000703361/dei/EntityCommonStockSharesOutstanding.json#accn=0000703361-14-000038,,,RESOLVED,,1
1868,ILMN,2015-01-08,2015-01-08T14:41:00-05:00,0001110803,2014-10-08,2014-10-29T23:59:59-04:00,142000000,dei:EntityCommonStockSharesOutstanding,10-Q,0001110803-14-000363,2014-10-29,92,A,https://data.sec.gov/api/xbrl/companyconcept/CIK0001110803/dei/EntityCommonStockSharesOutstanding.json#accn=0001110803-14-000363,,,RESOLVED,,1
1869,MDU,2015-01-08,2015-01-08T14:17:00-05:00,0000067716,2014-10-31,2014-11-07T23:59:59-05:00,194106937,dei:EntityCommonStockSharesOutstanding,10-Q,0000067716-14-000123,2014-11-07,69,A,https://data.sec.gov/api/xbrl/companyconcept/CIK0000067716/dei/EntityCommonStockSharesOutstanding.json#accn=0000067716-14-000123,,,RESOLVED,,1
1870,NATI,2015-01-08,2015-01-08T15:21:00-05:00,0000935494,2014-10-28,2014-10-31T23:59:59-04:00,127586103,sec_cover_page,10-Q,0000935494-14-000026,2014-10-31,72,A,https://www.sec.gov/Archives/edgar/data/935494/000093549414000026/c494-20140930x10q.htm,,,RESOLVED,,1
1871,NOW,2015-01-08,2015-01-08T13:01:00-05:00,0001373715,2014-10-31,2014-11-05T23:59:59-05:00,148300000,dei:EntityCommonStockSharesOutstanding,10-Q,0001373715-14-000207,2014-11-05,69,A,https://data.sec.gov/api/xbrl/companyconcept/CIK0001373715/dei/EntityCommonStockSharesOutstanding.json#accn=0001373715-14-000207,,,RESOLVED,,1
1872,NUAN,2015-01-08,2015-01-08T15:03:00-05:00,0001002517,2014-10-31,2014-11-28T23:59:59-05:00,321219621,dei:EntityCommonStockSharesOutstanding,10-K,0001002517-14-000049,2014-11-28,69,A,https://data.sec.gov/api/xbrl/companyconcept/CIK0001002517/dei/EntityCommonStockSharesOutstanding.json#accn=0001002517-14-000049,,,RESOLVED,,1
1873,P,2015-01-08,2015-01-08T15:29:00-05:00,0001230276,2014-10-23,2014-10-28T23:59:59-04:00,208086733,dei:EntityCommonStockSharesOutstanding,10-Q,0001230276-14-000123,2014-10-28,77,A,https://data.sec.gov/api/xbrl/companyconcept/CIK0001230276/dei/EntityCommonStockSharesOutstanding.json#accn=0001230276-14-000123,,,RESOLVED,,1
1874,R,2015-01-08,2015-01-08T15:13:00-05:00,0000085961,2014-09-30,2014-10-22T23:59:59-04:00,53039595,dei:EntityCommonStockSharesOutstanding,10-Q,0000085961-14-000050,2014-10-22,100,A,https://data.sec.gov/api/xbrl/companyconcept/CIK0000085961/dei/EntityCommonStockSharesOutstanding.json#accn=0000085961-14-000050,,,RESOLVED,,1
1875,SBUX,2015-01-08,2015-01-08T12:52:00-05:00,0000829224,2014-11-07,2014-11-14T23:59:59-05:00,748300000,dei:EntityCommonStockSharesOutstanding,10-K,0000829224-14-000041,2014-11-14,62,A,https://data.sec.gov/api/xbrl/companyconcept/CIK0000829224/dei/EntityCommonStockSharesOutstanding.json#accn=0000829224-14-000041,,,RESOLVED,,1
1876,SNDK,2015-01-08,2015-01-08T14:30:00-05:00,0001000180,2014-09-28,2014-11-03T23:59:59-05:00,220648812,dei:EntityCommonStockSharesOutstanding,10-Q,0001000180-14-000068,2014-11-03,102,A,https://data.sec.gov/api/xbrl/companyconcept/CIK0001000180/dei/EntityCommonStockSharesOutstanding.json#accn=0001000180-14-000068,,,RESOLVED,,1
1877,STT,2015-01-08,2015-01-08T15:20:00-05:00,0000093751,2014-10-31,2014-11-10T23:59:59-05:00,417495288,dei:EntityCommonStockSharesOutstanding,10-Q,0000093751-14-000165,2014-11-10,69,A,https://data.sec.gov/api/xbrl/companyconcept/CIK0000093751/dei/EntityCommonStockSharesOutstanding.json#accn=0000093751-14-000165,,,RESOLVED,,1
1878,SWKS,2015-01-08,2015-01-08T15:11:00-05:00,0000004127,2014-11-14,2014-11-25T23:59:59-05:00,190653624,dei:EntityCommonStockSharesOutstanding,10-K,0000004127-14-000046,2014-11-25,55,A,https://data.sec.gov/api/xbrl/companyconcept/CIK0000004127/dei/EntityCommonStockSharesOutstanding.json#accn=0000004127-14-000046,,,RESOLVED,,1
1879,TER,2015-01-08,2015-01-08T15:19:00-05:00,0000097210,2014-10-31,2014-11-07T23:59:59-05:00,216494252,dei:EntityCommonStockSharesOutstanding,10-Q,0001193125-14-402724,2014-11-07,69,A,https://data.sec.gov/api/xbrl/companyconcept/CIK0000097210/dei/EntityCommonStockSharesOutstanding.json#accn=0001193125-14-402724,,,RESOLVED,,1
1880,URI,2015-01-08,2015-01-08T15:13:00-05:00,0001067701,2014-10-13,2014-10-15T23:59:59-04:00,99808171,dei:EntityCommonStockSharesOutstanding,10-Q,0001067701-14-000033,2014-10-15,87,A,https://data.sec.gov/api/xbrl/companyconcept/CIK0001067701/dei/EntityCommonStockSharesOutstanding.json#accn=0001067701-14-000033,,,RESOLVED,,1
1881,BCR,2015-01-09,2015-01-09T14:57:00-05:00,0000009892,2014-09-30,2014-10-23T23:59:59-04:00,74898741,dei:EntityCommonStockSharesOutstanding,10-Q,0001193125-14-380362,2014-10-23,101,A,https://data.sec.gov/api/xbrl/companyconcept/CIK0000009892/dei/EntityCommonStockSharesOutstanding.json#accn=0001193125-14-380362,,,RESOLVED,,1
1882,CREE,2015-01-09,2015-01-09T15:09:00-05:00,0000895419,2014-10-15,2014-10-22T23:59:59-04:00,119445374,dei:EntityCommonStockSharesOutstanding,10-Q,0000895419-14-000077,2014-10-22,86,A,https://data.sec.gov/api/xbrl/companyconcept/CIK0000895419/dei/EntityCommonStockSharesOutstanding.json#accn=0000895419-14-000077,,,RESOLVED,,1
1883,CRL,2015-01-09,2015-01-09T15:25:00-05:00,0001100682,2014-10-16,2014-10-30T23:59:59-04:00,46921688,dei:EntityCommonStockSharesOutstanding,10-Q,0001445305-14-004599,2014-10-30,85,A,https://data.sec.gov/api/xbrl/companyconcept/CIK0001100682/dei/EntityCommonStockSharesOutstanding.json#accn=0001445305-14-004599,,,RESOLVED,,1
1884,EA,2015-01-09,2015-01-09T15:18:00-05:00,0000712515,2014-10-31,2014-11-04T23:59:59-05:00,310936350,dei:EntityCommonStockSharesOutstanding,10-Q,0000712515-14-000063,2014-11-04,70,A,https://data.sec.gov/api/xbrl/companyconcept/CIK0000712515/dei/EntityCommonStockSharesOutstanding.json#accn=0000712515-14-000063,,,RESOLVED,,1
1885,F,2015-01-09,2015-01-09T15:29:00-05:00,0000037996,2014-10-24,2014-10-31T23:59:59-04:00,3848687417,sec_cover_page,10-Q,0000037996-14-000057,2014-10-31,77,A,https://www.sec.gov/Archives/edgar/data/37996/000003799614000057/f0930201410-q.htm,,,RESOLVED,,1
1886,GILD,2015-01-09,2015-01-09T15:20:00-05:00,0000882095,2014-10-31,2014-11-05T23:59:59-05:00,1508664333,dei:EntityCommonStockSharesOutstanding,10-Q,0000882095-14-000051,2014-11-05,70,A,https://data.sec.gov/api/xbrl/companyconcept/CIK0000882095/dei/EntityCommonStockSharesOutstanding.json#accn=0000882095-14-000051,,,RESOLVED,,1
1887,GMCR,2015-01-09,2015-01-09T13:37:00-05:00,0000909954,2014-11-14,2014-11-19T23:59:59-05:00,162009539,dei:EntityCommonStockSharesOutstanding,10-K,0001047469-14-009384,2014-11-19,56,A,https://data.sec.gov/api/xbrl/companyconcept/CIK0000909954/dei/EntityCommonStockSharesOutstanding.json#accn=0001047469-14-009384,,,RESOLVED,,1
1888,GNRC,2015-01-09,2015-01-09T15:22:00-05:00,0001474735,2014-11-01,2014-11-07T23:59:59-05:00,68868851,dei:EntityCommonStockSharesOutstanding,10-Q,0001437749-14-020036,2014-11-07,69,A,https://data.sec.gov/api/xbrl/companyconcept/CIK0001474735/dei/EntityCommonStockSharesOutstanding.json#accn=0001437749-14-020036,,,RESOLVED,,1
1889,HBI,2015-01-09,2015-01-09T14:08:00-05:00,0001359841,2014-10-24,2014-10-30T23:59:59-04:00,99892128,dei:EntityCommonStockSharesOutstanding,10-Q,0001359841-14-000129,2014-10-30,77,A,https://data.sec.gov/api/xbrl/companyconcept/CIK0001359841/dei/EntityCommonStockSharesOutstanding.json#accn=0001359841-14-000129,,,RESOLVED,,1
1890,IDTI,2015-01-09,2015-01-09T13:54:00-05:00,0000703361,2014-10-31,2014-11-05T23:59:59-05:00,148650153,dei:EntityCommonStockSharesOutstanding,10-Q,0000703361-14-000038,2014-11-05,70,A,https://data.sec.gov/api/xbrl/companyconcept/CIK0000703361/dei/EntityCommonStockSharesOutstanding.json#accn=0000703361-14-000038,,,RESOLVED,,1
1891,ILMN,2015-01-09,2015-01-09T14:41:00-05:00,0001110803,2014-10-08,2014-10-29T23:59:59-04:00,142000000,dei:EntityCommonStockSharesOutstanding,10-Q,0001110803-14-000363,2014-10-29,93,A,https://data.sec.gov/api/xbrl/companyconcept/CIK0001110803/dei/EntityCommonStockSharesOutstanding.json#accn=0001110803-14-000363,,,RESOLVED,,1
1892,MDU,2015-01-09,2015-01-09T14:17:00-05:00,0000067716,2014-10-31,2014-11-07T23:59:59-05:00,194106937,dei:EntityCommonStockSharesOutstanding,10-Q,0000067716-14-000123,2014-11-07,70,A,https://data.sec.gov/api/xbrl/companyconcept/CIK0000067716/dei/EntityCommonStockSharesOutstanding.json#accn=0000067716-14-000123,,,RESOLVED,,1
1893,NATI,2015-01-09,2015-01-09T15:21:00-05:00,0000935494,2014-10-28,2014-10-31T23:59:59-04:00,127586103,sec_cover_page,10-Q,0000935494-14-000026,2014-10-31,73,A,https://www.sec.gov/Archives/edgar/data/935494/000093549414000026/c494-20140930x10q.htm,,,RESOLVED,,1
1894,NOW,2015-01-09,2015-01-09T13:01:00-05:00,0001373715,2014-10-31,2014-11-05T23:59:59-05:00,148300000,dei:EntityCommonStockSharesOutstanding,10-Q,0001373715-14-000207,2014-11-05,70,A,https://data.sec.gov/api/xbrl/companyconcept/CIK0001373715/dei/EntityCommonStockSharesOutstanding.json#accn=0001373715-14-000207,,,RESOLVED,,1
1895,NUAN,2015-01-09,2015-01-09T15:03:00-05:00,0001002517,2014-10-31,2014-11-28T23:59:59-05:00,321219621,dei:EntityCommonStockSharesOutstanding,10-K,0001002517-14-000049,2014-11-28,70,A,https://data.sec.gov/api/xbrl/companyconcept/CIK0001002517/dei/EntityCommonStockSharesOutstanding.json#accn=0001002517-14-000049,,,RESOLVED,,1
1896,P,2015-01-09,2015-01-09T15:29:00-05:00,0001230276,2014-10-23,2014-10-28T23:59:59-04:00,208086733,dei:EntityCommonStockSharesOutstanding,10-Q,0001230276-14-000123,2014-10-28,78,A,https://data.sec.gov/api/xbrl/companyconcept/CIK0001230276/dei/EntityCommonStockSharesOutstanding.json#accn=0001230276-14-000123,,,RESOLVED,,1
1897,R,2015-01-09,2015-01-09T15:13:00-05:00,0000085961,2014-09-30,2014-10-22T23:59:59-04:00,53039595,dei:EntityCommonStockSharesOutstanding,10-Q,0000085961-14-000050,2014-10-22,101,A,https://data.sec.gov/api/xbrl/companyconcept/CIK0000085961/dei/EntityCommonStockSharesOutstanding.json#accn=0000085961-14-000050,,,RESOLVED,,1
1898,SBUX,2015-01-09,2015-01-09T12:52:00-05:00,0000829224,2014-11-07,2014-11-14T23:59:59-05:00,748300000,dei:EntityCommonStockSharesOutstanding,10-K,0000829224-14-000041,2014-11-14,63,A,https://data.sec.gov/api/xbrl/companyconcept/CIK0000829224/dei/EntityCommonStockSharesOutstanding.json#accn=0000829224-14-000041,,,RESOLVED,,1
1899,SNDK,2015-01-09,2015-01-09T14:30:00-05:00,0001000180,2014-09-28,2014-11-03T23:59:59-05:00,220648812,dei:EntityCommonStockSharesOutstanding,10-Q,0001000180-14-000068,2014-11-03,103,A,https://data.sec.gov/api/xbrl/companyconcept/CIK0001000180/dei/EntityCommonStockSharesOutstanding.json#accn=0001000180-14-000068,,,RESOLVED,,1
1900,STT,2015-01-09,2015-01-09T15:20:00-05:00,0000093751,2014-10-31,2014-11-10T23:59:59-05:00,417495288,dei:EntityCommonStockSharesOutstanding,10-Q,0000093751-14-000165,2014-11-10,70,A,https://data.sec.gov/api/xbrl/companyconcept/CIK0000093751/dei/EntityCommonStockSharesOutstanding.json#accn=0000093751-14-000165,,,RESOLVED,,1
1901,SWKS,2015-01-09,2015-01-09T15:11:00-05:00,0000004127,2014-11-14,2014-11-25T23:59:59-05:00,190653624,dei:EntityCommonStockSharesOutstanding,10-K,0000004127-14-000046,2014-11-25,56,A,https://data.sec.gov/api/xbrl/companyconcept/CIK0000004127/dei/EntityCommonStockSharesOutstanding.json#accn=0000004127-14-000046,,,RESOLVED,,1
1902,TER,2015-01-09,2015-01-09T15:19:00-05:00,0000097210,2014-10-31,2014-11-07T23:59:59-05:00,216494252,dei:EntityCommonStockSharesOutstanding,10-Q,0001193125-14-402724,2014-11-07,70,A,https://data.sec.gov/api/xbrl/companyconcept/CIK0000097210/dei/EntityCommonStockSharesOutstanding.json#accn=0001193125-14-402724,,,RESOLVED,,1
1903,URI,2015-01-09,2015-01-09T15:13:00-05:00,0001067701,2014-10-13,2014-10-15T23:59:59-04:00,99808171,dei:EntityCommonStockSharesOutstanding,10-Q,0001067701-14-000033,2014-10-15,88,A,https://data.sec.gov/api/xbrl/companyconcept/CIK0001067701/dei/EntityCommonStockSharesOutstanding.json#accn=0001067701-14-000033,,,RESOLVED,,1
1904,BCR,2015-01-12,2015-01-12T14:57:00-05:00,0000009892,2014-09-30,2014-10-23T23:59:59-04:00,74898741,dei:EntityCommonStockSharesOutstanding,10-Q,0001193125-14-380362,2014-10-23,104,A,https://data.sec.gov/api/xbrl/companyconcept/CIK0000009892/dei/EntityCommonStockSharesOutstanding.json#accn=0001193125-14-380362,,,RESOLVED,,1
1905,CREE,2015-01-12,2015-01-12T15:09:00-05:00,0000895419,2014-10-15,2014-10-22T23:59:59-04:00,119445374,dei:EntityCommonStockSharesOutstanding,10-Q,0000895419-14-000077,2014-10-22,89,A,https://data.sec.gov/api/xbrl/companyconcept/CIK0000895419/dei/EntityCommonStockSharesOutstanding.json#accn=0000895419-14-000077,,,RESOLVED,,1
1906,CRL,2015-01-12,2015-01-12T15:25:00-05:00,0001100682,2014-10-16,2014-10-30T23:59:59-04:00,46921688,dei:EntityCommonStockSharesOutstanding,10-Q,0001445305-14-004599,2014-10-30,88,A,https://data.sec.gov/api/xbrl/companyconcept/CIK0001100682/dei/EntityCommonStockSharesOutstanding.json#accn=0001445305-14-004599,,,RESOLVED,,1
1907,EA,2015-01-12,2015-01-12T15:18:00-05:00,0000712515,2014-10-31,2014-11-04T23:59:59-05:00,310936350,dei:EntityCommonStockSharesOutstanding,10-Q,0000712515-14-000063,2014-11-04,73,A,https://data.sec.gov/api/xbrl/companyconcept/CIK0000712515/dei/EntityCommonStockSharesOutstanding.json#accn=0000712515-14-000063,,,RESOLVED,,1
1908,F,2015-01-12,2015-01-12T15:29:00-05:00,0000037996,2014-10-24,2014-10-31T23:59:59-04:00,3848687417,sec_cover_page,10-Q,0000037996-14-000057,2014-10-31,80,A,https://www.sec.gov/Archives/edgar/data/37996/000003799614000057/f0930201410-q.htm,,,RESOLVED,,1
1909,GILD,2015-01-12,2015-01-12T15:20:00-05:00,0000882095,2014-10-31,2014-11-05T23:59:59-05:00,1508664333,dei:EntityCommonStockSharesOutstanding,10-Q,0000882095-14-000051,2014-11-05,73,A,https://data.sec.gov/api/xbrl/companyconcept/CIK0000882095/dei/EntityCommonStockSharesOutstanding.json#accn=0000882095-14-000051,,,RESOLVED,,1
1910,GMCR,2015-01-12,2015-01-12T13:37:00-05:00,0000909954,2014-11-14,2014-11-19T23:59:59-05:00,162009539,dei:EntityCommonStockSharesOutstanding,10-K,0001047469-14-009384,2014-11-19,59,A,https://data.sec.gov/api/xbrl/companyconcept/CIK0000909954/dei/EntityCommonStockSharesOutstanding.json#accn=0001047469-14-009384,,,RESOLVED,,1
1911,GNRC,2015-01-12,2015-01-12T15:22:00-05:00,0001474735,2014-11-01,2014-11-07T23:59:59-05:00,68868851,dei:EntityCommonStockSharesOutstanding,10-Q,0001437749-14-020036,2014-11-07,72,A,https://data.sec.gov/api/xbrl/companyconcept/CIK0001474735/dei/EntityCommonStockSharesOutstanding.json#accn=0001437749-14-020036,,,RESOLVED,,1
1912,HBI,2015-01-12,2015-01-12T14:08:00-05:00,0001359841,2014-10-24,2014-10-30T23:59:59-04:00,99892128,dei:EntityCommonStockSharesOutstanding,10-Q,0001359841-14-000129,2014-10-30,80,A,https://data.sec.gov/api/xbrl/companyconcept/CIK0001359841/dei/EntityCommonStockSharesOutstanding.json#accn=0001359841-14-000129,,,RESOLVED,,1
1913,IDTI,2015-01-12,2015-01-12T13:54:00-05:00,0000703361,2014-10-31,2014-11-05T23:59:59-05:00,148650153,dei:EntityCommonStockSharesOutstanding,10-Q,0000703361-14-000038,2014-11-05,73,A,https://data.sec.gov/api/xbrl/companyconcept/CIK0000703361/dei/EntityCommonStockSharesOutstanding.json#accn=0000703361-14-000038,,,RESOLVED,,1
1914,ILMN,2015-01-12,2015-01-12T14:41:00-05:00,0001110803,2014-10-08,2014-10-29T23:59:59-04:00,142000000,dei:EntityCommonStockSharesOutstanding,10-Q,0001110803-14-000363,2014-10-29,96,A,https://data.sec.gov/api/xbrl/companyconcept/CIK0001110803/dei/EntityCommonStockSharesOutstanding.json#accn=0001110803-14-000363,,,RESOLVED,,1
1915,MDU,2015-01-12,2015-01-12T14:17:00-05:00,0000067716,2014-10-31,2014-11-07T23:59:59-05:00,194106937,dei:EntityCommonStockSharesOutstanding,10-Q,0000067716-14-000123,2014-11-07,73,A,https://data.sec.gov/api/xbrl/companyconcept/CIK0000067716/dei/EntityCommonStockSharesOutstanding.json#accn=0000067716-14-000123,,,RESOLVED,,1
1916,NATI,2015-01-12,2015-01-12T15:21:00-05:00,0000935494,2014-10-28,2014-10-31T23:59:59-04:00,127586103,sec_cover_page,10-Q,0000935494-14-000026,2014-10-31,76,A,https://www.sec.gov/Archives/edgar/data/935494/000093549414000026/c494-20140930x10q.htm,,,RESOLVED,,1
1917,NOW,2015-01-12,2015-01-12T13:01:00-05:00,0001373715,2014-10-31,2014-11-05T23:59:59-05:00,148300000,dei:EntityCommonStockSharesOutstanding,10-Q,0001373715-14-000207,2014-11-05,73,A,https://data.sec.gov/api/xbrl/companyconcept/CIK0001373715/dei/EntityCommonStockSharesOutstanding.json#accn=0001373715-14-000207,,,RESOLVED,,1
1918,NUAN,2015-01-12,2015-01-12T15:03:00-05:00,0001002517,2014-10-31,2014-11-28T23:59:59-05:00,321219621,dei:EntityCommonStockSharesOutstanding,10-K,0001002517-14-000049,2014-11-28,73,A,https://data.sec.gov/api/xbrl/companyconcept/CIK0001002517/dei/EntityCommonStockSharesOutstanding.json#accn=0001002517-14-000049,,,RESOLVED,,1
1919,P,2015-01-12,2015-01-12T15:29:00-05:00,0001230276,2014-10-23,2014-10-28T23:59:59-04:00,208086733,dei:EntityCommonStockSharesOutstanding,10-Q,0001230276-14-000123,2014-10-28,81,A,https://data.sec.gov/api/xbrl/companyconcept/CIK0001230276/dei/EntityCommonStockSharesOutstanding.json#accn=0001230276-14-000123,,,RESOLVED,,1
1920,PNRA,2015-01-12,2015-01-12T14:28:00-05:00,0000724606,2014-10-28,2014-10-30T23:59:59-04:00,26969472,sec_cover_page,10-Q,0000724606-14-000036,2014-10-30,76,A,https://www.sec.gov/Archives/edgar/data/724606/000072460614000036/a2014093010q.htm,,,RESOLVED,,1
1921,R,2015-01-12,2015-01-12T15:13:00-05:00,0000085961,2014-09-30,2014-10-22T23:59:59-04:00,53039595,dei:EntityCommonStockSharesOutstanding,10-Q,0000085961-14-000050,2014-10-22,104,A,https://data.sec.gov/api/xbrl/companyconcept/CIK0000085961/dei/EntityCommonStockSharesOutstanding.json#accn=0000085961-14-000050,,,RESOLVED,,1
1922,SBUX,2015-01-12,2015-01-12T12:52:00-05:00,0000829224,2014-11-07,2014-11-14T23:59:59-05:00,748300000,dei:EntityCommonStockSharesOutstanding,10-K,0000829224-14-000041,2014-11-14,66,A,https://data.sec.gov/api/xbrl/companyconcept/CIK0000829224/dei/EntityCommonStockSharesOutstanding.json#accn=0000829224-14-000041,,,RESOLVED,,1
1923,SNDK,2015-01-12,2015-01-12T14:30:00-05:00,0001000180,2014-09-28,2014-11-03T23:59:59-05:00,220648812,dei:EntityCommonStockSharesOutstanding,10-Q,0001000180-14-000068,2014-11-03,106,A,https://data.sec.gov/api/xbrl/companyconcept/CIK0001000180/dei/EntityCommonStockSharesOutstanding.json#accn=0001000180-14-000068,,,RESOLVED,,1
1924,STT,2015-01-12,2015-01-12T15:20:00-05:00,0000093751,2014-10-31,2014-11-10T23:59:59-05:00,417495288,dei:EntityCommonStockSharesOutstanding,10-Q,0000093751-14-000165,2014-11-10,73,A,https://data.sec.gov/api/xbrl/companyconcept/CIK0000093751/dei/EntityCommonStockSharesOutstanding.json#accn=0000093751-14-000165,,,RESOLVED,,1
1925,SWKS,2015-01-12,2015-01-12T15:11:00-05:00,0000004127,2014-11-14,2014-11-25T23:59:59-05:00,190653624,dei:EntityCommonStockSharesOutstanding,10-K,0000004127-14-000046,2014-11-25,59,A,https://data.sec.gov/api/xbrl/companyconcept/CIK0000004127/dei/EntityCommonStockSharesOutstanding.json#accn=0000004127-14-000046,,,RESOLVED,,1
1926,TER,2015-01-12,2015-01-12T15:19:00-05:00,0000097210,2014-10-31,2014-11-07T23:59:59-05:00,216494252,dei:EntityCommonStockSharesOutstanding,10-Q,0001193125-14-402724,2014-11-07,73,A,https://data.sec.gov/api/xbrl/companyconcept/CIK0000097210/dei/EntityCommonStockSharesOutstanding.json#accn=0001193125-14-402724,,,RESOLVED,,1
1927,URI,2015-01-12,2015-01-12T15:13:00-05:00,0001067701,2014-10-13,2014-10-15T23:59:59-04:00,99808171,dei:EntityCommonStockSharesOutstanding,10-Q,0001067701-14-000033,2014-10-15,91,A,https://data.sec.gov/api/xbrl/companyconcept/CIK0001067701/dei/EntityCommonStockSharesOutstanding.json#accn=0001067701-14-000033,,,RESOLVED,,1
1928,ALNY,2015-01-13,2015-01-13T15:25:00-05:00,0001178670,2014-10-31,2014-11-06T23:59:59-05:00,76931090,dei:EntityCommonStockSharesOutstanding,10-Q,0001193125-14-399866,2014-11-06,74,A,https://data.sec.gov/api/xbrl/companyconcept/CIK0001178670/dei/EntityCommonStockSharesOutstanding.json#accn=0001193125-14-399866,,,RESOLVED,,1
1929,BCR,2015-01-13,2015-01-13T14:57:00-05:00,0000009892,2014-09-30,2014-10-23T23:59:59-04:00,74898741,dei:EntityCommonStockSharesOutstanding,10-Q,0001193125-14-380362,2014-10-23,105,A,https://data.sec.gov/api/xbrl/companyconcept/CIK0000009892/dei/EntityCommonStockSharesOutstanding.json#accn=0001193125-14-380362,,,RESOLVED,,1
1930,CGNX,2015-01-13,2015-01-13T13:34:00-05:00,0000851205,2014-09-28,2014-10-27T23:59:59-04:00,87045169,dei:EntityCommonStockSharesOutstanding,10-Q,0000851205-14-000017,2014-10-27,107,A,https://data.sec.gov/api/xbrl/companyconcept/CIK0000851205/dei/EntityCommonStockSharesOutstanding.json#accn=0000851205-14-000017,,,RESOLVED,,1
1931,COLM,2015-01-13,2015-01-13T14:03:00-05:00,0001050797,2014-10-24,2014-11-07T23:59:59-05:00,69686802,dei:EntityCommonStockSharesOutstanding,10-Q,0001050797-14-000009,2014-11-07,81,A,https://data.sec.gov/api/xbrl/companyconcept/CIK0001050797/dei/EntityCommonStockSharesOutstanding.json#accn=0001050797-14-000009,,,RESOLVED,,1
1932,CREE,2015-01-13,2015-01-13T15:09:00-05:00,0000895419,2014-10-15,2014-10-22T23:59:59-04:00,119445374,dei:EntityCommonStockSharesOutstanding,10-Q,0000895419-14-000077,2014-10-22,90,A,https://data.sec.gov/api/xbrl/companyconcept/CIK0000895419/dei/EntityCommonStockSharesOutstanding.json#accn=0000895419-14-000077,,,RESOLVED,,1
1933,CRL,2015-01-13,2015-01-13T15:25:00-05:00,0001100682,2014-10-16,2014-10-30T23:59:59-04:00,46921688,dei:EntityCommonStockSharesOutstanding,10-Q,0001445305-14-004599,2014-10-30,89,A,https://data.sec.gov/api/xbrl/companyconcept/CIK0001100682/dei/EntityCommonStockSharesOutstanding.json#accn=0001445305-14-004599,,,RESOLVED,,1
1934,EA,2015-01-13,2015-01-13T15:18:00-05:00,0000712515,2014-10-31,2014-11-04T23:59:59-05:00,310936350,dei:EntityCommonStockSharesOutstanding,10-Q,0000712515-14-000063,2014-11-04,74,A,https://data.sec.gov/api/xbrl/companyconcept/CIK0000712515/dei/EntityCommonStockSharesOutstanding.json#accn=0000712515-14-000063,,,RESOLVED,,1
1935,F,2015-01-13,2015-01-13T15:29:00-05:00,0000037996,2014-10-24,2014-10-31T23:59:59-04:00,3848687417,sec_cover_page,10-Q,0000037996-14-000057,2014-10-31,81,A,https://www.sec.gov/Archives/edgar/data/37996/000003799614000057/f0930201410-q.htm,,,RESOLVED,,1
1936,GILD,2015-01-13,2015-01-13T15:20:00-05:00,0000882095,2014-10-31,2014-11-05T23:59:59-05:00,1508664333,dei:EntityCommonStockSharesOutstanding,10-Q,0000882095-14-000051,2014-11-05,74,A,https://data.sec.gov/api/xbrl/companyconcept/CIK0000882095/dei/EntityCommonStockSharesOutstanding.json#accn=0000882095-14-000051,,,RESOLVED,,1
1937,GMCR,2015-01-13,2015-01-13T13:37:00-05:00,0000909954,2014-11-14,2014-11-19T23:59:59-05:00,162009539,dei:EntityCommonStockSharesOutstanding,10-K,0001047469-14-009384,2014-11-19,60,A,https://data.sec.gov/api/xbrl/companyconcept/CIK0000909954/dei/EntityCommonStockSharesOutstanding.json#accn=0001047469-14-009384,,,RESOLVED,,1
1938,GNRC,2015-01-13,2015-01-13T15:22:00-05:00,0001474735,2014-11-01,2014-11-07T23:59:59-05:00,68868851,dei:EntityCommonStockSharesOutstanding,10-Q,0001437749-14-020036,2014-11-07,73,A,https://data.sec.gov/api/xbrl/companyconcept/CIK0001474735/dei/EntityCommonStockSharesOutstanding.json#accn=0001437749-14-020036,,,RESOLVED,,1
1939,HBI,2015-01-13,2015-01-13T14:08:00-05:00,0001359841,2014-10-24,2014-10-30T23:59:59-04:00,99892128,dei:EntityCommonStockSharesOutstanding,10-Q,0001359841-14-000129,2014-10-30,81,A,https://data.sec.gov/api/xbrl/companyconcept/CIK0001359841/dei/EntityCommonStockSharesOutstanding.json#accn=0001359841-14-000129,,,RESOLVED,,1
1940,IDTI,2015-01-13,2015-01-13T13:54:00-05:00,0000703361,2014-10-31,2014-11-05T23:59:59-05:00,148650153,dei:EntityCommonStockSharesOutstanding,10-Q,0000703361-14-000038,2014-11-05,74,A,https://data.sec.gov/api/xbrl/companyconcept/CIK0000703361/dei/EntityCommonStockSharesOutstanding.json#accn=0000703361-14-000038,,,RESOLVED,,1
1941,ILMN,2015-01-13,2015-01-13T14:41:00-05:00,0001110803,2014-10-08,2014-10-29T23:59:59-04:00,142000000,dei:EntityCommonStockSharesOutstanding,10-Q,0001110803-14-000363,2014-10-29,97,A,https://data.sec.gov/api/xbrl/companyconcept/CIK0001110803/dei/EntityCommonStockSharesOutstanding.json#accn=0001110803-14-000363,,,RESOLVED,,1
1942,INWK,2015-01-13,2015-01-13T13:31:00-05:00,0001190710,2014-10-31,2014-11-10T23:59:59-05:00,53884294,sec_cover_page,10-Q,0001144204-14-065945,2014-11-10,74,A,https://www.sec.gov/Archives/edgar/data/1350381/000114420414065945/v392129_10q.htm,,,RESOLVED,,1
1943,MDU,2015-01-13,2015-01-13T14:17:00-05:00,0000067716,2014-10-31,2014-11-07T23:59:59-05:00,194106937,dei:EntityCommonStockSharesOutstanding,10-Q,0000067716-14-000123,2014-11-07,74,A,https://data.sec.gov/api/xbrl/companyconcept/CIK0000067716/dei/EntityCommonStockSharesOutstanding.json#accn=0000067716-14-000123,,,RESOLVED,,1
1944,NATI,2015-01-13,2015-01-13T15:21:00-05:00,0000935494,2014-10-28,2014-10-31T23:59:59-04:00,127586103,sec_cover_page,10-Q,0000935494-14-000026,2014-10-31,77,A,https://www.sec.gov/Archives/edgar/data/935494/000093549414000026/c494-20140930x10q.htm,,,RESOLVED,,1
1945,NOW,2015-01-13,2015-01-13T13:01:00-05:00,0001373715,2014-10-31,2014-11-05T23:59:59-05:00,148300000,dei:EntityCommonStockSharesOutstanding,10-Q,0001373715-14-000207,2014-11-05,74,A,https://data.sec.gov/api/xbrl/companyconcept/CIK0001373715/dei/EntityCommonStockSharesOutstanding.json#accn=0001373715-14-000207,,,RESOLVED,,1
1946,NUAN,2015-01-13,2015-01-13T15:03:00-05:00,0001002517,2014-10-31,2014-11-28T23:59:59-05:00,321219621,dei:EntityCommonStockSharesOutstanding,10-K,0001002517-14-000049,2014-11-28,74,A,https://data.sec.gov/api/xbrl/companyconcept/CIK0001002517/dei/EntityCommonStockSharesOutstanding.json#accn=0001002517-14-000049,,,RESOLVED,,1
1947,P,2015-01-13,2015-01-13T15:29:00-05:00,0001230276,2014-10-23,2014-10-28T23:59:59-04:00,208086733,dei:EntityCommonStockSharesOutstanding,10-Q,0001230276-14-000123,2014-10-28,82,A,https://data.sec.gov/api/xbrl/companyconcept/CIK0001230276/dei/EntityCommonStockSharesOutstanding.json#accn=0001230276-14-000123,,,RESOLVED,,1
1948,PNRA,2015-01-13,2015-01-13T14:28:00-05:00,0000724606,2014-10-28,2014-10-30T23:59:59-04:00,26969472,sec_cover_page,10-Q,0000724606-14-000036,2014-10-30,77,A,https://www.sec.gov/Archives/edgar/data/724606/000072460614000036/a2014093010q.htm,,,RESOLVED,,1
1949,QLIK,2015-01-13,2015-01-13T15:09:00-05:00,0001305294,2014-10-27,2014-10-31T23:59:59-04:00,90312552,dei:EntityCommonStockSharesOutstanding,10-Q,0001193125-14-392023,2014-10-31,78,A,https://data.sec.gov/api/xbrl/companyconcept/CIK0001305294/dei/EntityCommonStockSharesOutstanding.json#accn=0001193125-14-392023,,,RESOLVED,,1
1950,R,2015-01-13,2015-01-13T15:13:00-05:00,0000085961,2014-09-30,2014-10-22T23:59:59-04:00,53039595,dei:EntityCommonStockSharesOutstanding,10-Q,0000085961-14-000050,2014-10-22,105,A,https://data.sec.gov/api/xbrl/companyconcept/CIK0000085961/dei/EntityCommonStockSharesOutstanding.json#accn=0000085961-14-000050,,,RESOLVED,,1
1951,SBUX,2015-01-13,2015-01-13T12:52:00-05:00,0000829224,2014-11-07,2014-11-14T23:59:59-05:00,748300000,dei:EntityCommonStockSharesOutstanding,10-K,0000829224-14-000041,2014-11-14,67,A,https://data.sec.gov/api/xbrl/companyconcept/CIK0000829224/dei/EntityCommonStockSharesOutstanding.json#accn=0000829224-14-000041,,,RESOLVED,,1
1952,SNDK,2015-01-13,2015-01-13T14:30:00-05:00,0001000180,2014-09-28,2014-11-03T23:59:59-05:00,220648812,dei:EntityCommonStockSharesOutstanding,10-Q,0001000180-14-000068,2014-11-03,107,A,https://data.sec.gov/api/xbrl/companyconcept/CIK0001000180/dei/EntityCommonStockSharesOutstanding.json#accn=0001000180-14-000068,,,RESOLVED,,1
1953,STT,2015-01-13,2015-01-13T15:20:00-05:00,0000093751,2014-10-31,2014-11-10T23:59:59-05:00,417495288,dei:EntityCommonStockSharesOutstanding,10-Q,0000093751-14-000165,2014-11-10,74,A,https://data.sec.gov/api/xbrl/companyconcept/CIK0000093751/dei/EntityCommonStockSharesOutstanding.json#accn=0000093751-14-000165,,,RESOLVED,,1
1954,SWKS,2015-01-13,2015-01-13T15:11:00-05:00,0000004127,2014-11-14,2014-11-25T23:59:59-05:00,190653624,dei:EntityCommonStockSharesOutstanding,10-K,0000004127-14-000046,2014-11-25,60,A,https://data.sec.gov/api/xbrl/companyconcept/CIK0000004127/dei/EntityCommonStockSharesOutstanding.json#accn=0000004127-14-000046,,,RESOLVED,,1
1955,TER,2015-01-13,2015-01-13T15:19:00-05:00,0000097210,2014-10-31,2014-11-07T23:59:59-05:00,216494252,dei:EntityCommonStockSharesOutstanding,10-Q,0001193125-14-402724,2014-11-07,74,A,https://data.sec.gov/api/xbrl/companyconcept/CIK0000097210/dei/EntityCommonStockSharesOutstanding.json#accn=0001193125-14-402724,,,RESOLVED,,1
1956,TNGO,2015-01-13,2015-01-13T14:40:00-05:00,0001389217,2014-11-13,2014-11-14T23:59:59-05:00,36651678,dei:EntityCommonStockSharesOutstanding,10-Q,0001493152-14-003781,2014-11-14,61,A,https://data.sec.gov/api/xbrl/companyconcept/CIK0001389217/dei/EntityCommonStockSharesOutstanding.json#accn=0001493152-14-003781,,,RESOLVED,,1
1957,URI,2015-01-13,2015-01-13T15:13:00-05:00,0001067701,2014-10-13,2014-10-15T23:59:59-04:00,99808171,dei:EntityCommonStockSharesOutstanding,10-Q,0001067701-14-000033,2014-10-15,92,A,https://data.sec.gov/api/xbrl/companyconcept/CIK0001067701/dei/EntityCommonStockSharesOutstanding.json#accn=0001067701-14-000033,,,RESOLVED,,1
1958,ALNY,2015-01-14,2015-01-14T15:25:00-05:00,0001178670,2014-10-31,2014-11-06T23:59:59-05:00,76931090,dei:EntityCommonStockSharesOutstanding,10-Q,0001193125-14-399866,2014-11-06,75,A,https://data.sec.gov/api/xbrl/companyconcept/CIK0001178670/dei/EntityCommonStockSharesOutstanding.json#accn=0001193125-14-399866,,,RESOLVED,,1
1959,BCR,2015-01-14,2015-01-14T14:57:00-05:00,0000009892,2014-09-30,2014-10-23T23:59:59-04:00,74898741,dei:EntityCommonStockSharesOutstanding,10-Q,0001193125-14-380362,2014-10-23,106,A,https://data.sec.gov/api/xbrl/companyconcept/CIK0000009892/dei/EntityCommonStockSharesOutstanding.json#accn=0001193125-14-380362,,,RESOLVED,,1
1960,CGNX,2015-01-14,2015-01-14T13:34:00-05:00,0000851205,2014-09-28,2014-10-27T23:59:59-04:00,87045169,dei:EntityCommonStockSharesOutstanding,10-Q,0000851205-14-000017,2014-10-27,108,A,https://data.sec.gov/api/xbrl/companyconcept/CIK0000851205/dei/EntityCommonStockSharesOutstanding.json#accn=0000851205-14-000017,,,RESOLVED,,1
1961,COLM,2015-01-14,2015-01-14T14:03:00-05:00,0001050797,2014-10-24,2014-11-07T23:59:59-05:00,69686802,dei:EntityCommonStockSharesOutstanding,10-Q,0001050797-14-000009,2014-11-07,82,A,https://data.sec.gov/api/xbrl/companyconcept/CIK0001050797/dei/EntityCommonStockSharesOutstanding.json#accn=0001050797-14-000009,,,RESOLVED,,1
1962,CREE,2015-01-14,2015-01-14T15:09:00-05:00,0000895419,2014-10-15,2014-10-22T23:59:59-04:00,119445374,dei:EntityCommonStockSharesOutstanding,10-Q,0000895419-14-000077,2014-10-22,91,A,https://data.sec.gov/api/xbrl/companyconcept/CIK0000895419/dei/EntityCommonStockSharesOutstanding.json#accn=0000895419-14-000077,,,RESOLVED,,1
1963,CRL,2015-01-14,2015-01-14T15:25:00-05:00,0001100682,2014-10-16,2014-10-30T23:59:59-04:00,46921688,dei:EntityCommonStockSharesOutstanding,10-Q,0001445305-14-004599,2014-10-30,90,A,https://data.sec.gov/api/xbrl/companyconcept/CIK0001100682/dei/EntityCommonStockSharesOutstanding.json#accn=0001445305-14-004599,,,RESOLVED,,1
1964,EA,2015-01-14,2015-01-14T15:18:00-05:00,0000712515,2014-10-31,2014-11-04T23:59:59-05:00,310936350,dei:EntityCommonStockSharesOutstanding,10-Q,0000712515-14-000063,2014-11-04,75,A,https://data.sec.gov/api/xbrl/companyconcept/CIK0000712515/dei/EntityCommonStockSharesOutstanding.json#accn=0000712515-14-000063,,,RESOLVED,,1
1965,F,2015-01-14,2015-01-14T15:29:00-05:00,0000037996,2014-10-24,2014-10-31T23:59:59-04:00,3848687417,sec_cover_page,10-Q,0000037996-14-000057,2014-10-31,82,A,https://www.sec.gov/Archives/edgar/data/37996/000003799614000057/f0930201410-q.htm,,,RESOLVED,,1
1966,GILD,2015-01-14,2015-01-14T15:20:00-05:00,0000882095,2014-10-31,2014-11-05T23:59:59-05:00,1508664333,dei:EntityCommonStockSharesOutstanding,10-Q,0000882095-14-000051,2014-11-05,75,A,https://data.sec.gov/api/xbrl/companyconcept/CIK0000882095/dei/EntityCommonStockSharesOutstanding.json#accn=0000882095-14-000051,,,RESOLVED,,1
1967,GMCR,2015-01-14,2015-01-14T13:37:00-05:00,0000909954,2014-11-14,2014-11-19T23:59:59-05:00,162009539,dei:EntityCommonStockSharesOutstanding,10-K,0001047469-14-009384,2014-11-19,61,A,https://data.sec.gov/api/xbrl/companyconcept/CIK0000909954/dei/EntityCommonStockSharesOutstanding.json#accn=0001047469-14-009384,,,RESOLVED,,1
1968,GNRC,2015-01-14,2015-01-14T15:22:00-05:00,0001474735,2014-11-01,2014-11-07T23:59:59-05:00,68868851,dei:EntityCommonStockSharesOutstanding,10-Q,0001437749-14-020036,2014-11-07,74,A,https://data.sec.gov/api/xbrl/companyconcept/CIK0001474735/dei/EntityCommonStockSharesOutstanding.json#accn=0001437749-14-020036,,,RESOLVED,,1
1969,HBI,2015-01-14,2015-01-14T14:08:00-05:00,0001359841,2014-10-24,2014-10-30T23:59:59-04:00,99892128,dei:EntityCommonStockSharesOutstanding,10-Q,0001359841-14-000129,2014-10-30,82,A,https://data.sec.gov/api/xbrl/companyconcept/CIK0001359841/dei/EntityCommonStockSharesOutstanding.json#accn=0001359841-14-000129,,,RESOLVED,,1
1970,IDTI,2015-01-14,2015-01-14T13:54:00-05:00,0000703361,2014-10-31,2014-11-05T23:59:59-05:00,148650153,dei:EntityCommonStockSharesOutstanding,10-Q,0000703361-14-000038,2014-11-05,75,A,https://data.sec.gov/api/xbrl/companyconcept/CIK0000703361/dei/EntityCommonStockSharesOutstanding.json#accn=0000703361-14-000038,,,RESOLVED,,1
1971,ILMN,2015-01-14,2015-01-14T14:41:00-05:00,0001110803,2014-10-08,2014-10-29T23:59:59-04:00,142000000,dei:EntityCommonStockSharesOutstanding,10-Q,0001110803-14-000363,2014-10-29,98,A,https://data.sec.gov/api/xbrl/companyconcept/CIK0001110803/dei/EntityCommonStockSharesOutstanding.json#accn=0001110803-14-000363,,,RESOLVED,,1
1972,INWK,2015-01-14,2015-01-14T13:31:00-05:00,0001190710,2014-10-31,2014-11-10T23:59:59-05:00,53884294,sec_cover_page,10-Q,0001144204-14-065945,2014-11-10,75,A,https://www.sec.gov/Archives/edgar/data/1350381/000114420414065945/v392129_10q.htm,,,RESOLVED,,1
1973,MDU,2015-01-14,2015-01-14T14:17:00-05:00,0000067716,2014-10-31,2014-11-07T23:59:59-05:00,194106937,dei:EntityCommonStockSharesOutstanding,10-Q,0000067716-14-000123,2014-11-07,75,A,https://data.sec.gov/api/xbrl/companyconcept/CIK0000067716/dei/EntityCommonStockSharesOutstanding.json#accn=0000067716-14-000123,,,RESOLVED,,1
1974,NATI,2015-01-14,2015-01-14T15:21:00-05:00,0000935494,2014-10-28,2014-10-31T23:59:59-04:00,127586103,sec_cover_page,10-Q,0000935494-14-000026,2014-10-31,78,A,https://www.sec.gov/Archives/edgar/data/935494/000093549414000026/c494-20140930x10q.htm,,,RESOLVED,,1
1975,NOW,2015-01-14,2015-01-14T13:01:00-05:00,0001373715,2014-10-31,2014-11-05T23:59:59-05:00,148300000,dei:EntityCommonStockSharesOutstanding,10-Q,0001373715-14-000207,2014-11-05,75,A,https://data.sec.gov/api/xbrl/companyconcept/CIK0001373715/dei/EntityCommonStockSharesOutstanding.json#accn=0001373715-14-000207,,,RESOLVED,,1
1976,NUAN,2015-01-14,2015-01-14T15:03:00-05:00,0001002517,2014-10-31,2014-11-28T23:59:59-05:00,321219621,dei:EntityCommonStockSharesOutstanding,10-K,0001002517-14-000049,2014-11-28,75,A,https://data.sec.gov/api/xbrl/companyconcept/CIK0001002517/dei/EntityCommonStockSharesOutstanding.json#accn=0001002517-14-000049,,,RESOLVED,,1
1977,P,2015-01-14,2015-01-14T15:29:00-05:00,0001230276,2014-10-23,2014-10-28T23:59:59-04:00,208086733,dei:EntityCommonStockSharesOutstanding,10-Q,0001230276-14-000123,2014-10-28,83,A,https://data.sec.gov/api/xbrl/companyconcept/CIK0001230276/dei/EntityCommonStockSharesOutstanding.json#accn=0001230276-14-000123,,,RESOLVED,,1
1978,PNRA,2015-01-14,2015-01-14T14:28:00-05:00,0000724606,2014-10-28,2014-10-30T23:59:59-04:00,26969472,sec_cover_page,10-Q,0000724606-14-000036,2014-10-30,78,A,https://www.sec.gov/Archives/edgar/data/724606/000072460614000036/a2014093010q.htm,,,RESOLVED,,1
1979,QLIK,2015-01-14,2015-01-14T15:09:00-05:00,0001305294,2014-10-27,2014-10-31T23:59:59-04:00,90312552,dei:EntityCommonStockSharesOutstanding,10-Q,0001193125-14-392023,2014-10-31,79,A,https://data.sec.gov/api/xbrl/companyconcept/CIK0001305294/dei/EntityCommonStockSharesOutstanding.json#accn=0001193125-14-392023,,,RESOLVED,,1
1980,R,2015-01-14,2015-01-14T15:13:00-05:00,0000085961,2014-09-30,2014-10-22T23:59:59-04:00,53039595,dei:EntityCommonStockSharesOutstanding,10-Q,0000085961-14-000050,2014-10-22,106,A,https://data.sec.gov/api/xbrl/companyconcept/CIK0000085961/dei/EntityCommonStockSharesOutstanding.json#accn=0000085961-14-000050,,,RESOLVED,,1
1981,SBUX,2015-01-14,2015-01-14T12:52:00-05:00,0000829224,2014-11-07,2014-11-14T23:59:59-05:00,748300000,dei:EntityCommonStockSharesOutstanding,10-K,0000829224-14-000041,2014-11-14,68,A,https://data.sec.gov/api/xbrl/companyconcept/CIK0000829224/dei/EntityCommonStockSharesOutstanding.json#accn=0000829224-14-000041,,,RESOLVED,,1
1982,SNDK,2015-01-14,2015-01-14T14:30:00-05:00,0001000180,2014-09-28,2014-11-03T23:59:59-05:00,220648812,dei:EntityCommonStockSharesOutstanding,10-Q,0001000180-14-000068,2014-11-03,108,A,https://data.sec.gov/api/xbrl/companyconcept/CIK0001000180/dei/EntityCommonStockSharesOutstanding.json#accn=0001000180-14-000068,,,RESOLVED,,1
1983,STT,2015-01-14,2015-01-14T15:20:00-05:00,0000093751,2014-10-31,2014-11-10T23:59:59-05:00,417495288,dei:EntityCommonStockSharesOutstanding,10-Q,0000093751-14-000165,2014-11-10,75,A,https://data.sec.gov/api/xbrl/companyconcept/CIK0000093751/dei/EntityCommonStockSharesOutstanding.json#accn=0000093751-14-000165,,,RESOLVED,,1
1984,SWKS,2015-01-14,2015-01-14T15:11:00-05:00,0000004127,2014-11-14,2014-11-25T23:59:59-05:00,190653624,dei:EntityCommonStockSharesOutstanding,10-K,0000004127-14-000046,2014-11-25,61,A,https://data.sec.gov/api/xbrl/companyconcept/CIK0000004127/dei/EntityCommonStockSharesOutstanding.json#accn=0000004127-14-000046,,,RESOLVED,,1
1985,TER,2015-01-14,2015-01-14T15:19:00-05:00,0000097210,2014-10-31,2014-11-07T23:59:59-05:00,216494252,dei:EntityCommonStockSharesOutstanding,10-Q,0001193125-14-402724,2014-11-07,75,A,https://data.sec.gov/api/xbrl/companyconcept/CIK0000097210/dei/EntityCommonStockSharesOutstanding.json#accn=0001193125-14-402724,,,RESOLVED,,1
1986,TNGO,2015-01-14,2015-01-14T14:40:00-05:00,0001389217,2014-11-13,2014-11-14T23:59:59-05:00,36651678,dei:EntityCommonStockSharesOutstanding,10-Q,0001493152-14-003781,2014-11-14,62,A,https://data.sec.gov/api/xbrl/companyconcept/CIK0001389217/dei/EntityCommonStockSharesOutstanding.json#accn=0001493152-14-003781,,,RESOLVED,,1
1987,URI,2015-01-14,2015-01-14T15:13:00-05:00,0001067701,2014-10-13,2014-10-15T23:59:59-04:00,99808171,dei:EntityCommonStockSharesOutstanding,10-Q,0001067701-14-000033,2014-10-15,93,A,https://data.sec.gov/api/xbrl/companyconcept/CIK0001067701/dei/EntityCommonStockSharesOutstanding.json#accn=0001067701-14-000033,,,RESOLVED,,1
1988,ADI,2015-01-15,2015-01-15T13:35:00-05:00,0000006281,2014-11-01,2014-12-10T23:59:59-05:00,311204926,dei:EntityCommonStockSharesOutstanding,10-K,0000006281-14-000039,2014-12-10,75,A,https://data.sec.gov/api/xbrl/companyconcept/CIK0000006281/dei/EntityCommonStockSharesOutstanding.json#accn=0000006281-14-000039,,,RESOLVED,,1
1989,ALNY,2015-01-15,2015-01-15T15:25:00-05:00,0001178670,2014-10-31,2014-11-06T23:59:59-05:00,76931090,dei:EntityCommonStockSharesOutstanding,10-Q,0001193125-14-399866,2014-11-06,76,A,https://data.sec.gov/api/xbrl/companyconcept/CIK0001178670/dei/EntityCommonStockSharesOutstanding.json#accn=0001193125-14-399866,,,RESOLVED,,1
1990,BCR,2015-01-15,2015-01-15T14:57:00-05:00,0000009892,2014-09-30,2014-10-23T23:59:59-04:00,74898741,dei:EntityCommonStockSharesOutstanding,10-Q,0001193125-14-380362,2014-10-23,107,A,https://data.sec.gov/api/xbrl/companyconcept/CIK0000009892/dei/EntityCommonStockSharesOutstanding.json#accn=0001193125-14-380362,,,RESOLVED,,1
1991,CGNX,2015-01-15,2015-01-15T13:34:00-05:00,0000851205,2014-09-28,2014-10-27T23:59:59-04:00,87045169,dei:EntityCommonStockSharesOutstanding,10-Q,0000851205-14-000017,2014-10-27,109,A,https://data.sec.gov/api/xbrl/companyconcept/CIK0000851205/dei/EntityCommonStockSharesOutstanding.json#accn=0000851205-14-000017,,,RESOLVED,,1
1992,CLD,2015-01-15,2015-01-15T15:05:00-05:00,0001441849,2014-10-23,2014-10-30T23:59:59-04:00,61004549,dei:EntityCommonStockSharesOutstanding,10-Q,0001104659-14-074918,2014-10-30,84,A,https://data.sec.gov/api/xbrl/companyconcept/CIK0001441849/dei/EntityCommonStockSharesOutstanding.json#accn=0001104659-14-074918,,,RESOLVED,,1
1993,COLM,2015-01-15,2015-01-15T14:03:00-05:00,0001050797,2014-10-24,2014-11-07T23:59:59-05:00,69686802,dei:EntityCommonStockSharesOutstanding,10-Q,0001050797-14-000009,2014-11-07,83,A,https://data.sec.gov/api/xbrl/companyconcept/CIK0001050797/dei/EntityCommonStockSharesOutstanding.json#accn=0001050797-14-000009,,,RESOLVED,,1
1994,CREE,2015-01-15,2015-01-15T15:09:00-05:00,0000895419,2014-10-15,2014-10-22T23:59:59-04:00,119445374,dei:EntityCommonStockSharesOutstanding,10-Q,0000895419-14-000077,2014-10-22,92,A,https://data.sec.gov/api/xbrl/companyconcept/CIK0000895419/dei/EntityCommonStockSharesOutstanding.json#accn=0000895419-14-000077,,,RESOLVED,,1
1995,CRL,2015-01-15,2015-01-15T15:25:00-05:00,0001100682,2014-10-16,2014-10-30T23:59:59-04:00,46921688,dei:EntityCommonStockSharesOutstanding,10-Q,0001445305-14-004599,2014-10-30,91,A,https://data.sec.gov/api/xbrl/companyconcept/CIK0001100682/dei/EntityCommonStockSharesOutstanding.json#accn=0001445305-14-004599,,,RESOLVED,,1
1996,EA,2015-01-15,2015-01-15T15:18:00-05:00,0000712515,2014-10-31,2014-11-04T23:59:59-05:00,310936350,dei:EntityCommonStockSharesOutstanding,10-Q,0000712515-14-000063,2014-11-04,76,A,https://data.sec.gov/api/xbrl/companyconcept/CIK0000712515/dei/EntityCommonStockSharesOutstanding.json#accn=0000712515-14-000063,,,RESOLVED,,1
1997,F,2015-01-15,2015-01-15T15:29:00-05:00,0000037996,2014-10-24,2014-10-31T23:59:59-04:00,3848687417,sec_cover_page,10-Q,0000037996-14-000057,2014-10-31,83,A,https://www.sec.gov/Archives/edgar/data/37996/000003799614000057/f0930201410-q.htm,,,RESOLVED,,1
1998,FLR,2015-01-15,2015-01-15T14:36:00-05:00,0001124198,2014-10-24,2014-10-30T23:59:59-04:00,156220578,dei:EntityCommonStockSharesOutstanding,10-Q,0001104659-14-075263,2014-10-30,83,A,https://data.sec.gov/api/xbrl/companyconcept/CIK0001124198/dei/EntityCommonStockSharesOutstanding.json#accn=0001104659-14-075263,,,RESOLVED,,1
1999,GILD,2015-01-15,2015-01-15T15:20:00-05:00,0000882095,2014-10-31,2014-11-05T23:59:59-05:00,1508664333,dei:EntityCommonStockSharesOutstanding,10-Q,0000882095-14-000051,2014-11-05,76,A,https://data.sec.gov/api/xbrl/companyconcept/CIK0000882095/dei/EntityCommonStockSharesOutstanding.json#accn=0000882095-14-000051,,,RESOLVED,,1
2000,GMCR,2015-01-15,2015-01-15T13:37:00-05:00,0000909954,2014-11-14,2014-11-19T23:59:59-05:00,162009539,dei:EntityCommonStockSharesOutstanding,10-K,0001047469-14-009384,2014-11-19,62,A,https://data.sec.gov/api/xbrl/companyconcept/CIK0000909954/dei/EntityCommonStockSharesOutstanding.json#accn=0001047469-14-009384,,,RESOLVED,,1
