observation_index,historical_symbol,target_trade_date,target_cutoff_local,cik,fact_date,available_at,shares_outstanding,source_tag,form,accession,filed_date,staleness_days,source_grade,source_reference,staleness_exception_max_days,staleness_exception_reason,status,unresolved_reason,research_use_only
501,MUSA,2012-01-04,2012-01-04T11:51:00-05:00,0001362491,2011-11-14,2011-11-14T23:59:59-05:00,37058507,dei:EntityCommonStockSharesOutstanding,10-Q,0001193125-11-310967,2011-11-14,51,A,https://data.sec.gov/api/xbrl/companyconcept/CIK0001362491/dei/EntityCommonStockSharesOutstanding.json#accn=0001193125-11-310967;end=2011-11-14,,,RESOLVED,,1
502,MXIM,2012-01-04,2012-01-04T11:14:00-05:00,0000743316,2011-10-14,2011-10-26T23:59:59-04:00,291713630,dei:EntityCommonStockSharesOutstanding,10-Q,0001445305-11-003070,2011-10-26,82,A,https://data.sec.gov/api/xbrl/companyconcept/CIK0000743316/dei/EntityCommonStockSharesOutstanding.json#accn=0001445305-11-003070;end=2011-10-14,,,RESOLVED,,1
503,NVR,2012-01-04,2012-01-04T15:26:00-05:00,0000906163,2011-10-25,2011-10-28T23:59:59-04:00,4976408,dei:EntityCommonStockSharesOutstanding,10-Q,0001193125-11-286412,2011-10-28,71,A,https://data.sec.gov/api/xbrl/companyconcept/CIK0000906163/dei/EntityCommonStockSharesOutstanding.json#accn=0001193125-11-286412;end=2011-10-25,,,RESOLVED,,1
504,RES,2012-01-04,2012-01-04T14:50:00-05:00,0000742278,2011-10-20,2011-11-03T23:59:59-04:00,148313708,dei:EntityCommonStockSharesOutstanding,10-Q,0001188112-11-003049,2011-11-03,76,A,https://data.sec.gov/api/xbrl/companyconcept/CIK0000742278/dei/EntityCommonStockSharesOutstanding.json#accn=0001188112-11-003049;end=2011-10-20,,,RESOLVED,,1
505,ROL,2012-01-04,2012-01-04T09:44:00-05:00,0000084839,2011-10-15,2011-10-28T23:59:59-04:00,146291631,dei:EntityCommonStockSharesOutstanding,10-Q,0001104659-11-058676,2011-10-28,81,A,https://data.sec.gov/api/xbrl/companyconcept/CIK0000084839/dei/EntityCommonStockSharesOutstanding.json#accn=0001104659-11-058676;end=2011-10-15,,,RESOLVED,,1
506,SYMM,2012-01-04,2012-01-04T14:24:00-05:00,0000082628,2011-10-30,2011-11-10T23:59:59-05:00,42729345,dei:EntityCommonStockSharesOutstanding,10-Q,0001193125-11-307199,2011-11-10,66,A,https://data.sec.gov/api/xbrl/companyconcept/CIK0000082628/dei/EntityCommonStockSharesOutstanding.json#accn=0001193125-11-307199;end=2011-10-30,,,RESOLVED,,1
507,VAR,2012-01-04,2012-01-04T12:16:00-05:00,0000203527,2011-11-15,2011-11-23T23:59:59-05:00,112557988,dei:EntityCommonStockSharesOutstanding,10-K,0001193125-11-321337,2011-11-23,50,A,https://data.sec.gov/api/xbrl/companyconcept/CIK0000203527/dei/EntityCommonStockSharesOutstanding.json#accn=0001193125-11-321337;end=2011-11-15,,,RESOLVED,,1
508,WRLD,2012-01-04,2012-01-04T15:23:00-05:00,0000108385,2011-09-30,2011-11-01T23:59:59-04:00,14642565,dei:EntityCommonStockSharesOutstanding,10-Q,0001140361-11-051060,2011-11-01,96,A,https://data.sec.gov/api/xbrl/companyconcept/CIK0000108385/dei/EntityCommonStockSharesOutstanding.json#accn=0001140361-11-051060;end=2011-09-30,,,RESOLVED,,1
509,AF,2012-01-05,2012-01-05T14:48:00-05:00,0000910322,2011-10-27,2011-11-04T23:59:59-04:00,98537391,dei:EntityCommonStockSharesOutstanding,10-Q,0001144204-11-061380,2011-11-04,70,A,https://data.sec.gov/api/xbrl/companyconcept/CIK0000910322/dei/EntityCommonStockSharesOutstanding.json#accn=0001144204-11-061380;end=2011-10-27,,,RESOLVED,,1
510,BA,2012-01-05,2012-01-05T14:49:00-05:00,0000012927,2011-10-19,2011-10-26T23:59:59-04:00,743234446,dei:EntityCommonStockSharesOutstanding,10-Q,0001193125-11-281613,2011-10-26,78,A,https://data.sec.gov/api/xbrl/companyconcept/CIK0000012927/dei/EntityCommonStockSharesOutstanding.json#accn=0001193125-11-281613;end=2011-10-19,,,RESOLVED,,1
511,CA,2012-01-05,2012-01-05T13:02:00-05:00,0000356028,2011-10-20,2011-10-27T23:59:59-04:00,493391769,dei:EntityCommonStockSharesOutstanding,10-Q,0000950123-11-092486,2011-10-27,77,A,https://data.sec.gov/api/xbrl/companyconcept/CIK0000356028/dei/EntityCommonStockSharesOutstanding.json#accn=0000950123-11-092486;end=2011-10-20,,,RESOLVED,,1
512,CAT,2012-01-05,2012-01-05T14:05:00-05:00,0000018230,2011-09-30,2011-11-04T23:59:59-04:00,646620369,dei:EntityCommonStockSharesOutstanding,10-Q,0001104659-11-060986,2011-11-04,97,A,https://data.sec.gov/api/xbrl/companyconcept/CIK0000018230/dei/EntityCommonStockSharesOutstanding.json#accn=0001104659-11-060986;end=2011-09-30,,,RESOLVED,,1
513,CB,2012-01-05,2012-01-05T11:47:00-05:00,0000020171,2011-09-30,2011-11-07T23:59:59-05:00,278071725,dei:EntityCommonStockSharesOutstanding,10-Q,0000950123-11-095953,2011-11-07,97,A,https://data.sec.gov/api/xbrl/companyconcept/CIK0000020171/dei/EntityCommonStockSharesOutstanding.json#accn=0000950123-11-095953;end=2011-09-30,,,RESOLVED,,1
514,DEST,2012-01-05,2012-01-05T15:04:00-05:00,0000896985,2011-12-05,2011-12-14T23:59:59-05:00,13275477,dei:EntityCommonStockSharesOutstanding,10-K,0001193125-11-340461,2011-12-14,31,A,https://data.sec.gov/api/xbrl/companyconcept/CIK0000896985/dei/EntityCommonStockSharesOutstanding.json#accn=0001193125-11-340461;end=2011-12-05,,,RESOLVED,,1
515,HAE,2012-01-05,2012-01-05T15:25:00-05:00,0000313143,2011-10-01,2011-11-03T23:59:59-04:00,24981455,dei:EntityCommonStockSharesOutstanding,10-Q,0000950123-11-094857,2011-11-03,96,A,https://data.sec.gov/api/xbrl/companyconcept/CIK0000313143/dei/EntityCommonStockSharesOutstanding.json#accn=0000950123-11-094857;end=2011-10-01,,,RESOLVED,,1
516,HON,2012-01-05,2012-01-05T15:23:00-05:00,0000773840,2011-09-30,2011-10-21T23:59:59-04:00,773497365,dei:EntityCommonStockSharesOutstanding,10-Q,0000930413-11-006765,2011-10-21,97,A,https://data.sec.gov/api/xbrl/companyconcept/CIK0000773840/dei/EntityCommonStockSharesOutstanding.json#accn=0000930413-11-006765;end=2011-09-30,,,RESOLVED,,1
517,IBKC,2012-01-05,2012-01-05T13:23:00-05:00,0000933141,2011-11-04,2011-11-09T23:59:59-05:00,29355092,dei:EntityCommonStockSharesOutstanding,10-Q,0001193125-11-304318,2011-11-09,62,A,https://data.sec.gov/api/xbrl/companyconcept/CIK0000933141/dei/EntityCommonStockSharesOutstanding.json#accn=0001193125-11-304318;end=2011-11-04,,,RESOLVED,,1
518,IDXX,2012-01-05,2012-01-05T13:17:00-05:00,0000874716,2011-10-14,2011-10-21T23:59:59-04:00,56148671,dei:EntityCommonStockSharesOutstanding,10-Q,0001144204-11-058861,2011-10-21,83,A,https://data.sec.gov/api/xbrl/companyconcept/CIK0000874716/dei/EntityCommonStockSharesOutstanding.json#accn=0001144204-11-058861;end=2011-10-14,,,RESOLVED,,1
519,IGT,2012-01-05,2012-01-05T15:01:00-05:00,0000353944,2011-11-28,2011-11-30T23:59:59-05:00,297600000,dei:EntityCommonStockSharesOutstanding,10-K,0001437749-11-009067,2011-11-30,38,A,https://data.sec.gov/api/xbrl/companyconcept/CIK0000353944/dei/EntityCommonStockSharesOutstanding.json#accn=0001437749-11-009067;end=2011-11-28,,,RESOLVED,,1
520,ISSI,2012-01-05,2012-01-05T14:21:00-05:00,0000854701,2011-12-09,2011-12-14T23:59:59-05:00,26339358,dei:EntityCommonStockSharesOutstanding,10-K,0001445305-11-003586,2011-12-14,27,A,https://data.sec.gov/api/xbrl/companyconcept/CIK0000854701/dei/EntityCommonStockSharesOutstanding.json#accn=0001445305-11-003586;end=2011-12-09,,,RESOLVED,,1
521,MDP,2012-01-05,2012-01-05T14:09:00-05:00,0000065011,2011-09-30,2011-10-26T23:59:59-04:00,44967123,sec_cover_page,10-Q,0000065011-11-000086,2011-10-26,97,A,https://www.sec.gov/Archives/edgar/data/65011/000006501111000086/fy12q1sept10-q.htm,,,RESOLVED,,1
522,MSCC,2012-01-05,2012-01-05T14:21:00-05:00,0000310568,2011-11-14,2011-11-23T23:59:59-05:00,86851848,dei:EntityCommonStockSharesOutstanding,10-K,0001193125-11-320952,2011-11-23,52,A,https://data.sec.gov/api/xbrl/companyconcept/CIK0000310568/dei/EntityCommonStockSharesOutstanding.json#accn=0001193125-11-320952;end=2011-11-14,,,RESOLVED,,1
523,MUSA,2012-01-05,2012-01-05T11:51:00-05:00,0001362491,2011-11-14,2011-11-14T23:59:59-05:00,37058507,dei:EntityCommonStockSharesOutstanding,10-Q,0001193125-11-310967,2011-11-14,52,A,https://data.sec.gov/api/xbrl/companyconcept/CIK0001362491/dei/EntityCommonStockSharesOutstanding.json#accn=0001193125-11-310967;end=2011-11-14,,,RESOLVED,,1
524,MXIM,2012-01-05,2012-01-05T11:14:00-05:00,0000743316,2011-10-14,2011-10-26T23:59:59-04:00,291713630,dei:EntityCommonStockSharesOutstanding,10-Q,0001445305-11-003070,2011-10-26,83,A,https://data.sec.gov/api/xbrl/companyconcept/CIK0000743316/dei/EntityCommonStockSharesOutstanding.json#accn=0001445305-11-003070;end=2011-10-14,,,RESOLVED,,1
525,NVR,2012-01-05,2012-01-05T15:26:00-05:00,0000906163,2011-10-25,2011-10-28T23:59:59-04:00,4976408,dei:EntityCommonStockSharesOutstanding,10-Q,0001193125-11-286412,2011-10-28,72,A,https://data.sec.gov/api/xbrl/companyconcept/CIK0000906163/dei/EntityCommonStockSharesOutstanding.json#accn=0001193125-11-286412;end=2011-10-25,,,RESOLVED,,1
526,RES,2012-01-05,2012-01-05T14:50:00-05:00,0000742278,2011-10-20,2011-11-03T23:59:59-04:00,148313708,dei:EntityCommonStockSharesOutstanding,10-Q,0001188112-11-003049,2011-11-03,77,A,https://data.sec.gov/api/xbrl/companyconcept/CIK0000742278/dei/EntityCommonStockSharesOutstanding.json#accn=0001188112-11-003049;end=2011-10-20,,,RESOLVED,,1
527,ROL,2012-01-05,2012-01-05T09:44:00-05:00,0000084839,2011-10-15,2011-10-28T23:59:59-04:00,146291631,dei:EntityCommonStockSharesOutstanding,10-Q,0001104659-11-058676,2011-10-28,82,A,https://data.sec.gov/api/xbrl/companyconcept/CIK0000084839/dei/EntityCommonStockSharesOutstanding.json#accn=0001104659-11-058676;end=2011-10-15,,,RESOLVED,,1
528,SYMM,2012-01-05,2012-01-05T14:24:00-05:00,0000082628,2011-10-30,2011-11-10T23:59:59-05:00,42729345,dei:EntityCommonStockSharesOutstanding,10-Q,0001193125-11-307199,2011-11-10,67,A,https://data.sec.gov/api/xbrl/companyconcept/CIK0000082628/dei/EntityCommonStockSharesOutstanding.json#accn=0001193125-11-307199;end=2011-10-30,,,RESOLVED,,1
529,VAR,2012-01-05,2012-01-05T12:16:00-05:00,0000203527,2011-11-15,2011-11-23T23:59:59-05:00,112557988,dei:EntityCommonStockSharesOutstanding,10-K,0001193125-11-321337,2011-11-23,51,A,https://data.sec.gov/api/xbrl/companyconcept/CIK0000203527/dei/EntityCommonStockSharesOutstanding.json#accn=0001193125-11-321337;end=2011-11-15,,,RESOLVED,,1
530,WRLD,2012-01-05,2012-01-05T15:23:00-05:00,0000108385,2011-09-30,2011-11-01T23:59:59-04:00,14642565,dei:EntityCommonStockSharesOutstanding,10-Q,0001140361-11-051060,2011-11-01,97,A,https://data.sec.gov/api/xbrl/companyconcept/CIK0000108385/dei/EntityCommonStockSharesOutstanding.json#accn=0001140361-11-051060;end=2011-09-30,,,RESOLVED,,1
531,AF,2012-01-06,2012-01-06T14:48:00-05:00,0000910322,2011-10-27,2011-11-04T23:59:59-04:00,98537391,dei:EntityCommonStockSharesOutstanding,10-Q,0001144204-11-061380,2011-11-04,71,A,https://data.sec.gov/api/xbrl/companyconcept/CIK0000910322/dei/EntityCommonStockSharesOutstanding.json#accn=0001144204-11-061380;end=2011-10-27,,,RESOLVED,,1
532,BA,2012-01-06,2012-01-06T14:49:00-05:00,0000012927,2011-10-19,2011-10-26T23:59:59-04:00,743234446,dei:EntityCommonStockSharesOutstanding,10-Q,0001193125-11-281613,2011-10-26,79,A,https://data.sec.gov/api/xbrl/companyconcept/CIK0000012927/dei/EntityCommonStockSharesOutstanding.json#accn=0001193125-11-281613;end=2011-10-19,,,RESOLVED,,1
533,CA,2012-01-06,2012-01-06T13:02:00-05:00,0000356028,2011-10-20,2011-10-27T23:59:59-04:00,493391769,dei:EntityCommonStockSharesOutstanding,10-Q,0000950123-11-092486,2011-10-27,78,A,https://data.sec.gov/api/xbrl/companyconcept/CIK0000356028/dei/EntityCommonStockSharesOutstanding.json#accn=0000950123-11-092486;end=2011-10-20,,,RESOLVED,,1
534,CAT,2012-01-06,2012-01-06T14:05:00-05:00,0000018230,2011-09-30,2011-11-04T23:59:59-04:00,646620369,dei:EntityCommonStockSharesOutstanding,10-Q,0001104659-11-060986,2011-11-04,98,A,https://data.sec.gov/api/xbrl/companyconcept/CIK0000018230/dei/EntityCommonStockSharesOutstanding.json#accn=0001104659-11-060986;end=2011-09-30,,,RESOLVED,,1
535,CB,2012-01-06,2012-01-06T11:47:00-05:00,0000020171,2011-09-30,2011-11-07T23:59:59-05:00,278071725,dei:EntityCommonStockSharesOutstanding,10-Q,0000950123-11-095953,2011-11-07,98,A,https://data.sec.gov/api/xbrl/companyconcept/CIK0000020171/dei/EntityCommonStockSharesOutstanding.json#accn=0000950123-11-095953;end=2011-09-30,,,RESOLVED,,1
536,DEST,2012-01-06,2012-01-06T15:04:00-05:00,0000896985,2011-12-05,2011-12-14T23:59:59-05:00,13275477,dei:EntityCommonStockSharesOutstanding,10-K,0001193125-11-340461,2011-12-14,32,A,https://data.sec.gov/api/xbrl/companyconcept/CIK0000896985/dei/EntityCommonStockSharesOutstanding.json#accn=0001193125-11-340461;end=2011-12-05,,,RESOLVED,,1
537,HAE,2012-01-06,2012-01-06T15:25:00-05:00,0000313143,2011-10-01,2011-11-03T23:59:59-04:00,24981455,dei:EntityCommonStockSharesOutstanding,10-Q,0000950123-11-094857,2011-11-03,97,A,https://data.sec.gov/api/xbrl/companyconcept/CIK0000313143/dei/EntityCommonStockSharesOutstanding.json#accn=0000950123-11-094857;end=2011-10-01,,,RESOLVED,,1
538,HON,2012-01-06,2012-01-06T15:23:00-05:00,0000773840,2011-09-30,2011-10-21T23:59:59-04:00,773497365,dei:EntityCommonStockSharesOutstanding,10-Q,0000930413-11-006765,2011-10-21,98,A,https://data.sec.gov/api/xbrl/companyconcept/CIK0000773840/dei/EntityCommonStockSharesOutstanding.json#accn=0000930413-11-006765;end=2011-09-30,,,RESOLVED,,1
539,IBKC,2012-01-06,2012-01-06T13:23:00-05:00,0000933141,2011-11-04,2011-11-09T23:59:59-05:00,29355092,dei:EntityCommonStockSharesOutstanding,10-Q,0001193125-11-304318,2011-11-09,63,A,https://data.sec.gov/api/xbrl/companyconcept/CIK0000933141/dei/EntityCommonStockSharesOutstanding.json#accn=0001193125-11-304318;end=2011-11-04,,,RESOLVED,,1
540,IDXX,2012-01-06,2012-01-06T13:17:00-05:00,0000874716,2011-10-14,2011-10-21T23:59:59-04:00,56148671,dei:EntityCommonStockSharesOutstanding,10-Q,0001144204-11-058861,2011-10-21,84,A,https://data.sec.gov/api/xbrl/companyconcept/CIK0000874716/dei/EntityCommonStockSharesOutstanding.json#accn=0001144204-11-058861;end=2011-10-14,,,RESOLVED,,1
541,IGT,2012-01-06,2012-01-06T15:01:00-05:00,0000353944,2011-11-28,2011-11-30T23:59:59-05:00,297600000,dei:EntityCommonStockSharesOutstanding,10-K,0001437749-11-009067,2011-11-30,39,A,https://data.sec.gov/api/xbrl/companyconcept/CIK0000353944/dei/EntityCommonStockSharesOutstanding.json#accn=0001437749-11-009067;end=2011-11-28,,,RESOLVED,,1
542,ISSI,2012-01-06,2012-01-06T14:21:00-05:00,0000854701,2011-12-09,2011-12-14T23:59:59-05:00,26339358,dei:EntityCommonStockSharesOutstanding,10-K,0001445305-11-003586,2011-12-14,28,A,https://data.sec.gov/api/xbrl/companyconcept/CIK0000854701/dei/EntityCommonStockSharesOutstanding.json#accn=0001445305-11-003586;end=2011-12-09,,,RESOLVED,,1
543,MDP,2012-01-06,2012-01-06T14:09:00-05:00,0000065011,2011-09-30,2011-10-26T23:59:59-04:00,44967123,sec_cover_page,10-Q,0000065011-11-000086,2011-10-26,98,A,https://www.sec.gov/Archives/edgar/data/65011/000006501111000086/fy12q1sept10-q.htm,,,RESOLVED,,1
544,MSCC,2012-01-06,2012-01-06T14:21:00-05:00,0000310568,2011-11-14,2011-11-23T23:59:59-05:00,86851848,dei:EntityCommonStockSharesOutstanding,10-K,0001193125-11-320952,2011-11-23,53,A,https://data.sec.gov/api/xbrl/companyconcept/CIK0000310568/dei/EntityCommonStockSharesOutstanding.json#accn=0001193125-11-320952;end=2011-11-14,,,RESOLVED,,1
545,MUSA,2012-01-06,2012-01-06T11:51:00-05:00,0001362491,2011-11-14,2011-11-14T23:59:59-05:00,37058507,dei:EntityCommonStockSharesOutstanding,10-Q,0001193125-11-310967,2011-11-14,53,A,https://data.sec.gov/api/xbrl/companyconcept/CIK0001362491/dei/EntityCommonStockSharesOutstanding.json#accn=0001193125-11-310967;end=2011-11-14,,,RESOLVED,,1
546,MXIM,2012-01-06,2012-01-06T11:14:00-05:00,0000743316,2011-10-14,2011-10-26T23:59:59-04:00,291713630,dei:EntityCommonStockSharesOutstanding,10-Q,0001445305-11-003070,2011-10-26,84,A,https://data.sec.gov/api/xbrl/companyconcept/CIK0000743316/dei/EntityCommonStockSharesOutstanding.json#accn=0001445305-11-003070;end=2011-10-14,,,RESOLVED,,1
547,NVR,2012-01-06,2012-01-06T15:26:00-05:00,0000906163,2011-10-25,2011-10-28T23:59:59-04:00,4976408,dei:EntityCommonStockSharesOutstanding,10-Q,0001193125-11-286412,2011-10-28,73,A,https://data.sec.gov/api/xbrl/companyconcept/CIK0000906163/dei/EntityCommonStockSharesOutstanding.json#accn=0001193125-11-286412;end=2011-10-25,,,RESOLVED,,1
548,RES,2012-01-06,2012-01-06T14:50:00-05:00,0000742278,2011-10-20,2011-11-03T23:59:59-04:00,148313708,dei:EntityCommonStockSharesOutstanding,10-Q,0001188112-11-003049,2011-11-03,78,A,https://data.sec.gov/api/xbrl/companyconcept/CIK0000742278/dei/EntityCommonStockSharesOutstanding.json#accn=0001188112-11-003049;end=2011-10-20,,,RESOLVED,,1
549,ROL,2012-01-06,2012-01-06T09:44:00-05:00,0000084839,2011-10-15,2011-10-28T23:59:59-04:00,146291631,dei:EntityCommonStockSharesOutstanding,10-Q,0001104659-11-058676,2011-10-28,83,A,https://data.sec.gov/api/xbrl/companyconcept/CIK0000084839/dei/EntityCommonStockSharesOutstanding.json#accn=0001104659-11-058676;end=2011-10-15,,,RESOLVED,,1
550,SYMM,2012-01-06,2012-01-06T14:24:00-05:00,0000082628,2011-10-30,2011-11-10T23:59:59-05:00,42729345,dei:EntityCommonStockSharesOutstanding,10-Q,0001193125-11-307199,2011-11-10,68,A,https://data.sec.gov/api/xbrl/companyconcept/CIK0000082628/dei/EntityCommonStockSharesOutstanding.json#accn=0001193125-11-307199;end=2011-10-30,,,RESOLVED,,1
551,VAR,2012-01-06,2012-01-06T12:16:00-05:00,0000203527,2011-11-15,2011-11-23T23:59:59-05:00,112557988,dei:EntityCommonStockSharesOutstanding,10-K,0001193125-11-321337,2011-11-23,52,A,https://data.sec.gov/api/xbrl/companyconcept/CIK0000203527/dei/EntityCommonStockSharesOutstanding.json#accn=0001193125-11-321337;end=2011-11-15,,,RESOLVED,,1
552,WRLD,2012-01-06,2012-01-06T15:23:00-05:00,0000108385,2011-09-30,2011-11-01T23:59:59-04:00,14642565,dei:EntityCommonStockSharesOutstanding,10-Q,0001140361-11-051060,2011-11-01,98,A,https://data.sec.gov/api/xbrl/companyconcept/CIK0000108385/dei/EntityCommonStockSharesOutstanding.json#accn=0001140361-11-051060;end=2011-09-30,,,RESOLVED,,1
553,AF,2012-01-09,2012-01-09T14:48:00-05:00,0000910322,2011-10-27,2011-11-04T23:59:59-04:00,98537391,dei:EntityCommonStockSharesOutstanding,10-Q,0001144204-11-061380,2011-11-04,74,A,https://data.sec.gov/api/xbrl/companyconcept/CIK0000910322/dei/EntityCommonStockSharesOutstanding.json#accn=0001144204-11-061380;end=2011-10-27,,,RESOLVED,,1
554,BA,2012-01-09,2012-01-09T14:49:00-05:00,0000012927,2011-10-19,2011-10-26T23:59:59-04:00,743234446,dei:EntityCommonStockSharesOutstanding,10-Q,0001193125-11-281613,2011-10-26,82,A,https://data.sec.gov/api/xbrl/companyconcept/CIK0000012927/dei/EntityCommonStockSharesOutstanding.json#accn=0001193125-11-281613;end=2011-10-19,,,RESOLVED,,1
555,CA,2012-01-09,2012-01-09T13:02:00-05:00,0000356028,2011-10-20,2011-10-27T23:59:59-04:00,493391769,dei:EntityCommonStockSharesOutstanding,10-Q,0000950123-11-092486,2011-10-27,81,A,https://data.sec.gov/api/xbrl/companyconcept/CIK0000356028/dei/EntityCommonStockSharesOutstanding.json#accn=0000950123-11-092486;end=2011-10-20,,,RESOLVED,,1
556,CAT,2012-01-09,2012-01-09T14:05:00-05:00,0000018230,2011-09-30,2011-11-04T23:59:59-04:00,646620369,dei:EntityCommonStockSharesOutstanding,10-Q,0001104659-11-060986,2011-11-04,101,A,https://data.sec.gov/api/xbrl/companyconcept/CIK0000018230/dei/EntityCommonStockSharesOutstanding.json#accn=0001104659-11-060986;end=2011-09-30,,,RESOLVED,,1
557,CB,2012-01-09,2012-01-09T11:47:00-05:00,0000020171,2011-09-30,2011-11-07T23:59:59-05:00,278071725,dei:EntityCommonStockSharesOutstanding,10-Q,0000950123-11-095953,2011-11-07,101,A,https://data.sec.gov/api/xbrl/companyconcept/CIK0000020171/dei/EntityCommonStockSharesOutstanding.json#accn=0000950123-11-095953;end=2011-09-30,,,RESOLVED,,1
558,DEST,2012-01-09,2012-01-09T15:04:00-05:00,0000896985,2011-12-05,2011-12-14T23:59:59-05:00,13275477,dei:EntityCommonStockSharesOutstanding,10-K,0001193125-11-340461,2011-12-14,35,A,https://data.sec.gov/api/xbrl/companyconcept/CIK0000896985/dei/EntityCommonStockSharesOutstanding.json#accn=0001193125-11-340461;end=2011-12-05,,,RESOLVED,,1
559,HAE,2012-01-09,2012-01-09T15:25:00-05:00,0000313143,2011-10-01,2011-11-03T23:59:59-04:00,24981455,dei:EntityCommonStockSharesOutstanding,10-Q,0000950123-11-094857,2011-11-03,100,A,https://data.sec.gov/api/xbrl/companyconcept/CIK0000313143/dei/EntityCommonStockSharesOutstanding.json#accn=0000950123-11-094857;end=2011-10-01,,,RESOLVED,,1
560,HON,2012-01-09,2012-01-09T15:23:00-05:00,0000773840,2011-09-30,2011-10-21T23:59:59-04:00,773497365,dei:EntityCommonStockSharesOutstanding,10-Q,0000930413-11-006765,2011-10-21,101,A,https://data.sec.gov/api/xbrl/companyconcept/CIK0000773840/dei/EntityCommonStockSharesOutstanding.json#accn=0000930413-11-006765;end=2011-09-30,,,RESOLVED,,1
561,IBKC,2012-01-09,2012-01-09T13:23:00-05:00,0000933141,2011-11-04,2011-11-09T23:59:59-05:00,29355092,dei:EntityCommonStockSharesOutstanding,10-Q,0001193125-11-304318,2011-11-09,66,A,https://data.sec.gov/api/xbrl/companyconcept/CIK0000933141/dei/EntityCommonStockSharesOutstanding.json#accn=0001193125-11-304318;end=2011-11-04,,,RESOLVED,,1
562,IDXX,2012-01-09,2012-01-09T13:17:00-05:00,0000874716,2011-10-14,2011-10-21T23:59:59-04:00,56148671,dei:EntityCommonStockSharesOutstanding,10-Q,0001144204-11-058861,2011-10-21,87,A,https://data.sec.gov/api/xbrl/companyconcept/CIK0000874716/dei/EntityCommonStockSharesOutstanding.json#accn=0001144204-11-058861;end=2011-10-14,,,RESOLVED,,1
563,IGT,2012-01-09,2012-01-09T15:01:00-05:00,0000353944,2011-11-28,2011-11-30T23:59:59-05:00,297600000,dei:EntityCommonStockSharesOutstanding,10-K,0001437749-11-009067,2011-11-30,42,A,https://data.sec.gov/api/xbrl/companyconcept/CIK0000353944/dei/EntityCommonStockSharesOutstanding.json#accn=0001437749-11-009067;end=2011-11-28,,,RESOLVED,,1
564,ISSI,2012-01-09,2012-01-09T14:21:00-05:00,0000854701,2011-12-09,2011-12-14T23:59:59-05:00,26339358,dei:EntityCommonStockSharesOutstanding,10-K,0001445305-11-003586,2011-12-14,31,A,https://data.sec.gov/api/xbrl/companyconcept/CIK0000854701/dei/EntityCommonStockSharesOutstanding.json#accn=0001445305-11-003586;end=2011-12-09,,,RESOLVED,,1
565,MDP,2012-01-09,2012-01-09T14:09:00-05:00,0000065011,2011-09-30,2011-10-26T23:59:59-04:00,44967123,sec_cover_page,10-Q,0000065011-11-000086,2011-10-26,101,A,https://www.sec.gov/Archives/edgar/data/65011/000006501111000086/fy12q1sept10-q.htm,,,RESOLVED,,1
566,MSCC,2012-01-09,2012-01-09T14:21:00-05:00,0000310568,2011-11-14,2011-11-23T23:59:59-05:00,86851848,dei:EntityCommonStockSharesOutstanding,10-K,0001193125-11-320952,2011-11-23,56,A,https://data.sec.gov/api/xbrl/companyconcept/CIK0000310568/dei/EntityCommonStockSharesOutstanding.json#accn=0001193125-11-320952;end=2011-11-14,,,RESOLVED,,1
567,MUSA,2012-01-09,2012-01-09T11:51:00-05:00,0001362491,2011-11-14,2011-11-14T23:59:59-05:00,37058507,dei:EntityCommonStockSharesOutstanding,10-Q,0001193125-11-310967,2011-11-14,56,A,https://data.sec.gov/api/xbrl/companyconcept/CIK0001362491/dei/EntityCommonStockSharesOutstanding.json#accn=0001193125-11-310967;end=2011-11-14,,,RESOLVED,,1
568,MXIM,2012-01-09,2012-01-09T11:14:00-05:00,0000743316,2011-10-14,2011-10-26T23:59:59-04:00,291713630,dei:EntityCommonStockSharesOutstanding,10-Q,0001445305-11-003070,2011-10-26,87,A,https://data.sec.gov/api/xbrl/companyconcept/CIK0000743316/dei/EntityCommonStockSharesOutstanding.json#accn=0001445305-11-003070;end=2011-10-14,,,RESOLVED,,1
569,NVR,2012-01-09,2012-01-09T15:26:00-05:00,0000906163,2011-10-25,2011-10-28T23:59:59-04:00,4976408,dei:EntityCommonStockSharesOutstanding,10-Q,0001193125-11-286412,2011-10-28,76,A,https://data.sec.gov/api/xbrl/companyconcept/CIK0000906163/dei/EntityCommonStockSharesOutstanding.json#accn=0001193125-11-286412;end=2011-10-25,,,RESOLVED,,1
570,RES,2012-01-09,2012-01-09T14:50:00-05:00,0000742278,2011-10-20,2011-11-03T23:59:59-04:00,148313708,dei:EntityCommonStockSharesOutstanding,10-Q,0001188112-11-003049,2011-11-03,81,A,https://data.sec.gov/api/xbrl/companyconcept/CIK0000742278/dei/EntityCommonStockSharesOutstanding.json#accn=0001188112-11-003049;end=2011-10-20,,,RESOLVED,,1
571,ROL,2012-01-09,2012-01-09T09:44:00-05:00,0000084839,2011-10-15,2011-10-28T23:59:59-04:00,146291631,dei:EntityCommonStockSharesOutstanding,10-Q,0001104659-11-058676,2011-10-28,86,A,https://data.sec.gov/api/xbrl/companyconcept/CIK0000084839/dei/EntityCommonStockSharesOutstanding.json#accn=0001104659-11-058676;end=2011-10-15,,,RESOLVED,,1
572,SYMM,2012-01-09,2012-01-09T14:24:00-05:00,0000082628,2011-10-30,2011-11-10T23:59:59-05:00,42729345,dei:EntityCommonStockSharesOutstanding,10-Q,0001193125-11-307199,2011-11-10,71,A,https://data.sec.gov/api/xbrl/companyconcept/CIK0000082628/dei/EntityCommonStockSharesOutstanding.json#accn=0001193125-11-307199;end=2011-10-30,,,RESOLVED,,1
573,VAR,2012-01-09,2012-01-09T12:16:00-05:00,0000203527,2011-11-15,2011-11-23T23:59:59-05:00,112557988,dei:EntityCommonStockSharesOutstanding,10-K,0001193125-11-321337,2011-11-23,55,A,https://data.sec.gov/api/xbrl/companyconcept/CIK0000203527/dei/EntityCommonStockSharesOutstanding.json#accn=0001193125-11-321337;end=2011-11-15,,,RESOLVED,,1
574,WRLD,2012-01-09,2012-01-09T15:23:00-05:00,0000108385,2011-09-30,2011-11-01T23:59:59-04:00,14642565,dei:EntityCommonStockSharesOutstanding,10-Q,0001140361-11-051060,2011-11-01,101,A,https://data.sec.gov/api/xbrl/companyconcept/CIK0000108385/dei/EntityCommonStockSharesOutstanding.json#accn=0001140361-11-051060;end=2011-09-30,,,RESOLVED,,1
575,AF,2012-01-10,2012-01-10T14:48:00-05:00,0000910322,2011-10-27,2011-11-04T23:59:59-04:00,98537391,dei:EntityCommonStockSharesOutstanding,10-Q,0001144204-11-061380,2011-11-04,75,A,https://data.sec.gov/api/xbrl/companyconcept/CIK0000910322/dei/EntityCommonStockSharesOutstanding.json#accn=0001144204-11-061380;end=2011-10-27,,,RESOLVED,,1
576,BA,2012-01-10,2012-01-10T14:49:00-05:00,0000012927,2011-10-19,2011-10-26T23:59:59-04:00,743234446,dei:EntityCommonStockSharesOutstanding,10-Q,0001193125-11-281613,2011-10-26,83,A,https://data.sec.gov/api/xbrl/companyconcept/CIK0000012927/dei/EntityCommonStockSharesOutstanding.json#accn=0001193125-11-281613;end=2011-10-19,,,RESOLVED,,1
577,CA,2012-01-10,2012-01-10T13:02:00-05:00,0000356028,2011-10-20,2011-10-27T23:59:59-04:00,493391769,dei:EntityCommonStockSharesOutstanding,10-Q,0000950123-11-092486,2011-10-27,82,A,https://data.sec.gov/api/xbrl/companyconcept/CIK0000356028/dei/EntityCommonStockSharesOutstanding.json#accn=0000950123-11-092486;end=2011-10-20,,,RESOLVED,,1
578,CAT,2012-01-10,2012-01-10T14:05:00-05:00,0000018230,2011-09-30,2011-11-04T23:59:59-04:00,646620369,dei:EntityCommonStockSharesOutstanding,10-Q,0001104659-11-060986,2011-11-04,102,A,https://data.sec.gov/api/xbrl/companyconcept/CIK0000018230/dei/EntityCommonStockSharesOutstanding.json#accn=0001104659-11-060986;end=2011-09-30,,,RESOLVED,,1
579,CB,2012-01-10,2012-01-10T11:47:00-05:00,0000020171,2011-09-30,2011-11-07T23:59:59-05:00,278071725,dei:EntityCommonStockSharesOutstanding,10-Q,0000950123-11-095953,2011-11-07,102,A,https://data.sec.gov/api/xbrl/companyconcept/CIK0000020171/dei/EntityCommonStockSharesOutstanding.json#accn=0000950123-11-095953;end=2011-09-30,,,RESOLVED,,1
580,DEST,2012-01-10,2012-01-10T15:04:00-05:00,0000896985,2011-12-05,2011-12-14T23:59:59-05:00,13275477,dei:EntityCommonStockSharesOutstanding,10-K,0001193125-11-340461,2011-12-14,36,A,https://data.sec.gov/api/xbrl/companyconcept/CIK0000896985/dei/EntityCommonStockSharesOutstanding.json#accn=0001193125-11-340461;end=2011-12-05,,,RESOLVED,,1
581,HAE,2012-01-10,2012-01-10T15:25:00-05:00,0000313143,2011-10-01,2011-11-03T23:59:59-04:00,24981455,dei:EntityCommonStockSharesOutstanding,10-Q,0000950123-11-094857,2011-11-03,101,A,https://data.sec.gov/api/xbrl/companyconcept/CIK0000313143/dei/EntityCommonStockSharesOutstanding.json#accn=0000950123-11-094857;end=2011-10-01,,,RESOLVED,,1
582,HON,2012-01-10,2012-01-10T15:23:00-05:00,0000773840,2011-09-30,2011-10-21T23:59:59-04:00,773497365,dei:EntityCommonStockSharesOutstanding,10-Q,0000930413-11-006765,2011-10-21,102,A,https://data.sec.gov/api/xbrl/companyconcept/CIK0000773840/dei/EntityCommonStockSharesOutstanding.json#accn=0000930413-11-006765;end=2011-09-30,,,RESOLVED,,1
583,IBKC,2012-01-10,2012-01-10T13:23:00-05:00,0000933141,2011-11-04,2011-11-09T23:59:59-05:00,29355092,dei:EntityCommonStockSharesOutstanding,10-Q,0001193125-11-304318,2011-11-09,67,A,https://data.sec.gov/api/xbrl/companyconcept/CIK0000933141/dei/EntityCommonStockSharesOutstanding.json#accn=0001193125-11-304318;end=2011-11-04,,,RESOLVED,,1
584,IDXX,2012-01-10,2012-01-10T13:17:00-05:00,0000874716,2011-10-14,2011-10-21T23:59:59-04:00,56148671,dei:EntityCommonStockSharesOutstanding,10-Q,0001144204-11-058861,2011-10-21,88,A,https://data.sec.gov/api/xbrl/companyconcept/CIK0000874716/dei/EntityCommonStockSharesOutstanding.json#accn=0001144204-11-058861;end=2011-10-14,,,RESOLVED,,1
585,IGT,2012-01-10,2012-01-10T15:01:00-05:00,0000353944,2011-11-28,2011-11-30T23:59:59-05:00,297600000,dei:EntityCommonStockSharesOutstanding,10-K,0001437749-11-009067,2011-11-30,43,A,https://data.sec.gov/api/xbrl/companyconcept/CIK0000353944/dei/EntityCommonStockSharesOutstanding.json#accn=0001437749-11-009067;end=2011-11-28,,,RESOLVED,,1
586,ISSI,2012-01-10,2012-01-10T14:21:00-05:00,0000854701,2011-12-09,2011-12-14T23:59:59-05:00,26339358,dei:EntityCommonStockSharesOutstanding,10-K,0001445305-11-003586,2011-12-14,32,A,https://data.sec.gov/api/xbrl/companyconcept/CIK0000854701/dei/EntityCommonStockSharesOutstanding.json#accn=0001445305-11-003586;end=2011-12-09,,,RESOLVED,,1
587,MDP,2012-01-10,2012-01-10T14:09:00-05:00,0000065011,2011-09-30,2011-10-26T23:59:59-04:00,44967123,sec_cover_page,10-Q,0000065011-11-000086,2011-10-26,102,A,https://www.sec.gov/Archives/edgar/data/65011/000006501111000086/fy12q1sept10-q.htm,,,RESOLVED,,1
588,MSCC,2012-01-10,2012-01-10T14:21:00-05:00,0000310568,2011-11-14,2011-11-23T23:59:59-05:00,86851848,dei:EntityCommonStockSharesOutstanding,10-K,0001193125-11-320952,2011-11-23,57,A,https://data.sec.gov/api/xbrl/companyconcept/CIK0000310568/dei/EntityCommonStockSharesOutstanding.json#accn=0001193125-11-320952;end=2011-11-14,,,RESOLVED,,1
589,MUSA,2012-01-10,2012-01-10T11:51:00-05:00,0001362491,2011-11-14,2011-11-14T23:59:59-05:00,37058507,dei:EntityCommonStockSharesOutstanding,10-Q,0001193125-11-310967,2011-11-14,57,A,https://data.sec.gov/api/xbrl/companyconcept/CIK0001362491/dei/EntityCommonStockSharesOutstanding.json#accn=0001193125-11-310967;end=2011-11-14,,,RESOLVED,,1
590,MXIM,2012-01-10,2012-01-10T11:14:00-05:00,0000743316,2011-10-14,2011-10-26T23:59:59-04:00,291713630,dei:EntityCommonStockSharesOutstanding,10-Q,0001445305-11-003070,2011-10-26,88,A,https://data.sec.gov/api/xbrl/companyconcept/CIK0000743316/dei/EntityCommonStockSharesOutstanding.json#accn=0001445305-11-003070;end=2011-10-14,,,RESOLVED,,1
591,NVR,2012-01-10,2012-01-10T15:26:00-05:00,0000906163,2011-10-25,2011-10-28T23:59:59-04:00,4976408,dei:EntityCommonStockSharesOutstanding,10-Q,0001193125-11-286412,2011-10-28,77,A,https://data.sec.gov/api/xbrl/companyconcept/CIK0000906163/dei/EntityCommonStockSharesOutstanding.json#accn=0001193125-11-286412;end=2011-10-25,,,RESOLVED,,1
592,RES,2012-01-10,2012-01-10T14:50:00-05:00,0000742278,2011-10-20,2011-11-03T23:59:59-04:00,148313708,dei:EntityCommonStockSharesOutstanding,10-Q,0001188112-11-003049,2011-11-03,82,A,https://data.sec.gov/api/xbrl/companyconcept/CIK0000742278/dei/EntityCommonStockSharesOutstanding.json#accn=0001188112-11-003049;end=2011-10-20,,,RESOLVED,,1
593,ROL,2012-01-10,2012-01-10T09:44:00-05:00,0000084839,2011-10-15,2011-10-28T23:59:59-04:00,146291631,dei:EntityCommonStockSharesOutstanding,10-Q,0001104659-11-058676,2011-10-28,87,A,https://data.sec.gov/api/xbrl/companyconcept/CIK0000084839/dei/EntityCommonStockSharesOutstanding.json#accn=0001104659-11-058676;end=2011-10-15,,,RESOLVED,,1
594,SYMM,2012-01-10,2012-01-10T14:24:00-05:00,0000082628,2011-10-30,2011-11-10T23:59:59-05:00,42729345,dei:EntityCommonStockSharesOutstanding,10-Q,0001193125-11-307199,2011-11-10,72,A,https://data.sec.gov/api/xbrl/companyconcept/CIK0000082628/dei/EntityCommonStockSharesOutstanding.json#accn=0001193125-11-307199;end=2011-10-30,,,RESOLVED,,1
595,VAR,2012-01-10,2012-01-10T12:16:00-05:00,0000203527,2011-11-15,2011-11-23T23:59:59-05:00,112557988,dei:EntityCommonStockSharesOutstanding,10-K,0001193125-11-321337,2011-11-23,56,A,https://data.sec.gov/api/xbrl/companyconcept/CIK0000203527/dei/EntityCommonStockSharesOutstanding.json#accn=0001193125-11-321337;end=2011-11-15,,,RESOLVED,,1
596,WRLD,2012-01-10,2012-01-10T15:23:00-05:00,0000108385,2011-09-30,2011-11-01T23:59:59-04:00,14642565,dei:EntityCommonStockSharesOutstanding,10-Q,0001140361-11-051060,2011-11-01,102,A,https://data.sec.gov/api/xbrl/companyconcept/CIK0000108385/dei/EntityCommonStockSharesOutstanding.json#accn=0001140361-11-051060;end=2011-09-30,,,RESOLVED,,1
597,AF,2012-01-11,2012-01-11T14:48:00-05:00,0000910322,2011-10-27,2011-11-04T23:59:59-04:00,98537391,dei:EntityCommonStockSharesOutstanding,10-Q,0001144204-11-061380,2011-11-04,76,A,https://data.sec.gov/api/xbrl/companyconcept/CIK0000910322/dei/EntityCommonStockSharesOutstanding.json#accn=0001144204-11-061380;end=2011-10-27,,,RESOLVED,,1
598,BA,2012-01-11,2012-01-11T14:49:00-05:00,0000012927,2011-10-19,2011-10-26T23:59:59-04:00,743234446,dei:EntityCommonStockSharesOutstanding,10-Q,0001193125-11-281613,2011-10-26,84,A,https://data.sec.gov/api/xbrl/companyconcept/CIK0000012927/dei/EntityCommonStockSharesOutstanding.json#accn=0001193125-11-281613;end=2011-10-19,,,RESOLVED,,1
599,CA,2012-01-11,2012-01-11T13:02:00-05:00,0000356028,2011-10-20,2011-10-27T23:59:59-04:00,493391769,dei:EntityCommonStockSharesOutstanding,10-Q,0000950123-11-092486,2011-10-27,83,A,https://data.sec.gov/api/xbrl/companyconcept/CIK0000356028/dei/EntityCommonStockSharesOutstanding.json#accn=0000950123-11-092486;end=2011-10-20,,,RESOLVED,,1
600,CAT,2012-01-11,2012-01-11T14:05:00-05:00,0000018230,2011-09-30,2011-11-04T23:59:59-04:00,646620369,dei:EntityCommonStockSharesOutstanding,10-Q,0001104659-11-060986,2011-11-04,103,A,https://data.sec.gov/api/xbrl/companyconcept/CIK0000018230/dei/EntityCommonStockSharesOutstanding.json#accn=0001104659-11-060986;end=2011-09-30,,,RESOLVED,,1
601,CB,2012-01-11,2012-01-11T11:47:00-05:00,0000020171,2011-09-30,2011-11-07T23:59:59-05:00,278071725,dei:EntityCommonStockSharesOutstanding,10-Q,0000950123-11-095953,2011-11-07,103,A,https://data.sec.gov/api/xbrl/companyconcept/CIK0000020171/dei/EntityCommonStockSharesOutstanding.json#accn=0000950123-11-095953;end=2011-09-30,,,RESOLVED,,1
602,DEST,2012-01-11,2012-01-11T15:04:00-05:00,0000896985,2011-12-05,2011-12-14T23:59:59-05:00,13275477,dei:EntityCommonStockSharesOutstanding,10-K,0001193125-11-340461,2011-12-14,37,A,https://data.sec.gov/api/xbrl/companyconcept/CIK0000896985/dei/EntityCommonStockSharesOutstanding.json#accn=0001193125-11-340461;end=2011-12-05,,,RESOLVED,,1
603,HAE,2012-01-11,2012-01-11T15:25:00-05:00,0000313143,2011-10-01,2011-11-03T23:59:59-04:00,24981455,dei:EntityCommonStockSharesOutstanding,10-Q,0000950123-11-094857,2011-11-03,102,A,https://data.sec.gov/api/xbrl/companyconcept/CIK0000313143/dei/EntityCommonStockSharesOutstanding.json#accn=0000950123-11-094857;end=2011-10-01,,,RESOLVED,,1
604,HON,2012-01-11,2012-01-11T15:23:00-05:00,0000773840,2011-09-30,2011-10-21T23:59:59-04:00,773497365,dei:EntityCommonStockSharesOutstanding,10-Q,0000930413-11-006765,2011-10-21,103,A,https://data.sec.gov/api/xbrl/companyconcept/CIK0000773840/dei/EntityCommonStockSharesOutstanding.json#accn=0000930413-11-006765;end=2011-09-30,,,RESOLVED,,1
605,IBKC,2012-01-11,2012-01-11T13:23:00-05:00,0000933141,2011-11-04,2011-11-09T23:59:59-05:00,29355092,dei:EntityCommonStockSharesOutstanding,10-Q,0001193125-11-304318,2011-11-09,68,A,https://data.sec.gov/api/xbrl/companyconcept/CIK0000933141/dei/EntityCommonStockSharesOutstanding.json#accn=0001193125-11-304318;end=2011-11-04,,,RESOLVED,,1
606,IDXX,2012-01-11,2012-01-11T13:17:00-05:00,0000874716,2011-10-14,2011-10-21T23:59:59-04:00,56148671,dei:EntityCommonStockSharesOutstanding,10-Q,0001144204-11-058861,2011-10-21,89,A,https://data.sec.gov/api/xbrl/companyconcept/CIK0000874716/dei/EntityCommonStockSharesOutstanding.json#accn=0001144204-11-058861;end=2011-10-14,,,RESOLVED,,1
607,IGT,2012-01-11,2012-01-11T15:01:00-05:00,0000353944,2011-11-28,2011-11-30T23:59:59-05:00,297600000,dei:EntityCommonStockSharesOutstanding,10-K,0001437749-11-009067,2011-11-30,44,A,https://data.sec.gov/api/xbrl/companyconcept/CIK0000353944/dei/EntityCommonStockSharesOutstanding.json#accn=0001437749-11-009067;end=2011-11-28,,,RESOLVED,,1
608,ISSI,2012-01-11,2012-01-11T14:21:00-05:00,0000854701,2011-12-09,2011-12-14T23:59:59-05:00,26339358,dei:EntityCommonStockSharesOutstanding,10-K,0001445305-11-003586,2011-12-14,33,A,https://data.sec.gov/api/xbrl/companyconcept/CIK0000854701/dei/EntityCommonStockSharesOutstanding.json#accn=0001445305-11-003586;end=2011-12-09,,,RESOLVED,,1
609,MDP,2012-01-11,2012-01-11T14:09:00-05:00,0000065011,2011-09-30,2011-10-26T23:59:59-04:00,44967123,sec_cover_page,10-Q,0000065011-11-000086,2011-10-26,103,A,https://www.sec.gov/Archives/edgar/data/65011/000006501111000086/fy12q1sept10-q.htm,,,RESOLVED,,1
610,MSCC,2012-01-11,2012-01-11T14:21:00-05:00,0000310568,2011-11-14,2011-11-23T23:59:59-05:00,86851848,dei:EntityCommonStockSharesOutstanding,10-K,0001193125-11-320952,2011-11-23,58,A,https://data.sec.gov/api/xbrl/companyconcept/CIK0000310568/dei/EntityCommonStockSharesOutstanding.json#accn=0001193125-11-320952;end=2011-11-14,,,RESOLVED,,1
611,MUSA,2012-01-11,2012-01-11T11:51:00-05:00,0001362491,2011-11-14,2011-11-14T23:59:59-05:00,37058507,dei:EntityCommonStockSharesOutstanding,10-Q,0001193125-11-310967,2011-11-14,58,A,https://data.sec.gov/api/xbrl/companyconcept/CIK0001362491/dei/EntityCommonStockSharesOutstanding.json#accn=0001193125-11-310967;end=2011-11-14,,,RESOLVED,,1
612,MXIM,2012-01-11,2012-01-11T11:14:00-05:00,0000743316,2011-10-14,2011-10-26T23:59:59-04:00,291713630,dei:EntityCommonStockSharesOutstanding,10-Q,0001445305-11-003070,2011-10-26,89,A,https://data.sec.gov/api/xbrl/companyconcept/CIK0000743316/dei/EntityCommonStockSharesOutstanding.json#accn=0001445305-11-003070;end=2011-10-14,,,RESOLVED,,1
613,NVR,2012-01-11,2012-01-11T15:26:00-05:00,0000906163,2011-10-25,2011-10-28T23:59:59-04:00,4976408,dei:EntityCommonStockSharesOutstanding,10-Q,0001193125-11-286412,2011-10-28,78,A,https://data.sec.gov/api/xbrl/companyconcept/CIK0000906163/dei/EntityCommonStockSharesOutstanding.json#accn=0001193125-11-286412;end=2011-10-25,,,RESOLVED,,1
614,RES,2012-01-11,2012-01-11T14:50:00-05:00,0000742278,2011-10-20,2011-11-03T23:59:59-04:00,148313708,dei:EntityCommonStockSharesOutstanding,10-Q,0001188112-11-003049,2011-11-03,83,A,https://data.sec.gov/api/xbrl/companyconcept/CIK0000742278/dei/EntityCommonStockSharesOutstanding.json#accn=0001188112-11-003049;end=2011-10-20,,,RESOLVED,,1
615,ROL,2012-01-11,2012-01-11T09:44:00-05:00,0000084839,2011-10-15,2011-10-28T23:59:59-04:00,146291631,dei:EntityCommonStockSharesOutstanding,10-Q,0001104659-11-058676,2011-10-28,88,A,https://data.sec.gov/api/xbrl/companyconcept/CIK0000084839/dei/EntityCommonStockSharesOutstanding.json#accn=0001104659-11-058676;end=2011-10-15,,,RESOLVED,,1
616,SYMM,2012-01-11,2012-01-11T14:24:00-05:00,0000082628,2011-10-30,2011-11-10T23:59:59-05:00,42729345,dei:EntityCommonStockSharesOutstanding,10-Q,0001193125-11-307199,2011-11-10,73,A,https://data.sec.gov/api/xbrl/companyconcept/CIK0000082628/dei/EntityCommonStockSharesOutstanding.json#accn=0001193125-11-307199;end=2011-10-30,,,RESOLVED,,1
617,VAR,2012-01-11,2012-01-11T12:16:00-05:00,0000203527,2011-11-15,2011-11-23T23:59:59-05:00,112557988,dei:EntityCommonStockSharesOutstanding,10-K,0001193125-11-321337,2011-11-23,57,A,https://data.sec.gov/api/xbrl/companyconcept/CIK0000203527/dei/EntityCommonStockSharesOutstanding.json#accn=0001193125-11-321337;end=2011-11-15,,,RESOLVED,,1
618,WRLD,2012-01-11,2012-01-11T15:23:00-05:00,0000108385,2011-09-30,2011-11-01T23:59:59-04:00,14642565,dei:EntityCommonStockSharesOutstanding,10-Q,0001140361-11-051060,2011-11-01,103,A,https://data.sec.gov/api/xbrl/companyconcept/CIK0000108385/dei/EntityCommonStockSharesOutstanding.json#accn=0001140361-11-051060;end=2011-09-30,,,RESOLVED,,1
619,AF,2012-01-12,2012-01-12T14:48:00-05:00,0000910322,2011-10-27,2011-11-04T23:59:59-04:00,98537391,dei:EntityCommonStockSharesOutstanding,10-Q,0001144204-11-061380,2011-11-04,77,A,https://data.sec.gov/api/xbrl/companyconcept/CIK0000910322/dei/EntityCommonStockSharesOutstanding.json#accn=0001144204-11-061380;end=2011-10-27,,,RESOLVED,,1
620,BA,2012-01-12,2012-01-12T14:49:00-05:00,0000012927,2011-10-19,2011-10-26T23:59:59-04:00,743234446,dei:EntityCommonStockSharesOutstanding,10-Q,0001193125-11-281613,2011-10-26,85,A,https://data.sec.gov/api/xbrl/companyconcept/CIK0000012927/dei/EntityCommonStockSharesOutstanding.json#accn=0001193125-11-281613;end=2011-10-19,,,RESOLVED,,1
621,CA,2012-01-12,2012-01-12T13:02:00-05:00,0000356028,2011-10-20,2011-10-27T23:59:59-04:00,493391769,dei:EntityCommonStockSharesOutstanding,10-Q,0000950123-11-092486,2011-10-27,84,A,https://data.sec.gov/api/xbrl/companyconcept/CIK0000356028/dei/EntityCommonStockSharesOutstanding.json#accn=0000950123-11-092486;end=2011-10-20,,,RESOLVED,,1
622,CAT,2012-01-12,2012-01-12T14:05:00-05:00,0000018230,2011-09-30,2011-11-04T23:59:59-04:00,646620369,dei:EntityCommonStockSharesOutstanding,10-Q,0001104659-11-060986,2011-11-04,104,A,https://data.sec.gov/api/xbrl/companyconcept/CIK0000018230/dei/EntityCommonStockSharesOutstanding.json#accn=0001104659-11-060986;end=2011-09-30,,,RESOLVED,,1
623,CB,2012-01-12,2012-01-12T11:47:00-05:00,0000020171,2011-09-30,2011-11-07T23:59:59-05:00,278071725,dei:EntityCommonStockSharesOutstanding,10-Q,0000950123-11-095953,2011-11-07,104,A,https://data.sec.gov/api/xbrl/companyconcept/CIK0000020171/dei/EntityCommonStockSharesOutstanding.json#accn=0000950123-11-095953;end=2011-09-30,,,RESOLVED,,1
624,DEST,2012-01-12,2012-01-12T15:04:00-05:00,0000896985,2011-12-05,2011-12-14T23:59:59-05:00,13275477,dei:EntityCommonStockSharesOutstanding,10-K,0001193125-11-340461,2011-12-14,38,A,https://data.sec.gov/api/xbrl/companyconcept/CIK0000896985/dei/EntityCommonStockSharesOutstanding.json#accn=0001193125-11-340461;end=2011-12-05,,,RESOLVED,,1
625,HAE,2012-01-12,2012-01-12T15:25:00-05:00,0000313143,2011-10-01,2011-11-03T23:59:59-04:00,24981455,dei:EntityCommonStockSharesOutstanding,10-Q,0000950123-11-094857,2011-11-03,103,A,https://data.sec.gov/api/xbrl/companyconcept/CIK0000313143/dei/EntityCommonStockSharesOutstanding.json#accn=0000950123-11-094857;end=2011-10-01,,,RESOLVED,,1
626,HON,2012-01-12,2012-01-12T15:23:00-05:00,0000773840,2011-09-30,2011-10-21T23:59:59-04:00,773497365,dei:EntityCommonStockSharesOutstanding,10-Q,0000930413-11-006765,2011-10-21,104,A,https://data.sec.gov/api/xbrl/companyconcept/CIK0000773840/dei/EntityCommonStockSharesOutstanding.json#accn=0000930413-11-006765;end=2011-09-30,,,RESOLVED,,1
627,IBKC,2012-01-12,2012-01-12T13:23:00-05:00,0000933141,2011-11-04,2011-11-09T23:59:59-05:00,29355092,dei:EntityCommonStockSharesOutstanding,10-Q,0001193125-11-304318,2011-11-09,69,A,https://data.sec.gov/api/xbrl/companyconcept/CIK0000933141/dei/EntityCommonStockSharesOutstanding.json#accn=0001193125-11-304318;end=2011-11-04,,,RESOLVED,,1
628,IDXX,2012-01-12,2012-01-12T13:17:00-05:00,0000874716,2011-10-14,2011-10-21T23:59:59-04:00,56148671,dei:EntityCommonStockSharesOutstanding,10-Q,0001144204-11-058861,2011-10-21,90,A,https://data.sec.gov/api/xbrl/companyconcept/CIK0000874716/dei/EntityCommonStockSharesOutstanding.json#accn=0001144204-11-058861;end=2011-10-14,,,RESOLVED,,1
629,IGT,2012-01-12,2012-01-12T15:01:00-05:00,0000353944,2011-11-28,2011-11-30T23:59:59-05:00,297600000,dei:EntityCommonStockSharesOutstanding,10-K,0001437749-11-009067,2011-11-30,45,A,https://data.sec.gov/api/xbrl/companyconcept/CIK0000353944/dei/EntityCommonStockSharesOutstanding.json#accn=0001437749-11-009067;end=2011-11-28,,,RESOLVED,,1
630,ISSI,2012-01-12,2012-01-12T14:21:00-05:00,0000854701,2011-12-09,2011-12-14T23:59:59-05:00,26339358,dei:EntityCommonStockSharesOutstanding,10-K,0001445305-11-003586,2011-12-14,34,A,https://data.sec.gov/api/xbrl/companyconcept/CIK0000854701/dei/EntityCommonStockSharesOutstanding.json#accn=0001445305-11-003586;end=2011-12-09,,,RESOLVED,,1
631,MDP,2012-01-12,2012-01-12T14:09:00-05:00,0000065011,2011-09-30,2011-10-26T23:59:59-04:00,44967123,sec_cover_page,10-Q,0000065011-11-000086,2011-10-26,104,A,https://www.sec.gov/Archives/edgar/data/65011/000006501111000086/fy12q1sept10-q.htm,,,RESOLVED,,1
632,MSCC,2012-01-12,2012-01-12T14:21:00-05:00,0000310568,2011-11-14,2011-11-23T23:59:59-05:00,86851848,dei:EntityCommonStockSharesOutstanding,10-K,0001193125-11-320952,2011-11-23,59,A,https://data.sec.gov/api/xbrl/companyconcept/CIK0000310568/dei/EntityCommonStockSharesOutstanding.json#accn=0001193125-11-320952;end=2011-11-14,,,RESOLVED,,1
633,MUSA,2012-01-12,2012-01-12T11:51:00-05:00,0001362491,2011-11-14,2011-11-14T23:59:59-05:00,37058507,dei:EntityCommonStockSharesOutstanding,10-Q,0001193125-11-310967,2011-11-14,59,A,https://data.sec.gov/api/xbrl/companyconcept/CIK0001362491/dei/EntityCommonStockSharesOutstanding.json#accn=0001193125-11-310967;end=2011-11-14,,,RESOLVED,,1
634,MXIM,2012-01-12,2012-01-12T11:14:00-05:00,0000743316,2011-10-14,2011-10-26T23:59:59-04:00,291713630,dei:EntityCommonStockSharesOutstanding,10-Q,0001445305-11-003070,2011-10-26,90,A,https://data.sec.gov/api/xbrl/companyconcept/CIK0000743316/dei/EntityCommonStockSharesOutstanding.json#accn=0001445305-11-003070;end=2011-10-14,,,RESOLVED,,1
635,NVR,2012-01-12,2012-01-12T15:26:00-05:00,0000906163,2011-10-25,2011-10-28T23:59:59-04:00,4976408,dei:EntityCommonStockSharesOutstanding,10-Q,0001193125-11-286412,2011-10-28,79,A,https://data.sec.gov/api/xbrl/companyconcept/CIK0000906163/dei/EntityCommonStockSharesOutstanding.json#accn=0001193125-11-286412;end=2011-10-25,,,RESOLVED,,1
636,RES,2012-01-12,2012-01-12T14:50:00-05:00,0000742278,2011-10-20,2011-11-03T23:59:59-04:00,148313708,dei:EntityCommonStockSharesOutstanding,10-Q,0001188112-11-003049,2011-11-03,84,A,https://data.sec.gov/api/xbrl/companyconcept/CIK0000742278/dei/EntityCommonStockSharesOutstanding.json#accn=0001188112-11-003049;end=2011-10-20,,,RESOLVED,,1
637,ROL,2012-01-12,2012-01-12T09:44:00-05:00,0000084839,2011-10-15,2011-10-28T23:59:59-04:00,146291631,dei:EntityCommonStockSharesOutstanding,10-Q,0001104659-11-058676,2011-10-28,89,A,https://data.sec.gov/api/xbrl/companyconcept/CIK0000084839/dei/EntityCommonStockSharesOutstanding.json#accn=0001104659-11-058676;end=2011-10-15,,,RESOLVED,,1
638,SYMM,2012-01-12,2012-01-12T14:24:00-05:00,0000082628,2011-10-30,2011-11-10T23:59:59-05:00,42729345,dei:EntityCommonStockSharesOutstanding,10-Q,0001193125-11-307199,2011-11-10,74,A,https://data.sec.gov/api/xbrl/companyconcept/CIK0000082628/dei/EntityCommonStockSharesOutstanding.json#accn=0001193125-11-307199;end=2011-10-30,,,RESOLVED,,1
639,VAR,2012-01-12,2012-01-12T12:16:00-05:00,0000203527,2011-11-15,2011-11-23T23:59:59-05:00,112557988,dei:EntityCommonStockSharesOutstanding,10-K,0001193125-11-321337,2011-11-23,58,A,https://data.sec.gov/api/xbrl/companyconcept/CIK0000203527/dei/EntityCommonStockSharesOutstanding.json#accn=0001193125-11-321337;end=2011-11-15,,,RESOLVED,,1
640,WRLD,2012-01-12,2012-01-12T15:23:00-05:00,0000108385,2011-09-30,2011-11-01T23:59:59-04:00,14642565,dei:EntityCommonStockSharesOutstanding,10-Q,0001140361-11-051060,2011-11-01,104,A,https://data.sec.gov/api/xbrl/companyconcept/CIK0000108385/dei/EntityCommonStockSharesOutstanding.json#accn=0001140361-11-051060;end=2011-09-30,,,RESOLVED,,1
641,AF,2012-01-13,2012-01-13T14:48:00-05:00,0000910322,2011-10-27,2011-11-04T23:59:59-04:00,98537391,dei:EntityCommonStockSharesOutstanding,10-Q,0001144204-11-061380,2011-11-04,78,A,https://data.sec.gov/api/xbrl/companyconcept/CIK0000910322/dei/EntityCommonStockSharesOutstanding.json#accn=0001144204-11-061380;end=2011-10-27,,,RESOLVED,,1
642,BA,2012-01-13,2012-01-13T14:49:00-05:00,0000012927,2011-10-19,2011-10-26T23:59:59-04:00,743234446,dei:EntityCommonStockSharesOutstanding,10-Q,0001193125-11-281613,2011-10-26,86,A,https://data.sec.gov/api/xbrl/companyconcept/CIK0000012927/dei/EntityCommonStockSharesOutstanding.json#accn=0001193125-11-281613;end=2011-10-19,,,RESOLVED,,1
643,CA,2012-01-13,2012-01-13T13:02:00-05:00,0000356028,2011-10-20,2011-10-27T23:59:59-04:00,493391769,dei:EntityCommonStockSharesOutstanding,10-Q,0000950123-11-092486,2011-10-27,85,A,https://data.sec.gov/api/xbrl/companyconcept/CIK0000356028/dei/EntityCommonStockSharesOutstanding.json#accn=0000950123-11-092486;end=2011-10-20,,,RESOLVED,,1
644,CAT,2012-01-13,2012-01-13T14:05:00-05:00,0000018230,2011-09-30,2011-11-04T23:59:59-04:00,646620369,dei:EntityCommonStockSharesOutstanding,10-Q,0001104659-11-060986,2011-11-04,105,A,https://data.sec.gov/api/xbrl/companyconcept/CIK0000018230/dei/EntityCommonStockSharesOutstanding.json#accn=0001104659-11-060986;end=2011-09-30,,,RESOLVED,,1
645,CB,2012-01-13,2012-01-13T11:47:00-05:00,0000020171,2011-09-30,2011-11-07T23:59:59-05:00,278071725,dei:EntityCommonStockSharesOutstanding,10-Q,0000950123-11-095953,2011-11-07,105,A,https://data.sec.gov/api/xbrl/companyconcept/CIK0000020171/dei/EntityCommonStockSharesOutstanding.json#accn=0000950123-11-095953;end=2011-09-30,,,RESOLVED,,1
646,DEST,2012-01-13,2012-01-13T15:04:00-05:00,0000896985,2011-12-05,2011-12-14T23:59:59-05:00,13275477,dei:EntityCommonStockSharesOutstanding,10-K,0001193125-11-340461,2011-12-14,39,A,https://data.sec.gov/api/xbrl/companyconcept/CIK0000896985/dei/EntityCommonStockSharesOutstanding.json#accn=0001193125-11-340461;end=2011-12-05,,,RESOLVED,,1
647,HAE,2012-01-13,2012-01-13T15:25:00-05:00,0000313143,2011-10-01,2011-11-03T23:59:59-04:00,24981455,dei:EntityCommonStockSharesOutstanding,10-Q,0000950123-11-094857,2011-11-03,104,A,https://data.sec.gov/api/xbrl/companyconcept/CIK0000313143/dei/EntityCommonStockSharesOutstanding.json#accn=0000950123-11-094857;end=2011-10-01,,,RESOLVED,,1
648,HON,2012-01-13,2012-01-13T15:23:00-05:00,0000773840,2011-09-30,2011-10-21T23:59:59-04:00,773497365,dei:EntityCommonStockSharesOutstanding,10-Q,0000930413-11-006765,2011-10-21,105,A,https://data.sec.gov/api/xbrl/companyconcept/CIK0000773840/dei/EntityCommonStockSharesOutstanding.json#accn=0000930413-11-006765;end=2011-09-30,,,RESOLVED,,1
649,IBKC,2012-01-13,2012-01-13T13:23:00-05:00,0000933141,2011-11-04,2011-11-09T23:59:59-05:00,29355092,dei:EntityCommonStockSharesOutstanding,10-Q,0001193125-11-304318,2011-11-09,70,A,https://data.sec.gov/api/xbrl/companyconcept/CIK0000933141/dei/EntityCommonStockSharesOutstanding.json#accn=0001193125-11-304318;end=2011-11-04,,,RESOLVED,,1
650,IDXX,2012-01-13,2012-01-13T13:17:00-05:00,0000874716,2011-10-14,2011-10-21T23:59:59-04:00,56148671,dei:EntityCommonStockSharesOutstanding,10-Q,0001144204-11-058861,2011-10-21,91,A,https://data.sec.gov/api/xbrl/companyconcept/CIK0000874716/dei/EntityCommonStockSharesOutstanding.json#accn=0001144204-11-058861;end=2011-10-14,,,RESOLVED,,1
651,IGT,2012-01-13,2012-01-13T15:01:00-05:00,0000353944,2011-11-28,2011-11-30T23:59:59-05:00,297600000,dei:EntityCommonStockSharesOutstanding,10-K,0001437749-11-009067,2011-11-30,46,A,https://data.sec.gov/api/xbrl/companyconcept/CIK0000353944/dei/EntityCommonStockSharesOutstanding.json#accn=0001437749-11-009067;end=2011-11-28,,,RESOLVED,,1
652,ISSI,2012-01-13,2012-01-13T14:21:00-05:00,0000854701,2011-12-09,2011-12-14T23:59:59-05:00,26339358,dei:EntityCommonStockSharesOutstanding,10-K,0001445305-11-003586,2011-12-14,35,A,https://data.sec.gov/api/xbrl/companyconcept/CIK0000854701/dei/EntityCommonStockSharesOutstanding.json#accn=0001445305-11-003586;end=2011-12-09,,,RESOLVED,,1
653,MDP,2012-01-13,2012-01-13T14:09:00-05:00,0000065011,2011-09-30,2011-10-26T23:59:59-04:00,44967123,sec_cover_page,10-Q,0000065011-11-000086,2011-10-26,105,A,https://www.sec.gov/Archives/edgar/data/65011/000006501111000086/fy12q1sept10-q.htm,,,RESOLVED,,1
654,MSCC,2012-01-13,2012-01-13T14:21:00-05:00,0000310568,2011-11-14,2011-11-23T23:59:59-05:00,86851848,dei:EntityCommonStockSharesOutstanding,10-K,0001193125-11-320952,2011-11-23,60,A,https://data.sec.gov/api/xbrl/companyconcept/CIK0000310568/dei/EntityCommonStockSharesOutstanding.json#accn=0001193125-11-320952;end=2011-11-14,,,RESOLVED,,1
655,MUSA,2012-01-13,2012-01-13T11:51:00-05:00,0001362491,2011-11-14,2011-11-14T23:59:59-05:00,37058507,dei:EntityCommonStockSharesOutstanding,10-Q,0001193125-11-310967,2011-11-14,60,A,https://data.sec.gov/api/xbrl/companyconcept/CIK0001362491/dei/EntityCommonStockSharesOutstanding.json#accn=0001193125-11-310967;end=2011-11-14,,,RESOLVED,,1
656,MXIM,2012-01-13,2012-01-13T11:14:00-05:00,0000743316,2011-10-14,2011-10-26T23:59:59-04:00,291713630,dei:EntityCommonStockSharesOutstanding,10-Q,0001445305-11-003070,2011-10-26,91,A,https://data.sec.gov/api/xbrl/companyconcept/CIK0000743316/dei/EntityCommonStockSharesOutstanding.json#accn=0001445305-11-003070;end=2011-10-14,,,RESOLVED,,1
657,NVR,2012-01-13,2012-01-13T15:26:00-05:00,0000906163,2011-10-25,2011-10-28T23:59:59-04:00,4976408,dei:EntityCommonStockSharesOutstanding,10-Q,0001193125-11-286412,2011-10-28,80,A,https://data.sec.gov/api/xbrl/companyconcept/CIK0000906163/dei/EntityCommonStockSharesOutstanding.json#accn=0001193125-11-286412;end=2011-10-25,,,RESOLVED,,1
658,RES,2012-01-13,2012-01-13T14:50:00-05:00,0000742278,2011-10-20,2011-11-03T23:59:59-04:00,148313708,dei:EntityCommonStockSharesOutstanding,10-Q,0001188112-11-003049,2011-11-03,85,A,https://data.sec.gov/api/xbrl/companyconcept/CIK0000742278/dei/EntityCommonStockSharesOutstanding.json#accn=0001188112-11-003049;end=2011-10-20,,,RESOLVED,,1
659,ROL,2012-01-13,2012-01-13T09:44:00-05:00,0000084839,2011-10-15,2011-10-28T23:59:59-04:00,146291631,dei:EntityCommonStockSharesOutstanding,10-Q,0001104659-11-058676,2011-10-28,90,A,https://data.sec.gov/api/xbrl/companyconcept/CIK0000084839/dei/EntityCommonStockSharesOutstanding.json#accn=0001104659-11-058676;end=2011-10-15,,,RESOLVED,,1
660,SYMM,2012-01-13,2012-01-13T14:24:00-05:00,0000082628,2011-10-30,2011-11-10T23:59:59-05:00,42729345,dei:EntityCommonStockSharesOutstanding,10-Q,0001193125-11-307199,2011-11-10,75,A,https://data.sec.gov/api/xbrl/companyconcept/CIK0000082628/dei/EntityCommonStockSharesOutstanding.json#accn=0001193125-11-307199;end=2011-10-30,,,RESOLVED,,1
661,VAR,2012-01-13,2012-01-13T12:16:00-05:00,0000203527,2011-11-15,2011-11-23T23:59:59-05:00,112557988,dei:EntityCommonStockSharesOutstanding,10-K,0001193125-11-321337,2011-11-23,59,A,https://data.sec.gov/api/xbrl/companyconcept/CIK0000203527/dei/EntityCommonStockSharesOutstanding.json#accn=0001193125-11-321337;end=2011-11-15,,,RESOLVED,,1
662,WRLD,2012-01-13,2012-01-13T15:23:00-05:00,0000108385,2011-09-30,2011-11-01T23:59:59-04:00,14642565,dei:EntityCommonStockSharesOutstanding,10-Q,0001140361-11-051060,2011-11-01,105,A,https://data.sec.gov/api/xbrl/companyconcept/CIK0000108385/dei/EntityCommonStockSharesOutstanding.json#accn=0001140361-11-051060;end=2011-09-30,,,RESOLVED,,1
663,AF,2012-01-17,2012-01-17T14:48:00-05:00,0000910322,2011-10-27,2011-11-04T23:59:59-04:00,98537391,dei:EntityCommonStockSharesOutstanding,10-Q,0001144204-11-061380,2011-11-04,82,A,https://data.sec.gov/api/xbrl/companyconcept/CIK0000910322/dei/EntityCommonStockSharesOutstanding.json#accn=0001144204-11-061380;end=2011-10-27,,,RESOLVED,,1
664,BA,2012-01-17,2012-01-17T14:49:00-05:00,0000012927,2011-10-19,2011-10-26T23:59:59-04:00,743234446,dei:EntityCommonStockSharesOutstanding,10-Q,0001193125-11-281613,2011-10-26,90,A,https://data.sec.gov/api/xbrl/companyconcept/CIK0000012927/dei/EntityCommonStockSharesOutstanding.json#accn=0001193125-11-281613;end=2011-10-19,,,RESOLVED,,1
665,CA,2012-01-17,2012-01-17T13:02:00-05:00,0000356028,2011-10-20,2011-10-27T23:59:59-04:00,493391769,dei:EntityCommonStockSharesOutstanding,10-Q,0000950123-11-092486,2011-10-27,89,A,https://data.sec.gov/api/xbrl/companyconcept/CIK0000356028/dei/EntityCommonStockSharesOutstanding.json#accn=0000950123-11-092486;end=2011-10-20,,,RESOLVED,,1
666,CAT,2012-01-17,2012-01-17T14:05:00-05:00,0000018230,2011-09-30,2011-11-04T23:59:59-04:00,646620369,dei:EntityCommonStockSharesOutstanding,10-Q,0001104659-11-060986,2011-11-04,109,A,https://data.sec.gov/api/xbrl/companyconcept/CIK0000018230/dei/EntityCommonStockSharesOutstanding.json#accn=0001104659-11-060986;end=2011-09-30,,,RESOLVED,,1
667,CB,2012-01-17,2012-01-17T11:47:00-05:00,0000020171,2011-09-30,2011-11-07T23:59:59-05:00,278071725,dei:EntityCommonStockSharesOutstanding,10-Q,0000950123-11-095953,2011-11-07,109,A,https://data.sec.gov/api/xbrl/companyconcept/CIK0000020171/dei/EntityCommonStockSharesOutstanding.json#accn=0000950123-11-095953;end=2011-09-30,,,RESOLVED,,1
668,DEST,2012-01-17,2012-01-17T15:04:00-05:00,0000896985,2011-12-05,2011-12-14T23:59:59-05:00,13275477,dei:EntityCommonStockSharesOutstanding,10-K,0001193125-11-340461,2011-12-14,43,A,https://data.sec.gov/api/xbrl/companyconcept/CIK0000896985/dei/EntityCommonStockSharesOutstanding.json#accn=0001193125-11-340461;end=2011-12-05,,,RESOLVED,,1
669,HAE,2012-01-17,2012-01-17T15:25:00-05:00,0000313143,2011-10-01,2011-11-03T23:59:59-04:00,24981455,dei:EntityCommonStockSharesOutstanding,10-Q,0000950123-11-094857,2011-11-03,108,A,https://data.sec.gov/api/xbrl/companyconcept/CIK0000313143/dei/EntityCommonStockSharesOutstanding.json#accn=0000950123-11-094857;end=2011-10-01,,,RESOLVED,,1
670,HON,2012-01-17,2012-01-17T15:23:00-05:00,0000773840,2011-09-30,2011-10-21T23:59:59-04:00,773497365,dei:EntityCommonStockSharesOutstanding,10-Q,0000930413-11-006765,2011-10-21,109,A,https://data.sec.gov/api/xbrl/companyconcept/CIK0000773840/dei/EntityCommonStockSharesOutstanding.json#accn=0000930413-11-006765;end=2011-09-30,,,RESOLVED,,1
671,IBKC,2012-01-17,2012-01-17T13:23:00-05:00,0000933141,2011-11-04,2011-11-09T23:59:59-05:00,29355092,dei:EntityCommonStockSharesOutstanding,10-Q,0001193125-11-304318,2011-11-09,74,A,https://data.sec.gov/api/xbrl/companyconcept/CIK0000933141/dei/EntityCommonStockSharesOutstanding.json#accn=0001193125-11-304318;end=2011-11-04,,,RESOLVED,,1
672,IDXX,2012-01-17,2012-01-17T13:17:00-05:00,0000874716,2011-10-14,2011-10-21T23:59:59-04:00,56148671,dei:EntityCommonStockSharesOutstanding,10-Q,0001144204-11-058861,2011-10-21,95,A,https://data.sec.gov/api/xbrl/companyconcept/CIK0000874716/dei/EntityCommonStockSharesOutstanding.json#accn=0001144204-11-058861;end=2011-10-14,,,RESOLVED,,1
673,IGT,2012-01-17,2012-01-17T15:01:00-05:00,0000353944,2011-11-28,2011-11-30T23:59:59-05:00,297600000,dei:EntityCommonStockSharesOutstanding,10-K,0001437749-11-009067,2011-11-30,50,A,https://data.sec.gov/api/xbrl/companyconcept/CIK0000353944/dei/EntityCommonStockSharesOutstanding.json#accn=0001437749-11-009067;end=2011-11-28,,,RESOLVED,,1
674,ISSI,2012-01-17,2012-01-17T14:21:00-05:00,0000854701,2011-12-09,2011-12-14T23:59:59-05:00,26339358,dei:EntityCommonStockSharesOutstanding,10-K,0001445305-11-003586,2011-12-14,39,A,https://data.sec.gov/api/xbrl/companyconcept/CIK0000854701/dei/EntityCommonStockSharesOutstanding.json#accn=0001445305-11-003586;end=2011-12-09,,,RESOLVED,,1
675,MDP,2012-01-17,2012-01-17T14:09:00-05:00,0000065011,2011-09-30,2011-10-26T23:59:59-04:00,44967123,sec_cover_page,10-Q,0000065011-11-000086,2011-10-26,109,A,https://www.sec.gov/Archives/edgar/data/65011/000006501111000086/fy12q1sept10-q.htm,,,RESOLVED,,1
676,MSCC,2012-01-17,2012-01-17T14:21:00-05:00,0000310568,2011-11-14,2011-11-23T23:59:59-05:00,86851848,dei:EntityCommonStockSharesOutstanding,10-K,0001193125-11-320952,2011-11-23,64,A,https://data.sec.gov/api/xbrl/companyconcept/CIK0000310568/dei/EntityCommonStockSharesOutstanding.json#accn=0001193125-11-320952;end=2011-11-14,,,RESOLVED,,1
677,MUSA,2012-01-17,2012-01-17T11:51:00-05:00,0001362491,2011-11-14,2011-11-14T23:59:59-05:00,37058507,dei:EntityCommonStockSharesOutstanding,10-Q,0001193125-11-310967,2011-11-14,64,A,https://data.sec.gov/api/xbrl/companyconcept/CIK0001362491/dei/EntityCommonStockSharesOutstanding.json#accn=0001193125-11-310967;end=2011-11-14,,,RESOLVED,,1
678,MXIM,2012-01-17,2012-01-17T11:14:00-05:00,0000743316,2011-10-14,2011-10-26T23:59:59-04:00,291713630,dei:EntityCommonStockSharesOutstanding,10-Q,0001445305-11-003070,2011-10-26,95,A,https://data.sec.gov/api/xbrl/companyconcept/CIK0000743316/dei/EntityCommonStockSharesOutstanding.json#accn=0001445305-11-003070;end=2011-10-14,,,RESOLVED,,1
679,NVR,2012-01-17,2012-01-17T15:26:00-05:00,0000906163,2011-10-25,2011-10-28T23:59:59-04:00,4976408,dei:EntityCommonStockSharesOutstanding,10-Q,0001193125-11-286412,2011-10-28,84,A,https://data.sec.gov/api/xbrl/companyconcept/CIK0000906163/dei/EntityCommonStockSharesOutstanding.json#accn=0001193125-11-286412;end=2011-10-25,,,RESOLVED,,1
680,RES,2012-01-17,2012-01-17T14:50:00-05:00,0000742278,2011-10-20,2011-11-03T23:59:59-04:00,148313708,dei:EntityCommonStockSharesOutstanding,10-Q,0001188112-11-003049,2011-11-03,89,A,https://data.sec.gov/api/xbrl/companyconcept/CIK0000742278/dei/EntityCommonStockSharesOutstanding.json#accn=0001188112-11-003049;end=2011-10-20,,,RESOLVED,,1
681,ROL,2012-01-17,2012-01-17T09:44:00-05:00,0000084839,2011-10-15,2011-10-28T23:59:59-04:00,146291631,dei:EntityCommonStockSharesOutstanding,10-Q,0001104659-11-058676,2011-10-28,94,A,https://data.sec.gov/api/xbrl/companyconcept/CIK0000084839/dei/EntityCommonStockSharesOutstanding.json#accn=0001104659-11-058676;end=2011-10-15,,,RESOLVED,,1
682,SYMM,2012-01-17,2012-01-17T14:24:00-05:00,0000082628,2011-10-30,2011-11-10T23:59:59-05:00,42729345,dei:EntityCommonStockSharesOutstanding,10-Q,0001193125-11-307199,2011-11-10,79,A,https://data.sec.gov/api/xbrl/companyconcept/CIK0000082628/dei/EntityCommonStockSharesOutstanding.json#accn=0001193125-11-307199;end=2011-10-30,,,RESOLVED,,1
683,VAR,2012-01-17,2012-01-17T12:16:00-05:00,0000203527,2011-11-15,2011-11-23T23:59:59-05:00,112557988,dei:EntityCommonStockSharesOutstanding,10-K,0001193125-11-321337,2011-11-23,63,A,https://data.sec.gov/api/xbrl/companyconcept/CIK0000203527/dei/EntityCommonStockSharesOutstanding.json#accn=0001193125-11-321337;end=2011-11-15,,,RESOLVED,,1
684,WRLD,2012-01-17,2012-01-17T15:23:00-05:00,0000108385,2011-09-30,2011-11-01T23:59:59-04:00,14642565,dei:EntityCommonStockSharesOutstanding,10-Q,0001140361-11-051060,2011-11-01,109,A,https://data.sec.gov/api/xbrl/companyconcept/CIK0000108385/dei/EntityCommonStockSharesOutstanding.json#accn=0001140361-11-051060;end=2011-09-30,,,RESOLVED,,1
685,AF,2012-01-18,2012-01-18T14:48:00-05:00,0000910322,2011-10-27,2011-11-04T23:59:59-04:00,98537391,dei:EntityCommonStockSharesOutstanding,10-Q,0001144204-11-061380,2011-11-04,83,A,https://data.sec.gov/api/xbrl/companyconcept/CIK0000910322/dei/EntityCommonStockSharesOutstanding.json#accn=0001144204-11-061380;end=2011-10-27,,,RESOLVED,,1
686,BA,2012-01-18,2012-01-18T14:49:00-05:00,0000012927,2011-10-19,2011-10-26T23:59:59-04:00,743234446,dei:EntityCommonStockSharesOutstanding,10-Q,0001193125-11-281613,2011-10-26,91,A,https://data.sec.gov/api/xbrl/companyconcept/CIK0000012927/dei/EntityCommonStockSharesOutstanding.json#accn=0001193125-11-281613;end=2011-10-19,,,RESOLVED,,1
687,CA,2012-01-18,2012-01-18T13:02:00-05:00,0000356028,2011-10-20,2011-10-27T23:59:59-04:00,493391769,dei:EntityCommonStockSharesOutstanding,10-Q,0000950123-11-092486,2011-10-27,90,A,https://data.sec.gov/api/xbrl/companyconcept/CIK0000356028/dei/EntityCommonStockSharesOutstanding.json#accn=0000950123-11-092486;end=2011-10-20,,,RESOLVED,,1
688,CAT,2012-01-18,2012-01-18T14:05:00-05:00,0000018230,2011-09-30,2011-11-04T23:59:59-04:00,646620369,dei:EntityCommonStockSharesOutstanding,10-Q,0001104659-11-060986,2011-11-04,110,A,https://data.sec.gov/api/xbrl/companyconcept/CIK0000018230/dei/EntityCommonStockSharesOutstanding.json#accn=0001104659-11-060986;end=2011-09-30,,,RESOLVED,,1
689,CB,2012-01-18,2012-01-18T11:47:00-05:00,0000020171,2011-09-30,2011-11-07T23:59:59-05:00,278071725,dei:EntityCommonStockSharesOutstanding,10-Q,0000950123-11-095953,2011-11-07,110,A,https://data.sec.gov/api/xbrl/companyconcept/CIK0000020171/dei/EntityCommonStockSharesOutstanding.json#accn=0000950123-11-095953;end=2011-09-30,,,RESOLVED,,1
690,DEST,2012-01-18,2012-01-18T15:04:00-05:00,0000896985,2011-12-05,2011-12-14T23:59:59-05:00,13275477,dei:EntityCommonStockSharesOutstanding,10-K,0001193125-11-340461,2011-12-14,44,A,https://data.sec.gov/api/xbrl/companyconcept/CIK0000896985/dei/EntityCommonStockSharesOutstanding.json#accn=0001193125-11-340461;end=2011-12-05,,,RESOLVED,,1
691,HAE,2012-01-18,2012-01-18T15:25:00-05:00,0000313143,2011-10-01,2011-11-03T23:59:59-04:00,24981455,dei:EntityCommonStockSharesOutstanding,10-Q,0000950123-11-094857,2011-11-03,109,A,https://data.sec.gov/api/xbrl/companyconcept/CIK0000313143/dei/EntityCommonStockSharesOutstanding.json#accn=0000950123-11-094857;end=2011-10-01,,,RESOLVED,,1
692,HON,2012-01-18,2012-01-18T15:23:00-05:00,0000773840,2011-09-30,2011-10-21T23:59:59-04:00,773497365,dei:EntityCommonStockSharesOutstanding,10-Q,0000930413-11-006765,2011-10-21,110,A,https://data.sec.gov/api/xbrl/companyconcept/CIK0000773840/dei/EntityCommonStockSharesOutstanding.json#accn=0000930413-11-006765;end=2011-09-30,,,RESOLVED,,1
693,IBKC,2012-01-18,2012-01-18T13:23:00-05:00,0000933141,2011-11-04,2011-11-09T23:59:59-05:00,29355092,dei:EntityCommonStockSharesOutstanding,10-Q,0001193125-11-304318,2011-11-09,75,A,https://data.sec.gov/api/xbrl/companyconcept/CIK0000933141/dei/EntityCommonStockSharesOutstanding.json#accn=0001193125-11-304318;end=2011-11-04,,,RESOLVED,,1
694,IDXX,2012-01-18,2012-01-18T13:17:00-05:00,0000874716,2011-10-14,2011-10-21T23:59:59-04:00,56148671,dei:EntityCommonStockSharesOutstanding,10-Q,0001144204-11-058861,2011-10-21,96,A,https://data.sec.gov/api/xbrl/companyconcept/CIK0000874716/dei/EntityCommonStockSharesOutstanding.json#accn=0001144204-11-058861;end=2011-10-14,,,RESOLVED,,1
695,IGT,2012-01-18,2012-01-18T15:01:00-05:00,0000353944,2011-11-28,2011-11-30T23:59:59-05:00,297600000,dei:EntityCommonStockSharesOutstanding,10-K,0001437749-11-009067,2011-11-30,51,A,https://data.sec.gov/api/xbrl/companyconcept/CIK0000353944/dei/EntityCommonStockSharesOutstanding.json#accn=0001437749-11-009067;end=2011-11-28,,,RESOLVED,,1
696,ISSI,2012-01-18,2012-01-18T14:21:00-05:00,0000854701,2011-12-09,2011-12-14T23:59:59-05:00,26339358,dei:EntityCommonStockSharesOutstanding,10-K,0001445305-11-003586,2011-12-14,40,A,https://data.sec.gov/api/xbrl/companyconcept/CIK0000854701/dei/EntityCommonStockSharesOutstanding.json#accn=0001445305-11-003586;end=2011-12-09,,,RESOLVED,,1
697,MDP,2012-01-18,2012-01-18T14:09:00-05:00,0000065011,2011-09-30,2011-10-26T23:59:59-04:00,44967123,sec_cover_page,10-Q,0000065011-11-000086,2011-10-26,110,A,https://www.sec.gov/Archives/edgar/data/65011/000006501111000086/fy12q1sept10-q.htm,,,RESOLVED,,1
698,MSCC,2012-01-18,2012-01-18T14:21:00-05:00,0000310568,2011-11-14,2011-11-23T23:59:59-05:00,86851848,dei:EntityCommonStockSharesOutstanding,10-K,0001193125-11-320952,2011-11-23,65,A,https://data.sec.gov/api/xbrl/companyconcept/CIK0000310568/dei/EntityCommonStockSharesOutstanding.json#accn=0001193125-11-320952;end=2011-11-14,,,RESOLVED,,1
699,MUSA,2012-01-18,2012-01-18T11:51:00-05:00,0001362491,2011-11-14,2011-11-14T23:59:59-05:00,37058507,dei:EntityCommonStockSharesOutstanding,10-Q,0001193125-11-310967,2011-11-14,65,A,https://data.sec.gov/api/xbrl/companyconcept/CIK0001362491/dei/EntityCommonStockSharesOutstanding.json#accn=0001193125-11-310967;end=2011-11-14,,,RESOLVED,,1
700,MXIM,2012-01-18,2012-01-18T11:14:00-05:00,0000743316,2011-10-14,2011-10-26T23:59:59-04:00,291713630,dei:EntityCommonStockSharesOutstanding,10-Q,0001445305-11-003070,2011-10-26,96,A,https://data.sec.gov/api/xbrl/companyconcept/CIK0000743316/dei/EntityCommonStockSharesOutstanding.json#accn=0001445305-11-003070;end=2011-10-14,,,RESOLVED,,1
701,NVR,2012-01-18,2012-01-18T15:26:00-05:00,0000906163,2011-10-25,2011-10-28T23:59:59-04:00,4976408,dei:EntityCommonStockSharesOutstanding,10-Q,0001193125-11-286412,2011-10-28,85,A,https://data.sec.gov/api/xbrl/companyconcept/CIK0000906163/dei/EntityCommonStockSharesOutstanding.json#accn=0001193125-11-286412;end=2011-10-25,,,RESOLVED,,1
702,RES,2012-01-18,2012-01-18T14:50:00-05:00,0000742278,2011-10-20,2011-11-03T23:59:59-04:00,148313708,dei:EntityCommonStockSharesOutstanding,10-Q,0001188112-11-003049,2011-11-03,90,A,https://data.sec.gov/api/xbrl/companyconcept/CIK0000742278/dei/EntityCommonStockSharesOutstanding.json#accn=0001188112-11-003049;end=2011-10-20,,,RESOLVED,,1
703,ROL,2012-01-18,2012-01-18T09:44:00-05:00,0000084839,2011-10-15,2011-10-28T23:59:59-04:00,146291631,dei:EntityCommonStockSharesOutstanding,10-Q,0001104659-11-058676,2011-10-28,95,A,https://data.sec.gov/api/xbrl/companyconcept/CIK0000084839/dei/EntityCommonStockSharesOutstanding.json#accn=0001104659-11-058676;end=2011-10-15,,,RESOLVED,,1
704,SYMM,2012-01-18,2012-01-18T14:24:00-05:00,0000082628,2011-10-30,2011-11-10T23:59:59-05:00,42729345,dei:EntityCommonStockSharesOutstanding,10-Q,0001193125-11-307199,2011-11-10,80,A,https://data.sec.gov/api/xbrl/companyconcept/CIK0000082628/dei/EntityCommonStockSharesOutstanding.json#accn=0001193125-11-307199;end=2011-10-30,,,RESOLVED,,1
705,VAR,2012-01-18,2012-01-18T12:16:00-05:00,0000203527,2011-11-15,2011-11-23T23:59:59-05:00,112557988,dei:EntityCommonStockSharesOutstanding,10-K,0001193125-11-321337,2011-11-23,64,A,https://data.sec.gov/api/xbrl/companyconcept/CIK0000203527/dei/EntityCommonStockSharesOutstanding.json#accn=0001193125-11-321337;end=2011-11-15,,,RESOLVED,,1
706,WRLD,2012-01-18,2012-01-18T15:23:00-05:00,0000108385,2011-09-30,2011-11-01T23:59:59-04:00,14642565,dei:EntityCommonStockSharesOutstanding,10-Q,0001140361-11-051060,2011-11-01,110,A,https://data.sec.gov/api/xbrl/companyconcept/CIK0000108385/dei/EntityCommonStockSharesOutstanding.json#accn=0001140361-11-051060;end=2011-09-30,,,RESOLVED,,1
707,AF,2012-01-19,2012-01-19T14:48:00-05:00,0000910322,2011-10-27,2011-11-04T23:59:59-04:00,98537391,dei:EntityCommonStockSharesOutstanding,10-Q,0001144204-11-061380,2011-11-04,84,A,https://data.sec.gov/api/xbrl/companyconcept/CIK0000910322/dei/EntityCommonStockSharesOutstanding.json#accn=0001144204-11-061380;end=2011-10-27,,,RESOLVED,,1
708,BA,2012-01-19,2012-01-19T14:49:00-05:00,0000012927,2011-10-19,2011-10-26T23:59:59-04:00,743234446,dei:EntityCommonStockSharesOutstanding,10-Q,0001193125-11-281613,2011-10-26,92,A,https://data.sec.gov/api/xbrl/companyconcept/CIK0000012927/dei/EntityCommonStockSharesOutstanding.json#accn=0001193125-11-281613;end=2011-10-19,,,RESOLVED,,1
709,CA,2012-01-19,2012-01-19T13:02:00-05:00,0000356028,2011-10-20,2011-10-27T23:59:59-04:00,493391769,dei:EntityCommonStockSharesOutstanding,10-Q,0000950123-11-092486,2011-10-27,91,A,https://data.sec.gov/api/xbrl/companyconcept/CIK0000356028/dei/EntityCommonStockSharesOutstanding.json#accn=0000950123-11-092486;end=2011-10-20,,,RESOLVED,,1
710,CAT,2012-01-19,2012-01-19T14:05:00-05:00,0000018230,2011-09-30,2011-11-04T23:59:59-04:00,646620369,dei:EntityCommonStockSharesOutstanding,10-Q,0001104659-11-060986,2011-11-04,111,A,https://data.sec.gov/api/xbrl/companyconcept/CIK0000018230/dei/EntityCommonStockSharesOutstanding.json#accn=0001104659-11-060986;end=2011-09-30,,,RESOLVED,,1
711,CB,2012-01-19,2012-01-19T11:47:00-05:00,0000020171,2011-09-30,2011-11-07T23:59:59-05:00,278071725,dei:EntityCommonStockSharesOutstanding,10-Q,0000950123-11-095953,2011-11-07,111,A,https://data.sec.gov/api/xbrl/companyconcept/CIK0000020171/dei/EntityCommonStockSharesOutstanding.json#accn=0000950123-11-095953;end=2011-09-30,,,RESOLVED,,1
712,DEST,2012-01-19,2012-01-19T15:04:00-05:00,0000896985,2011-12-05,2011-12-14T23:59:59-05:00,13275477,dei:EntityCommonStockSharesOutstanding,10-K,0001193125-11-340461,2011-12-14,45,A,https://data.sec.gov/api/xbrl/companyconcept/CIK0000896985/dei/EntityCommonStockSharesOutstanding.json#accn=0001193125-11-340461;end=2011-12-05,,,RESOLVED,,1
713,HAE,2012-01-19,2012-01-19T15:25:00-05:00,0000313143,2011-10-01,2011-11-03T23:59:59-04:00,24981455,dei:EntityCommonStockSharesOutstanding,10-Q,0000950123-11-094857,2011-11-03,110,A,https://data.sec.gov/api/xbrl/companyconcept/CIK0000313143/dei/EntityCommonStockSharesOutstanding.json#accn=0000950123-11-094857;end=2011-10-01,,,RESOLVED,,1
714,HON,2012-01-19,2012-01-19T15:23:00-05:00,0000773840,2011-09-30,2011-10-21T23:59:59-04:00,773497365,dei:EntityCommonStockSharesOutstanding,10-Q,0000930413-11-006765,2011-10-21,111,A,https://data.sec.gov/api/xbrl/companyconcept/CIK0000773840/dei/EntityCommonStockSharesOutstanding.json#accn=0000930413-11-006765;end=2011-09-30,,,RESOLVED,,1
715,IBKC,2012-01-19,2012-01-19T13:23:00-05:00,0000933141,2011-11-04,2011-11-09T23:59:59-05:00,29355092,dei:EntityCommonStockSharesOutstanding,10-Q,0001193125-11-304318,2011-11-09,76,A,https://data.sec.gov/api/xbrl/companyconcept/CIK0000933141/dei/EntityCommonStockSharesOutstanding.json#accn=0001193125-11-304318;end=2011-11-04,,,RESOLVED,,1
716,IDXX,2012-01-19,2012-01-19T13:17:00-05:00,0000874716,2011-10-14,2011-10-21T23:59:59-04:00,56148671,dei:EntityCommonStockSharesOutstanding,10-Q,0001144204-11-058861,2011-10-21,97,A,https://data.sec.gov/api/xbrl/companyconcept/CIK0000874716/dei/EntityCommonStockSharesOutstanding.json#accn=0001144204-11-058861;end=2011-10-14,,,RESOLVED,,1
717,IGT,2012-01-19,2012-01-19T15:01:00-05:00,0000353944,2011-11-28,2011-11-30T23:59:59-05:00,297600000,dei:EntityCommonStockSharesOutstanding,10-K,0001437749-11-009067,2011-11-30,52,A,https://data.sec.gov/api/xbrl/companyconcept/CIK0000353944/dei/EntityCommonStockSharesOutstanding.json#accn=0001437749-11-009067;end=2011-11-28,,,RESOLVED,,1
718,ISSI,2012-01-19,2012-01-19T14:21:00-05:00,0000854701,2011-12-09,2011-12-14T23:59:59-05:00,26339358,dei:EntityCommonStockSharesOutstanding,10-K,0001445305-11-003586,2011-12-14,41,A,https://data.sec.gov/api/xbrl/companyconcept/CIK0000854701/dei/EntityCommonStockSharesOutstanding.json#accn=0001445305-11-003586;end=2011-12-09,,,RESOLVED,,1
719,MDP,2012-01-19,2012-01-19T14:09:00-05:00,0000065011,2011-09-30,2011-10-26T23:59:59-04:00,44967123,sec_cover_page,10-Q,0000065011-11-000086,2011-10-26,111,A,https://www.sec.gov/Archives/edgar/data/65011/000006501111000086/fy12q1sept10-q.htm,,,RESOLVED,,1
720,MSCC,2012-01-19,2012-01-19T14:21:00-05:00,0000310568,2011-11-14,2011-11-23T23:59:59-05:00,86851848,dei:EntityCommonStockSharesOutstanding,10-K,0001193125-11-320952,2011-11-23,66,A,https://data.sec.gov/api/xbrl/companyconcept/CIK0000310568/dei/EntityCommonStockSharesOutstanding.json#accn=0001193125-11-320952;end=2011-11-14,,,RESOLVED,,1
721,MUSA,2012-01-19,2012-01-19T11:51:00-05:00,0001362491,2011-11-14,2011-11-14T23:59:59-05:00,37058507,dei:EntityCommonStockSharesOutstanding,10-Q,0001193125-11-310967,2011-11-14,66,A,https://data.sec.gov/api/xbrl/companyconcept/CIK0001362491/dei/EntityCommonStockSharesOutstanding.json#accn=0001193125-11-310967;end=2011-11-14,,,RESOLVED,,1
722,MXIM,2012-01-19,2012-01-19T11:14:00-05:00,0000743316,2011-10-14,2011-10-26T23:59:59-04:00,291713630,dei:EntityCommonStockSharesOutstanding,10-Q,0001445305-11-003070,2011-10-26,97,A,https://data.sec.gov/api/xbrl/companyconcept/CIK0000743316/dei/EntityCommonStockSharesOutstanding.json#accn=0001445305-11-003070;end=2011-10-14,,,RESOLVED,,1
723,NVR,2012-01-19,2012-01-19T15:26:00-05:00,0000906163,2011-10-25,2011-10-28T23:59:59-04:00,4976408,dei:EntityCommonStockSharesOutstanding,10-Q,0001193125-11-286412,2011-10-28,86,A,https://data.sec.gov/api/xbrl/companyconcept/CIK0000906163/dei/EntityCommonStockSharesOutstanding.json#accn=0001193125-11-286412;end=2011-10-25,,,RESOLVED,,1
724,RES,2012-01-19,2012-01-19T14:50:00-05:00,0000742278,2011-10-20,2011-11-03T23:59:59-04:00,148313708,dei:EntityCommonStockSharesOutstanding,10-Q,0001188112-11-003049,2011-11-03,91,A,https://data.sec.gov/api/xbrl/companyconcept/CIK0000742278/dei/EntityCommonStockSharesOutstanding.json#accn=0001188112-11-003049;end=2011-10-20,,,RESOLVED,,1
725,ROL,2012-01-19,2012-01-19T09:44:00-05:00,0000084839,2011-10-15,2011-10-28T23:59:59-04:00,146291631,dei:EntityCommonStockSharesOutstanding,10-Q,0001104659-11-058676,2011-10-28,96,A,https://data.sec.gov/api/xbrl/companyconcept/CIK0000084839/dei/EntityCommonStockSharesOutstanding.json#accn=0001104659-11-058676;end=2011-10-15,,,RESOLVED,,1
726,SYMM,2012-01-19,2012-01-19T14:24:00-05:00,0000082628,2011-10-30,2011-11-10T23:59:59-05:00,42729345,dei:EntityCommonStockSharesOutstanding,10-Q,0001193125-11-307199,2011-11-10,81,A,https://data.sec.gov/api/xbrl/companyconcept/CIK0000082628/dei/EntityCommonStockSharesOutstanding.json#accn=0001193125-11-307199;end=2011-10-30,,,RESOLVED,,1
727,VAR,2012-01-19,2012-01-19T12:16:00-05:00,0000203527,2011-11-15,2011-11-23T23:59:59-05:00,112557988,dei:EntityCommonStockSharesOutstanding,10-K,0001193125-11-321337,2011-11-23,65,A,https://data.sec.gov/api/xbrl/companyconcept/CIK0000203527/dei/EntityCommonStockSharesOutstanding.json#accn=0001193125-11-321337;end=2011-11-15,,,RESOLVED,,1
728,WRLD,2012-01-19,2012-01-19T15:23:00-05:00,0000108385,2011-09-30,2011-11-01T23:59:59-04:00,14642565,dei:EntityCommonStockSharesOutstanding,10-Q,0001140361-11-051060,2011-11-01,111,A,https://data.sec.gov/api/xbrl/companyconcept/CIK0000108385/dei/EntityCommonStockSharesOutstanding.json#accn=0001140361-11-051060;end=2011-09-30,,,RESOLVED,,1
729,AF,2012-01-20,2012-01-20T14:48:00-05:00,0000910322,2011-10-27,2011-11-04T23:59:59-04:00,98537391,dei:EntityCommonStockSharesOutstanding,10-Q,0001144204-11-061380,2011-11-04,85,A,https://data.sec.gov/api/xbrl/companyconcept/CIK0000910322/dei/EntityCommonStockSharesOutstanding.json#accn=0001144204-11-061380;end=2011-10-27,,,RESOLVED,,1
730,BA,2012-01-20,2012-01-20T14:49:00-05:00,0000012927,2011-10-19,2011-10-26T23:59:59-04:00,743234446,dei:EntityCommonStockSharesOutstanding,10-Q,0001193125-11-281613,2011-10-26,93,A,https://data.sec.gov/api/xbrl/companyconcept/CIK0000012927/dei/EntityCommonStockSharesOutstanding.json#accn=0001193125-11-281613;end=2011-10-19,,,RESOLVED,,1
731,CA,2012-01-20,2012-01-20T13:02:00-05:00,0000356028,2011-10-20,2011-10-27T23:59:59-04:00,493391769,dei:EntityCommonStockSharesOutstanding,10-Q,0000950123-11-092486,2011-10-27,92,A,https://data.sec.gov/api/xbrl/companyconcept/CIK0000356028/dei/EntityCommonStockSharesOutstanding.json#accn=0000950123-11-092486;end=2011-10-20,,,RESOLVED,,1
732,CAT,2012-01-20,2012-01-20T14:05:00-05:00,0000018230,2011-09-30,2011-11-04T23:59:59-04:00,646620369,dei:EntityCommonStockSharesOutstanding,10-Q,0001104659-11-060986,2011-11-04,112,A,https://data.sec.gov/api/xbrl/companyconcept/CIK0000018230/dei/EntityCommonStockSharesOutstanding.json#accn=0001104659-11-060986;end=2011-09-30,,,RESOLVED,,1
733,CB,2012-01-20,2012-01-20T11:47:00-05:00,0000020171,2011-09-30,2011-11-07T23:59:59-05:00,278071725,dei:EntityCommonStockSharesOutstanding,10-Q,0000950123-11-095953,2011-11-07,112,A,https://data.sec.gov/api/xbrl/companyconcept/CIK0000020171/dei/EntityCommonStockSharesOutstanding.json#accn=0000950123-11-095953;end=2011-09-30,,,RESOLVED,,1
734,DEST,2012-01-20,2012-01-20T15:04:00-05:00,0000896985,2011-12-05,2011-12-14T23:59:59-05:00,13275477,dei:EntityCommonStockSharesOutstanding,10-K,0001193125-11-340461,2011-12-14,46,A,https://data.sec.gov/api/xbrl/companyconcept/CIK0000896985/dei/EntityCommonStockSharesOutstanding.json#accn=0001193125-11-340461;end=2011-12-05,,,RESOLVED,,1
735,HAE,2012-01-20,2012-01-20T15:25:00-05:00,0000313143,2011-10-01,2011-11-03T23:59:59-04:00,24981455,dei:EntityCommonStockSharesOutstanding,10-Q,0000950123-11-094857,2011-11-03,111,A,https://data.sec.gov/api/xbrl/companyconcept/CIK0000313143/dei/EntityCommonStockSharesOutstanding.json#accn=0000950123-11-094857;end=2011-10-01,,,RESOLVED,,1
736,HON,2012-01-20,2012-01-20T15:23:00-05:00,0000773840,2011-09-30,2011-10-21T23:59:59-04:00,773497365,dei:EntityCommonStockSharesOutstanding,10-Q,0000930413-11-006765,2011-10-21,112,A,https://data.sec.gov/api/xbrl/companyconcept/CIK0000773840/dei/EntityCommonStockSharesOutstanding.json#accn=0000930413-11-006765;end=2011-09-30,,,RESOLVED,,1
737,IBKC,2012-01-20,2012-01-20T13:23:00-05:00,0000933141,2011-11-04,2011-11-09T23:59:59-05:00,29355092,dei:EntityCommonStockSharesOutstanding,10-Q,0001193125-11-304318,2011-11-09,77,A,https://data.sec.gov/api/xbrl/companyconcept/CIK0000933141/dei/EntityCommonStockSharesOutstanding.json#accn=0001193125-11-304318;end=2011-11-04,,,RESOLVED,,1
738,IDXX,2012-01-20,2012-01-20T13:17:00-05:00,0000874716,2011-10-14,2011-10-21T23:59:59-04:00,56148671,dei:EntityCommonStockSharesOutstanding,10-Q,0001144204-11-058861,2011-10-21,98,A,https://data.sec.gov/api/xbrl/companyconcept/CIK0000874716/dei/EntityCommonStockSharesOutstanding.json#accn=0001144204-11-058861;end=2011-10-14,,,RESOLVED,,1
739,IGT,2012-01-20,2012-01-20T15:01:00-05:00,0000353944,2011-11-28,2011-11-30T23:59:59-05:00,297600000,dei:EntityCommonStockSharesOutstanding,10-K,0001437749-11-009067,2011-11-30,53,A,https://data.sec.gov/api/xbrl/companyconcept/CIK0000353944/dei/EntityCommonStockSharesOutstanding.json#accn=0001437749-11-009067;end=2011-11-28,,,RESOLVED,,1
740,ISSI,2012-01-20,2012-01-20T14:21:00-05:00,0000854701,2011-12-09,2011-12-14T23:59:59-05:00,26339358,dei:EntityCommonStockSharesOutstanding,10-K,0001445305-11-003586,2011-12-14,42,A,https://data.sec.gov/api/xbrl/companyconcept/CIK0000854701/dei/EntityCommonStockSharesOutstanding.json#accn=0001445305-11-003586;end=2011-12-09,,,RESOLVED,,1
741,MDP,2012-01-20,2012-01-20T14:09:00-05:00,0000065011,2011-09-30,2011-10-26T23:59:59-04:00,44967123,sec_cover_page,10-Q,0000065011-11-000086,2011-10-26,112,A,https://www.sec.gov/Archives/edgar/data/65011/000006501111000086/fy12q1sept10-q.htm,,,RESOLVED,,1
742,MSCC,2012-01-20,2012-01-20T14:21:00-05:00,0000310568,2011-11-14,2011-11-23T23:59:59-05:00,86851848,dei:EntityCommonStockSharesOutstanding,10-K,0001193125-11-320952,2011-11-23,67,A,https://data.sec.gov/api/xbrl/companyconcept/CIK0000310568/dei/EntityCommonStockSharesOutstanding.json#accn=0001193125-11-320952;end=2011-11-14,,,RESOLVED,,1
743,MUSA,2012-01-20,2012-01-20T11:51:00-05:00,0001362491,2011-11-14,2011-11-14T23:59:59-05:00,37058507,dei:EntityCommonStockSharesOutstanding,10-Q,0001193125-11-310967,2011-11-14,67,A,https://data.sec.gov/api/xbrl/companyconcept/CIK0001362491/dei/EntityCommonStockSharesOutstanding.json#accn=0001193125-11-310967;end=2011-11-14,,,RESOLVED,,1
744,MXIM,2012-01-20,2012-01-20T11:14:00-05:00,0000743316,2011-10-14,2011-10-26T23:59:59-04:00,291713630,dei:EntityCommonStockSharesOutstanding,10-Q,0001445305-11-003070,2011-10-26,98,A,https://data.sec.gov/api/xbrl/companyconcept/CIK0000743316/dei/EntityCommonStockSharesOutstanding.json#accn=0001445305-11-003070;end=2011-10-14,,,RESOLVED,,1
745,NVR,2012-01-20,2012-01-20T15:26:00-05:00,0000906163,2011-10-25,2011-10-28T23:59:59-04:00,4976408,dei:EntityCommonStockSharesOutstanding,10-Q,0001193125-11-286412,2011-10-28,87,A,https://data.sec.gov/api/xbrl/companyconcept/CIK0000906163/dei/EntityCommonStockSharesOutstanding.json#accn=0001193125-11-286412;end=2011-10-25,,,RESOLVED,,1
746,RES,2012-01-20,2012-01-20T14:50:00-05:00,0000742278,2011-10-20,2011-11-03T23:59:59-04:00,148313708,dei:EntityCommonStockSharesOutstanding,10-Q,0001188112-11-003049,2011-11-03,92,A,https://data.sec.gov/api/xbrl/companyconcept/CIK0000742278/dei/EntityCommonStockSharesOutstanding.json#accn=0001188112-11-003049;end=2011-10-20,,,RESOLVED,,1
747,ROL,2012-01-20,2012-01-20T09:44:00-05:00,0000084839,2011-10-15,2011-10-28T23:59:59-04:00,146291631,dei:EntityCommonStockSharesOutstanding,10-Q,0001104659-11-058676,2011-10-28,97,A,https://data.sec.gov/api/xbrl/companyconcept/CIK0000084839/dei/EntityCommonStockSharesOutstanding.json#accn=0001104659-11-058676;end=2011-10-15,,,RESOLVED,,1
748,SYMM,2012-01-20,2012-01-20T14:24:00-05:00,0000082628,2011-10-30,2011-11-10T23:59:59-05:00,42729345,dei:EntityCommonStockSharesOutstanding,10-Q,0001193125-11-307199,2011-11-10,82,A,https://data.sec.gov/api/xbrl/companyconcept/CIK0000082628/dei/EntityCommonStockSharesOutstanding.json#accn=0001193125-11-307199;end=2011-10-30,,,RESOLVED,,1
749,VAR,2012-01-20,2012-01-20T12:16:00-05:00,0000203527,2011-11-15,2011-11-23T23:59:59-05:00,112557988,dei:EntityCommonStockSharesOutstanding,10-K,0001193125-11-321337,2011-11-23,66,A,https://data.sec.gov/api/xbrl/companyconcept/CIK0000203527/dei/EntityCommonStockSharesOutstanding.json#accn=0001193125-11-321337;end=2011-11-15,,,RESOLVED,,1
750,WRLD,2012-01-20,2012-01-20T15:23:00-05:00,0000108385,2011-09-30,2011-11-01T23:59:59-04:00,14642565,dei:EntityCommonStockSharesOutstanding,10-Q,0001140361-11-051060,2011-11-01,112,A,https://data.sec.gov/api/xbrl/companyconcept/CIK0000108385/dei/EntityCommonStockSharesOutstanding.json#accn=0001140361-11-051060;end=2011-09-30,,,RESOLVED,,1
751,AF,2012-01-23,2012-01-23T14:48:00-05:00,0000910322,2011-10-27,2011-11-04T23:59:59-04:00,98537391,dei:EntityCommonStockSharesOutstanding,10-Q,0001144204-11-061380,2011-11-04,88,A,https://data.sec.gov/api/xbrl/companyconcept/CIK0000910322/dei/EntityCommonStockSharesOutstanding.json#accn=0001144204-11-061380;end=2011-10-27,,,RESOLVED,,1
752,BA,2012-01-23,2012-01-23T14:49:00-05:00,0000012927,2011-10-19,2011-10-26T23:59:59-04:00,743234446,dei:EntityCommonStockSharesOutstanding,10-Q,0001193125-11-281613,2011-10-26,96,A,https://data.sec.gov/api/xbrl/companyconcept/CIK0000012927/dei/EntityCommonStockSharesOutstanding.json#accn=0001193125-11-281613;end=2011-10-19,,,RESOLVED,,1
753,CA,2012-01-23,2012-01-23T13:02:00-05:00,0000356028,2011-10-20,2011-10-27T23:59:59-04:00,493391769,dei:EntityCommonStockSharesOutstanding,10-Q,0000950123-11-092486,2011-10-27,95,A,https://data.sec.gov/api/xbrl/companyconcept/CIK0000356028/dei/EntityCommonStockSharesOutstanding.json#accn=0000950123-11-092486;end=2011-10-20,,,RESOLVED,,1
754,CAT,2012-01-23,2012-01-23T14:05:00-05:00,0000018230,2011-09-30,2011-11-04T23:59:59-04:00,646620369,dei:EntityCommonStockSharesOutstanding,10-Q,0001104659-11-060986,2011-11-04,115,A,https://data.sec.gov/api/xbrl/companyconcept/CIK0000018230/dei/EntityCommonStockSharesOutstanding.json#accn=0001104659-11-060986;end=2011-09-30,,,RESOLVED,,1
755,CB,2012-01-23,2012-01-23T11:47:00-05:00,0000020171,2011-09-30,2011-11-07T23:59:59-05:00,278071725,dei:EntityCommonStockSharesOutstanding,10-Q,0000950123-11-095953,2011-11-07,115,A,https://data.sec.gov/api/xbrl/companyconcept/CIK0000020171/dei/EntityCommonStockSharesOutstanding.json#accn=0000950123-11-095953;end=2011-09-30,,,RESOLVED,,1
756,DEST,2012-01-23,2012-01-23T15:04:00-05:00,0000896985,2011-12-05,2011-12-14T23:59:59-05:00,13275477,dei:EntityCommonStockSharesOutstanding,10-K,0001193125-11-340461,2011-12-14,49,A,https://data.sec.gov/api/xbrl/companyconcept/CIK0000896985/dei/EntityCommonStockSharesOutstanding.json#accn=0001193125-11-340461;end=2011-12-05,,,RESOLVED,,1
757,HAE,2012-01-23,2012-01-23T15:25:00-05:00,0000313143,2011-10-01,2011-11-03T23:59:59-04:00,24981455,dei:EntityCommonStockSharesOutstanding,10-Q,0000950123-11-094857,2011-11-03,114,A,https://data.sec.gov/api/xbrl/companyconcept/CIK0000313143/dei/EntityCommonStockSharesOutstanding.json#accn=0000950123-11-094857;end=2011-10-01,,,RESOLVED,,1
758,HON,2012-01-23,2012-01-23T15:23:00-05:00,0000773840,2011-09-30,2011-10-21T23:59:59-04:00,773497365,dei:EntityCommonStockSharesOutstanding,10-Q,0000930413-11-006765,2011-10-21,115,A,https://data.sec.gov/api/xbrl/companyconcept/CIK0000773840/dei/EntityCommonStockSharesOutstanding.json#accn=0000930413-11-006765;end=2011-09-30,,,RESOLVED,,1
759,IBKC,2012-01-23,2012-01-23T13:23:00-05:00,0000933141,2011-11-04,2011-11-09T23:59:59-05:00,29355092,dei:EntityCommonStockSharesOutstanding,10-Q,0001193125-11-304318,2011-11-09,80,A,https://data.sec.gov/api/xbrl/companyconcept/CIK0000933141/dei/EntityCommonStockSharesOutstanding.json#accn=0001193125-11-304318;end=2011-11-04,,,RESOLVED,,1
760,IDXX,2012-01-23,2012-01-23T13:17:00-05:00,0000874716,2011-10-14,2011-10-21T23:59:59-04:00,56148671,dei:EntityCommonStockSharesOutstanding,10-Q,0001144204-11-058861,2011-10-21,101,A,https://data.sec.gov/api/xbrl/companyconcept/CIK0000874716/dei/EntityCommonStockSharesOutstanding.json#accn=0001144204-11-058861;end=2011-10-14,,,RESOLVED,,1
761,IGT,2012-01-23,2012-01-23T15:01:00-05:00,0000353944,2011-11-28,2011-11-30T23:59:59-05:00,297600000,dei:EntityCommonStockSharesOutstanding,10-K,0001437749-11-009067,2011-11-30,56,A,https://data.sec.gov/api/xbrl/companyconcept/CIK0000353944/dei/EntityCommonStockSharesOutstanding.json#accn=0001437749-11-009067;end=2011-11-28,,,RESOLVED,,1
762,ISSI,2012-01-23,2012-01-23T14:21:00-05:00,0000854701,2011-12-09,2011-12-14T23:59:59-05:00,26339358,dei:EntityCommonStockSharesOutstanding,10-K,0001445305-11-003586,2011-12-14,45,A,https://data.sec.gov/api/xbrl/companyconcept/CIK0000854701/dei/EntityCommonStockSharesOutstanding.json#accn=0001445305-11-003586;end=2011-12-09,,,RESOLVED,,1
763,MDP,2012-01-23,2012-01-23T14:09:00-05:00,0000065011,2011-09-30,2011-10-26T23:59:59-04:00,44967123,sec_cover_page,10-Q,0000065011-11-000086,2011-10-26,115,A,https://www.sec.gov/Archives/edgar/data/65011/000006501111000086/fy12q1sept10-q.htm,,,RESOLVED,,1
764,MSCC,2012-01-23,2012-01-23T14:21:00-05:00,0000310568,2011-11-14,2011-11-23T23:59:59-05:00,86851848,dei:EntityCommonStockSharesOutstanding,10-K,0001193125-11-320952,2011-11-23,70,A,https://data.sec.gov/api/xbrl/companyconcept/CIK0000310568/dei/EntityCommonStockSharesOutstanding.json#accn=0001193125-11-320952;end=2011-11-14,,,RESOLVED,,1
765,MUSA,2012-01-23,2012-01-23T11:51:00-05:00,0001362491,2011-11-14,2011-11-14T23:59:59-05:00,37058507,dei:EntityCommonStockSharesOutstanding,10-Q,0001193125-11-310967,2011-11-14,70,A,https://data.sec.gov/api/xbrl/companyconcept/CIK0001362491/dei/EntityCommonStockSharesOutstanding.json#accn=0001193125-11-310967;end=2011-11-14,,,RESOLVED,,1
766,MXIM,2012-01-23,2012-01-23T11:14:00-05:00,0000743316,2011-10-14,2011-10-26T23:59:59-04:00,291713630,dei:EntityCommonStockSharesOutstanding,10-Q,0001445305-11-003070,2011-10-26,101,A,https://data.sec.gov/api/xbrl/companyconcept/CIK0000743316/dei/EntityCommonStockSharesOutstanding.json#accn=0001445305-11-003070;end=2011-10-14,,,RESOLVED,,1
767,NVR,2012-01-23,2012-01-23T15:26:00-05:00,0000906163,2011-10-25,2011-10-28T23:59:59-04:00,4976408,dei:EntityCommonStockSharesOutstanding,10-Q,0001193125-11-286412,2011-10-28,90,A,https://data.sec.gov/api/xbrl/companyconcept/CIK0000906163/dei/EntityCommonStockSharesOutstanding.json#accn=0001193125-11-286412;end=2011-10-25,,,RESOLVED,,1
768,RES,2012-01-23,2012-01-23T14:50:00-05:00,0000742278,2011-10-20,2011-11-03T23:59:59-04:00,148313708,dei:EntityCommonStockSharesOutstanding,10-Q,0001188112-11-003049,2011-11-03,95,A,https://data.sec.gov/api/xbrl/companyconcept/CIK0000742278/dei/EntityCommonStockSharesOutstanding.json#accn=0001188112-11-003049;end=2011-10-20,,,RESOLVED,,1
769,ROL,2012-01-23,2012-01-23T09:44:00-05:00,0000084839,2011-10-15,2011-10-28T23:59:59-04:00,146291631,dei:EntityCommonStockSharesOutstanding,10-Q,0001104659-11-058676,2011-10-28,100,A,https://data.sec.gov/api/xbrl/companyconcept/CIK0000084839/dei/EntityCommonStockSharesOutstanding.json#accn=0001104659-11-058676;end=2011-10-15,,,RESOLVED,,1
770,SYMM,2012-01-23,2012-01-23T14:24:00-05:00,0000082628,2011-10-30,2011-11-10T23:59:59-05:00,42729345,dei:EntityCommonStockSharesOutstanding,10-Q,0001193125-11-307199,2011-11-10,85,A,https://data.sec.gov/api/xbrl/companyconcept/CIK0000082628/dei/EntityCommonStockSharesOutstanding.json#accn=0001193125-11-307199;end=2011-10-30,,,RESOLVED,,1
771,VAR,2012-01-23,2012-01-23T12:16:00-05:00,0000203527,2011-11-15,2011-11-23T23:59:59-05:00,112557988,dei:EntityCommonStockSharesOutstanding,10-K,0001193125-11-321337,2011-11-23,69,A,https://data.sec.gov/api/xbrl/companyconcept/CIK0000203527/dei/EntityCommonStockSharesOutstanding.json#accn=0001193125-11-321337;end=2011-11-15,,,RESOLVED,,1
772,WRLD,2012-01-23,2012-01-23T15:23:00-05:00,0000108385,2011-09-30,2011-11-01T23:59:59-04:00,14642565,dei:EntityCommonStockSharesOutstanding,10-Q,0001140361-11-051060,2011-11-01,115,A,https://data.sec.gov/api/xbrl/companyconcept/CIK0000108385/dei/EntityCommonStockSharesOutstanding.json#accn=0001140361-11-051060;end=2011-09-30,,,RESOLVED,,1
773,AF,2012-01-24,2012-01-24T14:48:00-05:00,0000910322,2011-10-27,2011-11-04T23:59:59-04:00,98537391,dei:EntityCommonStockSharesOutstanding,10-Q,0001144204-11-061380,2011-11-04,89,A,https://data.sec.gov/api/xbrl/companyconcept/CIK0000910322/dei/EntityCommonStockSharesOutstanding.json#accn=0001144204-11-061380;end=2011-10-27,,,RESOLVED,,1
774,BA,2012-01-24,2012-01-24T14:49:00-05:00,0000012927,2011-10-19,2011-10-26T23:59:59-04:00,743234446,dei:EntityCommonStockSharesOutstanding,10-Q,0001193125-11-281613,2011-10-26,97,A,https://data.sec.gov/api/xbrl/companyconcept/CIK0000012927/dei/EntityCommonStockSharesOutstanding.json#accn=0001193125-11-281613;end=2011-10-19,,,RESOLVED,,1
775,CA,2012-01-24,2012-01-24T13:02:00-05:00,0000356028,2011-10-20,2011-10-27T23:59:59-04:00,493391769,dei:EntityCommonStockSharesOutstanding,10-Q,0000950123-11-092486,2011-10-27,96,A,https://data.sec.gov/api/xbrl/companyconcept/CIK0000356028/dei/EntityCommonStockSharesOutstanding.json#accn=0000950123-11-092486;end=2011-10-20,,,RESOLVED,,1
776,CAT,2012-01-24,2012-01-24T14:05:00-05:00,0000018230,2011-09-30,2011-11-04T23:59:59-04:00,646620369,dei:EntityCommonStockSharesOutstanding,10-Q,0001104659-11-060986,2011-11-04,116,A,https://data.sec.gov/api/xbrl/companyconcept/CIK0000018230/dei/EntityCommonStockSharesOutstanding.json#accn=0001104659-11-060986;end=2011-09-30,,,RESOLVED,,1
777,CB,2012-01-24,2012-01-24T11:47:00-05:00,0000020171,2011-09-30,2011-11-07T23:59:59-05:00,278071725,dei:EntityCommonStockSharesOutstanding,10-Q,0000950123-11-095953,2011-11-07,116,A,https://data.sec.gov/api/xbrl/companyconcept/CIK0000020171/dei/EntityCommonStockSharesOutstanding.json#accn=0000950123-11-095953;end=2011-09-30,,,RESOLVED,,1
778,DEST,2012-01-24,2012-01-24T15:04:00-05:00,0000896985,2011-12-05,2011-12-14T23:59:59-05:00,13275477,dei:EntityCommonStockSharesOutstanding,10-K,0001193125-11-340461,2011-12-14,50,A,https://data.sec.gov/api/xbrl/companyconcept/CIK0000896985/dei/EntityCommonStockSharesOutstanding.json#accn=0001193125-11-340461;end=2011-12-05,,,RESOLVED,,1
779,HAE,2012-01-24,2012-01-24T15:25:00-05:00,0000313143,2011-10-01,2011-11-03T23:59:59-04:00,24981455,dei:EntityCommonStockSharesOutstanding,10-Q,0000950123-11-094857,2011-11-03,115,A,https://data.sec.gov/api/xbrl/companyconcept/CIK0000313143/dei/EntityCommonStockSharesOutstanding.json#accn=0000950123-11-094857;end=2011-10-01,,,RESOLVED,,1
780,HON,2012-01-24,2012-01-24T15:23:00-05:00,0000773840,2011-09-30,2011-10-21T23:59:59-04:00,773497365,dei:EntityCommonStockSharesOutstanding,10-Q,0000930413-11-006765,2011-10-21,116,A,https://data.sec.gov/api/xbrl/companyconcept/CIK0000773840/dei/EntityCommonStockSharesOutstanding.json#accn=0000930413-11-006765;end=2011-09-30,,,RESOLVED,,1
781,IBKC,2012-01-24,2012-01-24T13:23:00-05:00,0000933141,2011-11-04,2011-11-09T23:59:59-05:00,29355092,dei:EntityCommonStockSharesOutstanding,10-Q,0001193125-11-304318,2011-11-09,81,A,https://data.sec.gov/api/xbrl/companyconcept/CIK0000933141/dei/EntityCommonStockSharesOutstanding.json#accn=0001193125-11-304318;end=2011-11-04,,,RESOLVED,,1
782,IDXX,2012-01-24,2012-01-24T13:17:00-05:00,0000874716,2011-10-14,2011-10-21T23:59:59-04:00,56148671,dei:EntityCommonStockSharesOutstanding,10-Q,0001144204-11-058861,2011-10-21,102,A,https://data.sec.gov/api/xbrl/companyconcept/CIK0000874716/dei/EntityCommonStockSharesOutstanding.json#accn=0001144204-11-058861;end=2011-10-14,,,RESOLVED,,1
783,ISSI,2012-01-24,2012-01-24T14:21:00-05:00,0000854701,2011-12-09,2011-12-14T23:59:59-05:00,26339358,dei:EntityCommonStockSharesOutstanding,10-K,0001445305-11-003586,2011-12-14,46,A,https://data.sec.gov/api/xbrl/companyconcept/CIK0000854701/dei/EntityCommonStockSharesOutstanding.json#accn=0001445305-11-003586;end=2011-12-09,,,RESOLVED,,1
784,MSCC,2012-01-24,2012-01-24T14:21:00-05:00,0000310568,2011-11-14,2011-11-23T23:59:59-05:00,86851848,dei:EntityCommonStockSharesOutstanding,10-K,0001193125-11-320952,2011-11-23,71,A,https://data.sec.gov/api/xbrl/companyconcept/CIK0000310568/dei/EntityCommonStockSharesOutstanding.json#accn=0001193125-11-320952;end=2011-11-14,,,RESOLVED,,1
785,MUSA,2012-01-24,2012-01-24T11:51:00-05:00,0001362491,2011-11-14,2011-11-14T23:59:59-05:00,37058507,dei:EntityCommonStockSharesOutstanding,10-Q,0001193125-11-310967,2011-11-14,71,A,https://data.sec.gov/api/xbrl/companyconcept/CIK0001362491/dei/EntityCommonStockSharesOutstanding.json#accn=0001193125-11-310967;end=2011-11-14,,,RESOLVED,,1
786,MXIM,2012-01-24,2012-01-24T11:14:00-05:00,0000743316,2011-10-14,2011-10-26T23:59:59-04:00,291713630,dei:EntityCommonStockSharesOutstanding,10-Q,0001445305-11-003070,2011-10-26,102,A,https://data.sec.gov/api/xbrl/companyconcept/CIK0000743316/dei/EntityCommonStockSharesOutstanding.json#accn=0001445305-11-003070;end=2011-10-14,,,RESOLVED,,1
787,NVR,2012-01-24,2012-01-24T15:26:00-05:00,0000906163,2011-10-25,2011-10-28T23:59:59-04:00,4976408,dei:EntityCommonStockSharesOutstanding,10-Q,0001193125-11-286412,2011-10-28,91,A,https://data.sec.gov/api/xbrl/companyconcept/CIK0000906163/dei/EntityCommonStockSharesOutstanding.json#accn=0001193125-11-286412;end=2011-10-25,,,RESOLVED,,1
788,RES,2012-01-24,2012-01-24T14:50:00-05:00,0000742278,2011-10-20,2011-11-03T23:59:59-04:00,148313708,dei:EntityCommonStockSharesOutstanding,10-Q,0001188112-11-003049,2011-11-03,96,A,https://data.sec.gov/api/xbrl/companyconcept/CIK0000742278/dei/EntityCommonStockSharesOutstanding.json#accn=0001188112-11-003049;end=2011-10-20,,,RESOLVED,,1
789,ROL,2012-01-24,2012-01-24T09:44:00-05:00,0000084839,2011-10-15,2011-10-28T23:59:59-04:00,146291631,dei:EntityCommonStockSharesOutstanding,10-Q,0001104659-11-058676,2011-10-28,101,A,https://data.sec.gov/api/xbrl/companyconcept/CIK0000084839/dei/EntityCommonStockSharesOutstanding.json#accn=0001104659-11-058676;end=2011-10-15,,,RESOLVED,,1
790,SYMM,2012-01-24,2012-01-24T14:24:00-05:00,0000082628,2011-10-30,2011-11-10T23:59:59-05:00,42729345,dei:EntityCommonStockSharesOutstanding,10-Q,0001193125-11-307199,2011-11-10,86,A,https://data.sec.gov/api/xbrl/companyconcept/CIK0000082628/dei/EntityCommonStockSharesOutstanding.json#accn=0001193125-11-307199;end=2011-10-30,,,RESOLVED,,1
791,VAR,2012-01-24,2012-01-24T12:16:00-05:00,0000203527,2011-11-15,2011-11-23T23:59:59-05:00,112557988,dei:EntityCommonStockSharesOutstanding,10-K,0001193125-11-321337,2011-11-23,70,A,https://data.sec.gov/api/xbrl/companyconcept/CIK0000203527/dei/EntityCommonStockSharesOutstanding.json#accn=0001193125-11-321337;end=2011-11-15,,,RESOLVED,,1
792,WRLD,2012-01-24,2012-01-24T15:23:00-05:00,0000108385,2011-09-30,2011-11-01T23:59:59-04:00,14642565,dei:EntityCommonStockSharesOutstanding,10-Q,0001140361-11-051060,2011-11-01,116,A,https://data.sec.gov/api/xbrl/companyconcept/CIK0000108385/dei/EntityCommonStockSharesOutstanding.json#accn=0001140361-11-051060;end=2011-09-30,,,RESOLVED,,1
793,AF,2012-01-25,2012-01-25T14:48:00-05:00,0000910322,2011-10-27,2011-11-04T23:59:59-04:00,98537391,dei:EntityCommonStockSharesOutstanding,10-Q,0001144204-11-061380,2011-11-04,90,A,https://data.sec.gov/api/xbrl/companyconcept/CIK0000910322/dei/EntityCommonStockSharesOutstanding.json#accn=0001144204-11-061380;end=2011-10-27,,,RESOLVED,,1
794,CAT,2012-01-25,2012-01-25T14:05:00-05:00,0000018230,2011-09-30,2011-11-04T23:59:59-04:00,646620369,dei:EntityCommonStockSharesOutstanding,10-Q,0001104659-11-060986,2011-11-04,117,A,https://data.sec.gov/api/xbrl/companyconcept/CIK0000018230/dei/EntityCommonStockSharesOutstanding.json#accn=0001104659-11-060986;end=2011-09-30,,,RESOLVED,,1
795,CB,2012-01-25,2012-01-25T11:47:00-05:00,0000020171,2011-09-30,2011-11-07T23:59:59-05:00,278071725,dei:EntityCommonStockSharesOutstanding,10-Q,0000950123-11-095953,2011-11-07,117,A,https://data.sec.gov/api/xbrl/companyconcept/CIK0000020171/dei/EntityCommonStockSharesOutstanding.json#accn=0000950123-11-095953;end=2011-09-30,,,RESOLVED,,1
796,DEST,2012-01-25,2012-01-25T15:04:00-05:00,0000896985,2011-12-05,2011-12-14T23:59:59-05:00,13275477,dei:EntityCommonStockSharesOutstanding,10-K,0001193125-11-340461,2011-12-14,51,A,https://data.sec.gov/api/xbrl/companyconcept/CIK0000896985/dei/EntityCommonStockSharesOutstanding.json#accn=0001193125-11-340461;end=2011-12-05,,,RESOLVED,,1
797,HAE,2012-01-25,2012-01-25T15:25:00-05:00,0000313143,2011-10-01,2011-11-03T23:59:59-04:00,24981455,dei:EntityCommonStockSharesOutstanding,10-Q,0000950123-11-094857,2011-11-03,116,A,https://data.sec.gov/api/xbrl/companyconcept/CIK0000313143/dei/EntityCommonStockSharesOutstanding.json#accn=0000950123-11-094857;end=2011-10-01,,,RESOLVED,,1
798,HON,2012-01-25,2012-01-25T15:23:00-05:00,0000773840,2011-09-30,2011-10-21T23:59:59-04:00,773497365,dei:EntityCommonStockSharesOutstanding,10-Q,0000930413-11-006765,2011-10-21,117,A,https://data.sec.gov/api/xbrl/companyconcept/CIK0000773840/dei/EntityCommonStockSharesOutstanding.json#accn=0000930413-11-006765;end=2011-09-30,,,RESOLVED,,1
799,IDXX,2012-01-25,2012-01-25T13:17:00-05:00,0000874716,2011-10-14,2011-10-21T23:59:59-04:00,56148671,dei:EntityCommonStockSharesOutstanding,10-Q,0001144204-11-058861,2011-10-21,103,A,https://data.sec.gov/api/xbrl/companyconcept/CIK0000874716/dei/EntityCommonStockSharesOutstanding.json#accn=0001144204-11-058861;end=2011-10-14,,,RESOLVED,,1
800,ISSI,2012-01-25,2012-01-25T14:21:00-05:00,0000854701,2011-12-09,2011-12-14T23:59:59-05:00,26339358,dei:EntityCommonStockSharesOutstanding,10-K,0001445305-11-003586,2011-12-14,47,A,https://data.sec.gov/api/xbrl/companyconcept/CIK0000854701/dei/EntityCommonStockSharesOutstanding.json#accn=0001445305-11-003586;end=2011-12-09,,,RESOLVED,,1
801,MSCC,2012-01-25,2012-01-25T14:21:00-05:00,0000310568,2011-11-14,2011-11-23T23:59:59-05:00,86851848,dei:EntityCommonStockSharesOutstanding,10-K,0001193125-11-320952,2011-11-23,72,A,https://data.sec.gov/api/xbrl/companyconcept/CIK0000310568/dei/EntityCommonStockSharesOutstanding.json#accn=0001193125-11-320952;end=2011-11-14,,,RESOLVED,,1
802,MUSA,2012-01-25,2012-01-25T11:51:00-05:00,0001362491,2011-11-14,2011-11-14T23:59:59-05:00,37058507,dei:EntityCommonStockSharesOutstanding,10-Q,0001193125-11-310967,2011-11-14,72,A,https://data.sec.gov/api/xbrl/companyconcept/CIK0001362491/dei/EntityCommonStockSharesOutstanding.json#accn=0001193125-11-310967;end=2011-11-14,,,RESOLVED,,1
803,MXIM,2012-01-25,2012-01-25T11:14:00-05:00,0000743316,2011-10-14,2011-10-26T23:59:59-04:00,291713630,dei:EntityCommonStockSharesOutstanding,10-Q,0001445305-11-003070,2011-10-26,103,A,https://data.sec.gov/api/xbrl/companyconcept/CIK0000743316/dei/EntityCommonStockSharesOutstanding.json#accn=0001445305-11-003070;end=2011-10-14,,,RESOLVED,,1
804,NVR,2012-01-25,2012-01-25T15:26:00-05:00,0000906163,2011-10-25,2011-10-28T23:59:59-04:00,4976408,dei:EntityCommonStockSharesOutstanding,10-Q,0001193125-11-286412,2011-10-28,92,A,https://data.sec.gov/api/xbrl/companyconcept/CIK0000906163/dei/EntityCommonStockSharesOutstanding.json#accn=0001193125-11-286412;end=2011-10-25,,,RESOLVED,,1
805,SYMM,2012-01-25,2012-01-25T14:24:00-05:00,0000082628,2011-10-30,2011-11-10T23:59:59-05:00,42729345,dei:EntityCommonStockSharesOutstanding,10-Q,0001193125-11-307199,2011-11-10,87,A,https://data.sec.gov/api/xbrl/companyconcept/CIK0000082628/dei/EntityCommonStockSharesOutstanding.json#accn=0001193125-11-307199;end=2011-10-30,,,RESOLVED,,1
806,VAR,2012-01-25,2012-01-25T12:16:00-05:00,0000203527,2011-11-15,2011-11-23T23:59:59-05:00,112557988,dei:EntityCommonStockSharesOutstanding,10-K,0001193125-11-321337,2011-11-23,71,A,https://data.sec.gov/api/xbrl/companyconcept/CIK0000203527/dei/EntityCommonStockSharesOutstanding.json#accn=0001193125-11-321337;end=2011-11-15,,,RESOLVED,,1
807,CB,2012-01-26,2012-01-26T11:47:00-05:00,0000020171,2011-09-30,2011-11-07T23:59:59-05:00,278071725,dei:EntityCommonStockSharesOutstanding,10-Q,0000950123-11-095953,2011-11-07,118,A,https://data.sec.gov/api/xbrl/companyconcept/CIK0000020171/dei/EntityCommonStockSharesOutstanding.json#accn=0000950123-11-095953;end=2011-09-30,,,RESOLVED,,1
808,HAE,2012-01-26,2012-01-26T15:25:00-05:00,0000313143,2011-10-01,2011-11-03T23:59:59-04:00,24981455,dei:EntityCommonStockSharesOutstanding,10-Q,0000950123-11-094857,2011-11-03,117,A,https://data.sec.gov/api/xbrl/companyconcept/CIK0000313143/dei/EntityCommonStockSharesOutstanding.json#accn=0000950123-11-094857;end=2011-10-01,,,RESOLVED,,1
809,HON,2012-01-26,2012-01-26T15:23:00-05:00,0000773840,2011-09-30,2011-10-21T23:59:59-04:00,773497365,dei:EntityCommonStockSharesOutstanding,10-Q,0000930413-11-006765,2011-10-21,118,A,https://data.sec.gov/api/xbrl/companyconcept/CIK0000773840/dei/EntityCommonStockSharesOutstanding.json#accn=0000930413-11-006765;end=2011-09-30,,,RESOLVED,,1
810,IDXX,2012-01-26,2012-01-26T13:17:00-05:00,0000874716,2011-10-14,2011-10-21T23:59:59-04:00,56148671,dei:EntityCommonStockSharesOutstanding,10-Q,0001144204-11-058861,2011-10-21,104,A,https://data.sec.gov/api/xbrl/companyconcept/CIK0000874716/dei/EntityCommonStockSharesOutstanding.json#accn=0001144204-11-058861;end=2011-10-14,,,RESOLVED,,1
811,MSCC,2012-01-26,2012-01-26T14:21:00-05:00,0000310568,2011-11-14,2011-11-23T23:59:59-05:00,86851848,dei:EntityCommonStockSharesOutstanding,10-K,0001193125-11-320952,2011-11-23,73,A,https://data.sec.gov/api/xbrl/companyconcept/CIK0000310568/dei/EntityCommonStockSharesOutstanding.json#accn=0001193125-11-320952;end=2011-11-14,,,RESOLVED,,1
812,MUSA,2012-01-26,2012-01-26T11:51:00-05:00,0001362491,2011-11-14,2011-11-14T23:59:59-05:00,37058507,dei:EntityCommonStockSharesOutstanding,10-Q,0001193125-11-310967,2011-11-14,73,A,https://data.sec.gov/api/xbrl/companyconcept/CIK0001362491/dei/EntityCommonStockSharesOutstanding.json#accn=0001193125-11-310967;end=2011-11-14,,,RESOLVED,,1
813,MXIM,2012-01-26,2012-01-26T11:14:00-05:00,0000743316,2011-10-14,2011-10-26T23:59:59-04:00,291713630,dei:EntityCommonStockSharesOutstanding,10-Q,0001445305-11-003070,2011-10-26,104,A,https://data.sec.gov/api/xbrl/companyconcept/CIK0000743316/dei/EntityCommonStockSharesOutstanding.json#accn=0001445305-11-003070;end=2011-10-14,,,RESOLVED,,1
814,HAE,2012-01-27,2012-01-27T15:25:00-05:00,0000313143,2011-10-01,2011-11-03T23:59:59-04:00,24981455,dei:EntityCommonStockSharesOutstanding,10-Q,0000950123-11-094857,2011-11-03,118,A,https://data.sec.gov/api/xbrl/companyconcept/CIK0000313143/dei/EntityCommonStockSharesOutstanding.json#accn=0000950123-11-094857;end=2011-10-01,,,RESOLVED,,1
815,DGI,2012-06-29,2012-06-29T11:51:00-04:00,0001208208,2012-04-27,2012-05-01T23:59:59-04:00,46606812,dei:EntityCommonStockSharesOutstanding,10-Q,0001193125-12-200736,2012-05-01,63,A,https://data.sec.gov/api/xbrl/companyconcept/CIK0001208208/dei/EntityCommonStockSharesOutstanding.json#accn=0001193125-12-200736;end=2012-04-27,,,RESOLVED,,1
816,DGI,2012-07-02,2012-07-02T11:51:00-04:00,0001208208,2012-04-27,2012-05-01T23:59:59-04:00,46606812,dei:EntityCommonStockSharesOutstanding,10-Q,0001193125-12-200736,2012-05-01,66,A,https://data.sec.gov/api/xbrl/companyconcept/CIK0001208208/dei/EntityCommonStockSharesOutstanding.json#accn=0001193125-12-200736;end=2012-04-27,,,RESOLVED,,1
817,DGI,2012-07-03,2012-07-03T11:51:00-04:00,0001208208,2012-04-27,2012-05-01T23:59:59-04:00,46606812,dei:EntityCommonStockSharesOutstanding,10-Q,0001193125-12-200736,2012-05-01,67,A,https://data.sec.gov/api/xbrl/companyconcept/CIK0001208208/dei/EntityCommonStockSharesOutstanding.json#accn=0001193125-12-200736;end=2012-04-27,,,RESOLVED,,1
818,DGI,2012-07-05,2012-07-05T11:51:00-04:00,0001208208,2012-04-27,2012-05-01T23:59:59-04:00,46606812,dei:EntityCommonStockSharesOutstanding,10-Q,0001193125-12-200736,2012-05-01,69,A,https://data.sec.gov/api/xbrl/companyconcept/CIK0001208208/dei/EntityCommonStockSharesOutstanding.json#accn=0001193125-12-200736;end=2012-04-27,,,RESOLVED,,1
819,DGI,2012-07-06,2012-07-06T11:51:00-04:00,0001208208,2012-04-27,2012-05-01T23:59:59-04:00,46606812,dei:EntityCommonStockSharesOutstanding,10-Q,0001193125-12-200736,2012-05-01,70,A,https://data.sec.gov/api/xbrl/companyconcept/CIK0001208208/dei/EntityCommonStockSharesOutstanding.json#accn=0001193125-12-200736;end=2012-04-27,,,RESOLVED,,1
820,DGI,2012-07-09,2012-07-09T11:51:00-04:00,0001208208,2012-04-27,2012-05-01T23:59:59-04:00,46606812,dei:EntityCommonStockSharesOutstanding,10-Q,0001193125-12-200736,2012-05-01,73,A,https://data.sec.gov/api/xbrl/companyconcept/CIK0001208208/dei/EntityCommonStockSharesOutstanding.json#accn=0001193125-12-200736;end=2012-04-27,,,RESOLVED,,1
821,DGI,2012-07-10,2012-07-10T11:51:00-04:00,0001208208,2012-04-27,2012-05-01T23:59:59-04:00,46606812,dei:EntityCommonStockSharesOutstanding,10-Q,0001193125-12-200736,2012-05-01,74,A,https://data.sec.gov/api/xbrl/companyconcept/CIK0001208208/dei/EntityCommonStockSharesOutstanding.json#accn=0001193125-12-200736;end=2012-04-27,,,RESOLVED,,1
822,DGI,2012-07-11,2012-07-11T11:51:00-04:00,0001208208,2012-04-27,2012-05-01T23:59:59-04:00,46606812,dei:EntityCommonStockSharesOutstanding,10-Q,0001193125-12-200736,2012-05-01,75,A,https://data.sec.gov/api/xbrl/companyconcept/CIK0001208208/dei/EntityCommonStockSharesOutstanding.json#accn=0001193125-12-200736;end=2012-04-27,,,RESOLVED,,1
823,DGI,2012-07-12,2012-07-12T11:51:00-04:00,0001208208,2012-04-27,2012-05-01T23:59:59-04:00,46606812,dei:EntityCommonStockSharesOutstanding,10-Q,0001193125-12-200736,2012-05-01,76,A,https://data.sec.gov/api/xbrl/companyconcept/CIK0001208208/dei/EntityCommonStockSharesOutstanding.json#accn=0001193125-12-200736;end=2012-04-27,,,RESOLVED,,1
824,DGI,2012-07-13,2012-07-13T11:51:00-04:00,0001208208,2012-04-27,2012-05-01T23:59:59-04:00,46606812,dei:EntityCommonStockSharesOutstanding,10-Q,0001193125-12-200736,2012-05-01,77,A,https://data.sec.gov/api/xbrl/companyconcept/CIK0001208208/dei/EntityCommonStockSharesOutstanding.json#accn=0001193125-12-200736;end=2012-04-27,,,RESOLVED,,1
825,DGI,2012-07-16,2012-07-16T11:51:00-04:00,0001208208,2012-04-27,2012-05-01T23:59:59-04:00,46606812,dei:EntityCommonStockSharesOutstanding,10-Q,0001193125-12-200736,2012-05-01,80,A,https://data.sec.gov/api/xbrl/companyconcept/CIK0001208208/dei/EntityCommonStockSharesOutstanding.json#accn=0001193125-12-200736;end=2012-04-27,,,RESOLVED,,1
826,DGI,2012-07-17,2012-07-17T11:51:00-04:00,0001208208,2012-04-27,2012-05-01T23:59:59-04:00,46606812,dei:EntityCommonStockSharesOutstanding,10-Q,0001193125-12-200736,2012-05-01,81,A,https://data.sec.gov/api/xbrl/companyconcept/CIK0001208208/dei/EntityCommonStockSharesOutstanding.json#accn=0001193125-12-200736;end=2012-04-27,,,RESOLVED,,1
827,DGI,2012-07-18,2012-07-18T11:51:00-04:00,0001208208,2012-04-27,2012-05-01T23:59:59-04:00,46606812,dei:EntityCommonStockSharesOutstanding,10-Q,0001193125-12-200736,2012-05-01,82,A,https://data.sec.gov/api/xbrl/companyconcept/CIK0001208208/dei/EntityCommonStockSharesOutstanding.json#accn=0001193125-12-200736;end=2012-04-27,,,RESOLVED,,1
828,DGI,2012-07-19,2012-07-19T11:51:00-04:00,0001208208,2012-04-27,2012-05-01T23:59:59-04:00,46606812,dei:EntityCommonStockSharesOutstanding,10-Q,0001193125-12-200736,2012-05-01,83,A,https://data.sec.gov/api/xbrl/companyconcept/CIK0001208208/dei/EntityCommonStockSharesOutstanding.json#accn=0001193125-12-200736;end=2012-04-27,,,RESOLVED,,1
829,DGI,2012-07-20,2012-07-20T11:51:00-04:00,0001208208,2012-04-27,2012-05-01T23:59:59-04:00,46606812,dei:EntityCommonStockSharesOutstanding,10-Q,0001193125-12-200736,2012-05-01,84,A,https://data.sec.gov/api/xbrl/companyconcept/CIK0001208208/dei/EntityCommonStockSharesOutstanding.json#accn=0001193125-12-200736;end=2012-04-27,,,RESOLVED,,1
830,DGI,2012-07-23,2012-07-23T11:51:00-04:00,0001208208,2012-04-27,2012-05-01T23:59:59-04:00,46606812,dei:EntityCommonStockSharesOutstanding,10-Q,0001193125-12-200736,2012-05-01,87,A,https://data.sec.gov/api/xbrl/companyconcept/CIK0001208208/dei/EntityCommonStockSharesOutstanding.json#accn=0001193125-12-200736;end=2012-04-27,,,RESOLVED,,1
831,DGI,2012-07-24,2012-07-24T11:51:00-04:00,0001208208,2012-04-27,2012-05-01T23:59:59-04:00,46606812,dei:EntityCommonStockSharesOutstanding,10-Q,0001193125-12-200736,2012-05-01,88,A,https://data.sec.gov/api/xbrl/companyconcept/CIK0001208208/dei/EntityCommonStockSharesOutstanding.json#accn=0001193125-12-200736;end=2012-04-27,,,RESOLVED,,1
832,DGI,2012-07-25,2012-07-25T11:51:00-04:00,0001208208,2012-04-27,2012-05-01T23:59:59-04:00,46606812,dei:EntityCommonStockSharesOutstanding,10-Q,0001193125-12-200736,2012-05-01,89,A,https://data.sec.gov/api/xbrl/companyconcept/CIK0001208208/dei/EntityCommonStockSharesOutstanding.json#accn=0001193125-12-200736;end=2012-04-27,,,RESOLVED,,1
833,DGI,2012-07-26,2012-07-26T11:51:00-04:00,0001208208,2012-04-27,2012-05-01T23:59:59-04:00,46606812,dei:EntityCommonStockSharesOutstanding,10-Q,0001193125-12-200736,2012-05-01,90,A,https://data.sec.gov/api/xbrl/companyconcept/CIK0001208208/dei/EntityCommonStockSharesOutstanding.json#accn=0001193125-12-200736;end=2012-04-27,,,RESOLVED,,1
834,DGI,2012-07-27,2012-07-27T11:51:00-04:00,0001208208,2012-04-27,2012-05-01T23:59:59-04:00,46606812,dei:EntityCommonStockSharesOutstanding,10-Q,0001193125-12-200736,2012-05-01,91,A,https://data.sec.gov/api/xbrl/companyconcept/CIK0001208208/dei/EntityCommonStockSharesOutstanding.json#accn=0001193125-12-200736;end=2012-04-27,,,RESOLVED,,1
835,DGI,2012-07-30,2012-07-30T11:51:00-04:00,0001208208,2012-04-27,2012-05-01T23:59:59-04:00,46606812,dei:EntityCommonStockSharesOutstanding,10-Q,0001193125-12-200736,2012-05-01,94,A,https://data.sec.gov/api/xbrl/companyconcept/CIK0001208208/dei/EntityCommonStockSharesOutstanding.json#accn=0001193125-12-200736;end=2012-04-27,,,RESOLVED,,1
836,DGI,2012-07-31,2012-07-31T11:51:00-04:00,0001208208,2012-04-27,2012-05-01T23:59:59-04:00,46606812,dei:EntityCommonStockSharesOutstanding,10-Q,0001193125-12-200736,2012-05-01,95,A,https://data.sec.gov/api/xbrl/companyconcept/CIK0001208208/dei/EntityCommonStockSharesOutstanding.json#accn=0001193125-12-200736;end=2012-04-27,,,RESOLVED,,1
837,AVA,2013-01-17,2013-01-17T15:16:00-05:00,0000104918,2012-10-31,2012-11-07T23:59:59-05:00,59763977,dei:EntityCommonStockSharesOutstanding,10-Q,0001193125-12-457700,2012-11-07,78,A,https://data.sec.gov/api/xbrl/companyconcept/CIK0000104918/dei/EntityCommonStockSharesOutstanding.json#accn=0001193125-12-457700;end=2012-10-31,,,RESOLVED,,1
838,AVA,2013-01-18,2013-01-18T15:16:00-05:00,0000104918,2012-10-31,2012-11-07T23:59:59-05:00,59763977,dei:EntityCommonStockSharesOutstanding,10-Q,0001193125-12-457700,2012-11-07,79,A,https://data.sec.gov/api/xbrl/companyconcept/CIK0000104918/dei/EntityCommonStockSharesOutstanding.json#accn=0001193125-12-457700;end=2012-10-31,,,RESOLVED,,1
839,AVA,2013-01-22,2013-01-22T15:16:00-05:00,0000104918,2012-10-31,2012-11-07T23:59:59-05:00,59763977,dei:EntityCommonStockSharesOutstanding,10-Q,0001193125-12-457700,2012-11-07,83,A,https://data.sec.gov/api/xbrl/companyconcept/CIK0000104918/dei/EntityCommonStockSharesOutstanding.json#accn=0001193125-12-457700;end=2012-10-31,,,RESOLVED,,1
840,AVA,2013-01-23,2013-01-23T15:16:00-05:00,0000104918,2012-10-31,2012-11-07T23:59:59-05:00,59763977,dei:EntityCommonStockSharesOutstanding,10-Q,0001193125-12-457700,2012-11-07,84,A,https://data.sec.gov/api/xbrl/companyconcept/CIK0000104918/dei/EntityCommonStockSharesOutstanding.json#accn=0001193125-12-457700;end=2012-10-31,,,RESOLVED,,1
841,AVA,2013-01-24,2013-01-24T15:16:00-05:00,0000104918,2012-10-31,2012-11-07T23:59:59-05:00,59763977,dei:EntityCommonStockSharesOutstanding,10-Q,0001193125-12-457700,2012-11-07,85,A,https://data.sec.gov/api/xbrl/companyconcept/CIK0000104918/dei/EntityCommonStockSharesOutstanding.json#accn=0001193125-12-457700;end=2012-10-31,,,RESOLVED,,1
842,AVA,2013-01-25,2013-01-25T15:16:00-05:00,0000104918,2012-10-31,2012-11-07T23:59:59-05:00,59763977,dei:EntityCommonStockSharesOutstanding,10-Q,0001193125-12-457700,2012-11-07,86,A,https://data.sec.gov/api/xbrl/companyconcept/CIK0000104918/dei/EntityCommonStockSharesOutstanding.json#accn=0001193125-12-457700;end=2012-10-31,,,RESOLVED,,1
843,AVA,2013-01-28,2013-01-28T15:16:00-05:00,0000104918,2012-10-31,2012-11-07T23:59:59-05:00,59763977,dei:EntityCommonStockSharesOutstanding,10-Q,0001193125-12-457700,2012-11-07,89,A,https://data.sec.gov/api/xbrl/companyconcept/CIK0000104918/dei/EntityCommonStockSharesOutstanding.json#accn=0001193125-12-457700;end=2012-10-31,,,RESOLVED,,1
844,AVA,2013-01-29,2013-01-29T15:16:00-05:00,0000104918,2012-10-31,2012-11-07T23:59:59-05:00,59763977,dei:EntityCommonStockSharesOutstanding,10-Q,0001193125-12-457700,2012-11-07,90,A,https://data.sec.gov/api/xbrl/companyconcept/CIK0000104918/dei/EntityCommonStockSharesOutstanding.json#accn=0001193125-12-457700;end=2012-10-31,,,RESOLVED,,1
845,AVA,2013-01-30,2013-01-30T15:16:00-05:00,0000104918,2012-10-31,2012-11-07T23:59:59-05:00,59763977,dei:EntityCommonStockSharesOutstanding,10-Q,0001193125-12-457700,2012-11-07,91,A,https://data.sec.gov/api/xbrl/companyconcept/CIK0000104918/dei/EntityCommonStockSharesOutstanding.json#accn=0001193125-12-457700;end=2012-10-31,,,RESOLVED,,1
846,AVA,2013-01-31,2013-01-31T15:16:00-05:00,0000104918,2012-10-31,2012-11-07T23:59:59-05:00,59763977,dei:EntityCommonStockSharesOutstanding,10-Q,0001193125-12-457700,2012-11-07,92,A,https://data.sec.gov/api/xbrl/companyconcept/CIK0000104918/dei/EntityCommonStockSharesOutstanding.json#accn=0001193125-12-457700;end=2012-10-31,,,RESOLVED,,1
847,AVA,2013-02-01,2013-02-01T15:16:00-05:00,0000104918,2012-10-31,2012-11-07T23:59:59-05:00,59763977,dei:EntityCommonStockSharesOutstanding,10-Q,0001193125-12-457700,2012-11-07,93,A,https://data.sec.gov/api/xbrl/companyconcept/CIK0000104918/dei/EntityCommonStockSharesOutstanding.json#accn=0001193125-12-457700;end=2012-10-31,,,RESOLVED,,1
848,AVA,2013-02-04,2013-02-04T15:16:00-05:00,0000104918,2012-10-31,2012-11-07T23:59:59-05:00,59763977,dei:EntityCommonStockSharesOutstanding,10-Q,0001193125-12-457700,2012-11-07,96,A,https://data.sec.gov/api/xbrl/companyconcept/CIK0000104918/dei/EntityCommonStockSharesOutstanding.json#accn=0001193125-12-457700;end=2012-10-31,,,RESOLVED,,1
849,AVA,2013-02-05,2013-02-05T15:16:00-05:00,0000104918,2012-10-31,2012-11-07T23:59:59-05:00,59763977,dei:EntityCommonStockSharesOutstanding,10-Q,0001193125-12-457700,2012-11-07,97,A,https://data.sec.gov/api/xbrl/companyconcept/CIK0000104918/dei/EntityCommonStockSharesOutstanding.json#accn=0001193125-12-457700;end=2012-10-31,,,RESOLVED,,1
850,AVA,2013-02-06,2013-02-06T15:16:00-05:00,0000104918,2012-10-31,2012-11-07T23:59:59-05:00,59763977,dei:EntityCommonStockSharesOutstanding,10-Q,0001193125-12-457700,2012-11-07,98,A,https://data.sec.gov/api/xbrl/companyconcept/CIK0000104918/dei/EntityCommonStockSharesOutstanding.json#accn=0001193125-12-457700;end=2012-10-31,,,RESOLVED,,1
851,AVA,2013-02-07,2013-02-07T15:16:00-05:00,0000104918,2012-10-31,2012-11-07T23:59:59-05:00,59763977,dei:EntityCommonStockSharesOutstanding,10-Q,0001193125-12-457700,2012-11-07,99,A,https://data.sec.gov/api/xbrl/companyconcept/CIK0000104918/dei/EntityCommonStockSharesOutstanding.json#accn=0001193125-12-457700;end=2012-10-31,,,RESOLVED,,1
852,AVA,2013-02-08,2013-02-08T15:16:00-05:00,0000104918,2012-10-31,2012-11-07T23:59:59-05:00,59763977,dei:EntityCommonStockSharesOutstanding,10-Q,0001193125-12-457700,2012-11-07,100,A,https://data.sec.gov/api/xbrl/companyconcept/CIK0000104918/dei/EntityCommonStockSharesOutstanding.json#accn=0001193125-12-457700;end=2012-10-31,,,RESOLVED,,1
853,AVA,2013-02-11,2013-02-11T15:16:00-05:00,0000104918,2012-10-31,2012-11-07T23:59:59-05:00,59763977,dei:EntityCommonStockSharesOutstanding,10-Q,0001193125-12-457700,2012-11-07,103,A,https://data.sec.gov/api/xbrl/companyconcept/CIK0000104918/dei/EntityCommonStockSharesOutstanding.json#accn=0001193125-12-457700;end=2012-10-31,,,RESOLVED,,1
854,AVA,2013-02-12,2013-02-12T15:16:00-05:00,0000104918,2012-10-31,2012-11-07T23:59:59-05:00,59763977,dei:EntityCommonStockSharesOutstanding,10-Q,0001193125-12-457700,2012-11-07,104,A,https://data.sec.gov/api/xbrl/companyconcept/CIK0000104918/dei/EntityCommonStockSharesOutstanding.json#accn=0001193125-12-457700;end=2012-10-31,,,RESOLVED,,1
855,AVA,2013-02-13,2013-02-13T15:16:00-05:00,0000104918,2012-10-31,2012-11-07T23:59:59-05:00,59763977,dei:EntityCommonStockSharesOutstanding,10-Q,0001193125-12-457700,2012-11-07,105,A,https://data.sec.gov/api/xbrl/companyconcept/CIK0000104918/dei/EntityCommonStockSharesOutstanding.json#accn=0001193125-12-457700;end=2012-10-31,,,RESOLVED,,1
856,AVA,2013-02-14,2013-02-14T15:16:00-05:00,0000104918,2012-10-31,2012-11-07T23:59:59-05:00,59763977,dei:EntityCommonStockSharesOutstanding,10-Q,0001193125-12-457700,2012-11-07,106,A,https://data.sec.gov/api/xbrl/companyconcept/CIK0000104918/dei/EntityCommonStockSharesOutstanding.json#accn=0001193125-12-457700;end=2012-10-31,,,RESOLVED,,1
857,AVA,2013-02-15,2013-02-15T15:16:00-05:00,0000104918,2012-10-31,2012-11-07T23:59:59-05:00,59763977,dei:EntityCommonStockSharesOutstanding,10-Q,0001193125-12-457700,2012-11-07,107,A,https://data.sec.gov/api/xbrl/companyconcept/CIK0000104918/dei/EntityCommonStockSharesOutstanding.json#accn=0001193125-12-457700;end=2012-10-31,,,RESOLVED,,1
858,AVA,2013-02-19,2013-02-19T15:16:00-05:00,0000104918,2012-10-31,2012-11-07T23:59:59-05:00,59763977,dei:EntityCommonStockSharesOutstanding,10-Q,0001193125-12-457700,2012-11-07,111,A,https://data.sec.gov/api/xbrl/companyconcept/CIK0000104918/dei/EntityCommonStockSharesOutstanding.json#accn=0001193125-12-457700;end=2012-10-31,,,RESOLVED,,1
859,MKC,2013-02-28,2013-02-28T15:08:00-05:00,0000063754,2012-12-31,2013-01-25T23:59:59-05:00,132678095,sec_cover_page,10-K,0000063754-13-000002,2013-01-25,59,A,https://www.sec.gov/Archives/edgar/data/63754/000006375413000002/mkc-11302012x10k.htm,,,RESOLVED,,1
860,MKC,2013-03-01,2013-03-01T15:08:00-05:00,0000063754,2012-12-31,2013-01-25T23:59:59-05:00,132678095,sec_cover_page,10-K,0000063754-13-000002,2013-01-25,60,A,https://www.sec.gov/Archives/edgar/data/63754/000006375413000002/mkc-11302012x10k.htm,,,RESOLVED,,1
861,MKC,2013-03-04,2013-03-04T15:08:00-05:00,0000063754,2012-12-31,2013-01-25T23:59:59-05:00,132678095,sec_cover_page,10-K,0000063754-13-000002,2013-01-25,63,A,https://www.sec.gov/Archives/edgar/data/63754/000006375413000002/mkc-11302012x10k.htm,,,RESOLVED,,1
862,MKC,2013-03-05,2013-03-05T15:08:00-05:00,0000063754,2012-12-31,2013-01-25T23:59:59-05:00,132678095,sec_cover_page,10-K,0000063754-13-000002,2013-01-25,64,A,https://www.sec.gov/Archives/edgar/data/63754/000006375413000002/mkc-11302012x10k.htm,,,RESOLVED,,1
863,MKC,2013-03-06,2013-03-06T15:08:00-05:00,0000063754,2012-12-31,2013-01-25T23:59:59-05:00,132678095,sec_cover_page,10-K,0000063754-13-000002,2013-01-25,65,A,https://www.sec.gov/Archives/edgar/data/63754/000006375413000002/mkc-11302012x10k.htm,,,RESOLVED,,1
864,MKC,2013-03-07,2013-03-07T15:08:00-05:00,0000063754,2012-12-31,2013-01-25T23:59:59-05:00,132678095,sec_cover_page,10-K,0000063754-13-000002,2013-01-25,66,A,https://www.sec.gov/Archives/edgar/data/63754/000006375413000002/mkc-11302012x10k.htm,,,RESOLVED,,1
865,MKC,2013-03-08,2013-03-08T15:08:00-05:00,0000063754,2012-12-31,2013-01-25T23:59:59-05:00,132678095,sec_cover_page,10-K,0000063754-13-000002,2013-01-25,67,A,https://www.sec.gov/Archives/edgar/data/63754/000006375413000002/mkc-11302012x10k.htm,,,RESOLVED,,1
866,MKC,2013-03-11,2013-03-11T15:08:00-04:00,0000063754,2012-12-31,2013-01-25T23:59:59-05:00,132678095,sec_cover_page,10-K,0000063754-13-000002,2013-01-25,70,A,https://www.sec.gov/Archives/edgar/data/63754/000006375413000002/mkc-11302012x10k.htm,,,RESOLVED,,1
867,MKC,2013-03-12,2013-03-12T15:08:00-04:00,0000063754,2012-12-31,2013-01-25T23:59:59-05:00,132678095,sec_cover_page,10-K,0000063754-13-000002,2013-01-25,71,A,https://www.sec.gov/Archives/edgar/data/63754/000006375413000002/mkc-11302012x10k.htm,,,RESOLVED,,1
868,MKC,2013-03-13,2013-03-13T15:08:00-04:00,0000063754,2012-12-31,2013-01-25T23:59:59-05:00,132678095,sec_cover_page,10-K,0000063754-13-000002,2013-01-25,72,A,https://www.sec.gov/Archives/edgar/data/63754/000006375413000002/mkc-11302012x10k.htm,,,RESOLVED,,1
869,MKC,2013-03-14,2013-03-14T15:08:00-04:00,0000063754,2012-12-31,2013-01-25T23:59:59-05:00,132678095,sec_cover_page,10-K,0000063754-13-000002,2013-01-25,73,A,https://www.sec.gov/Archives/edgar/data/63754/000006375413000002/mkc-11302012x10k.htm,,,RESOLVED,,1
870,MKC,2013-03-15,2013-03-15T15:08:00-04:00,0000063754,2012-12-31,2013-01-25T23:59:59-05:00,132678095,sec_cover_page,10-K,0000063754-13-000002,2013-01-25,74,A,https://www.sec.gov/Archives/edgar/data/63754/000006375413000002/mkc-11302012x10k.htm,,,RESOLVED,,1
871,MKC,2013-03-18,2013-03-18T15:08:00-04:00,0000063754,2012-12-31,2013-01-25T23:59:59-05:00,132678095,sec_cover_page,10-K,0000063754-13-000002,2013-01-25,77,A,https://www.sec.gov/Archives/edgar/data/63754/000006375413000002/mkc-11302012x10k.htm,,,RESOLVED,,1
872,LSCC,2013-03-19,2013-03-19T13:54:00-04:00,0000855658,2013-03-06,2013-03-08T23:59:59-05:00,115473147,dei:EntityCommonStockSharesOutstanding,10-K,0000855658-13-000021,2013-03-08,13,A,https://data.sec.gov/api/xbrl/companyconcept/CIK0000855658/dei/EntityCommonStockSharesOutstanding.json#accn=0000855658-13-000021;end=2013-03-06,,,RESOLVED,,1
873,MKC,2013-03-19,2013-03-19T15:08:00-04:00,0000063754,2012-12-31,2013-01-25T23:59:59-05:00,132678095,sec_cover_page,10-K,0000063754-13-000002,2013-01-25,78,A,https://www.sec.gov/Archives/edgar/data/63754/000006375413000002/mkc-11302012x10k.htm,,,RESOLVED,,1
874,LSCC,2013-03-20,2013-03-20T13:54:00-04:00,0000855658,2013-03-06,2013-03-08T23:59:59-05:00,115473147,dei:EntityCommonStockSharesOutstanding,10-K,0000855658-13-000021,2013-03-08,14,A,https://data.sec.gov/api/xbrl/companyconcept/CIK0000855658/dei/EntityCommonStockSharesOutstanding.json#accn=0000855658-13-000021;end=2013-03-06,,,RESOLVED,,1
875,MKC,2013-03-20,2013-03-20T15:08:00-04:00,0000063754,2012-12-31,2013-01-25T23:59:59-05:00,132678095,sec_cover_page,10-K,0000063754-13-000002,2013-01-25,79,A,https://www.sec.gov/Archives/edgar/data/63754/000006375413000002/mkc-11302012x10k.htm,,,RESOLVED,,1
876,LSCC,2013-03-21,2013-03-21T13:54:00-04:00,0000855658,2013-03-06,2013-03-08T23:59:59-05:00,115473147,dei:EntityCommonStockSharesOutstanding,10-K,0000855658-13-000021,2013-03-08,15,A,https://data.sec.gov/api/xbrl/companyconcept/CIK0000855658/dei/EntityCommonStockSharesOutstanding.json#accn=0000855658-13-000021;end=2013-03-06,,,RESOLVED,,1
877,MKC,2013-03-21,2013-03-21T15:08:00-04:00,0000063754,2012-12-31,2013-01-25T23:59:59-05:00,132678095,sec_cover_page,10-K,0000063754-13-000002,2013-01-25,80,A,https://www.sec.gov/Archives/edgar/data/63754/000006375413000002/mkc-11302012x10k.htm,,,RESOLVED,,1
878,EW,2013-03-22,2013-03-22T12:58:00-04:00,0001099800,2013-01-31,2013-02-28T23:59:59-05:00,114100658,dei:EntityCommonStockSharesOutstanding,10-K,0001047469-13-001954,2013-02-28,50,A,https://data.sec.gov/api/xbrl/companyconcept/CIK0001099800/dei/EntityCommonStockSharesOutstanding.json#accn=0001047469-13-001954;end=2013-01-31,,,RESOLVED,,1
879,JNPR,2013-03-22,2013-03-22T14:01:00-04:00,0001043604,2013-02-22,2013-02-26T23:59:59-05:00,509429144,dei:EntityCommonStockSharesOutstanding,10-K,0001043604-13-000022,2013-02-26,28,A,https://data.sec.gov/api/xbrl/companyconcept/CIK0001043604/dei/EntityCommonStockSharesOutstanding.json#accn=0001043604-13-000022;end=2013-02-22,,,RESOLVED,,1
880,LSCC,2013-03-22,2013-03-22T13:54:00-04:00,0000855658,2013-03-06,2013-03-08T23:59:59-05:00,115473147,dei:EntityCommonStockSharesOutstanding,10-K,0000855658-13-000021,2013-03-08,16,A,https://data.sec.gov/api/xbrl/companyconcept/CIK0000855658/dei/EntityCommonStockSharesOutstanding.json#accn=0000855658-13-000021;end=2013-03-06,,,RESOLVED,,1
881,MKC,2013-03-22,2013-03-22T15:08:00-04:00,0000063754,2012-12-31,2013-01-25T23:59:59-05:00,132678095,sec_cover_page,10-K,0000063754-13-000002,2013-01-25,81,A,https://www.sec.gov/Archives/edgar/data/63754/000006375413000002/mkc-11302012x10k.htm,,,RESOLVED,,1
882,MTH,2013-03-22,2013-03-22T13:54:00-04:00,0000833079,2013-02-20,2013-02-22T23:59:59-05:00,35777651,dei:EntityCommonStockSharesOutstanding,10-K,0000833079-13-000051,2013-02-22,30,A,https://data.sec.gov/api/xbrl/companyconcept/CIK0000833079/dei/EntityCommonStockSharesOutstanding.json#accn=0000833079-13-000051;end=2013-02-20,,,RESOLVED,,1
883,PNRA,2013-03-22,2013-03-22T13:55:00-04:00,0000724606,2013-02-14,2013-02-15T23:59:59-05:00,29568243,sec_cover_page,10-K,0000724606-13-000009,2013-02-15,36,A,https://www.sec.gov/Archives/edgar/data/724606/000072460613000009/a2012122510k.htm,,,RESOLVED,,1
884,ECOL,2013-03-25,2013-03-25T14:37:00-04:00,0000742126,2013-02-27,2013-03-01T23:59:59-05:00,18398970,dei:EntityCommonStockSharesOutstanding,10-K,0001047469-13-002031,2013-03-01,26,A,https://data.sec.gov/api/xbrl/companyconcept/CIK0000742126/dei/EntityCommonStockSharesOutstanding.json#accn=0001047469-13-002031;end=2013-02-27,,,RESOLVED,,1
885,EW,2013-03-25,2013-03-25T12:58:00-04:00,0001099800,2013-01-31,2013-02-28T23:59:59-05:00,114100658,dei:EntityCommonStockSharesOutstanding,10-K,0001047469-13-001954,2013-02-28,53,A,https://data.sec.gov/api/xbrl/companyconcept/CIK0001099800/dei/EntityCommonStockSharesOutstanding.json#accn=0001047469-13-001954;end=2013-01-31,,,RESOLVED,,1
886,ISIL,2013-03-25,2013-03-25T14:27:00-04:00,0001096325,2013-02-15,2013-02-22T23:59:59-05:00,126318002,dei:EntityCommonStockSharesOutstanding,10-K/A,0001096325-13-000015,2013-02-22,38,A,https://data.sec.gov/api/xbrl/companyconcept/CIK0001096325/dei/EntityCommonStockSharesOutstanding.json#accn=0001096325-13-000015;end=2013-02-15,,,RESOLVED,,1
887,JNPR,2013-03-25,2013-03-25T14:01:00-04:00,0001043604,2013-02-22,2013-02-26T23:59:59-05:00,509429144,dei:EntityCommonStockSharesOutstanding,10-K,0001043604-13-000022,2013-02-26,31,A,https://data.sec.gov/api/xbrl/companyconcept/CIK0001043604/dei/EntityCommonStockSharesOutstanding.json#accn=0001043604-13-000022;end=2013-02-22,,,RESOLVED,,1
888,LRCX,2013-03-25,2013-03-25T13:13:00-04:00,0000707549,2013-01-25,2013-01-31T23:59:59-05:00,162346938,dei:EntityCommonStockSharesOutstanding,10-Q,0001193125-13-032553,2013-01-31,59,A,https://data.sec.gov/api/xbrl/companyconcept/CIK0000707549/dei/EntityCommonStockSharesOutstanding.json#accn=0001193125-13-032553;end=2013-01-25,,,RESOLVED,,1
889,LSCC,2013-03-25,2013-03-25T13:54:00-04:00,0000855658,2013-03-06,2013-03-08T23:59:59-05:00,115473147,dei:EntityCommonStockSharesOutstanding,10-K,0000855658-13-000021,2013-03-08,19,A,https://data.sec.gov/api/xbrl/companyconcept/CIK0000855658/dei/EntityCommonStockSharesOutstanding.json#accn=0000855658-13-000021;end=2013-03-06,,,RESOLVED,,1
890,MKC,2013-03-25,2013-03-25T15:08:00-04:00,0000063754,2012-12-31,2013-01-25T23:59:59-05:00,132678095,sec_cover_page,10-K,0000063754-13-000002,2013-01-25,84,A,https://www.sec.gov/Archives/edgar/data/63754/000006375413000002/mkc-11302012x10k.htm,,,RESOLVED,,1
891,MTH,2013-03-25,2013-03-25T13:54:00-04:00,0000833079,2013-02-20,2013-02-22T23:59:59-05:00,35777651,dei:EntityCommonStockSharesOutstanding,10-K,0000833079-13-000051,2013-02-22,33,A,https://data.sec.gov/api/xbrl/companyconcept/CIK0000833079/dei/EntityCommonStockSharesOutstanding.json#accn=0000833079-13-000051;end=2013-02-20,,,RESOLVED,,1
892,PNRA,2013-03-25,2013-03-25T13:55:00-04:00,0000724606,2013-02-14,2013-02-15T23:59:59-05:00,29568243,sec_cover_page,10-K,0000724606-13-000009,2013-02-15,39,A,https://www.sec.gov/Archives/edgar/data/724606/000072460613000009/a2012122510k.htm,,,RESOLVED,,1
893,STMP,2013-03-25,2013-03-25T14:58:00-04:00,0001082923,2013-02-28,2013-03-15T23:59:59-04:00,15319433,dei:EntityCommonStockSharesOutstanding,10-K,0001140361-13-012714,2013-03-15,25,A,https://data.sec.gov/api/xbrl/companyconcept/CIK0001082923/dei/EntityCommonStockSharesOutstanding.json#accn=0001140361-13-012714;end=2013-02-28,,,RESOLVED,,1
894,ACO,2013-03-26,2013-03-26T14:10:00-04:00,0000813621,2012-10-31,2012-11-07T23:59:59-05:00,31959139,sec_cover_page,10-Q,0001140361-12-045926,2012-11-07,146,A,https://www.sec.gov/Archives/edgar/data/813621/000114036112045926/form10q.htm,160,AMCOL 2012 annual report was publicly documented as late; this was the latest public SEC share count before the March-April 2013 target window.,RESOLVED,,1
895,CAMP,2013-03-26,2013-03-26T15:18:00-04:00,0000730255,2012-12-19,2012-12-20T23:59:59-05:00,29820451,dei:EntityCommonStockSharesOutstanding,10-Q,0001206774-12-004915,2012-12-20,97,A,https://data.sec.gov/api/xbrl/companyconcept/CIK0000730255/dei/EntityCommonStockSharesOutstanding.json#accn=0001206774-12-004915;end=2012-12-19,,,RESOLVED,,1
896,CENX,2013-03-26,2013-03-26T14:52:00-04:00,0000949157,2013-02-28,2013-03-18T23:59:59-04:00,88554921,dei:EntityCommonStockSharesOutstanding,10-K,0000949157-13-000013,2013-03-18,26,A,https://data.sec.gov/api/xbrl/companyconcept/CIK0000949157/dei/EntityCommonStockSharesOutstanding.json#accn=0000949157-13-000013;end=2013-02-28,,,RESOLVED,,1
897,ECHO,2013-03-26,2013-03-26T13:44:00-04:00,0001426945,2013-03-13,2013-03-15T23:59:59-04:00,23310531,dei:EntityCommonStockSharesOutstanding,10-K,0001426945-13-000005,2013-03-15,13,A,https://data.sec.gov/api/xbrl/companyconcept/CIK0001426945/dei/EntityCommonStockSharesOutstanding.json#accn=0001426945-13-000005;end=2013-03-13,,,RESOLVED,,1
898,ECOL,2013-03-26,2013-03-26T14:37:00-04:00,0000742126,2013-02-27,2013-03-01T23:59:59-05:00,18398970,dei:EntityCommonStockSharesOutstanding,10-K,0001047469-13-002031,2013-03-01,27,A,https://data.sec.gov/api/xbrl/companyconcept/CIK0000742126/dei/EntityCommonStockSharesOutstanding.json#accn=0001047469-13-002031;end=2013-02-27,,,RESOLVED,,1
899,EHTH,2013-03-26,2013-03-26T15:26:00-04:00,0001333493,2013-02-28,2013-03-13T23:59:59-04:00,20923307,dei:EntityCommonStockSharesOutstanding,10-K,0001333493-13-000033,2013-03-13,26,A,https://data.sec.gov/api/xbrl/companyconcept/CIK0001333493/dei/EntityCommonStockSharesOutstanding.json#accn=0001333493-13-000033;end=2013-02-28,,,RESOLVED,,1
900,EW,2013-03-26,2013-03-26T12:58:00-04:00,0001099800,2013-01-31,2013-02-28T23:59:59-05:00,114100658,dei:EntityCommonStockSharesOutstanding,10-K,0001047469-13-001954,2013-02-28,54,A,https://data.sec.gov/api/xbrl/companyconcept/CIK0001099800/dei/EntityCommonStockSharesOutstanding.json#accn=0001047469-13-001954;end=2013-01-31,,,RESOLVED,,1
901,GDI,2013-03-26,2013-03-26T14:47:00-04:00,0000916459,2013-01-31,2013-02-27T23:59:59-05:00,49145168,dei:EntityCommonStockSharesOutstanding,10-K,0001193125-13-077501,2013-02-27,54,A,https://data.sec.gov/api/xbrl/companyconcept/CIK0000916459/dei/EntityCommonStockSharesOutstanding.json#accn=0001193125-13-077501;end=2013-01-31,,,RESOLVED,,1
902,ISIL,2013-03-26,2013-03-26T14:27:00-04:00,0001096325,2013-02-15,2013-02-22T23:59:59-05:00,126318002,dei:EntityCommonStockSharesOutstanding,10-K/A,0001096325-13-000015,2013-02-22,39,A,https://data.sec.gov/api/xbrl/companyconcept/CIK0001096325/dei/EntityCommonStockSharesOutstanding.json#accn=0001096325-13-000015;end=2013-02-15,,,RESOLVED,,1
903,JNPR,2013-03-26,2013-03-26T14:01:00-04:00,0001043604,2013-02-22,2013-02-26T23:59:59-05:00,509429144,dei:EntityCommonStockSharesOutstanding,10-K,0001043604-13-000022,2013-02-26,32,A,https://data.sec.gov/api/xbrl/companyconcept/CIK0001043604/dei/EntityCommonStockSharesOutstanding.json#accn=0001043604-13-000022;end=2013-02-22,,,RESOLVED,,1
904,LRCX,2013-03-26,2013-03-26T13:13:00-04:00,0000707549,2013-01-25,2013-01-31T23:59:59-05:00,162346938,dei:EntityCommonStockSharesOutstanding,10-Q,0001193125-13-032553,2013-01-31,60,A,https://data.sec.gov/api/xbrl/companyconcept/CIK0000707549/dei/EntityCommonStockSharesOutstanding.json#accn=0001193125-13-032553;end=2013-01-25,,,RESOLVED,,1
905,LSCC,2013-03-26,2013-03-26T13:54:00-04:00,0000855658,2013-03-06,2013-03-08T23:59:59-05:00,115473147,dei:EntityCommonStockSharesOutstanding,10-K,0000855658-13-000021,2013-03-08,20,A,https://data.sec.gov/api/xbrl/companyconcept/CIK0000855658/dei/EntityCommonStockSharesOutstanding.json#accn=0000855658-13-000021;end=2013-03-06,,,RESOLVED,,1
906,MCRI,2013-03-26,2013-03-26T14:38:00-04:00,0000907242,2013-03-05,2013-03-15T23:59:59-04:00,16147324,sec_cover_page,10-K,0001104659-13-021105,2013-03-15,21,A,https://www.sec.gov/Archives/edgar/data/907242/000110465913021105/a13-1288_110k.htm,,,RESOLVED,,1
907,MCRL,2013-03-26,2013-03-26T14:02:00-04:00,0000932111,2013-03-11,2013-03-18T23:59:59-04:00,58338520,dei:EntityCommonStockSharesOutstanding,10-K,0000932111-13-000011,2013-03-18,15,A,https://data.sec.gov/api/xbrl/companyconcept/CIK0000932111/dei/EntityCommonStockSharesOutstanding.json#accn=0000932111-13-000011;end=2013-03-11,,,RESOLVED,,1
908,MKC,2013-03-26,2013-03-26T15:08:00-04:00,0000063754,2012-12-31,2013-01-25T23:59:59-05:00,132678095,sec_cover_page,10-K,0000063754-13-000002,2013-01-25,85,A,https://www.sec.gov/Archives/edgar/data/63754/000006375413000002/mkc-11302012x10k.htm,,,RESOLVED,,1
909,MTH,2013-03-26,2013-03-26T13:54:00-04:00,0000833079,2013-02-20,2013-02-22T23:59:59-05:00,35777651,dei:EntityCommonStockSharesOutstanding,10-K,0000833079-13-000051,2013-02-22,34,A,https://data.sec.gov/api/xbrl/companyconcept/CIK0000833079/dei/EntityCommonStockSharesOutstanding.json#accn=0000833079-13-000051;end=2013-02-20,,,RESOLVED,,1
910,PFPT,2013-03-26,2013-03-26T14:30:00-04:00,0001212458,2012-12-31,2013-03-08T23:59:59-05:00,33043665,dei:EntityCommonStockSharesOutstanding,10-K,0001212458-13-000003,2013-03-08,85,A,https://data.sec.gov/api/xbrl/companyconcept/CIK0001212458/dei/EntityCommonStockSharesOutstanding.json#accn=0001212458-13-000003;end=2012-12-31,,,RESOLVED,,1
911,PNRA,2013-03-26,2013-03-26T13:55:00-04:00,0000724606,2013-02-14,2013-02-15T23:59:59-05:00,29568243,sec_cover_page,10-K,0000724606-13-000009,2013-02-15,40,A,https://www.sec.gov/Archives/edgar/data/724606/000072460613000009/a2012122510k.htm,,,RESOLVED,,1
912,STMP,2013-03-26,2013-03-26T14:58:00-04:00,0001082923,2013-02-28,2013-03-15T23:59:59-04:00,15319433,dei:EntityCommonStockSharesOutstanding,10-K,0001140361-13-012714,2013-03-15,26,A,https://data.sec.gov/api/xbrl/companyconcept/CIK0001082923/dei/EntityCommonStockSharesOutstanding.json#accn=0001140361-13-012714;end=2013-02-28,,,RESOLVED,,1
913,VRSN,2013-03-26,2013-03-26T13:37:00-04:00,0001014473,2013-02-22,2013-02-28T23:59:59-05:00,152561275,dei:EntityCommonStockSharesOutstanding,10-K,0001014473-13-000006,2013-02-28,32,A,https://data.sec.gov/api/xbrl/companyconcept/CIK0001014473/dei/EntityCommonStockSharesOutstanding.json#accn=0001014473-13-000006;end=2013-02-22,,,RESOLVED,,1
914,ACO,2013-03-27,2013-03-27T14:10:00-04:00,0000813621,2012-10-31,2012-11-07T23:59:59-05:00,31959139,sec_cover_page,10-Q,0001140361-12-045926,2012-11-07,147,A,https://www.sec.gov/Archives/edgar/data/813621/000114036112045926/form10q.htm,160,AMCOL 2012 annual report was publicly documented as late; this was the latest public SEC share count before the March-April 2013 target window.,RESOLVED,,1
915,CAMP,2013-03-27,2013-03-27T15:18:00-04:00,0000730255,2012-12-19,2012-12-20T23:59:59-05:00,29820451,dei:EntityCommonStockSharesOutstanding,10-Q,0001206774-12-004915,2012-12-20,98,A,https://data.sec.gov/api/xbrl/companyconcept/CIK0000730255/dei/EntityCommonStockSharesOutstanding.json#accn=0001206774-12-004915;end=2012-12-19,,,RESOLVED,,1
916,CENX,2013-03-27,2013-03-27T14:52:00-04:00,0000949157,2013-02-28,2013-03-18T23:59:59-04:00,88554921,dei:EntityCommonStockSharesOutstanding,10-K,0000949157-13-000013,2013-03-18,27,A,https://data.sec.gov/api/xbrl/companyconcept/CIK0000949157/dei/EntityCommonStockSharesOutstanding.json#accn=0000949157-13-000013;end=2013-02-28,,,RESOLVED,,1
917,ECHO,2013-03-27,2013-03-27T13:44:00-04:00,0001426945,2013-03-13,2013-03-15T23:59:59-04:00,23310531,dei:EntityCommonStockSharesOutstanding,10-K,0001426945-13-000005,2013-03-15,14,A,https://data.sec.gov/api/xbrl/companyconcept/CIK0001426945/dei/EntityCommonStockSharesOutstanding.json#accn=0001426945-13-000005;end=2013-03-13,,,RESOLVED,,1
918,ECOL,2013-03-27,2013-03-27T14:37:00-04:00,0000742126,2013-02-27,2013-03-01T23:59:59-05:00,18398970,dei:EntityCommonStockSharesOutstanding,10-K,0001047469-13-002031,2013-03-01,28,A,https://data.sec.gov/api/xbrl/companyconcept/CIK0000742126/dei/EntityCommonStockSharesOutstanding.json#accn=0001047469-13-002031;end=2013-02-27,,,RESOLVED,,1
919,EHTH,2013-03-27,2013-03-27T15:26:00-04:00,0001333493,2013-02-28,2013-03-13T23:59:59-04:00,20923307,dei:EntityCommonStockSharesOutstanding,10-K,0001333493-13-000033,2013-03-13,27,A,https://data.sec.gov/api/xbrl/companyconcept/CIK0001333493/dei/EntityCommonStockSharesOutstanding.json#accn=0001333493-13-000033;end=2013-02-28,,,RESOLVED,,1
920,EW,2013-03-27,2013-03-27T12:58:00-04:00,0001099800,2013-01-31,2013-02-28T23:59:59-05:00,114100658,dei:EntityCommonStockSharesOutstanding,10-K,0001047469-13-001954,2013-02-28,55,A,https://data.sec.gov/api/xbrl/companyconcept/CIK0001099800/dei/EntityCommonStockSharesOutstanding.json#accn=0001047469-13-001954;end=2013-01-31,,,RESOLVED,,1
921,GDI,2013-03-27,2013-03-27T14:47:00-04:00,0000916459,2013-01-31,2013-02-27T23:59:59-05:00,49145168,dei:EntityCommonStockSharesOutstanding,10-K,0001193125-13-077501,2013-02-27,55,A,https://data.sec.gov/api/xbrl/companyconcept/CIK0000916459/dei/EntityCommonStockSharesOutstanding.json#accn=0001193125-13-077501;end=2013-01-31,,,RESOLVED,,1
922,ISIL,2013-03-27,2013-03-27T14:27:00-04:00,0001096325,2013-02-15,2013-02-22T23:59:59-05:00,126318002,dei:EntityCommonStockSharesOutstanding,10-K/A,0001096325-13-000015,2013-02-22,40,A,https://data.sec.gov/api/xbrl/companyconcept/CIK0001096325/dei/EntityCommonStockSharesOutstanding.json#accn=0001096325-13-000015;end=2013-02-15,,,RESOLVED,,1
923,JNPR,2013-03-27,2013-03-27T14:01:00-04:00,0001043604,2013-02-22,2013-02-26T23:59:59-05:00,509429144,dei:EntityCommonStockSharesOutstanding,10-K,0001043604-13-000022,2013-02-26,33,A,https://data.sec.gov/api/xbrl/companyconcept/CIK0001043604/dei/EntityCommonStockSharesOutstanding.json#accn=0001043604-13-000022;end=2013-02-22,,,RESOLVED,,1
924,LRCX,2013-03-27,2013-03-27T13:13:00-04:00,0000707549,2013-01-25,2013-01-31T23:59:59-05:00,162346938,dei:EntityCommonStockSharesOutstanding,10-Q,0001193125-13-032553,2013-01-31,61,A,https://data.sec.gov/api/xbrl/companyconcept/CIK0000707549/dei/EntityCommonStockSharesOutstanding.json#accn=0001193125-13-032553;end=2013-01-25,,,RESOLVED,,1
925,LSCC,2013-03-27,2013-03-27T13:54:00-04:00,0000855658,2013-03-06,2013-03-08T23:59:59-05:00,115473147,dei:EntityCommonStockSharesOutstanding,10-K,0000855658-13-000021,2013-03-08,21,A,https://data.sec.gov/api/xbrl/companyconcept/CIK0000855658/dei/EntityCommonStockSharesOutstanding.json#accn=0000855658-13-000021;end=2013-03-06,,,RESOLVED,,1
926,MCRI,2013-03-27,2013-03-27T14:38:00-04:00,0000907242,2013-03-05,2013-03-15T23:59:59-04:00,16147324,sec_cover_page,10-K,0001104659-13-021105,2013-03-15,22,A,https://www.sec.gov/Archives/edgar/data/907242/000110465913021105/a13-1288_110k.htm,,,RESOLVED,,1
927,MCRL,2013-03-27,2013-03-27T14:02:00-04:00,0000932111,2013-03-11,2013-03-18T23:59:59-04:00,58338520,dei:EntityCommonStockSharesOutstanding,10-K,0000932111-13-000011,2013-03-18,16,A,https://data.sec.gov/api/xbrl/companyconcept/CIK0000932111/dei/EntityCommonStockSharesOutstanding.json#accn=0000932111-13-000011;end=2013-03-11,,,RESOLVED,,1
928,MKC,2013-03-27,2013-03-27T15:08:00-04:00,0000063754,2012-12-31,2013-01-25T23:59:59-05:00,132678095,sec_cover_page,10-K,0000063754-13-000002,2013-01-25,86,A,https://www.sec.gov/Archives/edgar/data/63754/000006375413000002/mkc-11302012x10k.htm,,,RESOLVED,,1
929,MTH,2013-03-27,2013-03-27T13:54:00-04:00,0000833079,2013-02-20,2013-02-22T23:59:59-05:00,35777651,dei:EntityCommonStockSharesOutstanding,10-K,0000833079-13-000051,2013-02-22,35,A,https://data.sec.gov/api/xbrl/companyconcept/CIK0000833079/dei/EntityCommonStockSharesOutstanding.json#accn=0000833079-13-000051;end=2013-02-20,,,RESOLVED,,1
930,PFPT,2013-03-27,2013-03-27T14:30:00-04:00,0001212458,2012-12-31,2013-03-08T23:59:59-05:00,33043665,dei:EntityCommonStockSharesOutstanding,10-K,0001212458-13-000003,2013-03-08,86,A,https://data.sec.gov/api/xbrl/companyconcept/CIK0001212458/dei/EntityCommonStockSharesOutstanding.json#accn=0001212458-13-000003;end=2012-12-31,,,RESOLVED,,1
931,PNRA,2013-03-27,2013-03-27T13:55:00-04:00,0000724606,2013-02-14,2013-02-15T23:59:59-05:00,29568243,sec_cover_page,10-K,0000724606-13-000009,2013-02-15,41,A,https://www.sec.gov/Archives/edgar/data/724606/000072460613000009/a2012122510k.htm,,,RESOLVED,,1
932,STMP,2013-03-27,2013-03-27T14:58:00-04:00,0001082923,2013-02-28,2013-03-15T23:59:59-04:00,15319433,dei:EntityCommonStockSharesOutstanding,10-K,0001140361-13-012714,2013-03-15,27,A,https://data.sec.gov/api/xbrl/companyconcept/CIK0001082923/dei/EntityCommonStockSharesOutstanding.json#accn=0001140361-13-012714;end=2013-02-28,,,RESOLVED,,1
933,VRSN,2013-03-27,2013-03-27T13:37:00-04:00,0001014473,2013-02-22,2013-02-28T23:59:59-05:00,152561275,dei:EntityCommonStockSharesOutstanding,10-K,0001014473-13-000006,2013-02-28,33,A,https://data.sec.gov/api/xbrl/companyconcept/CIK0001014473/dei/EntityCommonStockSharesOutstanding.json#accn=0001014473-13-000006;end=2013-02-22,,,RESOLVED,,1
934,ACO,2013-03-28,2013-03-28T14:10:00-04:00,0000813621,2012-10-31,2012-11-07T23:59:59-05:00,31959139,sec_cover_page,10-Q,0001140361-12-045926,2012-11-07,148,A,https://www.sec.gov/Archives/edgar/data/813621/000114036112045926/form10q.htm,160,AMCOL 2012 annual report was publicly documented as late; this was the latest public SEC share count before the March-April 2013 target window.,RESOLVED,,1
935,CAMP,2013-03-28,2013-03-28T15:18:00-04:00,0000730255,2012-12-19,2012-12-20T23:59:59-05:00,29820451,dei:EntityCommonStockSharesOutstanding,10-Q,0001206774-12-004915,2012-12-20,99,A,https://data.sec.gov/api/xbrl/companyconcept/CIK0000730255/dei/EntityCommonStockSharesOutstanding.json#accn=0001206774-12-004915;end=2012-12-19,,,RESOLVED,,1
936,CENX,2013-03-28,2013-03-28T14:52:00-04:00,0000949157,2013-02-28,2013-03-18T23:59:59-04:00,88554921,dei:EntityCommonStockSharesOutstanding,10-K,0000949157-13-000013,2013-03-18,28,A,https://data.sec.gov/api/xbrl/companyconcept/CIK0000949157/dei/EntityCommonStockSharesOutstanding.json#accn=0000949157-13-000013;end=2013-02-28,,,RESOLVED,,1
937,ECHO,2013-03-28,2013-03-28T13:44:00-04:00,0001426945,2013-03-13,2013-03-15T23:59:59-04:00,23310531,dei:EntityCommonStockSharesOutstanding,10-K,0001426945-13-000005,2013-03-15,15,A,https://data.sec.gov/api/xbrl/companyconcept/CIK0001426945/dei/EntityCommonStockSharesOutstanding.json#accn=0001426945-13-000005;end=2013-03-13,,,RESOLVED,,1
938,ECOL,2013-03-28,2013-03-28T14:37:00-04:00,0000742126,2013-02-27,2013-03-01T23:59:59-05:00,18398970,dei:EntityCommonStockSharesOutstanding,10-K,0001047469-13-002031,2013-03-01,29,A,https://data.sec.gov/api/xbrl/companyconcept/CIK0000742126/dei/EntityCommonStockSharesOutstanding.json#accn=0001047469-13-002031;end=2013-02-27,,,RESOLVED,,1
939,EHTH,2013-03-28,2013-03-28T15:26:00-04:00,0001333493,2013-02-28,2013-03-13T23:59:59-04:00,20923307,dei:EntityCommonStockSharesOutstanding,10-K,0001333493-13-000033,2013-03-13,28,A,https://data.sec.gov/api/xbrl/companyconcept/CIK0001333493/dei/EntityCommonStockSharesOutstanding.json#accn=0001333493-13-000033;end=2013-02-28,,,RESOLVED,,1
940,EW,2013-03-28,2013-03-28T12:58:00-04:00,0001099800,2013-01-31,2013-02-28T23:59:59-05:00,114100658,dei:EntityCommonStockSharesOutstanding,10-K,0001047469-13-001954,2013-02-28,56,A,https://data.sec.gov/api/xbrl/companyconcept/CIK0001099800/dei/EntityCommonStockSharesOutstanding.json#accn=0001047469-13-001954;end=2013-01-31,,,RESOLVED,,1
941,GDI,2013-03-28,2013-03-28T14:47:00-04:00,0000916459,2013-01-31,2013-02-27T23:59:59-05:00,49145168,dei:EntityCommonStockSharesOutstanding,10-K,0001193125-13-077501,2013-02-27,56,A,https://data.sec.gov/api/xbrl/companyconcept/CIK0000916459/dei/EntityCommonStockSharesOutstanding.json#accn=0001193125-13-077501;end=2013-01-31,,,RESOLVED,,1
942,ISIL,2013-03-28,2013-03-28T14:27:00-04:00,0001096325,2013-02-15,2013-02-22T23:59:59-05:00,126318002,dei:EntityCommonStockSharesOutstanding,10-K/A,0001096325-13-000015,2013-02-22,41,A,https://data.sec.gov/api/xbrl/companyconcept/CIK0001096325/dei/EntityCommonStockSharesOutstanding.json#accn=0001096325-13-000015;end=2013-02-15,,,RESOLVED,,1
943,JNPR,2013-03-28,2013-03-28T14:01:00-04:00,0001043604,2013-02-22,2013-02-26T23:59:59-05:00,509429144,dei:EntityCommonStockSharesOutstanding,10-K,0001043604-13-000022,2013-02-26,34,A,https://data.sec.gov/api/xbrl/companyconcept/CIK0001043604/dei/EntityCommonStockSharesOutstanding.json#accn=0001043604-13-000022;end=2013-02-22,,,RESOLVED,,1
944,LRCX,2013-03-28,2013-03-28T13:13:00-04:00,0000707549,2013-01-25,2013-01-31T23:59:59-05:00,162346938,dei:EntityCommonStockSharesOutstanding,10-Q,0001193125-13-032553,2013-01-31,62,A,https://data.sec.gov/api/xbrl/companyconcept/CIK0000707549/dei/EntityCommonStockSharesOutstanding.json#accn=0001193125-13-032553;end=2013-01-25,,,RESOLVED,,1
945,LSCC,2013-03-28,2013-03-28T13:54:00-04:00,0000855658,2013-03-06,2013-03-08T23:59:59-05:00,115473147,dei:EntityCommonStockSharesOutstanding,10-K,0000855658-13-000021,2013-03-08,22,A,https://data.sec.gov/api/xbrl/companyconcept/CIK0000855658/dei/EntityCommonStockSharesOutstanding.json#accn=0000855658-13-000021;end=2013-03-06,,,RESOLVED,,1
946,MCRI,2013-03-28,2013-03-28T14:38:00-04:00,0000907242,2013-03-05,2013-03-15T23:59:59-04:00,16147324,sec_cover_page,10-K,0001104659-13-021105,2013-03-15,23,A,https://www.sec.gov/Archives/edgar/data/907242/000110465913021105/a13-1288_110k.htm,,,RESOLVED,,1
947,MCRL,2013-03-28,2013-03-28T14:02:00-04:00,0000932111,2013-03-11,2013-03-18T23:59:59-04:00,58338520,dei:EntityCommonStockSharesOutstanding,10-K,0000932111-13-000011,2013-03-18,17,A,https://data.sec.gov/api/xbrl/companyconcept/CIK0000932111/dei/EntityCommonStockSharesOutstanding.json#accn=0000932111-13-000011;end=2013-03-11,,,RESOLVED,,1
948,MKC,2013-03-28,2013-03-28T15:08:00-04:00,0000063754,2012-12-31,2013-01-25T23:59:59-05:00,132678095,sec_cover_page,10-K,0000063754-13-000002,2013-01-25,87,A,https://www.sec.gov/Archives/edgar/data/63754/000006375413000002/mkc-11302012x10k.htm,,,RESOLVED,,1
949,MTH,2013-03-28,2013-03-28T13:54:00-04:00,0000833079,2013-02-20,2013-02-22T23:59:59-05:00,35777651,dei:EntityCommonStockSharesOutstanding,10-K,0000833079-13-000051,2013-02-22,36,A,https://data.sec.gov/api/xbrl/companyconcept/CIK0000833079/dei/EntityCommonStockSharesOutstanding.json#accn=0000833079-13-000051;end=2013-02-20,,,RESOLVED,,1
950,PFPT,2013-03-28,2013-03-28T14:30:00-04:00,0001212458,2012-12-31,2013-03-08T23:59:59-05:00,33043665,dei:EntityCommonStockSharesOutstanding,10-K,0001212458-13-000003,2013-03-08,87,A,https://data.sec.gov/api/xbrl/companyconcept/CIK0001212458/dei/EntityCommonStockSharesOutstanding.json#accn=0001212458-13-000003;end=2012-12-31,,,RESOLVED,,1
951,PNRA,2013-03-28,2013-03-28T13:55:00-04:00,0000724606,2013-02-14,2013-02-15T23:59:59-05:00,29568243,sec_cover_page,10-K,0000724606-13-000009,2013-02-15,42,A,https://www.sec.gov/Archives/edgar/data/724606/000072460613000009/a2012122510k.htm,,,RESOLVED,,1
952,STMP,2013-03-28,2013-03-28T14:58:00-04:00,0001082923,2013-02-28,2013-03-15T23:59:59-04:00,15319433,dei:EntityCommonStockSharesOutstanding,10-K,0001140361-13-012714,2013-03-15,28,A,https://data.sec.gov/api/xbrl/companyconcept/CIK0001082923/dei/EntityCommonStockSharesOutstanding.json#accn=0001140361-13-012714;end=2013-02-28,,,RESOLVED,,1
953,VRSN,2013-03-28,2013-03-28T13:37:00-04:00,0001014473,2013-02-22,2013-02-28T23:59:59-05:00,152561275,dei:EntityCommonStockSharesOutstanding,10-K,0001014473-13-000006,2013-02-28,34,A,https://data.sec.gov/api/xbrl/companyconcept/CIK0001014473/dei/EntityCommonStockSharesOutstanding.json#accn=0001014473-13-000006;end=2013-02-22,,,RESOLVED,,1
954,ACO,2013-04-01,2013-04-01T14:10:00-04:00,0000813621,2012-10-31,2012-11-07T23:59:59-05:00,31959139,sec_cover_page,10-Q,0001140361-12-045926,2012-11-07,152,A,https://www.sec.gov/Archives/edgar/data/813621/000114036112045926/form10q.htm,160,AMCOL 2012 annual report was publicly documented as late; this was the latest public SEC share count before the March-April 2013 target window.,RESOLVED,,1
955,CAMP,2013-04-01,2013-04-01T15:18:00-04:00,0000730255,2012-12-19,2012-12-20T23:59:59-05:00,29820451,dei:EntityCommonStockSharesOutstanding,10-Q,0001206774-12-004915,2012-12-20,103,A,https://data.sec.gov/api/xbrl/companyconcept/CIK0000730255/dei/EntityCommonStockSharesOutstanding.json#accn=0001206774-12-004915;end=2012-12-19,,,RESOLVED,,1
956,CENX,2013-04-01,2013-04-01T14:52:00-04:00,0000949157,2013-02-28,2013-03-18T23:59:59-04:00,88554921,dei:EntityCommonStockSharesOutstanding,10-K,0000949157-13-000013,2013-03-18,32,A,https://data.sec.gov/api/xbrl/companyconcept/CIK0000949157/dei/EntityCommonStockSharesOutstanding.json#accn=0000949157-13-000013;end=2013-02-28,,,RESOLVED,,1
957,ECHO,2013-04-01,2013-04-01T13:44:00-04:00,0001426945,2013-03-13,2013-03-15T23:59:59-04:00,23310531,dei:EntityCommonStockSharesOutstanding,10-K,0001426945-13-000005,2013-03-15,19,A,https://data.sec.gov/api/xbrl/companyconcept/CIK0001426945/dei/EntityCommonStockSharesOutstanding.json#accn=0001426945-13-000005;end=2013-03-13,,,RESOLVED,,1
958,ECOL,2013-04-01,2013-04-01T14:37:00-04:00,0000742126,2013-02-27,2013-03-01T23:59:59-05:00,18398970,dei:EntityCommonStockSharesOutstanding,10-K,0001047469-13-002031,2013-03-01,33,A,https://data.sec.gov/api/xbrl/companyconcept/CIK0000742126/dei/EntityCommonStockSharesOutstanding.json#accn=0001047469-13-002031;end=2013-02-27,,,RESOLVED,,1
959,EHTH,2013-04-01,2013-04-01T15:26:00-04:00,0001333493,2013-02-28,2013-03-13T23:59:59-04:00,20923307,dei:EntityCommonStockSharesOutstanding,10-K,0001333493-13-000033,2013-03-13,32,A,https://data.sec.gov/api/xbrl/companyconcept/CIK0001333493/dei/EntityCommonStockSharesOutstanding.json#accn=0001333493-13-000033;end=2013-02-28,,,RESOLVED,,1
960,EW,2013-04-01,2013-04-01T12:58:00-04:00,0001099800,2013-01-31,2013-02-28T23:59:59-05:00,114100658,dei:EntityCommonStockSharesOutstanding,10-K,0001047469-13-001954,2013-02-28,60,A,https://data.sec.gov/api/xbrl/companyconcept/CIK0001099800/dei/EntityCommonStockSharesOutstanding.json#accn=0001047469-13-001954;end=2013-01-31,,,RESOLVED,,1
961,GDI,2013-04-01,2013-04-01T14:47:00-04:00,0000916459,2013-01-31,2013-02-27T23:59:59-05:00,49145168,dei:EntityCommonStockSharesOutstanding,10-K,0001193125-13-077501,2013-02-27,60,A,https://data.sec.gov/api/xbrl/companyconcept/CIK0000916459/dei/EntityCommonStockSharesOutstanding.json#accn=0001193125-13-077501;end=2013-01-31,,,RESOLVED,,1
962,ISIL,2013-04-01,2013-04-01T14:27:00-04:00,0001096325,2013-02-15,2013-02-22T23:59:59-05:00,126318002,dei:EntityCommonStockSharesOutstanding,10-K/A,0001096325-13-000015,2013-02-22,45,A,https://data.sec.gov/api/xbrl/companyconcept/CIK0001096325/dei/EntityCommonStockSharesOutstanding.json#accn=0001096325-13-000015;end=2013-02-15,,,RESOLVED,,1
963,JNPR,2013-04-01,2013-04-01T14:01:00-04:00,0001043604,2013-02-22,2013-02-26T23:59:59-05:00,509429144,dei:EntityCommonStockSharesOutstanding,10-K,0001043604-13-000022,2013-02-26,38,A,https://data.sec.gov/api/xbrl/companyconcept/CIK0001043604/dei/EntityCommonStockSharesOutstanding.json#accn=0001043604-13-000022;end=2013-02-22,,,RESOLVED,,1
964,LRCX,2013-04-01,2013-04-01T13:13:00-04:00,0000707549,2013-01-25,2013-01-31T23:59:59-05:00,162346938,dei:EntityCommonStockSharesOutstanding,10-Q,0001193125-13-032553,2013-01-31,66,A,https://data.sec.gov/api/xbrl/companyconcept/CIK0000707549/dei/EntityCommonStockSharesOutstanding.json#accn=0001193125-13-032553;end=2013-01-25,,,RESOLVED,,1
965,LSCC,2013-04-01,2013-04-01T13:54:00-04:00,0000855658,2013-03-06,2013-03-08T23:59:59-05:00,115473147,dei:EntityCommonStockSharesOutstanding,10-K,0000855658-13-000021,2013-03-08,26,A,https://data.sec.gov/api/xbrl/companyconcept/CIK0000855658/dei/EntityCommonStockSharesOutstanding.json#accn=0000855658-13-000021;end=2013-03-06,,,RESOLVED,,1
966,MCRI,2013-04-01,2013-04-01T14:38:00-04:00,0000907242,2013-03-05,2013-03-15T23:59:59-04:00,16147324,sec_cover_page,10-K,0001104659-13-021105,2013-03-15,27,A,https://www.sec.gov/Archives/edgar/data/907242/000110465913021105/a13-1288_110k.htm,,,RESOLVED,,1
967,MCRL,2013-04-01,2013-04-01T14:02:00-04:00,0000932111,2013-03-11,2013-03-18T23:59:59-04:00,58338520,dei:EntityCommonStockSharesOutstanding,10-K,0000932111-13-000011,2013-03-18,21,A,https://data.sec.gov/api/xbrl/companyconcept/CIK0000932111/dei/EntityCommonStockSharesOutstanding.json#accn=0000932111-13-000011;end=2013-03-11,,,RESOLVED,,1
968,MKC,2013-04-01,2013-04-01T15:08:00-04:00,0000063754,2012-12-31,2013-01-25T23:59:59-05:00,132678095,sec_cover_page,10-K,0000063754-13-000002,2013-01-25,91,A,https://www.sec.gov/Archives/edgar/data/63754/000006375413000002/mkc-11302012x10k.htm,,,RESOLVED,,1
969,MTH,2013-04-01,2013-04-01T13:54:00-04:00,0000833079,2013-02-20,2013-02-22T23:59:59-05:00,35777651,dei:EntityCommonStockSharesOutstanding,10-K,0000833079-13-000051,2013-02-22,40,A,https://data.sec.gov/api/xbrl/companyconcept/CIK0000833079/dei/EntityCommonStockSharesOutstanding.json#accn=0000833079-13-000051;end=2013-02-20,,,RESOLVED,,1
970,PFPT,2013-04-01,2013-04-01T14:30:00-04:00,0001212458,2012-12-31,2013-03-08T23:59:59-05:00,33043665,dei:EntityCommonStockSharesOutstanding,10-K,0001212458-13-000003,2013-03-08,91,A,https://data.sec.gov/api/xbrl/companyconcept/CIK0001212458/dei/EntityCommonStockSharesOutstanding.json#accn=0001212458-13-000003;end=2012-12-31,,,RESOLVED,,1
971,PNRA,2013-04-01,2013-04-01T13:55:00-04:00,0000724606,2013-02-14,2013-02-15T23:59:59-05:00,29568243,sec_cover_page,10-K,0000724606-13-000009,2013-02-15,46,A,https://www.sec.gov/Archives/edgar/data/724606/000072460613000009/a2012122510k.htm,,,RESOLVED,,1
972,STMP,2013-04-01,2013-04-01T14:58:00-04:00,0001082923,2013-02-28,2013-03-15T23:59:59-04:00,15319433,dei:EntityCommonStockSharesOutstanding,10-K,0001140361-13-012714,2013-03-15,32,A,https://data.sec.gov/api/xbrl/companyconcept/CIK0001082923/dei/EntityCommonStockSharesOutstanding.json#accn=0001140361-13-012714;end=2013-02-28,,,RESOLVED,,1
973,VRSN,2013-04-01,2013-04-01T13:37:00-04:00,0001014473,2013-02-22,2013-02-28T23:59:59-05:00,152561275,dei:EntityCommonStockSharesOutstanding,10-K,0001014473-13-000006,2013-02-28,38,A,https://data.sec.gov/api/xbrl/companyconcept/CIK0001014473/dei/EntityCommonStockSharesOutstanding.json#accn=0001014473-13-000006;end=2013-02-22,,,RESOLVED,,1
974,ACO,2013-04-02,2013-04-02T14:10:00-04:00,0000813621,2012-10-31,2012-11-07T23:59:59-05:00,31959139,sec_cover_page,10-Q,0001140361-12-045926,2012-11-07,153,A,https://www.sec.gov/Archives/edgar/data/813621/000114036112045926/form10q.htm,160,AMCOL 2012 annual report was publicly documented as late; this was the latest public SEC share count before the March-April 2013 target window.,RESOLVED,,1
975,CAMP,2013-04-02,2013-04-02T15:18:00-04:00,0000730255,2012-12-19,2012-12-20T23:59:59-05:00,29820451,dei:EntityCommonStockSharesOutstanding,10-Q,0001206774-12-004915,2012-12-20,104,A,https://data.sec.gov/api/xbrl/companyconcept/CIK0000730255/dei/EntityCommonStockSharesOutstanding.json#accn=0001206774-12-004915;end=2012-12-19,,,RESOLVED,,1
976,CENX,2013-04-02,2013-04-02T14:52:00-04:00,0000949157,2013-02-28,2013-03-18T23:59:59-04:00,88554921,dei:EntityCommonStockSharesOutstanding,10-K,0000949157-13-000013,2013-03-18,33,A,https://data.sec.gov/api/xbrl/companyconcept/CIK0000949157/dei/EntityCommonStockSharesOutstanding.json#accn=0000949157-13-000013;end=2013-02-28,,,RESOLVED,,1
977,ECHO,2013-04-02,2013-04-02T13:44:00-04:00,0001426945,2013-03-13,2013-03-15T23:59:59-04:00,23310531,dei:EntityCommonStockSharesOutstanding,10-K,0001426945-13-000005,2013-03-15,20,A,https://data.sec.gov/api/xbrl/companyconcept/CIK0001426945/dei/EntityCommonStockSharesOutstanding.json#accn=0001426945-13-000005;end=2013-03-13,,,RESOLVED,,1
978,ECOL,2013-04-02,2013-04-02T14:37:00-04:00,0000742126,2013-02-27,2013-03-01T23:59:59-05:00,18398970,dei:EntityCommonStockSharesOutstanding,10-K,0001047469-13-002031,2013-03-01,34,A,https://data.sec.gov/api/xbrl/companyconcept/CIK0000742126/dei/EntityCommonStockSharesOutstanding.json#accn=0001047469-13-002031;end=2013-02-27,,,RESOLVED,,1
979,EHTH,2013-04-02,2013-04-02T15:26:00-04:00,0001333493,2013-02-28,2013-03-13T23:59:59-04:00,20923307,dei:EntityCommonStockSharesOutstanding,10-K,0001333493-13-000033,2013-03-13,33,A,https://data.sec.gov/api/xbrl/companyconcept/CIK0001333493/dei/EntityCommonStockSharesOutstanding.json#accn=0001333493-13-000033;end=2013-02-28,,,RESOLVED,,1
980,EW,2013-04-02,2013-04-02T12:58:00-04:00,0001099800,2013-01-31,2013-02-28T23:59:59-05:00,114100658,dei:EntityCommonStockSharesOutstanding,10-K,0001047469-13-001954,2013-02-28,61,A,https://data.sec.gov/api/xbrl/companyconcept/CIK0001099800/dei/EntityCommonStockSharesOutstanding.json#accn=0001047469-13-001954;end=2013-01-31,,,RESOLVED,,1
981,GDI,2013-04-02,2013-04-02T14:47:00-04:00,0000916459,2013-01-31,2013-02-27T23:59:59-05:00,49145168,dei:EntityCommonStockSharesOutstanding,10-K,0001193125-13-077501,2013-02-27,61,A,https://data.sec.gov/api/xbrl/companyconcept/CIK0000916459/dei/EntityCommonStockSharesOutstanding.json#accn=0001193125-13-077501;end=2013-01-31,,,RESOLVED,,1
982,ISIL,2013-04-02,2013-04-02T14:27:00-04:00,0001096325,2013-02-15,2013-02-22T23:59:59-05:00,126318002,dei:EntityCommonStockSharesOutstanding,10-K/A,0001096325-13-000015,2013-02-22,46,A,https://data.sec.gov/api/xbrl/companyconcept/CIK0001096325/dei/EntityCommonStockSharesOutstanding.json#accn=0001096325-13-000015;end=2013-02-15,,,RESOLVED,,1
983,JNPR,2013-04-02,2013-04-02T14:01:00-04:00,0001043604,2013-02-22,2013-02-26T23:59:59-05:00,509429144,dei:EntityCommonStockSharesOutstanding,10-K,0001043604-13-000022,2013-02-26,39,A,https://data.sec.gov/api/xbrl/companyconcept/CIK0001043604/dei/EntityCommonStockSharesOutstanding.json#accn=0001043604-13-000022;end=2013-02-22,,,RESOLVED,,1
984,LRCX,2013-04-02,2013-04-02T13:13:00-04:00,0000707549,2013-01-25,2013-01-31T23:59:59-05:00,162346938,dei:EntityCommonStockSharesOutstanding,10-Q,0001193125-13-032553,2013-01-31,67,A,https://data.sec.gov/api/xbrl/companyconcept/CIK0000707549/dei/EntityCommonStockSharesOutstanding.json#accn=0001193125-13-032553;end=2013-01-25,,,RESOLVED,,1
985,LSCC,2013-04-02,2013-04-02T13:54:00-04:00,0000855658,2013-03-06,2013-03-08T23:59:59-05:00,115473147,dei:EntityCommonStockSharesOutstanding,10-K,0000855658-13-000021,2013-03-08,27,A,https://data.sec.gov/api/xbrl/companyconcept/CIK0000855658/dei/EntityCommonStockSharesOutstanding.json#accn=0000855658-13-000021;end=2013-03-06,,,RESOLVED,,1
986,MCRI,2013-04-02,2013-04-02T14:38:00-04:00,0000907242,2013-03-05,2013-03-15T23:59:59-04:00,16147324,sec_cover_page,10-K,0001104659-13-021105,2013-03-15,28,A,https://www.sec.gov/Archives/edgar/data/907242/000110465913021105/a13-1288_110k.htm,,,RESOLVED,,1
987,MCRL,2013-04-02,2013-04-02T14:02:00-04:00,0000932111,2013-03-11,2013-03-18T23:59:59-04:00,58338520,dei:EntityCommonStockSharesOutstanding,10-K,0000932111-13-000011,2013-03-18,22,A,https://data.sec.gov/api/xbrl/companyconcept/CIK0000932111/dei/EntityCommonStockSharesOutstanding.json#accn=0000932111-13-000011;end=2013-03-11,,,RESOLVED,,1
988,MTH,2013-04-02,2013-04-02T13:54:00-04:00,0000833079,2013-02-20,2013-02-22T23:59:59-05:00,35777651,dei:EntityCommonStockSharesOutstanding,10-K,0000833079-13-000051,2013-02-22,41,A,https://data.sec.gov/api/xbrl/companyconcept/CIK0000833079/dei/EntityCommonStockSharesOutstanding.json#accn=0000833079-13-000051;end=2013-02-20,,,RESOLVED,,1
989,PFPT,2013-04-02,2013-04-02T14:30:00-04:00,0001212458,2012-12-31,2013-03-08T23:59:59-05:00,33043665,dei:EntityCommonStockSharesOutstanding,10-K,0001212458-13-000003,2013-03-08,92,A,https://data.sec.gov/api/xbrl/companyconcept/CIK0001212458/dei/EntityCommonStockSharesOutstanding.json#accn=0001212458-13-000003;end=2012-12-31,,,RESOLVED,,1
990,PNRA,2013-04-02,2013-04-02T13:55:00-04:00,0000724606,2013-02-14,2013-02-15T23:59:59-05:00,29568243,sec_cover_page,10-K,0000724606-13-000009,2013-02-15,47,A,https://www.sec.gov/Archives/edgar/data/724606/000072460613000009/a2012122510k.htm,,,RESOLVED,,1
991,STMP,2013-04-02,2013-04-02T14:58:00-04:00,0001082923,2013-02-28,2013-03-15T23:59:59-04:00,15319433,dei:EntityCommonStockSharesOutstanding,10-K,0001140361-13-012714,2013-03-15,33,A,https://data.sec.gov/api/xbrl/companyconcept/CIK0001082923/dei/EntityCommonStockSharesOutstanding.json#accn=0001140361-13-012714;end=2013-02-28,,,RESOLVED,,1
992,VRSN,2013-04-02,2013-04-02T13:37:00-04:00,0001014473,2013-02-22,2013-02-28T23:59:59-05:00,152561275,dei:EntityCommonStockSharesOutstanding,10-K,0001014473-13-000006,2013-02-28,39,A,https://data.sec.gov/api/xbrl/companyconcept/CIK0001014473/dei/EntityCommonStockSharesOutstanding.json#accn=0001014473-13-000006;end=2013-02-22,,,RESOLVED,,1
993,ACO,2013-04-03,2013-04-03T14:10:00-04:00,0000813621,2012-10-31,2012-11-07T23:59:59-05:00,31959139,sec_cover_page,10-Q,0001140361-12-045926,2012-11-07,154,A,https://www.sec.gov/Archives/edgar/data/813621/000114036112045926/form10q.htm,160,AMCOL 2012 annual report was publicly documented as late; this was the latest public SEC share count before the March-April 2013 target window.,RESOLVED,,1
994,CAMP,2013-04-03,2013-04-03T15:18:00-04:00,0000730255,2012-12-19,2012-12-20T23:59:59-05:00,29820451,dei:EntityCommonStockSharesOutstanding,10-Q,0001206774-12-004915,2012-12-20,105,A,https://data.sec.gov/api/xbrl/companyconcept/CIK0000730255/dei/EntityCommonStockSharesOutstanding.json#accn=0001206774-12-004915;end=2012-12-19,,,RESOLVED,,1
995,CENX,2013-04-03,2013-04-03T14:52:00-04:00,0000949157,2013-02-28,2013-03-18T23:59:59-04:00,88554921,dei:EntityCommonStockSharesOutstanding,10-K,0000949157-13-000013,2013-03-18,34,A,https://data.sec.gov/api/xbrl/companyconcept/CIK0000949157/dei/EntityCommonStockSharesOutstanding.json#accn=0000949157-13-000013;end=2013-02-28,,,RESOLVED,,1
996,ECHO,2013-04-03,2013-04-03T13:44:00-04:00,0001426945,2013-03-13,2013-03-15T23:59:59-04:00,23310531,dei:EntityCommonStockSharesOutstanding,10-K,0001426945-13-000005,2013-03-15,21,A,https://data.sec.gov/api/xbrl/companyconcept/CIK0001426945/dei/EntityCommonStockSharesOutstanding.json#accn=0001426945-13-000005;end=2013-03-13,,,RESOLVED,,1
997,ECOL,2013-04-03,2013-04-03T14:37:00-04:00,0000742126,2013-02-27,2013-03-01T23:59:59-05:00,18398970,dei:EntityCommonStockSharesOutstanding,10-K,0001047469-13-002031,2013-03-01,35,A,https://data.sec.gov/api/xbrl/companyconcept/CIK0000742126/dei/EntityCommonStockSharesOutstanding.json#accn=0001047469-13-002031;end=2013-02-27,,,RESOLVED,,1
998,EHTH,2013-04-03,2013-04-03T15:26:00-04:00,0001333493,2013-02-28,2013-03-13T23:59:59-04:00,20923307,dei:EntityCommonStockSharesOutstanding,10-K,0001333493-13-000033,2013-03-13,34,A,https://data.sec.gov/api/xbrl/companyconcept/CIK0001333493/dei/EntityCommonStockSharesOutstanding.json#accn=0001333493-13-000033;end=2013-02-28,,,RESOLVED,,1
999,EW,2013-04-03,2013-04-03T12:58:00-04:00,0001099800,2013-01-31,2013-02-28T23:59:59-05:00,114100658,dei:EntityCommonStockSharesOutstanding,10-K,0001047469-13-001954,2013-02-28,62,A,https://data.sec.gov/api/xbrl/companyconcept/CIK0001099800/dei/EntityCommonStockSharesOutstanding.json#accn=0001047469-13-001954;end=2013-01-31,,,RESOLVED,,1
1000,GDI,2013-04-03,2013-04-03T14:47:00-04:00,0000916459,2013-01-31,2013-02-27T23:59:59-05:00,49145168,dei:EntityCommonStockSharesOutstanding,10-K,0001193125-13-077501,2013-02-27,62,A,https://data.sec.gov/api/xbrl/companyconcept/CIK0000916459/dei/EntityCommonStockSharesOutstanding.json#accn=0001193125-13-077501;end=2013-01-31,,,RESOLVED,,1
