observation_index,historical_symbol,target_trade_date,target_cutoff_local,cik,fact_date,available_at,shares_outstanding,source_tag,form,accession,filed_date,staleness_days,source_grade,source_reference,status,unresolved_reason,research_use_only
1,JNPR,2011-03-21,2011-03-21T15:20:00-04:00,0001043604,2011-02-18,2011-02-25T23:59:59-05:00,534922000,dei:EntityCommonStockSharesOutstanding,10-K,0001445305-11-000332,2011-02-25,31,A,https://data.sec.gov/api/xbrl/companyconcept/CIK0001043604/dei/EntityCommonStockSharesOutstanding.json#accn=0001445305-11-000332,RESOLVED,,1
2,VMW,2011-03-21,2011-03-21T14:26:00-04:00,0001124610,2011-02-18,2011-02-28T23:59:59-05:00,418271740,sec_cover_page,10-K,0001193125-11-050075,2011-02-28,31,A,https://www.sec.gov/Archives/edgar/data/1124610/000119312511050075/d10k.htm,RESOLVED,,1
3,EW,2011-03-22,2011-03-22T13:59:00-04:00,0001099800,2011-01-31,2011-02-28T23:59:59-05:00,114850737,dei:EntityCommonStockSharesOutstanding,10-K,0001047469-11-001550,2011-02-28,50,A,https://data.sec.gov/api/xbrl/companyconcept/CIK0001099800/dei/EntityCommonStockSharesOutstanding.json#accn=0001047469-11-001550,RESOLVED,,1
4,JNPR,2011-03-22,2011-03-22T15:20:00-04:00,0001043604,2011-02-18,2011-02-25T23:59:59-05:00,534922000,dei:EntityCommonStockSharesOutstanding,10-K,0001445305-11-000332,2011-02-25,32,A,https://data.sec.gov/api/xbrl/companyconcept/CIK0001043604/dei/EntityCommonStockSharesOutstanding.json#accn=0001445305-11-000332,RESOLVED,,1
5,VMW,2011-03-22,2011-03-22T14:26:00-04:00,0001124610,2011-02-18,2011-02-28T23:59:59-05:00,418271740,sec_cover_page,10-K,0001193125-11-050075,2011-02-28,32,A,https://www.sec.gov/Archives/edgar/data/1124610/000119312511050075/d10k.htm,RESOLVED,,1
6,EW,2011-03-23,2011-03-23T13:59:00-04:00,0001099800,2011-01-31,2011-02-28T23:59:59-05:00,114850737,dei:EntityCommonStockSharesOutstanding,10-K,0001047469-11-001550,2011-02-28,51,A,https://data.sec.gov/api/xbrl/companyconcept/CIK0001099800/dei/EntityCommonStockSharesOutstanding.json#accn=0001047469-11-001550,RESOLVED,,1
7,JNPR,2011-03-23,2011-03-23T15:20:00-04:00,0001043604,2011-02-18,2011-02-25T23:59:59-05:00,534922000,dei:EntityCommonStockSharesOutstanding,10-K,0001445305-11-000332,2011-02-25,33,A,https://data.sec.gov/api/xbrl/companyconcept/CIK0001043604/dei/EntityCommonStockSharesOutstanding.json#accn=0001445305-11-000332,RESOLVED,,1
8,VMW,2011-03-23,2011-03-23T14:26:00-04:00,0001124610,2011-02-18,2011-02-28T23:59:59-05:00,418271740,sec_cover_page,10-K,0001193125-11-050075,2011-02-28,33,A,https://www.sec.gov/Archives/edgar/data/1124610/000119312511050075/d10k.htm,RESOLVED,,1
9,EW,2011-03-24,2011-03-24T13:59:00-04:00,0001099800,2011-01-31,2011-02-28T23:59:59-05:00,114850737,dei:EntityCommonStockSharesOutstanding,10-K,0001047469-11-001550,2011-02-28,52,A,https://data.sec.gov/api/xbrl/companyconcept/CIK0001099800/dei/EntityCommonStockSharesOutstanding.json#accn=0001047469-11-001550,RESOLVED,,1
10,JNPR,2011-03-24,2011-03-24T15:20:00-04:00,0001043604,2011-02-18,2011-02-25T23:59:59-05:00,534922000,dei:EntityCommonStockSharesOutstanding,10-K,0001445305-11-000332,2011-02-25,34,A,https://data.sec.gov/api/xbrl/companyconcept/CIK0001043604/dei/EntityCommonStockSharesOutstanding.json#accn=0001445305-11-000332,RESOLVED,,1
11,VMW,2011-03-24,2011-03-24T14:26:00-04:00,0001124610,2011-02-18,2011-02-28T23:59:59-05:00,418271740,sec_cover_page,10-K,0001193125-11-050075,2011-02-28,34,A,https://www.sec.gov/Archives/edgar/data/1124610/000119312511050075/d10k.htm,RESOLVED,,1
12,EHTH,2011-03-25,2011-03-25T14:37:00-04:00,0001333493,2011-02-28,2011-03-15T23:59:59-04:00,21349017,sec_cover_page,10-K,0001193125-11-067102,2011-03-15,25,A,https://www.sec.gov/Archives/edgar/data/1333493/000119312511067102/0001193125-11-067102.txt,RESOLVED,,1
13,EW,2011-03-25,2011-03-25T13:59:00-04:00,0001099800,2011-01-31,2011-02-28T23:59:59-05:00,114850737,dei:EntityCommonStockSharesOutstanding,10-K,0001047469-11-001550,2011-02-28,53,A,https://data.sec.gov/api/xbrl/companyconcept/CIK0001099800/dei/EntityCommonStockSharesOutstanding.json#accn=0001047469-11-001550,RESOLVED,,1
14,JNPR,2011-03-25,2011-03-25T15:20:00-04:00,0001043604,2011-02-18,2011-02-25T23:59:59-05:00,534922000,dei:EntityCommonStockSharesOutstanding,10-K,0001445305-11-000332,2011-02-25,35,A,https://data.sec.gov/api/xbrl/companyconcept/CIK0001043604/dei/EntityCommonStockSharesOutstanding.json#accn=0001445305-11-000332,RESOLVED,,1
15,VMW,2011-03-25,2011-03-25T14:26:00-04:00,0001124610,2011-02-18,2011-02-28T23:59:59-05:00,418271740,sec_cover_page,10-K,0001193125-11-050075,2011-02-28,35,A,https://www.sec.gov/Archives/edgar/data/1124610/000119312511050075/d10k.htm,RESOLVED,,1
16,CNMD,2011-03-28,2011-03-28T14:52:00-04:00,0000816956,2011-02-22,2011-02-28T23:59:59-05:00,28274461,sec_cover_page,10-K,0000914317-11-000319,2011-02-28,34,A,https://www.sec.gov/Archives/edgar/data/816956/000091431711000319/form10k-113048_cnmd.htm,RESOLVED,,1
17,EHTH,2011-03-28,2011-03-28T14:37:00-04:00,0001333493,2011-02-28,2011-03-15T23:59:59-04:00,21349017,sec_cover_page,10-K,0001193125-11-067102,2011-03-15,28,A,https://www.sec.gov/Archives/edgar/data/1333493/000119312511067102/0001193125-11-067102.txt,RESOLVED,,1
18,EW,2011-03-28,2011-03-28T13:59:00-04:00,0001099800,2011-01-31,2011-02-28T23:59:59-05:00,114850737,dei:EntityCommonStockSharesOutstanding,10-K,0001047469-11-001550,2011-02-28,56,A,https://data.sec.gov/api/xbrl/companyconcept/CIK0001099800/dei/EntityCommonStockSharesOutstanding.json#accn=0001047469-11-001550,RESOLVED,,1
19,JNPR,2011-03-28,2011-03-28T15:20:00-04:00,0001043604,2011-02-18,2011-02-25T23:59:59-05:00,534922000,dei:EntityCommonStockSharesOutstanding,10-K,0001445305-11-000332,2011-02-25,38,A,https://data.sec.gov/api/xbrl/companyconcept/CIK0001043604/dei/EntityCommonStockSharesOutstanding.json#accn=0001445305-11-000332,RESOLVED,,1
20,VMW,2011-03-28,2011-03-28T14:26:00-04:00,0001124610,2011-02-18,2011-02-28T23:59:59-05:00,418271740,sec_cover_page,10-K,0001193125-11-050075,2011-02-28,38,A,https://www.sec.gov/Archives/edgar/data/1124610/000119312511050075/d10k.htm,RESOLVED,,1
21,CNMD,2011-03-29,2011-03-29T14:52:00-04:00,0000816956,2011-02-22,2011-02-28T23:59:59-05:00,28274461,sec_cover_page,10-K,0000914317-11-000319,2011-02-28,35,A,https://www.sec.gov/Archives/edgar/data/816956/000091431711000319/form10k-113048_cnmd.htm,RESOLVED,,1
22,EHTH,2011-03-29,2011-03-29T14:37:00-04:00,0001333493,2011-02-28,2011-03-15T23:59:59-04:00,21349017,sec_cover_page,10-K,0001193125-11-067102,2011-03-15,29,A,https://www.sec.gov/Archives/edgar/data/1333493/000119312511067102/0001193125-11-067102.txt,RESOLVED,,1
23,EW,2011-03-29,2011-03-29T13:59:00-04:00,0001099800,2011-01-31,2011-02-28T23:59:59-05:00,114850737,dei:EntityCommonStockSharesOutstanding,10-K,0001047469-11-001550,2011-02-28,57,A,https://data.sec.gov/api/xbrl/companyconcept/CIK0001099800/dei/EntityCommonStockSharesOutstanding.json#accn=0001047469-11-001550,RESOLVED,,1
24,JNPR,2011-03-29,2011-03-29T15:20:00-04:00,0001043604,2011-02-18,2011-02-25T23:59:59-05:00,534922000,dei:EntityCommonStockSharesOutstanding,10-K,0001445305-11-000332,2011-02-25,39,A,https://data.sec.gov/api/xbrl/companyconcept/CIK0001043604/dei/EntityCommonStockSharesOutstanding.json#accn=0001445305-11-000332,RESOLVED,,1
25,VMW,2011-03-29,2011-03-29T14:26:00-04:00,0001124610,2011-02-18,2011-02-28T23:59:59-05:00,418271740,sec_cover_page,10-K,0001193125-11-050075,2011-02-28,39,A,https://www.sec.gov/Archives/edgar/data/1124610/000119312511050075/d10k.htm,RESOLVED,,1
26,CNMD,2011-03-30,2011-03-30T14:52:00-04:00,0000816956,2011-02-22,2011-02-28T23:59:59-05:00,28274461,sec_cover_page,10-K,0000914317-11-000319,2011-02-28,36,A,https://www.sec.gov/Archives/edgar/data/816956/000091431711000319/form10k-113048_cnmd.htm,RESOLVED,,1
27,EHTH,2011-03-30,2011-03-30T14:37:00-04:00,0001333493,2011-02-28,2011-03-15T23:59:59-04:00,21349017,sec_cover_page,10-K,0001193125-11-067102,2011-03-15,30,A,https://www.sec.gov/Archives/edgar/data/1333493/000119312511067102/0001193125-11-067102.txt,RESOLVED,,1
28,EW,2011-03-30,2011-03-30T13:59:00-04:00,0001099800,2011-01-31,2011-02-28T23:59:59-05:00,114850737,dei:EntityCommonStockSharesOutstanding,10-K,0001047469-11-001550,2011-02-28,58,A,https://data.sec.gov/api/xbrl/companyconcept/CIK0001099800/dei/EntityCommonStockSharesOutstanding.json#accn=0001047469-11-001550,RESOLVED,,1
29,JNPR,2011-03-30,2011-03-30T15:20:00-04:00,0001043604,2011-02-18,2011-02-25T23:59:59-05:00,534922000,dei:EntityCommonStockSharesOutstanding,10-K,0001445305-11-000332,2011-02-25,40,A,https://data.sec.gov/api/xbrl/companyconcept/CIK0001043604/dei/EntityCommonStockSharesOutstanding.json#accn=0001445305-11-000332,RESOLVED,,1
30,VMW,2011-03-30,2011-03-30T14:26:00-04:00,0001124610,2011-02-18,2011-02-28T23:59:59-05:00,418271740,sec_cover_page,10-K,0001193125-11-050075,2011-02-28,40,A,https://www.sec.gov/Archives/edgar/data/1124610/000119312511050075/d10k.htm,RESOLVED,,1
31,CNMD,2011-03-31,2011-03-31T14:52:00-04:00,0000816956,2011-02-22,2011-02-28T23:59:59-05:00,28274461,sec_cover_page,10-K,0000914317-11-000319,2011-02-28,37,A,https://www.sec.gov/Archives/edgar/data/816956/000091431711000319/form10k-113048_cnmd.htm,RESOLVED,,1
32,EHTH,2011-03-31,2011-03-31T14:37:00-04:00,0001333493,2011-02-28,2011-03-15T23:59:59-04:00,21349017,sec_cover_page,10-K,0001193125-11-067102,2011-03-15,31,A,https://www.sec.gov/Archives/edgar/data/1333493/000119312511067102/0001193125-11-067102.txt,RESOLVED,,1
33,EW,2011-03-31,2011-03-31T13:59:00-04:00,0001099800,2011-01-31,2011-02-28T23:59:59-05:00,114850737,dei:EntityCommonStockSharesOutstanding,10-K,0001047469-11-001550,2011-02-28,59,A,https://data.sec.gov/api/xbrl/companyconcept/CIK0001099800/dei/EntityCommonStockSharesOutstanding.json#accn=0001047469-11-001550,RESOLVED,,1
34,JNPR,2011-03-31,2011-03-31T15:20:00-04:00,0001043604,2011-02-18,2011-02-25T23:59:59-05:00,534922000,dei:EntityCommonStockSharesOutstanding,10-K,0001445305-11-000332,2011-02-25,41,A,https://data.sec.gov/api/xbrl/companyconcept/CIK0001043604/dei/EntityCommonStockSharesOutstanding.json#accn=0001445305-11-000332,RESOLVED,,1
35,VMW,2011-03-31,2011-03-31T14:26:00-04:00,0001124610,2011-02-18,2011-02-28T23:59:59-05:00,418271740,sec_cover_page,10-K,0001193125-11-050075,2011-02-28,41,A,https://www.sec.gov/Archives/edgar/data/1124610/000119312511050075/d10k.htm,RESOLVED,,1
36,CNMD,2011-04-01,2011-04-01T14:52:00-04:00,0000816956,2011-02-22,2011-02-28T23:59:59-05:00,28274461,sec_cover_page,10-K,0000914317-11-000319,2011-02-28,38,A,https://www.sec.gov/Archives/edgar/data/816956/000091431711000319/form10k-113048_cnmd.htm,RESOLVED,,1
37,EHTH,2011-04-01,2011-04-01T14:37:00-04:00,0001333493,2011-02-28,2011-03-15T23:59:59-04:00,21349017,sec_cover_page,10-K,0001193125-11-067102,2011-03-15,32,A,https://www.sec.gov/Archives/edgar/data/1333493/000119312511067102/0001193125-11-067102.txt,RESOLVED,,1
38,EW,2011-04-01,2011-04-01T13:59:00-04:00,0001099800,2011-01-31,2011-02-28T23:59:59-05:00,114850737,dei:EntityCommonStockSharesOutstanding,10-K,0001047469-11-001550,2011-02-28,60,A,https://data.sec.gov/api/xbrl/companyconcept/CIK0001099800/dei/EntityCommonStockSharesOutstanding.json#accn=0001047469-11-001550,RESOLVED,,1
39,JNPR,2011-04-01,2011-04-01T15:20:00-04:00,0001043604,2011-02-18,2011-02-25T23:59:59-05:00,534922000,dei:EntityCommonStockSharesOutstanding,10-K,0001445305-11-000332,2011-02-25,42,A,https://data.sec.gov/api/xbrl/companyconcept/CIK0001043604/dei/EntityCommonStockSharesOutstanding.json#accn=0001445305-11-000332,RESOLVED,,1
40,VMW,2011-04-01,2011-04-01T14:26:00-04:00,0001124610,2011-02-18,2011-02-28T23:59:59-05:00,418271740,sec_cover_page,10-K,0001193125-11-050075,2011-02-28,42,A,https://www.sec.gov/Archives/edgar/data/1124610/000119312511050075/d10k.htm,RESOLVED,,1
41,CNMD,2011-04-04,2011-04-04T14:52:00-04:00,0000816956,2011-02-22,2011-02-28T23:59:59-05:00,28274461,sec_cover_page,10-K,0000914317-11-000319,2011-02-28,41,A,https://www.sec.gov/Archives/edgar/data/816956/000091431711000319/form10k-113048_cnmd.htm,RESOLVED,,1
42,EHTH,2011-04-04,2011-04-04T14:37:00-04:00,0001333493,2011-02-28,2011-03-15T23:59:59-04:00,21349017,sec_cover_page,10-K,0001193125-11-067102,2011-03-15,35,A,https://www.sec.gov/Archives/edgar/data/1333493/000119312511067102/0001193125-11-067102.txt,RESOLVED,,1
43,EW,2011-04-04,2011-04-04T13:59:00-04:00,0001099800,2011-01-31,2011-02-28T23:59:59-05:00,114850737,dei:EntityCommonStockSharesOutstanding,10-K,0001047469-11-001550,2011-02-28,63,A,https://data.sec.gov/api/xbrl/companyconcept/CIK0001099800/dei/EntityCommonStockSharesOutstanding.json#accn=0001047469-11-001550,RESOLVED,,1
44,JNPR,2011-04-04,2011-04-04T15:20:00-04:00,0001043604,2011-02-18,2011-02-25T23:59:59-05:00,534922000,dei:EntityCommonStockSharesOutstanding,10-K,0001445305-11-000332,2011-02-25,45,A,https://data.sec.gov/api/xbrl/companyconcept/CIK0001043604/dei/EntityCommonStockSharesOutstanding.json#accn=0001445305-11-000332,RESOLVED,,1
45,VMW,2011-04-04,2011-04-04T14:26:00-04:00,0001124610,2011-02-18,2011-02-28T23:59:59-05:00,418271740,sec_cover_page,10-K,0001193125-11-050075,2011-02-28,45,A,https://www.sec.gov/Archives/edgar/data/1124610/000119312511050075/d10k.htm,RESOLVED,,1
46,CNMD,2011-04-05,2011-04-05T14:52:00-04:00,0000816956,2011-02-22,2011-02-28T23:59:59-05:00,28274461,sec_cover_page,10-K,0000914317-11-000319,2011-02-28,42,A,https://www.sec.gov/Archives/edgar/data/816956/000091431711000319/form10k-113048_cnmd.htm,RESOLVED,,1
47,EHTH,2011-04-05,2011-04-05T14:37:00-04:00,0001333493,2011-02-28,2011-03-15T23:59:59-04:00,21349017,sec_cover_page,10-K,0001193125-11-067102,2011-03-15,36,A,https://www.sec.gov/Archives/edgar/data/1333493/000119312511067102/0001193125-11-067102.txt,RESOLVED,,1
48,EW,2011-04-05,2011-04-05T13:59:00-04:00,0001099800,2011-01-31,2011-02-28T23:59:59-05:00,114850737,dei:EntityCommonStockSharesOutstanding,10-K,0001047469-11-001550,2011-02-28,64,A,https://data.sec.gov/api/xbrl/companyconcept/CIK0001099800/dei/EntityCommonStockSharesOutstanding.json#accn=0001047469-11-001550,RESOLVED,,1
49,JNPR,2011-04-05,2011-04-05T15:20:00-04:00,0001043604,2011-02-18,2011-02-25T23:59:59-05:00,534922000,dei:EntityCommonStockSharesOutstanding,10-K,0001445305-11-000332,2011-02-25,46,A,https://data.sec.gov/api/xbrl/companyconcept/CIK0001043604/dei/EntityCommonStockSharesOutstanding.json#accn=0001445305-11-000332,RESOLVED,,1
50,VMW,2011-04-05,2011-04-05T14:26:00-04:00,0001124610,2011-02-18,2011-02-28T23:59:59-05:00,418271740,sec_cover_page,10-K,0001193125-11-050075,2011-02-28,46,A,https://www.sec.gov/Archives/edgar/data/1124610/000119312511050075/d10k.htm,RESOLVED,,1
51,CNMD,2011-04-06,2011-04-06T14:52:00-04:00,0000816956,2011-02-22,2011-02-28T23:59:59-05:00,28274461,sec_cover_page,10-K,0000914317-11-000319,2011-02-28,43,A,https://www.sec.gov/Archives/edgar/data/816956/000091431711000319/form10k-113048_cnmd.htm,RESOLVED,,1
52,EHTH,2011-04-06,2011-04-06T14:37:00-04:00,0001333493,2011-02-28,2011-03-15T23:59:59-04:00,21349017,sec_cover_page,10-K,0001193125-11-067102,2011-03-15,37,A,https://www.sec.gov/Archives/edgar/data/1333493/000119312511067102/0001193125-11-067102.txt,RESOLVED,,1
53,EW,2011-04-06,2011-04-06T13:59:00-04:00,0001099800,2011-01-31,2011-02-28T23:59:59-05:00,114850737,dei:EntityCommonStockSharesOutstanding,10-K,0001047469-11-001550,2011-02-28,65,A,https://data.sec.gov/api/xbrl/companyconcept/CIK0001099800/dei/EntityCommonStockSharesOutstanding.json#accn=0001047469-11-001550,RESOLVED,,1
54,JNPR,2011-04-06,2011-04-06T15:20:00-04:00,0001043604,2011-02-18,2011-02-25T23:59:59-05:00,534922000,dei:EntityCommonStockSharesOutstanding,10-K,0001445305-11-000332,2011-02-25,47,A,https://data.sec.gov/api/xbrl/companyconcept/CIK0001043604/dei/EntityCommonStockSharesOutstanding.json#accn=0001445305-11-000332,RESOLVED,,1
55,VMW,2011-04-06,2011-04-06T14:26:00-04:00,0001124610,2011-02-18,2011-02-28T23:59:59-05:00,418271740,sec_cover_page,10-K,0001193125-11-050075,2011-02-28,47,A,https://www.sec.gov/Archives/edgar/data/1124610/000119312511050075/d10k.htm,RESOLVED,,1
56,CNMD,2011-04-07,2011-04-07T14:52:00-04:00,0000816956,2011-02-22,2011-02-28T23:59:59-05:00,28274461,sec_cover_page,10-K,0000914317-11-000319,2011-02-28,44,A,https://www.sec.gov/Archives/edgar/data/816956/000091431711000319/form10k-113048_cnmd.htm,RESOLVED,,1
57,EHTH,2011-04-07,2011-04-07T14:37:00-04:00,0001333493,2011-02-28,2011-03-15T23:59:59-04:00,21349017,sec_cover_page,10-K,0001193125-11-067102,2011-03-15,38,A,https://www.sec.gov/Archives/edgar/data/1333493/000119312511067102/0001193125-11-067102.txt,RESOLVED,,1
58,EW,2011-04-07,2011-04-07T13:59:00-04:00,0001099800,2011-01-31,2011-02-28T23:59:59-05:00,114850737,dei:EntityCommonStockSharesOutstanding,10-K,0001047469-11-001550,2011-02-28,66,A,https://data.sec.gov/api/xbrl/companyconcept/CIK0001099800/dei/EntityCommonStockSharesOutstanding.json#accn=0001047469-11-001550,RESOLVED,,1
59,JNPR,2011-04-07,2011-04-07T15:20:00-04:00,0001043604,2011-02-18,2011-02-25T23:59:59-05:00,534922000,dei:EntityCommonStockSharesOutstanding,10-K,0001445305-11-000332,2011-02-25,48,A,https://data.sec.gov/api/xbrl/companyconcept/CIK0001043604/dei/EntityCommonStockSharesOutstanding.json#accn=0001445305-11-000332,RESOLVED,,1
60,VMW,2011-04-07,2011-04-07T14:26:00-04:00,0001124610,2011-02-18,2011-02-28T23:59:59-05:00,418271740,sec_cover_page,10-K,0001193125-11-050075,2011-02-28,48,A,https://www.sec.gov/Archives/edgar/data/1124610/000119312511050075/d10k.htm,RESOLVED,,1
61,CNMD,2011-04-08,2011-04-08T14:52:00-04:00,0000816956,2011-02-22,2011-02-28T23:59:59-05:00,28274461,sec_cover_page,10-K,0000914317-11-000319,2011-02-28,45,A,https://www.sec.gov/Archives/edgar/data/816956/000091431711000319/form10k-113048_cnmd.htm,RESOLVED,,1
62,EHTH,2011-04-08,2011-04-08T14:37:00-04:00,0001333493,2011-02-28,2011-03-15T23:59:59-04:00,21349017,sec_cover_page,10-K,0001193125-11-067102,2011-03-15,39,A,https://www.sec.gov/Archives/edgar/data/1333493/000119312511067102/0001193125-11-067102.txt,RESOLVED,,1
63,EW,2011-04-08,2011-04-08T13:59:00-04:00,0001099800,2011-01-31,2011-02-28T23:59:59-05:00,114850737,dei:EntityCommonStockSharesOutstanding,10-K,0001047469-11-001550,2011-02-28,67,A,https://data.sec.gov/api/xbrl/companyconcept/CIK0001099800/dei/EntityCommonStockSharesOutstanding.json#accn=0001047469-11-001550,RESOLVED,,1
64,JNPR,2011-04-08,2011-04-08T15:20:00-04:00,0001043604,2011-02-18,2011-02-25T23:59:59-05:00,534922000,dei:EntityCommonStockSharesOutstanding,10-K,0001445305-11-000332,2011-02-25,49,A,https://data.sec.gov/api/xbrl/companyconcept/CIK0001043604/dei/EntityCommonStockSharesOutstanding.json#accn=0001445305-11-000332,RESOLVED,,1
65,VMW,2011-04-08,2011-04-08T14:26:00-04:00,0001124610,2011-02-18,2011-02-28T23:59:59-05:00,418271740,sec_cover_page,10-K,0001193125-11-050075,2011-02-28,49,A,https://www.sec.gov/Archives/edgar/data/1124610/000119312511050075/d10k.htm,RESOLVED,,1
66,CNMD,2011-04-11,2011-04-11T14:52:00-04:00,0000816956,2011-02-22,2011-02-28T23:59:59-05:00,28274461,sec_cover_page,10-K,0000914317-11-000319,2011-02-28,48,A,https://www.sec.gov/Archives/edgar/data/816956/000091431711000319/form10k-113048_cnmd.htm,RESOLVED,,1
67,EHTH,2011-04-11,2011-04-11T14:37:00-04:00,0001333493,2011-02-28,2011-03-15T23:59:59-04:00,21349017,sec_cover_page,10-K,0001193125-11-067102,2011-03-15,42,A,https://www.sec.gov/Archives/edgar/data/1333493/000119312511067102/0001193125-11-067102.txt,RESOLVED,,1
68,EW,2011-04-11,2011-04-11T13:59:00-04:00,0001099800,2011-01-31,2011-02-28T23:59:59-05:00,114850737,dei:EntityCommonStockSharesOutstanding,10-K,0001047469-11-001550,2011-02-28,70,A,https://data.sec.gov/api/xbrl/companyconcept/CIK0001099800/dei/EntityCommonStockSharesOutstanding.json#accn=0001047469-11-001550,RESOLVED,,1
69,JNPR,2011-04-11,2011-04-11T15:20:00-04:00,0001043604,2011-02-18,2011-02-25T23:59:59-05:00,534922000,dei:EntityCommonStockSharesOutstanding,10-K,0001445305-11-000332,2011-02-25,52,A,https://data.sec.gov/api/xbrl/companyconcept/CIK0001043604/dei/EntityCommonStockSharesOutstanding.json#accn=0001445305-11-000332,RESOLVED,,1
70,VMW,2011-04-11,2011-04-11T14:26:00-04:00,0001124610,2011-02-18,2011-02-28T23:59:59-05:00,418271740,sec_cover_page,10-K,0001193125-11-050075,2011-02-28,52,A,https://www.sec.gov/Archives/edgar/data/1124610/000119312511050075/d10k.htm,RESOLVED,,1
71,CNMD,2011-04-12,2011-04-12T14:52:00-04:00,0000816956,2011-02-22,2011-02-28T23:59:59-05:00,28274461,sec_cover_page,10-K,0000914317-11-000319,2011-02-28,49,A,https://www.sec.gov/Archives/edgar/data/816956/000091431711000319/form10k-113048_cnmd.htm,RESOLVED,,1
72,EHTH,2011-04-12,2011-04-12T14:37:00-04:00,0001333493,2011-02-28,2011-03-15T23:59:59-04:00,21349017,sec_cover_page,10-K,0001193125-11-067102,2011-03-15,43,A,https://www.sec.gov/Archives/edgar/data/1333493/000119312511067102/0001193125-11-067102.txt,RESOLVED,,1
73,EW,2011-04-12,2011-04-12T13:59:00-04:00,0001099800,2011-01-31,2011-02-28T23:59:59-05:00,114850737,dei:EntityCommonStockSharesOutstanding,10-K,0001047469-11-001550,2011-02-28,71,A,https://data.sec.gov/api/xbrl/companyconcept/CIK0001099800/dei/EntityCommonStockSharesOutstanding.json#accn=0001047469-11-001550,RESOLVED,,1
74,JNPR,2011-04-12,2011-04-12T15:20:00-04:00,0001043604,2011-02-18,2011-02-25T23:59:59-05:00,534922000,dei:EntityCommonStockSharesOutstanding,10-K,0001445305-11-000332,2011-02-25,53,A,https://data.sec.gov/api/xbrl/companyconcept/CIK0001043604/dei/EntityCommonStockSharesOutstanding.json#accn=0001445305-11-000332,RESOLVED,,1
75,VMW,2011-04-12,2011-04-12T14:26:00-04:00,0001124610,2011-02-18,2011-02-28T23:59:59-05:00,418271740,sec_cover_page,10-K,0001193125-11-050075,2011-02-28,53,A,https://www.sec.gov/Archives/edgar/data/1124610/000119312511050075/d10k.htm,RESOLVED,,1
76,CNMD,2011-04-13,2011-04-13T14:52:00-04:00,0000816956,2011-02-22,2011-02-28T23:59:59-05:00,28274461,sec_cover_page,10-K,0000914317-11-000319,2011-02-28,50,A,https://www.sec.gov/Archives/edgar/data/816956/000091431711000319/form10k-113048_cnmd.htm,RESOLVED,,1
77,EHTH,2011-04-13,2011-04-13T14:37:00-04:00,0001333493,2011-02-28,2011-03-15T23:59:59-04:00,21349017,sec_cover_page,10-K,0001193125-11-067102,2011-03-15,44,A,https://www.sec.gov/Archives/edgar/data/1333493/000119312511067102/0001193125-11-067102.txt,RESOLVED,,1
78,EW,2011-04-13,2011-04-13T13:59:00-04:00,0001099800,2011-01-31,2011-02-28T23:59:59-05:00,114850737,dei:EntityCommonStockSharesOutstanding,10-K,0001047469-11-001550,2011-02-28,72,A,https://data.sec.gov/api/xbrl/companyconcept/CIK0001099800/dei/EntityCommonStockSharesOutstanding.json#accn=0001047469-11-001550,RESOLVED,,1
79,JNPR,2011-04-13,2011-04-13T15:20:00-04:00,0001043604,2011-02-18,2011-02-25T23:59:59-05:00,534922000,dei:EntityCommonStockSharesOutstanding,10-K,0001445305-11-000332,2011-02-25,54,A,https://data.sec.gov/api/xbrl/companyconcept/CIK0001043604/dei/EntityCommonStockSharesOutstanding.json#accn=0001445305-11-000332,RESOLVED,,1
80,VMW,2011-04-13,2011-04-13T14:26:00-04:00,0001124610,2011-02-18,2011-02-28T23:59:59-05:00,418271740,sec_cover_page,10-K,0001193125-11-050075,2011-02-28,54,A,https://www.sec.gov/Archives/edgar/data/1124610/000119312511050075/d10k.htm,RESOLVED,,1
81,CNMD,2011-04-14,2011-04-14T14:52:00-04:00,0000816956,2011-02-22,2011-02-28T23:59:59-05:00,28274461,sec_cover_page,10-K,0000914317-11-000319,2011-02-28,51,A,https://www.sec.gov/Archives/edgar/data/816956/000091431711000319/form10k-113048_cnmd.htm,RESOLVED,,1
82,EHTH,2011-04-14,2011-04-14T14:37:00-04:00,0001333493,2011-02-28,2011-03-15T23:59:59-04:00,21349017,sec_cover_page,10-K,0001193125-11-067102,2011-03-15,45,A,https://www.sec.gov/Archives/edgar/data/1333493/000119312511067102/0001193125-11-067102.txt,RESOLVED,,1
83,EW,2011-04-14,2011-04-14T13:59:00-04:00,0001099800,2011-01-31,2011-02-28T23:59:59-05:00,114850737,dei:EntityCommonStockSharesOutstanding,10-K,0001047469-11-001550,2011-02-28,73,A,https://data.sec.gov/api/xbrl/companyconcept/CIK0001099800/dei/EntityCommonStockSharesOutstanding.json#accn=0001047469-11-001550,RESOLVED,,1
84,JNPR,2011-04-14,2011-04-14T15:20:00-04:00,0001043604,2011-02-18,2011-02-25T23:59:59-05:00,534922000,dei:EntityCommonStockSharesOutstanding,10-K,0001445305-11-000332,2011-02-25,55,A,https://data.sec.gov/api/xbrl/companyconcept/CIK0001043604/dei/EntityCommonStockSharesOutstanding.json#accn=0001445305-11-000332,RESOLVED,,1
85,VMW,2011-04-14,2011-04-14T14:26:00-04:00,0001124610,2011-02-18,2011-02-28T23:59:59-05:00,418271740,sec_cover_page,10-K,0001193125-11-050075,2011-02-28,55,A,https://www.sec.gov/Archives/edgar/data/1124610/000119312511050075/d10k.htm,RESOLVED,,1
86,CNMD,2011-04-15,2011-04-15T14:52:00-04:00,0000816956,2011-02-22,2011-02-28T23:59:59-05:00,28274461,sec_cover_page,10-K,0000914317-11-000319,2011-02-28,52,A,https://www.sec.gov/Archives/edgar/data/816956/000091431711000319/form10k-113048_cnmd.htm,RESOLVED,,1
87,EHTH,2011-04-15,2011-04-15T14:37:00-04:00,0001333493,2011-02-28,2011-03-15T23:59:59-04:00,21349017,sec_cover_page,10-K,0001193125-11-067102,2011-03-15,46,A,https://www.sec.gov/Archives/edgar/data/1333493/000119312511067102/0001193125-11-067102.txt,RESOLVED,,1
88,EW,2011-04-15,2011-04-15T13:59:00-04:00,0001099800,2011-01-31,2011-02-28T23:59:59-05:00,114850737,dei:EntityCommonStockSharesOutstanding,10-K,0001047469-11-001550,2011-02-28,74,A,https://data.sec.gov/api/xbrl/companyconcept/CIK0001099800/dei/EntityCommonStockSharesOutstanding.json#accn=0001047469-11-001550,RESOLVED,,1
89,JNPR,2011-04-15,2011-04-15T15:20:00-04:00,0001043604,2011-02-18,2011-02-25T23:59:59-05:00,534922000,dei:EntityCommonStockSharesOutstanding,10-K,0001445305-11-000332,2011-02-25,56,A,https://data.sec.gov/api/xbrl/companyconcept/CIK0001043604/dei/EntityCommonStockSharesOutstanding.json#accn=0001445305-11-000332,RESOLVED,,1
90,VMW,2011-04-15,2011-04-15T14:26:00-04:00,0001124610,2011-02-18,2011-02-28T23:59:59-05:00,418271740,sec_cover_page,10-K,0001193125-11-050075,2011-02-28,56,A,https://www.sec.gov/Archives/edgar/data/1124610/000119312511050075/d10k.htm,RESOLVED,,1
91,CNMD,2011-04-18,2011-04-18T14:52:00-04:00,0000816956,2011-02-22,2011-02-28T23:59:59-05:00,28274461,sec_cover_page,10-K,0000914317-11-000319,2011-02-28,55,A,https://www.sec.gov/Archives/edgar/data/816956/000091431711000319/form10k-113048_cnmd.htm,RESOLVED,,1
92,EHTH,2011-04-18,2011-04-18T14:37:00-04:00,0001333493,2011-02-28,2011-03-15T23:59:59-04:00,21349017,sec_cover_page,10-K,0001193125-11-067102,2011-03-15,49,A,https://www.sec.gov/Archives/edgar/data/1333493/000119312511067102/0001193125-11-067102.txt,RESOLVED,,1
93,EW,2011-04-18,2011-04-18T13:59:00-04:00,0001099800,2011-01-31,2011-02-28T23:59:59-05:00,114850737,dei:EntityCommonStockSharesOutstanding,10-K,0001047469-11-001550,2011-02-28,77,A,https://data.sec.gov/api/xbrl/companyconcept/CIK0001099800/dei/EntityCommonStockSharesOutstanding.json#accn=0001047469-11-001550,RESOLVED,,1
94,JNPR,2011-04-18,2011-04-18T15:20:00-04:00,0001043604,2011-02-18,2011-02-25T23:59:59-05:00,534922000,dei:EntityCommonStockSharesOutstanding,10-K,0001445305-11-000332,2011-02-25,59,A,https://data.sec.gov/api/xbrl/companyconcept/CIK0001043604/dei/EntityCommonStockSharesOutstanding.json#accn=0001445305-11-000332,RESOLVED,,1
95,VMW,2011-04-18,2011-04-18T14:26:00-04:00,0001124610,2011-02-18,2011-02-28T23:59:59-05:00,418271740,sec_cover_page,10-K,0001193125-11-050075,2011-02-28,59,A,https://www.sec.gov/Archives/edgar/data/1124610/000119312511050075/d10k.htm,RESOLVED,,1
96,CNMD,2011-04-19,2011-04-19T14:52:00-04:00,0000816956,2011-02-22,2011-02-28T23:59:59-05:00,28274461,sec_cover_page,10-K,0000914317-11-000319,2011-02-28,56,A,https://www.sec.gov/Archives/edgar/data/816956/000091431711000319/form10k-113048_cnmd.htm,RESOLVED,,1
97,EHTH,2011-04-19,2011-04-19T14:37:00-04:00,0001333493,2011-02-28,2011-03-15T23:59:59-04:00,21349017,sec_cover_page,10-K,0001193125-11-067102,2011-03-15,50,A,https://www.sec.gov/Archives/edgar/data/1333493/000119312511067102/0001193125-11-067102.txt,RESOLVED,,1
98,EW,2011-04-19,2011-04-19T13:59:00-04:00,0001099800,2011-01-31,2011-02-28T23:59:59-05:00,114850737,dei:EntityCommonStockSharesOutstanding,10-K,0001047469-11-001550,2011-02-28,78,A,https://data.sec.gov/api/xbrl/companyconcept/CIK0001099800/dei/EntityCommonStockSharesOutstanding.json#accn=0001047469-11-001550,RESOLVED,,1
99,JNPR,2011-04-19,2011-04-19T15:20:00-04:00,0001043604,2011-02-18,2011-02-25T23:59:59-05:00,534922000,dei:EntityCommonStockSharesOutstanding,10-K,0001445305-11-000332,2011-02-25,60,A,https://data.sec.gov/api/xbrl/companyconcept/CIK0001043604/dei/EntityCommonStockSharesOutstanding.json#accn=0001445305-11-000332,RESOLVED,,1
100,VMW,2011-04-19,2011-04-19T14:26:00-04:00,0001124610,2011-02-18,2011-02-28T23:59:59-05:00,418271740,sec_cover_page,10-K,0001193125-11-050075,2011-02-28,60,A,https://www.sec.gov/Archives/edgar/data/1124610/000119312511050075/d10k.htm,RESOLVED,,1
101,CNMD,2011-04-20,2011-04-20T14:52:00-04:00,0000816956,2011-02-22,2011-02-28T23:59:59-05:00,28274461,sec_cover_page,10-K,0000914317-11-000319,2011-02-28,57,A,https://www.sec.gov/Archives/edgar/data/816956/000091431711000319/form10k-113048_cnmd.htm,RESOLVED,,1
102,EHTH,2011-04-20,2011-04-20T14:37:00-04:00,0001333493,2011-02-28,2011-03-15T23:59:59-04:00,21349017,sec_cover_page,10-K,0001193125-11-067102,2011-03-15,51,A,https://www.sec.gov/Archives/edgar/data/1333493/000119312511067102/0001193125-11-067102.txt,RESOLVED,,1
103,EW,2011-04-20,2011-04-20T13:59:00-04:00,0001099800,2011-01-31,2011-02-28T23:59:59-05:00,114850737,dei:EntityCommonStockSharesOutstanding,10-K,0001047469-11-001550,2011-02-28,79,A,https://data.sec.gov/api/xbrl/companyconcept/CIK0001099800/dei/EntityCommonStockSharesOutstanding.json#accn=0001047469-11-001550,RESOLVED,,1
104,CNMD,2011-04-21,2011-04-21T14:52:00-04:00,0000816956,2011-02-22,2011-02-28T23:59:59-05:00,28274461,sec_cover_page,10-K,0000914317-11-000319,2011-02-28,58,A,https://www.sec.gov/Archives/edgar/data/816956/000091431711000319/form10k-113048_cnmd.htm,RESOLVED,,1
105,EHTH,2011-04-21,2011-04-21T14:37:00-04:00,0001333493,2011-02-28,2011-03-15T23:59:59-04:00,21349017,sec_cover_page,10-K,0001193125-11-067102,2011-03-15,52,A,https://www.sec.gov/Archives/edgar/data/1333493/000119312511067102/0001193125-11-067102.txt,RESOLVED,,1
106,CNMD,2011-04-25,2011-04-25T14:52:00-04:00,0000816956,2011-02-22,2011-02-28T23:59:59-05:00,28274461,sec_cover_page,10-K,0000914317-11-000319,2011-02-28,62,A,https://www.sec.gov/Archives/edgar/data/816956/000091431711000319/form10k-113048_cnmd.htm,RESOLVED,,1
107,EHTH,2011-04-25,2011-04-25T14:37:00-04:00,0001333493,2011-02-28,2011-03-15T23:59:59-04:00,21349017,sec_cover_page,10-K,0001193125-11-067102,2011-03-15,56,A,https://www.sec.gov/Archives/edgar/data/1333493/000119312511067102/0001193125-11-067102.txt,RESOLVED,,1
108,CNMD,2011-04-26,2011-04-26T14:52:00-04:00,0000816956,2011-02-22,2011-02-28T23:59:59-05:00,28274461,sec_cover_page,10-K,0000914317-11-000319,2011-02-28,63,A,https://www.sec.gov/Archives/edgar/data/816956/000091431711000319/form10k-113048_cnmd.htm,RESOLVED,,1
109,EHTH,2011-04-26,2011-04-26T14:37:00-04:00,0001333493,2011-02-28,2011-03-15T23:59:59-04:00,21349017,sec_cover_page,10-K,0001193125-11-067102,2011-03-15,57,A,https://www.sec.gov/Archives/edgar/data/1333493/000119312511067102/0001193125-11-067102.txt,RESOLVED,,1
110,CNMD,2011-04-27,2011-04-27T14:52:00-04:00,0000816956,2011-02-22,2011-02-28T23:59:59-05:00,28274461,sec_cover_page,10-K,0000914317-11-000319,2011-02-28,64,A,https://www.sec.gov/Archives/edgar/data/816956/000091431711000319/form10k-113048_cnmd.htm,RESOLVED,,1
111,CA,2011-06-20,2011-06-20T15:16:00-04:00,0000356028,2011-05-06,2011-05-16T23:59:59-04:00,506108276,dei:EntityCommonStockSharesOutstanding,10-K,0000950123-11-050920,2011-05-16,45,A,https://data.sec.gov/api/xbrl/companyconcept/CIK0000356028/dei/EntityCommonStockSharesOutstanding.json#accn=0000950123-11-050920,RESOLVED,,1
112,CA,2011-06-21,2011-06-21T15:16:00-04:00,0000356028,2011-05-06,2011-05-16T23:59:59-04:00,506108276,dei:EntityCommonStockSharesOutstanding,10-K,0000950123-11-050920,2011-05-16,46,A,https://data.sec.gov/api/xbrl/companyconcept/CIK0000356028/dei/EntityCommonStockSharesOutstanding.json#accn=0000950123-11-050920,RESOLVED,,1
113,CA,2011-06-22,2011-06-22T15:16:00-04:00,0000356028,2011-05-06,2011-05-16T23:59:59-04:00,506108276,dei:EntityCommonStockSharesOutstanding,10-K,0000950123-11-050920,2011-05-16,47,A,https://data.sec.gov/api/xbrl/companyconcept/CIK0000356028/dei/EntityCommonStockSharesOutstanding.json#accn=0000950123-11-050920,RESOLVED,,1
114,CA,2011-06-23,2011-06-23T15:16:00-04:00,0000356028,2011-05-06,2011-05-16T23:59:59-04:00,506108276,dei:EntityCommonStockSharesOutstanding,10-K,0000950123-11-050920,2011-05-16,48,A,https://data.sec.gov/api/xbrl/companyconcept/CIK0000356028/dei/EntityCommonStockSharesOutstanding.json#accn=0000950123-11-050920,RESOLVED,,1
115,CA,2011-06-24,2011-06-24T15:16:00-04:00,0000356028,2011-05-06,2011-05-16T23:59:59-04:00,506108276,dei:EntityCommonStockSharesOutstanding,10-K,0000950123-11-050920,2011-05-16,49,A,https://data.sec.gov/api/xbrl/companyconcept/CIK0000356028/dei/EntityCommonStockSharesOutstanding.json#accn=0000950123-11-050920,RESOLVED,,1
116,TPX,2011-06-24,2011-06-24T13:10:00-04:00,0001206264,2011-04-22,2011-04-26T23:59:59-04:00,68449999,dei:EntityCommonStockSharesOutstanding,10-Q,0001206264-11-000017,2011-04-26,63,A,https://data.sec.gov/api/xbrl/companyconcept/CIK0001206264/dei/EntityCommonStockSharesOutstanding.json#accn=0001206264-11-000017,RESOLVED,,1
117,BWA,2011-06-27,2011-06-27T10:29:00-04:00,0000908255,2011-04-21,2011-04-28T23:59:59-04:00,109505315,dei:EntityCommonStockSharesOutstanding,10-Q,0000908255-11-000032,2011-04-28,67,A,https://data.sec.gov/api/xbrl/companyconcept/CIK0000908255/dei/EntityCommonStockSharesOutstanding.json#accn=0000908255-11-000032,RESOLVED,,1
118,CA,2011-06-27,2011-06-27T15:16:00-04:00,0000356028,2011-05-06,2011-05-16T23:59:59-04:00,506108276,dei:EntityCommonStockSharesOutstanding,10-K,0000950123-11-050920,2011-05-16,52,A,https://data.sec.gov/api/xbrl/companyconcept/CIK0000356028/dei/EntityCommonStockSharesOutstanding.json#accn=0000950123-11-050920,RESOLVED,,1
119,GT,2011-06-27,2011-06-27T15:29:00-04:00,0000042582,2011-03-31,2011-04-29T23:59:59-04:00,244144455,dei:EntityCommonStockSharesOutstanding,10-Q,0000950123-11-041607,2011-04-29,88,A,https://data.sec.gov/api/xbrl/companyconcept/CIK0000042582/dei/EntityCommonStockSharesOutstanding.json#accn=0000950123-11-041607,RESOLVED,,1
120,TPX,2011-06-27,2011-06-27T13:10:00-04:00,0001206264,2011-04-22,2011-04-26T23:59:59-04:00,68449999,dei:EntityCommonStockSharesOutstanding,10-Q,0001206264-11-000017,2011-04-26,66,A,https://data.sec.gov/api/xbrl/companyconcept/CIK0001206264/dei/EntityCommonStockSharesOutstanding.json#accn=0001206264-11-000017,RESOLVED,,1
121,BWA,2011-06-28,2011-06-28T10:29:00-04:00,0000908255,2011-04-21,2011-04-28T23:59:59-04:00,109505315,dei:EntityCommonStockSharesOutstanding,10-Q,0000908255-11-000032,2011-04-28,68,A,https://data.sec.gov/api/xbrl/companyconcept/CIK0000908255/dei/EntityCommonStockSharesOutstanding.json#accn=0000908255-11-000032,RESOLVED,,1
122,CA,2011-06-28,2011-06-28T15:16:00-04:00,0000356028,2011-05-06,2011-05-16T23:59:59-04:00,506108276,dei:EntityCommonStockSharesOutstanding,10-K,0000950123-11-050920,2011-05-16,53,A,https://data.sec.gov/api/xbrl/companyconcept/CIK0000356028/dei/EntityCommonStockSharesOutstanding.json#accn=0000950123-11-050920,RESOLVED,,1
123,GT,2011-06-28,2011-06-28T15:29:00-04:00,0000042582,2011-03-31,2011-04-29T23:59:59-04:00,244144455,dei:EntityCommonStockSharesOutstanding,10-Q,0000950123-11-041607,2011-04-29,89,A,https://data.sec.gov/api/xbrl/companyconcept/CIK0000042582/dei/EntityCommonStockSharesOutstanding.json#accn=0000950123-11-041607,RESOLVED,,1
124,TPX,2011-06-28,2011-06-28T13:10:00-04:00,0001206264,2011-04-22,2011-04-26T23:59:59-04:00,68449999,dei:EntityCommonStockSharesOutstanding,10-Q,0001206264-11-000017,2011-04-26,67,A,https://data.sec.gov/api/xbrl/companyconcept/CIK0001206264/dei/EntityCommonStockSharesOutstanding.json#accn=0001206264-11-000017,RESOLVED,,1
125,BWA,2011-06-29,2011-06-29T10:29:00-04:00,0000908255,2011-04-21,2011-04-28T23:59:59-04:00,109505315,dei:EntityCommonStockSharesOutstanding,10-Q,0000908255-11-000032,2011-04-28,69,A,https://data.sec.gov/api/xbrl/companyconcept/CIK0000908255/dei/EntityCommonStockSharesOutstanding.json#accn=0000908255-11-000032,RESOLVED,,1
126,CA,2011-06-29,2011-06-29T15:16:00-04:00,0000356028,2011-05-06,2011-05-16T23:59:59-04:00,506108276,dei:EntityCommonStockSharesOutstanding,10-K,0000950123-11-050920,2011-05-16,54,A,https://data.sec.gov/api/xbrl/companyconcept/CIK0000356028/dei/EntityCommonStockSharesOutstanding.json#accn=0000950123-11-050920,RESOLVED,,1
127,GT,2011-06-29,2011-06-29T15:29:00-04:00,0000042582,2011-03-31,2011-04-29T23:59:59-04:00,244144455,dei:EntityCommonStockSharesOutstanding,10-Q,0000950123-11-041607,2011-04-29,90,A,https://data.sec.gov/api/xbrl/companyconcept/CIK0000042582/dei/EntityCommonStockSharesOutstanding.json#accn=0000950123-11-041607,RESOLVED,,1
128,TPX,2011-06-29,2011-06-29T13:10:00-04:00,0001206264,2011-04-22,2011-04-26T23:59:59-04:00,68449999,dei:EntityCommonStockSharesOutstanding,10-Q,0001206264-11-000017,2011-04-26,68,A,https://data.sec.gov/api/xbrl/companyconcept/CIK0001206264/dei/EntityCommonStockSharesOutstanding.json#accn=0001206264-11-000017,RESOLVED,,1
129,BWA,2011-06-30,2011-06-30T10:29:00-04:00,0000908255,2011-04-21,2011-04-28T23:59:59-04:00,109505315,dei:EntityCommonStockSharesOutstanding,10-Q,0000908255-11-000032,2011-04-28,70,A,https://data.sec.gov/api/xbrl/companyconcept/CIK0000908255/dei/EntityCommonStockSharesOutstanding.json#accn=0000908255-11-000032,RESOLVED,,1
130,CA,2011-06-30,2011-06-30T15:16:00-04:00,0000356028,2011-05-06,2011-05-16T23:59:59-04:00,506108276,dei:EntityCommonStockSharesOutstanding,10-K,0000950123-11-050920,2011-05-16,55,A,https://data.sec.gov/api/xbrl/companyconcept/CIK0000356028/dei/EntityCommonStockSharesOutstanding.json#accn=0000950123-11-050920,RESOLVED,,1
131,GT,2011-06-30,2011-06-30T15:29:00-04:00,0000042582,2011-03-31,2011-04-29T23:59:59-04:00,244144455,dei:EntityCommonStockSharesOutstanding,10-Q,0000950123-11-041607,2011-04-29,91,A,https://data.sec.gov/api/xbrl/companyconcept/CIK0000042582/dei/EntityCommonStockSharesOutstanding.json#accn=0000950123-11-041607,RESOLVED,,1
132,TPX,2011-06-30,2011-06-30T13:10:00-04:00,0001206264,2011-04-22,2011-04-26T23:59:59-04:00,68449999,dei:EntityCommonStockSharesOutstanding,10-Q,0001206264-11-000017,2011-04-26,69,A,https://data.sec.gov/api/xbrl/companyconcept/CIK0001206264/dei/EntityCommonStockSharesOutstanding.json#accn=0001206264-11-000017,RESOLVED,,1
133,BWA,2011-07-01,2011-07-01T10:29:00-04:00,0000908255,2011-04-21,2011-04-28T23:59:59-04:00,109505315,dei:EntityCommonStockSharesOutstanding,10-Q,0000908255-11-000032,2011-04-28,71,A,https://data.sec.gov/api/xbrl/companyconcept/CIK0000908255/dei/EntityCommonStockSharesOutstanding.json#accn=0000908255-11-000032,RESOLVED,,1
134,CA,2011-07-01,2011-07-01T15:16:00-04:00,0000356028,2011-05-06,2011-05-16T23:59:59-04:00,506108276,dei:EntityCommonStockSharesOutstanding,10-K,0000950123-11-050920,2011-05-16,56,A,https://data.sec.gov/api/xbrl/companyconcept/CIK0000356028/dei/EntityCommonStockSharesOutstanding.json#accn=0000950123-11-050920,RESOLVED,,1
135,GT,2011-07-01,2011-07-01T15:29:00-04:00,0000042582,2011-03-31,2011-04-29T23:59:59-04:00,244144455,dei:EntityCommonStockSharesOutstanding,10-Q,0000950123-11-041607,2011-04-29,92,A,https://data.sec.gov/api/xbrl/companyconcept/CIK0000042582/dei/EntityCommonStockSharesOutstanding.json#accn=0000950123-11-041607,RESOLVED,,1
136,TPX,2011-07-01,2011-07-01T13:10:00-04:00,0001206264,2011-04-22,2011-04-26T23:59:59-04:00,68449999,dei:EntityCommonStockSharesOutstanding,10-Q,0001206264-11-000017,2011-04-26,70,A,https://data.sec.gov/api/xbrl/companyconcept/CIK0001206264/dei/EntityCommonStockSharesOutstanding.json#accn=0001206264-11-000017,RESOLVED,,1
137,BWA,2011-07-05,2011-07-05T10:29:00-04:00,0000908255,2011-04-21,2011-04-28T23:59:59-04:00,109505315,dei:EntityCommonStockSharesOutstanding,10-Q,0000908255-11-000032,2011-04-28,75,A,https://data.sec.gov/api/xbrl/companyconcept/CIK0000908255/dei/EntityCommonStockSharesOutstanding.json#accn=0000908255-11-000032,RESOLVED,,1
138,CA,2011-07-05,2011-07-05T15:16:00-04:00,0000356028,2011-05-06,2011-05-16T23:59:59-04:00,506108276,dei:EntityCommonStockSharesOutstanding,10-K,0000950123-11-050920,2011-05-16,60,A,https://data.sec.gov/api/xbrl/companyconcept/CIK0000356028/dei/EntityCommonStockSharesOutstanding.json#accn=0000950123-11-050920,RESOLVED,,1
139,DNDN,2011-07-05,2011-07-05T15:26:00-04:00,0001107332,2011-04-28,2011-05-02T23:59:59-04:00,145832004,dei:EntityCommonStockSharesOutstanding,10-Q,0000950123-11-042941,2011-05-02,68,A,https://data.sec.gov/api/xbrl/companyconcept/CIK0001107332/dei/EntityCommonStockSharesOutstanding.json#accn=0000950123-11-042941,RESOLVED,,1
140,GT,2011-07-05,2011-07-05T15:29:00-04:00,0000042582,2011-03-31,2011-04-29T23:59:59-04:00,244144455,dei:EntityCommonStockSharesOutstanding,10-Q,0000950123-11-041607,2011-04-29,96,A,https://data.sec.gov/api/xbrl/companyconcept/CIK0000042582/dei/EntityCommonStockSharesOutstanding.json#accn=0000950123-11-041607,RESOLVED,,1
141,TPX,2011-07-05,2011-07-05T13:10:00-04:00,0001206264,2011-04-22,2011-04-26T23:59:59-04:00,68449999,dei:EntityCommonStockSharesOutstanding,10-Q,0001206264-11-000017,2011-04-26,74,A,https://data.sec.gov/api/xbrl/companyconcept/CIK0001206264/dei/EntityCommonStockSharesOutstanding.json#accn=0001206264-11-000017,RESOLVED,,1
142,BWA,2011-07-06,2011-07-06T10:29:00-04:00,0000908255,2011-04-21,2011-04-28T23:59:59-04:00,109505315,dei:EntityCommonStockSharesOutstanding,10-Q,0000908255-11-000032,2011-04-28,76,A,https://data.sec.gov/api/xbrl/companyconcept/CIK0000908255/dei/EntityCommonStockSharesOutstanding.json#accn=0000908255-11-000032,RESOLVED,,1
143,CA,2011-07-06,2011-07-06T15:16:00-04:00,0000356028,2011-05-06,2011-05-16T23:59:59-04:00,506108276,dei:EntityCommonStockSharesOutstanding,10-K,0000950123-11-050920,2011-05-16,61,A,https://data.sec.gov/api/xbrl/companyconcept/CIK0000356028/dei/EntityCommonStockSharesOutstanding.json#accn=0000950123-11-050920,RESOLVED,,1
144,DNDN,2011-07-06,2011-07-06T15:26:00-04:00,0001107332,2011-04-28,2011-05-02T23:59:59-04:00,145832004,dei:EntityCommonStockSharesOutstanding,10-Q,0000950123-11-042941,2011-05-02,69,A,https://data.sec.gov/api/xbrl/companyconcept/CIK0001107332/dei/EntityCommonStockSharesOutstanding.json#accn=0000950123-11-042941,RESOLVED,,1
145,GT,2011-07-06,2011-07-06T15:29:00-04:00,0000042582,2011-03-31,2011-04-29T23:59:59-04:00,244144455,dei:EntityCommonStockSharesOutstanding,10-Q,0000950123-11-041607,2011-04-29,97,A,https://data.sec.gov/api/xbrl/companyconcept/CIK0000042582/dei/EntityCommonStockSharesOutstanding.json#accn=0000950123-11-041607,RESOLVED,,1
146,TPX,2011-07-06,2011-07-06T13:10:00-04:00,0001206264,2011-04-22,2011-04-26T23:59:59-04:00,68449999,dei:EntityCommonStockSharesOutstanding,10-Q,0001206264-11-000017,2011-04-26,75,A,https://data.sec.gov/api/xbrl/companyconcept/CIK0001206264/dei/EntityCommonStockSharesOutstanding.json#accn=0001206264-11-000017,RESOLVED,,1
147,BWA,2011-07-07,2011-07-07T10:29:00-04:00,0000908255,2011-04-21,2011-04-28T23:59:59-04:00,109505315,dei:EntityCommonStockSharesOutstanding,10-Q,0000908255-11-000032,2011-04-28,77,A,https://data.sec.gov/api/xbrl/companyconcept/CIK0000908255/dei/EntityCommonStockSharesOutstanding.json#accn=0000908255-11-000032,RESOLVED,,1
148,CA,2011-07-07,2011-07-07T15:16:00-04:00,0000356028,2011-05-06,2011-05-16T23:59:59-04:00,506108276,dei:EntityCommonStockSharesOutstanding,10-K,0000950123-11-050920,2011-05-16,62,A,https://data.sec.gov/api/xbrl/companyconcept/CIK0000356028/dei/EntityCommonStockSharesOutstanding.json#accn=0000950123-11-050920,RESOLVED,,1
149,DNDN,2011-07-07,2011-07-07T15:26:00-04:00,0001107332,2011-04-28,2011-05-02T23:59:59-04:00,145832004,dei:EntityCommonStockSharesOutstanding,10-Q,0000950123-11-042941,2011-05-02,70,A,https://data.sec.gov/api/xbrl/companyconcept/CIK0001107332/dei/EntityCommonStockSharesOutstanding.json#accn=0000950123-11-042941,RESOLVED,,1
150,GT,2011-07-07,2011-07-07T15:29:00-04:00,0000042582,2011-03-31,2011-04-29T23:59:59-04:00,244144455,dei:EntityCommonStockSharesOutstanding,10-Q,0000950123-11-041607,2011-04-29,98,A,https://data.sec.gov/api/xbrl/companyconcept/CIK0000042582/dei/EntityCommonStockSharesOutstanding.json#accn=0000950123-11-041607,RESOLVED,,1
151,TPX,2011-07-07,2011-07-07T13:10:00-04:00,0001206264,2011-04-22,2011-04-26T23:59:59-04:00,68449999,dei:EntityCommonStockSharesOutstanding,10-Q,0001206264-11-000017,2011-04-26,76,A,https://data.sec.gov/api/xbrl/companyconcept/CIK0001206264/dei/EntityCommonStockSharesOutstanding.json#accn=0001206264-11-000017,RESOLVED,,1
152,BWA,2011-07-08,2011-07-08T10:29:00-04:00,0000908255,2011-04-21,2011-04-28T23:59:59-04:00,109505315,dei:EntityCommonStockSharesOutstanding,10-Q,0000908255-11-000032,2011-04-28,78,A,https://data.sec.gov/api/xbrl/companyconcept/CIK0000908255/dei/EntityCommonStockSharesOutstanding.json#accn=0000908255-11-000032,RESOLVED,,1
153,CA,2011-07-08,2011-07-08T15:16:00-04:00,0000356028,2011-05-06,2011-05-16T23:59:59-04:00,506108276,dei:EntityCommonStockSharesOutstanding,10-K,0000950123-11-050920,2011-05-16,63,A,https://data.sec.gov/api/xbrl/companyconcept/CIK0000356028/dei/EntityCommonStockSharesOutstanding.json#accn=0000950123-11-050920,RESOLVED,,1
154,DNDN,2011-07-08,2011-07-08T15:26:00-04:00,0001107332,2011-04-28,2011-05-02T23:59:59-04:00,145832004,dei:EntityCommonStockSharesOutstanding,10-Q,0000950123-11-042941,2011-05-02,71,A,https://data.sec.gov/api/xbrl/companyconcept/CIK0001107332/dei/EntityCommonStockSharesOutstanding.json#accn=0000950123-11-042941,RESOLVED,,1
155,GT,2011-07-08,2011-07-08T15:29:00-04:00,0000042582,2011-03-31,2011-04-29T23:59:59-04:00,244144455,dei:EntityCommonStockSharesOutstanding,10-Q,0000950123-11-041607,2011-04-29,99,A,https://data.sec.gov/api/xbrl/companyconcept/CIK0000042582/dei/EntityCommonStockSharesOutstanding.json#accn=0000950123-11-041607,RESOLVED,,1
156,TPX,2011-07-08,2011-07-08T13:10:00-04:00,0001206264,2011-04-22,2011-04-26T23:59:59-04:00,68449999,dei:EntityCommonStockSharesOutstanding,10-Q,0001206264-11-000017,2011-04-26,77,A,https://data.sec.gov/api/xbrl/companyconcept/CIK0001206264/dei/EntityCommonStockSharesOutstanding.json#accn=0001206264-11-000017,RESOLVED,,1
157,BWA,2011-07-11,2011-07-11T10:29:00-04:00,0000908255,2011-04-21,2011-04-28T23:59:59-04:00,109505315,dei:EntityCommonStockSharesOutstanding,10-Q,0000908255-11-000032,2011-04-28,81,A,https://data.sec.gov/api/xbrl/companyconcept/CIK0000908255/dei/EntityCommonStockSharesOutstanding.json#accn=0000908255-11-000032,RESOLVED,,1
158,CA,2011-07-11,2011-07-11T15:16:00-04:00,0000356028,2011-05-06,2011-05-16T23:59:59-04:00,506108276,dei:EntityCommonStockSharesOutstanding,10-K,0000950123-11-050920,2011-05-16,66,A,https://data.sec.gov/api/xbrl/companyconcept/CIK0000356028/dei/EntityCommonStockSharesOutstanding.json#accn=0000950123-11-050920,RESOLVED,,1
159,DNDN,2011-07-11,2011-07-11T15:26:00-04:00,0001107332,2011-04-28,2011-05-02T23:59:59-04:00,145832004,dei:EntityCommonStockSharesOutstanding,10-Q,0000950123-11-042941,2011-05-02,74,A,https://data.sec.gov/api/xbrl/companyconcept/CIK0001107332/dei/EntityCommonStockSharesOutstanding.json#accn=0000950123-11-042941,RESOLVED,,1
160,GT,2011-07-11,2011-07-11T15:29:00-04:00,0000042582,2011-03-31,2011-04-29T23:59:59-04:00,244144455,dei:EntityCommonStockSharesOutstanding,10-Q,0000950123-11-041607,2011-04-29,102,A,https://data.sec.gov/api/xbrl/companyconcept/CIK0000042582/dei/EntityCommonStockSharesOutstanding.json#accn=0000950123-11-041607,RESOLVED,,1
161,TPX,2011-07-11,2011-07-11T13:10:00-04:00,0001206264,2011-04-22,2011-04-26T23:59:59-04:00,68449999,dei:EntityCommonStockSharesOutstanding,10-Q,0001206264-11-000017,2011-04-26,80,A,https://data.sec.gov/api/xbrl/companyconcept/CIK0001206264/dei/EntityCommonStockSharesOutstanding.json#accn=0001206264-11-000017,RESOLVED,,1
162,BWA,2011-07-12,2011-07-12T10:29:00-04:00,0000908255,2011-04-21,2011-04-28T23:59:59-04:00,109505315,dei:EntityCommonStockSharesOutstanding,10-Q,0000908255-11-000032,2011-04-28,82,A,https://data.sec.gov/api/xbrl/companyconcept/CIK0000908255/dei/EntityCommonStockSharesOutstanding.json#accn=0000908255-11-000032,RESOLVED,,1
163,CA,2011-07-12,2011-07-12T15:16:00-04:00,0000356028,2011-05-06,2011-05-16T23:59:59-04:00,506108276,dei:EntityCommonStockSharesOutstanding,10-K,0000950123-11-050920,2011-05-16,67,A,https://data.sec.gov/api/xbrl/companyconcept/CIK0000356028/dei/EntityCommonStockSharesOutstanding.json#accn=0000950123-11-050920,RESOLVED,,1
164,DNDN,2011-07-12,2011-07-12T15:26:00-04:00,0001107332,2011-04-28,2011-05-02T23:59:59-04:00,145832004,dei:EntityCommonStockSharesOutstanding,10-Q,0000950123-11-042941,2011-05-02,75,A,https://data.sec.gov/api/xbrl/companyconcept/CIK0001107332/dei/EntityCommonStockSharesOutstanding.json#accn=0000950123-11-042941,RESOLVED,,1
165,GT,2011-07-12,2011-07-12T15:29:00-04:00,0000042582,2011-03-31,2011-04-29T23:59:59-04:00,244144455,dei:EntityCommonStockSharesOutstanding,10-Q,0000950123-11-041607,2011-04-29,103,A,https://data.sec.gov/api/xbrl/companyconcept/CIK0000042582/dei/EntityCommonStockSharesOutstanding.json#accn=0000950123-11-041607,RESOLVED,,1
166,TPX,2011-07-12,2011-07-12T13:10:00-04:00,0001206264,2011-04-22,2011-04-26T23:59:59-04:00,68449999,dei:EntityCommonStockSharesOutstanding,10-Q,0001206264-11-000017,2011-04-26,81,A,https://data.sec.gov/api/xbrl/companyconcept/CIK0001206264/dei/EntityCommonStockSharesOutstanding.json#accn=0001206264-11-000017,RESOLVED,,1
167,BWA,2011-07-13,2011-07-13T10:29:00-04:00,0000908255,2011-04-21,2011-04-28T23:59:59-04:00,109505315,dei:EntityCommonStockSharesOutstanding,10-Q,0000908255-11-000032,2011-04-28,83,A,https://data.sec.gov/api/xbrl/companyconcept/CIK0000908255/dei/EntityCommonStockSharesOutstanding.json#accn=0000908255-11-000032,RESOLVED,,1
168,CA,2011-07-13,2011-07-13T15:16:00-04:00,0000356028,2011-05-06,2011-05-16T23:59:59-04:00,506108276,dei:EntityCommonStockSharesOutstanding,10-K,0000950123-11-050920,2011-05-16,68,A,https://data.sec.gov/api/xbrl/companyconcept/CIK0000356028/dei/EntityCommonStockSharesOutstanding.json#accn=0000950123-11-050920,RESOLVED,,1
169,DNDN,2011-07-13,2011-07-13T15:26:00-04:00,0001107332,2011-04-28,2011-05-02T23:59:59-04:00,145832004,dei:EntityCommonStockSharesOutstanding,10-Q,0000950123-11-042941,2011-05-02,76,A,https://data.sec.gov/api/xbrl/companyconcept/CIK0001107332/dei/EntityCommonStockSharesOutstanding.json#accn=0000950123-11-042941,RESOLVED,,1
170,GT,2011-07-13,2011-07-13T15:29:00-04:00,0000042582,2011-03-31,2011-04-29T23:59:59-04:00,244144455,dei:EntityCommonStockSharesOutstanding,10-Q,0000950123-11-041607,2011-04-29,104,A,https://data.sec.gov/api/xbrl/companyconcept/CIK0000042582/dei/EntityCommonStockSharesOutstanding.json#accn=0000950123-11-041607,RESOLVED,,1
171,TPX,2011-07-13,2011-07-13T13:10:00-04:00,0001206264,2011-04-22,2011-04-26T23:59:59-04:00,68449999,dei:EntityCommonStockSharesOutstanding,10-Q,0001206264-11-000017,2011-04-26,82,A,https://data.sec.gov/api/xbrl/companyconcept/CIK0001206264/dei/EntityCommonStockSharesOutstanding.json#accn=0001206264-11-000017,RESOLVED,,1
172,BWA,2011-07-14,2011-07-14T10:29:00-04:00,0000908255,2011-04-21,2011-04-28T23:59:59-04:00,109505315,dei:EntityCommonStockSharesOutstanding,10-Q,0000908255-11-000032,2011-04-28,84,A,https://data.sec.gov/api/xbrl/companyconcept/CIK0000908255/dei/EntityCommonStockSharesOutstanding.json#accn=0000908255-11-000032,RESOLVED,,1
173,CA,2011-07-14,2011-07-14T15:16:00-04:00,0000356028,2011-05-06,2011-05-16T23:59:59-04:00,506108276,dei:EntityCommonStockSharesOutstanding,10-K,0000950123-11-050920,2011-05-16,69,A,https://data.sec.gov/api/xbrl/companyconcept/CIK0000356028/dei/EntityCommonStockSharesOutstanding.json#accn=0000950123-11-050920,RESOLVED,,1
174,DNDN,2011-07-14,2011-07-14T15:26:00-04:00,0001107332,2011-04-28,2011-05-02T23:59:59-04:00,145832004,dei:EntityCommonStockSharesOutstanding,10-Q,0000950123-11-042941,2011-05-02,77,A,https://data.sec.gov/api/xbrl/companyconcept/CIK0001107332/dei/EntityCommonStockSharesOutstanding.json#accn=0000950123-11-042941,RESOLVED,,1
175,GT,2011-07-14,2011-07-14T15:29:00-04:00,0000042582,2011-03-31,2011-04-29T23:59:59-04:00,244144455,dei:EntityCommonStockSharesOutstanding,10-Q,0000950123-11-041607,2011-04-29,105,A,https://data.sec.gov/api/xbrl/companyconcept/CIK0000042582/dei/EntityCommonStockSharesOutstanding.json#accn=0000950123-11-041607,RESOLVED,,1
176,TPX,2011-07-14,2011-07-14T13:10:00-04:00,0001206264,2011-04-22,2011-04-26T23:59:59-04:00,68449999,dei:EntityCommonStockSharesOutstanding,10-Q,0001206264-11-000017,2011-04-26,83,A,https://data.sec.gov/api/xbrl/companyconcept/CIK0001206264/dei/EntityCommonStockSharesOutstanding.json#accn=0001206264-11-000017,RESOLVED,,1
177,BWA,2011-07-15,2011-07-15T10:29:00-04:00,0000908255,2011-04-21,2011-04-28T23:59:59-04:00,109505315,dei:EntityCommonStockSharesOutstanding,10-Q,0000908255-11-000032,2011-04-28,85,A,https://data.sec.gov/api/xbrl/companyconcept/CIK0000908255/dei/EntityCommonStockSharesOutstanding.json#accn=0000908255-11-000032,RESOLVED,,1
178,CA,2011-07-15,2011-07-15T15:16:00-04:00,0000356028,2011-05-06,2011-05-16T23:59:59-04:00,506108276,dei:EntityCommonStockSharesOutstanding,10-K,0000950123-11-050920,2011-05-16,70,A,https://data.sec.gov/api/xbrl/companyconcept/CIK0000356028/dei/EntityCommonStockSharesOutstanding.json#accn=0000950123-11-050920,RESOLVED,,1
179,DNDN,2011-07-15,2011-07-15T15:26:00-04:00,0001107332,2011-04-28,2011-05-02T23:59:59-04:00,145832004,dei:EntityCommonStockSharesOutstanding,10-Q,0000950123-11-042941,2011-05-02,78,A,https://data.sec.gov/api/xbrl/companyconcept/CIK0001107332/dei/EntityCommonStockSharesOutstanding.json#accn=0000950123-11-042941,RESOLVED,,1
180,GT,2011-07-15,2011-07-15T15:29:00-04:00,0000042582,2011-03-31,2011-04-29T23:59:59-04:00,244144455,dei:EntityCommonStockSharesOutstanding,10-Q,0000950123-11-041607,2011-04-29,106,A,https://data.sec.gov/api/xbrl/companyconcept/CIK0000042582/dei/EntityCommonStockSharesOutstanding.json#accn=0000950123-11-041607,RESOLVED,,1
181,TPX,2011-07-15,2011-07-15T13:10:00-04:00,0001206264,2011-04-22,2011-04-26T23:59:59-04:00,68449999,dei:EntityCommonStockSharesOutstanding,10-Q,0001206264-11-000017,2011-04-26,84,A,https://data.sec.gov/api/xbrl/companyconcept/CIK0001206264/dei/EntityCommonStockSharesOutstanding.json#accn=0001206264-11-000017,RESOLVED,,1
182,BWA,2011-07-18,2011-07-18T10:29:00-04:00,0000908255,2011-04-21,2011-04-28T23:59:59-04:00,109505315,dei:EntityCommonStockSharesOutstanding,10-Q,0000908255-11-000032,2011-04-28,88,A,https://data.sec.gov/api/xbrl/companyconcept/CIK0000908255/dei/EntityCommonStockSharesOutstanding.json#accn=0000908255-11-000032,RESOLVED,,1
183,CA,2011-07-18,2011-07-18T15:16:00-04:00,0000356028,2011-05-06,2011-05-16T23:59:59-04:00,506108276,dei:EntityCommonStockSharesOutstanding,10-K,0000950123-11-050920,2011-05-16,73,A,https://data.sec.gov/api/xbrl/companyconcept/CIK0000356028/dei/EntityCommonStockSharesOutstanding.json#accn=0000950123-11-050920,RESOLVED,,1
184,DNDN,2011-07-18,2011-07-18T15:26:00-04:00,0001107332,2011-04-28,2011-05-02T23:59:59-04:00,145832004,dei:EntityCommonStockSharesOutstanding,10-Q,0000950123-11-042941,2011-05-02,81,A,https://data.sec.gov/api/xbrl/companyconcept/CIK0001107332/dei/EntityCommonStockSharesOutstanding.json#accn=0000950123-11-042941,RESOLVED,,1
185,GT,2011-07-18,2011-07-18T15:29:00-04:00,0000042582,2011-03-31,2011-04-29T23:59:59-04:00,244144455,dei:EntityCommonStockSharesOutstanding,10-Q,0000950123-11-041607,2011-04-29,109,A,https://data.sec.gov/api/xbrl/companyconcept/CIK0000042582/dei/EntityCommonStockSharesOutstanding.json#accn=0000950123-11-041607,RESOLVED,,1
186,TPX,2011-07-18,2011-07-18T13:10:00-04:00,0001206264,2011-04-22,2011-04-26T23:59:59-04:00,68449999,dei:EntityCommonStockSharesOutstanding,10-Q,0001206264-11-000017,2011-04-26,87,A,https://data.sec.gov/api/xbrl/companyconcept/CIK0001206264/dei/EntityCommonStockSharesOutstanding.json#accn=0001206264-11-000017,RESOLVED,,1
187,BWA,2011-07-19,2011-07-19T10:29:00-04:00,0000908255,2011-04-21,2011-04-28T23:59:59-04:00,109505315,dei:EntityCommonStockSharesOutstanding,10-Q,0000908255-11-000032,2011-04-28,89,A,https://data.sec.gov/api/xbrl/companyconcept/CIK0000908255/dei/EntityCommonStockSharesOutstanding.json#accn=0000908255-11-000032,RESOLVED,,1
188,CA,2011-07-19,2011-07-19T15:16:00-04:00,0000356028,2011-05-06,2011-05-16T23:59:59-04:00,506108276,dei:EntityCommonStockSharesOutstanding,10-K,0000950123-11-050920,2011-05-16,74,A,https://data.sec.gov/api/xbrl/companyconcept/CIK0000356028/dei/EntityCommonStockSharesOutstanding.json#accn=0000950123-11-050920,RESOLVED,,1
189,DNDN,2011-07-19,2011-07-19T15:26:00-04:00,0001107332,2011-04-28,2011-05-02T23:59:59-04:00,145832004,dei:EntityCommonStockSharesOutstanding,10-Q,0000950123-11-042941,2011-05-02,82,A,https://data.sec.gov/api/xbrl/companyconcept/CIK0001107332/dei/EntityCommonStockSharesOutstanding.json#accn=0000950123-11-042941,RESOLVED,,1
190,GT,2011-07-19,2011-07-19T15:29:00-04:00,0000042582,2011-03-31,2011-04-29T23:59:59-04:00,244144455,dei:EntityCommonStockSharesOutstanding,10-Q,0000950123-11-041607,2011-04-29,110,A,https://data.sec.gov/api/xbrl/companyconcept/CIK0000042582/dei/EntityCommonStockSharesOutstanding.json#accn=0000950123-11-041607,RESOLVED,,1
191,TPX,2011-07-19,2011-07-19T13:10:00-04:00,0001206264,2011-04-22,2011-04-26T23:59:59-04:00,68449999,dei:EntityCommonStockSharesOutstanding,10-Q,0001206264-11-000017,2011-04-26,88,A,https://data.sec.gov/api/xbrl/companyconcept/CIK0001206264/dei/EntityCommonStockSharesOutstanding.json#accn=0001206264-11-000017,RESOLVED,,1
192,BWA,2011-07-20,2011-07-20T10:29:00-04:00,0000908255,2011-04-21,2011-04-28T23:59:59-04:00,109505315,dei:EntityCommonStockSharesOutstanding,10-Q,0000908255-11-000032,2011-04-28,90,A,https://data.sec.gov/api/xbrl/companyconcept/CIK0000908255/dei/EntityCommonStockSharesOutstanding.json#accn=0000908255-11-000032,RESOLVED,,1
193,CA,2011-07-20,2011-07-20T15:16:00-04:00,0000356028,2011-05-06,2011-05-16T23:59:59-04:00,506108276,dei:EntityCommonStockSharesOutstanding,10-K,0000950123-11-050920,2011-05-16,75,A,https://data.sec.gov/api/xbrl/companyconcept/CIK0000356028/dei/EntityCommonStockSharesOutstanding.json#accn=0000950123-11-050920,RESOLVED,,1
194,DNDN,2011-07-20,2011-07-20T15:26:00-04:00,0001107332,2011-04-28,2011-05-02T23:59:59-04:00,145832004,dei:EntityCommonStockSharesOutstanding,10-Q,0000950123-11-042941,2011-05-02,83,A,https://data.sec.gov/api/xbrl/companyconcept/CIK0001107332/dei/EntityCommonStockSharesOutstanding.json#accn=0000950123-11-042941,RESOLVED,,1
195,FL,2011-07-20,2011-07-20T15:13:00-04:00,0000850209,2011-05-27,2011-06-08T23:59:59-04:00,153842012,dei:EntityCommonStockSharesOutstanding,10-Q,0001144204-11-034668,2011-06-08,54,A,https://data.sec.gov/api/xbrl/companyconcept/CIK0000850209/dei/EntityCommonStockSharesOutstanding.json#accn=0001144204-11-034668,RESOLVED,,1
196,GT,2011-07-20,2011-07-20T15:29:00-04:00,0000042582,2011-03-31,2011-04-29T23:59:59-04:00,244144455,dei:EntityCommonStockSharesOutstanding,10-Q,0000950123-11-041607,2011-04-29,111,A,https://data.sec.gov/api/xbrl/companyconcept/CIK0000042582/dei/EntityCommonStockSharesOutstanding.json#accn=0000950123-11-041607,RESOLVED,,1
197,TPX,2011-07-20,2011-07-20T13:10:00-04:00,0001206264,2011-04-22,2011-04-26T23:59:59-04:00,68449999,dei:EntityCommonStockSharesOutstanding,10-Q,0001206264-11-000017,2011-04-26,89,A,https://data.sec.gov/api/xbrl/companyconcept/CIK0001206264/dei/EntityCommonStockSharesOutstanding.json#accn=0001206264-11-000017,RESOLVED,,1
198,BWA,2011-07-21,2011-07-21T10:29:00-04:00,0000908255,2011-04-21,2011-04-28T23:59:59-04:00,109505315,dei:EntityCommonStockSharesOutstanding,10-Q,0000908255-11-000032,2011-04-28,91,A,https://data.sec.gov/api/xbrl/companyconcept/CIK0000908255/dei/EntityCommonStockSharesOutstanding.json#accn=0000908255-11-000032,RESOLVED,,1
199,DNDN,2011-07-21,2011-07-21T15:26:00-04:00,0001107332,2011-04-28,2011-05-02T23:59:59-04:00,145832004,dei:EntityCommonStockSharesOutstanding,10-Q,0000950123-11-042941,2011-05-02,84,A,https://data.sec.gov/api/xbrl/companyconcept/CIK0001107332/dei/EntityCommonStockSharesOutstanding.json#accn=0000950123-11-042941,RESOLVED,,1
200,FL,2011-07-21,2011-07-21T15:13:00-04:00,0000850209,2011-05-27,2011-06-08T23:59:59-04:00,153842012,dei:EntityCommonStockSharesOutstanding,10-Q,0001144204-11-034668,2011-06-08,55,A,https://data.sec.gov/api/xbrl/companyconcept/CIK0000850209/dei/EntityCommonStockSharesOutstanding.json#accn=0001144204-11-034668,RESOLVED,,1
201,GT,2011-07-21,2011-07-21T15:29:00-04:00,0000042582,2011-03-31,2011-04-29T23:59:59-04:00,244144455,dei:EntityCommonStockSharesOutstanding,10-Q,0000950123-11-041607,2011-04-29,112,A,https://data.sec.gov/api/xbrl/companyconcept/CIK0000042582/dei/EntityCommonStockSharesOutstanding.json#accn=0000950123-11-041607,RESOLVED,,1
202,TPX,2011-07-21,2011-07-21T13:10:00-04:00,0001206264,2011-04-22,2011-04-26T23:59:59-04:00,68449999,dei:EntityCommonStockSharesOutstanding,10-Q,0001206264-11-000017,2011-04-26,90,A,https://data.sec.gov/api/xbrl/companyconcept/CIK0001206264/dei/EntityCommonStockSharesOutstanding.json#accn=0001206264-11-000017,RESOLVED,,1
203,BWA,2011-07-22,2011-07-22T10:29:00-04:00,0000908255,2011-04-21,2011-04-28T23:59:59-04:00,109505315,dei:EntityCommonStockSharesOutstanding,10-Q,0000908255-11-000032,2011-04-28,92,A,https://data.sec.gov/api/xbrl/companyconcept/CIK0000908255/dei/EntityCommonStockSharesOutstanding.json#accn=0000908255-11-000032,RESOLVED,,1
204,DNDN,2011-07-22,2011-07-22T15:26:00-04:00,0001107332,2011-04-28,2011-05-02T23:59:59-04:00,145832004,dei:EntityCommonStockSharesOutstanding,10-Q,0000950123-11-042941,2011-05-02,85,A,https://data.sec.gov/api/xbrl/companyconcept/CIK0001107332/dei/EntityCommonStockSharesOutstanding.json#accn=0000950123-11-042941,RESOLVED,,1
205,FL,2011-07-22,2011-07-22T15:13:00-04:00,0000850209,2011-05-27,2011-06-08T23:59:59-04:00,153842012,dei:EntityCommonStockSharesOutstanding,10-Q,0001144204-11-034668,2011-06-08,56,A,https://data.sec.gov/api/xbrl/companyconcept/CIK0000850209/dei/EntityCommonStockSharesOutstanding.json#accn=0001144204-11-034668,RESOLVED,,1
206,GT,2011-07-22,2011-07-22T15:29:00-04:00,0000042582,2011-03-31,2011-04-29T23:59:59-04:00,244144455,dei:EntityCommonStockSharesOutstanding,10-Q,0000950123-11-041607,2011-04-29,113,A,https://data.sec.gov/api/xbrl/companyconcept/CIK0000042582/dei/EntityCommonStockSharesOutstanding.json#accn=0000950123-11-041607,RESOLVED,,1
207,TPX,2011-07-22,2011-07-22T13:10:00-04:00,0001206264,2011-04-22,2011-04-26T23:59:59-04:00,68449999,dei:EntityCommonStockSharesOutstanding,10-Q,0001206264-11-000017,2011-04-26,91,A,https://data.sec.gov/api/xbrl/companyconcept/CIK0001206264/dei/EntityCommonStockSharesOutstanding.json#accn=0001206264-11-000017,RESOLVED,,1
208,BWA,2011-07-25,2011-07-25T10:29:00-04:00,0000908255,2011-04-21,2011-04-28T23:59:59-04:00,109505315,dei:EntityCommonStockSharesOutstanding,10-Q,0000908255-11-000032,2011-04-28,95,A,https://data.sec.gov/api/xbrl/companyconcept/CIK0000908255/dei/EntityCommonStockSharesOutstanding.json#accn=0000908255-11-000032,RESOLVED,,1
209,DNDN,2011-07-25,2011-07-25T15:26:00-04:00,0001107332,2011-04-28,2011-05-02T23:59:59-04:00,145832004,dei:EntityCommonStockSharesOutstanding,10-Q,0000950123-11-042941,2011-05-02,88,A,https://data.sec.gov/api/xbrl/companyconcept/CIK0001107332/dei/EntityCommonStockSharesOutstanding.json#accn=0000950123-11-042941,RESOLVED,,1
210,FL,2011-07-25,2011-07-25T15:13:00-04:00,0000850209,2011-05-27,2011-06-08T23:59:59-04:00,153842012,dei:EntityCommonStockSharesOutstanding,10-Q,0001144204-11-034668,2011-06-08,59,A,https://data.sec.gov/api/xbrl/companyconcept/CIK0000850209/dei/EntityCommonStockSharesOutstanding.json#accn=0001144204-11-034668,RESOLVED,,1
211,GT,2011-07-25,2011-07-25T15:29:00-04:00,0000042582,2011-03-31,2011-04-29T23:59:59-04:00,244144455,dei:EntityCommonStockSharesOutstanding,10-Q,0000950123-11-041607,2011-04-29,116,A,https://data.sec.gov/api/xbrl/companyconcept/CIK0000042582/dei/EntityCommonStockSharesOutstanding.json#accn=0000950123-11-041607,RESOLVED,,1
212,TPX,2011-07-25,2011-07-25T13:10:00-04:00,0001206264,2011-04-22,2011-04-26T23:59:59-04:00,68449999,dei:EntityCommonStockSharesOutstanding,10-Q,0001206264-11-000017,2011-04-26,94,A,https://data.sec.gov/api/xbrl/companyconcept/CIK0001206264/dei/EntityCommonStockSharesOutstanding.json#accn=0001206264-11-000017,RESOLVED,,1
213,BWA,2011-07-26,2011-07-26T10:29:00-04:00,0000908255,2011-04-21,2011-04-28T23:59:59-04:00,109505315,dei:EntityCommonStockSharesOutstanding,10-Q,0000908255-11-000032,2011-04-28,96,A,https://data.sec.gov/api/xbrl/companyconcept/CIK0000908255/dei/EntityCommonStockSharesOutstanding.json#accn=0000908255-11-000032,RESOLVED,,1
214,DNDN,2011-07-26,2011-07-26T15:26:00-04:00,0001107332,2011-04-28,2011-05-02T23:59:59-04:00,145832004,dei:EntityCommonStockSharesOutstanding,10-Q,0000950123-11-042941,2011-05-02,89,A,https://data.sec.gov/api/xbrl/companyconcept/CIK0001107332/dei/EntityCommonStockSharesOutstanding.json#accn=0000950123-11-042941,RESOLVED,,1
215,FL,2011-07-26,2011-07-26T15:13:00-04:00,0000850209,2011-05-27,2011-06-08T23:59:59-04:00,153842012,dei:EntityCommonStockSharesOutstanding,10-Q,0001144204-11-034668,2011-06-08,60,A,https://data.sec.gov/api/xbrl/companyconcept/CIK0000850209/dei/EntityCommonStockSharesOutstanding.json#accn=0001144204-11-034668,RESOLVED,,1
216,GT,2011-07-26,2011-07-26T15:29:00-04:00,0000042582,2011-03-31,2011-04-29T23:59:59-04:00,244144455,dei:EntityCommonStockSharesOutstanding,10-Q,0000950123-11-041607,2011-04-29,117,A,https://data.sec.gov/api/xbrl/companyconcept/CIK0000042582/dei/EntityCommonStockSharesOutstanding.json#accn=0000950123-11-041607,RESOLVED,,1
217,TPX,2011-07-26,2011-07-26T13:10:00-04:00,0001206264,2011-04-22,2011-04-26T23:59:59-04:00,68449999,dei:EntityCommonStockSharesOutstanding,10-Q,0001206264-11-000017,2011-04-26,95,A,https://data.sec.gov/api/xbrl/companyconcept/CIK0001206264/dei/EntityCommonStockSharesOutstanding.json#accn=0001206264-11-000017,RESOLVED,,1
218,BWA,2011-07-27,2011-07-27T10:29:00-04:00,0000908255,2011-04-21,2011-04-28T23:59:59-04:00,109505315,dei:EntityCommonStockSharesOutstanding,10-Q,0000908255-11-000032,2011-04-28,97,A,https://data.sec.gov/api/xbrl/companyconcept/CIK0000908255/dei/EntityCommonStockSharesOutstanding.json#accn=0000908255-11-000032,RESOLVED,,1
219,DNDN,2011-07-27,2011-07-27T15:26:00-04:00,0001107332,2011-04-28,2011-05-02T23:59:59-04:00,145832004,dei:EntityCommonStockSharesOutstanding,10-Q,0000950123-11-042941,2011-05-02,90,A,https://data.sec.gov/api/xbrl/companyconcept/CIK0001107332/dei/EntityCommonStockSharesOutstanding.json#accn=0000950123-11-042941,RESOLVED,,1
220,FL,2011-07-27,2011-07-27T15:13:00-04:00,0000850209,2011-05-27,2011-06-08T23:59:59-04:00,153842012,dei:EntityCommonStockSharesOutstanding,10-Q,0001144204-11-034668,2011-06-08,61,A,https://data.sec.gov/api/xbrl/companyconcept/CIK0000850209/dei/EntityCommonStockSharesOutstanding.json#accn=0001144204-11-034668,RESOLVED,,1
221,GT,2011-07-27,2011-07-27T15:29:00-04:00,0000042582,2011-03-31,2011-04-29T23:59:59-04:00,244144455,dei:EntityCommonStockSharesOutstanding,10-Q,0000950123-11-041607,2011-04-29,118,A,https://data.sec.gov/api/xbrl/companyconcept/CIK0000042582/dei/EntityCommonStockSharesOutstanding.json#accn=0000950123-11-041607,RESOLVED,,1
222,DNDN,2011-07-28,2011-07-28T15:26:00-04:00,0001107332,2011-04-28,2011-05-02T23:59:59-04:00,145832004,dei:EntityCommonStockSharesOutstanding,10-Q,0000950123-11-042941,2011-05-02,91,A,https://data.sec.gov/api/xbrl/companyconcept/CIK0001107332/dei/EntityCommonStockSharesOutstanding.json#accn=0000950123-11-042941,RESOLVED,,1
223,FL,2011-07-28,2011-07-28T15:13:00-04:00,0000850209,2011-05-27,2011-06-08T23:59:59-04:00,153842012,dei:EntityCommonStockSharesOutstanding,10-Q,0001144204-11-034668,2011-06-08,62,A,https://data.sec.gov/api/xbrl/companyconcept/CIK0000850209/dei/EntityCommonStockSharesOutstanding.json#accn=0001144204-11-034668,RESOLVED,,1
224,DNDN,2011-07-29,2011-07-29T15:26:00-04:00,0001107332,2011-04-28,2011-05-02T23:59:59-04:00,145832004,dei:EntityCommonStockSharesOutstanding,10-Q,0000950123-11-042941,2011-05-02,92,A,https://data.sec.gov/api/xbrl/companyconcept/CIK0001107332/dei/EntityCommonStockSharesOutstanding.json#accn=0000950123-11-042941,RESOLVED,,1
225,FL,2011-07-29,2011-07-29T15:13:00-04:00,0000850209,2011-05-27,2011-06-08T23:59:59-04:00,153842012,dei:EntityCommonStockSharesOutstanding,10-Q,0001144204-11-034668,2011-06-08,63,A,https://data.sec.gov/api/xbrl/companyconcept/CIK0000850209/dei/EntityCommonStockSharesOutstanding.json#accn=0001144204-11-034668,RESOLVED,,1
226,DNDN,2011-08-01,2011-08-01T15:26:00-04:00,0001107332,2011-04-28,2011-05-02T23:59:59-04:00,145832004,dei:EntityCommonStockSharesOutstanding,10-Q,0000950123-11-042941,2011-05-02,95,A,https://data.sec.gov/api/xbrl/companyconcept/CIK0001107332/dei/EntityCommonStockSharesOutstanding.json#accn=0000950123-11-042941,RESOLVED,,1
227,FL,2011-08-01,2011-08-01T15:13:00-04:00,0000850209,2011-05-27,2011-06-08T23:59:59-04:00,153842012,dei:EntityCommonStockSharesOutstanding,10-Q,0001144204-11-034668,2011-06-08,66,A,https://data.sec.gov/api/xbrl/companyconcept/CIK0000850209/dei/EntityCommonStockSharesOutstanding.json#accn=0001144204-11-034668,RESOLVED,,1
228,DNDN,2011-08-02,2011-08-02T15:26:00-04:00,0001107332,2011-04-28,2011-05-02T23:59:59-04:00,145832004,dei:EntityCommonStockSharesOutstanding,10-Q,0000950123-11-042941,2011-05-02,96,A,https://data.sec.gov/api/xbrl/companyconcept/CIK0001107332/dei/EntityCommonStockSharesOutstanding.json#accn=0000950123-11-042941,RESOLVED,,1
229,FL,2011-08-02,2011-08-02T15:13:00-04:00,0000850209,2011-05-27,2011-06-08T23:59:59-04:00,153842012,dei:EntityCommonStockSharesOutstanding,10-Q,0001144204-11-034668,2011-06-08,67,A,https://data.sec.gov/api/xbrl/companyconcept/CIK0000850209/dei/EntityCommonStockSharesOutstanding.json#accn=0001144204-11-034668,RESOLVED,,1
230,DNDN,2011-08-03,2011-08-03T15:26:00-04:00,0001107332,2011-04-28,2011-05-02T23:59:59-04:00,145832004,dei:EntityCommonStockSharesOutstanding,10-Q,0000950123-11-042941,2011-05-02,97,A,https://data.sec.gov/api/xbrl/companyconcept/CIK0001107332/dei/EntityCommonStockSharesOutstanding.json#accn=0000950123-11-042941,RESOLVED,,1
231,FL,2011-08-03,2011-08-03T15:13:00-04:00,0000850209,2011-05-27,2011-06-08T23:59:59-04:00,153842012,dei:EntityCommonStockSharesOutstanding,10-Q,0001144204-11-034668,2011-06-08,68,A,https://data.sec.gov/api/xbrl/companyconcept/CIK0000850209/dei/EntityCommonStockSharesOutstanding.json#accn=0001144204-11-034668,RESOLVED,,1
232,FL,2011-08-04,2011-08-04T15:13:00-04:00,0000850209,2011-05-27,2011-06-08T23:59:59-04:00,153842012,dei:EntityCommonStockSharesOutstanding,10-Q,0001144204-11-034668,2011-06-08,69,A,https://data.sec.gov/api/xbrl/companyconcept/CIK0000850209/dei/EntityCommonStockSharesOutstanding.json#accn=0001144204-11-034668,RESOLVED,,1
233,FL,2011-08-05,2011-08-05T15:13:00-04:00,0000850209,2011-05-27,2011-06-08T23:59:59-04:00,153842012,dei:EntityCommonStockSharesOutstanding,10-Q,0001144204-11-034668,2011-06-08,70,A,https://data.sec.gov/api/xbrl/companyconcept/CIK0000850209/dei/EntityCommonStockSharesOutstanding.json#accn=0001144204-11-034668,RESOLVED,,1
234,FL,2011-08-08,2011-08-08T15:13:00-04:00,0000850209,2011-05-27,2011-06-08T23:59:59-04:00,153842012,dei:EntityCommonStockSharesOutstanding,10-Q,0001144204-11-034668,2011-06-08,73,A,https://data.sec.gov/api/xbrl/companyconcept/CIK0000850209/dei/EntityCommonStockSharesOutstanding.json#accn=0001144204-11-034668,RESOLVED,,1
235,FL,2011-08-09,2011-08-09T15:13:00-04:00,0000850209,2011-05-27,2011-06-08T23:59:59-04:00,153842012,dei:EntityCommonStockSharesOutstanding,10-Q,0001144204-11-034668,2011-06-08,74,A,https://data.sec.gov/api/xbrl/companyconcept/CIK0000850209/dei/EntityCommonStockSharesOutstanding.json#accn=0001144204-11-034668,RESOLVED,,1
236,FL,2011-08-10,2011-08-10T15:13:00-04:00,0000850209,2011-05-27,2011-06-08T23:59:59-04:00,153842012,dei:EntityCommonStockSharesOutstanding,10-Q,0001144204-11-034668,2011-06-08,75,A,https://data.sec.gov/api/xbrl/companyconcept/CIK0000850209/dei/EntityCommonStockSharesOutstanding.json#accn=0001144204-11-034668,RESOLVED,,1
237,FL,2011-08-11,2011-08-11T15:13:00-04:00,0000850209,2011-05-27,2011-06-08T23:59:59-04:00,153842012,dei:EntityCommonStockSharesOutstanding,10-Q,0001144204-11-034668,2011-06-08,76,A,https://data.sec.gov/api/xbrl/companyconcept/CIK0000850209/dei/EntityCommonStockSharesOutstanding.json#accn=0001144204-11-034668,RESOLVED,,1
238,FL,2011-08-12,2011-08-12T15:13:00-04:00,0000850209,2011-05-27,2011-06-08T23:59:59-04:00,153842012,dei:EntityCommonStockSharesOutstanding,10-Q,0001144204-11-034668,2011-06-08,77,A,https://data.sec.gov/api/xbrl/companyconcept/CIK0000850209/dei/EntityCommonStockSharesOutstanding.json#accn=0001144204-11-034668,RESOLVED,,1
239,FL,2011-08-15,2011-08-15T15:13:00-04:00,0000850209,2011-05-27,2011-06-08T23:59:59-04:00,153842012,dei:EntityCommonStockSharesOutstanding,10-Q,0001144204-11-034668,2011-06-08,80,A,https://data.sec.gov/api/xbrl/companyconcept/CIK0000850209/dei/EntityCommonStockSharesOutstanding.json#accn=0001144204-11-034668,RESOLVED,,1
240,FL,2011-08-16,2011-08-16T15:13:00-04:00,0000850209,2011-05-27,2011-06-08T23:59:59-04:00,153842012,dei:EntityCommonStockSharesOutstanding,10-Q,0001144204-11-034668,2011-06-08,81,A,https://data.sec.gov/api/xbrl/companyconcept/CIK0000850209/dei/EntityCommonStockSharesOutstanding.json#accn=0001144204-11-034668,RESOLVED,,1
241,FL,2011-08-17,2011-08-17T15:13:00-04:00,0000850209,2011-05-27,2011-06-08T23:59:59-04:00,153842012,dei:EntityCommonStockSharesOutstanding,10-Q,0001144204-11-034668,2011-06-08,82,A,https://data.sec.gov/api/xbrl/companyconcept/CIK0000850209/dei/EntityCommonStockSharesOutstanding.json#accn=0001144204-11-034668,RESOLVED,,1
242,FL,2011-08-18,2011-08-18T15:13:00-04:00,0000850209,2011-05-27,2011-06-08T23:59:59-04:00,153842012,dei:EntityCommonStockSharesOutstanding,10-Q,0001144204-11-034668,2011-06-08,83,A,https://data.sec.gov/api/xbrl/companyconcept/CIK0000850209/dei/EntityCommonStockSharesOutstanding.json#accn=0001144204-11-034668,RESOLVED,,1
243,MUSA,2011-09-21,2011-09-21T15:18:00-04:00,0001362491,2011-08-12,2011-08-15T23:59:59-04:00,37058507,dei:EntityCommonStockSharesOutstanding,10-Q,0001193125-11-223244,2011-08-15,40,A,https://data.sec.gov/api/xbrl/companyconcept/CIK0001362491/dei/EntityCommonStockSharesOutstanding.json#accn=0001193125-11-223244,RESOLVED,,1
244,LSTR,2011-09-22,2011-09-22T15:18:00-04:00,0000853816,2011-07-18,2011-07-29T23:59:59-04:00,47717128,sec_cover_page,10-Q,0001193125-11-202627,2011-07-29,66,A,https://www.sec.gov/Archives/edgar/data/853816/000119312511202627/,RESOLVED,,1
245,MUSA,2011-09-22,2011-09-22T15:18:00-04:00,0001362491,2011-08-12,2011-08-15T23:59:59-04:00,37058507,dei:EntityCommonStockSharesOutstanding,10-Q,0001193125-11-223244,2011-08-15,41,A,https://data.sec.gov/api/xbrl/companyconcept/CIK0001362491/dei/EntityCommonStockSharesOutstanding.json#accn=0001193125-11-223244,RESOLVED,,1
246,LSTR,2011-09-23,2011-09-23T15:18:00-04:00,0000853816,2011-07-18,2011-07-29T23:59:59-04:00,47717128,sec_cover_page,10-Q,0001193125-11-202627,2011-07-29,67,A,https://www.sec.gov/Archives/edgar/data/853816/000119312511202627/,RESOLVED,,1
247,MUSA,2011-09-23,2011-09-23T15:18:00-04:00,0001362491,2011-08-12,2011-08-15T23:59:59-04:00,37058507,dei:EntityCommonStockSharesOutstanding,10-Q,0001193125-11-223244,2011-08-15,42,A,https://data.sec.gov/api/xbrl/companyconcept/CIK0001362491/dei/EntityCommonStockSharesOutstanding.json#accn=0001193125-11-223244,RESOLVED,,1
248,LSTR,2011-09-26,2011-09-26T15:18:00-04:00,0000853816,2011-07-18,2011-07-29T23:59:59-04:00,47717128,sec_cover_page,10-Q,0001193125-11-202627,2011-07-29,70,A,https://www.sec.gov/Archives/edgar/data/853816/000119312511202627/,RESOLVED,,1
249,MUSA,2011-09-26,2011-09-26T15:18:00-04:00,0001362491,2011-08-12,2011-08-15T23:59:59-04:00,37058507,dei:EntityCommonStockSharesOutstanding,10-Q,0001193125-11-223244,2011-08-15,45,A,https://data.sec.gov/api/xbrl/companyconcept/CIK0001362491/dei/EntityCommonStockSharesOutstanding.json#accn=0001193125-11-223244,RESOLVED,,1
250,LSTR,2011-09-27,2011-09-27T15:18:00-04:00,0000853816,2011-07-18,2011-07-29T23:59:59-04:00,47717128,sec_cover_page,10-Q,0001193125-11-202627,2011-07-29,71,A,https://www.sec.gov/Archives/edgar/data/853816/000119312511202627/,RESOLVED,,1
251,MUSA,2011-09-27,2011-09-27T15:18:00-04:00,0001362491,2011-08-12,2011-08-15T23:59:59-04:00,37058507,dei:EntityCommonStockSharesOutstanding,10-Q,0001193125-11-223244,2011-08-15,46,A,https://data.sec.gov/api/xbrl/companyconcept/CIK0001362491/dei/EntityCommonStockSharesOutstanding.json#accn=0001193125-11-223244,RESOLVED,,1
252,VDSI,2011-09-27,2011-09-27T13:56:00-04:00,0001044777,2011-07-29,2011-08-25T23:59:59-04:00,38043306,dei:EntityCommonStockSharesOutstanding,10-Q/A,0001193125-11-232007,2011-08-25,60,A,https://data.sec.gov/api/xbrl/companyconcept/CIK0001044777/dei/EntityCommonStockSharesOutstanding.json#accn=0001193125-11-232007,RESOLVED,,1
253,AGP,2011-09-28,2011-09-28T12:33:00-04:00,0001064863,2011-07-29,2011-08-04T23:59:59-04:00,49647545,dei:EntityCommonStockSharesOutstanding,10-Q,0000950123-11-072902,2011-08-04,61,A,https://data.sec.gov/api/xbrl/companyconcept/CIK0001064863/dei/EntityCommonStockSharesOutstanding.json#accn=0000950123-11-072902,RESOLVED,,1
254,LSTR,2011-09-28,2011-09-28T15:18:00-04:00,0000853816,2011-07-18,2011-07-29T23:59:59-04:00,47717128,sec_cover_page,10-Q,0001193125-11-202627,2011-07-29,72,A,https://www.sec.gov/Archives/edgar/data/853816/000119312511202627/,RESOLVED,,1
255,MUSA,2011-09-28,2011-09-28T15:18:00-04:00,0001362491,2011-08-12,2011-08-15T23:59:59-04:00,37058507,dei:EntityCommonStockSharesOutstanding,10-Q,0001193125-11-223244,2011-08-15,47,A,https://data.sec.gov/api/xbrl/companyconcept/CIK0001362491/dei/EntityCommonStockSharesOutstanding.json#accn=0001193125-11-223244,RESOLVED,,1
256,VDSI,2011-09-28,2011-09-28T13:56:00-04:00,0001044777,2011-07-29,2011-08-25T23:59:59-04:00,38043306,dei:EntityCommonStockSharesOutstanding,10-Q/A,0001193125-11-232007,2011-08-25,61,A,https://data.sec.gov/api/xbrl/companyconcept/CIK0001044777/dei/EntityCommonStockSharesOutstanding.json#accn=0001193125-11-232007,RESOLVED,,1
257,AGP,2011-09-29,2011-09-29T12:33:00-04:00,0001064863,2011-07-29,2011-08-04T23:59:59-04:00,49647545,dei:EntityCommonStockSharesOutstanding,10-Q,0000950123-11-072902,2011-08-04,62,A,https://data.sec.gov/api/xbrl/companyconcept/CIK0001064863/dei/EntityCommonStockSharesOutstanding.json#accn=0000950123-11-072902,RESOLVED,,1
258,LSTR,2011-09-29,2011-09-29T15:18:00-04:00,0000853816,2011-07-18,2011-07-29T23:59:59-04:00,47717128,sec_cover_page,10-Q,0001193125-11-202627,2011-07-29,73,A,https://www.sec.gov/Archives/edgar/data/853816/000119312511202627/,RESOLVED,,1
259,MUSA,2011-09-29,2011-09-29T15:18:00-04:00,0001362491,2011-08-12,2011-08-15T23:59:59-04:00,37058507,dei:EntityCommonStockSharesOutstanding,10-Q,0001193125-11-223244,2011-08-15,48,A,https://data.sec.gov/api/xbrl/companyconcept/CIK0001362491/dei/EntityCommonStockSharesOutstanding.json#accn=0001193125-11-223244,RESOLVED,,1
260,VDSI,2011-09-29,2011-09-29T13:56:00-04:00,0001044777,2011-07-29,2011-08-25T23:59:59-04:00,38043306,dei:EntityCommonStockSharesOutstanding,10-Q/A,0001193125-11-232007,2011-08-25,62,A,https://data.sec.gov/api/xbrl/companyconcept/CIK0001044777/dei/EntityCommonStockSharesOutstanding.json#accn=0001193125-11-232007,RESOLVED,,1
261,AGP,2011-09-30,2011-09-30T12:33:00-04:00,0001064863,2011-07-29,2011-08-04T23:59:59-04:00,49647545,dei:EntityCommonStockSharesOutstanding,10-Q,0000950123-11-072902,2011-08-04,63,A,https://data.sec.gov/api/xbrl/companyconcept/CIK0001064863/dei/EntityCommonStockSharesOutstanding.json#accn=0000950123-11-072902,RESOLVED,,1
262,LSTR,2011-09-30,2011-09-30T15:18:00-04:00,0000853816,2011-07-18,2011-07-29T23:59:59-04:00,47717128,sec_cover_page,10-Q,0001193125-11-202627,2011-07-29,74,A,https://www.sec.gov/Archives/edgar/data/853816/000119312511202627/,RESOLVED,,1
263,MUSA,2011-09-30,2011-09-30T15:18:00-04:00,0001362491,2011-08-12,2011-08-15T23:59:59-04:00,37058507,dei:EntityCommonStockSharesOutstanding,10-Q,0001193125-11-223244,2011-08-15,49,A,https://data.sec.gov/api/xbrl/companyconcept/CIK0001362491/dei/EntityCommonStockSharesOutstanding.json#accn=0001193125-11-223244,RESOLVED,,1
264,VDSI,2011-09-30,2011-09-30T13:56:00-04:00,0001044777,2011-07-29,2011-08-25T23:59:59-04:00,38043306,dei:EntityCommonStockSharesOutstanding,10-Q/A,0001193125-11-232007,2011-08-25,63,A,https://data.sec.gov/api/xbrl/companyconcept/CIK0001044777/dei/EntityCommonStockSharesOutstanding.json#accn=0001193125-11-232007,RESOLVED,,1
265,AGP,2011-10-03,2011-10-03T12:33:00-04:00,0001064863,2011-07-29,2011-08-04T23:59:59-04:00,49647545,dei:EntityCommonStockSharesOutstanding,10-Q,0000950123-11-072902,2011-08-04,66,A,https://data.sec.gov/api/xbrl/companyconcept/CIK0001064863/dei/EntityCommonStockSharesOutstanding.json#accn=0000950123-11-072902,RESOLVED,,1
266,LSTR,2011-10-03,2011-10-03T15:18:00-04:00,0000853816,2011-07-18,2011-07-29T23:59:59-04:00,47717128,sec_cover_page,10-Q,0001193125-11-202627,2011-07-29,77,A,https://www.sec.gov/Archives/edgar/data/853816/000119312511202627/,RESOLVED,,1
267,MUSA,2011-10-03,2011-10-03T15:18:00-04:00,0001362491,2011-08-12,2011-08-15T23:59:59-04:00,37058507,dei:EntityCommonStockSharesOutstanding,10-Q,0001193125-11-223244,2011-08-15,52,A,https://data.sec.gov/api/xbrl/companyconcept/CIK0001362491/dei/EntityCommonStockSharesOutstanding.json#accn=0001193125-11-223244,RESOLVED,,1
268,VDSI,2011-10-03,2011-10-03T13:56:00-04:00,0001044777,2011-07-29,2011-08-25T23:59:59-04:00,38043306,dei:EntityCommonStockSharesOutstanding,10-Q/A,0001193125-11-232007,2011-08-25,66,A,https://data.sec.gov/api/xbrl/companyconcept/CIK0001044777/dei/EntityCommonStockSharesOutstanding.json#accn=0001193125-11-232007,RESOLVED,,1
269,AGP,2011-10-04,2011-10-04T12:33:00-04:00,0001064863,2011-07-29,2011-08-04T23:59:59-04:00,49647545,dei:EntityCommonStockSharesOutstanding,10-Q,0000950123-11-072902,2011-08-04,67,A,https://data.sec.gov/api/xbrl/companyconcept/CIK0001064863/dei/EntityCommonStockSharesOutstanding.json#accn=0000950123-11-072902,RESOLVED,,1
270,LSTR,2011-10-04,2011-10-04T15:18:00-04:00,0000853816,2011-07-18,2011-07-29T23:59:59-04:00,47717128,sec_cover_page,10-Q,0001193125-11-202627,2011-07-29,78,A,https://www.sec.gov/Archives/edgar/data/853816/000119312511202627/,RESOLVED,,1
271,MUSA,2011-10-04,2011-10-04T15:18:00-04:00,0001362491,2011-08-12,2011-08-15T23:59:59-04:00,37058507,dei:EntityCommonStockSharesOutstanding,10-Q,0001193125-11-223244,2011-08-15,53,A,https://data.sec.gov/api/xbrl/companyconcept/CIK0001362491/dei/EntityCommonStockSharesOutstanding.json#accn=0001193125-11-223244,RESOLVED,,1
272,VDSI,2011-10-04,2011-10-04T13:56:00-04:00,0001044777,2011-07-29,2011-08-25T23:59:59-04:00,38043306,dei:EntityCommonStockSharesOutstanding,10-Q/A,0001193125-11-232007,2011-08-25,67,A,https://data.sec.gov/api/xbrl/companyconcept/CIK0001044777/dei/EntityCommonStockSharesOutstanding.json#accn=0001193125-11-232007,RESOLVED,,1
273,AGP,2011-10-05,2011-10-05T12:33:00-04:00,0001064863,2011-07-29,2011-08-04T23:59:59-04:00,49647545,dei:EntityCommonStockSharesOutstanding,10-Q,0000950123-11-072902,2011-08-04,68,A,https://data.sec.gov/api/xbrl/companyconcept/CIK0001064863/dei/EntityCommonStockSharesOutstanding.json#accn=0000950123-11-072902,RESOLVED,,1
274,LSTR,2011-10-05,2011-10-05T15:18:00-04:00,0000853816,2011-07-18,2011-07-29T23:59:59-04:00,47717128,sec_cover_page,10-Q,0001193125-11-202627,2011-07-29,79,A,https://www.sec.gov/Archives/edgar/data/853816/000119312511202627/,RESOLVED,,1
275,MUSA,2011-10-05,2011-10-05T15:18:00-04:00,0001362491,2011-08-12,2011-08-15T23:59:59-04:00,37058507,dei:EntityCommonStockSharesOutstanding,10-Q,0001193125-11-223244,2011-08-15,54,A,https://data.sec.gov/api/xbrl/companyconcept/CIK0001362491/dei/EntityCommonStockSharesOutstanding.json#accn=0001193125-11-223244,RESOLVED,,1
276,VDSI,2011-10-05,2011-10-05T13:56:00-04:00,0001044777,2011-07-29,2011-08-25T23:59:59-04:00,38043306,dei:EntityCommonStockSharesOutstanding,10-Q/A,0001193125-11-232007,2011-08-25,68,A,https://data.sec.gov/api/xbrl/companyconcept/CIK0001044777/dei/EntityCommonStockSharesOutstanding.json#accn=0001193125-11-232007,RESOLVED,,1
277,AGP,2011-10-06,2011-10-06T12:33:00-04:00,0001064863,2011-07-29,2011-08-04T23:59:59-04:00,49647545,dei:EntityCommonStockSharesOutstanding,10-Q,0000950123-11-072902,2011-08-04,69,A,https://data.sec.gov/api/xbrl/companyconcept/CIK0001064863/dei/EntityCommonStockSharesOutstanding.json#accn=0000950123-11-072902,RESOLVED,,1
278,LSTR,2011-10-06,2011-10-06T15:18:00-04:00,0000853816,2011-07-18,2011-07-29T23:59:59-04:00,47717128,sec_cover_page,10-Q,0001193125-11-202627,2011-07-29,80,A,https://www.sec.gov/Archives/edgar/data/853816/000119312511202627/,RESOLVED,,1
279,MUSA,2011-10-06,2011-10-06T15:18:00-04:00,0001362491,2011-08-12,2011-08-15T23:59:59-04:00,37058507,dei:EntityCommonStockSharesOutstanding,10-Q,0001193125-11-223244,2011-08-15,55,A,https://data.sec.gov/api/xbrl/companyconcept/CIK0001362491/dei/EntityCommonStockSharesOutstanding.json#accn=0001193125-11-223244,RESOLVED,,1
280,VDSI,2011-10-06,2011-10-06T13:56:00-04:00,0001044777,2011-07-29,2011-08-25T23:59:59-04:00,38043306,dei:EntityCommonStockSharesOutstanding,10-Q/A,0001193125-11-232007,2011-08-25,69,A,https://data.sec.gov/api/xbrl/companyconcept/CIK0001044777/dei/EntityCommonStockSharesOutstanding.json#accn=0001193125-11-232007,RESOLVED,,1
281,AGP,2011-10-07,2011-10-07T12:33:00-04:00,0001064863,2011-07-29,2011-08-04T23:59:59-04:00,49647545,dei:EntityCommonStockSharesOutstanding,10-Q,0000950123-11-072902,2011-08-04,70,A,https://data.sec.gov/api/xbrl/companyconcept/CIK0001064863/dei/EntityCommonStockSharesOutstanding.json#accn=0000950123-11-072902,RESOLVED,,1
282,LSTR,2011-10-07,2011-10-07T15:18:00-04:00,0000853816,2011-07-18,2011-07-29T23:59:59-04:00,47717128,sec_cover_page,10-Q,0001193125-11-202627,2011-07-29,81,A,https://www.sec.gov/Archives/edgar/data/853816/000119312511202627/,RESOLVED,,1
283,MUSA,2011-10-07,2011-10-07T15:18:00-04:00,0001362491,2011-08-12,2011-08-15T23:59:59-04:00,37058507,dei:EntityCommonStockSharesOutstanding,10-Q,0001193125-11-223244,2011-08-15,56,A,https://data.sec.gov/api/xbrl/companyconcept/CIK0001362491/dei/EntityCommonStockSharesOutstanding.json#accn=0001193125-11-223244,RESOLVED,,1
284,VDSI,2011-10-07,2011-10-07T13:56:00-04:00,0001044777,2011-07-29,2011-08-25T23:59:59-04:00,38043306,dei:EntityCommonStockSharesOutstanding,10-Q/A,0001193125-11-232007,2011-08-25,70,A,https://data.sec.gov/api/xbrl/companyconcept/CIK0001044777/dei/EntityCommonStockSharesOutstanding.json#accn=0001193125-11-232007,RESOLVED,,1
285,AGP,2011-10-10,2011-10-10T12:33:00-04:00,0001064863,2011-07-29,2011-08-04T23:59:59-04:00,49647545,dei:EntityCommonStockSharesOutstanding,10-Q,0000950123-11-072902,2011-08-04,73,A,https://data.sec.gov/api/xbrl/companyconcept/CIK0001064863/dei/EntityCommonStockSharesOutstanding.json#accn=0000950123-11-072902,RESOLVED,,1
286,LSTR,2011-10-10,2011-10-10T15:18:00-04:00,0000853816,2011-07-18,2011-07-29T23:59:59-04:00,47717128,sec_cover_page,10-Q,0001193125-11-202627,2011-07-29,84,A,https://www.sec.gov/Archives/edgar/data/853816/000119312511202627/,RESOLVED,,1
287,MUSA,2011-10-10,2011-10-10T15:18:00-04:00,0001362491,2011-08-12,2011-08-15T23:59:59-04:00,37058507,dei:EntityCommonStockSharesOutstanding,10-Q,0001193125-11-223244,2011-08-15,59,A,https://data.sec.gov/api/xbrl/companyconcept/CIK0001362491/dei/EntityCommonStockSharesOutstanding.json#accn=0001193125-11-223244,RESOLVED,,1
288,VDSI,2011-10-10,2011-10-10T13:56:00-04:00,0001044777,2011-07-29,2011-08-25T23:59:59-04:00,38043306,dei:EntityCommonStockSharesOutstanding,10-Q/A,0001193125-11-232007,2011-08-25,73,A,https://data.sec.gov/api/xbrl/companyconcept/CIK0001044777/dei/EntityCommonStockSharesOutstanding.json#accn=0001193125-11-232007,RESOLVED,,1
289,AGP,2011-10-11,2011-10-11T12:33:00-04:00,0001064863,2011-07-29,2011-08-04T23:59:59-04:00,49647545,dei:EntityCommonStockSharesOutstanding,10-Q,0000950123-11-072902,2011-08-04,74,A,https://data.sec.gov/api/xbrl/companyconcept/CIK0001064863/dei/EntityCommonStockSharesOutstanding.json#accn=0000950123-11-072902,RESOLVED,,1
290,LSTR,2011-10-11,2011-10-11T15:18:00-04:00,0000853816,2011-07-18,2011-07-29T23:59:59-04:00,47717128,sec_cover_page,10-Q,0001193125-11-202627,2011-07-29,85,A,https://www.sec.gov/Archives/edgar/data/853816/000119312511202627/,RESOLVED,,1
291,MUSA,2011-10-11,2011-10-11T15:18:00-04:00,0001362491,2011-08-12,2011-08-15T23:59:59-04:00,37058507,dei:EntityCommonStockSharesOutstanding,10-Q,0001193125-11-223244,2011-08-15,60,A,https://data.sec.gov/api/xbrl/companyconcept/CIK0001362491/dei/EntityCommonStockSharesOutstanding.json#accn=0001193125-11-223244,RESOLVED,,1
292,VDSI,2011-10-11,2011-10-11T13:56:00-04:00,0001044777,2011-07-29,2011-08-25T23:59:59-04:00,38043306,dei:EntityCommonStockSharesOutstanding,10-Q/A,0001193125-11-232007,2011-08-25,74,A,https://data.sec.gov/api/xbrl/companyconcept/CIK0001044777/dei/EntityCommonStockSharesOutstanding.json#accn=0001193125-11-232007,RESOLVED,,1
293,AGP,2011-10-12,2011-10-12T12:33:00-04:00,0001064863,2011-07-29,2011-08-04T23:59:59-04:00,49647545,dei:EntityCommonStockSharesOutstanding,10-Q,0000950123-11-072902,2011-08-04,75,A,https://data.sec.gov/api/xbrl/companyconcept/CIK0001064863/dei/EntityCommonStockSharesOutstanding.json#accn=0000950123-11-072902,RESOLVED,,1
294,LSTR,2011-10-12,2011-10-12T15:18:00-04:00,0000853816,2011-07-18,2011-07-29T23:59:59-04:00,47717128,sec_cover_page,10-Q,0001193125-11-202627,2011-07-29,86,A,https://www.sec.gov/Archives/edgar/data/853816/000119312511202627/,RESOLVED,,1
295,MUSA,2011-10-12,2011-10-12T15:18:00-04:00,0001362491,2011-08-12,2011-08-15T23:59:59-04:00,37058507,dei:EntityCommonStockSharesOutstanding,10-Q,0001193125-11-223244,2011-08-15,61,A,https://data.sec.gov/api/xbrl/companyconcept/CIK0001362491/dei/EntityCommonStockSharesOutstanding.json#accn=0001193125-11-223244,RESOLVED,,1
296,VDSI,2011-10-12,2011-10-12T13:56:00-04:00,0001044777,2011-07-29,2011-08-25T23:59:59-04:00,38043306,dei:EntityCommonStockSharesOutstanding,10-Q/A,0001193125-11-232007,2011-08-25,75,A,https://data.sec.gov/api/xbrl/companyconcept/CIK0001044777/dei/EntityCommonStockSharesOutstanding.json#accn=0001193125-11-232007,RESOLVED,,1
297,AGP,2011-10-13,2011-10-13T12:33:00-04:00,0001064863,2011-07-29,2011-08-04T23:59:59-04:00,49647545,dei:EntityCommonStockSharesOutstanding,10-Q,0000950123-11-072902,2011-08-04,76,A,https://data.sec.gov/api/xbrl/companyconcept/CIK0001064863/dei/EntityCommonStockSharesOutstanding.json#accn=0000950123-11-072902,RESOLVED,,1
298,LSTR,2011-10-13,2011-10-13T15:18:00-04:00,0000853816,2011-07-18,2011-07-29T23:59:59-04:00,47717128,sec_cover_page,10-Q,0001193125-11-202627,2011-07-29,87,A,https://www.sec.gov/Archives/edgar/data/853816/000119312511202627/,RESOLVED,,1
299,MUSA,2011-10-13,2011-10-13T15:18:00-04:00,0001362491,2011-08-12,2011-08-15T23:59:59-04:00,37058507,dei:EntityCommonStockSharesOutstanding,10-Q,0001193125-11-223244,2011-08-15,62,A,https://data.sec.gov/api/xbrl/companyconcept/CIK0001362491/dei/EntityCommonStockSharesOutstanding.json#accn=0001193125-11-223244,RESOLVED,,1
300,VDSI,2011-10-13,2011-10-13T13:56:00-04:00,0001044777,2011-07-29,2011-08-25T23:59:59-04:00,38043306,dei:EntityCommonStockSharesOutstanding,10-Q/A,0001193125-11-232007,2011-08-25,76,A,https://data.sec.gov/api/xbrl/companyconcept/CIK0001044777/dei/EntityCommonStockSharesOutstanding.json#accn=0001193125-11-232007,RESOLVED,,1
301,AGP,2011-10-14,2011-10-14T12:33:00-04:00,0001064863,2011-07-29,2011-08-04T23:59:59-04:00,49647545,dei:EntityCommonStockSharesOutstanding,10-Q,0000950123-11-072902,2011-08-04,77,A,https://data.sec.gov/api/xbrl/companyconcept/CIK0001064863/dei/EntityCommonStockSharesOutstanding.json#accn=0000950123-11-072902,RESOLVED,,1
302,LSTR,2011-10-14,2011-10-14T15:18:00-04:00,0000853816,2011-07-18,2011-07-29T23:59:59-04:00,47717128,sec_cover_page,10-Q,0001193125-11-202627,2011-07-29,88,A,https://www.sec.gov/Archives/edgar/data/853816/000119312511202627/,RESOLVED,,1
303,MUSA,2011-10-14,2011-10-14T15:18:00-04:00,0001362491,2011-08-12,2011-08-15T23:59:59-04:00,37058507,dei:EntityCommonStockSharesOutstanding,10-Q,0001193125-11-223244,2011-08-15,63,A,https://data.sec.gov/api/xbrl/companyconcept/CIK0001362491/dei/EntityCommonStockSharesOutstanding.json#accn=0001193125-11-223244,RESOLVED,,1
304,VDSI,2011-10-14,2011-10-14T13:56:00-04:00,0001044777,2011-07-29,2011-08-25T23:59:59-04:00,38043306,dei:EntityCommonStockSharesOutstanding,10-Q/A,0001193125-11-232007,2011-08-25,77,A,https://data.sec.gov/api/xbrl/companyconcept/CIK0001044777/dei/EntityCommonStockSharesOutstanding.json#accn=0001193125-11-232007,RESOLVED,,1
305,AGP,2011-10-17,2011-10-17T12:33:00-04:00,0001064863,2011-07-29,2011-08-04T23:59:59-04:00,49647545,dei:EntityCommonStockSharesOutstanding,10-Q,0000950123-11-072902,2011-08-04,80,A,https://data.sec.gov/api/xbrl/companyconcept/CIK0001064863/dei/EntityCommonStockSharesOutstanding.json#accn=0000950123-11-072902,RESOLVED,,1
306,LSTR,2011-10-17,2011-10-17T15:18:00-04:00,0000853816,2011-07-18,2011-07-29T23:59:59-04:00,47717128,sec_cover_page,10-Q,0001193125-11-202627,2011-07-29,91,A,https://www.sec.gov/Archives/edgar/data/853816/000119312511202627/,RESOLVED,,1
307,MUSA,2011-10-17,2011-10-17T15:18:00-04:00,0001362491,2011-08-12,2011-08-15T23:59:59-04:00,37058507,dei:EntityCommonStockSharesOutstanding,10-Q,0001193125-11-223244,2011-08-15,66,A,https://data.sec.gov/api/xbrl/companyconcept/CIK0001362491/dei/EntityCommonStockSharesOutstanding.json#accn=0001193125-11-223244,RESOLVED,,1
308,VDSI,2011-10-17,2011-10-17T13:56:00-04:00,0001044777,2011-07-29,2011-08-25T23:59:59-04:00,38043306,dei:EntityCommonStockSharesOutstanding,10-Q/A,0001193125-11-232007,2011-08-25,80,A,https://data.sec.gov/api/xbrl/companyconcept/CIK0001044777/dei/EntityCommonStockSharesOutstanding.json#accn=0001193125-11-232007,RESOLVED,,1
309,AGP,2011-10-18,2011-10-18T12:33:00-04:00,0001064863,2011-07-29,2011-08-04T23:59:59-04:00,49647545,dei:EntityCommonStockSharesOutstanding,10-Q,0000950123-11-072902,2011-08-04,81,A,https://data.sec.gov/api/xbrl/companyconcept/CIK0001064863/dei/EntityCommonStockSharesOutstanding.json#accn=0000950123-11-072902,RESOLVED,,1
310,LSTR,2011-10-18,2011-10-18T15:18:00-04:00,0000853816,2011-07-18,2011-07-29T23:59:59-04:00,47717128,sec_cover_page,10-Q,0001193125-11-202627,2011-07-29,92,A,https://www.sec.gov/Archives/edgar/data/853816/000119312511202627/,RESOLVED,,1
311,MUSA,2011-10-18,2011-10-18T15:18:00-04:00,0001362491,2011-08-12,2011-08-15T23:59:59-04:00,37058507,dei:EntityCommonStockSharesOutstanding,10-Q,0001193125-11-223244,2011-08-15,67,A,https://data.sec.gov/api/xbrl/companyconcept/CIK0001362491/dei/EntityCommonStockSharesOutstanding.json#accn=0001193125-11-223244,RESOLVED,,1
312,VDSI,2011-10-18,2011-10-18T13:56:00-04:00,0001044777,2011-07-29,2011-08-25T23:59:59-04:00,38043306,dei:EntityCommonStockSharesOutstanding,10-Q/A,0001193125-11-232007,2011-08-25,81,A,https://data.sec.gov/api/xbrl/companyconcept/CIK0001044777/dei/EntityCommonStockSharesOutstanding.json#accn=0001193125-11-232007,RESOLVED,,1
313,AGP,2011-10-19,2011-10-19T12:33:00-04:00,0001064863,2011-07-29,2011-08-04T23:59:59-04:00,49647545,dei:EntityCommonStockSharesOutstanding,10-Q,0000950123-11-072902,2011-08-04,82,A,https://data.sec.gov/api/xbrl/companyconcept/CIK0001064863/dei/EntityCommonStockSharesOutstanding.json#accn=0000950123-11-072902,RESOLVED,,1
314,LSTR,2011-10-19,2011-10-19T15:18:00-04:00,0000853816,2011-07-18,2011-07-29T23:59:59-04:00,47717128,sec_cover_page,10-Q,0001193125-11-202627,2011-07-29,93,A,https://www.sec.gov/Archives/edgar/data/853816/000119312511202627/,RESOLVED,,1
315,MUSA,2011-10-19,2011-10-19T15:18:00-04:00,0001362491,2011-08-12,2011-08-15T23:59:59-04:00,37058507,dei:EntityCommonStockSharesOutstanding,10-Q,0001193125-11-223244,2011-08-15,68,A,https://data.sec.gov/api/xbrl/companyconcept/CIK0001362491/dei/EntityCommonStockSharesOutstanding.json#accn=0001193125-11-223244,RESOLVED,,1
316,VDSI,2011-10-19,2011-10-19T13:56:00-04:00,0001044777,2011-07-29,2011-08-25T23:59:59-04:00,38043306,dei:EntityCommonStockSharesOutstanding,10-Q/A,0001193125-11-232007,2011-08-25,82,A,https://data.sec.gov/api/xbrl/companyconcept/CIK0001044777/dei/EntityCommonStockSharesOutstanding.json#accn=0001193125-11-232007,RESOLVED,,1
317,AGP,2011-10-20,2011-10-20T12:33:00-04:00,0001064863,2011-07-29,2011-08-04T23:59:59-04:00,49647545,dei:EntityCommonStockSharesOutstanding,10-Q,0000950123-11-072902,2011-08-04,83,A,https://data.sec.gov/api/xbrl/companyconcept/CIK0001064863/dei/EntityCommonStockSharesOutstanding.json#accn=0000950123-11-072902,RESOLVED,,1
318,LSTR,2011-10-20,2011-10-20T15:18:00-04:00,0000853816,2011-07-18,2011-07-29T23:59:59-04:00,47717128,sec_cover_page,10-Q,0001193125-11-202627,2011-07-29,94,A,https://www.sec.gov/Archives/edgar/data/853816/000119312511202627/,RESOLVED,,1
319,MUSA,2011-10-20,2011-10-20T15:18:00-04:00,0001362491,2011-08-12,2011-08-15T23:59:59-04:00,37058507,dei:EntityCommonStockSharesOutstanding,10-Q,0001193125-11-223244,2011-08-15,69,A,https://data.sec.gov/api/xbrl/companyconcept/CIK0001362491/dei/EntityCommonStockSharesOutstanding.json#accn=0001193125-11-223244,RESOLVED,,1
320,VDSI,2011-10-20,2011-10-20T13:56:00-04:00,0001044777,2011-07-29,2011-08-25T23:59:59-04:00,38043306,dei:EntityCommonStockSharesOutstanding,10-Q/A,0001193125-11-232007,2011-08-25,83,A,https://data.sec.gov/api/xbrl/companyconcept/CIK0001044777/dei/EntityCommonStockSharesOutstanding.json#accn=0001193125-11-232007,RESOLVED,,1
321,AGP,2011-10-21,2011-10-21T12:33:00-04:00,0001064863,2011-07-29,2011-08-04T23:59:59-04:00,49647545,dei:EntityCommonStockSharesOutstanding,10-Q,0000950123-11-072902,2011-08-04,84,A,https://data.sec.gov/api/xbrl/companyconcept/CIK0001064863/dei/EntityCommonStockSharesOutstanding.json#accn=0000950123-11-072902,RESOLVED,,1
322,LSTR,2011-10-21,2011-10-21T15:18:00-04:00,0000853816,2011-07-18,2011-07-29T23:59:59-04:00,47717128,sec_cover_page,10-Q,0001193125-11-202627,2011-07-29,95,A,https://www.sec.gov/Archives/edgar/data/853816/000119312511202627/,RESOLVED,,1
323,VDSI,2011-10-21,2011-10-21T13:56:00-04:00,0001044777,2011-07-29,2011-08-25T23:59:59-04:00,38043306,dei:EntityCommonStockSharesOutstanding,10-Q/A,0001193125-11-232007,2011-08-25,84,A,https://data.sec.gov/api/xbrl/companyconcept/CIK0001044777/dei/EntityCommonStockSharesOutstanding.json#accn=0001193125-11-232007,RESOLVED,,1
324,AGP,2011-10-24,2011-10-24T12:33:00-04:00,0001064863,2011-07-29,2011-08-04T23:59:59-04:00,49647545,dei:EntityCommonStockSharesOutstanding,10-Q,0000950123-11-072902,2011-08-04,87,A,https://data.sec.gov/api/xbrl/companyconcept/CIK0001064863/dei/EntityCommonStockSharesOutstanding.json#accn=0000950123-11-072902,RESOLVED,,1
325,VDSI,2011-10-24,2011-10-24T13:56:00-04:00,0001044777,2011-07-29,2011-08-25T23:59:59-04:00,38043306,dei:EntityCommonStockSharesOutstanding,10-Q/A,0001193125-11-232007,2011-08-25,87,A,https://data.sec.gov/api/xbrl/companyconcept/CIK0001044777/dei/EntityCommonStockSharesOutstanding.json#accn=0001193125-11-232007,RESOLVED,,1
326,AGP,2011-10-25,2011-10-25T12:33:00-04:00,0001064863,2011-07-29,2011-08-04T23:59:59-04:00,49647545,dei:EntityCommonStockSharesOutstanding,10-Q,0000950123-11-072902,2011-08-04,88,A,https://data.sec.gov/api/xbrl/companyconcept/CIK0001064863/dei/EntityCommonStockSharesOutstanding.json#accn=0000950123-11-072902,RESOLVED,,1
327,VDSI,2011-10-25,2011-10-25T13:56:00-04:00,0001044777,2011-07-29,2011-08-25T23:59:59-04:00,38043306,dei:EntityCommonStockSharesOutstanding,10-Q/A,0001193125-11-232007,2011-08-25,88,A,https://data.sec.gov/api/xbrl/companyconcept/CIK0001044777/dei/EntityCommonStockSharesOutstanding.json#accn=0001193125-11-232007,RESOLVED,,1
328,AGP,2011-10-26,2011-10-26T12:33:00-04:00,0001064863,2011-07-29,2011-08-04T23:59:59-04:00,49647545,dei:EntityCommonStockSharesOutstanding,10-Q,0000950123-11-072902,2011-08-04,89,A,https://data.sec.gov/api/xbrl/companyconcept/CIK0001064863/dei/EntityCommonStockSharesOutstanding.json#accn=0000950123-11-072902,RESOLVED,,1
329,VDSI,2011-10-26,2011-10-26T13:56:00-04:00,0001044777,2011-07-29,2011-08-25T23:59:59-04:00,38043306,dei:EntityCommonStockSharesOutstanding,10-Q/A,0001193125-11-232007,2011-08-25,89,A,https://data.sec.gov/api/xbrl/companyconcept/CIK0001044777/dei/EntityCommonStockSharesOutstanding.json#accn=0001193125-11-232007,RESOLVED,,1
330,AGP,2011-10-27,2011-10-27T12:33:00-04:00,0001064863,2011-07-29,2011-08-04T23:59:59-04:00,49647545,dei:EntityCommonStockSharesOutstanding,10-Q,0000950123-11-072902,2011-08-04,90,A,https://data.sec.gov/api/xbrl/companyconcept/CIK0001064863/dei/EntityCommonStockSharesOutstanding.json#accn=0000950123-11-072902,RESOLVED,,1
331,IGT,2011-12-20,2011-12-20T15:01:00-05:00,0000353944,2011-11-28,2011-11-30T23:59:59-05:00,297600000,dei:EntityCommonStockSharesOutstanding,10-K,0001437749-11-009067,2011-11-30,22,A,https://data.sec.gov/api/xbrl/companyconcept/CIK0000353944/dei/EntityCommonStockSharesOutstanding.json#accn=0001437749-11-009067,RESOLVED,,1
332,MDP,2011-12-20,2011-12-20T14:09:00-05:00,0000065011,2011-09-30,2011-10-26T23:59:59-04:00,44967123,sec_cover_page,10-Q,0000065011-11-000086,2011-10-26,81,A,https://www.sec.gov/Archives/edgar/data/65011/000006501111000086/fy12q1sept10-q.htm,RESOLVED,,1
333,BA,2011-12-21,2011-12-21T14:49:00-05:00,0000012927,2011-10-19,2011-10-26T23:59:59-04:00,743234446,dei:EntityCommonStockSharesOutstanding,10-Q,0001193125-11-281613,2011-10-26,63,A,https://data.sec.gov/api/xbrl/companyconcept/CIK0000012927/dei/EntityCommonStockSharesOutstanding.json#accn=0001193125-11-281613,RESOLVED,,1
334,CA,2011-12-21,2011-12-21T13:02:00-05:00,0000356028,2011-10-20,2011-10-27T23:59:59-04:00,493391769,dei:EntityCommonStockSharesOutstanding,10-Q,0000950123-11-092486,2011-10-27,62,A,https://data.sec.gov/api/xbrl/companyconcept/CIK0000356028/dei/EntityCommonStockSharesOutstanding.json#accn=0000950123-11-092486,RESOLVED,,1
335,IBKC,2011-12-21,2011-12-21T13:23:00-05:00,0000933141,2011-11-04,2011-11-09T23:59:59-05:00,29355092,dei:EntityCommonStockSharesOutstanding,10-Q,0001193125-11-304318,2011-11-09,47,A,https://data.sec.gov/api/xbrl/companyconcept/CIK0000933141/dei/EntityCommonStockSharesOutstanding.json#accn=0001193125-11-304318,RESOLVED,,1
336,IGT,2011-12-21,2011-12-21T15:01:00-05:00,0000353944,2011-11-28,2011-11-30T23:59:59-05:00,297600000,dei:EntityCommonStockSharesOutstanding,10-K,0001437749-11-009067,2011-11-30,23,A,https://data.sec.gov/api/xbrl/companyconcept/CIK0000353944/dei/EntityCommonStockSharesOutstanding.json#accn=0001437749-11-009067,RESOLVED,,1
337,MDP,2011-12-21,2011-12-21T14:09:00-05:00,0000065011,2011-09-30,2011-10-26T23:59:59-04:00,44967123,sec_cover_page,10-Q,0000065011-11-000086,2011-10-26,82,A,https://www.sec.gov/Archives/edgar/data/65011/000006501111000086/fy12q1sept10-q.htm,RESOLVED,,1
338,RES,2011-12-21,2011-12-21T14:50:00-05:00,0000742278,2011-10-20,2011-11-03T23:59:59-04:00,148313708,dei:EntityCommonStockSharesOutstanding,10-Q,0001188112-11-003049,2011-11-03,62,A,https://data.sec.gov/api/xbrl/companyconcept/CIK0000742278/dei/EntityCommonStockSharesOutstanding.json#accn=0001188112-11-003049,RESOLVED,,1
339,ROL,2011-12-21,2011-12-21T09:44:00-05:00,0000084839,2011-10-15,2011-10-28T23:59:59-04:00,146291631,dei:EntityCommonStockSharesOutstanding,10-Q,0001104659-11-058676,2011-10-28,67,A,https://data.sec.gov/api/xbrl/companyconcept/CIK0000084839/dei/EntityCommonStockSharesOutstanding.json#accn=0001104659-11-058676,RESOLVED,,1
340,WRLD,2011-12-21,2011-12-21T15:23:00-05:00,0000108385,2011-09-30,2011-11-01T23:59:59-04:00,14642565,dei:EntityCommonStockSharesOutstanding,10-Q,0001140361-11-051060,2011-11-01,82,A,https://data.sec.gov/api/xbrl/companyconcept/CIK0000108385/dei/EntityCommonStockSharesOutstanding.json#accn=0001140361-11-051060,RESOLVED,,1
341,AF,2011-12-22,2011-12-22T14:48:00-05:00,0000910322,2011-10-27,2011-11-04T23:59:59-04:00,98537391,dei:EntityCommonStockSharesOutstanding,10-Q,0001144204-11-061380,2011-11-04,56,A,https://data.sec.gov/api/xbrl/companyconcept/CIK0000910322/dei/EntityCommonStockSharesOutstanding.json#accn=0001144204-11-061380,RESOLVED,,1
342,BA,2011-12-22,2011-12-22T14:49:00-05:00,0000012927,2011-10-19,2011-10-26T23:59:59-04:00,743234446,dei:EntityCommonStockSharesOutstanding,10-Q,0001193125-11-281613,2011-10-26,64,A,https://data.sec.gov/api/xbrl/companyconcept/CIK0000012927/dei/EntityCommonStockSharesOutstanding.json#accn=0001193125-11-281613,RESOLVED,,1
343,CA,2011-12-22,2011-12-22T13:02:00-05:00,0000356028,2011-10-20,2011-10-27T23:59:59-04:00,493391769,dei:EntityCommonStockSharesOutstanding,10-Q,0000950123-11-092486,2011-10-27,63,A,https://data.sec.gov/api/xbrl/companyconcept/CIK0000356028/dei/EntityCommonStockSharesOutstanding.json#accn=0000950123-11-092486,RESOLVED,,1
344,CAT,2011-12-22,2011-12-22T14:05:00-05:00,0000018230,2011-09-30,2011-11-04T23:59:59-04:00,646620369,dei:EntityCommonStockSharesOutstanding,10-Q,0001104659-11-060986,2011-11-04,83,A,https://data.sec.gov/api/xbrl/companyconcept/CIK0000018230/dei/EntityCommonStockSharesOutstanding.json#accn=0001104659-11-060986,RESOLVED,,1
345,DEST,2011-12-22,2011-12-22T15:04:00-05:00,0000896985,2011-12-05,2011-12-14T23:59:59-05:00,13275477,sec_cover_page,10-K,0001193125-11-340461,2011-12-14,17,A,https://www.sec.gov/Archives/edgar/data/896985/000119312511340461/d256814d10k.htm,RESOLVED,,1
346,IBKC,2011-12-22,2011-12-22T13:23:00-05:00,0000933141,2011-11-04,2011-11-09T23:59:59-05:00,29355092,dei:EntityCommonStockSharesOutstanding,10-Q,0001193125-11-304318,2011-11-09,48,A,https://data.sec.gov/api/xbrl/companyconcept/CIK0000933141/dei/EntityCommonStockSharesOutstanding.json#accn=0001193125-11-304318,RESOLVED,,1
347,IGT,2011-12-22,2011-12-22T15:01:00-05:00,0000353944,2011-11-28,2011-11-30T23:59:59-05:00,297600000,dei:EntityCommonStockSharesOutstanding,10-K,0001437749-11-009067,2011-11-30,24,A,https://data.sec.gov/api/xbrl/companyconcept/CIK0000353944/dei/EntityCommonStockSharesOutstanding.json#accn=0001437749-11-009067,RESOLVED,,1
348,ISSI,2011-12-22,2011-12-22T14:21:00-05:00,0000854701,2011-12-09,2011-12-14T23:59:59-05:00,26339358,dei:EntityCommonStockSharesOutstanding,10-K,0001445305-11-003586,2011-12-14,13,A,https://data.sec.gov/api/xbrl/companyconcept/CIK0000854701/dei/EntityCommonStockSharesOutstanding.json#accn=0001445305-11-003586,RESOLVED,,1
349,MDP,2011-12-22,2011-12-22T14:09:00-05:00,0000065011,2011-09-30,2011-10-26T23:59:59-04:00,44967123,sec_cover_page,10-Q,0000065011-11-000086,2011-10-26,83,A,https://www.sec.gov/Archives/edgar/data/65011/000006501111000086/fy12q1sept10-q.htm,RESOLVED,,1
350,NVR,2011-12-22,2011-12-22T15:26:00-05:00,0000906163,2011-10-25,2011-10-28T23:59:59-04:00,4976408,dei:EntityCommonStockSharesOutstanding,10-Q,0001193125-11-286412,2011-10-28,58,A,https://data.sec.gov/api/xbrl/companyconcept/CIK0000906163/dei/EntityCommonStockSharesOutstanding.json#accn=0001193125-11-286412,RESOLVED,,1
351,RES,2011-12-22,2011-12-22T14:50:00-05:00,0000742278,2011-10-20,2011-11-03T23:59:59-04:00,148313708,dei:EntityCommonStockSharesOutstanding,10-Q,0001188112-11-003049,2011-11-03,63,A,https://data.sec.gov/api/xbrl/companyconcept/CIK0000742278/dei/EntityCommonStockSharesOutstanding.json#accn=0001188112-11-003049,RESOLVED,,1
352,ROL,2011-12-22,2011-12-22T09:44:00-05:00,0000084839,2011-10-15,2011-10-28T23:59:59-04:00,146291631,dei:EntityCommonStockSharesOutstanding,10-Q,0001104659-11-058676,2011-10-28,68,A,https://data.sec.gov/api/xbrl/companyconcept/CIK0000084839/dei/EntityCommonStockSharesOutstanding.json#accn=0001104659-11-058676,RESOLVED,,1
353,SYMM,2011-12-22,2011-12-22T14:24:00-05:00,0000082628,2011-10-30,2011-11-10T23:59:59-05:00,42729345,dei:EntityCommonStockSharesOutstanding,10-Q,0001193125-11-307199,2011-11-10,53,A,https://data.sec.gov/api/xbrl/companyconcept/CIK0000082628/dei/EntityCommonStockSharesOutstanding.json#accn=0001193125-11-307199,RESOLVED,,1
354,VAR,2011-12-22,2011-12-22T12:16:00-05:00,0000203527,2011-11-15,2011-11-23T23:59:59-05:00,112557988,dei:EntityCommonStockSharesOutstanding,10-K,0001193125-11-321337,2011-11-23,37,A,https://data.sec.gov/api/xbrl/companyconcept/CIK0000203527/dei/EntityCommonStockSharesOutstanding.json#accn=0001193125-11-321337,RESOLVED,,1
355,WRLD,2011-12-22,2011-12-22T15:23:00-05:00,0000108385,2011-09-30,2011-11-01T23:59:59-04:00,14642565,dei:EntityCommonStockSharesOutstanding,10-Q,0001140361-11-051060,2011-11-01,83,A,https://data.sec.gov/api/xbrl/companyconcept/CIK0000108385/dei/EntityCommonStockSharesOutstanding.json#accn=0001140361-11-051060,RESOLVED,,1
356,AF,2011-12-23,2011-12-23T14:48:00-05:00,0000910322,2011-10-27,2011-11-04T23:59:59-04:00,98537391,dei:EntityCommonStockSharesOutstanding,10-Q,0001144204-11-061380,2011-11-04,57,A,https://data.sec.gov/api/xbrl/companyconcept/CIK0000910322/dei/EntityCommonStockSharesOutstanding.json#accn=0001144204-11-061380,RESOLVED,,1
357,BA,2011-12-23,2011-12-23T14:49:00-05:00,0000012927,2011-10-19,2011-10-26T23:59:59-04:00,743234446,dei:EntityCommonStockSharesOutstanding,10-Q,0001193125-11-281613,2011-10-26,65,A,https://data.sec.gov/api/xbrl/companyconcept/CIK0000012927/dei/EntityCommonStockSharesOutstanding.json#accn=0001193125-11-281613,RESOLVED,,1
358,CA,2011-12-23,2011-12-23T13:02:00-05:00,0000356028,2011-10-20,2011-10-27T23:59:59-04:00,493391769,dei:EntityCommonStockSharesOutstanding,10-Q,0000950123-11-092486,2011-10-27,64,A,https://data.sec.gov/api/xbrl/companyconcept/CIK0000356028/dei/EntityCommonStockSharesOutstanding.json#accn=0000950123-11-092486,RESOLVED,,1
359,CAT,2011-12-23,2011-12-23T14:05:00-05:00,0000018230,2011-09-30,2011-11-04T23:59:59-04:00,646620369,dei:EntityCommonStockSharesOutstanding,10-Q,0001104659-11-060986,2011-11-04,84,A,https://data.sec.gov/api/xbrl/companyconcept/CIK0000018230/dei/EntityCommonStockSharesOutstanding.json#accn=0001104659-11-060986,RESOLVED,,1
360,CB,2011-12-23,2011-12-23T11:47:00-05:00,0000020171,2011-09-30,2011-11-07T23:59:59-05:00,278071725,dei:EntityCommonStockSharesOutstanding,10-Q,0000950123-11-095953,2011-11-07,84,A,https://data.sec.gov/api/xbrl/companyconcept/CIK0000020171/dei/EntityCommonStockSharesOutstanding.json#accn=0000950123-11-095953,RESOLVED,,1
361,DEST,2011-12-23,2011-12-23T15:04:00-05:00,0000896985,2011-12-05,2011-12-14T23:59:59-05:00,13275477,sec_cover_page,10-K,0001193125-11-340461,2011-12-14,18,A,https://www.sec.gov/Archives/edgar/data/896985/000119312511340461/d256814d10k.htm,RESOLVED,,1
362,HON,2011-12-23,2011-12-23T15:23:00-05:00,0000773840,2011-09-30,2011-10-21T23:59:59-04:00,773497365,dei:EntityCommonStockSharesOutstanding,10-Q,0000930413-11-006765,2011-10-21,84,A,https://data.sec.gov/api/xbrl/companyconcept/CIK0000773840/dei/EntityCommonStockSharesOutstanding.json#accn=0000930413-11-006765,RESOLVED,,1
363,IBKC,2011-12-23,2011-12-23T13:23:00-05:00,0000933141,2011-11-04,2011-11-09T23:59:59-05:00,29355092,dei:EntityCommonStockSharesOutstanding,10-Q,0001193125-11-304318,2011-11-09,49,A,https://data.sec.gov/api/xbrl/companyconcept/CIK0000933141/dei/EntityCommonStockSharesOutstanding.json#accn=0001193125-11-304318,RESOLVED,,1
364,IDXX,2011-12-23,2011-12-23T13:17:00-05:00,0000874716,2011-10-14,2011-10-21T23:59:59-04:00,56148671,dei:EntityCommonStockSharesOutstanding,10-Q,0001144204-11-058861,2011-10-21,70,A,https://data.sec.gov/api/xbrl/companyconcept/CIK0000874716/dei/EntityCommonStockSharesOutstanding.json#accn=0001144204-11-058861,RESOLVED,,1
365,IGT,2011-12-23,2011-12-23T15:01:00-05:00,0000353944,2011-11-28,2011-11-30T23:59:59-05:00,297600000,dei:EntityCommonStockSharesOutstanding,10-K,0001437749-11-009067,2011-11-30,25,A,https://data.sec.gov/api/xbrl/companyconcept/CIK0000353944/dei/EntityCommonStockSharesOutstanding.json#accn=0001437749-11-009067,RESOLVED,,1
366,ISSI,2011-12-23,2011-12-23T14:21:00-05:00,0000854701,2011-12-09,2011-12-14T23:59:59-05:00,26339358,dei:EntityCommonStockSharesOutstanding,10-K,0001445305-11-003586,2011-12-14,14,A,https://data.sec.gov/api/xbrl/companyconcept/CIK0000854701/dei/EntityCommonStockSharesOutstanding.json#accn=0001445305-11-003586,RESOLVED,,1
367,MDP,2011-12-23,2011-12-23T14:09:00-05:00,0000065011,2011-09-30,2011-10-26T23:59:59-04:00,44967123,sec_cover_page,10-Q,0000065011-11-000086,2011-10-26,84,A,https://www.sec.gov/Archives/edgar/data/65011/000006501111000086/fy12q1sept10-q.htm,RESOLVED,,1
368,MSCC,2011-12-23,2011-12-23T14:21:00-05:00,0000310568,2011-11-14,2011-11-23T23:59:59-05:00,86851848,dei:EntityCommonStockSharesOutstanding,10-K,0001193125-11-320952,2011-11-23,39,A,https://data.sec.gov/api/xbrl/companyconcept/CIK0000310568/dei/EntityCommonStockSharesOutstanding.json#accn=0001193125-11-320952,RESOLVED,,1
369,MUSA,2011-12-23,2011-12-23T11:51:00-05:00,0001362491,2011-11-14,2011-11-14T23:59:59-05:00,37058507,dei:EntityCommonStockSharesOutstanding,10-Q,0001193125-11-310967,2011-11-14,39,A,https://data.sec.gov/api/xbrl/companyconcept/CIK0001362491/dei/EntityCommonStockSharesOutstanding.json#accn=0001193125-11-310967,RESOLVED,,1
370,MXIM,2011-12-23,2011-12-23T11:14:00-05:00,0000743316,2011-10-14,2011-10-26T23:59:59-04:00,291713630,dei:EntityCommonStockSharesOutstanding,10-Q,0001445305-11-003070,2011-10-26,70,A,https://data.sec.gov/api/xbrl/companyconcept/CIK0000743316/dei/EntityCommonStockSharesOutstanding.json#accn=0001445305-11-003070,RESOLVED,,1
371,NVR,2011-12-23,2011-12-23T15:26:00-05:00,0000906163,2011-10-25,2011-10-28T23:59:59-04:00,4976408,dei:EntityCommonStockSharesOutstanding,10-Q,0001193125-11-286412,2011-10-28,59,A,https://data.sec.gov/api/xbrl/companyconcept/CIK0000906163/dei/EntityCommonStockSharesOutstanding.json#accn=0001193125-11-286412,RESOLVED,,1
372,RES,2011-12-23,2011-12-23T14:50:00-05:00,0000742278,2011-10-20,2011-11-03T23:59:59-04:00,148313708,dei:EntityCommonStockSharesOutstanding,10-Q,0001188112-11-003049,2011-11-03,64,A,https://data.sec.gov/api/xbrl/companyconcept/CIK0000742278/dei/EntityCommonStockSharesOutstanding.json#accn=0001188112-11-003049,RESOLVED,,1
373,ROL,2011-12-23,2011-12-23T09:44:00-05:00,0000084839,2011-10-15,2011-10-28T23:59:59-04:00,146291631,dei:EntityCommonStockSharesOutstanding,10-Q,0001104659-11-058676,2011-10-28,69,A,https://data.sec.gov/api/xbrl/companyconcept/CIK0000084839/dei/EntityCommonStockSharesOutstanding.json#accn=0001104659-11-058676,RESOLVED,,1
374,SYMM,2011-12-23,2011-12-23T14:24:00-05:00,0000082628,2011-10-30,2011-11-10T23:59:59-05:00,42729345,dei:EntityCommonStockSharesOutstanding,10-Q,0001193125-11-307199,2011-11-10,54,A,https://data.sec.gov/api/xbrl/companyconcept/CIK0000082628/dei/EntityCommonStockSharesOutstanding.json#accn=0001193125-11-307199,RESOLVED,,1
375,VAR,2011-12-23,2011-12-23T12:16:00-05:00,0000203527,2011-11-15,2011-11-23T23:59:59-05:00,112557988,dei:EntityCommonStockSharesOutstanding,10-K,0001193125-11-321337,2011-11-23,38,A,https://data.sec.gov/api/xbrl/companyconcept/CIK0000203527/dei/EntityCommonStockSharesOutstanding.json#accn=0001193125-11-321337,RESOLVED,,1
376,WRLD,2011-12-23,2011-12-23T15:23:00-05:00,0000108385,2011-09-30,2011-11-01T23:59:59-04:00,14642565,dei:EntityCommonStockSharesOutstanding,10-Q,0001140361-11-051060,2011-11-01,84,A,https://data.sec.gov/api/xbrl/companyconcept/CIK0000108385/dei/EntityCommonStockSharesOutstanding.json#accn=0001140361-11-051060,RESOLVED,,1
377,AF,2011-12-27,2011-12-27T14:48:00-05:00,0000910322,2011-10-27,2011-11-04T23:59:59-04:00,98537391,dei:EntityCommonStockSharesOutstanding,10-Q,0001144204-11-061380,2011-11-04,61,A,https://data.sec.gov/api/xbrl/companyconcept/CIK0000910322/dei/EntityCommonStockSharesOutstanding.json#accn=0001144204-11-061380,RESOLVED,,1
378,BA,2011-12-27,2011-12-27T14:49:00-05:00,0000012927,2011-10-19,2011-10-26T23:59:59-04:00,743234446,dei:EntityCommonStockSharesOutstanding,10-Q,0001193125-11-281613,2011-10-26,69,A,https://data.sec.gov/api/xbrl/companyconcept/CIK0000012927/dei/EntityCommonStockSharesOutstanding.json#accn=0001193125-11-281613,RESOLVED,,1
379,CA,2011-12-27,2011-12-27T13:02:00-05:00,0000356028,2011-10-20,2011-10-27T23:59:59-04:00,493391769,dei:EntityCommonStockSharesOutstanding,10-Q,0000950123-11-092486,2011-10-27,68,A,https://data.sec.gov/api/xbrl/companyconcept/CIK0000356028/dei/EntityCommonStockSharesOutstanding.json#accn=0000950123-11-092486,RESOLVED,,1
380,CAT,2011-12-27,2011-12-27T14:05:00-05:00,0000018230,2011-09-30,2011-11-04T23:59:59-04:00,646620369,dei:EntityCommonStockSharesOutstanding,10-Q,0001104659-11-060986,2011-11-04,88,A,https://data.sec.gov/api/xbrl/companyconcept/CIK0000018230/dei/EntityCommonStockSharesOutstanding.json#accn=0001104659-11-060986,RESOLVED,,1
381,CB,2011-12-27,2011-12-27T11:47:00-05:00,0000020171,2011-09-30,2011-11-07T23:59:59-05:00,278071725,dei:EntityCommonStockSharesOutstanding,10-Q,0000950123-11-095953,2011-11-07,88,A,https://data.sec.gov/api/xbrl/companyconcept/CIK0000020171/dei/EntityCommonStockSharesOutstanding.json#accn=0000950123-11-095953,RESOLVED,,1
382,DEST,2011-12-27,2011-12-27T15:04:00-05:00,0000896985,2011-12-05,2011-12-14T23:59:59-05:00,13275477,sec_cover_page,10-K,0001193125-11-340461,2011-12-14,22,A,https://www.sec.gov/Archives/edgar/data/896985/000119312511340461/d256814d10k.htm,RESOLVED,,1
383,HAE,2011-12-27,2011-12-27T15:25:00-05:00,0000313143,2011-10-01,2011-11-03T23:59:59-04:00,24981455,dei:EntityCommonStockSharesOutstanding,10-Q,0000950123-11-094857,2011-11-03,87,A,https://data.sec.gov/api/xbrl/companyconcept/CIK0000313143/dei/EntityCommonStockSharesOutstanding.json#accn=0000950123-11-094857,RESOLVED,,1
384,HON,2011-12-27,2011-12-27T15:23:00-05:00,0000773840,2011-09-30,2011-10-21T23:59:59-04:00,773497365,dei:EntityCommonStockSharesOutstanding,10-Q,0000930413-11-006765,2011-10-21,88,A,https://data.sec.gov/api/xbrl/companyconcept/CIK0000773840/dei/EntityCommonStockSharesOutstanding.json#accn=0000930413-11-006765,RESOLVED,,1
385,IBKC,2011-12-27,2011-12-27T13:23:00-05:00,0000933141,2011-11-04,2011-11-09T23:59:59-05:00,29355092,dei:EntityCommonStockSharesOutstanding,10-Q,0001193125-11-304318,2011-11-09,53,A,https://data.sec.gov/api/xbrl/companyconcept/CIK0000933141/dei/EntityCommonStockSharesOutstanding.json#accn=0001193125-11-304318,RESOLVED,,1
386,IDXX,2011-12-27,2011-12-27T13:17:00-05:00,0000874716,2011-10-14,2011-10-21T23:59:59-04:00,56148671,dei:EntityCommonStockSharesOutstanding,10-Q,0001144204-11-058861,2011-10-21,74,A,https://data.sec.gov/api/xbrl/companyconcept/CIK0000874716/dei/EntityCommonStockSharesOutstanding.json#accn=0001144204-11-058861,RESOLVED,,1
387,IGT,2011-12-27,2011-12-27T15:01:00-05:00,0000353944,2011-11-28,2011-11-30T23:59:59-05:00,297600000,dei:EntityCommonStockSharesOutstanding,10-K,0001437749-11-009067,2011-11-30,29,A,https://data.sec.gov/api/xbrl/companyconcept/CIK0000353944/dei/EntityCommonStockSharesOutstanding.json#accn=0001437749-11-009067,RESOLVED,,1
388,ISSI,2011-12-27,2011-12-27T14:21:00-05:00,0000854701,2011-12-09,2011-12-14T23:59:59-05:00,26339358,dei:EntityCommonStockSharesOutstanding,10-K,0001445305-11-003586,2011-12-14,18,A,https://data.sec.gov/api/xbrl/companyconcept/CIK0000854701/dei/EntityCommonStockSharesOutstanding.json#accn=0001445305-11-003586,RESOLVED,,1
389,MDP,2011-12-27,2011-12-27T14:09:00-05:00,0000065011,2011-09-30,2011-10-26T23:59:59-04:00,44967123,sec_cover_page,10-Q,0000065011-11-000086,2011-10-26,88,A,https://www.sec.gov/Archives/edgar/data/65011/000006501111000086/fy12q1sept10-q.htm,RESOLVED,,1
390,MSCC,2011-12-27,2011-12-27T14:21:00-05:00,0000310568,2011-11-14,2011-11-23T23:59:59-05:00,86851848,dei:EntityCommonStockSharesOutstanding,10-K,0001193125-11-320952,2011-11-23,43,A,https://data.sec.gov/api/xbrl/companyconcept/CIK0000310568/dei/EntityCommonStockSharesOutstanding.json#accn=0001193125-11-320952,RESOLVED,,1
391,MUSA,2011-12-27,2011-12-27T11:51:00-05:00,0001362491,2011-11-14,2011-11-14T23:59:59-05:00,37058507,dei:EntityCommonStockSharesOutstanding,10-Q,0001193125-11-310967,2011-11-14,43,A,https://data.sec.gov/api/xbrl/companyconcept/CIK0001362491/dei/EntityCommonStockSharesOutstanding.json#accn=0001193125-11-310967,RESOLVED,,1
392,MXIM,2011-12-27,2011-12-27T11:14:00-05:00,0000743316,2011-10-14,2011-10-26T23:59:59-04:00,291713630,dei:EntityCommonStockSharesOutstanding,10-Q,0001445305-11-003070,2011-10-26,74,A,https://data.sec.gov/api/xbrl/companyconcept/CIK0000743316/dei/EntityCommonStockSharesOutstanding.json#accn=0001445305-11-003070,RESOLVED,,1
393,NVR,2011-12-27,2011-12-27T15:26:00-05:00,0000906163,2011-10-25,2011-10-28T23:59:59-04:00,4976408,dei:EntityCommonStockSharesOutstanding,10-Q,0001193125-11-286412,2011-10-28,63,A,https://data.sec.gov/api/xbrl/companyconcept/CIK0000906163/dei/EntityCommonStockSharesOutstanding.json#accn=0001193125-11-286412,RESOLVED,,1
394,RES,2011-12-27,2011-12-27T14:50:00-05:00,0000742278,2011-10-20,2011-11-03T23:59:59-04:00,148313708,dei:EntityCommonStockSharesOutstanding,10-Q,0001188112-11-003049,2011-11-03,68,A,https://data.sec.gov/api/xbrl/companyconcept/CIK0000742278/dei/EntityCommonStockSharesOutstanding.json#accn=0001188112-11-003049,RESOLVED,,1
395,ROL,2011-12-27,2011-12-27T09:44:00-05:00,0000084839,2011-10-15,2011-10-28T23:59:59-04:00,146291631,dei:EntityCommonStockSharesOutstanding,10-Q,0001104659-11-058676,2011-10-28,73,A,https://data.sec.gov/api/xbrl/companyconcept/CIK0000084839/dei/EntityCommonStockSharesOutstanding.json#accn=0001104659-11-058676,RESOLVED,,1
396,SYMM,2011-12-27,2011-12-27T14:24:00-05:00,0000082628,2011-10-30,2011-11-10T23:59:59-05:00,42729345,dei:EntityCommonStockSharesOutstanding,10-Q,0001193125-11-307199,2011-11-10,58,A,https://data.sec.gov/api/xbrl/companyconcept/CIK0000082628/dei/EntityCommonStockSharesOutstanding.json#accn=0001193125-11-307199,RESOLVED,,1
397,VAR,2011-12-27,2011-12-27T12:16:00-05:00,0000203527,2011-11-15,2011-11-23T23:59:59-05:00,112557988,dei:EntityCommonStockSharesOutstanding,10-K,0001193125-11-321337,2011-11-23,42,A,https://data.sec.gov/api/xbrl/companyconcept/CIK0000203527/dei/EntityCommonStockSharesOutstanding.json#accn=0001193125-11-321337,RESOLVED,,1
398,WRLD,2011-12-27,2011-12-27T15:23:00-05:00,0000108385,2011-09-30,2011-11-01T23:59:59-04:00,14642565,dei:EntityCommonStockSharesOutstanding,10-Q,0001140361-11-051060,2011-11-01,88,A,https://data.sec.gov/api/xbrl/companyconcept/CIK0000108385/dei/EntityCommonStockSharesOutstanding.json#accn=0001140361-11-051060,RESOLVED,,1
399,AF,2011-12-28,2011-12-28T14:48:00-05:00,0000910322,2011-10-27,2011-11-04T23:59:59-04:00,98537391,dei:EntityCommonStockSharesOutstanding,10-Q,0001144204-11-061380,2011-11-04,62,A,https://data.sec.gov/api/xbrl/companyconcept/CIK0000910322/dei/EntityCommonStockSharesOutstanding.json#accn=0001144204-11-061380,RESOLVED,,1
400,BA,2011-12-28,2011-12-28T14:49:00-05:00,0000012927,2011-10-19,2011-10-26T23:59:59-04:00,743234446,dei:EntityCommonStockSharesOutstanding,10-Q,0001193125-11-281613,2011-10-26,70,A,https://data.sec.gov/api/xbrl/companyconcept/CIK0000012927/dei/EntityCommonStockSharesOutstanding.json#accn=0001193125-11-281613,RESOLVED,,1
401,CA,2011-12-28,2011-12-28T13:02:00-05:00,0000356028,2011-10-20,2011-10-27T23:59:59-04:00,493391769,dei:EntityCommonStockSharesOutstanding,10-Q,0000950123-11-092486,2011-10-27,69,A,https://data.sec.gov/api/xbrl/companyconcept/CIK0000356028/dei/EntityCommonStockSharesOutstanding.json#accn=0000950123-11-092486,RESOLVED,,1
402,CAT,2011-12-28,2011-12-28T14:05:00-05:00,0000018230,2011-09-30,2011-11-04T23:59:59-04:00,646620369,dei:EntityCommonStockSharesOutstanding,10-Q,0001104659-11-060986,2011-11-04,89,A,https://data.sec.gov/api/xbrl/companyconcept/CIK0000018230/dei/EntityCommonStockSharesOutstanding.json#accn=0001104659-11-060986,RESOLVED,,1
403,CB,2011-12-28,2011-12-28T11:47:00-05:00,0000020171,2011-09-30,2011-11-07T23:59:59-05:00,278071725,dei:EntityCommonStockSharesOutstanding,10-Q,0000950123-11-095953,2011-11-07,89,A,https://data.sec.gov/api/xbrl/companyconcept/CIK0000020171/dei/EntityCommonStockSharesOutstanding.json#accn=0000950123-11-095953,RESOLVED,,1
404,DEST,2011-12-28,2011-12-28T15:04:00-05:00,0000896985,2011-12-05,2011-12-14T23:59:59-05:00,13275477,sec_cover_page,10-K,0001193125-11-340461,2011-12-14,23,A,https://www.sec.gov/Archives/edgar/data/896985/000119312511340461/d256814d10k.htm,RESOLVED,,1
405,HAE,2011-12-28,2011-12-28T15:25:00-05:00,0000313143,2011-10-01,2011-11-03T23:59:59-04:00,24981455,dei:EntityCommonStockSharesOutstanding,10-Q,0000950123-11-094857,2011-11-03,88,A,https://data.sec.gov/api/xbrl/companyconcept/CIK0000313143/dei/EntityCommonStockSharesOutstanding.json#accn=0000950123-11-094857,RESOLVED,,1
406,HON,2011-12-28,2011-12-28T15:23:00-05:00,0000773840,2011-09-30,2011-10-21T23:59:59-04:00,773497365,dei:EntityCommonStockSharesOutstanding,10-Q,0000930413-11-006765,2011-10-21,89,A,https://data.sec.gov/api/xbrl/companyconcept/CIK0000773840/dei/EntityCommonStockSharesOutstanding.json#accn=0000930413-11-006765,RESOLVED,,1
407,IBKC,2011-12-28,2011-12-28T13:23:00-05:00,0000933141,2011-11-04,2011-11-09T23:59:59-05:00,29355092,dei:EntityCommonStockSharesOutstanding,10-Q,0001193125-11-304318,2011-11-09,54,A,https://data.sec.gov/api/xbrl/companyconcept/CIK0000933141/dei/EntityCommonStockSharesOutstanding.json#accn=0001193125-11-304318,RESOLVED,,1
408,IDXX,2011-12-28,2011-12-28T13:17:00-05:00,0000874716,2011-10-14,2011-10-21T23:59:59-04:00,56148671,dei:EntityCommonStockSharesOutstanding,10-Q,0001144204-11-058861,2011-10-21,75,A,https://data.sec.gov/api/xbrl/companyconcept/CIK0000874716/dei/EntityCommonStockSharesOutstanding.json#accn=0001144204-11-058861,RESOLVED,,1
409,IGT,2011-12-28,2011-12-28T15:01:00-05:00,0000353944,2011-11-28,2011-11-30T23:59:59-05:00,297600000,dei:EntityCommonStockSharesOutstanding,10-K,0001437749-11-009067,2011-11-30,30,A,https://data.sec.gov/api/xbrl/companyconcept/CIK0000353944/dei/EntityCommonStockSharesOutstanding.json#accn=0001437749-11-009067,RESOLVED,,1
410,ISSI,2011-12-28,2011-12-28T14:21:00-05:00,0000854701,2011-12-09,2011-12-14T23:59:59-05:00,26339358,dei:EntityCommonStockSharesOutstanding,10-K,0001445305-11-003586,2011-12-14,19,A,https://data.sec.gov/api/xbrl/companyconcept/CIK0000854701/dei/EntityCommonStockSharesOutstanding.json#accn=0001445305-11-003586,RESOLVED,,1
411,MDP,2011-12-28,2011-12-28T14:09:00-05:00,0000065011,2011-09-30,2011-10-26T23:59:59-04:00,44967123,sec_cover_page,10-Q,0000065011-11-000086,2011-10-26,89,A,https://www.sec.gov/Archives/edgar/data/65011/000006501111000086/fy12q1sept10-q.htm,RESOLVED,,1
412,MSCC,2011-12-28,2011-12-28T14:21:00-05:00,0000310568,2011-11-14,2011-11-23T23:59:59-05:00,86851848,dei:EntityCommonStockSharesOutstanding,10-K,0001193125-11-320952,2011-11-23,44,A,https://data.sec.gov/api/xbrl/companyconcept/CIK0000310568/dei/EntityCommonStockSharesOutstanding.json#accn=0001193125-11-320952,RESOLVED,,1
413,MUSA,2011-12-28,2011-12-28T11:51:00-05:00,0001362491,2011-11-14,2011-11-14T23:59:59-05:00,37058507,dei:EntityCommonStockSharesOutstanding,10-Q,0001193125-11-310967,2011-11-14,44,A,https://data.sec.gov/api/xbrl/companyconcept/CIK0001362491/dei/EntityCommonStockSharesOutstanding.json#accn=0001193125-11-310967,RESOLVED,,1
414,MXIM,2011-12-28,2011-12-28T11:14:00-05:00,0000743316,2011-10-14,2011-10-26T23:59:59-04:00,291713630,dei:EntityCommonStockSharesOutstanding,10-Q,0001445305-11-003070,2011-10-26,75,A,https://data.sec.gov/api/xbrl/companyconcept/CIK0000743316/dei/EntityCommonStockSharesOutstanding.json#accn=0001445305-11-003070,RESOLVED,,1
415,NVR,2011-12-28,2011-12-28T15:26:00-05:00,0000906163,2011-10-25,2011-10-28T23:59:59-04:00,4976408,dei:EntityCommonStockSharesOutstanding,10-Q,0001193125-11-286412,2011-10-28,64,A,https://data.sec.gov/api/xbrl/companyconcept/CIK0000906163/dei/EntityCommonStockSharesOutstanding.json#accn=0001193125-11-286412,RESOLVED,,1
416,RES,2011-12-28,2011-12-28T14:50:00-05:00,0000742278,2011-10-20,2011-11-03T23:59:59-04:00,148313708,dei:EntityCommonStockSharesOutstanding,10-Q,0001188112-11-003049,2011-11-03,69,A,https://data.sec.gov/api/xbrl/companyconcept/CIK0000742278/dei/EntityCommonStockSharesOutstanding.json#accn=0001188112-11-003049,RESOLVED,,1
417,ROL,2011-12-28,2011-12-28T09:44:00-05:00,0000084839,2011-10-15,2011-10-28T23:59:59-04:00,146291631,dei:EntityCommonStockSharesOutstanding,10-Q,0001104659-11-058676,2011-10-28,74,A,https://data.sec.gov/api/xbrl/companyconcept/CIK0000084839/dei/EntityCommonStockSharesOutstanding.json#accn=0001104659-11-058676,RESOLVED,,1
418,SYMM,2011-12-28,2011-12-28T14:24:00-05:00,0000082628,2011-10-30,2011-11-10T23:59:59-05:00,42729345,dei:EntityCommonStockSharesOutstanding,10-Q,0001193125-11-307199,2011-11-10,59,A,https://data.sec.gov/api/xbrl/companyconcept/CIK0000082628/dei/EntityCommonStockSharesOutstanding.json#accn=0001193125-11-307199,RESOLVED,,1
419,VAR,2011-12-28,2011-12-28T12:16:00-05:00,0000203527,2011-11-15,2011-11-23T23:59:59-05:00,112557988,dei:EntityCommonStockSharesOutstanding,10-K,0001193125-11-321337,2011-11-23,43,A,https://data.sec.gov/api/xbrl/companyconcept/CIK0000203527/dei/EntityCommonStockSharesOutstanding.json#accn=0001193125-11-321337,RESOLVED,,1
420,WRLD,2011-12-28,2011-12-28T15:23:00-05:00,0000108385,2011-09-30,2011-11-01T23:59:59-04:00,14642565,dei:EntityCommonStockSharesOutstanding,10-Q,0001140361-11-051060,2011-11-01,89,A,https://data.sec.gov/api/xbrl/companyconcept/CIK0000108385/dei/EntityCommonStockSharesOutstanding.json#accn=0001140361-11-051060,RESOLVED,,1
421,AF,2011-12-29,2011-12-29T14:48:00-05:00,0000910322,2011-10-27,2011-11-04T23:59:59-04:00,98537391,dei:EntityCommonStockSharesOutstanding,10-Q,0001144204-11-061380,2011-11-04,63,A,https://data.sec.gov/api/xbrl/companyconcept/CIK0000910322/dei/EntityCommonStockSharesOutstanding.json#accn=0001144204-11-061380,RESOLVED,,1
422,BA,2011-12-29,2011-12-29T14:49:00-05:00,0000012927,2011-10-19,2011-10-26T23:59:59-04:00,743234446,dei:EntityCommonStockSharesOutstanding,10-Q,0001193125-11-281613,2011-10-26,71,A,https://data.sec.gov/api/xbrl/companyconcept/CIK0000012927/dei/EntityCommonStockSharesOutstanding.json#accn=0001193125-11-281613,RESOLVED,,1
423,CA,2011-12-29,2011-12-29T13:02:00-05:00,0000356028,2011-10-20,2011-10-27T23:59:59-04:00,493391769,dei:EntityCommonStockSharesOutstanding,10-Q,0000950123-11-092486,2011-10-27,70,A,https://data.sec.gov/api/xbrl/companyconcept/CIK0000356028/dei/EntityCommonStockSharesOutstanding.json#accn=0000950123-11-092486,RESOLVED,,1
424,CAT,2011-12-29,2011-12-29T14:05:00-05:00,0000018230,2011-09-30,2011-11-04T23:59:59-04:00,646620369,dei:EntityCommonStockSharesOutstanding,10-Q,0001104659-11-060986,2011-11-04,90,A,https://data.sec.gov/api/xbrl/companyconcept/CIK0000018230/dei/EntityCommonStockSharesOutstanding.json#accn=0001104659-11-060986,RESOLVED,,1
425,CB,2011-12-29,2011-12-29T11:47:00-05:00,0000020171,2011-09-30,2011-11-07T23:59:59-05:00,278071725,dei:EntityCommonStockSharesOutstanding,10-Q,0000950123-11-095953,2011-11-07,90,A,https://data.sec.gov/api/xbrl/companyconcept/CIK0000020171/dei/EntityCommonStockSharesOutstanding.json#accn=0000950123-11-095953,RESOLVED,,1
426,DEST,2011-12-29,2011-12-29T15:04:00-05:00,0000896985,2011-12-05,2011-12-14T23:59:59-05:00,13275477,sec_cover_page,10-K,0001193125-11-340461,2011-12-14,24,A,https://www.sec.gov/Archives/edgar/data/896985/000119312511340461/d256814d10k.htm,RESOLVED,,1
427,HAE,2011-12-29,2011-12-29T15:25:00-05:00,0000313143,2011-10-01,2011-11-03T23:59:59-04:00,24981455,dei:EntityCommonStockSharesOutstanding,10-Q,0000950123-11-094857,2011-11-03,89,A,https://data.sec.gov/api/xbrl/companyconcept/CIK0000313143/dei/EntityCommonStockSharesOutstanding.json#accn=0000950123-11-094857,RESOLVED,,1
428,HON,2011-12-29,2011-12-29T15:23:00-05:00,0000773840,2011-09-30,2011-10-21T23:59:59-04:00,773497365,dei:EntityCommonStockSharesOutstanding,10-Q,0000930413-11-006765,2011-10-21,90,A,https://data.sec.gov/api/xbrl/companyconcept/CIK0000773840/dei/EntityCommonStockSharesOutstanding.json#accn=0000930413-11-006765,RESOLVED,,1
429,IBKC,2011-12-29,2011-12-29T13:23:00-05:00,0000933141,2011-11-04,2011-11-09T23:59:59-05:00,29355092,dei:EntityCommonStockSharesOutstanding,10-Q,0001193125-11-304318,2011-11-09,55,A,https://data.sec.gov/api/xbrl/companyconcept/CIK0000933141/dei/EntityCommonStockSharesOutstanding.json#accn=0001193125-11-304318,RESOLVED,,1
430,IDXX,2011-12-29,2011-12-29T13:17:00-05:00,0000874716,2011-10-14,2011-10-21T23:59:59-04:00,56148671,dei:EntityCommonStockSharesOutstanding,10-Q,0001144204-11-058861,2011-10-21,76,A,https://data.sec.gov/api/xbrl/companyconcept/CIK0000874716/dei/EntityCommonStockSharesOutstanding.json#accn=0001144204-11-058861,RESOLVED,,1
431,IGT,2011-12-29,2011-12-29T15:01:00-05:00,0000353944,2011-11-28,2011-11-30T23:59:59-05:00,297600000,dei:EntityCommonStockSharesOutstanding,10-K,0001437749-11-009067,2011-11-30,31,A,https://data.sec.gov/api/xbrl/companyconcept/CIK0000353944/dei/EntityCommonStockSharesOutstanding.json#accn=0001437749-11-009067,RESOLVED,,1
432,ISSI,2011-12-29,2011-12-29T14:21:00-05:00,0000854701,2011-12-09,2011-12-14T23:59:59-05:00,26339358,dei:EntityCommonStockSharesOutstanding,10-K,0001445305-11-003586,2011-12-14,20,A,https://data.sec.gov/api/xbrl/companyconcept/CIK0000854701/dei/EntityCommonStockSharesOutstanding.json#accn=0001445305-11-003586,RESOLVED,,1
433,MDP,2011-12-29,2011-12-29T14:09:00-05:00,0000065011,2011-09-30,2011-10-26T23:59:59-04:00,44967123,sec_cover_page,10-Q,0000065011-11-000086,2011-10-26,90,A,https://www.sec.gov/Archives/edgar/data/65011/000006501111000086/fy12q1sept10-q.htm,RESOLVED,,1
434,MSCC,2011-12-29,2011-12-29T14:21:00-05:00,0000310568,2011-11-14,2011-11-23T23:59:59-05:00,86851848,dei:EntityCommonStockSharesOutstanding,10-K,0001193125-11-320952,2011-11-23,45,A,https://data.sec.gov/api/xbrl/companyconcept/CIK0000310568/dei/EntityCommonStockSharesOutstanding.json#accn=0001193125-11-320952,RESOLVED,,1
435,MUSA,2011-12-29,2011-12-29T11:51:00-05:00,0001362491,2011-11-14,2011-11-14T23:59:59-05:00,37058507,dei:EntityCommonStockSharesOutstanding,10-Q,0001193125-11-310967,2011-11-14,45,A,https://data.sec.gov/api/xbrl/companyconcept/CIK0001362491/dei/EntityCommonStockSharesOutstanding.json#accn=0001193125-11-310967,RESOLVED,,1
436,MXIM,2011-12-29,2011-12-29T11:14:00-05:00,0000743316,2011-10-14,2011-10-26T23:59:59-04:00,291713630,dei:EntityCommonStockSharesOutstanding,10-Q,0001445305-11-003070,2011-10-26,76,A,https://data.sec.gov/api/xbrl/companyconcept/CIK0000743316/dei/EntityCommonStockSharesOutstanding.json#accn=0001445305-11-003070,RESOLVED,,1
437,NVR,2011-12-29,2011-12-29T15:26:00-05:00,0000906163,2011-10-25,2011-10-28T23:59:59-04:00,4976408,dei:EntityCommonStockSharesOutstanding,10-Q,0001193125-11-286412,2011-10-28,65,A,https://data.sec.gov/api/xbrl/companyconcept/CIK0000906163/dei/EntityCommonStockSharesOutstanding.json#accn=0001193125-11-286412,RESOLVED,,1
438,RES,2011-12-29,2011-12-29T14:50:00-05:00,0000742278,2011-10-20,2011-11-03T23:59:59-04:00,148313708,dei:EntityCommonStockSharesOutstanding,10-Q,0001188112-11-003049,2011-11-03,70,A,https://data.sec.gov/api/xbrl/companyconcept/CIK0000742278/dei/EntityCommonStockSharesOutstanding.json#accn=0001188112-11-003049,RESOLVED,,1
439,ROL,2011-12-29,2011-12-29T09:44:00-05:00,0000084839,2011-10-15,2011-10-28T23:59:59-04:00,146291631,dei:EntityCommonStockSharesOutstanding,10-Q,0001104659-11-058676,2011-10-28,75,A,https://data.sec.gov/api/xbrl/companyconcept/CIK0000084839/dei/EntityCommonStockSharesOutstanding.json#accn=0001104659-11-058676,RESOLVED,,1
440,SYMM,2011-12-29,2011-12-29T14:24:00-05:00,0000082628,2011-10-30,2011-11-10T23:59:59-05:00,42729345,dei:EntityCommonStockSharesOutstanding,10-Q,0001193125-11-307199,2011-11-10,60,A,https://data.sec.gov/api/xbrl/companyconcept/CIK0000082628/dei/EntityCommonStockSharesOutstanding.json#accn=0001193125-11-307199,RESOLVED,,1
441,VAR,2011-12-29,2011-12-29T12:16:00-05:00,0000203527,2011-11-15,2011-11-23T23:59:59-05:00,112557988,dei:EntityCommonStockSharesOutstanding,10-K,0001193125-11-321337,2011-11-23,44,A,https://data.sec.gov/api/xbrl/companyconcept/CIK0000203527/dei/EntityCommonStockSharesOutstanding.json#accn=0001193125-11-321337,RESOLVED,,1
442,WRLD,2011-12-29,2011-12-29T15:23:00-05:00,0000108385,2011-09-30,2011-11-01T23:59:59-04:00,14642565,dei:EntityCommonStockSharesOutstanding,10-Q,0001140361-11-051060,2011-11-01,90,A,https://data.sec.gov/api/xbrl/companyconcept/CIK0000108385/dei/EntityCommonStockSharesOutstanding.json#accn=0001140361-11-051060,RESOLVED,,1
443,AF,2011-12-30,2011-12-30T14:48:00-05:00,0000910322,2011-10-27,2011-11-04T23:59:59-04:00,98537391,dei:EntityCommonStockSharesOutstanding,10-Q,0001144204-11-061380,2011-11-04,64,A,https://data.sec.gov/api/xbrl/companyconcept/CIK0000910322/dei/EntityCommonStockSharesOutstanding.json#accn=0001144204-11-061380,RESOLVED,,1
444,BA,2011-12-30,2011-12-30T14:49:00-05:00,0000012927,2011-10-19,2011-10-26T23:59:59-04:00,743234446,dei:EntityCommonStockSharesOutstanding,10-Q,0001193125-11-281613,2011-10-26,72,A,https://data.sec.gov/api/xbrl/companyconcept/CIK0000012927/dei/EntityCommonStockSharesOutstanding.json#accn=0001193125-11-281613,RESOLVED,,1
445,CA,2011-12-30,2011-12-30T13:02:00-05:00,0000356028,2011-10-20,2011-10-27T23:59:59-04:00,493391769,dei:EntityCommonStockSharesOutstanding,10-Q,0000950123-11-092486,2011-10-27,71,A,https://data.sec.gov/api/xbrl/companyconcept/CIK0000356028/dei/EntityCommonStockSharesOutstanding.json#accn=0000950123-11-092486,RESOLVED,,1
446,CAT,2011-12-30,2011-12-30T14:05:00-05:00,0000018230,2011-09-30,2011-11-04T23:59:59-04:00,646620369,dei:EntityCommonStockSharesOutstanding,10-Q,0001104659-11-060986,2011-11-04,91,A,https://data.sec.gov/api/xbrl/companyconcept/CIK0000018230/dei/EntityCommonStockSharesOutstanding.json#accn=0001104659-11-060986,RESOLVED,,1
447,CB,2011-12-30,2011-12-30T11:47:00-05:00,0000020171,2011-09-30,2011-11-07T23:59:59-05:00,278071725,dei:EntityCommonStockSharesOutstanding,10-Q,0000950123-11-095953,2011-11-07,91,A,https://data.sec.gov/api/xbrl/companyconcept/CIK0000020171/dei/EntityCommonStockSharesOutstanding.json#accn=0000950123-11-095953,RESOLVED,,1
448,DEST,2011-12-30,2011-12-30T15:04:00-05:00,0000896985,2011-12-05,2011-12-14T23:59:59-05:00,13275477,sec_cover_page,10-K,0001193125-11-340461,2011-12-14,25,A,https://www.sec.gov/Archives/edgar/data/896985/000119312511340461/d256814d10k.htm,RESOLVED,,1
449,HAE,2011-12-30,2011-12-30T15:25:00-05:00,0000313143,2011-10-01,2011-11-03T23:59:59-04:00,24981455,dei:EntityCommonStockSharesOutstanding,10-Q,0000950123-11-094857,2011-11-03,90,A,https://data.sec.gov/api/xbrl/companyconcept/CIK0000313143/dei/EntityCommonStockSharesOutstanding.json#accn=0000950123-11-094857,RESOLVED,,1
450,HON,2011-12-30,2011-12-30T15:23:00-05:00,0000773840,2011-09-30,2011-10-21T23:59:59-04:00,773497365,dei:EntityCommonStockSharesOutstanding,10-Q,0000930413-11-006765,2011-10-21,91,A,https://data.sec.gov/api/xbrl/companyconcept/CIK0000773840/dei/EntityCommonStockSharesOutstanding.json#accn=0000930413-11-006765,RESOLVED,,1
451,IBKC,2011-12-30,2011-12-30T13:23:00-05:00,0000933141,2011-11-04,2011-11-09T23:59:59-05:00,29355092,dei:EntityCommonStockSharesOutstanding,10-Q,0001193125-11-304318,2011-11-09,56,A,https://data.sec.gov/api/xbrl/companyconcept/CIK0000933141/dei/EntityCommonStockSharesOutstanding.json#accn=0001193125-11-304318,RESOLVED,,1
452,IDXX,2011-12-30,2011-12-30T13:17:00-05:00,0000874716,2011-10-14,2011-10-21T23:59:59-04:00,56148671,dei:EntityCommonStockSharesOutstanding,10-Q,0001144204-11-058861,2011-10-21,77,A,https://data.sec.gov/api/xbrl/companyconcept/CIK0000874716/dei/EntityCommonStockSharesOutstanding.json#accn=0001144204-11-058861,RESOLVED,,1
453,IGT,2011-12-30,2011-12-30T15:01:00-05:00,0000353944,2011-11-28,2011-11-30T23:59:59-05:00,297600000,dei:EntityCommonStockSharesOutstanding,10-K,0001437749-11-009067,2011-11-30,32,A,https://data.sec.gov/api/xbrl/companyconcept/CIK0000353944/dei/EntityCommonStockSharesOutstanding.json#accn=0001437749-11-009067,RESOLVED,,1
454,ISSI,2011-12-30,2011-12-30T14:21:00-05:00,0000854701,2011-12-09,2011-12-14T23:59:59-05:00,26339358,dei:EntityCommonStockSharesOutstanding,10-K,0001445305-11-003586,2011-12-14,21,A,https://data.sec.gov/api/xbrl/companyconcept/CIK0000854701/dei/EntityCommonStockSharesOutstanding.json#accn=0001445305-11-003586,RESOLVED,,1
455,MDP,2011-12-30,2011-12-30T14:09:00-05:00,0000065011,2011-09-30,2011-10-26T23:59:59-04:00,44967123,sec_cover_page,10-Q,0000065011-11-000086,2011-10-26,91,A,https://www.sec.gov/Archives/edgar/data/65011/000006501111000086/fy12q1sept10-q.htm,RESOLVED,,1
456,MSCC,2011-12-30,2011-12-30T14:21:00-05:00,0000310568,2011-11-14,2011-11-23T23:59:59-05:00,86851848,dei:EntityCommonStockSharesOutstanding,10-K,0001193125-11-320952,2011-11-23,46,A,https://data.sec.gov/api/xbrl/companyconcept/CIK0000310568/dei/EntityCommonStockSharesOutstanding.json#accn=0001193125-11-320952,RESOLVED,,1
457,MUSA,2011-12-30,2011-12-30T11:51:00-05:00,0001362491,2011-11-14,2011-11-14T23:59:59-05:00,37058507,dei:EntityCommonStockSharesOutstanding,10-Q,0001193125-11-310967,2011-11-14,46,A,https://data.sec.gov/api/xbrl/companyconcept/CIK0001362491/dei/EntityCommonStockSharesOutstanding.json#accn=0001193125-11-310967,RESOLVED,,1
458,MXIM,2011-12-30,2011-12-30T11:14:00-05:00,0000743316,2011-10-14,2011-10-26T23:59:59-04:00,291713630,dei:EntityCommonStockSharesOutstanding,10-Q,0001445305-11-003070,2011-10-26,77,A,https://data.sec.gov/api/xbrl/companyconcept/CIK0000743316/dei/EntityCommonStockSharesOutstanding.json#accn=0001445305-11-003070,RESOLVED,,1
459,NVR,2011-12-30,2011-12-30T15:26:00-05:00,0000906163,2011-10-25,2011-10-28T23:59:59-04:00,4976408,dei:EntityCommonStockSharesOutstanding,10-Q,0001193125-11-286412,2011-10-28,66,A,https://data.sec.gov/api/xbrl/companyconcept/CIK0000906163/dei/EntityCommonStockSharesOutstanding.json#accn=0001193125-11-286412,RESOLVED,,1
460,RES,2011-12-30,2011-12-30T14:50:00-05:00,0000742278,2011-10-20,2011-11-03T23:59:59-04:00,148313708,dei:EntityCommonStockSharesOutstanding,10-Q,0001188112-11-003049,2011-11-03,71,A,https://data.sec.gov/api/xbrl/companyconcept/CIK0000742278/dei/EntityCommonStockSharesOutstanding.json#accn=0001188112-11-003049,RESOLVED,,1
461,ROL,2011-12-30,2011-12-30T09:44:00-05:00,0000084839,2011-10-15,2011-10-28T23:59:59-04:00,146291631,dei:EntityCommonStockSharesOutstanding,10-Q,0001104659-11-058676,2011-10-28,76,A,https://data.sec.gov/api/xbrl/companyconcept/CIK0000084839/dei/EntityCommonStockSharesOutstanding.json#accn=0001104659-11-058676,RESOLVED,,1
462,SYMM,2011-12-30,2011-12-30T14:24:00-05:00,0000082628,2011-10-30,2011-11-10T23:59:59-05:00,42729345,dei:EntityCommonStockSharesOutstanding,10-Q,0001193125-11-307199,2011-11-10,61,A,https://data.sec.gov/api/xbrl/companyconcept/CIK0000082628/dei/EntityCommonStockSharesOutstanding.json#accn=0001193125-11-307199,RESOLVED,,1
463,VAR,2011-12-30,2011-12-30T12:16:00-05:00,0000203527,2011-11-15,2011-11-23T23:59:59-05:00,112557988,dei:EntityCommonStockSharesOutstanding,10-K,0001193125-11-321337,2011-11-23,45,A,https://data.sec.gov/api/xbrl/companyconcept/CIK0000203527/dei/EntityCommonStockSharesOutstanding.json#accn=0001193125-11-321337,RESOLVED,,1
464,WRLD,2011-12-30,2011-12-30T15:23:00-05:00,0000108385,2011-09-30,2011-11-01T23:59:59-04:00,14642565,dei:EntityCommonStockSharesOutstanding,10-Q,0001140361-11-051060,2011-11-01,91,A,https://data.sec.gov/api/xbrl/companyconcept/CIK0000108385/dei/EntityCommonStockSharesOutstanding.json#accn=0001140361-11-051060,RESOLVED,,1
465,AF,2012-01-03,2012-01-03T14:48:00-05:00,0000910322,2011-10-27,2011-11-04T23:59:59-04:00,98537391,dei:EntityCommonStockSharesOutstanding,10-Q,0001144204-11-061380,2011-11-04,68,A,https://data.sec.gov/api/xbrl/companyconcept/CIK0000910322/dei/EntityCommonStockSharesOutstanding.json#accn=0001144204-11-061380,RESOLVED,,1
466,BA,2012-01-03,2012-01-03T14:49:00-05:00,0000012927,2011-10-19,2011-10-26T23:59:59-04:00,743234446,dei:EntityCommonStockSharesOutstanding,10-Q,0001193125-11-281613,2011-10-26,76,A,https://data.sec.gov/api/xbrl/companyconcept/CIK0000012927/dei/EntityCommonStockSharesOutstanding.json#accn=0001193125-11-281613,RESOLVED,,1
467,CA,2012-01-03,2012-01-03T13:02:00-05:00,0000356028,2011-10-20,2011-10-27T23:59:59-04:00,493391769,dei:EntityCommonStockSharesOutstanding,10-Q,0000950123-11-092486,2011-10-27,75,A,https://data.sec.gov/api/xbrl/companyconcept/CIK0000356028/dei/EntityCommonStockSharesOutstanding.json#accn=0000950123-11-092486,RESOLVED,,1
468,CAT,2012-01-03,2012-01-03T14:05:00-05:00,0000018230,2011-09-30,2011-11-04T23:59:59-04:00,646620369,dei:EntityCommonStockSharesOutstanding,10-Q,0001104659-11-060986,2011-11-04,95,A,https://data.sec.gov/api/xbrl/companyconcept/CIK0000018230/dei/EntityCommonStockSharesOutstanding.json#accn=0001104659-11-060986,RESOLVED,,1
469,CB,2012-01-03,2012-01-03T11:47:00-05:00,0000020171,2011-09-30,2011-11-07T23:59:59-05:00,278071725,dei:EntityCommonStockSharesOutstanding,10-Q,0000950123-11-095953,2011-11-07,95,A,https://data.sec.gov/api/xbrl/companyconcept/CIK0000020171/dei/EntityCommonStockSharesOutstanding.json#accn=0000950123-11-095953,RESOLVED,,1
470,DEST,2012-01-03,2012-01-03T15:04:00-05:00,0000896985,2011-12-05,2011-12-14T23:59:59-05:00,13275477,sec_cover_page,10-K,0001193125-11-340461,2011-12-14,29,A,https://www.sec.gov/Archives/edgar/data/896985/000119312511340461/d256814d10k.htm,RESOLVED,,1
471,HAE,2012-01-03,2012-01-03T15:25:00-05:00,0000313143,2011-10-01,2011-11-03T23:59:59-04:00,24981455,dei:EntityCommonStockSharesOutstanding,10-Q,0000950123-11-094857,2011-11-03,94,A,https://data.sec.gov/api/xbrl/companyconcept/CIK0000313143/dei/EntityCommonStockSharesOutstanding.json#accn=0000950123-11-094857,RESOLVED,,1
472,HON,2012-01-03,2012-01-03T15:23:00-05:00,0000773840,2011-09-30,2011-10-21T23:59:59-04:00,773497365,dei:EntityCommonStockSharesOutstanding,10-Q,0000930413-11-006765,2011-10-21,95,A,https://data.sec.gov/api/xbrl/companyconcept/CIK0000773840/dei/EntityCommonStockSharesOutstanding.json#accn=0000930413-11-006765,RESOLVED,,1
473,IBKC,2012-01-03,2012-01-03T13:23:00-05:00,0000933141,2011-11-04,2011-11-09T23:59:59-05:00,29355092,dei:EntityCommonStockSharesOutstanding,10-Q,0001193125-11-304318,2011-11-09,60,A,https://data.sec.gov/api/xbrl/companyconcept/CIK0000933141/dei/EntityCommonStockSharesOutstanding.json#accn=0001193125-11-304318,RESOLVED,,1
474,IDXX,2012-01-03,2012-01-03T13:17:00-05:00,0000874716,2011-10-14,2011-10-21T23:59:59-04:00,56148671,dei:EntityCommonStockSharesOutstanding,10-Q,0001144204-11-058861,2011-10-21,81,A,https://data.sec.gov/api/xbrl/companyconcept/CIK0000874716/dei/EntityCommonStockSharesOutstanding.json#accn=0001144204-11-058861,RESOLVED,,1
475,IGT,2012-01-03,2012-01-03T15:01:00-05:00,0000353944,2011-11-28,2011-11-30T23:59:59-05:00,297600000,dei:EntityCommonStockSharesOutstanding,10-K,0001437749-11-009067,2011-11-30,36,A,https://data.sec.gov/api/xbrl/companyconcept/CIK0000353944/dei/EntityCommonStockSharesOutstanding.json#accn=0001437749-11-009067,RESOLVED,,1
476,ISSI,2012-01-03,2012-01-03T14:21:00-05:00,0000854701,2011-12-09,2011-12-14T23:59:59-05:00,26339358,dei:EntityCommonStockSharesOutstanding,10-K,0001445305-11-003586,2011-12-14,25,A,https://data.sec.gov/api/xbrl/companyconcept/CIK0000854701/dei/EntityCommonStockSharesOutstanding.json#accn=0001445305-11-003586,RESOLVED,,1
477,MDP,2012-01-03,2012-01-03T14:09:00-05:00,0000065011,2011-09-30,2011-10-26T23:59:59-04:00,44967123,sec_cover_page,10-Q,0000065011-11-000086,2011-10-26,95,A,https://www.sec.gov/Archives/edgar/data/65011/000006501111000086/fy12q1sept10-q.htm,RESOLVED,,1
478,MSCC,2012-01-03,2012-01-03T14:21:00-05:00,0000310568,2011-11-14,2011-11-23T23:59:59-05:00,86851848,dei:EntityCommonStockSharesOutstanding,10-K,0001193125-11-320952,2011-11-23,50,A,https://data.sec.gov/api/xbrl/companyconcept/CIK0000310568/dei/EntityCommonStockSharesOutstanding.json#accn=0001193125-11-320952,RESOLVED,,1
479,MUSA,2012-01-03,2012-01-03T11:51:00-05:00,0001362491,2011-11-14,2011-11-14T23:59:59-05:00,37058507,dei:EntityCommonStockSharesOutstanding,10-Q,0001193125-11-310967,2011-11-14,50,A,https://data.sec.gov/api/xbrl/companyconcept/CIK0001362491/dei/EntityCommonStockSharesOutstanding.json#accn=0001193125-11-310967,RESOLVED,,1
480,MXIM,2012-01-03,2012-01-03T11:14:00-05:00,0000743316,2011-10-14,2011-10-26T23:59:59-04:00,291713630,dei:EntityCommonStockSharesOutstanding,10-Q,0001445305-11-003070,2011-10-26,81,A,https://data.sec.gov/api/xbrl/companyconcept/CIK0000743316/dei/EntityCommonStockSharesOutstanding.json#accn=0001445305-11-003070,RESOLVED,,1
481,NVR,2012-01-03,2012-01-03T15:26:00-05:00,0000906163,2011-10-25,2011-10-28T23:59:59-04:00,4976408,dei:EntityCommonStockSharesOutstanding,10-Q,0001193125-11-286412,2011-10-28,70,A,https://data.sec.gov/api/xbrl/companyconcept/CIK0000906163/dei/EntityCommonStockSharesOutstanding.json#accn=0001193125-11-286412,RESOLVED,,1
482,RES,2012-01-03,2012-01-03T14:50:00-05:00,0000742278,2011-10-20,2011-11-03T23:59:59-04:00,148313708,dei:EntityCommonStockSharesOutstanding,10-Q,0001188112-11-003049,2011-11-03,75,A,https://data.sec.gov/api/xbrl/companyconcept/CIK0000742278/dei/EntityCommonStockSharesOutstanding.json#accn=0001188112-11-003049,RESOLVED,,1
483,ROL,2012-01-03,2012-01-03T09:44:00-05:00,0000084839,2011-10-15,2011-10-28T23:59:59-04:00,146291631,dei:EntityCommonStockSharesOutstanding,10-Q,0001104659-11-058676,2011-10-28,80,A,https://data.sec.gov/api/xbrl/companyconcept/CIK0000084839/dei/EntityCommonStockSharesOutstanding.json#accn=0001104659-11-058676,RESOLVED,,1
484,SYMM,2012-01-03,2012-01-03T14:24:00-05:00,0000082628,2011-10-30,2011-11-10T23:59:59-05:00,42729345,dei:EntityCommonStockSharesOutstanding,10-Q,0001193125-11-307199,2011-11-10,65,A,https://data.sec.gov/api/xbrl/companyconcept/CIK0000082628/dei/EntityCommonStockSharesOutstanding.json#accn=0001193125-11-307199,RESOLVED,,1
485,VAR,2012-01-03,2012-01-03T12:16:00-05:00,0000203527,2011-11-15,2011-11-23T23:59:59-05:00,112557988,dei:EntityCommonStockSharesOutstanding,10-K,0001193125-11-321337,2011-11-23,49,A,https://data.sec.gov/api/xbrl/companyconcept/CIK0000203527/dei/EntityCommonStockSharesOutstanding.json#accn=0001193125-11-321337,RESOLVED,,1
486,WRLD,2012-01-03,2012-01-03T15:23:00-05:00,0000108385,2011-09-30,2011-11-01T23:59:59-04:00,14642565,dei:EntityCommonStockSharesOutstanding,10-Q,0001140361-11-051060,2011-11-01,95,A,https://data.sec.gov/api/xbrl/companyconcept/CIK0000108385/dei/EntityCommonStockSharesOutstanding.json#accn=0001140361-11-051060,RESOLVED,,1
487,AF,2012-01-04,2012-01-04T14:48:00-05:00,0000910322,2011-10-27,2011-11-04T23:59:59-04:00,98537391,dei:EntityCommonStockSharesOutstanding,10-Q,0001144204-11-061380,2011-11-04,69,A,https://data.sec.gov/api/xbrl/companyconcept/CIK0000910322/dei/EntityCommonStockSharesOutstanding.json#accn=0001144204-11-061380,RESOLVED,,1
488,BA,2012-01-04,2012-01-04T14:49:00-05:00,0000012927,2011-10-19,2011-10-26T23:59:59-04:00,743234446,dei:EntityCommonStockSharesOutstanding,10-Q,0001193125-11-281613,2011-10-26,77,A,https://data.sec.gov/api/xbrl/companyconcept/CIK0000012927/dei/EntityCommonStockSharesOutstanding.json#accn=0001193125-11-281613,RESOLVED,,1
489,CA,2012-01-04,2012-01-04T13:02:00-05:00,0000356028,2011-10-20,2011-10-27T23:59:59-04:00,493391769,dei:EntityCommonStockSharesOutstanding,10-Q,0000950123-11-092486,2011-10-27,76,A,https://data.sec.gov/api/xbrl/companyconcept/CIK0000356028/dei/EntityCommonStockSharesOutstanding.json#accn=0000950123-11-092486,RESOLVED,,1
490,CAT,2012-01-04,2012-01-04T14:05:00-05:00,0000018230,2011-09-30,2011-11-04T23:59:59-04:00,646620369,dei:EntityCommonStockSharesOutstanding,10-Q,0001104659-11-060986,2011-11-04,96,A,https://data.sec.gov/api/xbrl/companyconcept/CIK0000018230/dei/EntityCommonStockSharesOutstanding.json#accn=0001104659-11-060986,RESOLVED,,1
491,CB,2012-01-04,2012-01-04T11:47:00-05:00,0000020171,2011-09-30,2011-11-07T23:59:59-05:00,278071725,dei:EntityCommonStockSharesOutstanding,10-Q,0000950123-11-095953,2011-11-07,96,A,https://data.sec.gov/api/xbrl/companyconcept/CIK0000020171/dei/EntityCommonStockSharesOutstanding.json#accn=0000950123-11-095953,RESOLVED,,1
492,DEST,2012-01-04,2012-01-04T15:04:00-05:00,0000896985,2011-12-05,2011-12-14T23:59:59-05:00,13275477,sec_cover_page,10-K,0001193125-11-340461,2011-12-14,30,A,https://www.sec.gov/Archives/edgar/data/896985/000119312511340461/d256814d10k.htm,RESOLVED,,1
493,HAE,2012-01-04,2012-01-04T15:25:00-05:00,0000313143,2011-10-01,2011-11-03T23:59:59-04:00,24981455,dei:EntityCommonStockSharesOutstanding,10-Q,0000950123-11-094857,2011-11-03,95,A,https://data.sec.gov/api/xbrl/companyconcept/CIK0000313143/dei/EntityCommonStockSharesOutstanding.json#accn=0000950123-11-094857,RESOLVED,,1
494,HON,2012-01-04,2012-01-04T15:23:00-05:00,0000773840,2011-09-30,2011-10-21T23:59:59-04:00,773497365,dei:EntityCommonStockSharesOutstanding,10-Q,0000930413-11-006765,2011-10-21,96,A,https://data.sec.gov/api/xbrl/companyconcept/CIK0000773840/dei/EntityCommonStockSharesOutstanding.json#accn=0000930413-11-006765,RESOLVED,,1
495,IBKC,2012-01-04,2012-01-04T13:23:00-05:00,0000933141,2011-11-04,2011-11-09T23:59:59-05:00,29355092,dei:EntityCommonStockSharesOutstanding,10-Q,0001193125-11-304318,2011-11-09,61,A,https://data.sec.gov/api/xbrl/companyconcept/CIK0000933141/dei/EntityCommonStockSharesOutstanding.json#accn=0001193125-11-304318,RESOLVED,,1
496,IDXX,2012-01-04,2012-01-04T13:17:00-05:00,0000874716,2011-10-14,2011-10-21T23:59:59-04:00,56148671,dei:EntityCommonStockSharesOutstanding,10-Q,0001144204-11-058861,2011-10-21,82,A,https://data.sec.gov/api/xbrl/companyconcept/CIK0000874716/dei/EntityCommonStockSharesOutstanding.json#accn=0001144204-11-058861,RESOLVED,,1
497,IGT,2012-01-04,2012-01-04T15:01:00-05:00,0000353944,2011-11-28,2011-11-30T23:59:59-05:00,297600000,dei:EntityCommonStockSharesOutstanding,10-K,0001437749-11-009067,2011-11-30,37,A,https://data.sec.gov/api/xbrl/companyconcept/CIK0000353944/dei/EntityCommonStockSharesOutstanding.json#accn=0001437749-11-009067,RESOLVED,,1
498,ISSI,2012-01-04,2012-01-04T14:21:00-05:00,0000854701,2011-12-09,2011-12-14T23:59:59-05:00,26339358,dei:EntityCommonStockSharesOutstanding,10-K,0001445305-11-003586,2011-12-14,26,A,https://data.sec.gov/api/xbrl/companyconcept/CIK0000854701/dei/EntityCommonStockSharesOutstanding.json#accn=0001445305-11-003586,RESOLVED,,1
499,MDP,2012-01-04,2012-01-04T14:09:00-05:00,0000065011,2011-09-30,2011-10-26T23:59:59-04:00,44967123,sec_cover_page,10-Q,0000065011-11-000086,2011-10-26,96,A,https://www.sec.gov/Archives/edgar/data/65011/000006501111000086/fy12q1sept10-q.htm,RESOLVED,,1
500,MSCC,2012-01-04,2012-01-04T14:21:00-05:00,0000310568,2011-11-14,2011-11-23T23:59:59-05:00,86851848,dei:EntityCommonStockSharesOutstanding,10-K,0001193125-11-320952,2011-11-23,51,A,https://data.sec.gov/api/xbrl/companyconcept/CIK0000310568/dei/EntityCommonStockSharesOutstanding.json#accn=0001193125-11-320952,RESOLVED,,1
