event_id,permno,gvkey,historical_symbol,first_trade_ts_local,first_trade_ts_utc,event_trade_date,event_session_open_local,event_session_close_local,event_window_start_local,event_window_end_local,event_window_minute_count,posthoc_quote_end_local,posthoc_5m_incomplete_panel_minutes,baseline_required_sessions,baseline_scan_sessions,baseline_first_date,baseline_last_date,baseline_dates,announcement_timestamp_status,itch_requirement,options_requirement,shares_outstanding_requirement,matched_control_status,research_use_only
HEJFE-8D40B9782E1E6F33,10145,1300,HON,2012-01-26T15:53:00-05:00,2012-01-26T20:53:00Z,2012-01-26,2012-01-26T09:30:00-05:00,2012-01-26T16:00:00-05:00,2012-01-26T15:23:00-05:00,2012-01-26T16:00:00-05:00,38,2012-01-26T16:00:00-05:00,5,21,21,2011-12-23,2012-01-25,2011-12-23;2011-12-27;2011-12-28;2011-12-29;2011-12-30;2012-01-03;2012-01-04;2012-01-05;2012-01-06;2012-01-09;2012-01-10;2012-01-11;2012-01-12;2012-01-13;2012-01-17;2012-01-18;2012-01-19;2012-01-20;2012-01-23;2012-01-24;2012-01-25,missing_authorized_exact_timestamp,conditional_on_point_in_time_nasdaq_listing,required_for_full_replication_optional_for_equity_only_core,point_in_time_series_required_for_turnover,pending_real_same_day_candidate_universe,1
HEJFE-D346C6CFDFB6E581,10606,12445,WTS,2015-02-17T14:19:00-05:00,2015-02-17T19:19:00Z,2015-02-17,2015-02-17T09:30:00-05:00,2015-02-17T16:00:00-05:00,2015-02-17T13:49:00-05:00,2015-02-17T14:49:00-05:00,61,2015-02-17T14:54:00-05:00,0,21,21,2015-01-15,2015-02-13,2015-01-15;2015-01-16;2015-01-20;2015-01-21;2015-01-22;2015-01-23;2015-01-26;2015-01-27;2015-01-28;2015-01-29;2015-01-30;2015-02-02;2015-02-03;2015-02-04;2015-02-05;2015-02-06;2015-02-09;2015-02-10;2015-02-11;2015-02-12;2015-02-13,missing_authorized_exact_timestamp,conditional_on_point_in_time_nasdaq_listing,required_for_full_replication_optional_for_equity_only_core,point_in_time_series_required_for_turnover,pending_real_same_day_candidate_universe,1
HEJFE-A413A5AC6E515E3C,11547,13623,CNMD,2011-04-27T15:22:00-04:00,2011-04-27T19:22:00Z,2011-04-27,2011-04-27T09:30:00-04:00,2011-04-27T16:00:00-04:00,2011-04-27T14:52:00-04:00,2011-04-27T15:52:00-04:00,61,2011-04-27T15:57:00-04:00,0,21,21,2011-03-28,2011-04-26,2011-03-28;2011-03-29;2011-03-30;2011-03-31;2011-04-01;2011-04-04;2011-04-05;2011-04-06;2011-04-07;2011-04-08;2011-04-11;2011-04-12;2011-04-13;2011-04-14;2011-04-15;2011-04-18;2011-04-19;2011-04-20;2011-04-21;2011-04-25;2011-04-26,missing_authorized_exact_timestamp,conditional_on_point_in_time_nasdaq_listing,required_for_full_replication_optional_for_equity_only_core,point_in_time_series_required_for_turnover,pending_real_same_day_candidate_universe,1
HEJFE-AC78A2434E4AE8FB,11599,14182,ACO,2013-04-25T14:40:00-04:00,2013-04-25T18:40:00Z,2013-04-25,2013-04-25T09:30:00-04:00,2013-04-25T16:00:00-04:00,2013-04-25T14:10:00-04:00,2013-04-25T15:10:00-04:00,61,2013-04-25T15:15:00-04:00,0,21,21,2013-03-26,2013-04-24,2013-03-26;2013-03-27;2013-03-28;2013-04-01;2013-04-02;2013-04-03;2013-04-04;2013-04-05;2013-04-08;2013-04-09;2013-04-10;2013-04-11;2013-04-12;2013-04-15;2013-04-16;2013-04-17;2013-04-18;2013-04-19;2013-04-22;2013-04-23;2013-04-24,missing_authorized_exact_timestamp,conditional_on_point_in_time_nasdaq_listing,required_for_full_replication_optional_for_equity_only_core,point_in_time_series_required_for_turnover,pending_real_same_day_candidate_universe,1
HEJFE-EDFDC1213C9AF586,11896,14256,MXIM,2012-01-26T11:44:00-05:00,2012-01-26T16:44:00Z,2012-01-26,2012-01-26T09:30:00-05:00,2012-01-26T16:00:00-05:00,2012-01-26T11:14:00-05:00,2012-01-26T12:14:00-05:00,61,2012-01-26T12:19:00-05:00,0,21,21,2011-12-23,2012-01-25,2011-12-23;2011-12-27;2011-12-28;2011-12-29;2011-12-30;2012-01-03;2012-01-04;2012-01-05;2012-01-06;2012-01-09;2012-01-10;2012-01-11;2012-01-12;2012-01-13;2012-01-17;2012-01-18;2012-01-19;2012-01-20;2012-01-23;2012-01-24;2012-01-25,missing_authorized_exact_timestamp,conditional_on_point_in_time_nasdaq_listing,required_for_full_replication_optional_for_equity_only_core,point_in_time_series_required_for_turnover,pending_real_same_day_candidate_universe,1
HEJFE-4080E04F012A7290,12026,184603,QLIK,2015-02-12T15:39:00-05:00,2015-02-12T20:39:00Z,2015-02-12,2015-02-12T09:30:00-05:00,2015-02-12T16:00:00-05:00,2015-02-12T15:09:00-05:00,2015-02-12T16:00:00-05:00,52,2015-02-12T16:00:00-05:00,5,21,21,2015-01-13,2015-02-11,2015-01-13;2015-01-14;2015-01-15;2015-01-16;2015-01-20;2015-01-21;2015-01-22;2015-01-23;2015-01-26;2015-01-27;2015-01-28;2015-01-29;2015-01-30;2015-02-02;2015-02-03;2015-02-04;2015-02-05;2015-02-06;2015-02-09;2015-02-10;2015-02-11,missing_authorized_exact_timestamp,conditional_on_point_in_time_nasdaq_listing,required_for_full_replication_optional_for_equity_only_core,point_in_time_series_required_for_turnover,pending_real_same_day_candidate_universe,1
HEJFE-D7BD84C255F2273D,12049,175503,GORO,2013-05-08T15:58:00-04:00,2013-05-08T19:58:00Z,2013-05-08,2013-05-08T09:30:00-04:00,2013-05-08T16:00:00-04:00,2013-05-08T15:28:00-04:00,2013-05-08T16:00:00-04:00,33,2013-05-08T16:00:00-04:00,5,21,21,2013-04-09,2013-05-07,2013-04-09;2013-04-10;2013-04-11;2013-04-12;2013-04-15;2013-04-16;2013-04-17;2013-04-18;2013-04-19;2013-04-22;2013-04-23;2013-04-24;2013-04-25;2013-04-26;2013-04-29;2013-04-30;2013-05-01;2013-05-02;2013-05-03;2013-05-06;2013-05-07,missing_authorized_exact_timestamp,conditional_on_point_in_time_nasdaq_listing,required_for_full_replication_optional_for_equity_only_core,point_in_time_series_required_for_turnover,pending_real_same_day_candidate_universe,1
HEJFE-AF58BD8CAE4E8D1C,12449,184700,FLT,2015-04-30T15:28:00-04:00,2015-04-30T19:28:00Z,2015-04-30,2015-04-30T09:30:00-04:00,2015-04-30T16:00:00-04:00,2015-04-30T14:58:00-04:00,2015-04-30T15:58:00-04:00,61,2015-04-30T16:00:00-04:00,3,21,21,2015-03-31,2015-04-29,2015-03-31;2015-04-01;2015-04-02;2015-04-06;2015-04-07;2015-04-08;2015-04-09;2015-04-10;2015-04-13;2015-04-14;2015-04-15;2015-04-16;2015-04-17;2015-04-20;2015-04-21;2015-04-22;2015-04-23;2015-04-24;2015-04-27;2015-04-28;2015-04-29,missing_authorized_exact_timestamp,conditional_on_point_in_time_nasdaq_listing,required_for_full_replication_optional_for_equity_only_core,point_in_time_series_required_for_turnover,pending_real_same_day_candidate_universe,1
HEJFE-5E9AD5C9AD67944D,12639,185646,CSOD,2015-05-06T15:29:00-04:00,2015-05-06T19:29:00Z,2015-05-06,2015-05-06T09:30:00-04:00,2015-05-06T16:00:00-04:00,2015-05-06T14:59:00-04:00,2015-05-06T15:59:00-04:00,61,2015-05-06T16:00:00-04:00,4,21,21,2015-04-07,2015-05-05,2015-04-07;2015-04-08;2015-04-09;2015-04-10;2015-04-13;2015-04-14;2015-04-15;2015-04-16;2015-04-17;2015-04-20;2015-04-21;2015-04-22;2015-04-23;2015-04-24;2015-04-27;2015-04-28;2015-04-29;2015-04-30;2015-05-01;2015-05-04;2015-05-05,missing_authorized_exact_timestamp,conditional_on_point_in_time_nasdaq_listing,required_for_full_replication_optional_for_equity_only_core,point_in_time_series_required_for_turnover,pending_real_same_day_candidate_universe,1
HEJFE-12CC8075D3F634CD,12758,1439,ECOL,2013-04-24T15:07:00-04:00,2013-04-24T19:07:00Z,2013-04-24,2013-04-24T09:30:00-04:00,2013-04-24T16:00:00-04:00,2013-04-24T14:37:00-04:00,2013-04-24T15:37:00-04:00,61,2013-04-24T15:42:00-04:00,0,21,21,2013-03-25,2013-04-23,2013-03-25;2013-03-26;2013-03-27;2013-03-28;2013-04-01;2013-04-02;2013-04-03;2013-04-04;2013-04-05;2013-04-08;2013-04-09;2013-04-10;2013-04-11;2013-04-12;2013-04-15;2013-04-16;2013-04-17;2013-04-18;2013-04-19;2013-04-22;2013-04-23,missing_authorized_exact_timestamp,conditional_on_point_in_time_nasdaq_listing,required_for_full_replication_optional_for_equity_only_core,point_in_time_series_required_for_turnover,pending_real_same_day_candidate_universe,1
HEJFE-847F0EFE669B2440,12873,186520,P,2015-02-05T15:59:00-05:00,2015-02-05T20:59:00Z,2015-02-05,2015-02-05T09:30:00-05:00,2015-02-05T16:00:00-05:00,2015-02-05T15:29:00-05:00,2015-02-05T16:00:00-05:00,32,2015-02-05T16:00:00-05:00,5,21,21,2015-01-06,2015-02-04,2015-01-06;2015-01-07;2015-01-08;2015-01-09;2015-01-12;2015-01-13;2015-01-14;2015-01-15;2015-01-16;2015-01-20;2015-01-21;2015-01-22;2015-01-23;2015-01-26;2015-01-27;2015-01-28;2015-01-29;2015-01-30;2015-02-02;2015-02-03;2015-02-04,missing_authorized_exact_timestamp,conditional_on_point_in_time_nasdaq_listing,required_for_full_replication_optional_for_equity_only_core,point_in_time_series_required_for_turnover,pending_real_same_day_candidate_universe,1
HEJFE-AF5106891E058D23,12924,184715,TNGO,2015-02-12T15:10:00-05:00,2015-02-12T20:10:00Z,2015-02-12,2015-02-12T09:30:00-05:00,2015-02-12T16:00:00-05:00,2015-02-12T14:40:00-05:00,2015-02-12T15:40:00-05:00,61,2015-02-12T15:45:00-05:00,0,21,21,2015-01-13,2015-02-11,2015-01-13;2015-01-14;2015-01-15;2015-01-16;2015-01-20;2015-01-21;2015-01-22;2015-01-23;2015-01-26;2015-01-27;2015-01-28;2015-01-29;2015-01-30;2015-02-02;2015-02-03;2015-02-04;2015-02-05;2015-02-06;2015-02-09;2015-02-10;2015-02-11,missing_authorized_exact_timestamp,conditional_on_point_in_time_nasdaq_listing,required_for_full_replication_optional_for_equity_only_core,point_in_time_series_required_for_turnover,pending_real_same_day_candidate_universe,1
HEJFE-6F0A7632D9B4FFF6,13105,192255,ACHC,2015-04-28T14:35:00-04:00,2015-04-28T18:35:00Z,2015-04-28,2015-04-28T09:30:00-04:00,2015-04-28T16:00:00-04:00,2015-04-28T14:05:00-04:00,2015-04-28T15:05:00-04:00,61,2015-04-28T15:10:00-04:00,0,21,21,2015-03-27,2015-04-27,2015-03-27;2015-03-30;2015-03-31;2015-04-01;2015-04-02;2015-04-06;2015-04-07;2015-04-08;2015-04-09;2015-04-10;2015-04-13;2015-04-14;2015-04-15;2015-04-16;2015-04-17;2015-04-20;2015-04-21;2015-04-22;2015-04-23;2015-04-24;2015-04-27,missing_authorized_exact_timestamp,conditional_on_point_in_time_nasdaq_listing,required_for_full_replication_optional_for_equity_only_core,point_in_time_series_required_for_turnover,pending_real_same_day_candidate_universe,1
HEJFE-05DE1473D5D7F7FB,13110,161036,MFRM,2015-03-19T15:55:00-04:00,2015-03-19T19:55:00Z,2015-03-19,2015-03-19T09:30:00-04:00,2015-03-19T16:00:00-04:00,2015-03-19T15:25:00-04:00,2015-03-19T16:00:00-04:00,36,2015-03-19T16:00:00-04:00,5,21,21,2015-02-18,2015-03-18,2015-02-18;2015-02-19;2015-02-20;2015-02-23;2015-02-24;2015-02-25;2015-02-26;2015-02-27;2015-03-02;2015-03-03;2015-03-04;2015-03-05;2015-03-06;2015-03-09;2015-03-10;2015-03-11;2015-03-12;2015-03-13;2015-03-16;2015-03-17;2015-03-18,missing_authorized_exact_timestamp,conditional_on_point_in_time_nasdaq_listing,required_for_full_replication_optional_for_equity_only_core,point_in_time_series_required_for_turnover,pending_real_same_day_candidate_universe,1
HEJFE-87DDC59E7BB99A84,13284,177966,ALSN,2015-04-27T15:17:00-04:00,2015-04-27T19:17:00Z,2015-04-27,2015-04-27T09:30:00-04:00,2015-04-27T16:00:00-04:00,2015-04-27T14:47:00-04:00,2015-04-27T15:47:00-04:00,61,2015-04-27T15:52:00-04:00,0,21,21,2015-03-26,2015-04-24,2015-03-26;2015-03-27;2015-03-30;2015-03-31;2015-04-01;2015-04-02;2015-04-06;2015-04-07;2015-04-08;2015-04-09;2015-04-10;2015-04-13;2015-04-14;2015-04-15;2015-04-16;2015-04-17;2015-04-20;2015-04-21;2015-04-22;2015-04-23;2015-04-24,missing_authorized_exact_timestamp,conditional_on_point_in_time_nasdaq_listing,required_for_full_replication_optional_for_equity_only_core,point_in_time_series_required_for_turnover,pending_real_same_day_candidate_universe,1
HEJFE-6C73B4B05384BC1E,13377,170335,PFPT,2013-04-25T15:00:00-04:00,2013-04-25T19:00:00Z,2013-04-25,2013-04-25T09:30:00-04:00,2013-04-25T16:00:00-04:00,2013-04-25T14:30:00-04:00,2013-04-25T15:30:00-04:00,61,2013-04-25T15:35:00-04:00,0,21,21,2013-03-26,2013-04-24,2013-03-26;2013-03-27;2013-03-28;2013-04-01;2013-04-02;2013-04-03;2013-04-04;2013-04-05;2013-04-08;2013-04-09;2013-04-10;2013-04-11;2013-04-12;2013-04-15;2013-04-16;2013-04-17;2013-04-18;2013-04-19;2013-04-22;2013-04-23;2013-04-24,missing_authorized_exact_timestamp,conditional_on_point_in_time_nasdaq_listing,required_for_full_replication_optional_for_equity_only_core,point_in_time_series_required_for_turnover,pending_real_same_day_candidate_universe,1
HEJFE-DC66D5F2BDEC7C74,13447,171007,NOW,2015-01-28T13:31:00-05:00,2015-01-28T18:31:00Z,2015-01-28,2015-01-28T09:30:00-05:00,2015-01-28T16:00:00-05:00,2015-01-28T13:01:00-05:00,2015-01-28T14:01:00-05:00,61,2015-01-28T14:06:00-05:00,0,21,21,2014-12-26,2015-01-27,2014-12-26;2014-12-29;2014-12-30;2014-12-31;2015-01-02;2015-01-05;2015-01-06;2015-01-07;2015-01-08;2015-01-09;2015-01-12;2015-01-13;2015-01-14;2015-01-15;2015-01-16;2015-01-20;2015-01-21;2015-01-22;2015-01-23;2015-01-26;2015-01-27,missing_authorized_exact_timestamp,conditional_on_point_in_time_nasdaq_listing,required_for_full_replication_optional_for_equity_only_core,point_in_time_series_required_for_turnover,pending_real_same_day_candidate_universe,1
HEJFE-47A3794D1C360650,13447,171007,NOW,2015-04-16T14:33:00-04:00,2015-04-16T18:33:00Z,2015-04-16,2015-04-16T09:30:00-04:00,2015-04-16T16:00:00-04:00,2015-04-16T14:03:00-04:00,2015-04-16T15:03:00-04:00,61,2015-04-16T15:08:00-04:00,0,21,21,2015-03-17,2015-04-15,2015-03-17;2015-03-18;2015-03-19;2015-03-20;2015-03-23;2015-03-24;2015-03-25;2015-03-26;2015-03-27;2015-03-30;2015-03-31;2015-04-01;2015-04-02;2015-04-06;2015-04-07;2015-04-08;2015-04-09;2015-04-10;2015-04-13;2015-04-14;2015-04-15,missing_authorized_exact_timestamp,conditional_on_point_in_time_nasdaq_listing,required_for_full_replication_optional_for_equity_only_core,point_in_time_series_required_for_turnover,pending_real_same_day_candidate_universe,1
HEJFE-9B84208BA575EAC4,13687,111873,RH,2015-03-26T15:41:00-04:00,2015-03-26T19:41:00Z,2015-03-26,2015-03-26T09:30:00-04:00,2015-03-26T16:00:00-04:00,2015-03-26T15:11:00-04:00,2015-03-26T16:00:00-04:00,50,2015-03-26T16:00:00-04:00,5,21,21,2015-02-25,2015-03-25,2015-02-25;2015-02-26;2015-02-27;2015-03-02;2015-03-03;2015-03-04;2015-03-05;2015-03-06;2015-03-09;2015-03-10;2015-03-11;2015-03-12;2015-03-13;2015-03-16;2015-03-17;2015-03-18;2015-03-19;2015-03-20;2015-03-23;2015-03-24;2015-03-25,missing_authorized_exact_timestamp,conditional_on_point_in_time_nasdaq_listing,required_for_full_replication_optional_for_equity_only_core,point_in_time_series_required_for_turnover,pending_real_same_day_candidate_universe,1
HEJFE-DF726FADF321F8E3,13936,8551,PVH,2015-03-25T15:18:00-04:00,2015-03-25T19:18:00Z,2015-03-25,2015-03-25T09:30:00-04:00,2015-03-25T16:00:00-04:00,2015-03-25T14:48:00-04:00,2015-03-25T15:48:00-04:00,61,2015-03-25T15:53:00-04:00,0,21,21,2015-02-24,2015-03-24,2015-02-24;2015-02-25;2015-02-26;2015-02-27;2015-03-02;2015-03-03;2015-03-04;2015-03-05;2015-03-06;2015-03-09;2015-03-10;2015-03-11;2015-03-12;2015-03-13;2015-03-16;2015-03-17;2015-03-18;2015-03-19;2015-03-20;2015-03-23;2015-03-24,missing_authorized_exact_timestamp,conditional_on_point_in_time_nasdaq_listing,required_for_full_replication_optional_for_equity_only_core,point_in_time_series_required_for_turnover,pending_real_same_day_candidate_universe,1
HEJFE-EBC49B9A024181AD,14231,18689,VEEV,2015-03-03T13:31:00-05:00,2015-03-03T18:31:00Z,2015-03-03,2015-03-03T09:30:00-05:00,2015-03-03T16:00:00-05:00,2015-03-03T13:01:00-05:00,2015-03-03T14:01:00-05:00,61,2015-03-03T14:06:00-05:00,0,21,21,2015-01-30,2015-03-02,2015-01-30;2015-02-02;2015-02-03;2015-02-04;2015-02-05;2015-02-06;2015-02-09;2015-02-10;2015-02-11;2015-02-12;2015-02-13;2015-02-17;2015-02-18;2015-02-19;2015-02-20;2015-02-23;2015-02-24;2015-02-25;2015-02-26;2015-02-27;2015-03-02,missing_authorized_exact_timestamp,conditional_on_point_in_time_nasdaq_listing,required_for_full_replication_optional_for_equity_only_core,point_in_time_series_required_for_turnover,pending_real_same_day_candidate_universe,1
HEJFE-1950A4340036BB95,15456,11584,FL,2011-08-18T15:43:00-04:00,2011-08-18T19:43:00Z,2011-08-18,2011-08-18T09:30:00-04:00,2011-08-18T16:00:00-04:00,2011-08-18T15:13:00-04:00,2011-08-18T16:00:00-04:00,48,2011-08-18T16:00:00-04:00,5,21,21,2011-07-20,2011-08-17,2011-07-20;2011-07-21;2011-07-22;2011-07-25;2011-07-26;2011-07-27;2011-07-28;2011-07-29;2011-08-01;2011-08-02;2011-08-03;2011-08-04;2011-08-05;2011-08-08;2011-08-09;2011-08-10;2011-08-11;2011-08-12;2011-08-15;2011-08-16;2011-08-17,missing_authorized_exact_timestamp,conditional_on_point_in_time_nasdaq_listing,required_for_full_replication_optional_for_equity_only_core,point_in_time_series_required_for_turnover,pending_real_same_day_candidate_universe,1
HEJFE-B704E62641681A73,16432,5234,GT,2011-07-27T15:59:00-04:00,2011-07-27T19:59:00Z,2011-07-27,2011-07-27T09:30:00-04:00,2011-07-27T16:00:00-04:00,2011-07-27T15:29:00-04:00,2011-07-27T16:00:00-04:00,32,2011-07-27T16:00:00-04:00,5,21,21,2011-06-27,2011-07-26,2011-06-27;2011-06-28;2011-06-29;2011-06-30;2011-07-01;2011-07-05;2011-07-06;2011-07-07;2011-07-08;2011-07-11;2011-07-12;2011-07-13;2011-07-14;2011-07-15;2011-07-18;2011-07-19;2011-07-20;2011-07-21;2011-07-22;2011-07-25;2011-07-26,missing_authorized_exact_timestamp,conditional_on_point_in_time_nasdaq_listing,required_for_full_replication_optional_for_equity_only_core,point_in_time_series_required_for_turnover,pending_real_same_day_candidate_universe,1
HEJFE-95933AA0B84D2F60,18542,2817,CAT,2012-01-25T14:35:00-05:00,2012-01-25T19:35:00Z,2012-01-25,2012-01-25T09:30:00-05:00,2012-01-25T16:00:00-05:00,2012-01-25T14:05:00-05:00,2012-01-25T15:05:00-05:00,61,2012-01-25T15:10:00-05:00,0,21,21,2011-12-22,2012-01-24,2011-12-22;2011-12-23;2011-12-27;2011-12-28;2011-12-29;2011-12-30;2012-01-03;2012-01-04;2012-01-05;2012-01-06;2012-01-09;2012-01-10;2012-01-11;2012-01-12;2012-01-13;2012-01-17;2012-01-18;2012-01-19;2012-01-20;2012-01-23;2012-01-24,missing_authorized_exact_timestamp,conditional_on_point_in_time_nasdaq_listing,required_for_full_replication_optional_for_equity_only_core,point_in_time_series_required_for_turnover,pending_real_same_day_candidate_universe,1
HEJFE-A9D220DE2F7E7FC3,19350,3835,DE,2015-02-19T15:40:00-05:00,2015-02-19T20:40:00Z,2015-02-19,2015-02-19T09:30:00-05:00,2015-02-19T16:00:00-05:00,2015-02-19T15:10:00-05:00,2015-02-19T16:00:00-05:00,51,2015-02-19T16:00:00-05:00,5,21,21,2015-01-20,2015-02-18,2015-01-20;2015-01-21;2015-01-22;2015-01-23;2015-01-26;2015-01-27;2015-01-28;2015-01-29;2015-01-30;2015-02-02;2015-02-03;2015-02-04;2015-02-05;2015-02-06;2015-02-09;2015-02-10;2015-02-11;2015-02-12;2015-02-13;2015-02-17;2015-02-18,missing_authorized_exact_timestamp,conditional_on_point_in_time_nasdaq_listing,required_for_full_replication_optional_for_equity_only_core,point_in_time_series_required_for_turnover,pending_real_same_day_candidate_universe,1
HEJFE-45E6DA32B37F83D4,19561,2285,BA,2012-01-24T15:19:00-05:00,2012-01-24T20:19:00Z,2012-01-24,2012-01-24T09:30:00-05:00,2012-01-24T16:00:00-05:00,2012-01-24T14:49:00-05:00,2012-01-24T15:49:00-05:00,61,2012-01-24T15:54:00-05:00,0,21,21,2011-12-21,2012-01-23,2011-12-21;2011-12-22;2011-12-23;2011-12-27;2011-12-28;2011-12-29;2011-12-30;2012-01-03;2012-01-04;2012-01-05;2012-01-06;2012-01-09;2012-01-10;2012-01-11;2012-01-12;2012-01-13;2012-01-17;2012-01-18;2012-01-19;2012-01-20;2012-01-23,missing_authorized_exact_timestamp,conditional_on_point_in_time_nasdaq_listing,required_for_full_replication_optional_for_equity_only_core,point_in_time_series_required_for_turnover,pending_real_same_day_candidate_universe,1
HEJFE-E1B57B6A71B06A7F,20204,3580,CR,2015-04-27T15:39:00-04:00,2015-04-27T19:39:00Z,2015-04-27,2015-04-27T09:30:00-04:00,2015-04-27T16:00:00-04:00,2015-04-27T15:09:00-04:00,2015-04-27T16:00:00-04:00,52,2015-04-27T16:00:00-04:00,5,21,21,2015-03-26,2015-04-24,2015-03-26;2015-03-27;2015-03-30;2015-03-31;2015-04-01;2015-04-02;2015-04-06;2015-04-07;2015-04-08;2015-04-09;2015-04-10;2015-04-13;2015-04-14;2015-04-15;2015-04-16;2015-04-17;2015-04-20;2015-04-21;2015-04-22;2015-04-23;2015-04-24,missing_authorized_exact_timestamp,conditional_on_point_in_time_nasdaq_listing,required_for_full_replication_optional_for_equity_only_core,point_in_time_series_required_for_turnover,pending_real_same_day_candidate_universe,1
HEJFE-B9C8B3D0EF3DCB5E,20512,2596,CACI,2015-04-29T14:54:00-04:00,2015-04-29T18:54:00Z,2015-04-29,2015-04-29T09:30:00-04:00,2015-04-29T16:00:00-04:00,2015-04-29T14:24:00-04:00,2015-04-29T15:24:00-04:00,61,2015-04-29T15:29:00-04:00,0,21,21,2015-03-30,2015-04-28,2015-03-30;2015-03-31;2015-04-01;2015-04-02;2015-04-06;2015-04-07;2015-04-08;2015-04-09;2015-04-10;2015-04-13;2015-04-14;2015-04-15;2015-04-16;2015-04-17;2015-04-20;2015-04-21;2015-04-22;2015-04-23;2015-04-24;2015-04-27;2015-04-28,missing_authorized_exact_timestamp,conditional_on_point_in_time_nasdaq_listing,required_for_full_replication_optional_for_equity_only_core,point_in_time_series_required_for_turnover,pending_real_same_day_candidate_universe,1
HEJFE-ED8CFC03F1053B9A,20670,2615,CAMP,2013-04-25T15:48:00-04:00,2013-04-25T19:48:00Z,2013-04-25,2013-04-25T09:30:00-04:00,2013-04-25T16:00:00-04:00,2013-04-25T15:18:00-04:00,2013-04-25T16:00:00-04:00,43,2013-04-25T16:00:00-04:00,5,21,21,2013-03-26,2013-04-24,2013-03-26;2013-03-27;2013-03-28;2013-04-01;2013-04-02;2013-04-03;2013-04-04;2013-04-05;2013-04-08;2013-04-09;2013-04-10;2013-04-11;2013-04-12;2013-04-15;2013-04-16;2013-04-17;2013-04-18;2013-04-19;2013-04-22;2013-04-23;2013-04-24,missing_authorized_exact_timestamp,conditional_on_point_in_time_nasdaq_listing,required_for_full_replication_optional_for_equity_only_core,point_in_time_series_required_for_turnover,pending_real_same_day_candidate_universe,1
HEJFE-B5A8A297D14CD19D,23579,10519,TXT,2015-04-27T15:34:00-04:00,2015-04-27T19:34:00Z,2015-04-27,2015-04-27T09:30:00-04:00,2015-04-27T16:00:00-04:00,2015-04-27T15:04:00-04:00,2015-04-27T16:00:00-04:00,57,2015-04-27T16:00:00-04:00,5,21,21,2015-03-26,2015-04-24,2015-03-26;2015-03-27;2015-03-30;2015-03-31;2015-04-01;2015-04-02;2015-04-06;2015-04-07;2015-04-08;2015-04-09;2015-04-10;2015-04-13;2015-04-14;2015-04-15;2015-04-16;2015-04-17;2015-04-20;2015-04-21;2015-04-22;2015-04-23;2015-04-24,missing_authorized_exact_timestamp,conditional_on_point_in_time_nasdaq_listing,required_for_full_replication_optional_for_equity_only_core,point_in_time_series_required_for_turnover,pending_real_same_day_candidate_universe,1
HEJFE-6101FFEDBA6EE41B,23835,6867,MDU,2015-02-02T14:47:00-05:00,2015-02-02T19:47:00Z,2015-02-02,2015-02-02T09:30:00-05:00,2015-02-02T16:00:00-05:00,2015-02-02T14:17:00-05:00,2015-02-02T15:17:00-05:00,61,2015-02-02T15:22:00-05:00,0,21,21,2014-12-31,2015-01-30,2014-12-31;2015-01-02;2015-01-05;2015-01-06;2015-01-07;2015-01-08;2015-01-09;2015-01-12;2015-01-13;2015-01-14;2015-01-15;2015-01-16;2015-01-20;2015-01-21;2015-01-22;2015-01-23;2015-01-26;2015-01-27;2015-01-28;2015-01-29;2015-01-30,missing_authorized_exact_timestamp,conditional_on_point_in_time_nasdaq_listing,required_for_full_replication_optional_for_equity_only_core,point_in_time_series_required_for_turnover,pending_real_same_day_candidate_universe,1
HEJFE-977FEBE8CA3CFCB6,23835,6867,MDU,2015-05-04T15:57:00-04:00,2015-05-04T19:57:00Z,2015-05-04,2015-05-04T09:30:00-04:00,2015-05-04T16:00:00-04:00,2015-05-04T15:27:00-04:00,2015-05-04T16:00:00-04:00,34,2015-05-04T16:00:00-04:00,5,21,21,2015-04-02,2015-05-01,2015-04-02;2015-04-06;2015-04-07;2015-04-08;2015-04-09;2015-04-10;2015-04-13;2015-04-14;2015-04-15;2015-04-16;2015-04-17;2015-04-20;2015-04-21;2015-04-22;2015-04-23;2015-04-24;2015-04-27;2015-04-28;2015-04-29;2015-04-30;2015-05-01,missing_authorized_exact_timestamp,conditional_on_point_in_time_nasdaq_listing,required_for_full_replication_optional_for_equity_only_core,point_in_time_series_required_for_turnover,pending_real_same_day_candidate_universe,1
HEJFE-4291CBF555CED6A9,24459,8606,PBI,2015-04-29T14:47:00-04:00,2015-04-29T18:47:00Z,2015-04-29,2015-04-29T09:30:00-04:00,2015-04-29T16:00:00-04:00,2015-04-29T14:17:00-04:00,2015-04-29T15:17:00-04:00,61,2015-04-29T15:22:00-04:00,0,21,21,2015-03-30,2015-04-28,2015-03-30;2015-03-31;2015-04-01;2015-04-02;2015-04-06;2015-04-07;2015-04-08;2015-04-09;2015-04-10;2015-04-13;2015-04-14;2015-04-15;2015-04-16;2015-04-17;2015-04-20;2015-04-21;2015-04-22;2015-04-23;2015-04-24;2015-04-27;2015-04-28,missing_authorized_exact_timestamp,conditional_on_point_in_time_nasdaq_listing,required_for_full_replication_optional_for_equity_only_core,point_in_time_series_required_for_turnover,pending_real_same_day_candidate_universe,1
HEJFE-76B03970FA6BDB42,24969,11304,AVA,2013-02-19T15:46:00-05:00,2013-02-19T20:46:00Z,2013-02-19,2013-02-19T09:30:00-05:00,2013-02-19T16:00:00-05:00,2013-02-19T15:16:00-05:00,2013-02-19T16:00:00-05:00,45,2013-02-19T16:00:00-05:00,5,21,21,2013-01-17,2013-02-15,2013-01-17;2013-01-18;2013-01-22;2013-01-23;2013-01-24;2013-01-25;2013-01-28;2013-01-29;2013-01-30;2013-01-31;2013-02-01;2013-02-04;2013-02-05;2013-02-06;2013-02-07;2013-02-08;2013-02-11;2013-02-12;2013-02-13;2013-02-14;2013-02-15,missing_authorized_exact_timestamp,conditional_on_point_in_time_nasdaq_listing,required_for_full_replication_optional_for_equity_only_core,point_in_time_series_required_for_turnover,pending_real_same_day_candidate_universe,1
HEJFE-376286473ECFECB4,25778,3310,CA,2011-07-20T15:46:00-04:00,2011-07-20T19:46:00Z,2011-07-20,2011-07-20T09:30:00-04:00,2011-07-20T16:00:00-04:00,2011-07-20T15:16:00-04:00,2011-07-20T16:00:00-04:00,45,2011-07-20T16:00:00-04:00,5,21,21,2011-06-20,2011-07-19,2011-06-20;2011-06-21;2011-06-22;2011-06-23;2011-06-24;2011-06-27;2011-06-28;2011-06-29;2011-06-30;2011-07-01;2011-07-05;2011-07-06;2011-07-07;2011-07-08;2011-07-11;2011-07-12;2011-07-13;2011-07-14;2011-07-15;2011-07-18;2011-07-19,missing_authorized_exact_timestamp,conditional_on_point_in_time_nasdaq_listing,required_for_full_replication_optional_for_equity_only_core,point_in_time_series_required_for_turnover,pending_real_same_day_candidate_universe,1
HEJFE-2D81C70F59E076BA,25778,3310,CA,2012-01-24T13:32:00-05:00,2012-01-24T18:32:00Z,2012-01-24,2012-01-24T09:30:00-05:00,2012-01-24T16:00:00-05:00,2012-01-24T13:02:00-05:00,2012-01-24T14:02:00-05:00,61,2012-01-24T14:07:00-05:00,0,21,21,2011-12-21,2012-01-23,2011-12-21;2011-12-22;2011-12-23;2011-12-27;2011-12-28;2011-12-29;2011-12-30;2012-01-03;2012-01-04;2012-01-05;2012-01-06;2012-01-09;2012-01-10;2012-01-11;2012-01-12;2012-01-13;2012-01-17;2012-01-18;2012-01-19;2012-01-20;2012-01-23,missing_authorized_exact_timestamp,conditional_on_point_in_time_nasdaq_listing,required_for_full_replication_optional_for_equity_only_core,point_in_time_series_required_for_turnover,pending_real_same_day_candidate_universe,1
HEJFE-E8C5063581BE7EB7,25785,4839,F,2015-01-28T15:59:00-05:00,2015-01-28T20:59:00Z,2015-01-28,2015-01-28T09:30:00-05:00,2015-01-28T16:00:00-05:00,2015-01-28T15:29:00-05:00,2015-01-28T16:00:00-05:00,32,2015-01-28T16:00:00-05:00,5,21,21,2014-12-26,2015-01-27,2014-12-26;2014-12-29;2014-12-30;2014-12-31;2015-01-02;2015-01-05;2015-01-06;2015-01-07;2015-01-08;2015-01-09;2015-01-12;2015-01-13;2015-01-14;2015-01-15;2015-01-16;2015-01-20;2015-01-21;2015-01-22;2015-01-23;2015-01-26;2015-01-27,missing_authorized_exact_timestamp,conditional_on_point_in_time_nasdaq_listing,required_for_full_replication_optional_for_equity_only_core,point_in_time_series_required_for_turnover,pending_real_same_day_candidate_universe,1
HEJFE-7C93D3838E60926C,26201,3358,CMTL,2014-12-10T15:41:00-05:00,2014-12-10T20:41:00Z,2014-12-10,2014-12-10T09:30:00-05:00,2014-12-10T16:00:00-05:00,2014-12-10T15:11:00-05:00,2014-12-10T16:00:00-05:00,50,2014-12-10T16:00:00-05:00,5,21,22,2014-11-07,2014-12-09,2014-11-07;2014-11-10;2014-11-11;2014-11-12;2014-11-13;2014-11-14;2014-11-17;2014-11-18;2014-11-19;2014-11-20;2014-11-21;2014-11-24;2014-11-25;2014-11-26;2014-12-01;2014-12-02;2014-12-03;2014-12-04;2014-12-05;2014-12-08;2014-12-09,missing_authorized_exact_timestamp,conditional_on_point_in_time_nasdaq_listing,required_for_full_replication_optional_for_equity_only_core,point_in_time_series_required_for_turnover,pending_real_same_day_candidate_universe,1
HEJFE-99F3FC8CE022DEA1,27043,11115,VAR,2012-01-25T12:46:00-05:00,2012-01-25T17:46:00Z,2012-01-25,2012-01-25T09:30:00-05:00,2012-01-25T16:00:00-05:00,2012-01-25T12:16:00-05:00,2012-01-25T13:16:00-05:00,61,2012-01-25T13:21:00-05:00,0,21,21,2011-12-22,2012-01-24,2011-12-22;2011-12-23;2011-12-27;2011-12-28;2011-12-29;2011-12-30;2012-01-03;2012-01-04;2012-01-05;2012-01-06;2012-01-09;2012-01-10;2012-01-11;2012-01-12;2012-01-13;2012-01-17;2012-01-18;2012-01-19;2012-01-20;2012-01-23;2012-01-24,missing_authorized_exact_timestamp,conditional_on_point_in_time_nasdaq_listing,required_for_full_replication_optional_for_equity_only_core,point_in_time_series_required_for_turnover,pending_real_same_day_candidate_universe,1
HEJFE-A25F33B630365184,27633,9299,R,2015-02-02T15:43:00-05:00,2015-02-02T20:43:00Z,2015-02-02,2015-02-02T09:30:00-05:00,2015-02-02T16:00:00-05:00,2015-02-02T15:13:00-05:00,2015-02-02T16:00:00-05:00,48,2015-02-02T16:00:00-05:00,5,21,21,2014-12-31,2015-01-30,2014-12-31;2015-01-02;2015-01-05;2015-01-06;2015-01-07;2015-01-08;2015-01-09;2015-01-12;2015-01-13;2015-01-14;2015-01-15;2015-01-16;2015-01-20;2015-01-21;2015-01-22;2015-01-23;2015-01-26;2015-01-27;2015-01-28;2015-01-29;2015-01-30,missing_authorized_exact_timestamp,conditional_on_point_in_time_nasdaq_listing,required_for_full_replication_optional_for_equity_only_core,point_in_time_series_required_for_turnover,pending_real_same_day_candidate_universe,1
HEJFE-36433565499915E2,35051,8304,PLL,2015-02-23T15:03:00-05:00,2015-02-23T20:03:00Z,2015-02-23,2015-02-23T09:30:00-05:00,2015-02-23T16:00:00-05:00,2015-02-23T14:33:00-05:00,2015-02-23T15:33:00-05:00,61,2015-02-23T15:38:00-05:00,0,21,21,2015-01-22,2015-02-20,2015-01-22;2015-01-23;2015-01-26;2015-01-27;2015-01-28;2015-01-29;2015-01-30;2015-02-02;2015-02-03;2015-02-04;2015-02-05;2015-02-06;2015-02-09;2015-02-10;2015-02-11;2015-02-12;2015-02-13;2015-02-17;2015-02-18;2015-02-19;2015-02-20,missing_authorized_exact_timestamp,conditional_on_point_in_time_nasdaq_listing,required_for_full_replication_optional_for_equity_only_core,point_in_time_series_required_for_turnover,pending_real_same_day_candidate_universe,1
HEJFE-7CEFB3FE3D986464,35991,9216,ROG,2015-02-17T15:44:00-05:00,2015-02-17T20:44:00Z,2015-02-17,2015-02-17T09:30:00-05:00,2015-02-17T16:00:00-05:00,2015-02-17T15:14:00-05:00,2015-02-17T16:00:00-05:00,47,2015-02-17T16:00:00-05:00,5,21,21,2015-01-15,2015-02-13,2015-01-15;2015-01-16;2015-01-20;2015-01-21;2015-01-22;2015-01-23;2015-01-26;2015-01-27;2015-01-28;2015-01-29;2015-01-30;2015-02-02;2015-02-03;2015-02-04;2015-02-05;2015-02-06;2015-02-09;2015-02-10;2015-02-11;2015-02-12;2015-02-13,missing_authorized_exact_timestamp,conditional_on_point_in_time_nasdaq_listing,required_for_full_replication_optional_for_equity_only_core,point_in_time_series_required_for_turnover,pending_real_same_day_candidate_universe,1
HEJFE-33FC1D00348D7C59,35991,9216,ROG,2015-04-29T15:29:00-04:00,2015-04-29T19:29:00Z,2015-04-29,2015-04-29T09:30:00-04:00,2015-04-29T16:00:00-04:00,2015-04-29T14:59:00-04:00,2015-04-29T15:59:00-04:00,61,2015-04-29T16:00:00-04:00,4,21,21,2015-03-30,2015-04-28,2015-03-30;2015-03-31;2015-04-01;2015-04-02;2015-04-06;2015-04-07;2015-04-08;2015-04-09;2015-04-10;2015-04-13;2015-04-14;2015-04-15;2015-04-16;2015-04-17;2015-04-20;2015-04-21;2015-04-22;2015-04-23;2015-04-24;2015-04-27;2015-04-28,missing_authorized_exact_timestamp,conditional_on_point_in_time_nasdaq_listing,required_for_full_replication_optional_for_equity_only_core,point_in_time_series_required_for_turnover,pending_real_same_day_candidate_universe,1
HEJFE-30CA515BC590DDA6,36003,9225,ROL,2012-01-24T10:14:00-05:00,2012-01-24T15:14:00Z,2012-01-24,2012-01-24T09:30:00-05:00,2012-01-24T16:00:00-05:00,2012-01-24T09:44:00-05:00,2012-01-24T10:44:00-05:00,61,2012-01-24T10:49:00-05:00,0,21,21,2011-12-21,2012-01-23,2011-12-21;2011-12-22;2011-12-23;2011-12-27;2011-12-28;2011-12-29;2011-12-30;2012-01-03;2012-01-04;2012-01-05;2012-01-06;2012-01-09;2012-01-10;2012-01-11;2012-01-12;2012-01-13;2012-01-17;2012-01-18;2012-01-19;2012-01-20;2012-01-23,missing_authorized_exact_timestamp,conditional_on_point_in_time_nasdaq_listing,required_for_full_replication_optional_for_equity_only_core,point_in_time_series_required_for_turnover,pending_real_same_day_candidate_universe,1
HEJFE-1783DE88400AF6CC,38156,11506,WMB,2015-02-18T14:54:00-05:00,2015-02-18T19:54:00Z,2015-02-18,2015-02-18T09:30:00-05:00,2015-02-18T16:00:00-05:00,2015-02-18T14:24:00-05:00,2015-02-18T15:24:00-05:00,61,2015-02-18T15:29:00-05:00,0,21,21,2015-01-16,2015-02-17,2015-01-16;2015-01-20;2015-01-21;2015-01-22;2015-01-23;2015-01-26;2015-01-27;2015-01-28;2015-01-29;2015-01-30;2015-02-02;2015-02-03;2015-02-04;2015-02-05;2015-02-06;2015-02-09;2015-02-10;2015-02-11;2015-02-12;2015-02-13;2015-02-17,missing_authorized_exact_timestamp,conditional_on_point_in_time_nasdaq_listing,required_for_full_replication_optional_for_equity_only_core,point_in_time_series_required_for_turnover,pending_real_same_day_candidate_universe,1
HEJFE-BD3F577ADD90D512,38659,5116,GNTX,2013-10-21T15:21:00-04:00,2013-10-21T19:21:00Z,2013-10-21,2013-10-21T09:30:00-04:00,2013-10-21T16:00:00-04:00,2013-10-21T14:51:00-04:00,2013-10-21T15:51:00-04:00,61,2013-10-21T15:56:00-04:00,0,21,21,2013-09-20,2013-10-18,2013-09-20;2013-09-23;2013-09-24;2013-09-25;2013-09-26;2013-09-27;2013-09-30;2013-10-01;2013-10-02;2013-10-03;2013-10-04;2013-10-07;2013-10-08;2013-10-09;2013-10-10;2013-10-11;2013-10-14;2013-10-15;2013-10-16;2013-10-17;2013-10-18,missing_authorized_exact_timestamp,conditional_on_point_in_time_nasdaq_listing,required_for_full_replication_optional_for_equity_only_core,point_in_time_series_required_for_turnover,pending_real_same_day_candidate_universe,1
HEJFE-263620F13A6443DD,39538,7116,MAT,2015-04-16T14:39:00-04:00,2015-04-16T18:39:00Z,2015-04-16,2015-04-16T09:30:00-04:00,2015-04-16T16:00:00-04:00,2015-04-16T14:09:00-04:00,2015-04-16T15:09:00-04:00,61,2015-04-16T15:14:00-04:00,0,21,21,2015-03-17,2015-04-15,2015-03-17;2015-03-18;2015-03-19;2015-03-20;2015-03-23;2015-03-24;2015-03-25;2015-03-26;2015-03-27;2015-03-30;2015-03-31;2015-04-01;2015-04-02;2015-04-06;2015-04-07;2015-04-08;2015-04-09;2015-04-10;2015-04-13;2015-04-14;2015-04-15,missing_authorized_exact_timestamp,conditional_on_point_in_time_nasdaq_listing,required_for_full_replication_optional_for_equity_only_core,point_in_time_series_required_for_turnover,pending_real_same_day_candidate_universe,1
HEJFE-704E64D64C11C119,42796,7260,MDP,2012-01-23T14:39:00-05:00,2012-01-23T19:39:00Z,2012-01-23,2012-01-23T09:30:00-05:00,2012-01-23T16:00:00-05:00,2012-01-23T14:09:00-05:00,2012-01-23T15:09:00-05:00,61,2012-01-23T15:14:00-05:00,0,21,21,2011-12-20,2012-01-20,2011-12-20;2011-12-21;2011-12-22;2011-12-23;2011-12-27;2011-12-28;2011-12-29;2011-12-30;2012-01-03;2012-01-04;2012-01-05;2012-01-06;2012-01-09;2012-01-10;2012-01-11;2012-01-12;2012-01-13;2012-01-17;2012-01-18;2012-01-19;2012-01-20,missing_authorized_exact_timestamp,conditional_on_point_in_time_nasdaq_listing,required_for_full_replication_optional_for_equity_only_core,point_in_time_series_required_for_turnover,pending_real_same_day_candidate_universe,1
HEJFE-9861757889227DD4,44506,6003,IDTI,2015-02-02T14:24:00-05:00,2015-02-02T19:24:00Z,2015-02-02,2015-02-02T09:30:00-05:00,2015-02-02T16:00:00-05:00,2015-02-02T13:54:00-05:00,2015-02-02T14:54:00-05:00,61,2015-02-02T14:59:00-05:00,0,21,21,2014-12-31,2015-01-30,2014-12-31;2015-01-02;2015-01-05;2015-01-06;2015-01-07;2015-01-08;2015-01-09;2015-01-12;2015-01-13;2015-01-14;2015-01-15;2015-01-16;2015-01-20;2015-01-21;2015-01-22;2015-01-23;2015-01-26;2015-01-27;2015-01-28;2015-01-29;2015-01-30,missing_authorized_exact_timestamp,conditional_on_point_in_time_nasdaq_listing,required_for_full_replication_optional_for_equity_only_core,point_in_time_series_required_for_turnover,pending_real_same_day_candidate_universe,1
HEJFE-EFFA194386ABDD28,44506,6003,IDTI,2015-05-04T15:40:00-04:00,2015-05-04T19:40:00Z,2015-05-04,2015-05-04T09:30:00-04:00,2015-05-04T16:00:00-04:00,2015-05-04T15:10:00-04:00,2015-05-04T16:00:00-04:00,51,2015-05-04T16:00:00-04:00,5,21,21,2015-04-02,2015-05-01,2015-04-02;2015-04-06;2015-04-07;2015-04-08;2015-04-09;2015-04-10;2015-04-13;2015-04-14;2015-04-15;2015-04-16;2015-04-17;2015-04-20;2015-04-21;2015-04-22;2015-04-23;2015-04-24;2015-04-27;2015-04-28;2015-04-29;2015-04-30;2015-05-01,missing_authorized_exact_timestamp,conditional_on_point_in_time_nasdaq_listing,required_for_full_replication_optional_for_equity_only_core,point_in_time_series_required_for_turnover,pending_real_same_day_candidate_universe,1
HEJFE-7E8FA3E5E417B5E7,45277,6097,IGT,2012-01-23T15:31:00-05:00,2012-01-23T20:31:00Z,2012-01-23,2012-01-23T09:30:00-05:00,2012-01-23T16:00:00-05:00,2012-01-23T15:01:00-05:00,2012-01-23T16:00:00-05:00,60,2012-01-23T16:00:00-05:00,5,21,21,2011-12-20,2012-01-20,2011-12-20;2011-12-21;2011-12-22;2011-12-23;2011-12-27;2011-12-28;2011-12-29;2011-12-30;2012-01-03;2012-01-04;2012-01-05;2012-01-06;2012-01-09;2012-01-10;2012-01-11;2012-01-12;2012-01-13;2012-01-17;2012-01-18;2012-01-19;2012-01-20,missing_authorized_exact_timestamp,conditional_on_point_in_time_nasdaq_listing,required_for_full_replication_optional_for_equity_only_core,point_in_time_series_required_for_turnover,pending_real_same_day_candidate_universe,1
HEJFE-4DEF5FDB3210E91B,45911,1327,SWKS,2015-01-22T15:41:00-05:00,2015-01-22T20:41:00Z,2015-01-22,2015-01-22T09:30:00-05:00,2015-01-22T16:00:00-05:00,2015-01-22T15:11:00-05:00,2015-01-22T16:00:00-05:00,50,2015-01-22T16:00:00-05:00,5,21,22,2014-12-18,2015-01-21,2014-12-18;2014-12-19;2014-12-22;2014-12-23;2014-12-26;2014-12-29;2014-12-30;2014-12-31;2015-01-02;2015-01-05;2015-01-06;2015-01-07;2015-01-08;2015-01-09;2015-01-12;2015-01-13;2015-01-14;2015-01-15;2015-01-16;2015-01-20;2015-01-21,missing_authorized_exact_timestamp,conditional_on_point_in_time_nasdaq_listing,required_for_full_replication_optional_for_equity_only_core,point_in_time_series_required_for_turnover,pending_real_same_day_candidate_universe,1
HEJFE-9DF82252ED78E41F,46690,2593,CBT,2015-04-29T13:33:00-04:00,2015-04-29T17:33:00Z,2015-04-29,2015-04-29T09:30:00-04:00,2015-04-29T16:00:00-04:00,2015-04-29T13:03:00-04:00,2015-04-29T14:03:00-04:00,61,2015-04-29T14:08:00-04:00,0,21,21,2015-03-30,2015-04-28,2015-03-30;2015-03-31;2015-04-01;2015-04-02;2015-04-06;2015-04-07;2015-04-08;2015-04-09;2015-04-10;2015-04-13;2015-04-14;2015-04-15;2015-04-16;2015-04-17;2015-04-20;2015-04-21;2015-04-22;2015-04-23;2015-04-24;2015-04-27;2015-04-28,missing_authorized_exact_timestamp,conditional_on_point_in_time_nasdaq_listing,required_for_full_replication_optional_for_equity_only_core,point_in_time_series_required_for_turnover,pending_real_same_day_candidate_universe,1
HEJFE-E25BAF3CFF23A3BE,46877,2044,BCR,2015-01-29T15:27:00-05:00,2015-01-29T20:27:00Z,2015-01-29,2015-01-29T09:30:00-05:00,2015-01-29T16:00:00-05:00,2015-01-29T14:57:00-05:00,2015-01-29T15:57:00-05:00,61,2015-01-29T16:00:00-05:00,2,21,21,2014-12-29,2015-01-28,2014-12-29;2014-12-30;2014-12-31;2015-01-02;2015-01-05;2015-01-06;2015-01-07;2015-01-08;2015-01-09;2015-01-12;2015-01-13;2015-01-14;2015-01-15;2015-01-16;2015-01-20;2015-01-21;2015-01-22;2015-01-23;2015-01-26;2015-01-27;2015-01-28,missing_authorized_exact_timestamp,conditional_on_point_in_time_nasdaq_listing,required_for_full_replication_optional_for_equity_only_core,point_in_time_series_required_for_turnover,pending_real_same_day_candidate_universe,1
HEJFE-5089F8E69B6BC646,47379,6379,KELYA,2013-05-07T15:49:00-04:00,2013-05-07T19:49:00Z,2013-05-07,2013-05-07T09:30:00-04:00,2013-05-07T16:00:00-04:00,2013-05-07T15:19:00-04:00,2013-05-07T16:00:00-04:00,42,2013-05-07T16:00:00-04:00,5,21,21,2013-04-08,2013-05-06,2013-04-08;2013-04-09;2013-04-10;2013-04-11;2013-04-12;2013-04-15;2013-04-16;2013-04-17;2013-04-18;2013-04-19;2013-04-22;2013-04-23;2013-04-24;2013-04-25;2013-04-26;2013-04-29;2013-04-30;2013-05-01;2013-05-02;2013-05-03;2013-05-06,missing_authorized_exact_timestamp,conditional_on_point_in_time_nasdaq_listing,required_for_full_replication_optional_for_equity_only_core,point_in_time_series_required_for_turnover,pending_real_same_day_candidate_universe,1
HEJFE-66BA40A20548B7E3,48486,6565,LRCX,2013-04-24T13:43:00-04:00,2013-04-24T17:43:00Z,2013-04-24,2013-04-24T09:30:00-04:00,2013-04-24T16:00:00-04:00,2013-04-24T13:13:00-04:00,2013-04-24T14:13:00-04:00,61,2013-04-24T14:18:00-04:00,0,21,21,2013-03-25,2013-04-23,2013-03-25;2013-03-26;2013-03-27;2013-03-28;2013-04-01;2013-04-02;2013-04-03;2013-04-04;2013-04-05;2013-04-08;2013-04-09;2013-04-10;2013-04-11;2013-04-12;2013-04-15;2013-04-16;2013-04-17;2013-04-18;2013-04-19;2013-04-22;2013-04-23,missing_authorized_exact_timestamp,conditional_on_point_in_time_nasdaq_listing,required_for_full_replication_optional_for_equity_only_core,point_in_time_series_required_for_turnover,pending_real_same_day_candidate_universe,1
HEJFE-334BAA0D940A418A,51369,10453,TER,2015-01-28T15:49:00-05:00,2015-01-28T20:49:00Z,2015-01-28,2015-01-28T09:30:00-05:00,2015-01-28T16:00:00-05:00,2015-01-28T15:19:00-05:00,2015-01-28T16:00:00-05:00,42,2015-01-28T16:00:00-05:00,5,21,21,2014-12-26,2015-01-27,2014-12-26;2014-12-29;2014-12-30;2014-12-31;2015-01-02;2015-01-05;2015-01-06;2015-01-07;2015-01-08;2015-01-09;2015-01-12;2015-01-13;2015-01-14;2015-01-15;2015-01-16;2015-01-20;2015-01-21;2015-01-22;2015-01-23;2015-01-26;2015-01-27,missing_authorized_exact_timestamp,conditional_on_point_in_time_nasdaq_listing,required_for_full_replication_optional_for_equity_only_core,point_in_time_series_required_for_turnover,pending_real_same_day_candidate_universe,1
HEJFE-D1D8268651584B6A,52090,7146,MKC,2013-04-01T15:38:00-04:00,2013-04-01T19:38:00Z,2013-04-01,2013-04-01T09:30:00-04:00,2013-04-01T16:00:00-04:00,2013-04-01T15:08:00-04:00,2013-04-01T16:00:00-04:00,53,2013-04-01T16:00:00-04:00,5,21,21,2013-02-28,2013-03-28,2013-02-28;2013-03-01;2013-03-04;2013-03-05;2013-03-06;2013-03-07;2013-03-08;2013-03-11;2013-03-12;2013-03-13;2013-03-14;2013-03-15;2013-03-18;2013-03-19;2013-03-20;2013-03-21;2013-03-22;2013-03-25;2013-03-26;2013-03-27;2013-03-28,missing_authorized_exact_timestamp,conditional_on_point_in_time_nasdaq_listing,required_for_full_replication_optional_for_equity_only_core,point_in_time_series_required_for_turnover,pending_real_same_day_candidate_universe,1
HEJFE-0273F1BFCD285E7F,52337,7750,THC,2015-02-23T15:57:00-05:00,2015-02-23T20:57:00Z,2015-02-23,2015-02-23T09:30:00-05:00,2015-02-23T16:00:00-05:00,2015-02-23T15:27:00-05:00,2015-02-23T16:00:00-05:00,34,2015-02-23T16:00:00-05:00,5,21,21,2015-01-22,2015-02-20,2015-01-22;2015-01-23;2015-01-26;2015-01-27;2015-01-28;2015-01-29;2015-01-30;2015-02-02;2015-02-03;2015-02-04;2015-02-05;2015-02-06;2015-02-09;2015-02-10;2015-02-11;2015-02-12;2015-02-13;2015-02-17;2015-02-18;2015-02-19;2015-02-20,missing_authorized_exact_timestamp,conditional_on_point_in_time_nasdaq_listing,required_for_full_replication_optional_for_equity_only_core,point_in_time_series_required_for_turnover,pending_real_same_day_candidate_universe,1
HEJFE-6C4EA140AD75FFE2,52337,7750,THC,2015-05-04T15:48:00-04:00,2015-05-04T19:48:00Z,2015-05-04,2015-05-04T09:30:00-04:00,2015-05-04T16:00:00-04:00,2015-05-04T15:18:00-04:00,2015-05-04T16:00:00-04:00,43,2015-05-04T16:00:00-04:00,5,21,21,2015-04-02,2015-05-01,2015-04-02;2015-04-06;2015-04-07;2015-04-08;2015-04-09;2015-04-10;2015-04-13;2015-04-14;2015-04-15;2015-04-16;2015-04-17;2015-04-20;2015-04-21;2015-04-22;2015-04-23;2015-04-24;2015-04-27;2015-04-28;2015-04-29;2015-04-30;2015-05-01,missing_authorized_exact_timestamp,conditional_on_point_in_time_nasdaq_listing,required_for_full_replication_optional_for_equity_only_core,point_in_time_series_required_for_turnover,pending_real_same_day_candidate_universe,1
HEJFE-830D52F9F7F1CEEB,53640,7346,MSCC,2012-01-26T14:51:00-05:00,2012-01-26T19:51:00Z,2012-01-26,2012-01-26T09:30:00-05:00,2012-01-26T16:00:00-05:00,2012-01-26T14:21:00-05:00,2012-01-26T15:21:00-05:00,61,2012-01-26T15:26:00-05:00,0,21,21,2011-12-23,2012-01-25,2011-12-23;2011-12-27;2011-12-28;2011-12-29;2011-12-30;2012-01-03;2012-01-04;2012-01-05;2012-01-06;2012-01-09;2012-01-10;2012-01-11;2012-01-12;2012-01-13;2012-01-17;2012-01-18;2012-01-19;2012-01-20;2012-01-23;2012-01-24;2012-01-25,missing_authorized_exact_timestamp,conditional_on_point_in_time_nasdaq_listing,required_for_full_replication_optional_for_equity_only_core,point_in_time_series_required_for_turnover,pending_real_same_day_candidate_universe,1
HEJFE-EDF80619CED083CB,56274,3362,CAG,2015-03-25T15:19:00-04:00,2015-03-25T19:19:00Z,2015-03-25,2015-03-25T09:30:00-04:00,2015-03-25T16:00:00-04:00,2015-03-25T14:49:00-04:00,2015-03-25T15:49:00-04:00,61,2015-03-25T15:54:00-04:00,0,21,21,2015-02-24,2015-03-24,2015-02-24;2015-02-25;2015-02-26;2015-02-27;2015-03-02;2015-03-03;2015-03-04;2015-03-05;2015-03-06;2015-03-09;2015-03-10;2015-03-11;2015-03-12;2015-03-13;2015-03-16;2015-03-17;2015-03-18;2015-03-19;2015-03-20;2015-03-23;2015-03-24,missing_authorized_exact_timestamp,conditional_on_point_in_time_nasdaq_listing,required_for_full_replication_optional_for_equity_only_core,point_in_time_series_required_for_turnover,pending_real_same_day_candidate_universe,1
HEJFE-0BAF70D8CC8F1631,57665,7906,NKE,2015-03-19T15:58:00-04:00,2015-03-19T19:58:00Z,2015-03-19,2015-03-19T09:30:00-04:00,2015-03-19T16:00:00-04:00,2015-03-19T15:28:00-04:00,2015-03-19T16:00:00-04:00,33,2015-03-19T16:00:00-04:00,5,21,21,2015-02-18,2015-03-18,2015-02-18;2015-02-19;2015-02-20;2015-02-23;2015-02-24;2015-02-25;2015-02-26;2015-02-27;2015-03-02;2015-03-03;2015-03-04;2015-03-05;2015-03-06;2015-03-09;2015-03-10;2015-03-11;2015-03-12;2015-03-13;2015-03-16;2015-03-17;2015-03-18,missing_authorized_exact_timestamp,conditional_on_point_in_time_nasdaq_listing,required_for_full_replication_optional_for_equity_only_core,point_in_time_series_required_for_turnover,pending_real_same_day_candidate_universe,1
HEJFE-332D5C6DC3ACE6B1,57809,7921,NDSN,2015-05-19T15:35:00-04:00,2015-05-19T19:35:00Z,2015-05-19,2015-05-19T09:30:00-04:00,2015-05-19T16:00:00-04:00,2015-05-19T15:05:00-04:00,2015-05-19T16:00:00-04:00,56,2015-05-19T16:00:00-04:00,5,21,21,2015-04-20,2015-05-18,2015-04-20;2015-04-21;2015-04-22;2015-04-23;2015-04-24;2015-04-27;2015-04-28;2015-04-29;2015-04-30;2015-05-01;2015-05-04;2015-05-05;2015-05-06;2015-05-07;2015-05-08;2015-05-11;2015-05-12;2015-05-13;2015-05-14;2015-05-15;2015-05-18,missing_authorized_exact_timestamp,conditional_on_point_in_time_nasdaq_listing,required_for_full_replication_optional_for_equity_only_core,point_in_time_series_required_for_turnover,pending_real_same_day_candidate_universe,1
HEJFE-7ED8DBD4804E4330,57817,7922,JWN,2015-02-19T14:29:00-05:00,2015-02-19T19:29:00Z,2015-02-19,2015-02-19T09:30:00-05:00,2015-02-19T16:00:00-05:00,2015-02-19T13:59:00-05:00,2015-02-19T14:59:00-05:00,61,2015-02-19T15:04:00-05:00,0,21,21,2015-01-20,2015-02-18,2015-01-20;2015-01-21;2015-01-22;2015-01-23;2015-01-26;2015-01-27;2015-01-28;2015-01-29;2015-01-30;2015-02-02;2015-02-03;2015-02-04;2015-02-05;2015-02-06;2015-02-09;2015-02-10;2015-02-11;2015-02-12;2015-02-13;2015-02-17;2015-02-18,missing_authorized_exact_timestamp,conditional_on_point_in_time_nasdaq_listing,required_for_full_replication_optional_for_equity_only_core,point_in_time_series_required_for_turnover,pending_real_same_day_candidate_universe,1
HEJFE-76DCF0FCA248E814,59192,3024,CB,2012-01-26T12:17:00-05:00,2012-01-26T17:17:00Z,2012-01-26,2012-01-26T09:30:00-05:00,2012-01-26T16:00:00-05:00,2012-01-26T11:47:00-05:00,2012-01-26T12:47:00-05:00,61,2012-01-26T12:52:00-05:00,0,21,21,2011-12-23,2012-01-25,2011-12-23;2011-12-27;2011-12-28;2011-12-29;2011-12-30;2012-01-03;2012-01-04;2012-01-05;2012-01-06;2012-01-09;2012-01-10;2012-01-11;2012-01-12;2012-01-13;2012-01-17;2012-01-18;2012-01-19;2012-01-20;2012-01-23;2012-01-24;2012-01-25,missing_authorized_exact_timestamp,conditional_on_point_in_time_nasdaq_listing,required_for_full_replication_optional_for_equity_only_core,point_in_time_series_required_for_turnover,pending_real_same_day_candidate_universe,1
HEJFE-D9C52E6CC595C380,60871,1632,ADI,2015-02-17T14:05:00-05:00,2015-02-17T19:05:00Z,2015-02-17,2015-02-17T09:30:00-05:00,2015-02-17T16:00:00-05:00,2015-02-17T13:35:00-05:00,2015-02-17T14:35:00-05:00,61,2015-02-17T14:40:00-05:00,0,21,21,2015-01-15,2015-02-13,2015-01-15;2015-01-16;2015-01-20;2015-01-21;2015-01-22;2015-01-23;2015-01-26;2015-01-27;2015-01-28;2015-01-29;2015-01-30;2015-02-02;2015-02-03;2015-02-04;2015-02-05;2015-02-06;2015-02-09;2015-02-10;2015-02-11;2015-02-12;2015-02-13,missing_authorized_exact_timestamp,conditional_on_point_in_time_nasdaq_listing,required_for_full_replication_optional_for_equity_only_core,point_in_time_series_required_for_turnover,pending_real_same_day_candidate_universe,1
HEJFE-09EB83905864C50A,60871,1632,ADI,2015-05-19T15:15:00-04:00,2015-05-19T19:15:00Z,2015-05-19,2015-05-19T09:30:00-04:00,2015-05-19T16:00:00-04:00,2015-05-19T14:45:00-04:00,2015-05-19T15:45:00-04:00,61,2015-05-19T15:50:00-04:00,0,21,21,2015-04-20,2015-05-18,2015-04-20;2015-04-21;2015-04-22;2015-04-23;2015-04-24;2015-04-27;2015-04-28;2015-04-29;2015-04-30;2015-05-01;2015-05-04;2015-05-05;2015-05-06;2015-05-07;2015-05-08;2015-05-11;2015-05-12;2015-05-13;2015-05-14;2015-05-15;2015-05-18,missing_authorized_exact_timestamp,conditional_on_point_in_time_nasdaq_listing,required_for_full_replication_optional_for_equity_only_core,point_in_time_series_required_for_turnover,pending_real_same_day_candidate_universe,1
HEJFE-B46D4F8F72DD0212,61241,1161,AMD,2013-10-17T14:40:00-04:00,2013-10-17T18:40:00Z,2013-10-17,2013-10-17T09:30:00-04:00,2013-10-17T16:00:00-04:00,2013-10-17T14:10:00-04:00,2013-10-17T15:10:00-04:00,61,2013-10-17T15:15:00-04:00,0,21,21,2013-09-18,2013-10-16,2013-09-18;2013-09-19;2013-09-20;2013-09-23;2013-09-24;2013-09-25;2013-09-26;2013-09-27;2013-09-30;2013-10-01;2013-10-02;2013-10-03;2013-10-04;2013-10-07;2013-10-08;2013-10-09;2013-10-10;2013-10-11;2013-10-14;2013-10-15;2013-10-16,missing_authorized_exact_timestamp,conditional_on_point_in_time_nasdaq_listing,required_for_full_replication_optional_for_equity_only_core,point_in_time_series_required_for_turnover,pending_real_same_day_candidate_universe,1
HEJFE-2FD552B9358078C6,61516,2220,BIO,2013-05-07T15:55:00-04:00,2013-05-07T19:55:00Z,2013-05-07,2013-05-07T09:30:00-04:00,2013-05-07T16:00:00-04:00,2013-05-07T15:25:00-04:00,2013-05-07T16:00:00-04:00,36,2013-05-07T16:00:00-04:00,5,21,21,2013-04-08,2013-05-06,2013-04-08;2013-04-09;2013-04-10;2013-04-11;2013-04-12;2013-04-15;2013-04-16;2013-04-17;2013-04-18;2013-04-19;2013-04-22;2013-04-23;2013-04-24;2013-04-25;2013-04-26;2013-04-29;2013-04-30;2013-05-01;2013-05-02;2013-05-03;2013-05-06,missing_authorized_exact_timestamp,conditional_on_point_in_time_nasdaq_listing,required_for_full_replication_optional_for_equity_only_core,point_in_time_series_required_for_turnover,pending_real_same_day_candidate_universe,1
HEJFE-C85CE64DFF947CFD,66683,8901,RES,2012-01-24T15:20:00-05:00,2012-01-24T20:20:00Z,2012-01-24,2012-01-24T09:30:00-05:00,2012-01-24T16:00:00-05:00,2012-01-24T14:50:00-05:00,2012-01-24T15:50:00-05:00,61,2012-01-24T15:55:00-05:00,0,21,21,2011-12-21,2012-01-23,2011-12-21;2011-12-22;2011-12-23;2011-12-27;2011-12-28;2011-12-29;2011-12-30;2012-01-03;2012-01-04;2012-01-05;2012-01-06;2012-01-09;2012-01-10;2012-01-11;2012-01-12;2012-01-13;2012-01-17;2012-01-18;2012-01-19;2012-01-20;2012-01-23,missing_authorized_exact_timestamp,conditional_on_point_in_time_nasdaq_listing,required_for_full_replication_optional_for_equity_only_core,point_in_time_series_required_for_turnover,pending_real_same_day_candidate_universe,1
HEJFE-7B8A1A0CD3E2966F,70332,11923,APC,2013-05-06T13:27:00-04:00,2013-05-06T17:27:00Z,2013-05-06,2013-05-06T09:30:00-04:00,2013-05-06T16:00:00-04:00,2013-05-06T12:57:00-04:00,2013-05-06T13:57:00-04:00,61,2013-05-06T14:02:00-04:00,0,21,21,2013-04-05,2013-05-03,2013-04-05;2013-04-08;2013-04-09;2013-04-10;2013-04-11;2013-04-12;2013-04-15;2013-04-16;2013-04-17;2013-04-18;2013-04-19;2013-04-22;2013-04-23;2013-04-24;2013-04-25;2013-04-26;2013-04-29;2013-04-30;2013-05-01;2013-05-02;2013-05-03,missing_authorized_exact_timestamp,conditional_on_point_in_time_nasdaq_listing,required_for_full_replication_optional_for_equity_only_core,point_in_time_series_required_for_turnover,pending_real_same_day_candidate_universe,1
HEJFE-824BABBAD988A068,70616,9715,SYMM,2012-01-25T14:54:00-05:00,2012-01-25T19:54:00Z,2012-01-25,2012-01-25T09:30:00-05:00,2012-01-25T16:00:00-05:00,2012-01-25T14:24:00-05:00,2012-01-25T15:24:00-05:00,61,2012-01-25T15:29:00-05:00,0,21,21,2011-12-22,2012-01-24,2011-12-22;2011-12-23;2011-12-27;2011-12-28;2011-12-29;2011-12-30;2012-01-03;2012-01-04;2012-01-05;2012-01-06;2012-01-09;2012-01-10;2012-01-11;2012-01-12;2012-01-13;2012-01-17;2012-01-18;2012-01-19;2012-01-20;2012-01-23;2012-01-24,missing_authorized_exact_timestamp,conditional_on_point_in_time_nasdaq_listing,required_for_full_replication_optional_for_equity_only_core,point_in_time_series_required_for_turnover,pending_real_same_day_candidate_universe,1
HEJFE-EC5EB2BE0D97833F,72726,10035,STT,2015-01-22T15:50:00-05:00,2015-01-22T20:50:00Z,2015-01-22,2015-01-22T09:30:00-05:00,2015-01-22T16:00:00-05:00,2015-01-22T15:20:00-05:00,2015-01-22T16:00:00-05:00,41,2015-01-22T16:00:00-05:00,5,21,22,2014-12-18,2015-01-21,2014-12-18;2014-12-19;2014-12-22;2014-12-23;2014-12-26;2014-12-29;2014-12-30;2014-12-31;2015-01-02;2015-01-05;2015-01-06;2015-01-07;2015-01-08;2015-01-09;2015-01-12;2015-01-13;2015-01-14;2015-01-15;2015-01-16;2015-01-20;2015-01-21,missing_authorized_exact_timestamp,conditional_on_point_in_time_nasdaq_listing,required_for_full_replication_optional_for_equity_only_core,point_in_time_series_required_for_turnover,pending_real_same_day_candidate_universe,1
HEJFE-D51AC412EDF93AA8,75070,12471,INT,2015-04-30T15:40:00-04:00,2015-04-30T19:40:00Z,2015-04-30,2015-04-30T09:30:00-04:00,2015-04-30T16:00:00-04:00,2015-04-30T15:10:00-04:00,2015-04-30T16:00:00-04:00,51,2015-04-30T16:00:00-04:00,5,21,21,2015-03-31,2015-04-29,2015-03-31;2015-04-01;2015-04-02;2015-04-06;2015-04-07;2015-04-08;2015-04-09;2015-04-10;2015-04-13;2015-04-14;2015-04-15;2015-04-16;2015-04-17;2015-04-20;2015-04-21;2015-04-22;2015-04-23;2015-04-24;2015-04-27;2015-04-28;2015-04-29,missing_authorized_exact_timestamp,conditional_on_point_in_time_nasdaq_listing,required_for_full_replication_optional_for_equity_only_core,point_in_time_series_required_for_turnover,pending_real_same_day_candidate_universe,1
HEJFE-9B43F5B767ECD0FA,75342,14790,MTH,2013-04-23T14:24:00-04:00,2013-04-23T18:24:00Z,2013-04-23,2013-04-23T09:30:00-04:00,2013-04-23T16:00:00-04:00,2013-04-23T13:54:00-04:00,2013-04-23T14:54:00-04:00,61,2013-04-23T14:59:00-04:00,0,21,21,2013-03-22,2013-04-22,2013-03-22;2013-03-25;2013-03-26;2013-03-27;2013-03-28;2013-04-01;2013-04-02;2013-04-03;2013-04-04;2013-04-05;2013-04-08;2013-04-09;2013-04-10;2013-04-11;2013-04-12;2013-04-15;2013-04-16;2013-04-17;2013-04-18;2013-04-19;2013-04-22,missing_authorized_exact_timestamp,conditional_on_point_in_time_nasdaq_listing,required_for_full_replication_optional_for_equity_only_core,point_in_time_series_required_for_turnover,pending_real_same_day_candidate_universe,1
HEJFE-2D6ABDFDE39E5919,75342,14790,MTH,2013-07-23T15:18:00-04:00,2013-07-23T19:18:00Z,2013-07-23,2013-07-23T09:30:00-04:00,2013-07-23T16:00:00-04:00,2013-07-23T14:48:00-04:00,2013-07-23T15:48:00-04:00,61,2013-07-23T15:53:00-04:00,0,21,22,2013-06-20,2013-07-22,2013-06-20;2013-06-21;2013-06-24;2013-06-25;2013-06-26;2013-06-27;2013-06-28;2013-07-01;2013-07-02;2013-07-05;2013-07-08;2013-07-09;2013-07-10;2013-07-11;2013-07-12;2013-07-15;2013-07-16;2013-07-17;2013-07-18;2013-07-19;2013-07-22,missing_authorized_exact_timestamp,conditional_on_point_in_time_nasdaq_listing,required_for_full_replication_optional_for_equity_only_core,point_in_time_series_required_for_turnover,pending_real_same_day_candidate_universe,1
HEJFE-FBA59D82CEE8FD00,75654,16188,CGNX,2015-02-12T14:04:00-05:00,2015-02-12T19:04:00Z,2015-02-12,2015-02-12T09:30:00-05:00,2015-02-12T16:00:00-05:00,2015-02-12T13:34:00-05:00,2015-02-12T14:34:00-05:00,61,2015-02-12T14:39:00-05:00,0,21,21,2015-01-13,2015-02-11,2015-01-13;2015-01-14;2015-01-15;2015-01-16;2015-01-20;2015-01-21;2015-01-22;2015-01-23;2015-01-26;2015-01-27;2015-01-28;2015-01-29;2015-01-30;2015-02-02;2015-02-03;2015-02-04;2015-02-05;2015-02-06;2015-02-09;2015-02-10;2015-02-11,missing_authorized_exact_timestamp,conditional_on_point_in_time_nasdaq_listing,required_for_full_replication_optional_for_equity_only_core,point_in_time_series_required_for_turnover,pending_real_same_day_candidate_universe,1
HEJFE-8EAA8616B1750B40,75654,16188,CGNX,2015-05-04T15:09:00-04:00,2015-05-04T19:09:00Z,2015-05-04,2015-05-04T09:30:00-04:00,2015-05-04T16:00:00-04:00,2015-05-04T14:39:00-04:00,2015-05-04T15:39:00-04:00,61,2015-05-04T15:44:00-04:00,0,21,21,2015-04-02,2015-05-01,2015-04-02;2015-04-06;2015-04-07;2015-04-08;2015-04-09;2015-04-10;2015-04-13;2015-04-14;2015-04-15;2015-04-16;2015-04-17;2015-04-20;2015-04-21;2015-04-22;2015-04-23;2015-04-24;2015-04-27;2015-04-28;2015-04-29;2015-04-30;2015-05-01,missing_authorized_exact_timestamp,conditional_on_point_in_time_nasdaq_listing,required_for_full_replication_optional_for_equity_only_core,point_in_time_series_required_for_turnover,pending_real_same_day_candidate_universe,1
HEJFE-0B87675BF7BEDBCA,75828,16721,EA,2015-01-27T15:48:00-05:00,2015-01-27T20:48:00Z,2015-01-27,2015-01-27T09:30:00-05:00,2015-01-27T16:00:00-05:00,2015-01-27T15:18:00-05:00,2015-01-27T16:00:00-05:00,43,2015-01-27T16:00:00-05:00,5,21,22,2014-12-23,2015-01-26,2014-12-23;2014-12-26;2014-12-29;2014-12-30;2014-12-31;2015-01-02;2015-01-05;2015-01-06;2015-01-07;2015-01-08;2015-01-09;2015-01-12;2015-01-13;2015-01-14;2015-01-15;2015-01-16;2015-01-20;2015-01-21;2015-01-22;2015-01-23;2015-01-26,missing_authorized_exact_timestamp,conditional_on_point_in_time_nasdaq_listing,required_for_full_replication_optional_for_equity_only_core,point_in_time_series_required_for_turnover,pending_real_same_day_candidate_universe,1
HEJFE-B7EFA7CF95262283,75854,16597,LSCC,2013-04-18T14:24:00-04:00,2013-04-18T18:24:00Z,2013-04-18,2013-04-18T09:30:00-04:00,2013-04-18T16:00:00-04:00,2013-04-18T13:54:00-04:00,2013-04-18T14:54:00-04:00,61,2013-04-18T14:59:00-04:00,0,21,21,2013-03-19,2013-04-17,2013-03-19;2013-03-20;2013-03-21;2013-03-22;2013-03-25;2013-03-26;2013-03-27;2013-03-28;2013-04-01;2013-04-02;2013-04-03;2013-04-04;2013-04-05;2013-04-08;2013-04-09;2013-04-10;2013-04-11;2013-04-12;2013-04-15;2013-04-16;2013-04-17,missing_authorized_exact_timestamp,conditional_on_point_in_time_nasdaq_listing,required_for_full_replication_optional_for_equity_only_core,point_in_time_series_required_for_turnover,pending_real_same_day_candidate_universe,1
HEJFE-CCC7747CFBDE893E,76695,24113,PNRA,2013-04-23T14:25:00-04:00,2013-04-23T18:25:00Z,2013-04-23,2013-04-23T09:30:00-04:00,2013-04-23T16:00:00-04:00,2013-04-23T13:55:00-04:00,2013-04-23T14:55:00-04:00,61,2013-04-23T15:00:00-04:00,0,21,21,2013-03-22,2013-04-22,2013-03-22;2013-03-25;2013-03-26;2013-03-27;2013-03-28;2013-04-01;2013-04-02;2013-04-03;2013-04-04;2013-04-05;2013-04-08;2013-04-09;2013-04-10;2013-04-11;2013-04-12;2013-04-15;2013-04-16;2013-04-17;2013-04-18;2013-04-19;2013-04-22,missing_authorized_exact_timestamp,conditional_on_point_in_time_nasdaq_listing,required_for_full_replication_optional_for_equity_only_core,point_in_time_series_required_for_turnover,pending_real_same_day_candidate_universe,1
HEJFE-600696AB8463FFD8,76695,24113,PNRA,2013-07-23T15:11:00-04:00,2013-07-23T19:11:00Z,2013-07-23,2013-07-23T09:30:00-04:00,2013-07-23T16:00:00-04:00,2013-07-23T14:41:00-04:00,2013-07-23T15:41:00-04:00,61,2013-07-23T15:46:00-04:00,0,21,22,2013-06-20,2013-07-22,2013-06-20;2013-06-21;2013-06-24;2013-06-25;2013-06-26;2013-06-27;2013-06-28;2013-07-01;2013-07-02;2013-07-05;2013-07-08;2013-07-09;2013-07-10;2013-07-11;2013-07-12;2013-07-15;2013-07-16;2013-07-17;2013-07-18;2013-07-19;2013-07-22,missing_authorized_exact_timestamp,conditional_on_point_in_time_nasdaq_listing,required_for_full_replication_optional_for_equity_only_core,point_in_time_series_required_for_turnover,pending_real_same_day_candidate_universe,1
HEJFE-8167467EBF64AABE,76695,24113,PNRA,2013-10-22T15:20:00-04:00,2013-10-22T19:20:00Z,2013-10-22,2013-10-22T09:30:00-04:00,2013-10-22T16:00:00-04:00,2013-10-22T14:50:00-04:00,2013-10-22T15:50:00-04:00,61,2013-10-22T15:55:00-04:00,0,21,21,2013-09-23,2013-10-21,2013-09-23;2013-09-24;2013-09-25;2013-09-26;2013-09-27;2013-09-30;2013-10-01;2013-10-02;2013-10-03;2013-10-04;2013-10-07;2013-10-08;2013-10-09;2013-10-10;2013-10-11;2013-10-14;2013-10-15;2013-10-16;2013-10-17;2013-10-18;2013-10-21,missing_authorized_exact_timestamp,conditional_on_point_in_time_nasdaq_listing,required_for_full_replication_optional_for_equity_only_core,point_in_time_series_required_for_turnover,pending_real_same_day_candidate_universe,1
HEJFE-4E643D38FFB3016E,76695,24113,PNRA,2015-02-11T14:58:00-05:00,2015-02-11T19:58:00Z,2015-02-11,2015-02-11T09:30:00-05:00,2015-02-11T16:00:00-05:00,2015-02-11T14:28:00-05:00,2015-02-11T15:28:00-05:00,61,2015-02-11T15:33:00-05:00,0,21,21,2015-01-12,2015-02-10,2015-01-12;2015-01-13;2015-01-14;2015-01-15;2015-01-16;2015-01-20;2015-01-21;2015-01-22;2015-01-23;2015-01-26;2015-01-27;2015-01-28;2015-01-29;2015-01-30;2015-02-02;2015-02-03;2015-02-04;2015-02-05;2015-02-06;2015-02-09;2015-02-10,missing_authorized_exact_timestamp,conditional_on_point_in_time_nasdaq_listing,required_for_full_replication_optional_for_equity_only_core,point_in_time_series_required_for_turnover,pending_real_same_day_candidate_universe,1
HEJFE-99CCB9D9BECE4E72,76709,24197,IDXX,2012-01-26T13:47:00-05:00,2012-01-26T18:47:00Z,2012-01-26,2012-01-26T09:30:00-05:00,2012-01-26T16:00:00-05:00,2012-01-26T13:17:00-05:00,2012-01-26T14:17:00-05:00,61,2012-01-26T14:22:00-05:00,0,21,21,2011-12-23,2012-01-25,2011-12-23;2011-12-27;2011-12-28;2011-12-29;2011-12-30;2012-01-03;2012-01-04;2012-01-05;2012-01-06;2012-01-09;2012-01-10;2012-01-11;2012-01-12;2012-01-13;2012-01-17;2012-01-18;2012-01-19;2012-01-20;2012-01-23;2012-01-24;2012-01-25,missing_authorized_exact_timestamp,conditional_on_point_in_time_nasdaq_listing,required_for_full_replication_optional_for_equity_only_core,point_in_time_series_required_for_turnover,pending_real_same_day_candidate_universe,1
HEJFE-13FC93F4D143B268,76837,24021,HAE,2012-01-27T15:55:00-05:00,2012-01-27T20:55:00Z,2012-01-27,2012-01-27T09:30:00-05:00,2012-01-27T16:00:00-05:00,2012-01-27T15:25:00-05:00,2012-01-27T16:00:00-05:00,36,2012-01-27T16:00:00-05:00,5,21,21,2011-12-27,2012-01-26,2011-12-27;2011-12-28;2011-12-29;2011-12-30;2012-01-03;2012-01-04;2012-01-05;2012-01-06;2012-01-09;2012-01-10;2012-01-11;2012-01-12;2012-01-13;2012-01-17;2012-01-18;2012-01-19;2012-01-20;2012-01-23;2012-01-24;2012-01-25;2012-01-26,missing_authorized_exact_timestamp,conditional_on_point_in_time_nasdaq_listing,required_for_full_replication_optional_for_equity_only_core,point_in_time_series_required_for_turnover,pending_real_same_day_candidate_universe,1
HEJFE-DA7595FDF91D8CBC,77114,24725,WRLD,2012-01-24T15:53:00-05:00,2012-01-24T20:53:00Z,2012-01-24,2012-01-24T09:30:00-05:00,2012-01-24T16:00:00-05:00,2012-01-24T15:23:00-05:00,2012-01-24T16:00:00-05:00,38,2012-01-24T16:00:00-05:00,5,21,21,2011-12-21,2012-01-23,2011-12-21;2011-12-22;2011-12-23;2011-12-27;2011-12-28;2011-12-29;2011-12-30;2012-01-03;2012-01-04;2012-01-05;2012-01-06;2012-01-09;2012-01-10;2012-01-11;2012-01-12;2012-01-13;2012-01-17;2012-01-18;2012-01-19;2012-01-20;2012-01-23,missing_authorized_exact_timestamp,conditional_on_point_in_time_nasdaq_listing,required_for_full_replication_optional_for_equity_only_core,point_in_time_series_required_for_turnover,pending_real_same_day_candidate_universe,1
HEJFE-C4D39B22234902F2,77274,24856,GILD,2015-02-03T15:50:00-05:00,2015-02-03T20:50:00Z,2015-02-03,2015-02-03T09:30:00-05:00,2015-02-03T16:00:00-05:00,2015-02-03T15:20:00-05:00,2015-02-03T16:00:00-05:00,41,2015-02-03T16:00:00-05:00,5,21,21,2015-01-02,2015-02-02,2015-01-02;2015-01-05;2015-01-06;2015-01-07;2015-01-08;2015-01-09;2015-01-12;2015-01-13;2015-01-14;2015-01-15;2015-01-16;2015-01-20;2015-01-21;2015-01-22;2015-01-23;2015-01-26;2015-01-27;2015-01-28;2015-01-29;2015-01-30;2015-02-02,missing_authorized_exact_timestamp,conditional_on_point_in_time_nasdaq_listing,required_for_full_replication_optional_for_equity_only_core,point_in_time_series_required_for_turnover,pending_real_same_day_candidate_universe,1
HEJFE-8415E931D4314106,77515,25166,KOPN,2015-03-10T14:58:00-04:00,2015-03-10T18:58:00Z,2015-03-10,2015-03-10T09:30:00-04:00,2015-03-10T16:00:00-04:00,2015-03-10T14:28:00-04:00,2015-03-10T15:28:00-04:00,61,2015-03-10T15:33:00-04:00,0,21,21,2015-02-06,2015-03-09,2015-02-06;2015-02-09;2015-02-10;2015-02-11;2015-02-12;2015-02-13;2015-02-17;2015-02-18;2015-02-19;2015-02-20;2015-02-23;2015-02-24;2015-02-25;2015-02-26;2015-02-27;2015-03-02;2015-03-03;2015-03-04;2015-03-05;2015-03-06;2015-03-09,missing_authorized_exact_timestamp,conditional_on_point_in_time_nasdaq_listing,required_for_full_replication_optional_for_equity_only_core,point_in_time_series_required_for_turnover,pending_real_same_day_candidate_universe,1
HEJFE-A9DB7C5F6FD1D978,77702,25434,SBUX,2015-01-22T13:22:00-05:00,2015-01-22T18:22:00Z,2015-01-22,2015-01-22T09:30:00-05:00,2015-01-22T16:00:00-05:00,2015-01-22T12:52:00-05:00,2015-01-22T13:52:00-05:00,61,2015-01-22T13:57:00-05:00,0,21,22,2014-12-18,2015-01-21,2014-12-18;2014-12-19;2014-12-22;2014-12-23;2014-12-26;2014-12-29;2014-12-30;2014-12-31;2015-01-02;2015-01-05;2015-01-06;2015-01-07;2015-01-08;2015-01-09;2015-01-12;2015-01-13;2015-01-14;2015-01-15;2015-01-16;2015-01-20;2015-01-21,missing_authorized_exact_timestamp,conditional_on_point_in_time_nasdaq_listing,required_for_full_replication_optional_for_equity_only_core,point_in_time_series_required_for_turnover,pending_real_same_day_candidate_universe,1
HEJFE-760E36DA94752F1E,77902,25737,CAKE,2015-04-22T14:22:00-04:00,2015-04-22T18:22:00Z,2015-04-22,2015-04-22T09:30:00-04:00,2015-04-22T16:00:00-04:00,2015-04-22T13:52:00-04:00,2015-04-22T14:52:00-04:00,61,2015-04-22T14:57:00-04:00,0,21,21,2015-03-23,2015-04-21,2015-03-23;2015-03-24;2015-03-25;2015-03-26;2015-03-27;2015-03-30;2015-03-31;2015-04-01;2015-04-02;2015-04-06;2015-04-07;2015-04-08;2015-04-09;2015-04-10;2015-04-13;2015-04-14;2015-04-15;2015-04-16;2015-04-17;2015-04-20;2015-04-21,missing_authorized_exact_timestamp,conditional_on_point_in_time_nasdaq_listing,required_for_full_replication_optional_for_equity_only_core,point_in_time_series_required_for_turnover,pending_real_same_day_candidate_universe,1
HEJFE-5B6F87699FF5093E,78170,26013,SM,2015-05-05T15:08:00-04:00,2015-05-05T19:08:00Z,2015-05-05,2015-05-05T09:30:00-04:00,2015-05-05T16:00:00-04:00,2015-05-05T14:38:00-04:00,2015-05-05T15:38:00-04:00,61,2015-05-05T15:43:00-04:00,0,21,21,2015-04-06,2015-05-04,2015-04-06;2015-04-07;2015-04-08;2015-04-09;2015-04-10;2015-04-13;2015-04-14;2015-04-15;2015-04-16;2015-04-17;2015-04-20;2015-04-21;2015-04-22;2015-04-23;2015-04-24;2015-04-27;2015-04-28;2015-04-29;2015-04-30;2015-05-01;2015-05-04,missing_authorized_exact_timestamp,conditional_on_point_in_time_nasdaq_listing,required_for_full_replication_optional_for_equity_only_core,point_in_time_series_required_for_turnover,pending_real_same_day_candidate_universe,1
HEJFE-81F188C0D790FE70,78875,27794,CREE,2015-01-20T15:39:00-05:00,2015-01-20T20:39:00Z,2015-01-20,2015-01-20T09:30:00-05:00,2015-01-20T16:00:00-05:00,2015-01-20T15:09:00-05:00,2015-01-20T16:00:00-05:00,52,2015-01-20T16:00:00-05:00,5,21,22,2014-12-16,2015-01-16,2014-12-16;2014-12-17;2014-12-18;2014-12-19;2014-12-22;2014-12-23;2014-12-26;2014-12-29;2014-12-30;2014-12-31;2015-01-02;2015-01-05;2015-01-06;2015-01-07;2015-01-08;2015-01-09;2015-01-12;2015-01-13;2015-01-14;2015-01-15;2015-01-16,missing_authorized_exact_timestamp,conditional_on_point_in_time_nasdaq_listing,required_for_full_replication_optional_for_equity_only_core,point_in_time_series_required_for_turnover,pending_real_same_day_candidate_universe,1
HEJFE-D35C7804C2F5326C,78875,27794,CREE,2015-04-21T15:29:00-04:00,2015-04-21T19:29:00Z,2015-04-21,2015-04-21T09:30:00-04:00,2015-04-21T16:00:00-04:00,2015-04-21T14:59:00-04:00,2015-04-21T15:59:00-04:00,61,2015-04-21T16:00:00-04:00,4,21,21,2015-03-20,2015-04-20,2015-03-20;2015-03-23;2015-03-24;2015-03-25;2015-03-26;2015-03-27;2015-03-30;2015-03-31;2015-04-01;2015-04-02;2015-04-06;2015-04-07;2015-04-08;2015-04-09;2015-04-10;2015-04-13;2015-04-14;2015-04-15;2015-04-16;2015-04-17;2015-04-20,missing_authorized_exact_timestamp,conditional_on_point_in_time_nasdaq_listing,required_for_full_replication_optional_for_equity_only_core,point_in_time_series_required_for_turnover,pending_real_same_day_candidate_universe,1
HEJFE-AA2597B95CFD2A2D,78981,21440,LSTR,2011-10-21T15:48:00-04:00,2011-10-21T19:48:00Z,2011-10-21,2011-10-21T09:30:00-04:00,2011-10-21T16:00:00-04:00,2011-10-21T15:18:00-04:00,2011-10-21T16:00:00-04:00,43,2011-10-21T16:00:00-04:00,5,21,21,2011-09-22,2011-10-20,2011-09-22;2011-09-23;2011-09-26;2011-09-27;2011-09-28;2011-09-29;2011-09-30;2011-10-03;2011-10-04;2011-10-05;2011-10-06;2011-10-07;2011-10-10;2011-10-11;2011-10-12;2011-10-13;2011-10-14;2011-10-17;2011-10-18;2011-10-19;2011-10-20,missing_authorized_exact_timestamp,conditional_on_point_in_time_nasdaq_listing,required_for_full_replication_optional_for_equity_only_core,point_in_time_series_required_for_turnover,pending_real_same_day_candidate_universe,1
HEJFE-8596DDD6A535BD90,78990,27936,DEST,2012-01-25T15:34:00-05:00,2012-01-25T20:34:00Z,2012-01-25,2012-01-25T09:30:00-05:00,2012-01-25T16:00:00-05:00,2012-01-25T15:04:00-05:00,2012-01-25T16:00:00-05:00,57,2012-01-25T16:00:00-05:00,5,21,21,2011-12-22,2012-01-24,2011-12-22;2011-12-23;2011-12-27;2011-12-28;2011-12-29;2011-12-30;2012-01-03;2012-01-04;2012-01-05;2012-01-06;2012-01-09;2012-01-10;2012-01-11;2012-01-12;2012-01-13;2012-01-17;2012-01-18;2012-01-19;2012-01-20;2012-01-23;2012-01-24,missing_authorized_exact_timestamp,conditional_on_point_in_time_nasdaq_listing,required_for_full_replication_optional_for_equity_only_core,point_in_time_series_required_for_turnover,pending_real_same_day_candidate_universe,1
HEJFE-D6BA56FA6D57427E,79007,27938,SCVL,2015-05-20T15:17:00-04:00,2015-05-20T19:17:00Z,2015-05-20,2015-05-20T09:30:00-04:00,2015-05-20T16:00:00-04:00,2015-05-20T14:47:00-04:00,2015-05-20T15:47:00-04:00,61,2015-05-20T15:52:00-04:00,0,21,21,2015-04-21,2015-05-19,2015-04-21;2015-04-22;2015-04-23;2015-04-24;2015-04-27;2015-04-28;2015-04-29;2015-04-30;2015-05-01;2015-05-04;2015-05-05;2015-05-06;2015-05-07;2015-05-08;2015-05-11;2015-05-12;2015-05-13;2015-05-14;2015-05-15;2015-05-18;2015-05-19,missing_authorized_exact_timestamp,conditional_on_point_in_time_nasdaq_listing,required_for_full_replication_optional_for_equity_only_core,point_in_time_series_required_for_turnover,pending_real_same_day_candidate_universe,1
HEJFE-8F17F6BEDF631C8B,79507,28704,MCRI,2013-04-25T15:08:00-04:00,2013-04-25T19:08:00Z,2013-04-25,2013-04-25T09:30:00-04:00,2013-04-25T16:00:00-04:00,2013-04-25T14:38:00-04:00,2013-04-25T15:38:00-04:00,61,2013-04-25T15:43:00-04:00,0,21,21,2013-03-26,2013-04-24,2013-03-26;2013-03-27;2013-03-28;2013-04-01;2013-04-02;2013-04-03;2013-04-04;2013-04-05;2013-04-08;2013-04-09;2013-04-10;2013-04-11;2013-04-12;2013-04-15;2013-04-16;2013-04-17;2013-04-18;2013-04-19;2013-04-22;2013-04-23;2013-04-24,missing_authorized_exact_timestamp,conditional_on_point_in_time_nasdaq_listing,required_for_full_replication_optional_for_equity_only_core,point_in_time_series_required_for_turnover,pending_real_same_day_candidate_universe,1
HEJFE-5CB3223BB28A6F14,79545,28742,BWA,2011-07-27T10:59:00-04:00,2011-07-27T14:59:00Z,2011-07-27,2011-07-27T09:30:00-04:00,2011-07-27T16:00:00-04:00,2011-07-27T10:29:00-04:00,2011-07-27T11:29:00-04:00,61,2011-07-27T11:34:00-04:00,0,21,21,2011-06-27,2011-07-26,2011-06-27;2011-06-28;2011-06-29;2011-06-30;2011-07-01;2011-07-05;2011-07-06;2011-07-07;2011-07-08;2011-07-11;2011-07-12;2011-07-13;2011-07-14;2011-07-15;2011-07-18;2011-07-19;2011-07-20;2011-07-21;2011-07-22;2011-07-25;2011-07-26,missing_authorized_exact_timestamp,conditional_on_point_in_time_nasdaq_listing,required_for_full_replication_optional_for_equity_only_core,point_in_time_series_required_for_turnover,pending_real_same_day_candidate_universe,1
HEJFE-7482DE1CD44C1A00,79588,28877,GMCR,2015-02-04T14:07:00-05:00,2015-02-04T19:07:00Z,2015-02-04,2015-02-04T09:30:00-05:00,2015-02-04T16:00:00-05:00,2015-02-04T13:37:00-05:00,2015-02-04T14:37:00-05:00,61,2015-02-04T14:42:00-05:00,0,21,21,2015-01-05,2015-02-03,2015-01-05;2015-01-06;2015-01-07;2015-01-08;2015-01-09;2015-01-12;2015-01-13;2015-01-14;2015-01-15;2015-01-16;2015-01-20;2015-01-21;2015-01-22;2015-01-23;2015-01-26;2015-01-27;2015-01-28;2015-01-29;2015-01-30;2015-02-02;2015-02-03,missing_authorized_exact_timestamp,conditional_on_point_in_time_nasdaq_listing,required_for_full_replication_optional_for_equity_only_core,point_in_time_series_required_for_turnover,pending_real_same_day_candidate_universe,1
HEJFE-56483839E5F0E88F,79785,12459,NVR,2012-01-25T15:56:00-05:00,2012-01-25T20:56:00Z,2012-01-25,2012-01-25T09:30:00-05:00,2012-01-25T16:00:00-05:00,2012-01-25T15:26:00-05:00,2012-01-25T16:00:00-05:00,35,2012-01-25T16:00:00-05:00,5,21,21,2011-12-22,2012-01-24,2011-12-22;2011-12-23;2011-12-27;2011-12-28;2011-12-29;2011-12-30;2012-01-03;2012-01-04;2012-01-05;2012-01-06;2012-01-09;2012-01-10;2012-01-11;2012-01-12;2012-01-13;2012-01-17;2012-01-18;2012-01-19;2012-01-20;2012-01-23;2012-01-24,missing_authorized_exact_timestamp,conditional_on_point_in_time_nasdaq_listing,required_for_full_replication_optional_for_equity_only_core,point_in_time_series_required_for_turnover,pending_real_same_day_candidate_universe,1
HEJFE-89844B5980EB5339,79796,29246,AF,2012-01-25T15:18:00-05:00,2012-01-25T20:18:00Z,2012-01-25,2012-01-25T09:30:00-05:00,2012-01-25T16:00:00-05:00,2012-01-25T14:48:00-05:00,2012-01-25T15:48:00-05:00,61,2012-01-25T15:53:00-05:00,0,21,21,2011-12-22,2012-01-24,2011-12-22;2011-12-23;2011-12-27;2011-12-28;2011-12-29;2011-12-30;2012-01-03;2012-01-04;2012-01-05;2012-01-06;2012-01-09;2012-01-10;2012-01-11;2012-01-12;2012-01-13;2012-01-17;2012-01-18;2012-01-19;2012-01-20;2012-01-23;2012-01-24,missing_authorized_exact_timestamp,conditional_on_point_in_time_nasdaq_listing,required_for_full_replication_optional_for_equity_only_core,point_in_time_series_required_for_turnover,pending_real_same_day_candidate_universe,1
HEJFE-8536AD777ECEEACB,80446,30098,GDI,2013-04-25T15:17:00-04:00,2013-04-25T19:17:00Z,2013-04-25,2013-04-25T09:30:00-04:00,2013-04-25T16:00:00-04:00,2013-04-25T14:47:00-04:00,2013-04-25T15:47:00-04:00,61,2013-04-25T15:52:00-04:00,0,21,21,2013-03-26,2013-04-24,2013-03-26;2013-03-27;2013-03-28;2013-04-01;2013-04-02;2013-04-03;2013-04-04;2013-04-05;2013-04-08;2013-04-09;2013-04-10;2013-04-11;2013-04-12;2013-04-15;2013-04-16;2013-04-17;2013-04-18;2013-04-19;2013-04-22;2013-04-23;2013-04-24,missing_authorized_exact_timestamp,conditional_on_point_in_time_nasdaq_listing,required_for_full_replication_optional_for_equity_only_core,point_in_time_series_required_for_turnover,pending_real_same_day_candidate_universe,1
HEJFE-489E74F74AFB5AFA,81162,31147,MCRL,2013-04-25T14:32:00-04:00,2013-04-25T18:32:00Z,2013-04-25,2013-04-25T09:30:00-04:00,2013-04-25T16:00:00-04:00,2013-04-25T14:02:00-04:00,2013-04-25T15:02:00-04:00,61,2013-04-25T15:07:00-04:00,0,21,21,2013-03-26,2013-04-24,2013-03-26;2013-03-27;2013-03-28;2013-04-01;2013-04-02;2013-04-03;2013-04-04;2013-04-05;2013-04-08;2013-04-09;2013-04-10;2013-04-11;2013-04-12;2013-04-15;2013-04-16;2013-04-17;2013-04-18;2013-04-19;2013-04-22;2013-04-23;2013-04-24,missing_authorized_exact_timestamp,conditional_on_point_in_time_nasdaq_listing,required_for_full_replication_optional_for_equity_only_core,point_in_time_series_required_for_turnover,pending_real_same_day_candidate_universe,1
HEJFE-D4E8CD312A2AA576,81256,31488,ISSI,2012-01-25T14:51:00-05:00,2012-01-25T19:51:00Z,2012-01-25,2012-01-25T09:30:00-05:00,2012-01-25T16:00:00-05:00,2012-01-25T14:21:00-05:00,2012-01-25T15:21:00-05:00,61,2012-01-25T15:26:00-05:00,0,21,21,2011-12-22,2012-01-24,2011-12-22;2011-12-23;2011-12-27;2011-12-28;2011-12-29;2011-12-30;2012-01-03;2012-01-04;2012-01-05;2012-01-06;2012-01-09;2012-01-10;2012-01-11;2012-01-12;2012-01-13;2012-01-17;2012-01-18;2012-01-19;2012-01-20;2012-01-23;2012-01-24,missing_authorized_exact_timestamp,conditional_on_point_in_time_nasdaq_listing,required_for_full_replication_optional_for_equity_only_core,point_in_time_series_required_for_turnover,pending_real_same_day_candidate_universe,1
HEJFE-F9E72EEF6E5BD373,81501,31607,NATI,2015-01-29T15:51:00-05:00,2015-01-29T20:51:00Z,2015-01-29,2015-01-29T09:30:00-05:00,2015-01-29T16:00:00-05:00,2015-01-29T15:21:00-05:00,2015-01-29T16:00:00-05:00,40,2015-01-29T16:00:00-05:00,5,21,21,2014-12-29,2015-01-28,2014-12-29;2014-12-30;2014-12-31;2015-01-02;2015-01-05;2015-01-06;2015-01-07;2015-01-08;2015-01-09;2015-01-12;2015-01-13;2015-01-14;2015-01-15;2015-01-16;2015-01-20;2015-01-21;2015-01-22;2015-01-23;2015-01-26;2015-01-27;2015-01-28,missing_authorized_exact_timestamp,conditional_on_point_in_time_nasdaq_listing,required_for_full_replication_optional_for_equity_only_core,point_in_time_series_required_for_turnover,pending_real_same_day_candidate_universe,1
HEJFE-7F8218B15679F14D,81501,31607,NATI,2015-04-28T13:59:00-04:00,2015-04-28T17:59:00Z,2015-04-28,2015-04-28T09:30:00-04:00,2015-04-28T16:00:00-04:00,2015-04-28T13:29:00-04:00,2015-04-28T14:29:00-04:00,61,2015-04-28T14:34:00-04:00,0,21,21,2015-03-27,2015-04-27,2015-03-27;2015-03-30;2015-03-31;2015-04-01;2015-04-02;2015-04-06;2015-04-07;2015-04-08;2015-04-09;2015-04-10;2015-04-13;2015-04-14;2015-04-15;2015-04-16;2015-04-17;2015-04-20;2015-04-21;2015-04-22;2015-04-23;2015-04-24;2015-04-27,missing_authorized_exact_timestamp,conditional_on_point_in_time_nasdaq_listing,required_for_full_replication_optional_for_equity_only_core,point_in_time_series_required_for_turnover,pending_real_same_day_candidate_universe,1
HEJFE-2F14F138D09BCA76,81564,24466,IBKC,2012-01-24T13:53:00-05:00,2012-01-24T18:53:00Z,2012-01-24,2012-01-24T09:30:00-05:00,2012-01-24T16:00:00-05:00,2012-01-24T13:23:00-05:00,2012-01-24T14:23:00-05:00,61,2012-01-24T14:28:00-05:00,0,21,21,2011-12-21,2012-01-23,2011-12-21;2011-12-22;2011-12-23;2011-12-27;2011-12-28;2011-12-29;2011-12-30;2012-01-03;2012-01-04;2012-01-05;2012-01-06;2012-01-09;2012-01-10;2012-01-11;2012-01-12;2012-01-13;2012-01-17;2012-01-18;2012-01-19;2012-01-20;2012-01-23,missing_authorized_exact_timestamp,conditional_on_point_in_time_nasdaq_listing,required_for_full_replication_optional_for_equity_only_core,point_in_time_series_required_for_turnover,pending_real_same_day_candidate_universe,1
HEJFE-48B08BAEDCEEDEFC,82618,61513,SNDK,2015-01-21T15:00:00-05:00,2015-01-21T20:00:00Z,2015-01-21,2015-01-21T09:30:00-05:00,2015-01-21T16:00:00-05:00,2015-01-21T14:30:00-05:00,2015-01-21T15:30:00-05:00,61,2015-01-21T15:35:00-05:00,0,21,22,2014-12-17,2015-01-20,2014-12-17;2014-12-18;2014-12-19;2014-12-22;2014-12-23;2014-12-26;2014-12-29;2014-12-30;2014-12-31;2015-01-02;2015-01-05;2015-01-06;2015-01-07;2015-01-08;2015-01-09;2015-01-12;2015-01-13;2015-01-14;2015-01-15;2015-01-16;2015-01-20,missing_authorized_exact_timestamp,conditional_on_point_in_time_nasdaq_listing,required_for_full_replication_optional_for_equity_only_core,point_in_time_series_required_for_turnover,pending_real_same_day_candidate_universe,1
HEJFE-54A5D1D8A5B593C8,82759,61685,NUAN,2015-02-05T15:33:00-05:00,2015-02-05T20:33:00Z,2015-02-05,2015-02-05T09:30:00-05:00,2015-02-05T16:00:00-05:00,2015-02-05T15:03:00-05:00,2015-02-05T16:00:00-05:00,58,2015-02-05T16:00:00-05:00,5,21,21,2015-01-06,2015-02-04,2015-01-06;2015-01-07;2015-01-08;2015-01-09;2015-01-12;2015-01-13;2015-01-14;2015-01-15;2015-01-16;2015-01-20;2015-01-21;2015-01-22;2015-01-23;2015-01-26;2015-01-27;2015-01-28;2015-01-29;2015-01-30;2015-02-02;2015-02-03;2015-02-04,missing_authorized_exact_timestamp,conditional_on_point_in_time_nasdaq_listing,required_for_full_replication_optional_for_equity_only_core,point_in_time_series_required_for_turnover,pending_real_same_day_candidate_universe,1
HEJFE-7CA38C1FDA5EA4D0,83244,62516,CENX,2013-04-25T15:22:00-04:00,2013-04-25T19:22:00Z,2013-04-25,2013-04-25T09:30:00-04:00,2013-04-25T16:00:00-04:00,2013-04-25T14:52:00-04:00,2013-04-25T15:52:00-04:00,61,2013-04-25T15:57:00-04:00,0,21,21,2013-03-26,2013-04-24,2013-03-26;2013-03-27;2013-03-28;2013-04-01;2013-04-02;2013-04-03;2013-04-04;2013-04-05;2013-04-08;2013-04-09;2013-04-10;2013-04-11;2013-04-12;2013-04-15;2013-04-16;2013-04-17;2013-04-18;2013-04-19;2013-04-22;2013-04-23;2013-04-24,missing_authorized_exact_timestamp,conditional_on_point_in_time_nasdaq_listing,required_for_full_replication_optional_for_equity_only_core,point_in_time_series_required_for_turnover,pending_real_same_day_candidate_universe,1
HEJFE-809E53BB4081FBAE,84624,64480,ROVI,2015-04-30T14:48:00-04:00,2015-04-30T18:48:00Z,2015-04-30,2015-04-30T09:30:00-04:00,2015-04-30T16:00:00-04:00,2015-04-30T14:18:00-04:00,2015-04-30T15:18:00-04:00,61,2015-04-30T15:23:00-04:00,0,21,21,2015-03-31,2015-04-29,2015-03-31;2015-04-01;2015-04-02;2015-04-06;2015-04-07;2015-04-08;2015-04-09;2015-04-10;2015-04-13;2015-04-14;2015-04-15;2015-04-16;2015-04-17;2015-04-20;2015-04-21;2015-04-22;2015-04-23;2015-04-24;2015-04-27;2015-04-28;2015-04-29,missing_authorized_exact_timestamp,conditional_on_point_in_time_nasdaq_listing,required_for_full_replication_optional_for_equity_only_core,point_in_time_series_required_for_turnover,pending_real_same_day_candidate_universe,1
HEJFE-00D863517A3A754C,85663,66065,URI,2015-01-21T15:43:00-05:00,2015-01-21T20:43:00Z,2015-01-21,2015-01-21T09:30:00-05:00,2015-01-21T16:00:00-05:00,2015-01-21T15:13:00-05:00,2015-01-21T16:00:00-05:00,48,2015-01-21T16:00:00-05:00,5,21,22,2014-12-17,2015-01-20,2014-12-17;2014-12-18;2014-12-19;2014-12-22;2014-12-23;2014-12-26;2014-12-29;2014-12-30;2014-12-31;2015-01-02;2015-01-05;2015-01-06;2015-01-07;2015-01-08;2015-01-09;2015-01-12;2015-01-13;2015-01-14;2015-01-15;2015-01-16;2015-01-20,missing_authorized_exact_timestamp,conditional_on_point_in_time_nasdaq_listing,required_for_full_replication_optional_for_equity_only_core,point_in_time_series_required_for_turnover,pending_real_same_day_candidate_universe,1
HEJFE-0AA84E6E44ED02D8,85675,65967,AMSG,2015-02-25T15:57:00-05:00,2015-02-25T20:57:00Z,2015-02-25,2015-02-25T09:30:00-05:00,2015-02-25T16:00:00-05:00,2015-02-25T15:27:00-05:00,2015-02-25T16:00:00-05:00,34,2015-02-25T16:00:00-05:00,5,21,21,2015-01-26,2015-02-24,2015-01-26;2015-01-27;2015-01-28;2015-01-29;2015-01-30;2015-02-02;2015-02-03;2015-02-04;2015-02-05;2015-02-06;2015-02-09;2015-02-10;2015-02-11;2015-02-12;2015-02-13;2015-02-17;2015-02-18;2015-02-19;2015-02-20;2015-02-23;2015-02-24,missing_authorized_exact_timestamp,conditional_on_point_in_time_nasdaq_listing,required_for_full_replication_optional_for_equity_only_core,point_in_time_series_required_for_turnover,pending_real_same_day_candidate_universe,1
HEJFE-8A0517D50278EAE4,85710,66032,POWI,2015-04-29T15:23:00-04:00,2015-04-29T19:23:00Z,2015-04-29,2015-04-29T09:30:00-04:00,2015-04-29T16:00:00-04:00,2015-04-29T14:53:00-04:00,2015-04-29T15:53:00-04:00,61,2015-04-29T15:58:00-04:00,0,21,21,2015-03-30,2015-04-28,2015-03-30;2015-03-31;2015-04-01;2015-04-02;2015-04-06;2015-04-07;2015-04-08;2015-04-09;2015-04-10;2015-04-13;2015-04-14;2015-04-15;2015-04-16;2015-04-17;2015-04-20;2015-04-21;2015-04-22;2015-04-23;2015-04-24;2015-04-27;2015-04-28,missing_authorized_exact_timestamp,conditional_on_point_in_time_nasdaq_listing,required_for_full_replication_optional_for_equity_only_core,point_in_time_series_required_for_turnover,pending_real_same_day_candidate_universe,1
HEJFE-1FCAAB3F7CC931CF,85753,66368,VRSN,2013-04-25T14:07:00-04:00,2013-04-25T18:07:00Z,2013-04-25,2013-04-25T09:30:00-04:00,2013-04-25T16:00:00-04:00,2013-04-25T13:37:00-04:00,2013-04-25T14:37:00-04:00,61,2013-04-25T14:42:00-04:00,0,21,21,2013-03-26,2013-04-24,2013-03-26;2013-03-27;2013-03-28;2013-04-01;2013-04-02;2013-04-03;2013-04-04;2013-04-05;2013-04-08;2013-04-09;2013-04-10;2013-04-11;2013-04-12;2013-04-15;2013-04-16;2013-04-17;2013-04-18;2013-04-19;2013-04-22;2013-04-23;2013-04-24,missing_authorized_exact_timestamp,conditional_on_point_in_time_nasdaq_listing,required_for_full_replication_optional_for_equity_only_core,point_in_time_series_required_for_turnover,pending_real_same_day_candidate_universe,1
HEJFE-FBFFFD99898188CF,85863,105936,COLM,2015-02-12T14:33:00-05:00,2015-02-12T19:33:00Z,2015-02-12,2015-02-12T09:30:00-05:00,2015-02-12T16:00:00-05:00,2015-02-12T14:03:00-05:00,2015-02-12T15:03:00-05:00,61,2015-02-12T15:08:00-05:00,0,21,21,2015-01-13,2015-02-11,2015-01-13;2015-01-14;2015-01-15;2015-01-16;2015-01-20;2015-01-21;2015-01-22;2015-01-23;2015-01-26;2015-01-27;2015-01-28;2015-01-29;2015-01-30;2015-02-02;2015-02-03;2015-02-04;2015-02-05;2015-02-06;2015-02-09;2015-02-10;2015-02-11,missing_authorized_exact_timestamp,conditional_on_point_in_time_nasdaq_listing,required_for_full_replication_optional_for_equity_only_core,point_in_time_series_required_for_turnover,pending_real_same_day_candidate_universe,1
HEJFE-0BCEF81B6C0111FB,85863,105936,COLM,2015-04-30T15:13:00-04:00,2015-04-30T19:13:00Z,2015-04-30,2015-04-30T09:30:00-04:00,2015-04-30T16:00:00-04:00,2015-04-30T14:43:00-04:00,2015-04-30T15:43:00-04:00,61,2015-04-30T15:48:00-04:00,0,21,21,2015-03-31,2015-04-29,2015-03-31;2015-04-01;2015-04-02;2015-04-06;2015-04-07;2015-04-08;2015-04-09;2015-04-10;2015-04-13;2015-04-14;2015-04-15;2015-04-16;2015-04-17;2015-04-20;2015-04-21;2015-04-22;2015-04-23;2015-04-24;2015-04-27;2015-04-28;2015-04-29,missing_authorized_exact_timestamp,conditional_on_point_in_time_nasdaq_listing,required_for_full_replication_optional_for_equity_only_core,point_in_time_series_required_for_turnover,pending_real_same_day_candidate_universe,1
HEJFE-F170013A9B3F85E2,86949,121142,SKX,2015-04-22T15:24:00-04:00,2015-04-22T19:24:00Z,2015-04-22,2015-04-22T09:30:00-04:00,2015-04-22T16:00:00-04:00,2015-04-22T14:54:00-04:00,2015-04-22T15:54:00-04:00,61,2015-04-22T15:59:00-04:00,0,21,21,2015-03-23,2015-04-21,2015-03-23;2015-03-24;2015-03-25;2015-03-26;2015-03-27;2015-03-30;2015-03-31;2015-04-01;2015-04-02;2015-04-06;2015-04-07;2015-04-08;2015-04-09;2015-04-10;2015-04-13;2015-04-14;2015-04-15;2015-04-16;2015-04-17;2015-04-20;2015-04-21,missing_authorized_exact_timestamp,conditional_on_point_in_time_nasdaq_listing,required_for_full_replication_optional_for_equity_only_core,point_in_time_series_required_for_turnover,pending_real_same_day_candidate_universe,1
HEJFE-D7FD00AF94DD8F41,86979,121718,JNPR,2011-04-19T15:50:00-04:00,2011-04-19T19:50:00Z,2011-04-19,2011-04-19T09:30:00-04:00,2011-04-19T16:00:00-04:00,2011-04-19T15:20:00-04:00,2011-04-19T16:00:00-04:00,41,2011-04-19T16:00:00-04:00,5,21,21,2011-03-21,2011-04-18,2011-03-21;2011-03-22;2011-03-23;2011-03-24;2011-03-25;2011-03-28;2011-03-29;2011-03-30;2011-03-31;2011-04-01;2011-04-04;2011-04-05;2011-04-06;2011-04-07;2011-04-08;2011-04-11;2011-04-12;2011-04-13;2011-04-14;2011-04-15;2011-04-18,missing_authorized_exact_timestamp,conditional_on_point_in_time_nasdaq_listing,required_for_full_replication_optional_for_equity_only_core,point_in_time_series_required_for_turnover,pending_real_same_day_candidate_universe,1
HEJFE-2558DC6865781793,86979,121718,JNPR,2013-04-23T14:31:00-04:00,2013-04-23T18:31:00Z,2013-04-23,2013-04-23T09:30:00-04:00,2013-04-23T16:00:00-04:00,2013-04-23T14:01:00-04:00,2013-04-23T15:01:00-04:00,61,2013-04-23T15:06:00-04:00,0,21,21,2013-03-22,2013-04-22,2013-03-22;2013-03-25;2013-03-26;2013-03-27;2013-03-28;2013-04-01;2013-04-02;2013-04-03;2013-04-04;2013-04-05;2013-04-08;2013-04-09;2013-04-10;2013-04-11;2013-04-12;2013-04-15;2013-04-16;2013-04-17;2013-04-18;2013-04-19;2013-04-22,missing_authorized_exact_timestamp,conditional_on_point_in_time_nasdaq_listing,required_for_full_replication_optional_for_equity_only_core,point_in_time_series_required_for_turnover,pending_real_same_day_candidate_universe,1
HEJFE-E61095F8DC4132DE,86979,121718,JNPR,2013-07-23T15:03:00-04:00,2013-07-23T19:03:00Z,2013-07-23,2013-07-23T09:30:00-04:00,2013-07-23T16:00:00-04:00,2013-07-23T14:33:00-04:00,2013-07-23T15:33:00-04:00,61,2013-07-23T15:38:00-04:00,0,21,22,2013-06-20,2013-07-22,2013-06-20;2013-06-21;2013-06-24;2013-06-25;2013-06-26;2013-06-27;2013-06-28;2013-07-01;2013-07-02;2013-07-05;2013-07-08;2013-07-09;2013-07-10;2013-07-11;2013-07-12;2013-07-15;2013-07-16;2013-07-17;2013-07-18;2013-07-19;2013-07-22,missing_authorized_exact_timestamp,conditional_on_point_in_time_nasdaq_listing,required_for_full_replication_optional_for_equity_only_core,point_in_time_series_required_for_turnover,pending_real_same_day_candidate_universe,1
HEJFE-F20ECC0C09BBC89E,86979,121718,JNPR,2013-10-22T13:58:00-04:00,2013-10-22T17:58:00Z,2013-10-22,2013-10-22T09:30:00-04:00,2013-10-22T16:00:00-04:00,2013-10-22T13:28:00-04:00,2013-10-22T14:28:00-04:00,61,2013-10-22T14:33:00-04:00,0,21,21,2013-09-23,2013-10-21,2013-09-23;2013-09-24;2013-09-25;2013-09-26;2013-09-27;2013-09-30;2013-10-01;2013-10-02;2013-10-03;2013-10-04;2013-10-07;2013-10-08;2013-10-09;2013-10-10;2013-10-11;2013-10-14;2013-10-15;2013-10-16;2013-10-17;2013-10-18;2013-10-21,missing_authorized_exact_timestamp,conditional_on_point_in_time_nasdaq_listing,required_for_full_replication_optional_for_equity_only_core,point_in_time_series_required_for_turnover,pending_real_same_day_candidate_universe,1
HEJFE-06AE65B9C8FB0395,87000,121673,STMP,2013-04-24T15:28:00-04:00,2013-04-24T19:28:00Z,2013-04-24,2013-04-24T09:30:00-04:00,2013-04-24T16:00:00-04:00,2013-04-24T14:58:00-04:00,2013-04-24T15:58:00-04:00,61,2013-04-24T16:00:00-04:00,3,21,21,2013-03-25,2013-04-23,2013-03-25;2013-03-26;2013-03-27;2013-03-28;2013-04-01;2013-04-02;2013-04-03;2013-04-04;2013-04-05;2013-04-08;2013-04-09;2013-04-10;2013-04-11;2013-04-12;2013-04-15;2013-04-16;2013-04-17;2013-04-18;2013-04-19;2013-04-22;2013-04-23,missing_authorized_exact_timestamp,conditional_on_point_in_time_nasdaq_listing,required_for_full_replication_optional_for_equity_only_core,point_in_time_series_required_for_turnover,pending_real_same_day_candidate_universe,1
HEJFE-2C887DA6F617936F,87092,122061,TIBX,2013-09-19T15:29:00-04:00,2013-09-19T19:29:00Z,2013-09-19,2013-09-19T09:30:00-04:00,2013-09-19T16:00:00-04:00,2013-09-19T14:59:00-04:00,2013-09-19T15:59:00-04:00,61,2013-09-19T16:00:00-04:00,4,21,21,2013-08-20,2013-09-18,2013-08-20;2013-08-21;2013-08-22;2013-08-23;2013-08-26;2013-08-27;2013-08-28;2013-08-29;2013-08-30;2013-09-03;2013-09-04;2013-09-05;2013-09-06;2013-09-09;2013-09-10;2013-09-11;2013-09-12;2013-09-13;2013-09-16;2013-09-17;2013-09-18,missing_authorized_exact_timestamp,conditional_on_point_in_time_nasdaq_listing,required_for_full_replication_optional_for_equity_only_core,point_in_time_series_required_for_turnover,pending_real_same_day_candidate_universe,1
HEJFE-E575622C8FDAB71F,87612,130762,ISIL,2013-04-24T14:57:00-04:00,2013-04-24T18:57:00Z,2013-04-24,2013-04-24T09:30:00-04:00,2013-04-24T16:00:00-04:00,2013-04-24T14:27:00-04:00,2013-04-24T15:27:00-04:00,61,2013-04-24T15:32:00-04:00,0,21,21,2013-03-25,2013-04-23,2013-03-25;2013-03-26;2013-03-27;2013-03-28;2013-04-01;2013-04-02;2013-04-03;2013-04-04;2013-04-05;2013-04-08;2013-04-09;2013-04-10;2013-04-11;2013-04-12;2013-04-15;2013-04-16;2013-04-17;2013-04-18;2013-04-19;2013-04-22;2013-04-23,missing_authorized_exact_timestamp,conditional_on_point_in_time_nasdaq_listing,required_for_full_replication_optional_for_equity_only_core,point_in_time_series_required_for_turnover,pending_real_same_day_candidate_universe,1
HEJFE-198DE6D99E934F32,87657,133366,EW,2011-04-20T14:29:00-04:00,2011-04-20T18:29:00Z,2011-04-20,2011-04-20T09:30:00-04:00,2011-04-20T16:00:00-04:00,2011-04-20T13:59:00-04:00,2011-04-20T14:59:00-04:00,61,2011-04-20T15:04:00-04:00,0,21,21,2011-03-22,2011-04-19,2011-03-22;2011-03-23;2011-03-24;2011-03-25;2011-03-28;2011-03-29;2011-03-30;2011-03-31;2011-04-01;2011-04-04;2011-04-05;2011-04-06;2011-04-07;2011-04-08;2011-04-11;2011-04-12;2011-04-13;2011-04-14;2011-04-15;2011-04-18;2011-04-19,missing_authorized_exact_timestamp,conditional_on_point_in_time_nasdaq_listing,required_for_full_replication_optional_for_equity_only_core,point_in_time_series_required_for_turnover,pending_real_same_day_candidate_universe,1
HEJFE-ED329F780A1085DA,87657,133366,EW,2013-04-23T13:28:00-04:00,2013-04-23T17:28:00Z,2013-04-23,2013-04-23T09:30:00-04:00,2013-04-23T16:00:00-04:00,2013-04-23T12:58:00-04:00,2013-04-23T13:58:00-04:00,61,2013-04-23T14:03:00-04:00,0,21,21,2013-03-22,2013-04-22,2013-03-22;2013-03-25;2013-03-26;2013-03-27;2013-03-28;2013-04-01;2013-04-02;2013-04-03;2013-04-04;2013-04-05;2013-04-08;2013-04-09;2013-04-10;2013-04-11;2013-04-12;2013-04-15;2013-04-16;2013-04-17;2013-04-18;2013-04-19;2013-04-22,missing_authorized_exact_timestamp,conditional_on_point_in_time_nasdaq_listing,required_for_full_replication_optional_for_equity_only_core,point_in_time_series_required_for_turnover,pending_real_same_day_candidate_universe,1
HEJFE-BFE8A42E0C19BA39,88203,66686,VDSI,2011-10-26T14:26:00-04:00,2011-10-26T18:26:00Z,2011-10-26,2011-10-26T09:30:00-04:00,2011-10-26T16:00:00-04:00,2011-10-26T13:56:00-04:00,2011-10-26T14:56:00-04:00,61,2011-10-26T15:01:00-04:00,0,21,21,2011-09-27,2011-10-25,2011-09-27;2011-09-28;2011-09-29;2011-09-30;2011-10-03;2011-10-04;2011-10-05;2011-10-06;2011-10-07;2011-10-10;2011-10-11;2011-10-12;2011-10-13;2011-10-14;2011-10-17;2011-10-18;2011-10-19;2011-10-20;2011-10-21;2011-10-24;2011-10-25,missing_authorized_exact_timestamp,conditional_on_point_in_time_nasdaq_listing,required_for_full_replication_optional_for_equity_only_core,point_in_time_series_required_for_turnover,pending_real_same_day_candidate_universe,1
HEJFE-947F50EBAFBA54DC,88281,137131,CRL,2015-02-10T15:55:00-05:00,2015-02-10T20:55:00Z,2015-02-10,2015-02-10T09:30:00-05:00,2015-02-10T16:00:00-05:00,2015-02-10T15:25:00-05:00,2015-02-10T16:00:00-05:00,36,2015-02-10T16:00:00-05:00,5,21,21,2015-01-09,2015-02-09,2015-01-09;2015-01-12;2015-01-13;2015-01-14;2015-01-15;2015-01-16;2015-01-20;2015-01-21;2015-01-22;2015-01-23;2015-01-26;2015-01-27;2015-01-28;2015-01-29;2015-01-30;2015-02-02;2015-02-03;2015-02-04;2015-02-05;2015-02-06;2015-02-09,missing_authorized_exact_timestamp,conditional_on_point_in_time_nasdaq_listing,required_for_full_replication_optional_for_equity_only_core,point_in_time_series_required_for_turnover,pending_real_same_day_candidate_universe,1
HEJFE-4FB44934BC5C5221,88335,136884,DNDN,2011-08-03T15:56:00-04:00,2011-08-03T19:56:00Z,2011-08-03,2011-08-03T09:30:00-04:00,2011-08-03T16:00:00-04:00,2011-08-03T15:26:00-04:00,2011-08-03T16:00:00-04:00,35,2011-08-03T16:00:00-04:00,5,21,21,2011-07-05,2011-08-02,2011-07-05;2011-07-06;2011-07-07;2011-07-08;2011-07-11;2011-07-12;2011-07-13;2011-07-14;2011-07-15;2011-07-18;2011-07-19;2011-07-20;2011-07-21;2011-07-22;2011-07-25;2011-07-26;2011-07-27;2011-07-28;2011-07-29;2011-08-01;2011-08-02,missing_authorized_exact_timestamp,conditional_on_point_in_time_nasdaq_listing,required_for_full_replication_optional_for_equity_only_core,point_in_time_series_required_for_turnover,pending_real_same_day_candidate_universe,1
HEJFE-8A11E54A9679E09D,88446,138205,ILMN,2015-01-27T15:11:00-05:00,2015-01-27T20:11:00Z,2015-01-27,2015-01-27T09:30:00-05:00,2015-01-27T16:00:00-05:00,2015-01-27T14:41:00-05:00,2015-01-27T15:41:00-05:00,61,2015-01-27T15:46:00-05:00,0,21,22,2014-12-23,2015-01-26,2014-12-23;2014-12-26;2014-12-29;2014-12-30;2014-12-31;2015-01-02;2015-01-05;2015-01-06;2015-01-07;2015-01-08;2015-01-09;2015-01-12;2015-01-13;2015-01-14;2015-01-15;2015-01-16;2015-01-20;2015-01-21;2015-01-22;2015-01-23;2015-01-26,missing_authorized_exact_timestamp,conditional_on_point_in_time_nasdaq_listing,required_for_full_replication_optional_for_equity_only_core,point_in_time_series_required_for_turnover,pending_real_same_day_candidate_universe,1
HEJFE-45559DD90D876D39,88446,138205,ILMN,2015-04-21T14:48:00-04:00,2015-04-21T18:48:00Z,2015-04-21,2015-04-21T09:30:00-04:00,2015-04-21T16:00:00-04:00,2015-04-21T14:18:00-04:00,2015-04-21T15:18:00-04:00,61,2015-04-21T15:23:00-04:00,0,21,21,2015-03-20,2015-04-20,2015-03-20;2015-03-23;2015-03-24;2015-03-25;2015-03-26;2015-03-27;2015-03-30;2015-03-31;2015-04-01;2015-04-02;2015-04-06;2015-04-07;2015-04-08;2015-04-09;2015-04-10;2015-04-13;2015-04-14;2015-04-15;2015-04-16;2015-04-17;2015-04-20,missing_authorized_exact_timestamp,conditional_on_point_in_time_nasdaq_listing,required_for_full_replication_optional_for_equity_only_core,point_in_time_series_required_for_turnover,pending_real_same_day_candidate_universe,1
HEJFE-3046057647A0FC5C,88504,138483,BRKR,2015-05-06T15:30:00-04:00,2015-05-06T19:30:00Z,2015-05-06,2015-05-06T09:30:00-04:00,2015-05-06T16:00:00-04:00,2015-05-06T15:00:00-04:00,2015-05-06T16:00:00-04:00,61,2015-05-06T16:00:00-04:00,5,21,21,2015-04-07,2015-05-05,2015-04-07;2015-04-08;2015-04-09;2015-04-10;2015-04-13;2015-04-14;2015-04-15;2015-04-16;2015-04-17;2015-04-20;2015-04-21;2015-04-22;2015-04-23;2015-04-24;2015-04-27;2015-04-28;2015-04-29;2015-04-30;2015-05-01;2015-05-04;2015-05-05,missing_authorized_exact_timestamp,conditional_on_point_in_time_nasdaq_listing,required_for_full_replication_optional_for_equity_only_core,point_in_time_series_required_for_turnover,pending_real_same_day_candidate_universe,1
HEJFE-1E37362063697486,88853,4818,FLR,2015-02-17T15:06:00-05:00,2015-02-17T20:06:00Z,2015-02-17,2015-02-17T09:30:00-05:00,2015-02-17T16:00:00-05:00,2015-02-17T14:36:00-05:00,2015-02-17T15:36:00-05:00,61,2015-02-17T15:41:00-05:00,0,21,21,2015-01-15,2015-02-13,2015-01-15;2015-01-16;2015-01-20;2015-01-21;2015-01-22;2015-01-23;2015-01-26;2015-01-27;2015-01-28;2015-01-29;2015-01-30;2015-02-02;2015-02-03;2015-02-04;2015-02-05;2015-02-06;2015-02-09;2015-02-10;2015-02-11;2015-02-12;2015-02-13,missing_authorized_exact_timestamp,conditional_on_point_in_time_nasdaq_listing,required_for_full_replication_optional_for_equity_only_core,point_in_time_series_required_for_turnover,pending_real_same_day_candidate_universe,1
HEJFE-830337A8564B826E,88860,141384,ALGN,2013-10-17T13:43:00-04:00,2013-10-17T17:43:00Z,2013-10-17,2013-10-17T09:30:00-04:00,2013-10-17T16:00:00-04:00,2013-10-17T13:13:00-04:00,2013-10-17T14:13:00-04:00,61,2013-10-17T14:18:00-04:00,0,21,21,2013-09-18,2013-10-16,2013-09-18;2013-09-19;2013-09-20;2013-09-23;2013-09-24;2013-09-25;2013-09-26;2013-09-27;2013-09-30;2013-10-01;2013-10-02;2013-10-03;2013-10-04;2013-10-07;2013-10-08;2013-10-09;2013-10-10;2013-10-11;2013-10-14;2013-10-15;2013-10-16,missing_authorized_exact_timestamp,conditional_on_point_in_time_nasdaq_listing,required_for_full_replication_optional_for_equity_only_core,point_in_time_series_required_for_turnover,pending_real_same_day_candidate_universe,1
HEJFE-D6AE4ACB99958A73,88949,141460,SGEN,2015-04-30T14:18:00-04:00,2015-04-30T18:18:00Z,2015-04-30,2015-04-30T09:30:00-04:00,2015-04-30T16:00:00-04:00,2015-04-30T13:48:00-04:00,2015-04-30T14:48:00-04:00,61,2015-04-30T14:53:00-04:00,0,21,21,2015-03-31,2015-04-29,2015-03-31;2015-04-01;2015-04-02;2015-04-06;2015-04-07;2015-04-08;2015-04-09;2015-04-10;2015-04-13;2015-04-14;2015-04-15;2015-04-16;2015-04-17;2015-04-20;2015-04-21;2015-04-22;2015-04-23;2015-04-24;2015-04-27;2015-04-28;2015-04-29,missing_authorized_exact_timestamp,conditional_on_point_in_time_nasdaq_listing,required_for_full_replication_optional_for_equity_only_core,point_in_time_series_required_for_turnover,pending_real_same_day_candidate_universe,1
HEJFE-791693865584F9CB,89014,144066,COL,2015-04-22T14:29:00-04:00,2015-04-22T18:29:00Z,2015-04-22,2015-04-22T09:30:00-04:00,2015-04-22T16:00:00-04:00,2015-04-22T13:59:00-04:00,2015-04-22T14:59:00-04:00,61,2015-04-22T15:04:00-04:00,0,21,21,2015-03-23,2015-04-21,2015-03-23;2015-03-24;2015-03-25;2015-03-26;2015-03-27;2015-03-30;2015-03-31;2015-04-01;2015-04-02;2015-04-06;2015-04-07;2015-04-08;2015-04-09;2015-04-10;2015-04-13;2015-04-14;2015-04-15;2015-04-16;2015-04-17;2015-04-20;2015-04-21,missing_authorized_exact_timestamp,conditional_on_point_in_time_nasdaq_listing,required_for_full_replication_optional_for_equity_only_core,point_in_time_series_required_for_turnover,pending_real_same_day_candidate_universe,1
HEJFE-74011A906BCCABE9,89204,145367,AGP,2011-10-27T13:03:00-04:00,2011-10-27T17:03:00Z,2011-10-27,2011-10-27T09:30:00-04:00,2011-10-27T16:00:00-04:00,2011-10-27T12:33:00-04:00,2011-10-27T13:33:00-04:00,61,2011-10-27T13:38:00-04:00,0,21,21,2011-09-28,2011-10-26,2011-09-28;2011-09-29;2011-09-30;2011-10-03;2011-10-04;2011-10-05;2011-10-06;2011-10-07;2011-10-10;2011-10-11;2011-10-12;2011-10-13;2011-10-14;2011-10-17;2011-10-18;2011-10-19;2011-10-20;2011-10-21;2011-10-24;2011-10-25;2011-10-26,missing_authorized_exact_timestamp,conditional_on_point_in_time_nasdaq_listing,required_for_full_replication_optional_for_equity_only_core,point_in_time_series_required_for_turnover,pending_real_same_day_candidate_universe,1
HEJFE-A3C5C43F6AC75C44,89258,143356,PRU,2015-05-06T15:47:00-04:00,2015-05-06T19:47:00Z,2015-05-06,2015-05-06T09:30:00-04:00,2015-05-06T16:00:00-04:00,2015-05-06T15:17:00-04:00,2015-05-06T16:00:00-04:00,44,2015-05-06T16:00:00-04:00,5,21,21,2015-04-07,2015-05-05,2015-04-07;2015-04-08;2015-04-09;2015-04-10;2015-04-13;2015-04-14;2015-04-15;2015-04-16;2015-04-17;2015-04-20;2015-04-21;2015-04-22;2015-04-23;2015-04-24;2015-04-27;2015-04-28;2015-04-29;2015-04-30;2015-05-01;2015-05-04;2015-05-05,missing_authorized_exact_timestamp,conditional_on_point_in_time_nasdaq_listing,required_for_full_replication_optional_for_equity_only_core,point_in_time_series_required_for_turnover,pending_real_same_day_candidate_universe,1
HEJFE-753716A61B8622B0,89301,145049,GME,2015-03-26T15:42:00-04:00,2015-03-26T19:42:00Z,2015-03-26,2015-03-26T09:30:00-04:00,2015-03-26T16:00:00-04:00,2015-03-26T15:12:00-04:00,2015-03-26T16:00:00-04:00,49,2015-03-26T16:00:00-04:00,5,21,21,2015-02-25,2015-03-25,2015-02-25;2015-02-26;2015-02-27;2015-03-02;2015-03-03;2015-03-04;2015-03-05;2015-03-06;2015-03-09;2015-03-10;2015-03-11;2015-03-12;2015-03-13;2015-03-16;2015-03-17;2015-03-18;2015-03-19;2015-03-20;2015-03-23;2015-03-24;2015-03-25,missing_authorized_exact_timestamp,conditional_on_point_in_time_nasdaq_listing,required_for_full_replication_optional_for_equity_only_core,point_in_time_series_required_for_turnover,pending_real_same_day_candidate_universe,1
HEJFE-238D29A9B584466D,89900,156155,SNX,2015-03-31T15:54:00-04:00,2015-03-31T19:54:00Z,2015-03-31,2015-03-31T09:30:00-04:00,2015-03-31T16:00:00-04:00,2015-03-31T15:24:00-04:00,2015-03-31T16:00:00-04:00,37,2015-03-31T16:00:00-04:00,5,21,21,2015-03-02,2015-03-30,2015-03-02;2015-03-03;2015-03-04;2015-03-05;2015-03-06;2015-03-09;2015-03-10;2015-03-11;2015-03-12;2015-03-13;2015-03-16;2015-03-17;2015-03-18;2015-03-19;2015-03-20;2015-03-23;2015-03-24;2015-03-25;2015-03-26;2015-03-27;2015-03-30,missing_authorized_exact_timestamp,conditional_on_point_in_time_nasdaq_listing,required_for_full_replication_optional_for_equity_only_core,point_in_time_series_required_for_turnover,pending_real_same_day_candidate_universe,1
HEJFE-BB62E8864F35DCD0,89901,155393,WLL,2015-02-25T15:54:00-05:00,2015-02-25T20:54:00Z,2015-02-25,2015-02-25T09:30:00-05:00,2015-02-25T16:00:00-05:00,2015-02-25T15:24:00-05:00,2015-02-25T16:00:00-05:00,37,2015-02-25T16:00:00-05:00,5,21,21,2015-01-26,2015-02-24,2015-01-26;2015-01-27;2015-01-28;2015-01-29;2015-01-30;2015-02-02;2015-02-03;2015-02-04;2015-02-05;2015-02-06;2015-02-09;2015-02-10;2015-02-11;2015-02-12;2015-02-13;2015-02-17;2015-02-18;2015-02-19;2015-02-20;2015-02-23;2015-02-24,missing_authorized_exact_timestamp,conditional_on_point_in_time_nasdaq_listing,required_for_full_replication_optional_for_equity_only_core,point_in_time_series_required_for_turnover,pending_real_same_day_candidate_universe,1
HEJFE-5408AADD0CBD54E8,89952,157153,CMP,2015-04-27T15:46:00-04:00,2015-04-27T19:46:00Z,2015-04-27,2015-04-27T09:30:00-04:00,2015-04-27T16:00:00-04:00,2015-04-27T15:16:00-04:00,2015-04-27T16:00:00-04:00,45,2015-04-27T16:00:00-04:00,5,21,21,2015-03-26,2015-04-24,2015-03-26;2015-03-27;2015-03-30;2015-03-31;2015-04-01;2015-04-02;2015-04-06;2015-04-07;2015-04-08;2015-04-09;2015-04-10;2015-04-13;2015-04-14;2015-04-15;2015-04-16;2015-04-17;2015-04-20;2015-04-21;2015-04-22;2015-04-23;2015-04-24,missing_authorized_exact_timestamp,conditional_on_point_in_time_nasdaq_listing,required_for_full_replication_optional_for_equity_only_core,point_in_time_series_required_for_turnover,pending_real_same_day_candidate_universe,1
HEJFE-3A94836BBC9F224A,89971,156861,TPX,2011-07-26T13:40:00-04:00,2011-07-26T17:40:00Z,2011-07-26,2011-07-26T09:30:00-04:00,2011-07-26T16:00:00-04:00,2011-07-26T13:10:00-04:00,2011-07-26T14:10:00-04:00,61,2011-07-26T14:15:00-04:00,0,21,21,2011-06-24,2011-07-25,2011-06-24;2011-06-27;2011-06-28;2011-06-29;2011-06-30;2011-07-01;2011-07-05;2011-07-06;2011-07-07;2011-07-08;2011-07-11;2011-07-12;2011-07-13;2011-07-14;2011-07-15;2011-07-18;2011-07-19;2011-07-20;2011-07-21;2011-07-22;2011-07-25,missing_authorized_exact_timestamp,conditional_on_point_in_time_nasdaq_listing,required_for_full_replication_optional_for_equity_only_core,point_in_time_series_required_for_turnover,pending_real_same_day_candidate_universe,1
HEJFE-22BF36BABB9D19D7,90178,264265,ALNY,2015-02-12T15:55:00-05:00,2015-02-12T20:55:00Z,2015-02-12,2015-02-12T09:30:00-05:00,2015-02-12T16:00:00-05:00,2015-02-12T15:25:00-05:00,2015-02-12T16:00:00-05:00,36,2015-02-12T16:00:00-05:00,5,21,21,2015-01-13,2015-02-11,2015-01-13;2015-01-14;2015-01-15;2015-01-16;2015-01-20;2015-01-21;2015-01-22;2015-01-23;2015-01-26;2015-01-27;2015-01-28;2015-01-29;2015-01-30;2015-02-02;2015-02-03;2015-02-04;2015-02-05;2015-02-06;2015-02-09;2015-02-10;2015-02-11,missing_authorized_exact_timestamp,conditional_on_point_in_time_nasdaq_listing,required_for_full_replication_optional_for_equity_only_core,point_in_time_series_required_for_turnover,pending_real_same_day_candidate_universe,1
HEJFE-E28050410A1480C6,90352,25495,DYN,2015-05-06T14:24:00-04:00,2015-05-06T18:24:00Z,2015-05-06,2015-05-06T09:30:00-04:00,2015-05-06T16:00:00-04:00,2015-05-06T13:54:00-04:00,2015-05-06T14:54:00-04:00,61,2015-05-06T14:59:00-04:00,0,21,21,2015-04-07,2015-05-05,2015-04-07;2015-04-08;2015-04-09;2015-04-10;2015-04-13;2015-04-14;2015-04-15;2015-04-16;2015-04-17;2015-04-20;2015-04-21;2015-04-22;2015-04-23;2015-04-24;2015-04-27;2015-04-28;2015-04-29;2015-04-30;2015-05-01;2015-05-04;2015-05-05,missing_authorized_exact_timestamp,conditional_on_point_in_time_nasdaq_listing,required_for_full_replication_optional_for_equity_only_core,point_in_time_series_required_for_turnover,pending_real_same_day_candidate_universe,1
HEJFE-0704950C71CFAFB4,90427,160376,TXRH,2015-02-23T15:24:00-05:00,2015-02-23T20:24:00Z,2015-02-23,2015-02-23T09:30:00-05:00,2015-02-23T16:00:00-05:00,2015-02-23T14:54:00-05:00,2015-02-23T15:54:00-05:00,61,2015-02-23T15:59:00-05:00,0,21,21,2015-01-22,2015-02-20,2015-01-22;2015-01-23;2015-01-26;2015-01-27;2015-01-28;2015-01-29;2015-01-30;2015-02-02;2015-02-03;2015-02-04;2015-02-05;2015-02-06;2015-02-09;2015-02-10;2015-02-11;2015-02-12;2015-02-13;2015-02-17;2015-02-18;2015-02-19;2015-02-20,missing_authorized_exact_timestamp,conditional_on_point_in_time_nasdaq_listing,required_for_full_replication_optional_for_equity_only_core,point_in_time_series_required_for_turnover,pending_real_same_day_candidate_universe,1
HEJFE-93A7D27EF425EDF0,90507,161120,MIC,2015-02-18T15:58:00-05:00,2015-02-18T20:58:00Z,2015-02-18,2015-02-18T09:30:00-05:00,2015-02-18T16:00:00-05:00,2015-02-18T15:28:00-05:00,2015-02-18T16:00:00-05:00,33,2015-02-18T16:00:00-05:00,5,21,21,2015-01-16,2015-02-17,2015-01-16;2015-01-20;2015-01-21;2015-01-22;2015-01-23;2015-01-26;2015-01-27;2015-01-28;2015-01-29;2015-01-30;2015-02-02;2015-02-03;2015-02-04;2015-02-05;2015-02-06;2015-02-09;2015-02-10;2015-02-11;2015-02-12;2015-02-13;2015-02-17,missing_authorized_exact_timestamp,conditional_on_point_in_time_nasdaq_listing,required_for_full_replication_optional_for_equity_only_core,point_in_time_series_required_for_turnover,pending_real_same_day_candidate_universe,1
HEJFE-C926C41F03E66E82,90657,162733,PAY,2014-12-15T15:36:00-05:00,2014-12-15T20:36:00Z,2014-12-15,2014-12-15T09:30:00-05:00,2014-12-15T16:00:00-05:00,2014-12-15T15:06:00-05:00,2014-12-15T16:00:00-05:00,55,2014-12-15T16:00:00-05:00,5,21,22,2014-11-12,2014-12-12,2014-11-12;2014-11-13;2014-11-14;2014-11-17;2014-11-18;2014-11-19;2014-11-20;2014-11-21;2014-11-24;2014-11-25;2014-11-26;2014-12-01;2014-12-02;2014-12-03;2014-12-04;2014-12-05;2014-12-08;2014-12-09;2014-12-10;2014-12-11;2014-12-12,missing_authorized_exact_timestamp,conditional_on_point_in_time_nasdaq_listing,required_for_full_replication_optional_for_equity_only_core,point_in_time_series_required_for_turnover,pending_real_same_day_candidate_universe,1
HEJFE-873A37657E58A8CD,90657,162733,PAY,2015-03-10T15:11:00-04:00,2015-03-10T19:11:00Z,2015-03-10,2015-03-10T09:30:00-04:00,2015-03-10T16:00:00-04:00,2015-03-10T14:41:00-04:00,2015-03-10T15:41:00-04:00,61,2015-03-10T15:46:00-04:00,0,21,21,2015-02-06,2015-03-09,2015-02-06;2015-02-09;2015-02-10;2015-02-11;2015-02-12;2015-02-13;2015-02-17;2015-02-18;2015-02-19;2015-02-20;2015-02-23;2015-02-24;2015-02-25;2015-02-26;2015-02-27;2015-03-02;2015-03-03;2015-03-04;2015-03-05;2015-03-06;2015-03-09,missing_authorized_exact_timestamp,conditional_on_point_in_time_nasdaq_listing,required_for_full_replication_optional_for_equity_only_core,point_in_time_series_required_for_turnover,pending_real_same_day_candidate_universe,1
HEJFE-99F31DB35F001A44,90664,162887,DXCM,2015-02-25T15:44:00-05:00,2015-02-25T20:44:00Z,2015-02-25,2015-02-25T09:30:00-05:00,2015-02-25T16:00:00-05:00,2015-02-25T15:14:00-05:00,2015-02-25T16:00:00-05:00,47,2015-02-25T16:00:00-05:00,5,21,21,2015-01-26,2015-02-24,2015-01-26;2015-01-27;2015-01-28;2015-01-29;2015-01-30;2015-02-02;2015-02-03;2015-02-04;2015-02-05;2015-02-06;2015-02-09;2015-02-10;2015-02-11;2015-02-12;2015-02-13;2015-02-17;2015-02-18;2015-02-19;2015-02-20;2015-02-23;2015-02-24,missing_authorized_exact_timestamp,conditional_on_point_in_time_nasdaq_listing,required_for_full_replication_optional_for_equity_only_core,point_in_time_series_required_for_turnover,pending_real_same_day_candidate_universe,1
HEJFE-CFA461ED8BCCB889,90756,11721,OSK,2015-04-27T15:29:00-04:00,2015-04-27T19:29:00Z,2015-04-27,2015-04-27T09:30:00-04:00,2015-04-27T16:00:00-04:00,2015-04-27T14:59:00-04:00,2015-04-27T15:59:00-04:00,61,2015-04-27T16:00:00-04:00,4,21,21,2015-03-26,2015-04-24,2015-03-26;2015-03-27;2015-03-30;2015-03-31;2015-04-01;2015-04-02;2015-04-06;2015-04-07;2015-04-08;2015-04-09;2015-04-10;2015-04-13;2015-04-14;2015-04-15;2015-04-16;2015-04-17;2015-04-20;2015-04-21;2015-04-22;2015-04-23;2015-04-24,missing_authorized_exact_timestamp,conditional_on_point_in_time_nasdaq_listing,required_for_full_replication_optional_for_equity_only_core,point_in_time_series_required_for_turnover,pending_real_same_day_candidate_universe,1
HEJFE-826F68D9DA88B37C,90856,163889,ATRC,2015-02-23T15:58:00-05:00,2015-02-23T20:58:00Z,2015-02-23,2015-02-23T09:30:00-05:00,2015-02-23T16:00:00-05:00,2015-02-23T15:28:00-05:00,2015-02-23T16:00:00-05:00,33,2015-02-23T16:00:00-05:00,5,21,21,2015-01-22,2015-02-20,2015-01-22;2015-01-23;2015-01-26;2015-01-27;2015-01-28;2015-01-29;2015-01-30;2015-02-02;2015-02-03;2015-02-04;2015-02-05;2015-02-06;2015-02-09;2015-02-10;2015-02-11;2015-02-12;2015-02-13;2015-02-17;2015-02-18;2015-02-19;2015-02-20,missing_authorized_exact_timestamp,conditional_on_point_in_time_nasdaq_listing,required_for_full_replication_optional_for_equity_only_core,point_in_time_series_required_for_turnover,pending_real_same_day_candidate_universe,1
HEJFE-5ED55A2EAC950921,90880,164708,AMP,2015-04-22T15:22:00-04:00,2015-04-22T19:22:00Z,2015-04-22,2015-04-22T09:30:00-04:00,2015-04-22T16:00:00-04:00,2015-04-22T14:52:00-04:00,2015-04-22T15:52:00-04:00,61,2015-04-22T15:57:00-04:00,0,21,21,2015-03-23,2015-04-21,2015-03-23;2015-03-24;2015-03-25;2015-03-26;2015-03-27;2015-03-30;2015-03-31;2015-04-01;2015-04-02;2015-04-06;2015-04-07;2015-04-08;2015-04-09;2015-04-10;2015-04-13;2015-04-14;2015-04-15;2015-04-16;2015-04-17;2015-04-20;2015-04-21,missing_authorized_exact_timestamp,conditional_on_point_in_time_nasdaq_listing,required_for_full_replication_optional_for_equity_only_core,point_in_time_series_required_for_turnover,pending_real_same_day_candidate_universe,1
HEJFE-4D7E68AD113380B3,91032,164422,TRAK,2015-02-23T15:41:00-05:00,2015-02-23T20:41:00Z,2015-02-23,2015-02-23T09:30:00-05:00,2015-02-23T16:00:00-05:00,2015-02-23T15:11:00-05:00,2015-02-23T16:00:00-05:00,50,2015-02-23T16:00:00-05:00,5,21,21,2015-01-22,2015-02-20,2015-01-22;2015-01-23;2015-01-26;2015-01-27;2015-01-28;2015-01-29;2015-01-30;2015-02-02;2015-02-03;2015-02-04;2015-02-05;2015-02-06;2015-02-09;2015-02-10;2015-02-11;2015-02-12;2015-02-13;2015-02-17;2015-02-18;2015-02-19;2015-02-20,missing_authorized_exact_timestamp,conditional_on_point_in_time_nasdaq_listing,required_for_full_replication_optional_for_equity_only_core,point_in_time_series_required_for_turnover,pending_real_same_day_candidate_universe,1
HEJFE-3ADF019D07BA84CE,91416,175319,HBI,2015-01-29T14:38:00-05:00,2015-01-29T19:38:00Z,2015-01-29,2015-01-29T09:30:00-05:00,2015-01-29T16:00:00-05:00,2015-01-29T14:08:00-05:00,2015-01-29T15:08:00-05:00,61,2015-01-29T15:13:00-05:00,0,21,21,2014-12-29,2015-01-28,2014-12-29;2014-12-30;2014-12-31;2015-01-02;2015-01-05;2015-01-06;2015-01-07;2015-01-08;2015-01-09;2015-01-12;2015-01-13;2015-01-14;2015-01-15;2015-01-16;2015-01-20;2015-01-21;2015-01-22;2015-01-23;2015-01-26;2015-01-27;2015-01-28,missing_authorized_exact_timestamp,conditional_on_point_in_time_nasdaq_listing,required_for_full_replication_optional_for_equity_only_core,point_in_time_series_required_for_turnover,pending_real_same_day_candidate_universe,1
HEJFE-20EC97300E6205B9,91432,174541,INWK,2015-02-12T14:01:00-05:00,2015-02-12T19:01:00Z,2015-02-12,2015-02-12T09:30:00-05:00,2015-02-12T16:00:00-05:00,2015-02-12T13:31:00-05:00,2015-02-12T14:31:00-05:00,61,2015-02-12T14:36:00-05:00,0,21,21,2015-01-13,2015-02-11,2015-01-13;2015-01-14;2015-01-15;2015-01-16;2015-01-20;2015-01-21;2015-01-22;2015-01-23;2015-01-26;2015-01-27;2015-01-28;2015-01-29;2015-01-30;2015-02-02;2015-02-03;2015-02-04;2015-02-05;2015-02-06;2015-02-09;2015-02-10;2015-02-11,missing_authorized_exact_timestamp,conditional_on_point_in_time_nasdaq_listing,required_for_full_replication_optional_for_equity_only_core,point_in_time_series_required_for_turnover,pending_real_same_day_candidate_universe,1
HEJFE-E4D3EE1A6CB984DB,91498,174389,EHTH,2011-04-26T15:07:00-04:00,2011-04-26T19:07:00Z,2011-04-26,2011-04-26T09:30:00-04:00,2011-04-26T16:00:00-04:00,2011-04-26T14:37:00-04:00,2011-04-26T15:37:00-04:00,61,2011-04-26T15:42:00-04:00,0,21,21,2011-03-25,2011-04-25,2011-03-25;2011-03-28;2011-03-29;2011-03-30;2011-03-31;2011-04-01;2011-04-04;2011-04-05;2011-04-06;2011-04-07;2011-04-08;2011-04-11;2011-04-12;2011-04-13;2011-04-14;2011-04-15;2011-04-18;2011-04-19;2011-04-20;2011-04-21;2011-04-25,missing_authorized_exact_timestamp,conditional_on_point_in_time_nasdaq_listing,required_for_full_replication_optional_for_equity_only_core,point_in_time_series_required_for_turnover,pending_real_same_day_candidate_universe,1
HEJFE-9527526FED86FA7D,91498,174389,EHTH,2013-04-25T15:56:00-04:00,2013-04-25T19:56:00Z,2013-04-25,2013-04-25T09:30:00-04:00,2013-04-25T16:00:00-04:00,2013-04-25T15:26:00-04:00,2013-04-25T16:00:00-04:00,35,2013-04-25T16:00:00-04:00,5,21,21,2013-03-26,2013-04-24,2013-03-26;2013-03-27;2013-03-28;2013-04-01;2013-04-02;2013-04-03;2013-04-04;2013-04-05;2013-04-08;2013-04-09;2013-04-10;2013-04-11;2013-04-12;2013-04-15;2013-04-16;2013-04-17;2013-04-18;2013-04-19;2013-04-22;2013-04-23;2013-04-24,missing_authorized_exact_timestamp,conditional_on_point_in_time_nasdaq_listing,required_for_full_replication_optional_for_equity_only_core,point_in_time_series_required_for_turnover,pending_real_same_day_candidate_universe,1
HEJFE-749FFC4028DF7B1C,92257,178083,VMW,2011-04-19T14:56:00-04:00,2011-04-19T18:56:00Z,2011-04-19,2011-04-19T09:30:00-04:00,2011-04-19T16:00:00-04:00,2011-04-19T14:26:00-04:00,2011-04-19T15:26:00-04:00,61,2011-04-19T15:31:00-04:00,0,21,21,2011-03-21,2011-04-18,2011-03-21;2011-03-22;2011-03-23;2011-03-24;2011-03-25;2011-03-28;2011-03-29;2011-03-30;2011-03-31;2011-04-01;2011-04-04;2011-04-05;2011-04-06;2011-04-07;2011-04-08;2011-04-11;2011-04-12;2011-04-13;2011-04-14;2011-04-15;2011-04-18,missing_authorized_exact_timestamp,conditional_on_point_in_time_nasdaq_listing,required_for_full_replication_optional_for_equity_only_core,point_in_time_series_required_for_turnover,pending_real_same_day_candidate_universe,1
HEJFE-3BBEC23702C1A375,92257,178083,VMW,2013-07-23T15:35:00-04:00,2013-07-23T19:35:00Z,2013-07-23,2013-07-23T09:30:00-04:00,2013-07-23T16:00:00-04:00,2013-07-23T15:05:00-04:00,2013-07-23T16:00:00-04:00,56,2013-07-23T16:00:00-04:00,5,21,22,2013-06-20,2013-07-22,2013-06-20;2013-06-21;2013-06-24;2013-06-25;2013-06-26;2013-06-27;2013-06-28;2013-07-01;2013-07-02;2013-07-05;2013-07-08;2013-07-09;2013-07-10;2013-07-11;2013-07-12;2013-07-15;2013-07-16;2013-07-17;2013-07-18;2013-07-19;2013-07-22,missing_authorized_exact_timestamp,conditional_on_point_in_time_nasdaq_listing,required_for_full_replication_optional_for_equity_only_core,point_in_time_series_required_for_turnover,pending_real_same_day_candidate_universe,1
HEJFE-350B3481A9CBBF0E,92257,178083,VMW,2013-10-21T15:49:00-04:00,2013-10-21T19:49:00Z,2013-10-21,2013-10-21T09:30:00-04:00,2013-10-21T16:00:00-04:00,2013-10-21T15:19:00-04:00,2013-10-21T16:00:00-04:00,42,2013-10-21T16:00:00-04:00,5,21,21,2013-09-20,2013-10-18,2013-09-20;2013-09-23;2013-09-24;2013-09-25;2013-09-26;2013-09-27;2013-09-30;2013-10-01;2013-10-02;2013-10-03;2013-10-04;2013-10-07;2013-10-08;2013-10-09;2013-10-10;2013-10-11;2013-10-14;2013-10-15;2013-10-16;2013-10-17;2013-10-18,missing_authorized_exact_timestamp,conditional_on_point_in_time_nasdaq_listing,required_for_full_replication_optional_for_equity_only_core,point_in_time_series_required_for_turnover,pending_real_same_day_candidate_universe,1
HEJFE-09EF6AD227D3AC5D,92924,180029,DGI,2012-07-31T12:21:00-04:00,2012-07-31T16:21:00Z,2012-07-31,2012-07-31T09:30:00-04:00,2012-07-31T16:00:00-04:00,2012-07-31T11:51:00-04:00,2012-07-31T12:51:00-04:00,61,2012-07-31T12:56:00-04:00,0,21,21,2012-06-29,2012-07-30,2012-06-29;2012-07-02;2012-07-03;2012-07-05;2012-07-06;2012-07-09;2012-07-10;2012-07-11;2012-07-12;2012-07-13;2012-07-16;2012-07-17;2012-07-18;2012-07-19;2012-07-20;2012-07-23;2012-07-24;2012-07-25;2012-07-26;2012-07-27;2012-07-30,missing_authorized_exact_timestamp,conditional_on_point_in_time_nasdaq_listing,required_for_full_replication_optional_for_equity_only_core,point_in_time_series_required_for_turnover,pending_real_same_day_candidate_universe,1
HEJFE-A5AE76F13A48C40F,92924,180029,DGI,2013-05-07T14:29:00-04:00,2013-05-07T18:29:00Z,2013-05-07,2013-05-07T09:30:00-04:00,2013-05-07T16:00:00-04:00,2013-05-07T13:59:00-04:00,2013-05-07T14:59:00-04:00,61,2013-05-07T15:04:00-04:00,0,21,21,2013-04-08,2013-05-06,2013-04-08;2013-04-09;2013-04-10;2013-04-11;2013-04-12;2013-04-15;2013-04-16;2013-04-17;2013-04-18;2013-04-19;2013-04-22;2013-04-23;2013-04-24;2013-04-25;2013-04-26;2013-04-29;2013-04-30;2013-05-01;2013-05-02;2013-05-03;2013-05-06,missing_authorized_exact_timestamp,conditional_on_point_in_time_nasdaq_listing,required_for_full_replication_optional_for_equity_only_core,point_in_time_series_required_for_turnover,pending_real_same_day_candidate_universe,1
HEJFE-A76C746507C0D9AF,92924,180029,DGI,2015-02-26T15:42:00-05:00,2015-02-26T20:42:00Z,2015-02-26,2015-02-26T09:30:00-05:00,2015-02-26T16:00:00-05:00,2015-02-26T15:12:00-05:00,2015-02-26T16:00:00-05:00,49,2015-02-26T16:00:00-05:00,5,21,21,2015-01-27,2015-02-25,2015-01-27;2015-01-28;2015-01-29;2015-01-30;2015-02-02;2015-02-03;2015-02-04;2015-02-05;2015-02-06;2015-02-09;2015-02-10;2015-02-11;2015-02-12;2015-02-13;2015-02-17;2015-02-18;2015-02-19;2015-02-20;2015-02-23;2015-02-24;2015-02-25,missing_authorized_exact_timestamp,conditional_on_point_in_time_nasdaq_listing,required_for_full_replication_optional_for_equity_only_core,point_in_time_series_required_for_turnover,pending_real_same_day_candidate_universe,1
HEJFE-C368B17FADFC15C7,93079,179957,ECHO,2013-04-25T14:14:00-04:00,2013-04-25T18:14:00Z,2013-04-25,2013-04-25T09:30:00-04:00,2013-04-25T16:00:00-04:00,2013-04-25T13:44:00-04:00,2013-04-25T14:44:00-04:00,61,2013-04-25T14:49:00-04:00,0,21,21,2013-03-26,2013-04-24,2013-03-26;2013-03-27;2013-03-28;2013-04-01;2013-04-02;2013-04-03;2013-04-04;2013-04-05;2013-04-08;2013-04-09;2013-04-10;2013-04-11;2013-04-12;2013-04-15;2013-04-16;2013-04-17;2013-04-18;2013-04-19;2013-04-22;2013-04-23;2013-04-24,missing_authorized_exact_timestamp,conditional_on_point_in_time_nasdaq_listing,required_for_full_replication_optional_for_equity_only_core,point_in_time_series_required_for_turnover,pending_real_same_day_candidate_universe,1
HEJFE-B04F1AF8B6E30A43,93095,180635,CLD,2015-02-17T15:35:00-05:00,2015-02-17T20:35:00Z,2015-02-17,2015-02-17T09:30:00-05:00,2015-02-17T16:00:00-05:00,2015-02-17T15:05:00-05:00,2015-02-17T16:00:00-05:00,56,2015-02-17T16:00:00-05:00,5,21,21,2015-01-15,2015-02-13,2015-01-15;2015-01-16;2015-01-20;2015-01-21;2015-01-22;2015-01-23;2015-01-26;2015-01-27;2015-01-28;2015-01-29;2015-01-30;2015-02-02;2015-02-03;2015-02-04;2015-02-05;2015-02-06;2015-02-09;2015-02-10;2015-02-11;2015-02-12;2015-02-13,missing_authorized_exact_timestamp,conditional_on_point_in_time_nasdaq_listing,required_for_full_replication_optional_for_equity_only_core,point_in_time_series_required_for_turnover,pending_real_same_day_candidate_universe,1
HEJFE-DB1E964E02F5921F,93095,180635,CLD,2015-04-30T15:33:00-04:00,2015-04-30T19:33:00Z,2015-04-30,2015-04-30T09:30:00-04:00,2015-04-30T16:00:00-04:00,2015-04-30T15:03:00-04:00,2015-04-30T16:00:00-04:00,58,2015-04-30T16:00:00-04:00,5,21,21,2015-03-31,2015-04-29,2015-03-31;2015-04-01;2015-04-02;2015-04-06;2015-04-07;2015-04-08;2015-04-09;2015-04-10;2015-04-13;2015-04-14;2015-04-15;2015-04-16;2015-04-17;2015-04-20;2015-04-21;2015-04-22;2015-04-23;2015-04-24;2015-04-27;2015-04-28;2015-04-29,missing_authorized_exact_timestamp,conditional_on_point_in_time_nasdaq_listing,required_for_full_replication_optional_for_equity_only_core,point_in_time_series_required_for_turnover,pending_real_same_day_candidate_universe,1
HEJFE-5D222F0F8E0C77D0,93223,29887,TW,2015-05-04T15:47:00-04:00,2015-05-04T19:47:00Z,2015-05-04,2015-05-04T09:30:00-04:00,2015-05-04T16:00:00-04:00,2015-05-04T15:17:00-04:00,2015-05-04T16:00:00-04:00,44,2015-05-04T16:00:00-04:00,5,21,21,2015-04-02,2015-05-01,2015-04-02;2015-04-06;2015-04-07;2015-04-08;2015-04-09;2015-04-10;2015-04-13;2015-04-14;2015-04-15;2015-04-16;2015-04-17;2015-04-20;2015-04-21;2015-04-22;2015-04-23;2015-04-24;2015-04-27;2015-04-28;2015-04-29;2015-04-30;2015-05-01,missing_authorized_exact_timestamp,conditional_on_point_in_time_nasdaq_listing,required_for_full_replication_optional_for_equity_only_core,point_in_time_series_required_for_turnover,pending_real_same_day_candidate_universe,1
HEJFE-E342F6A93B35E012,93246,183736,GNRC,2015-02-10T15:52:00-05:00,2015-02-10T20:52:00Z,2015-02-10,2015-02-10T09:30:00-05:00,2015-02-10T16:00:00-05:00,2015-02-10T15:22:00-05:00,2015-02-10T16:00:00-05:00,39,2015-02-10T16:00:00-05:00,5,21,21,2015-01-09,2015-02-09,2015-01-09;2015-01-12;2015-01-13;2015-01-14;2015-01-15;2015-01-16;2015-01-20;2015-01-21;2015-01-22;2015-01-23;2015-01-26;2015-01-27;2015-01-28;2015-01-29;2015-01-30;2015-02-02;2015-02-03;2015-02-04;2015-02-05;2015-02-06;2015-02-09,missing_authorized_exact_timestamp,conditional_on_point_in_time_nasdaq_listing,required_for_full_replication_optional_for_equity_only_core,point_in_time_series_required_for_turnover,pending_real_same_day_candidate_universe,1
HEJFE-DC002D2C6C767277,93323,175087,MUSA,2011-10-20T15:48:00-04:00,2011-10-20T19:48:00Z,2011-10-20,2011-10-20T09:30:00-04:00,2011-10-20T16:00:00-04:00,2011-10-20T15:18:00-04:00,2011-10-20T16:00:00-04:00,43,2011-10-20T16:00:00-04:00,5,21,21,2011-09-21,2011-10-19,2011-09-21;2011-09-22;2011-09-23;2011-09-26;2011-09-27;2011-09-28;2011-09-29;2011-09-30;2011-10-03;2011-10-04;2011-10-05;2011-10-06;2011-10-07;2011-10-10;2011-10-11;2011-10-12;2011-10-13;2011-10-14;2011-10-17;2011-10-18;2011-10-19,missing_authorized_exact_timestamp,conditional_on_point_in_time_nasdaq_listing,required_for_full_replication_optional_for_equity_only_core,point_in_time_series_required_for_turnover,pending_real_same_day_candidate_universe,1
HEJFE-51F3066EAC9B8138,93323,175087,MUSA,2012-01-26T12:21:00-05:00,2012-01-26T17:21:00Z,2012-01-26,2012-01-26T09:30:00-05:00,2012-01-26T16:00:00-05:00,2012-01-26T11:51:00-05:00,2012-01-26T12:51:00-05:00,61,2012-01-26T12:56:00-05:00,0,21,21,2011-12-23,2012-01-25,2011-12-23;2011-12-27;2011-12-28;2011-12-29;2011-12-30;2012-01-03;2012-01-04;2012-01-05;2012-01-06;2012-01-09;2012-01-10;2012-01-11;2012-01-12;2012-01-13;2012-01-17;2012-01-18;2012-01-19;2012-01-20;2012-01-23;2012-01-24;2012-01-25,missing_authorized_exact_timestamp,conditional_on_point_in_time_nasdaq_listing,required_for_full_replication_optional_for_equity_only_core,point_in_time_series_required_for_turnover,pending_real_same_day_candidate_universe,1
