source_family,record_kind,trade_date,requirement,unique_symbol_count,historical_symbols,symbol_date_pair_count,acquisition_scope,blocking_metadata,research_use_only
nyse_daily_taq,equity_trade,2011-03-21,required_core,2,JNPR;VMW,2,date_file_or_symbol_filtered_export,,1
nyse_daily_taq,equity_quote,2011-03-21,required_core,2,JNPR;VMW,2,date_file_or_symbol_filtered_export,,1
cboe_option_trades,option_trade,2011-03-21,required_full_replication,2,JNPR;VMW,2,date_file_or_underlying_filtered_export,,1
cboe_option_quotes,option_quote,2011-03-21,required_full_replication,2,JNPR;VMW,2,date_file_or_underlying_filtered_export,,1
nasdaq_itch_5_0_decoded,itch_decoded,2011-03-21,conditional,2,JNPR;VMW,2,decoded_date_file_filtered_to_required_symbols,point_in_time_primary_listing_exchange,1
nyse_daily_taq,equity_trade,2011-03-22,required_core,3,EW;JNPR;VMW,3,date_file_or_symbol_filtered_export,,1
nyse_daily_taq,equity_quote,2011-03-22,required_core,3,EW;JNPR;VMW,3,date_file_or_symbol_filtered_export,,1
cboe_option_trades,option_trade,2011-03-22,required_full_replication,3,EW;JNPR;VMW,3,date_file_or_underlying_filtered_export,,1
cboe_option_quotes,option_quote,2011-03-22,required_full_replication,3,EW;JNPR;VMW,3,date_file_or_underlying_filtered_export,,1
nasdaq_itch_5_0_decoded,itch_decoded,2011-03-22,conditional,3,EW;JNPR;VMW,3,decoded_date_file_filtered_to_required_symbols,point_in_time_primary_listing_exchange,1
nyse_daily_taq,equity_trade,2011-03-23,required_core,3,EW;JNPR;VMW,3,date_file_or_symbol_filtered_export,,1
nyse_daily_taq,equity_quote,2011-03-23,required_core,3,EW;JNPR;VMW,3,date_file_or_symbol_filtered_export,,1
cboe_option_trades,option_trade,2011-03-23,required_full_replication,3,EW;JNPR;VMW,3,date_file_or_underlying_filtered_export,,1
cboe_option_quotes,option_quote,2011-03-23,required_full_replication,3,EW;JNPR;VMW,3,date_file_or_underlying_filtered_export,,1
nasdaq_itch_5_0_decoded,itch_decoded,2011-03-23,conditional,3,EW;JNPR;VMW,3,decoded_date_file_filtered_to_required_symbols,point_in_time_primary_listing_exchange,1
nyse_daily_taq,equity_trade,2011-03-24,required_core,3,EW;JNPR;VMW,3,date_file_or_symbol_filtered_export,,1
nyse_daily_taq,equity_quote,2011-03-24,required_core,3,EW;JNPR;VMW,3,date_file_or_symbol_filtered_export,,1
cboe_option_trades,option_trade,2011-03-24,required_full_replication,3,EW;JNPR;VMW,3,date_file_or_underlying_filtered_export,,1
cboe_option_quotes,option_quote,2011-03-24,required_full_replication,3,EW;JNPR;VMW,3,date_file_or_underlying_filtered_export,,1
nasdaq_itch_5_0_decoded,itch_decoded,2011-03-24,conditional,3,EW;JNPR;VMW,3,decoded_date_file_filtered_to_required_symbols,point_in_time_primary_listing_exchange,1
nyse_daily_taq,equity_trade,2011-03-25,required_core,4,EHTH;EW;JNPR;VMW,4,date_file_or_symbol_filtered_export,,1
nyse_daily_taq,equity_quote,2011-03-25,required_core,4,EHTH;EW;JNPR;VMW,4,date_file_or_symbol_filtered_export,,1
cboe_option_trades,option_trade,2011-03-25,required_full_replication,4,EHTH;EW;JNPR;VMW,4,date_file_or_underlying_filtered_export,,1
cboe_option_quotes,option_quote,2011-03-25,required_full_replication,4,EHTH;EW;JNPR;VMW,4,date_file_or_underlying_filtered_export,,1
nasdaq_itch_5_0_decoded,itch_decoded,2011-03-25,conditional,4,EHTH;EW;JNPR;VMW,4,decoded_date_file_filtered_to_required_symbols,point_in_time_primary_listing_exchange,1
nyse_daily_taq,equity_trade,2011-03-28,required_core,5,CNMD;EHTH;EW;JNPR;VMW,5,date_file_or_symbol_filtered_export,,1
nyse_daily_taq,equity_quote,2011-03-28,required_core,5,CNMD;EHTH;EW;JNPR;VMW,5,date_file_or_symbol_filtered_export,,1
cboe_option_trades,option_trade,2011-03-28,required_full_replication,5,CNMD;EHTH;EW;JNPR;VMW,5,date_file_or_underlying_filtered_export,,1
cboe_option_quotes,option_quote,2011-03-28,required_full_replication,5,CNMD;EHTH;EW;JNPR;VMW,5,date_file_or_underlying_filtered_export,,1
nasdaq_itch_5_0_decoded,itch_decoded,2011-03-28,conditional,5,CNMD;EHTH;EW;JNPR;VMW,5,decoded_date_file_filtered_to_required_symbols,point_in_time_primary_listing_exchange,1
nyse_daily_taq,equity_trade,2011-03-29,required_core,5,CNMD;EHTH;EW;JNPR;VMW,5,date_file_or_symbol_filtered_export,,1
nyse_daily_taq,equity_quote,2011-03-29,required_core,5,CNMD;EHTH;EW;JNPR;VMW,5,date_file_or_symbol_filtered_export,,1
cboe_option_trades,option_trade,2011-03-29,required_full_replication,5,CNMD;EHTH;EW;JNPR;VMW,5,date_file_or_underlying_filtered_export,,1
cboe_option_quotes,option_quote,2011-03-29,required_full_replication,5,CNMD;EHTH;EW;JNPR;VMW,5,date_file_or_underlying_filtered_export,,1
nasdaq_itch_5_0_decoded,itch_decoded,2011-03-29,conditional,5,CNMD;EHTH;EW;JNPR;VMW,5,decoded_date_file_filtered_to_required_symbols,point_in_time_primary_listing_exchange,1
nyse_daily_taq,equity_trade,2011-03-30,required_core,5,CNMD;EHTH;EW;JNPR;VMW,5,date_file_or_symbol_filtered_export,,1
nyse_daily_taq,equity_quote,2011-03-30,required_core,5,CNMD;EHTH;EW;JNPR;VMW,5,date_file_or_symbol_filtered_export,,1
cboe_option_trades,option_trade,2011-03-30,required_full_replication,5,CNMD;EHTH;EW;JNPR;VMW,5,date_file_or_underlying_filtered_export,,1
cboe_option_quotes,option_quote,2011-03-30,required_full_replication,5,CNMD;EHTH;EW;JNPR;VMW,5,date_file_or_underlying_filtered_export,,1
nasdaq_itch_5_0_decoded,itch_decoded,2011-03-30,conditional,5,CNMD;EHTH;EW;JNPR;VMW,5,decoded_date_file_filtered_to_required_symbols,point_in_time_primary_listing_exchange,1
nyse_daily_taq,equity_trade,2011-03-31,required_core,5,CNMD;EHTH;EW;JNPR;VMW,5,date_file_or_symbol_filtered_export,,1
nyse_daily_taq,equity_quote,2011-03-31,required_core,5,CNMD;EHTH;EW;JNPR;VMW,5,date_file_or_symbol_filtered_export,,1
cboe_option_trades,option_trade,2011-03-31,required_full_replication,5,CNMD;EHTH;EW;JNPR;VMW,5,date_file_or_underlying_filtered_export,,1
cboe_option_quotes,option_quote,2011-03-31,required_full_replication,5,CNMD;EHTH;EW;JNPR;VMW,5,date_file_or_underlying_filtered_export,,1
nasdaq_itch_5_0_decoded,itch_decoded,2011-03-31,conditional,5,CNMD;EHTH;EW;JNPR;VMW,5,decoded_date_file_filtered_to_required_symbols,point_in_time_primary_listing_exchange,1
nyse_daily_taq,equity_trade,2011-04-01,required_core,5,CNMD;EHTH;EW;JNPR;VMW,5,date_file_or_symbol_filtered_export,,1
nyse_daily_taq,equity_quote,2011-04-01,required_core,5,CNMD;EHTH;EW;JNPR;VMW,5,date_file_or_symbol_filtered_export,,1
cboe_option_trades,option_trade,2011-04-01,required_full_replication,5,CNMD;EHTH;EW;JNPR;VMW,5,date_file_or_underlying_filtered_export,,1
cboe_option_quotes,option_quote,2011-04-01,required_full_replication,5,CNMD;EHTH;EW;JNPR;VMW,5,date_file_or_underlying_filtered_export,,1
nasdaq_itch_5_0_decoded,itch_decoded,2011-04-01,conditional,5,CNMD;EHTH;EW;JNPR;VMW,5,decoded_date_file_filtered_to_required_symbols,point_in_time_primary_listing_exchange,1
nyse_daily_taq,equity_trade,2011-04-04,required_core,5,CNMD;EHTH;EW;JNPR;VMW,5,date_file_or_symbol_filtered_export,,1
nyse_daily_taq,equity_quote,2011-04-04,required_core,5,CNMD;EHTH;EW;JNPR;VMW,5,date_file_or_symbol_filtered_export,,1
cboe_option_trades,option_trade,2011-04-04,required_full_replication,5,CNMD;EHTH;EW;JNPR;VMW,5,date_file_or_underlying_filtered_export,,1
cboe_option_quotes,option_quote,2011-04-04,required_full_replication,5,CNMD;EHTH;EW;JNPR;VMW,5,date_file_or_underlying_filtered_export,,1
nasdaq_itch_5_0_decoded,itch_decoded,2011-04-04,conditional,5,CNMD;EHTH;EW;JNPR;VMW,5,decoded_date_file_filtered_to_required_symbols,point_in_time_primary_listing_exchange,1
nyse_daily_taq,equity_trade,2011-04-05,required_core,5,CNMD;EHTH;EW;JNPR;VMW,5,date_file_or_symbol_filtered_export,,1
nyse_daily_taq,equity_quote,2011-04-05,required_core,5,CNMD;EHTH;EW;JNPR;VMW,5,date_file_or_symbol_filtered_export,,1
cboe_option_trades,option_trade,2011-04-05,required_full_replication,5,CNMD;EHTH;EW;JNPR;VMW,5,date_file_or_underlying_filtered_export,,1
cboe_option_quotes,option_quote,2011-04-05,required_full_replication,5,CNMD;EHTH;EW;JNPR;VMW,5,date_file_or_underlying_filtered_export,,1
nasdaq_itch_5_0_decoded,itch_decoded,2011-04-05,conditional,5,CNMD;EHTH;EW;JNPR;VMW,5,decoded_date_file_filtered_to_required_symbols,point_in_time_primary_listing_exchange,1
nyse_daily_taq,equity_trade,2011-04-06,required_core,5,CNMD;EHTH;EW;JNPR;VMW,5,date_file_or_symbol_filtered_export,,1
nyse_daily_taq,equity_quote,2011-04-06,required_core,5,CNMD;EHTH;EW;JNPR;VMW,5,date_file_or_symbol_filtered_export,,1
cboe_option_trades,option_trade,2011-04-06,required_full_replication,5,CNMD;EHTH;EW;JNPR;VMW,5,date_file_or_underlying_filtered_export,,1
cboe_option_quotes,option_quote,2011-04-06,required_full_replication,5,CNMD;EHTH;EW;JNPR;VMW,5,date_file_or_underlying_filtered_export,,1
nasdaq_itch_5_0_decoded,itch_decoded,2011-04-06,conditional,5,CNMD;EHTH;EW;JNPR;VMW,5,decoded_date_file_filtered_to_required_symbols,point_in_time_primary_listing_exchange,1
nyse_daily_taq,equity_trade,2011-04-07,required_core,5,CNMD;EHTH;EW;JNPR;VMW,5,date_file_or_symbol_filtered_export,,1
nyse_daily_taq,equity_quote,2011-04-07,required_core,5,CNMD;EHTH;EW;JNPR;VMW,5,date_file_or_symbol_filtered_export,,1
cboe_option_trades,option_trade,2011-04-07,required_full_replication,5,CNMD;EHTH;EW;JNPR;VMW,5,date_file_or_underlying_filtered_export,,1
cboe_option_quotes,option_quote,2011-04-07,required_full_replication,5,CNMD;EHTH;EW;JNPR;VMW,5,date_file_or_underlying_filtered_export,,1
nasdaq_itch_5_0_decoded,itch_decoded,2011-04-07,conditional,5,CNMD;EHTH;EW;JNPR;VMW,5,decoded_date_file_filtered_to_required_symbols,point_in_time_primary_listing_exchange,1
nyse_daily_taq,equity_trade,2011-04-08,required_core,5,CNMD;EHTH;EW;JNPR;VMW,5,date_file_or_symbol_filtered_export,,1
nyse_daily_taq,equity_quote,2011-04-08,required_core,5,CNMD;EHTH;EW;JNPR;VMW,5,date_file_or_symbol_filtered_export,,1
cboe_option_trades,option_trade,2011-04-08,required_full_replication,5,CNMD;EHTH;EW;JNPR;VMW,5,date_file_or_underlying_filtered_export,,1
cboe_option_quotes,option_quote,2011-04-08,required_full_replication,5,CNMD;EHTH;EW;JNPR;VMW,5,date_file_or_underlying_filtered_export,,1
nasdaq_itch_5_0_decoded,itch_decoded,2011-04-08,conditional,5,CNMD;EHTH;EW;JNPR;VMW,5,decoded_date_file_filtered_to_required_symbols,point_in_time_primary_listing_exchange,1
nyse_daily_taq,equity_trade,2011-04-11,required_core,5,CNMD;EHTH;EW;JNPR;VMW,5,date_file_or_symbol_filtered_export,,1
nyse_daily_taq,equity_quote,2011-04-11,required_core,5,CNMD;EHTH;EW;JNPR;VMW,5,date_file_or_symbol_filtered_export,,1
cboe_option_trades,option_trade,2011-04-11,required_full_replication,5,CNMD;EHTH;EW;JNPR;VMW,5,date_file_or_underlying_filtered_export,,1
cboe_option_quotes,option_quote,2011-04-11,required_full_replication,5,CNMD;EHTH;EW;JNPR;VMW,5,date_file_or_underlying_filtered_export,,1
nasdaq_itch_5_0_decoded,itch_decoded,2011-04-11,conditional,5,CNMD;EHTH;EW;JNPR;VMW,5,decoded_date_file_filtered_to_required_symbols,point_in_time_primary_listing_exchange,1
nyse_daily_taq,equity_trade,2011-04-12,required_core,5,CNMD;EHTH;EW;JNPR;VMW,5,date_file_or_symbol_filtered_export,,1
nyse_daily_taq,equity_quote,2011-04-12,required_core,5,CNMD;EHTH;EW;JNPR;VMW,5,date_file_or_symbol_filtered_export,,1
cboe_option_trades,option_trade,2011-04-12,required_full_replication,5,CNMD;EHTH;EW;JNPR;VMW,5,date_file_or_underlying_filtered_export,,1
cboe_option_quotes,option_quote,2011-04-12,required_full_replication,5,CNMD;EHTH;EW;JNPR;VMW,5,date_file_or_underlying_filtered_export,,1
nasdaq_itch_5_0_decoded,itch_decoded,2011-04-12,conditional,5,CNMD;EHTH;EW;JNPR;VMW,5,decoded_date_file_filtered_to_required_symbols,point_in_time_primary_listing_exchange,1
nyse_daily_taq,equity_trade,2011-04-13,required_core,5,CNMD;EHTH;EW;JNPR;VMW,5,date_file_or_symbol_filtered_export,,1
nyse_daily_taq,equity_quote,2011-04-13,required_core,5,CNMD;EHTH;EW;JNPR;VMW,5,date_file_or_symbol_filtered_export,,1
cboe_option_trades,option_trade,2011-04-13,required_full_replication,5,CNMD;EHTH;EW;JNPR;VMW,5,date_file_or_underlying_filtered_export,,1
cboe_option_quotes,option_quote,2011-04-13,required_full_replication,5,CNMD;EHTH;EW;JNPR;VMW,5,date_file_or_underlying_filtered_export,,1
nasdaq_itch_5_0_decoded,itch_decoded,2011-04-13,conditional,5,CNMD;EHTH;EW;JNPR;VMW,5,decoded_date_file_filtered_to_required_symbols,point_in_time_primary_listing_exchange,1
nyse_daily_taq,equity_trade,2011-04-14,required_core,5,CNMD;EHTH;EW;JNPR;VMW,5,date_file_or_symbol_filtered_export,,1
nyse_daily_taq,equity_quote,2011-04-14,required_core,5,CNMD;EHTH;EW;JNPR;VMW,5,date_file_or_symbol_filtered_export,,1
cboe_option_trades,option_trade,2011-04-14,required_full_replication,5,CNMD;EHTH;EW;JNPR;VMW,5,date_file_or_underlying_filtered_export,,1
cboe_option_quotes,option_quote,2011-04-14,required_full_replication,5,CNMD;EHTH;EW;JNPR;VMW,5,date_file_or_underlying_filtered_export,,1
nasdaq_itch_5_0_decoded,itch_decoded,2011-04-14,conditional,5,CNMD;EHTH;EW;JNPR;VMW,5,decoded_date_file_filtered_to_required_symbols,point_in_time_primary_listing_exchange,1
nyse_daily_taq,equity_trade,2011-04-15,required_core,5,CNMD;EHTH;EW;JNPR;VMW,5,date_file_or_symbol_filtered_export,,1
nyse_daily_taq,equity_quote,2011-04-15,required_core,5,CNMD;EHTH;EW;JNPR;VMW,5,date_file_or_symbol_filtered_export,,1
cboe_option_trades,option_trade,2011-04-15,required_full_replication,5,CNMD;EHTH;EW;JNPR;VMW,5,date_file_or_underlying_filtered_export,,1
cboe_option_quotes,option_quote,2011-04-15,required_full_replication,5,CNMD;EHTH;EW;JNPR;VMW,5,date_file_or_underlying_filtered_export,,1
nasdaq_itch_5_0_decoded,itch_decoded,2011-04-15,conditional,5,CNMD;EHTH;EW;JNPR;VMW,5,decoded_date_file_filtered_to_required_symbols,point_in_time_primary_listing_exchange,1
nyse_daily_taq,equity_trade,2011-04-18,required_core,5,CNMD;EHTH;EW;JNPR;VMW,5,date_file_or_symbol_filtered_export,,1
nyse_daily_taq,equity_quote,2011-04-18,required_core,5,CNMD;EHTH;EW;JNPR;VMW,5,date_file_or_symbol_filtered_export,,1
cboe_option_trades,option_trade,2011-04-18,required_full_replication,5,CNMD;EHTH;EW;JNPR;VMW,5,date_file_or_underlying_filtered_export,,1
cboe_option_quotes,option_quote,2011-04-18,required_full_replication,5,CNMD;EHTH;EW;JNPR;VMW,5,date_file_or_underlying_filtered_export,,1
nasdaq_itch_5_0_decoded,itch_decoded,2011-04-18,conditional,5,CNMD;EHTH;EW;JNPR;VMW,5,decoded_date_file_filtered_to_required_symbols,point_in_time_primary_listing_exchange,1
nyse_daily_taq,equity_trade,2011-04-19,required_core,5,CNMD;EHTH;EW;JNPR;VMW,5,date_file_or_symbol_filtered_export,,1
nyse_daily_taq,equity_quote,2011-04-19,required_core,5,CNMD;EHTH;EW;JNPR;VMW,5,date_file_or_symbol_filtered_export,,1
cboe_option_trades,option_trade,2011-04-19,required_full_replication,5,CNMD;EHTH;EW;JNPR;VMW,5,date_file_or_underlying_filtered_export,,1
cboe_option_quotes,option_quote,2011-04-19,required_full_replication,5,CNMD;EHTH;EW;JNPR;VMW,5,date_file_or_underlying_filtered_export,,1
nasdaq_itch_5_0_decoded,itch_decoded,2011-04-19,conditional,5,CNMD;EHTH;EW;JNPR;VMW,5,decoded_date_file_filtered_to_required_symbols,point_in_time_primary_listing_exchange,1
nyse_daily_taq,equity_trade,2011-04-20,required_core,3,CNMD;EHTH;EW,3,date_file_or_symbol_filtered_export,,1
nyse_daily_taq,equity_quote,2011-04-20,required_core,3,CNMD;EHTH;EW,3,date_file_or_symbol_filtered_export,,1
cboe_option_trades,option_trade,2011-04-20,required_full_replication,3,CNMD;EHTH;EW,3,date_file_or_underlying_filtered_export,,1
cboe_option_quotes,option_quote,2011-04-20,required_full_replication,3,CNMD;EHTH;EW,3,date_file_or_underlying_filtered_export,,1
nasdaq_itch_5_0_decoded,itch_decoded,2011-04-20,conditional,3,CNMD;EHTH;EW,3,decoded_date_file_filtered_to_required_symbols,point_in_time_primary_listing_exchange,1
nyse_daily_taq,equity_trade,2011-04-21,required_core,2,CNMD;EHTH,2,date_file_or_symbol_filtered_export,,1
nyse_daily_taq,equity_quote,2011-04-21,required_core,2,CNMD;EHTH,2,date_file_or_symbol_filtered_export,,1
cboe_option_trades,option_trade,2011-04-21,required_full_replication,2,CNMD;EHTH,2,date_file_or_underlying_filtered_export,,1
cboe_option_quotes,option_quote,2011-04-21,required_full_replication,2,CNMD;EHTH,2,date_file_or_underlying_filtered_export,,1
nasdaq_itch_5_0_decoded,itch_decoded,2011-04-21,conditional,2,CNMD;EHTH,2,decoded_date_file_filtered_to_required_symbols,point_in_time_primary_listing_exchange,1
nyse_daily_taq,equity_trade,2011-04-25,required_core,2,CNMD;EHTH,2,date_file_or_symbol_filtered_export,,1
nyse_daily_taq,equity_quote,2011-04-25,required_core,2,CNMD;EHTH,2,date_file_or_symbol_filtered_export,,1
cboe_option_trades,option_trade,2011-04-25,required_full_replication,2,CNMD;EHTH,2,date_file_or_underlying_filtered_export,,1
cboe_option_quotes,option_quote,2011-04-25,required_full_replication,2,CNMD;EHTH,2,date_file_or_underlying_filtered_export,,1
nasdaq_itch_5_0_decoded,itch_decoded,2011-04-25,conditional,2,CNMD;EHTH,2,decoded_date_file_filtered_to_required_symbols,point_in_time_primary_listing_exchange,1
nyse_daily_taq,equity_trade,2011-04-26,required_core,2,CNMD;EHTH,2,date_file_or_symbol_filtered_export,,1
nyse_daily_taq,equity_quote,2011-04-26,required_core,2,CNMD;EHTH,2,date_file_or_symbol_filtered_export,,1
cboe_option_trades,option_trade,2011-04-26,required_full_replication,2,CNMD;EHTH,2,date_file_or_underlying_filtered_export,,1
cboe_option_quotes,option_quote,2011-04-26,required_full_replication,2,CNMD;EHTH,2,date_file_or_underlying_filtered_export,,1
nasdaq_itch_5_0_decoded,itch_decoded,2011-04-26,conditional,2,CNMD;EHTH,2,decoded_date_file_filtered_to_required_symbols,point_in_time_primary_listing_exchange,1
nyse_daily_taq,equity_trade,2011-04-27,required_core,1,CNMD,1,date_file_or_symbol_filtered_export,,1
nyse_daily_taq,equity_quote,2011-04-27,required_core,1,CNMD,1,date_file_or_symbol_filtered_export,,1
cboe_option_trades,option_trade,2011-04-27,required_full_replication,1,CNMD,1,date_file_or_underlying_filtered_export,,1
cboe_option_quotes,option_quote,2011-04-27,required_full_replication,1,CNMD,1,date_file_or_underlying_filtered_export,,1
nasdaq_itch_5_0_decoded,itch_decoded,2011-04-27,conditional,1,CNMD,1,decoded_date_file_filtered_to_required_symbols,point_in_time_primary_listing_exchange,1
nyse_daily_taq,equity_trade,2011-06-20,required_core,1,CA,1,date_file_or_symbol_filtered_export,,1
nyse_daily_taq,equity_quote,2011-06-20,required_core,1,CA,1,date_file_or_symbol_filtered_export,,1
cboe_option_trades,option_trade,2011-06-20,required_full_replication,1,CA,1,date_file_or_underlying_filtered_export,,1
cboe_option_quotes,option_quote,2011-06-20,required_full_replication,1,CA,1,date_file_or_underlying_filtered_export,,1
nasdaq_itch_5_0_decoded,itch_decoded,2011-06-20,conditional,1,CA,1,decoded_date_file_filtered_to_required_symbols,point_in_time_primary_listing_exchange,1
nyse_daily_taq,equity_trade,2011-06-21,required_core,1,CA,1,date_file_or_symbol_filtered_export,,1
nyse_daily_taq,equity_quote,2011-06-21,required_core,1,CA,1,date_file_or_symbol_filtered_export,,1
cboe_option_trades,option_trade,2011-06-21,required_full_replication,1,CA,1,date_file_or_underlying_filtered_export,,1
cboe_option_quotes,option_quote,2011-06-21,required_full_replication,1,CA,1,date_file_or_underlying_filtered_export,,1
nasdaq_itch_5_0_decoded,itch_decoded,2011-06-21,conditional,1,CA,1,decoded_date_file_filtered_to_required_symbols,point_in_time_primary_listing_exchange,1
nyse_daily_taq,equity_trade,2011-06-22,required_core,1,CA,1,date_file_or_symbol_filtered_export,,1
nyse_daily_taq,equity_quote,2011-06-22,required_core,1,CA,1,date_file_or_symbol_filtered_export,,1
cboe_option_trades,option_trade,2011-06-22,required_full_replication,1,CA,1,date_file_or_underlying_filtered_export,,1
cboe_option_quotes,option_quote,2011-06-22,required_full_replication,1,CA,1,date_file_or_underlying_filtered_export,,1
nasdaq_itch_5_0_decoded,itch_decoded,2011-06-22,conditional,1,CA,1,decoded_date_file_filtered_to_required_symbols,point_in_time_primary_listing_exchange,1
nyse_daily_taq,equity_trade,2011-06-23,required_core,1,CA,1,date_file_or_symbol_filtered_export,,1
nyse_daily_taq,equity_quote,2011-06-23,required_core,1,CA,1,date_file_or_symbol_filtered_export,,1
cboe_option_trades,option_trade,2011-06-23,required_full_replication,1,CA,1,date_file_or_underlying_filtered_export,,1
cboe_option_quotes,option_quote,2011-06-23,required_full_replication,1,CA,1,date_file_or_underlying_filtered_export,,1
nasdaq_itch_5_0_decoded,itch_decoded,2011-06-23,conditional,1,CA,1,decoded_date_file_filtered_to_required_symbols,point_in_time_primary_listing_exchange,1
nyse_daily_taq,equity_trade,2011-06-24,required_core,2,CA;TPX,2,date_file_or_symbol_filtered_export,,1
nyse_daily_taq,equity_quote,2011-06-24,required_core,2,CA;TPX,2,date_file_or_symbol_filtered_export,,1
cboe_option_trades,option_trade,2011-06-24,required_full_replication,2,CA;TPX,2,date_file_or_underlying_filtered_export,,1
cboe_option_quotes,option_quote,2011-06-24,required_full_replication,2,CA;TPX,2,date_file_or_underlying_filtered_export,,1
nasdaq_itch_5_0_decoded,itch_decoded,2011-06-24,conditional,2,CA;TPX,2,decoded_date_file_filtered_to_required_symbols,point_in_time_primary_listing_exchange,1
nyse_daily_taq,equity_trade,2011-06-27,required_core,4,BWA;CA;GT;TPX,4,date_file_or_symbol_filtered_export,,1
nyse_daily_taq,equity_quote,2011-06-27,required_core,4,BWA;CA;GT;TPX,4,date_file_or_symbol_filtered_export,,1
cboe_option_trades,option_trade,2011-06-27,required_full_replication,4,BWA;CA;GT;TPX,4,date_file_or_underlying_filtered_export,,1
cboe_option_quotes,option_quote,2011-06-27,required_full_replication,4,BWA;CA;GT;TPX,4,date_file_or_underlying_filtered_export,,1
nasdaq_itch_5_0_decoded,itch_decoded,2011-06-27,conditional,4,BWA;CA;GT;TPX,4,decoded_date_file_filtered_to_required_symbols,point_in_time_primary_listing_exchange,1
nyse_daily_taq,equity_trade,2011-06-28,required_core,4,BWA;CA;GT;TPX,4,date_file_or_symbol_filtered_export,,1
nyse_daily_taq,equity_quote,2011-06-28,required_core,4,BWA;CA;GT;TPX,4,date_file_or_symbol_filtered_export,,1
cboe_option_trades,option_trade,2011-06-28,required_full_replication,4,BWA;CA;GT;TPX,4,date_file_or_underlying_filtered_export,,1
cboe_option_quotes,option_quote,2011-06-28,required_full_replication,4,BWA;CA;GT;TPX,4,date_file_or_underlying_filtered_export,,1
nasdaq_itch_5_0_decoded,itch_decoded,2011-06-28,conditional,4,BWA;CA;GT;TPX,4,decoded_date_file_filtered_to_required_symbols,point_in_time_primary_listing_exchange,1
nyse_daily_taq,equity_trade,2011-06-29,required_core,4,BWA;CA;GT;TPX,4,date_file_or_symbol_filtered_export,,1
nyse_daily_taq,equity_quote,2011-06-29,required_core,4,BWA;CA;GT;TPX,4,date_file_or_symbol_filtered_export,,1
cboe_option_trades,option_trade,2011-06-29,required_full_replication,4,BWA;CA;GT;TPX,4,date_file_or_underlying_filtered_export,,1
cboe_option_quotes,option_quote,2011-06-29,required_full_replication,4,BWA;CA;GT;TPX,4,date_file_or_underlying_filtered_export,,1
nasdaq_itch_5_0_decoded,itch_decoded,2011-06-29,conditional,4,BWA;CA;GT;TPX,4,decoded_date_file_filtered_to_required_symbols,point_in_time_primary_listing_exchange,1
nyse_daily_taq,equity_trade,2011-06-30,required_core,4,BWA;CA;GT;TPX,4,date_file_or_symbol_filtered_export,,1
nyse_daily_taq,equity_quote,2011-06-30,required_core,4,BWA;CA;GT;TPX,4,date_file_or_symbol_filtered_export,,1
cboe_option_trades,option_trade,2011-06-30,required_full_replication,4,BWA;CA;GT;TPX,4,date_file_or_underlying_filtered_export,,1
cboe_option_quotes,option_quote,2011-06-30,required_full_replication,4,BWA;CA;GT;TPX,4,date_file_or_underlying_filtered_export,,1
nasdaq_itch_5_0_decoded,itch_decoded,2011-06-30,conditional,4,BWA;CA;GT;TPX,4,decoded_date_file_filtered_to_required_symbols,point_in_time_primary_listing_exchange,1
nyse_daily_taq,equity_trade,2011-07-01,required_core,4,BWA;CA;GT;TPX,4,date_file_or_symbol_filtered_export,,1
nyse_daily_taq,equity_quote,2011-07-01,required_core,4,BWA;CA;GT;TPX,4,date_file_or_symbol_filtered_export,,1
cboe_option_trades,option_trade,2011-07-01,required_full_replication,4,BWA;CA;GT;TPX,4,date_file_or_underlying_filtered_export,,1
cboe_option_quotes,option_quote,2011-07-01,required_full_replication,4,BWA;CA;GT;TPX,4,date_file_or_underlying_filtered_export,,1
nasdaq_itch_5_0_decoded,itch_decoded,2011-07-01,conditional,4,BWA;CA;GT;TPX,4,decoded_date_file_filtered_to_required_symbols,point_in_time_primary_listing_exchange,1
nyse_daily_taq,equity_trade,2011-07-05,required_core,5,BWA;CA;DNDN;GT;TPX,5,date_file_or_symbol_filtered_export,,1
nyse_daily_taq,equity_quote,2011-07-05,required_core,5,BWA;CA;DNDN;GT;TPX,5,date_file_or_symbol_filtered_export,,1
cboe_option_trades,option_trade,2011-07-05,required_full_replication,5,BWA;CA;DNDN;GT;TPX,5,date_file_or_underlying_filtered_export,,1
cboe_option_quotes,option_quote,2011-07-05,required_full_replication,5,BWA;CA;DNDN;GT;TPX,5,date_file_or_underlying_filtered_export,,1
nasdaq_itch_5_0_decoded,itch_decoded,2011-07-05,conditional,5,BWA;CA;DNDN;GT;TPX,5,decoded_date_file_filtered_to_required_symbols,point_in_time_primary_listing_exchange,1
nyse_daily_taq,equity_trade,2011-07-06,required_core,5,BWA;CA;DNDN;GT;TPX,5,date_file_or_symbol_filtered_export,,1
nyse_daily_taq,equity_quote,2011-07-06,required_core,5,BWA;CA;DNDN;GT;TPX,5,date_file_or_symbol_filtered_export,,1
cboe_option_trades,option_trade,2011-07-06,required_full_replication,5,BWA;CA;DNDN;GT;TPX,5,date_file_or_underlying_filtered_export,,1
cboe_option_quotes,option_quote,2011-07-06,required_full_replication,5,BWA;CA;DNDN;GT;TPX,5,date_file_or_underlying_filtered_export,,1
nasdaq_itch_5_0_decoded,itch_decoded,2011-07-06,conditional,5,BWA;CA;DNDN;GT;TPX,5,decoded_date_file_filtered_to_required_symbols,point_in_time_primary_listing_exchange,1
nyse_daily_taq,equity_trade,2011-07-07,required_core,5,BWA;CA;DNDN;GT;TPX,5,date_file_or_symbol_filtered_export,,1
nyse_daily_taq,equity_quote,2011-07-07,required_core,5,BWA;CA;DNDN;GT;TPX,5,date_file_or_symbol_filtered_export,,1
cboe_option_trades,option_trade,2011-07-07,required_full_replication,5,BWA;CA;DNDN;GT;TPX,5,date_file_or_underlying_filtered_export,,1
cboe_option_quotes,option_quote,2011-07-07,required_full_replication,5,BWA;CA;DNDN;GT;TPX,5,date_file_or_underlying_filtered_export,,1
nasdaq_itch_5_0_decoded,itch_decoded,2011-07-07,conditional,5,BWA;CA;DNDN;GT;TPX,5,decoded_date_file_filtered_to_required_symbols,point_in_time_primary_listing_exchange,1
nyse_daily_taq,equity_trade,2011-07-08,required_core,5,BWA;CA;DNDN;GT;TPX,5,date_file_or_symbol_filtered_export,,1
nyse_daily_taq,equity_quote,2011-07-08,required_core,5,BWA;CA;DNDN;GT;TPX,5,date_file_or_symbol_filtered_export,,1
cboe_option_trades,option_trade,2011-07-08,required_full_replication,5,BWA;CA;DNDN;GT;TPX,5,date_file_or_underlying_filtered_export,,1
cboe_option_quotes,option_quote,2011-07-08,required_full_replication,5,BWA;CA;DNDN;GT;TPX,5,date_file_or_underlying_filtered_export,,1
nasdaq_itch_5_0_decoded,itch_decoded,2011-07-08,conditional,5,BWA;CA;DNDN;GT;TPX,5,decoded_date_file_filtered_to_required_symbols,point_in_time_primary_listing_exchange,1
nyse_daily_taq,equity_trade,2011-07-11,required_core,5,BWA;CA;DNDN;GT;TPX,5,date_file_or_symbol_filtered_export,,1
nyse_daily_taq,equity_quote,2011-07-11,required_core,5,BWA;CA;DNDN;GT;TPX,5,date_file_or_symbol_filtered_export,,1
cboe_option_trades,option_trade,2011-07-11,required_full_replication,5,BWA;CA;DNDN;GT;TPX,5,date_file_or_underlying_filtered_export,,1
cboe_option_quotes,option_quote,2011-07-11,required_full_replication,5,BWA;CA;DNDN;GT;TPX,5,date_file_or_underlying_filtered_export,,1
nasdaq_itch_5_0_decoded,itch_decoded,2011-07-11,conditional,5,BWA;CA;DNDN;GT;TPX,5,decoded_date_file_filtered_to_required_symbols,point_in_time_primary_listing_exchange,1
nyse_daily_taq,equity_trade,2011-07-12,required_core,5,BWA;CA;DNDN;GT;TPX,5,date_file_or_symbol_filtered_export,,1
nyse_daily_taq,equity_quote,2011-07-12,required_core,5,BWA;CA;DNDN;GT;TPX,5,date_file_or_symbol_filtered_export,,1
cboe_option_trades,option_trade,2011-07-12,required_full_replication,5,BWA;CA;DNDN;GT;TPX,5,date_file_or_underlying_filtered_export,,1
cboe_option_quotes,option_quote,2011-07-12,required_full_replication,5,BWA;CA;DNDN;GT;TPX,5,date_file_or_underlying_filtered_export,,1
nasdaq_itch_5_0_decoded,itch_decoded,2011-07-12,conditional,5,BWA;CA;DNDN;GT;TPX,5,decoded_date_file_filtered_to_required_symbols,point_in_time_primary_listing_exchange,1
nyse_daily_taq,equity_trade,2011-07-13,required_core,5,BWA;CA;DNDN;GT;TPX,5,date_file_or_symbol_filtered_export,,1
nyse_daily_taq,equity_quote,2011-07-13,required_core,5,BWA;CA;DNDN;GT;TPX,5,date_file_or_symbol_filtered_export,,1
cboe_option_trades,option_trade,2011-07-13,required_full_replication,5,BWA;CA;DNDN;GT;TPX,5,date_file_or_underlying_filtered_export,,1
cboe_option_quotes,option_quote,2011-07-13,required_full_replication,5,BWA;CA;DNDN;GT;TPX,5,date_file_or_underlying_filtered_export,,1
nasdaq_itch_5_0_decoded,itch_decoded,2011-07-13,conditional,5,BWA;CA;DNDN;GT;TPX,5,decoded_date_file_filtered_to_required_symbols,point_in_time_primary_listing_exchange,1
nyse_daily_taq,equity_trade,2011-07-14,required_core,5,BWA;CA;DNDN;GT;TPX,5,date_file_or_symbol_filtered_export,,1
nyse_daily_taq,equity_quote,2011-07-14,required_core,5,BWA;CA;DNDN;GT;TPX,5,date_file_or_symbol_filtered_export,,1
cboe_option_trades,option_trade,2011-07-14,required_full_replication,5,BWA;CA;DNDN;GT;TPX,5,date_file_or_underlying_filtered_export,,1
cboe_option_quotes,option_quote,2011-07-14,required_full_replication,5,BWA;CA;DNDN;GT;TPX,5,date_file_or_underlying_filtered_export,,1
nasdaq_itch_5_0_decoded,itch_decoded,2011-07-14,conditional,5,BWA;CA;DNDN;GT;TPX,5,decoded_date_file_filtered_to_required_symbols,point_in_time_primary_listing_exchange,1
nyse_daily_taq,equity_trade,2011-07-15,required_core,5,BWA;CA;DNDN;GT;TPX,5,date_file_or_symbol_filtered_export,,1
nyse_daily_taq,equity_quote,2011-07-15,required_core,5,BWA;CA;DNDN;GT;TPX,5,date_file_or_symbol_filtered_export,,1
cboe_option_trades,option_trade,2011-07-15,required_full_replication,5,BWA;CA;DNDN;GT;TPX,5,date_file_or_underlying_filtered_export,,1
cboe_option_quotes,option_quote,2011-07-15,required_full_replication,5,BWA;CA;DNDN;GT;TPX,5,date_file_or_underlying_filtered_export,,1
nasdaq_itch_5_0_decoded,itch_decoded,2011-07-15,conditional,5,BWA;CA;DNDN;GT;TPX,5,decoded_date_file_filtered_to_required_symbols,point_in_time_primary_listing_exchange,1
nyse_daily_taq,equity_trade,2011-07-18,required_core,5,BWA;CA;DNDN;GT;TPX,5,date_file_or_symbol_filtered_export,,1
nyse_daily_taq,equity_quote,2011-07-18,required_core,5,BWA;CA;DNDN;GT;TPX,5,date_file_or_symbol_filtered_export,,1
cboe_option_trades,option_trade,2011-07-18,required_full_replication,5,BWA;CA;DNDN;GT;TPX,5,date_file_or_underlying_filtered_export,,1
cboe_option_quotes,option_quote,2011-07-18,required_full_replication,5,BWA;CA;DNDN;GT;TPX,5,date_file_or_underlying_filtered_export,,1
nasdaq_itch_5_0_decoded,itch_decoded,2011-07-18,conditional,5,BWA;CA;DNDN;GT;TPX,5,decoded_date_file_filtered_to_required_symbols,point_in_time_primary_listing_exchange,1
nyse_daily_taq,equity_trade,2011-07-19,required_core,5,BWA;CA;DNDN;GT;TPX,5,date_file_or_symbol_filtered_export,,1
nyse_daily_taq,equity_quote,2011-07-19,required_core,5,BWA;CA;DNDN;GT;TPX,5,date_file_or_symbol_filtered_export,,1
cboe_option_trades,option_trade,2011-07-19,required_full_replication,5,BWA;CA;DNDN;GT;TPX,5,date_file_or_underlying_filtered_export,,1
cboe_option_quotes,option_quote,2011-07-19,required_full_replication,5,BWA;CA;DNDN;GT;TPX,5,date_file_or_underlying_filtered_export,,1
nasdaq_itch_5_0_decoded,itch_decoded,2011-07-19,conditional,5,BWA;CA;DNDN;GT;TPX,5,decoded_date_file_filtered_to_required_symbols,point_in_time_primary_listing_exchange,1
nyse_daily_taq,equity_trade,2011-07-20,required_core,6,BWA;CA;DNDN;FL;GT;TPX,6,date_file_or_symbol_filtered_export,,1
nyse_daily_taq,equity_quote,2011-07-20,required_core,6,BWA;CA;DNDN;FL;GT;TPX,6,date_file_or_symbol_filtered_export,,1
cboe_option_trades,option_trade,2011-07-20,required_full_replication,6,BWA;CA;DNDN;FL;GT;TPX,6,date_file_or_underlying_filtered_export,,1
cboe_option_quotes,option_quote,2011-07-20,required_full_replication,6,BWA;CA;DNDN;FL;GT;TPX,6,date_file_or_underlying_filtered_export,,1
nasdaq_itch_5_0_decoded,itch_decoded,2011-07-20,conditional,6,BWA;CA;DNDN;FL;GT;TPX,6,decoded_date_file_filtered_to_required_symbols,point_in_time_primary_listing_exchange,1
nyse_daily_taq,equity_trade,2011-07-21,required_core,5,BWA;DNDN;FL;GT;TPX,5,date_file_or_symbol_filtered_export,,1
nyse_daily_taq,equity_quote,2011-07-21,required_core,5,BWA;DNDN;FL;GT;TPX,5,date_file_or_symbol_filtered_export,,1
cboe_option_trades,option_trade,2011-07-21,required_full_replication,5,BWA;DNDN;FL;GT;TPX,5,date_file_or_underlying_filtered_export,,1
cboe_option_quotes,option_quote,2011-07-21,required_full_replication,5,BWA;DNDN;FL;GT;TPX,5,date_file_or_underlying_filtered_export,,1
nasdaq_itch_5_0_decoded,itch_decoded,2011-07-21,conditional,5,BWA;DNDN;FL;GT;TPX,5,decoded_date_file_filtered_to_required_symbols,point_in_time_primary_listing_exchange,1
nyse_daily_taq,equity_trade,2011-07-22,required_core,5,BWA;DNDN;FL;GT;TPX,5,date_file_or_symbol_filtered_export,,1
nyse_daily_taq,equity_quote,2011-07-22,required_core,5,BWA;DNDN;FL;GT;TPX,5,date_file_or_symbol_filtered_export,,1
cboe_option_trades,option_trade,2011-07-22,required_full_replication,5,BWA;DNDN;FL;GT;TPX,5,date_file_or_underlying_filtered_export,,1
cboe_option_quotes,option_quote,2011-07-22,required_full_replication,5,BWA;DNDN;FL;GT;TPX,5,date_file_or_underlying_filtered_export,,1
nasdaq_itch_5_0_decoded,itch_decoded,2011-07-22,conditional,5,BWA;DNDN;FL;GT;TPX,5,decoded_date_file_filtered_to_required_symbols,point_in_time_primary_listing_exchange,1
nyse_daily_taq,equity_trade,2011-07-25,required_core,5,BWA;DNDN;FL;GT;TPX,5,date_file_or_symbol_filtered_export,,1
nyse_daily_taq,equity_quote,2011-07-25,required_core,5,BWA;DNDN;FL;GT;TPX,5,date_file_or_symbol_filtered_export,,1
cboe_option_trades,option_trade,2011-07-25,required_full_replication,5,BWA;DNDN;FL;GT;TPX,5,date_file_or_underlying_filtered_export,,1
cboe_option_quotes,option_quote,2011-07-25,required_full_replication,5,BWA;DNDN;FL;GT;TPX,5,date_file_or_underlying_filtered_export,,1
nasdaq_itch_5_0_decoded,itch_decoded,2011-07-25,conditional,5,BWA;DNDN;FL;GT;TPX,5,decoded_date_file_filtered_to_required_symbols,point_in_time_primary_listing_exchange,1
nyse_daily_taq,equity_trade,2011-07-26,required_core,5,BWA;DNDN;FL;GT;TPX,5,date_file_or_symbol_filtered_export,,1
nyse_daily_taq,equity_quote,2011-07-26,required_core,5,BWA;DNDN;FL;GT;TPX,5,date_file_or_symbol_filtered_export,,1
cboe_option_trades,option_trade,2011-07-26,required_full_replication,5,BWA;DNDN;FL;GT;TPX,5,date_file_or_underlying_filtered_export,,1
cboe_option_quotes,option_quote,2011-07-26,required_full_replication,5,BWA;DNDN;FL;GT;TPX,5,date_file_or_underlying_filtered_export,,1
nasdaq_itch_5_0_decoded,itch_decoded,2011-07-26,conditional,5,BWA;DNDN;FL;GT;TPX,5,decoded_date_file_filtered_to_required_symbols,point_in_time_primary_listing_exchange,1
nyse_daily_taq,equity_trade,2011-07-27,required_core,4,BWA;DNDN;FL;GT,4,date_file_or_symbol_filtered_export,,1
nyse_daily_taq,equity_quote,2011-07-27,required_core,4,BWA;DNDN;FL;GT,4,date_file_or_symbol_filtered_export,,1
cboe_option_trades,option_trade,2011-07-27,required_full_replication,4,BWA;DNDN;FL;GT,4,date_file_or_underlying_filtered_export,,1
cboe_option_quotes,option_quote,2011-07-27,required_full_replication,4,BWA;DNDN;FL;GT,4,date_file_or_underlying_filtered_export,,1
nasdaq_itch_5_0_decoded,itch_decoded,2011-07-27,conditional,4,BWA;DNDN;FL;GT,4,decoded_date_file_filtered_to_required_symbols,point_in_time_primary_listing_exchange,1
nyse_daily_taq,equity_trade,2011-07-28,required_core,2,DNDN;FL,2,date_file_or_symbol_filtered_export,,1
nyse_daily_taq,equity_quote,2011-07-28,required_core,2,DNDN;FL,2,date_file_or_symbol_filtered_export,,1
cboe_option_trades,option_trade,2011-07-28,required_full_replication,2,DNDN;FL,2,date_file_or_underlying_filtered_export,,1
cboe_option_quotes,option_quote,2011-07-28,required_full_replication,2,DNDN;FL,2,date_file_or_underlying_filtered_export,,1
nasdaq_itch_5_0_decoded,itch_decoded,2011-07-28,conditional,2,DNDN;FL,2,decoded_date_file_filtered_to_required_symbols,point_in_time_primary_listing_exchange,1
nyse_daily_taq,equity_trade,2011-07-29,required_core,2,DNDN;FL,2,date_file_or_symbol_filtered_export,,1
nyse_daily_taq,equity_quote,2011-07-29,required_core,2,DNDN;FL,2,date_file_or_symbol_filtered_export,,1
cboe_option_trades,option_trade,2011-07-29,required_full_replication,2,DNDN;FL,2,date_file_or_underlying_filtered_export,,1
cboe_option_quotes,option_quote,2011-07-29,required_full_replication,2,DNDN;FL,2,date_file_or_underlying_filtered_export,,1
nasdaq_itch_5_0_decoded,itch_decoded,2011-07-29,conditional,2,DNDN;FL,2,decoded_date_file_filtered_to_required_symbols,point_in_time_primary_listing_exchange,1
nyse_daily_taq,equity_trade,2011-08-01,required_core,2,DNDN;FL,2,date_file_or_symbol_filtered_export,,1
nyse_daily_taq,equity_quote,2011-08-01,required_core,2,DNDN;FL,2,date_file_or_symbol_filtered_export,,1
cboe_option_trades,option_trade,2011-08-01,required_full_replication,2,DNDN;FL,2,date_file_or_underlying_filtered_export,,1
cboe_option_quotes,option_quote,2011-08-01,required_full_replication,2,DNDN;FL,2,date_file_or_underlying_filtered_export,,1
nasdaq_itch_5_0_decoded,itch_decoded,2011-08-01,conditional,2,DNDN;FL,2,decoded_date_file_filtered_to_required_symbols,point_in_time_primary_listing_exchange,1
nyse_daily_taq,equity_trade,2011-08-02,required_core,2,DNDN;FL,2,date_file_or_symbol_filtered_export,,1
nyse_daily_taq,equity_quote,2011-08-02,required_core,2,DNDN;FL,2,date_file_or_symbol_filtered_export,,1
cboe_option_trades,option_trade,2011-08-02,required_full_replication,2,DNDN;FL,2,date_file_or_underlying_filtered_export,,1
cboe_option_quotes,option_quote,2011-08-02,required_full_replication,2,DNDN;FL,2,date_file_or_underlying_filtered_export,,1
nasdaq_itch_5_0_decoded,itch_decoded,2011-08-02,conditional,2,DNDN;FL,2,decoded_date_file_filtered_to_required_symbols,point_in_time_primary_listing_exchange,1
nyse_daily_taq,equity_trade,2011-08-03,required_core,2,DNDN;FL,2,date_file_or_symbol_filtered_export,,1
nyse_daily_taq,equity_quote,2011-08-03,required_core,2,DNDN;FL,2,date_file_or_symbol_filtered_export,,1
cboe_option_trades,option_trade,2011-08-03,required_full_replication,2,DNDN;FL,2,date_file_or_underlying_filtered_export,,1
cboe_option_quotes,option_quote,2011-08-03,required_full_replication,2,DNDN;FL,2,date_file_or_underlying_filtered_export,,1
nasdaq_itch_5_0_decoded,itch_decoded,2011-08-03,conditional,2,DNDN;FL,2,decoded_date_file_filtered_to_required_symbols,point_in_time_primary_listing_exchange,1
nyse_daily_taq,equity_trade,2011-08-04,required_core,1,FL,1,date_file_or_symbol_filtered_export,,1
nyse_daily_taq,equity_quote,2011-08-04,required_core,1,FL,1,date_file_or_symbol_filtered_export,,1
cboe_option_trades,option_trade,2011-08-04,required_full_replication,1,FL,1,date_file_or_underlying_filtered_export,,1
cboe_option_quotes,option_quote,2011-08-04,required_full_replication,1,FL,1,date_file_or_underlying_filtered_export,,1
nasdaq_itch_5_0_decoded,itch_decoded,2011-08-04,conditional,1,FL,1,decoded_date_file_filtered_to_required_symbols,point_in_time_primary_listing_exchange,1
nyse_daily_taq,equity_trade,2011-08-05,required_core,1,FL,1,date_file_or_symbol_filtered_export,,1
nyse_daily_taq,equity_quote,2011-08-05,required_core,1,FL,1,date_file_or_symbol_filtered_export,,1
cboe_option_trades,option_trade,2011-08-05,required_full_replication,1,FL,1,date_file_or_underlying_filtered_export,,1
cboe_option_quotes,option_quote,2011-08-05,required_full_replication,1,FL,1,date_file_or_underlying_filtered_export,,1
nasdaq_itch_5_0_decoded,itch_decoded,2011-08-05,conditional,1,FL,1,decoded_date_file_filtered_to_required_symbols,point_in_time_primary_listing_exchange,1
nyse_daily_taq,equity_trade,2011-08-08,required_core,1,FL,1,date_file_or_symbol_filtered_export,,1
nyse_daily_taq,equity_quote,2011-08-08,required_core,1,FL,1,date_file_or_symbol_filtered_export,,1
cboe_option_trades,option_trade,2011-08-08,required_full_replication,1,FL,1,date_file_or_underlying_filtered_export,,1
cboe_option_quotes,option_quote,2011-08-08,required_full_replication,1,FL,1,date_file_or_underlying_filtered_export,,1
nasdaq_itch_5_0_decoded,itch_decoded,2011-08-08,conditional,1,FL,1,decoded_date_file_filtered_to_required_symbols,point_in_time_primary_listing_exchange,1
nyse_daily_taq,equity_trade,2011-08-09,required_core,1,FL,1,date_file_or_symbol_filtered_export,,1
nyse_daily_taq,equity_quote,2011-08-09,required_core,1,FL,1,date_file_or_symbol_filtered_export,,1
cboe_option_trades,option_trade,2011-08-09,required_full_replication,1,FL,1,date_file_or_underlying_filtered_export,,1
cboe_option_quotes,option_quote,2011-08-09,required_full_replication,1,FL,1,date_file_or_underlying_filtered_export,,1
nasdaq_itch_5_0_decoded,itch_decoded,2011-08-09,conditional,1,FL,1,decoded_date_file_filtered_to_required_symbols,point_in_time_primary_listing_exchange,1
nyse_daily_taq,equity_trade,2011-08-10,required_core,1,FL,1,date_file_or_symbol_filtered_export,,1
nyse_daily_taq,equity_quote,2011-08-10,required_core,1,FL,1,date_file_or_symbol_filtered_export,,1
cboe_option_trades,option_trade,2011-08-10,required_full_replication,1,FL,1,date_file_or_underlying_filtered_export,,1
cboe_option_quotes,option_quote,2011-08-10,required_full_replication,1,FL,1,date_file_or_underlying_filtered_export,,1
nasdaq_itch_5_0_decoded,itch_decoded,2011-08-10,conditional,1,FL,1,decoded_date_file_filtered_to_required_symbols,point_in_time_primary_listing_exchange,1
nyse_daily_taq,equity_trade,2011-08-11,required_core,1,FL,1,date_file_or_symbol_filtered_export,,1
nyse_daily_taq,equity_quote,2011-08-11,required_core,1,FL,1,date_file_or_symbol_filtered_export,,1
cboe_option_trades,option_trade,2011-08-11,required_full_replication,1,FL,1,date_file_or_underlying_filtered_export,,1
cboe_option_quotes,option_quote,2011-08-11,required_full_replication,1,FL,1,date_file_or_underlying_filtered_export,,1
nasdaq_itch_5_0_decoded,itch_decoded,2011-08-11,conditional,1,FL,1,decoded_date_file_filtered_to_required_symbols,point_in_time_primary_listing_exchange,1
nyse_daily_taq,equity_trade,2011-08-12,required_core,1,FL,1,date_file_or_symbol_filtered_export,,1
nyse_daily_taq,equity_quote,2011-08-12,required_core,1,FL,1,date_file_or_symbol_filtered_export,,1
cboe_option_trades,option_trade,2011-08-12,required_full_replication,1,FL,1,date_file_or_underlying_filtered_export,,1
cboe_option_quotes,option_quote,2011-08-12,required_full_replication,1,FL,1,date_file_or_underlying_filtered_export,,1
nasdaq_itch_5_0_decoded,itch_decoded,2011-08-12,conditional,1,FL,1,decoded_date_file_filtered_to_required_symbols,point_in_time_primary_listing_exchange,1
nyse_daily_taq,equity_trade,2011-08-15,required_core,1,FL,1,date_file_or_symbol_filtered_export,,1
nyse_daily_taq,equity_quote,2011-08-15,required_core,1,FL,1,date_file_or_symbol_filtered_export,,1
cboe_option_trades,option_trade,2011-08-15,required_full_replication,1,FL,1,date_file_or_underlying_filtered_export,,1
cboe_option_quotes,option_quote,2011-08-15,required_full_replication,1,FL,1,date_file_or_underlying_filtered_export,,1
nasdaq_itch_5_0_decoded,itch_decoded,2011-08-15,conditional,1,FL,1,decoded_date_file_filtered_to_required_symbols,point_in_time_primary_listing_exchange,1
nyse_daily_taq,equity_trade,2011-08-16,required_core,1,FL,1,date_file_or_symbol_filtered_export,,1
nyse_daily_taq,equity_quote,2011-08-16,required_core,1,FL,1,date_file_or_symbol_filtered_export,,1
cboe_option_trades,option_trade,2011-08-16,required_full_replication,1,FL,1,date_file_or_underlying_filtered_export,,1
cboe_option_quotes,option_quote,2011-08-16,required_full_replication,1,FL,1,date_file_or_underlying_filtered_export,,1
nasdaq_itch_5_0_decoded,itch_decoded,2011-08-16,conditional,1,FL,1,decoded_date_file_filtered_to_required_symbols,point_in_time_primary_listing_exchange,1
nyse_daily_taq,equity_trade,2011-08-17,required_core,1,FL,1,date_file_or_symbol_filtered_export,,1
nyse_daily_taq,equity_quote,2011-08-17,required_core,1,FL,1,date_file_or_symbol_filtered_export,,1
cboe_option_trades,option_trade,2011-08-17,required_full_replication,1,FL,1,date_file_or_underlying_filtered_export,,1
cboe_option_quotes,option_quote,2011-08-17,required_full_replication,1,FL,1,date_file_or_underlying_filtered_export,,1
nasdaq_itch_5_0_decoded,itch_decoded,2011-08-17,conditional,1,FL,1,decoded_date_file_filtered_to_required_symbols,point_in_time_primary_listing_exchange,1
nyse_daily_taq,equity_trade,2011-08-18,required_core,1,FL,1,date_file_or_symbol_filtered_export,,1
nyse_daily_taq,equity_quote,2011-08-18,required_core,1,FL,1,date_file_or_symbol_filtered_export,,1
cboe_option_trades,option_trade,2011-08-18,required_full_replication,1,FL,1,date_file_or_underlying_filtered_export,,1
cboe_option_quotes,option_quote,2011-08-18,required_full_replication,1,FL,1,date_file_or_underlying_filtered_export,,1
nasdaq_itch_5_0_decoded,itch_decoded,2011-08-18,conditional,1,FL,1,decoded_date_file_filtered_to_required_symbols,point_in_time_primary_listing_exchange,1
nyse_daily_taq,equity_trade,2011-09-21,required_core,1,MUSA,1,date_file_or_symbol_filtered_export,,1
nyse_daily_taq,equity_quote,2011-09-21,required_core,1,MUSA,1,date_file_or_symbol_filtered_export,,1
cboe_option_trades,option_trade,2011-09-21,required_full_replication,1,MUSA,1,date_file_or_underlying_filtered_export,,1
cboe_option_quotes,option_quote,2011-09-21,required_full_replication,1,MUSA,1,date_file_or_underlying_filtered_export,,1
nasdaq_itch_5_0_decoded,itch_decoded,2011-09-21,conditional,1,MUSA,1,decoded_date_file_filtered_to_required_symbols,point_in_time_primary_listing_exchange,1
nyse_daily_taq,equity_trade,2011-09-22,required_core,2,LSTR;MUSA,2,date_file_or_symbol_filtered_export,,1
nyse_daily_taq,equity_quote,2011-09-22,required_core,2,LSTR;MUSA,2,date_file_or_symbol_filtered_export,,1
cboe_option_trades,option_trade,2011-09-22,required_full_replication,2,LSTR;MUSA,2,date_file_or_underlying_filtered_export,,1
cboe_option_quotes,option_quote,2011-09-22,required_full_replication,2,LSTR;MUSA,2,date_file_or_underlying_filtered_export,,1
nasdaq_itch_5_0_decoded,itch_decoded,2011-09-22,conditional,2,LSTR;MUSA,2,decoded_date_file_filtered_to_required_symbols,point_in_time_primary_listing_exchange,1
nyse_daily_taq,equity_trade,2011-09-23,required_core,2,LSTR;MUSA,2,date_file_or_symbol_filtered_export,,1
nyse_daily_taq,equity_quote,2011-09-23,required_core,2,LSTR;MUSA,2,date_file_or_symbol_filtered_export,,1
cboe_option_trades,option_trade,2011-09-23,required_full_replication,2,LSTR;MUSA,2,date_file_or_underlying_filtered_export,,1
cboe_option_quotes,option_quote,2011-09-23,required_full_replication,2,LSTR;MUSA,2,date_file_or_underlying_filtered_export,,1
nasdaq_itch_5_0_decoded,itch_decoded,2011-09-23,conditional,2,LSTR;MUSA,2,decoded_date_file_filtered_to_required_symbols,point_in_time_primary_listing_exchange,1
nyse_daily_taq,equity_trade,2011-09-26,required_core,2,LSTR;MUSA,2,date_file_or_symbol_filtered_export,,1
nyse_daily_taq,equity_quote,2011-09-26,required_core,2,LSTR;MUSA,2,date_file_or_symbol_filtered_export,,1
cboe_option_trades,option_trade,2011-09-26,required_full_replication,2,LSTR;MUSA,2,date_file_or_underlying_filtered_export,,1
cboe_option_quotes,option_quote,2011-09-26,required_full_replication,2,LSTR;MUSA,2,date_file_or_underlying_filtered_export,,1
nasdaq_itch_5_0_decoded,itch_decoded,2011-09-26,conditional,2,LSTR;MUSA,2,decoded_date_file_filtered_to_required_symbols,point_in_time_primary_listing_exchange,1
nyse_daily_taq,equity_trade,2011-09-27,required_core,3,LSTR;MUSA;VDSI,3,date_file_or_symbol_filtered_export,,1
nyse_daily_taq,equity_quote,2011-09-27,required_core,3,LSTR;MUSA;VDSI,3,date_file_or_symbol_filtered_export,,1
cboe_option_trades,option_trade,2011-09-27,required_full_replication,3,LSTR;MUSA;VDSI,3,date_file_or_underlying_filtered_export,,1
cboe_option_quotes,option_quote,2011-09-27,required_full_replication,3,LSTR;MUSA;VDSI,3,date_file_or_underlying_filtered_export,,1
nasdaq_itch_5_0_decoded,itch_decoded,2011-09-27,conditional,3,LSTR;MUSA;VDSI,3,decoded_date_file_filtered_to_required_symbols,point_in_time_primary_listing_exchange,1
nyse_daily_taq,equity_trade,2011-09-28,required_core,4,AGP;LSTR;MUSA;VDSI,4,date_file_or_symbol_filtered_export,,1
nyse_daily_taq,equity_quote,2011-09-28,required_core,4,AGP;LSTR;MUSA;VDSI,4,date_file_or_symbol_filtered_export,,1
cboe_option_trades,option_trade,2011-09-28,required_full_replication,4,AGP;LSTR;MUSA;VDSI,4,date_file_or_underlying_filtered_export,,1
cboe_option_quotes,option_quote,2011-09-28,required_full_replication,4,AGP;LSTR;MUSA;VDSI,4,date_file_or_underlying_filtered_export,,1
nasdaq_itch_5_0_decoded,itch_decoded,2011-09-28,conditional,4,AGP;LSTR;MUSA;VDSI,4,decoded_date_file_filtered_to_required_symbols,point_in_time_primary_listing_exchange,1
nyse_daily_taq,equity_trade,2011-09-29,required_core,4,AGP;LSTR;MUSA;VDSI,4,date_file_or_symbol_filtered_export,,1
nyse_daily_taq,equity_quote,2011-09-29,required_core,4,AGP;LSTR;MUSA;VDSI,4,date_file_or_symbol_filtered_export,,1
cboe_option_trades,option_trade,2011-09-29,required_full_replication,4,AGP;LSTR;MUSA;VDSI,4,date_file_or_underlying_filtered_export,,1
cboe_option_quotes,option_quote,2011-09-29,required_full_replication,4,AGP;LSTR;MUSA;VDSI,4,date_file_or_underlying_filtered_export,,1
nasdaq_itch_5_0_decoded,itch_decoded,2011-09-29,conditional,4,AGP;LSTR;MUSA;VDSI,4,decoded_date_file_filtered_to_required_symbols,point_in_time_primary_listing_exchange,1
nyse_daily_taq,equity_trade,2011-09-30,required_core,4,AGP;LSTR;MUSA;VDSI,4,date_file_or_symbol_filtered_export,,1
nyse_daily_taq,equity_quote,2011-09-30,required_core,4,AGP;LSTR;MUSA;VDSI,4,date_file_or_symbol_filtered_export,,1
cboe_option_trades,option_trade,2011-09-30,required_full_replication,4,AGP;LSTR;MUSA;VDSI,4,date_file_or_underlying_filtered_export,,1
cboe_option_quotes,option_quote,2011-09-30,required_full_replication,4,AGP;LSTR;MUSA;VDSI,4,date_file_or_underlying_filtered_export,,1
nasdaq_itch_5_0_decoded,itch_decoded,2011-09-30,conditional,4,AGP;LSTR;MUSA;VDSI,4,decoded_date_file_filtered_to_required_symbols,point_in_time_primary_listing_exchange,1
nyse_daily_taq,equity_trade,2011-10-03,required_core,4,AGP;LSTR;MUSA;VDSI,4,date_file_or_symbol_filtered_export,,1
nyse_daily_taq,equity_quote,2011-10-03,required_core,4,AGP;LSTR;MUSA;VDSI,4,date_file_or_symbol_filtered_export,,1
cboe_option_trades,option_trade,2011-10-03,required_full_replication,4,AGP;LSTR;MUSA;VDSI,4,date_file_or_underlying_filtered_export,,1
cboe_option_quotes,option_quote,2011-10-03,required_full_replication,4,AGP;LSTR;MUSA;VDSI,4,date_file_or_underlying_filtered_export,,1
nasdaq_itch_5_0_decoded,itch_decoded,2011-10-03,conditional,4,AGP;LSTR;MUSA;VDSI,4,decoded_date_file_filtered_to_required_symbols,point_in_time_primary_listing_exchange,1
nyse_daily_taq,equity_trade,2011-10-04,required_core,4,AGP;LSTR;MUSA;VDSI,4,date_file_or_symbol_filtered_export,,1
nyse_daily_taq,equity_quote,2011-10-04,required_core,4,AGP;LSTR;MUSA;VDSI,4,date_file_or_symbol_filtered_export,,1
cboe_option_trades,option_trade,2011-10-04,required_full_replication,4,AGP;LSTR;MUSA;VDSI,4,date_file_or_underlying_filtered_export,,1
cboe_option_quotes,option_quote,2011-10-04,required_full_replication,4,AGP;LSTR;MUSA;VDSI,4,date_file_or_underlying_filtered_export,,1
nasdaq_itch_5_0_decoded,itch_decoded,2011-10-04,conditional,4,AGP;LSTR;MUSA;VDSI,4,decoded_date_file_filtered_to_required_symbols,point_in_time_primary_listing_exchange,1
nyse_daily_taq,equity_trade,2011-10-05,required_core,4,AGP;LSTR;MUSA;VDSI,4,date_file_or_symbol_filtered_export,,1
nyse_daily_taq,equity_quote,2011-10-05,required_core,4,AGP;LSTR;MUSA;VDSI,4,date_file_or_symbol_filtered_export,,1
cboe_option_trades,option_trade,2011-10-05,required_full_replication,4,AGP;LSTR;MUSA;VDSI,4,date_file_or_underlying_filtered_export,,1
cboe_option_quotes,option_quote,2011-10-05,required_full_replication,4,AGP;LSTR;MUSA;VDSI,4,date_file_or_underlying_filtered_export,,1
nasdaq_itch_5_0_decoded,itch_decoded,2011-10-05,conditional,4,AGP;LSTR;MUSA;VDSI,4,decoded_date_file_filtered_to_required_symbols,point_in_time_primary_listing_exchange,1
nyse_daily_taq,equity_trade,2011-10-06,required_core,4,AGP;LSTR;MUSA;VDSI,4,date_file_or_symbol_filtered_export,,1
nyse_daily_taq,equity_quote,2011-10-06,required_core,4,AGP;LSTR;MUSA;VDSI,4,date_file_or_symbol_filtered_export,,1
cboe_option_trades,option_trade,2011-10-06,required_full_replication,4,AGP;LSTR;MUSA;VDSI,4,date_file_or_underlying_filtered_export,,1
cboe_option_quotes,option_quote,2011-10-06,required_full_replication,4,AGP;LSTR;MUSA;VDSI,4,date_file_or_underlying_filtered_export,,1
nasdaq_itch_5_0_decoded,itch_decoded,2011-10-06,conditional,4,AGP;LSTR;MUSA;VDSI,4,decoded_date_file_filtered_to_required_symbols,point_in_time_primary_listing_exchange,1
nyse_daily_taq,equity_trade,2011-10-07,required_core,4,AGP;LSTR;MUSA;VDSI,4,date_file_or_symbol_filtered_export,,1
nyse_daily_taq,equity_quote,2011-10-07,required_core,4,AGP;LSTR;MUSA;VDSI,4,date_file_or_symbol_filtered_export,,1
cboe_option_trades,option_trade,2011-10-07,required_full_replication,4,AGP;LSTR;MUSA;VDSI,4,date_file_or_underlying_filtered_export,,1
cboe_option_quotes,option_quote,2011-10-07,required_full_replication,4,AGP;LSTR;MUSA;VDSI,4,date_file_or_underlying_filtered_export,,1
nasdaq_itch_5_0_decoded,itch_decoded,2011-10-07,conditional,4,AGP;LSTR;MUSA;VDSI,4,decoded_date_file_filtered_to_required_symbols,point_in_time_primary_listing_exchange,1
nyse_daily_taq,equity_trade,2011-10-10,required_core,4,AGP;LSTR;MUSA;VDSI,4,date_file_or_symbol_filtered_export,,1
nyse_daily_taq,equity_quote,2011-10-10,required_core,4,AGP;LSTR;MUSA;VDSI,4,date_file_or_symbol_filtered_export,,1
cboe_option_trades,option_trade,2011-10-10,required_full_replication,4,AGP;LSTR;MUSA;VDSI,4,date_file_or_underlying_filtered_export,,1
cboe_option_quotes,option_quote,2011-10-10,required_full_replication,4,AGP;LSTR;MUSA;VDSI,4,date_file_or_underlying_filtered_export,,1
nasdaq_itch_5_0_decoded,itch_decoded,2011-10-10,conditional,4,AGP;LSTR;MUSA;VDSI,4,decoded_date_file_filtered_to_required_symbols,point_in_time_primary_listing_exchange,1
nyse_daily_taq,equity_trade,2011-10-11,required_core,4,AGP;LSTR;MUSA;VDSI,4,date_file_or_symbol_filtered_export,,1
nyse_daily_taq,equity_quote,2011-10-11,required_core,4,AGP;LSTR;MUSA;VDSI,4,date_file_or_symbol_filtered_export,,1
cboe_option_trades,option_trade,2011-10-11,required_full_replication,4,AGP;LSTR;MUSA;VDSI,4,date_file_or_underlying_filtered_export,,1
cboe_option_quotes,option_quote,2011-10-11,required_full_replication,4,AGP;LSTR;MUSA;VDSI,4,date_file_or_underlying_filtered_export,,1
nasdaq_itch_5_0_decoded,itch_decoded,2011-10-11,conditional,4,AGP;LSTR;MUSA;VDSI,4,decoded_date_file_filtered_to_required_symbols,point_in_time_primary_listing_exchange,1
nyse_daily_taq,equity_trade,2011-10-12,required_core,4,AGP;LSTR;MUSA;VDSI,4,date_file_or_symbol_filtered_export,,1
nyse_daily_taq,equity_quote,2011-10-12,required_core,4,AGP;LSTR;MUSA;VDSI,4,date_file_or_symbol_filtered_export,,1
cboe_option_trades,option_trade,2011-10-12,required_full_replication,4,AGP;LSTR;MUSA;VDSI,4,date_file_or_underlying_filtered_export,,1
cboe_option_quotes,option_quote,2011-10-12,required_full_replication,4,AGP;LSTR;MUSA;VDSI,4,date_file_or_underlying_filtered_export,,1
nasdaq_itch_5_0_decoded,itch_decoded,2011-10-12,conditional,4,AGP;LSTR;MUSA;VDSI,4,decoded_date_file_filtered_to_required_symbols,point_in_time_primary_listing_exchange,1
nyse_daily_taq,equity_trade,2011-10-13,required_core,4,AGP;LSTR;MUSA;VDSI,4,date_file_or_symbol_filtered_export,,1
nyse_daily_taq,equity_quote,2011-10-13,required_core,4,AGP;LSTR;MUSA;VDSI,4,date_file_or_symbol_filtered_export,,1
cboe_option_trades,option_trade,2011-10-13,required_full_replication,4,AGP;LSTR;MUSA;VDSI,4,date_file_or_underlying_filtered_export,,1
cboe_option_quotes,option_quote,2011-10-13,required_full_replication,4,AGP;LSTR;MUSA;VDSI,4,date_file_or_underlying_filtered_export,,1
nasdaq_itch_5_0_decoded,itch_decoded,2011-10-13,conditional,4,AGP;LSTR;MUSA;VDSI,4,decoded_date_file_filtered_to_required_symbols,point_in_time_primary_listing_exchange,1
nyse_daily_taq,equity_trade,2011-10-14,required_core,4,AGP;LSTR;MUSA;VDSI,4,date_file_or_symbol_filtered_export,,1
nyse_daily_taq,equity_quote,2011-10-14,required_core,4,AGP;LSTR;MUSA;VDSI,4,date_file_or_symbol_filtered_export,,1
cboe_option_trades,option_trade,2011-10-14,required_full_replication,4,AGP;LSTR;MUSA;VDSI,4,date_file_or_underlying_filtered_export,,1
cboe_option_quotes,option_quote,2011-10-14,required_full_replication,4,AGP;LSTR;MUSA;VDSI,4,date_file_or_underlying_filtered_export,,1
nasdaq_itch_5_0_decoded,itch_decoded,2011-10-14,conditional,4,AGP;LSTR;MUSA;VDSI,4,decoded_date_file_filtered_to_required_symbols,point_in_time_primary_listing_exchange,1
nyse_daily_taq,equity_trade,2011-10-17,required_core,4,AGP;LSTR;MUSA;VDSI,4,date_file_or_symbol_filtered_export,,1
nyse_daily_taq,equity_quote,2011-10-17,required_core,4,AGP;LSTR;MUSA;VDSI,4,date_file_or_symbol_filtered_export,,1
cboe_option_trades,option_trade,2011-10-17,required_full_replication,4,AGP;LSTR;MUSA;VDSI,4,date_file_or_underlying_filtered_export,,1
cboe_option_quotes,option_quote,2011-10-17,required_full_replication,4,AGP;LSTR;MUSA;VDSI,4,date_file_or_underlying_filtered_export,,1
nasdaq_itch_5_0_decoded,itch_decoded,2011-10-17,conditional,4,AGP;LSTR;MUSA;VDSI,4,decoded_date_file_filtered_to_required_symbols,point_in_time_primary_listing_exchange,1
nyse_daily_taq,equity_trade,2011-10-18,required_core,4,AGP;LSTR;MUSA;VDSI,4,date_file_or_symbol_filtered_export,,1
nyse_daily_taq,equity_quote,2011-10-18,required_core,4,AGP;LSTR;MUSA;VDSI,4,date_file_or_symbol_filtered_export,,1
cboe_option_trades,option_trade,2011-10-18,required_full_replication,4,AGP;LSTR;MUSA;VDSI,4,date_file_or_underlying_filtered_export,,1
cboe_option_quotes,option_quote,2011-10-18,required_full_replication,4,AGP;LSTR;MUSA;VDSI,4,date_file_or_underlying_filtered_export,,1
nasdaq_itch_5_0_decoded,itch_decoded,2011-10-18,conditional,4,AGP;LSTR;MUSA;VDSI,4,decoded_date_file_filtered_to_required_symbols,point_in_time_primary_listing_exchange,1
nyse_daily_taq,equity_trade,2011-10-19,required_core,4,AGP;LSTR;MUSA;VDSI,4,date_file_or_symbol_filtered_export,,1
nyse_daily_taq,equity_quote,2011-10-19,required_core,4,AGP;LSTR;MUSA;VDSI,4,date_file_or_symbol_filtered_export,,1
cboe_option_trades,option_trade,2011-10-19,required_full_replication,4,AGP;LSTR;MUSA;VDSI,4,date_file_or_underlying_filtered_export,,1
cboe_option_quotes,option_quote,2011-10-19,required_full_replication,4,AGP;LSTR;MUSA;VDSI,4,date_file_or_underlying_filtered_export,,1
nasdaq_itch_5_0_decoded,itch_decoded,2011-10-19,conditional,4,AGP;LSTR;MUSA;VDSI,4,decoded_date_file_filtered_to_required_symbols,point_in_time_primary_listing_exchange,1
nyse_daily_taq,equity_trade,2011-10-20,required_core,4,AGP;LSTR;MUSA;VDSI,4,date_file_or_symbol_filtered_export,,1
nyse_daily_taq,equity_quote,2011-10-20,required_core,4,AGP;LSTR;MUSA;VDSI,4,date_file_or_symbol_filtered_export,,1
cboe_option_trades,option_trade,2011-10-20,required_full_replication,4,AGP;LSTR;MUSA;VDSI,4,date_file_or_underlying_filtered_export,,1
cboe_option_quotes,option_quote,2011-10-20,required_full_replication,4,AGP;LSTR;MUSA;VDSI,4,date_file_or_underlying_filtered_export,,1
nasdaq_itch_5_0_decoded,itch_decoded,2011-10-20,conditional,4,AGP;LSTR;MUSA;VDSI,4,decoded_date_file_filtered_to_required_symbols,point_in_time_primary_listing_exchange,1
nyse_daily_taq,equity_trade,2011-10-21,required_core,3,AGP;LSTR;VDSI,3,date_file_or_symbol_filtered_export,,1
nyse_daily_taq,equity_quote,2011-10-21,required_core,3,AGP;LSTR;VDSI,3,date_file_or_symbol_filtered_export,,1
cboe_option_trades,option_trade,2011-10-21,required_full_replication,3,AGP;LSTR;VDSI,3,date_file_or_underlying_filtered_export,,1
cboe_option_quotes,option_quote,2011-10-21,required_full_replication,3,AGP;LSTR;VDSI,3,date_file_or_underlying_filtered_export,,1
nasdaq_itch_5_0_decoded,itch_decoded,2011-10-21,conditional,3,AGP;LSTR;VDSI,3,decoded_date_file_filtered_to_required_symbols,point_in_time_primary_listing_exchange,1
nyse_daily_taq,equity_trade,2011-10-24,required_core,2,AGP;VDSI,2,date_file_or_symbol_filtered_export,,1
nyse_daily_taq,equity_quote,2011-10-24,required_core,2,AGP;VDSI,2,date_file_or_symbol_filtered_export,,1
cboe_option_trades,option_trade,2011-10-24,required_full_replication,2,AGP;VDSI,2,date_file_or_underlying_filtered_export,,1
cboe_option_quotes,option_quote,2011-10-24,required_full_replication,2,AGP;VDSI,2,date_file_or_underlying_filtered_export,,1
nasdaq_itch_5_0_decoded,itch_decoded,2011-10-24,conditional,2,AGP;VDSI,2,decoded_date_file_filtered_to_required_symbols,point_in_time_primary_listing_exchange,1
nyse_daily_taq,equity_trade,2011-10-25,required_core,2,AGP;VDSI,2,date_file_or_symbol_filtered_export,,1
nyse_daily_taq,equity_quote,2011-10-25,required_core,2,AGP;VDSI,2,date_file_or_symbol_filtered_export,,1
cboe_option_trades,option_trade,2011-10-25,required_full_replication,2,AGP;VDSI,2,date_file_or_underlying_filtered_export,,1
cboe_option_quotes,option_quote,2011-10-25,required_full_replication,2,AGP;VDSI,2,date_file_or_underlying_filtered_export,,1
nasdaq_itch_5_0_decoded,itch_decoded,2011-10-25,conditional,2,AGP;VDSI,2,decoded_date_file_filtered_to_required_symbols,point_in_time_primary_listing_exchange,1
nyse_daily_taq,equity_trade,2011-10-26,required_core,2,AGP;VDSI,2,date_file_or_symbol_filtered_export,,1
nyse_daily_taq,equity_quote,2011-10-26,required_core,2,AGP;VDSI,2,date_file_or_symbol_filtered_export,,1
cboe_option_trades,option_trade,2011-10-26,required_full_replication,2,AGP;VDSI,2,date_file_or_underlying_filtered_export,,1
cboe_option_quotes,option_quote,2011-10-26,required_full_replication,2,AGP;VDSI,2,date_file_or_underlying_filtered_export,,1
nasdaq_itch_5_0_decoded,itch_decoded,2011-10-26,conditional,2,AGP;VDSI,2,decoded_date_file_filtered_to_required_symbols,point_in_time_primary_listing_exchange,1
nyse_daily_taq,equity_trade,2011-10-27,required_core,1,AGP,1,date_file_or_symbol_filtered_export,,1
nyse_daily_taq,equity_quote,2011-10-27,required_core,1,AGP,1,date_file_or_symbol_filtered_export,,1
cboe_option_trades,option_trade,2011-10-27,required_full_replication,1,AGP,1,date_file_or_underlying_filtered_export,,1
cboe_option_quotes,option_quote,2011-10-27,required_full_replication,1,AGP,1,date_file_or_underlying_filtered_export,,1
nasdaq_itch_5_0_decoded,itch_decoded,2011-10-27,conditional,1,AGP,1,decoded_date_file_filtered_to_required_symbols,point_in_time_primary_listing_exchange,1
nyse_daily_taq,equity_trade,2011-12-20,required_core,2,IGT;MDP,2,date_file_or_symbol_filtered_export,,1
nyse_daily_taq,equity_quote,2011-12-20,required_core,2,IGT;MDP,2,date_file_or_symbol_filtered_export,,1
cboe_option_trades,option_trade,2011-12-20,required_full_replication,2,IGT;MDP,2,date_file_or_underlying_filtered_export,,1
cboe_option_quotes,option_quote,2011-12-20,required_full_replication,2,IGT;MDP,2,date_file_or_underlying_filtered_export,,1
nasdaq_itch_5_0_decoded,itch_decoded,2011-12-20,conditional,2,IGT;MDP,2,decoded_date_file_filtered_to_required_symbols,point_in_time_primary_listing_exchange,1
nyse_daily_taq,equity_trade,2011-12-21,required_core,8,BA;CA;IBKC;IGT;MDP;RES;ROL;WRLD,8,date_file_or_symbol_filtered_export,,1
nyse_daily_taq,equity_quote,2011-12-21,required_core,8,BA;CA;IBKC;IGT;MDP;RES;ROL;WRLD,8,date_file_or_symbol_filtered_export,,1
cboe_option_trades,option_trade,2011-12-21,required_full_replication,8,BA;CA;IBKC;IGT;MDP;RES;ROL;WRLD,8,date_file_or_underlying_filtered_export,,1
cboe_option_quotes,option_quote,2011-12-21,required_full_replication,8,BA;CA;IBKC;IGT;MDP;RES;ROL;WRLD,8,date_file_or_underlying_filtered_export,,1
nasdaq_itch_5_0_decoded,itch_decoded,2011-12-21,conditional,8,BA;CA;IBKC;IGT;MDP;RES;ROL;WRLD,8,decoded_date_file_filtered_to_required_symbols,point_in_time_primary_listing_exchange,1
nyse_daily_taq,equity_trade,2011-12-22,required_core,15,AF;BA;CA;CAT;DEST;IBKC;IGT;ISSI;MDP;NVR;RES;ROL;SYMM;VAR;WRLD,15,date_file_or_symbol_filtered_export,,1
nyse_daily_taq,equity_quote,2011-12-22,required_core,15,AF;BA;CA;CAT;DEST;IBKC;IGT;ISSI;MDP;NVR;RES;ROL;SYMM;VAR;WRLD,15,date_file_or_symbol_filtered_export,,1
cboe_option_trades,option_trade,2011-12-22,required_full_replication,15,AF;BA;CA;CAT;DEST;IBKC;IGT;ISSI;MDP;NVR;RES;ROL;SYMM;VAR;WRLD,15,date_file_or_underlying_filtered_export,,1
cboe_option_quotes,option_quote,2011-12-22,required_full_replication,15,AF;BA;CA;CAT;DEST;IBKC;IGT;ISSI;MDP;NVR;RES;ROL;SYMM;VAR;WRLD,15,date_file_or_underlying_filtered_export,,1
nasdaq_itch_5_0_decoded,itch_decoded,2011-12-22,conditional,15,AF;BA;CA;CAT;DEST;IBKC;IGT;ISSI;MDP;NVR;RES;ROL;SYMM;VAR;WRLD,15,decoded_date_file_filtered_to_required_symbols,point_in_time_primary_listing_exchange,1
nyse_daily_taq,equity_trade,2011-12-23,required_core,21,AF;BA;CA;CAT;CB;DEST;HON;IBKC;IDXX;IGT;ISSI;MDP;MSCC;MUSA;MXIM;NVR;RES;ROL;SYMM;VAR;WRLD,21,date_file_or_symbol_filtered_export,,1
nyse_daily_taq,equity_quote,2011-12-23,required_core,21,AF;BA;CA;CAT;CB;DEST;HON;IBKC;IDXX;IGT;ISSI;MDP;MSCC;MUSA;MXIM;NVR;RES;ROL;SYMM;VAR;WRLD,21,date_file_or_symbol_filtered_export,,1
cboe_option_trades,option_trade,2011-12-23,required_full_replication,21,AF;BA;CA;CAT;CB;DEST;HON;IBKC;IDXX;IGT;ISSI;MDP;MSCC;MUSA;MXIM;NVR;RES;ROL;SYMM;VAR;WRLD,21,date_file_or_underlying_filtered_export,,1
cboe_option_quotes,option_quote,2011-12-23,required_full_replication,21,AF;BA;CA;CAT;CB;DEST;HON;IBKC;IDXX;IGT;ISSI;MDP;MSCC;MUSA;MXIM;NVR;RES;ROL;SYMM;VAR;WRLD,21,date_file_or_underlying_filtered_export,,1
nasdaq_itch_5_0_decoded,itch_decoded,2011-12-23,conditional,21,AF;BA;CA;CAT;CB;DEST;HON;IBKC;IDXX;IGT;ISSI;MDP;MSCC;MUSA;MXIM;NVR;RES;ROL;SYMM;VAR;WRLD,21,decoded_date_file_filtered_to_required_symbols,point_in_time_primary_listing_exchange,1
nyse_daily_taq,equity_trade,2011-12-27,required_core,22,AF;BA;CA;CAT;CB;DEST;HAE;HON;IBKC;IDXX;IGT;ISSI;MDP;MSCC;MUSA;MXIM;NVR;RES;ROL;SYMM;VAR;WRLD,22,date_file_or_symbol_filtered_export,,1
nyse_daily_taq,equity_quote,2011-12-27,required_core,22,AF;BA;CA;CAT;CB;DEST;HAE;HON;IBKC;IDXX;IGT;ISSI;MDP;MSCC;MUSA;MXIM;NVR;RES;ROL;SYMM;VAR;WRLD,22,date_file_or_symbol_filtered_export,,1
cboe_option_trades,option_trade,2011-12-27,required_full_replication,22,AF;BA;CA;CAT;CB;DEST;HAE;HON;IBKC;IDXX;IGT;ISSI;MDP;MSCC;MUSA;MXIM;NVR;RES;ROL;SYMM;VAR;WRLD,22,date_file_or_underlying_filtered_export,,1
cboe_option_quotes,option_quote,2011-12-27,required_full_replication,22,AF;BA;CA;CAT;CB;DEST;HAE;HON;IBKC;IDXX;IGT;ISSI;MDP;MSCC;MUSA;MXIM;NVR;RES;ROL;SYMM;VAR;WRLD,22,date_file_or_underlying_filtered_export,,1
nasdaq_itch_5_0_decoded,itch_decoded,2011-12-27,conditional,22,AF;BA;CA;CAT;CB;DEST;HAE;HON;IBKC;IDXX;IGT;ISSI;MDP;MSCC;MUSA;MXIM;NVR;RES;ROL;SYMM;VAR;WRLD,22,decoded_date_file_filtered_to_required_symbols,point_in_time_primary_listing_exchange,1
nyse_daily_taq,equity_trade,2011-12-28,required_core,22,AF;BA;CA;CAT;CB;DEST;HAE;HON;IBKC;IDXX;IGT;ISSI;MDP;MSCC;MUSA;MXIM;NVR;RES;ROL;SYMM;VAR;WRLD,22,date_file_or_symbol_filtered_export,,1
nyse_daily_taq,equity_quote,2011-12-28,required_core,22,AF;BA;CA;CAT;CB;DEST;HAE;HON;IBKC;IDXX;IGT;ISSI;MDP;MSCC;MUSA;MXIM;NVR;RES;ROL;SYMM;VAR;WRLD,22,date_file_or_symbol_filtered_export,,1
cboe_option_trades,option_trade,2011-12-28,required_full_replication,22,AF;BA;CA;CAT;CB;DEST;HAE;HON;IBKC;IDXX;IGT;ISSI;MDP;MSCC;MUSA;MXIM;NVR;RES;ROL;SYMM;VAR;WRLD,22,date_file_or_underlying_filtered_export,,1
cboe_option_quotes,option_quote,2011-12-28,required_full_replication,22,AF;BA;CA;CAT;CB;DEST;HAE;HON;IBKC;IDXX;IGT;ISSI;MDP;MSCC;MUSA;MXIM;NVR;RES;ROL;SYMM;VAR;WRLD,22,date_file_or_underlying_filtered_export,,1
nasdaq_itch_5_0_decoded,itch_decoded,2011-12-28,conditional,22,AF;BA;CA;CAT;CB;DEST;HAE;HON;IBKC;IDXX;IGT;ISSI;MDP;MSCC;MUSA;MXIM;NVR;RES;ROL;SYMM;VAR;WRLD,22,decoded_date_file_filtered_to_required_symbols,point_in_time_primary_listing_exchange,1
nyse_daily_taq,equity_trade,2011-12-29,required_core,22,AF;BA;CA;CAT;CB;DEST;HAE;HON;IBKC;IDXX;IGT;ISSI;MDP;MSCC;MUSA;MXIM;NVR;RES;ROL;SYMM;VAR;WRLD,22,date_file_or_symbol_filtered_export,,1
nyse_daily_taq,equity_quote,2011-12-29,required_core,22,AF;BA;CA;CAT;CB;DEST;HAE;HON;IBKC;IDXX;IGT;ISSI;MDP;MSCC;MUSA;MXIM;NVR;RES;ROL;SYMM;VAR;WRLD,22,date_file_or_symbol_filtered_export,,1
cboe_option_trades,option_trade,2011-12-29,required_full_replication,22,AF;BA;CA;CAT;CB;DEST;HAE;HON;IBKC;IDXX;IGT;ISSI;MDP;MSCC;MUSA;MXIM;NVR;RES;ROL;SYMM;VAR;WRLD,22,date_file_or_underlying_filtered_export,,1
cboe_option_quotes,option_quote,2011-12-29,required_full_replication,22,AF;BA;CA;CAT;CB;DEST;HAE;HON;IBKC;IDXX;IGT;ISSI;MDP;MSCC;MUSA;MXIM;NVR;RES;ROL;SYMM;VAR;WRLD,22,date_file_or_underlying_filtered_export,,1
nasdaq_itch_5_0_decoded,itch_decoded,2011-12-29,conditional,22,AF;BA;CA;CAT;CB;DEST;HAE;HON;IBKC;IDXX;IGT;ISSI;MDP;MSCC;MUSA;MXIM;NVR;RES;ROL;SYMM;VAR;WRLD,22,decoded_date_file_filtered_to_required_symbols,point_in_time_primary_listing_exchange,1
nyse_daily_taq,equity_trade,2011-12-30,required_core,22,AF;BA;CA;CAT;CB;DEST;HAE;HON;IBKC;IDXX;IGT;ISSI;MDP;MSCC;MUSA;MXIM;NVR;RES;ROL;SYMM;VAR;WRLD,22,date_file_or_symbol_filtered_export,,1
nyse_daily_taq,equity_quote,2011-12-30,required_core,22,AF;BA;CA;CAT;CB;DEST;HAE;HON;IBKC;IDXX;IGT;ISSI;MDP;MSCC;MUSA;MXIM;NVR;RES;ROL;SYMM;VAR;WRLD,22,date_file_or_symbol_filtered_export,,1
cboe_option_trades,option_trade,2011-12-30,required_full_replication,22,AF;BA;CA;CAT;CB;DEST;HAE;HON;IBKC;IDXX;IGT;ISSI;MDP;MSCC;MUSA;MXIM;NVR;RES;ROL;SYMM;VAR;WRLD,22,date_file_or_underlying_filtered_export,,1
cboe_option_quotes,option_quote,2011-12-30,required_full_replication,22,AF;BA;CA;CAT;CB;DEST;HAE;HON;IBKC;IDXX;IGT;ISSI;MDP;MSCC;MUSA;MXIM;NVR;RES;ROL;SYMM;VAR;WRLD,22,date_file_or_underlying_filtered_export,,1
nasdaq_itch_5_0_decoded,itch_decoded,2011-12-30,conditional,22,AF;BA;CA;CAT;CB;DEST;HAE;HON;IBKC;IDXX;IGT;ISSI;MDP;MSCC;MUSA;MXIM;NVR;RES;ROL;SYMM;VAR;WRLD,22,decoded_date_file_filtered_to_required_symbols,point_in_time_primary_listing_exchange,1
nyse_daily_taq,equity_trade,2012-01-03,required_core,22,AF;BA;CA;CAT;CB;DEST;HAE;HON;IBKC;IDXX;IGT;ISSI;MDP;MSCC;MUSA;MXIM;NVR;RES;ROL;SYMM;VAR;WRLD,22,date_file_or_symbol_filtered_export,,1
nyse_daily_taq,equity_quote,2012-01-03,required_core,22,AF;BA;CA;CAT;CB;DEST;HAE;HON;IBKC;IDXX;IGT;ISSI;MDP;MSCC;MUSA;MXIM;NVR;RES;ROL;SYMM;VAR;WRLD,22,date_file_or_symbol_filtered_export,,1
cboe_option_trades,option_trade,2012-01-03,required_full_replication,22,AF;BA;CA;CAT;CB;DEST;HAE;HON;IBKC;IDXX;IGT;ISSI;MDP;MSCC;MUSA;MXIM;NVR;RES;ROL;SYMM;VAR;WRLD,22,date_file_or_underlying_filtered_export,,1
cboe_option_quotes,option_quote,2012-01-03,required_full_replication,22,AF;BA;CA;CAT;CB;DEST;HAE;HON;IBKC;IDXX;IGT;ISSI;MDP;MSCC;MUSA;MXIM;NVR;RES;ROL;SYMM;VAR;WRLD,22,date_file_or_underlying_filtered_export,,1
nasdaq_itch_5_0_decoded,itch_decoded,2012-01-03,conditional,22,AF;BA;CA;CAT;CB;DEST;HAE;HON;IBKC;IDXX;IGT;ISSI;MDP;MSCC;MUSA;MXIM;NVR;RES;ROL;SYMM;VAR;WRLD,22,decoded_date_file_filtered_to_required_symbols,point_in_time_primary_listing_exchange,1
nyse_daily_taq,equity_trade,2012-01-04,required_core,22,AF;BA;CA;CAT;CB;DEST;HAE;HON;IBKC;IDXX;IGT;ISSI;MDP;MSCC;MUSA;MXIM;NVR;RES;ROL;SYMM;VAR;WRLD,22,date_file_or_symbol_filtered_export,,1
nyse_daily_taq,equity_quote,2012-01-04,required_core,22,AF;BA;CA;CAT;CB;DEST;HAE;HON;IBKC;IDXX;IGT;ISSI;MDP;MSCC;MUSA;MXIM;NVR;RES;ROL;SYMM;VAR;WRLD,22,date_file_or_symbol_filtered_export,,1
cboe_option_trades,option_trade,2012-01-04,required_full_replication,22,AF;BA;CA;CAT;CB;DEST;HAE;HON;IBKC;IDXX;IGT;ISSI;MDP;MSCC;MUSA;MXIM;NVR;RES;ROL;SYMM;VAR;WRLD,22,date_file_or_underlying_filtered_export,,1
cboe_option_quotes,option_quote,2012-01-04,required_full_replication,22,AF;BA;CA;CAT;CB;DEST;HAE;HON;IBKC;IDXX;IGT;ISSI;MDP;MSCC;MUSA;MXIM;NVR;RES;ROL;SYMM;VAR;WRLD,22,date_file_or_underlying_filtered_export,,1
nasdaq_itch_5_0_decoded,itch_decoded,2012-01-04,conditional,22,AF;BA;CA;CAT;CB;DEST;HAE;HON;IBKC;IDXX;IGT;ISSI;MDP;MSCC;MUSA;MXIM;NVR;RES;ROL;SYMM;VAR;WRLD,22,decoded_date_file_filtered_to_required_symbols,point_in_time_primary_listing_exchange,1
nyse_daily_taq,equity_trade,2012-01-05,required_core,22,AF;BA;CA;CAT;CB;DEST;HAE;HON;IBKC;IDXX;IGT;ISSI;MDP;MSCC;MUSA;MXIM;NVR;RES;ROL;SYMM;VAR;WRLD,22,date_file_or_symbol_filtered_export,,1
nyse_daily_taq,equity_quote,2012-01-05,required_core,22,AF;BA;CA;CAT;CB;DEST;HAE;HON;IBKC;IDXX;IGT;ISSI;MDP;MSCC;MUSA;MXIM;NVR;RES;ROL;SYMM;VAR;WRLD,22,date_file_or_symbol_filtered_export,,1
cboe_option_trades,option_trade,2012-01-05,required_full_replication,22,AF;BA;CA;CAT;CB;DEST;HAE;HON;IBKC;IDXX;IGT;ISSI;MDP;MSCC;MUSA;MXIM;NVR;RES;ROL;SYMM;VAR;WRLD,22,date_file_or_underlying_filtered_export,,1
cboe_option_quotes,option_quote,2012-01-05,required_full_replication,22,AF;BA;CA;CAT;CB;DEST;HAE;HON;IBKC;IDXX;IGT;ISSI;MDP;MSCC;MUSA;MXIM;NVR;RES;ROL;SYMM;VAR;WRLD,22,date_file_or_underlying_filtered_export,,1
nasdaq_itch_5_0_decoded,itch_decoded,2012-01-05,conditional,22,AF;BA;CA;CAT;CB;DEST;HAE;HON;IBKC;IDXX;IGT;ISSI;MDP;MSCC;MUSA;MXIM;NVR;RES;ROL;SYMM;VAR;WRLD,22,decoded_date_file_filtered_to_required_symbols,point_in_time_primary_listing_exchange,1
nyse_daily_taq,equity_trade,2012-01-06,required_core,22,AF;BA;CA;CAT;CB;DEST;HAE;HON;IBKC;IDXX;IGT;ISSI;MDP;MSCC;MUSA;MXIM;NVR;RES;ROL;SYMM;VAR;WRLD,22,date_file_or_symbol_filtered_export,,1
nyse_daily_taq,equity_quote,2012-01-06,required_core,22,AF;BA;CA;CAT;CB;DEST;HAE;HON;IBKC;IDXX;IGT;ISSI;MDP;MSCC;MUSA;MXIM;NVR;RES;ROL;SYMM;VAR;WRLD,22,date_file_or_symbol_filtered_export,,1
cboe_option_trades,option_trade,2012-01-06,required_full_replication,22,AF;BA;CA;CAT;CB;DEST;HAE;HON;IBKC;IDXX;IGT;ISSI;MDP;MSCC;MUSA;MXIM;NVR;RES;ROL;SYMM;VAR;WRLD,22,date_file_or_underlying_filtered_export,,1
cboe_option_quotes,option_quote,2012-01-06,required_full_replication,22,AF;BA;CA;CAT;CB;DEST;HAE;HON;IBKC;IDXX;IGT;ISSI;MDP;MSCC;MUSA;MXIM;NVR;RES;ROL;SYMM;VAR;WRLD,22,date_file_or_underlying_filtered_export,,1
nasdaq_itch_5_0_decoded,itch_decoded,2012-01-06,conditional,22,AF;BA;CA;CAT;CB;DEST;HAE;HON;IBKC;IDXX;IGT;ISSI;MDP;MSCC;MUSA;MXIM;NVR;RES;ROL;SYMM;VAR;WRLD,22,decoded_date_file_filtered_to_required_symbols,point_in_time_primary_listing_exchange,1
nyse_daily_taq,equity_trade,2012-01-09,required_core,22,AF;BA;CA;CAT;CB;DEST;HAE;HON;IBKC;IDXX;IGT;ISSI;MDP;MSCC;MUSA;MXIM;NVR;RES;ROL;SYMM;VAR;WRLD,22,date_file_or_symbol_filtered_export,,1
nyse_daily_taq,equity_quote,2012-01-09,required_core,22,AF;BA;CA;CAT;CB;DEST;HAE;HON;IBKC;IDXX;IGT;ISSI;MDP;MSCC;MUSA;MXIM;NVR;RES;ROL;SYMM;VAR;WRLD,22,date_file_or_symbol_filtered_export,,1
cboe_option_trades,option_trade,2012-01-09,required_full_replication,22,AF;BA;CA;CAT;CB;DEST;HAE;HON;IBKC;IDXX;IGT;ISSI;MDP;MSCC;MUSA;MXIM;NVR;RES;ROL;SYMM;VAR;WRLD,22,date_file_or_underlying_filtered_export,,1
cboe_option_quotes,option_quote,2012-01-09,required_full_replication,22,AF;BA;CA;CAT;CB;DEST;HAE;HON;IBKC;IDXX;IGT;ISSI;MDP;MSCC;MUSA;MXIM;NVR;RES;ROL;SYMM;VAR;WRLD,22,date_file_or_underlying_filtered_export,,1
nasdaq_itch_5_0_decoded,itch_decoded,2012-01-09,conditional,22,AF;BA;CA;CAT;CB;DEST;HAE;HON;IBKC;IDXX;IGT;ISSI;MDP;MSCC;MUSA;MXIM;NVR;RES;ROL;SYMM;VAR;WRLD,22,decoded_date_file_filtered_to_required_symbols,point_in_time_primary_listing_exchange,1
nyse_daily_taq,equity_trade,2012-01-10,required_core,22,AF;BA;CA;CAT;CB;DEST;HAE;HON;IBKC;IDXX;IGT;ISSI;MDP;MSCC;MUSA;MXIM;NVR;RES;ROL;SYMM;VAR;WRLD,22,date_file_or_symbol_filtered_export,,1
nyse_daily_taq,equity_quote,2012-01-10,required_core,22,AF;BA;CA;CAT;CB;DEST;HAE;HON;IBKC;IDXX;IGT;ISSI;MDP;MSCC;MUSA;MXIM;NVR;RES;ROL;SYMM;VAR;WRLD,22,date_file_or_symbol_filtered_export,,1
cboe_option_trades,option_trade,2012-01-10,required_full_replication,22,AF;BA;CA;CAT;CB;DEST;HAE;HON;IBKC;IDXX;IGT;ISSI;MDP;MSCC;MUSA;MXIM;NVR;RES;ROL;SYMM;VAR;WRLD,22,date_file_or_underlying_filtered_export,,1
cboe_option_quotes,option_quote,2012-01-10,required_full_replication,22,AF;BA;CA;CAT;CB;DEST;HAE;HON;IBKC;IDXX;IGT;ISSI;MDP;MSCC;MUSA;MXIM;NVR;RES;ROL;SYMM;VAR;WRLD,22,date_file_or_underlying_filtered_export,,1
nasdaq_itch_5_0_decoded,itch_decoded,2012-01-10,conditional,22,AF;BA;CA;CAT;CB;DEST;HAE;HON;IBKC;IDXX;IGT;ISSI;MDP;MSCC;MUSA;MXIM;NVR;RES;ROL;SYMM;VAR;WRLD,22,decoded_date_file_filtered_to_required_symbols,point_in_time_primary_listing_exchange,1
nyse_daily_taq,equity_trade,2012-01-11,required_core,22,AF;BA;CA;CAT;CB;DEST;HAE;HON;IBKC;IDXX;IGT;ISSI;MDP;MSCC;MUSA;MXIM;NVR;RES;ROL;SYMM;VAR;WRLD,22,date_file_or_symbol_filtered_export,,1
nyse_daily_taq,equity_quote,2012-01-11,required_core,22,AF;BA;CA;CAT;CB;DEST;HAE;HON;IBKC;IDXX;IGT;ISSI;MDP;MSCC;MUSA;MXIM;NVR;RES;ROL;SYMM;VAR;WRLD,22,date_file_or_symbol_filtered_export,,1
cboe_option_trades,option_trade,2012-01-11,required_full_replication,22,AF;BA;CA;CAT;CB;DEST;HAE;HON;IBKC;IDXX;IGT;ISSI;MDP;MSCC;MUSA;MXIM;NVR;RES;ROL;SYMM;VAR;WRLD,22,date_file_or_underlying_filtered_export,,1
cboe_option_quotes,option_quote,2012-01-11,required_full_replication,22,AF;BA;CA;CAT;CB;DEST;HAE;HON;IBKC;IDXX;IGT;ISSI;MDP;MSCC;MUSA;MXIM;NVR;RES;ROL;SYMM;VAR;WRLD,22,date_file_or_underlying_filtered_export,,1
nasdaq_itch_5_0_decoded,itch_decoded,2012-01-11,conditional,22,AF;BA;CA;CAT;CB;DEST;HAE;HON;IBKC;IDXX;IGT;ISSI;MDP;MSCC;MUSA;MXIM;NVR;RES;ROL;SYMM;VAR;WRLD,22,decoded_date_file_filtered_to_required_symbols,point_in_time_primary_listing_exchange,1
nyse_daily_taq,equity_trade,2012-01-12,required_core,22,AF;BA;CA;CAT;CB;DEST;HAE;HON;IBKC;IDXX;IGT;ISSI;MDP;MSCC;MUSA;MXIM;NVR;RES;ROL;SYMM;VAR;WRLD,22,date_file_or_symbol_filtered_export,,1
nyse_daily_taq,equity_quote,2012-01-12,required_core,22,AF;BA;CA;CAT;CB;DEST;HAE;HON;IBKC;IDXX;IGT;ISSI;MDP;MSCC;MUSA;MXIM;NVR;RES;ROL;SYMM;VAR;WRLD,22,date_file_or_symbol_filtered_export,,1
cboe_option_trades,option_trade,2012-01-12,required_full_replication,22,AF;BA;CA;CAT;CB;DEST;HAE;HON;IBKC;IDXX;IGT;ISSI;MDP;MSCC;MUSA;MXIM;NVR;RES;ROL;SYMM;VAR;WRLD,22,date_file_or_underlying_filtered_export,,1
cboe_option_quotes,option_quote,2012-01-12,required_full_replication,22,AF;BA;CA;CAT;CB;DEST;HAE;HON;IBKC;IDXX;IGT;ISSI;MDP;MSCC;MUSA;MXIM;NVR;RES;ROL;SYMM;VAR;WRLD,22,date_file_or_underlying_filtered_export,,1
nasdaq_itch_5_0_decoded,itch_decoded,2012-01-12,conditional,22,AF;BA;CA;CAT;CB;DEST;HAE;HON;IBKC;IDXX;IGT;ISSI;MDP;MSCC;MUSA;MXIM;NVR;RES;ROL;SYMM;VAR;WRLD,22,decoded_date_file_filtered_to_required_symbols,point_in_time_primary_listing_exchange,1
nyse_daily_taq,equity_trade,2012-01-13,required_core,22,AF;BA;CA;CAT;CB;DEST;HAE;HON;IBKC;IDXX;IGT;ISSI;MDP;MSCC;MUSA;MXIM;NVR;RES;ROL;SYMM;VAR;WRLD,22,date_file_or_symbol_filtered_export,,1
nyse_daily_taq,equity_quote,2012-01-13,required_core,22,AF;BA;CA;CAT;CB;DEST;HAE;HON;IBKC;IDXX;IGT;ISSI;MDP;MSCC;MUSA;MXIM;NVR;RES;ROL;SYMM;VAR;WRLD,22,date_file_or_symbol_filtered_export,,1
cboe_option_trades,option_trade,2012-01-13,required_full_replication,22,AF;BA;CA;CAT;CB;DEST;HAE;HON;IBKC;IDXX;IGT;ISSI;MDP;MSCC;MUSA;MXIM;NVR;RES;ROL;SYMM;VAR;WRLD,22,date_file_or_underlying_filtered_export,,1
cboe_option_quotes,option_quote,2012-01-13,required_full_replication,22,AF;BA;CA;CAT;CB;DEST;HAE;HON;IBKC;IDXX;IGT;ISSI;MDP;MSCC;MUSA;MXIM;NVR;RES;ROL;SYMM;VAR;WRLD,22,date_file_or_underlying_filtered_export,,1
nasdaq_itch_5_0_decoded,itch_decoded,2012-01-13,conditional,22,AF;BA;CA;CAT;CB;DEST;HAE;HON;IBKC;IDXX;IGT;ISSI;MDP;MSCC;MUSA;MXIM;NVR;RES;ROL;SYMM;VAR;WRLD,22,decoded_date_file_filtered_to_required_symbols,point_in_time_primary_listing_exchange,1
nyse_daily_taq,equity_trade,2012-01-17,required_core,22,AF;BA;CA;CAT;CB;DEST;HAE;HON;IBKC;IDXX;IGT;ISSI;MDP;MSCC;MUSA;MXIM;NVR;RES;ROL;SYMM;VAR;WRLD,22,date_file_or_symbol_filtered_export,,1
nyse_daily_taq,equity_quote,2012-01-17,required_core,22,AF;BA;CA;CAT;CB;DEST;HAE;HON;IBKC;IDXX;IGT;ISSI;MDP;MSCC;MUSA;MXIM;NVR;RES;ROL;SYMM;VAR;WRLD,22,date_file_or_symbol_filtered_export,,1
cboe_option_trades,option_trade,2012-01-17,required_full_replication,22,AF;BA;CA;CAT;CB;DEST;HAE;HON;IBKC;IDXX;IGT;ISSI;MDP;MSCC;MUSA;MXIM;NVR;RES;ROL;SYMM;VAR;WRLD,22,date_file_or_underlying_filtered_export,,1
cboe_option_quotes,option_quote,2012-01-17,required_full_replication,22,AF;BA;CA;CAT;CB;DEST;HAE;HON;IBKC;IDXX;IGT;ISSI;MDP;MSCC;MUSA;MXIM;NVR;RES;ROL;SYMM;VAR;WRLD,22,date_file_or_underlying_filtered_export,,1
nasdaq_itch_5_0_decoded,itch_decoded,2012-01-17,conditional,22,AF;BA;CA;CAT;CB;DEST;HAE;HON;IBKC;IDXX;IGT;ISSI;MDP;MSCC;MUSA;MXIM;NVR;RES;ROL;SYMM;VAR;WRLD,22,decoded_date_file_filtered_to_required_symbols,point_in_time_primary_listing_exchange,1
nyse_daily_taq,equity_trade,2012-01-18,required_core,22,AF;BA;CA;CAT;CB;DEST;HAE;HON;IBKC;IDXX;IGT;ISSI;MDP;MSCC;MUSA;MXIM;NVR;RES;ROL;SYMM;VAR;WRLD,22,date_file_or_symbol_filtered_export,,1
nyse_daily_taq,equity_quote,2012-01-18,required_core,22,AF;BA;CA;CAT;CB;DEST;HAE;HON;IBKC;IDXX;IGT;ISSI;MDP;MSCC;MUSA;MXIM;NVR;RES;ROL;SYMM;VAR;WRLD,22,date_file_or_symbol_filtered_export,,1
cboe_option_trades,option_trade,2012-01-18,required_full_replication,22,AF;BA;CA;CAT;CB;DEST;HAE;HON;IBKC;IDXX;IGT;ISSI;MDP;MSCC;MUSA;MXIM;NVR;RES;ROL;SYMM;VAR;WRLD,22,date_file_or_underlying_filtered_export,,1
cboe_option_quotes,option_quote,2012-01-18,required_full_replication,22,AF;BA;CA;CAT;CB;DEST;HAE;HON;IBKC;IDXX;IGT;ISSI;MDP;MSCC;MUSA;MXIM;NVR;RES;ROL;SYMM;VAR;WRLD,22,date_file_or_underlying_filtered_export,,1
nasdaq_itch_5_0_decoded,itch_decoded,2012-01-18,conditional,22,AF;BA;CA;CAT;CB;DEST;HAE;HON;IBKC;IDXX;IGT;ISSI;MDP;MSCC;MUSA;MXIM;NVR;RES;ROL;SYMM;VAR;WRLD,22,decoded_date_file_filtered_to_required_symbols,point_in_time_primary_listing_exchange,1
nyse_daily_taq,equity_trade,2012-01-19,required_core,22,AF;BA;CA;CAT;CB;DEST;HAE;HON;IBKC;IDXX;IGT;ISSI;MDP;MSCC;MUSA;MXIM;NVR;RES;ROL;SYMM;VAR;WRLD,22,date_file_or_symbol_filtered_export,,1
nyse_daily_taq,equity_quote,2012-01-19,required_core,22,AF;BA;CA;CAT;CB;DEST;HAE;HON;IBKC;IDXX;IGT;ISSI;MDP;MSCC;MUSA;MXIM;NVR;RES;ROL;SYMM;VAR;WRLD,22,date_file_or_symbol_filtered_export,,1
cboe_option_trades,option_trade,2012-01-19,required_full_replication,22,AF;BA;CA;CAT;CB;DEST;HAE;HON;IBKC;IDXX;IGT;ISSI;MDP;MSCC;MUSA;MXIM;NVR;RES;ROL;SYMM;VAR;WRLD,22,date_file_or_underlying_filtered_export,,1
cboe_option_quotes,option_quote,2012-01-19,required_full_replication,22,AF;BA;CA;CAT;CB;DEST;HAE;HON;IBKC;IDXX;IGT;ISSI;MDP;MSCC;MUSA;MXIM;NVR;RES;ROL;SYMM;VAR;WRLD,22,date_file_or_underlying_filtered_export,,1
nasdaq_itch_5_0_decoded,itch_decoded,2012-01-19,conditional,22,AF;BA;CA;CAT;CB;DEST;HAE;HON;IBKC;IDXX;IGT;ISSI;MDP;MSCC;MUSA;MXIM;NVR;RES;ROL;SYMM;VAR;WRLD,22,decoded_date_file_filtered_to_required_symbols,point_in_time_primary_listing_exchange,1
nyse_daily_taq,equity_trade,2012-01-20,required_core,22,AF;BA;CA;CAT;CB;DEST;HAE;HON;IBKC;IDXX;IGT;ISSI;MDP;MSCC;MUSA;MXIM;NVR;RES;ROL;SYMM;VAR;WRLD,22,date_file_or_symbol_filtered_export,,1
nyse_daily_taq,equity_quote,2012-01-20,required_core,22,AF;BA;CA;CAT;CB;DEST;HAE;HON;IBKC;IDXX;IGT;ISSI;MDP;MSCC;MUSA;MXIM;NVR;RES;ROL;SYMM;VAR;WRLD,22,date_file_or_symbol_filtered_export,,1
cboe_option_trades,option_trade,2012-01-20,required_full_replication,22,AF;BA;CA;CAT;CB;DEST;HAE;HON;IBKC;IDXX;IGT;ISSI;MDP;MSCC;MUSA;MXIM;NVR;RES;ROL;SYMM;VAR;WRLD,22,date_file_or_underlying_filtered_export,,1
cboe_option_quotes,option_quote,2012-01-20,required_full_replication,22,AF;BA;CA;CAT;CB;DEST;HAE;HON;IBKC;IDXX;IGT;ISSI;MDP;MSCC;MUSA;MXIM;NVR;RES;ROL;SYMM;VAR;WRLD,22,date_file_or_underlying_filtered_export,,1
nasdaq_itch_5_0_decoded,itch_decoded,2012-01-20,conditional,22,AF;BA;CA;CAT;CB;DEST;HAE;HON;IBKC;IDXX;IGT;ISSI;MDP;MSCC;MUSA;MXIM;NVR;RES;ROL;SYMM;VAR;WRLD,22,decoded_date_file_filtered_to_required_symbols,point_in_time_primary_listing_exchange,1
nyse_daily_taq,equity_trade,2012-01-23,required_core,22,AF;BA;CA;CAT;CB;DEST;HAE;HON;IBKC;IDXX;IGT;ISSI;MDP;MSCC;MUSA;MXIM;NVR;RES;ROL;SYMM;VAR;WRLD,22,date_file_or_symbol_filtered_export,,1
nyse_daily_taq,equity_quote,2012-01-23,required_core,22,AF;BA;CA;CAT;CB;DEST;HAE;HON;IBKC;IDXX;IGT;ISSI;MDP;MSCC;MUSA;MXIM;NVR;RES;ROL;SYMM;VAR;WRLD,22,date_file_or_symbol_filtered_export,,1
cboe_option_trades,option_trade,2012-01-23,required_full_replication,22,AF;BA;CA;CAT;CB;DEST;HAE;HON;IBKC;IDXX;IGT;ISSI;MDP;MSCC;MUSA;MXIM;NVR;RES;ROL;SYMM;VAR;WRLD,22,date_file_or_underlying_filtered_export,,1
cboe_option_quotes,option_quote,2012-01-23,required_full_replication,22,AF;BA;CA;CAT;CB;DEST;HAE;HON;IBKC;IDXX;IGT;ISSI;MDP;MSCC;MUSA;MXIM;NVR;RES;ROL;SYMM;VAR;WRLD,22,date_file_or_underlying_filtered_export,,1
nasdaq_itch_5_0_decoded,itch_decoded,2012-01-23,conditional,22,AF;BA;CA;CAT;CB;DEST;HAE;HON;IBKC;IDXX;IGT;ISSI;MDP;MSCC;MUSA;MXIM;NVR;RES;ROL;SYMM;VAR;WRLD,22,decoded_date_file_filtered_to_required_symbols,point_in_time_primary_listing_exchange,1
nyse_daily_taq,equity_trade,2012-01-24,required_core,20,AF;BA;CA;CAT;CB;DEST;HAE;HON;IBKC;IDXX;ISSI;MSCC;MUSA;MXIM;NVR;RES;ROL;SYMM;VAR;WRLD,20,date_file_or_symbol_filtered_export,,1
nyse_daily_taq,equity_quote,2012-01-24,required_core,20,AF;BA;CA;CAT;CB;DEST;HAE;HON;IBKC;IDXX;ISSI;MSCC;MUSA;MXIM;NVR;RES;ROL;SYMM;VAR;WRLD,20,date_file_or_symbol_filtered_export,,1
cboe_option_trades,option_trade,2012-01-24,required_full_replication,20,AF;BA;CA;CAT;CB;DEST;HAE;HON;IBKC;IDXX;ISSI;MSCC;MUSA;MXIM;NVR;RES;ROL;SYMM;VAR;WRLD,20,date_file_or_underlying_filtered_export,,1
cboe_option_quotes,option_quote,2012-01-24,required_full_replication,20,AF;BA;CA;CAT;CB;DEST;HAE;HON;IBKC;IDXX;ISSI;MSCC;MUSA;MXIM;NVR;RES;ROL;SYMM;VAR;WRLD,20,date_file_or_underlying_filtered_export,,1
nasdaq_itch_5_0_decoded,itch_decoded,2012-01-24,conditional,20,AF;BA;CA;CAT;CB;DEST;HAE;HON;IBKC;IDXX;ISSI;MSCC;MUSA;MXIM;NVR;RES;ROL;SYMM;VAR;WRLD,20,decoded_date_file_filtered_to_required_symbols,point_in_time_primary_listing_exchange,1
nyse_daily_taq,equity_trade,2012-01-25,required_core,14,AF;CAT;CB;DEST;HAE;HON;IDXX;ISSI;MSCC;MUSA;MXIM;NVR;SYMM;VAR,14,date_file_or_symbol_filtered_export,,1
nyse_daily_taq,equity_quote,2012-01-25,required_core,14,AF;CAT;CB;DEST;HAE;HON;IDXX;ISSI;MSCC;MUSA;MXIM;NVR;SYMM;VAR,14,date_file_or_symbol_filtered_export,,1
cboe_option_trades,option_trade,2012-01-25,required_full_replication,14,AF;CAT;CB;DEST;HAE;HON;IDXX;ISSI;MSCC;MUSA;MXIM;NVR;SYMM;VAR,14,date_file_or_underlying_filtered_export,,1
cboe_option_quotes,option_quote,2012-01-25,required_full_replication,14,AF;CAT;CB;DEST;HAE;HON;IDXX;ISSI;MSCC;MUSA;MXIM;NVR;SYMM;VAR,14,date_file_or_underlying_filtered_export,,1
nasdaq_itch_5_0_decoded,itch_decoded,2012-01-25,conditional,14,AF;CAT;CB;DEST;HAE;HON;IDXX;ISSI;MSCC;MUSA;MXIM;NVR;SYMM;VAR,14,decoded_date_file_filtered_to_required_symbols,point_in_time_primary_listing_exchange,1
nyse_daily_taq,equity_trade,2012-01-26,required_core,7,CB;HAE;HON;IDXX;MSCC;MUSA;MXIM,7,date_file_or_symbol_filtered_export,,1
nyse_daily_taq,equity_quote,2012-01-26,required_core,7,CB;HAE;HON;IDXX;MSCC;MUSA;MXIM,7,date_file_or_symbol_filtered_export,,1
cboe_option_trades,option_trade,2012-01-26,required_full_replication,7,CB;HAE;HON;IDXX;MSCC;MUSA;MXIM,7,date_file_or_underlying_filtered_export,,1
cboe_option_quotes,option_quote,2012-01-26,required_full_replication,7,CB;HAE;HON;IDXX;MSCC;MUSA;MXIM,7,date_file_or_underlying_filtered_export,,1
nasdaq_itch_5_0_decoded,itch_decoded,2012-01-26,conditional,7,CB;HAE;HON;IDXX;MSCC;MUSA;MXIM,7,decoded_date_file_filtered_to_required_symbols,point_in_time_primary_listing_exchange,1
nyse_daily_taq,equity_trade,2012-01-27,required_core,1,HAE,1,date_file_or_symbol_filtered_export,,1
nyse_daily_taq,equity_quote,2012-01-27,required_core,1,HAE,1,date_file_or_symbol_filtered_export,,1
cboe_option_trades,option_trade,2012-01-27,required_full_replication,1,HAE,1,date_file_or_underlying_filtered_export,,1
cboe_option_quotes,option_quote,2012-01-27,required_full_replication,1,HAE,1,date_file_or_underlying_filtered_export,,1
nasdaq_itch_5_0_decoded,itch_decoded,2012-01-27,conditional,1,HAE,1,decoded_date_file_filtered_to_required_symbols,point_in_time_primary_listing_exchange,1
nyse_daily_taq,equity_trade,2012-06-29,required_core,1,DGI,1,date_file_or_symbol_filtered_export,,1
nyse_daily_taq,equity_quote,2012-06-29,required_core,1,DGI,1,date_file_or_symbol_filtered_export,,1
cboe_option_trades,option_trade,2012-06-29,required_full_replication,1,DGI,1,date_file_or_underlying_filtered_export,,1
cboe_option_quotes,option_quote,2012-06-29,required_full_replication,1,DGI,1,date_file_or_underlying_filtered_export,,1
nasdaq_itch_5_0_decoded,itch_decoded,2012-06-29,conditional,1,DGI,1,decoded_date_file_filtered_to_required_symbols,point_in_time_primary_listing_exchange,1
nyse_daily_taq,equity_trade,2012-07-02,required_core,1,DGI,1,date_file_or_symbol_filtered_export,,1
nyse_daily_taq,equity_quote,2012-07-02,required_core,1,DGI,1,date_file_or_symbol_filtered_export,,1
cboe_option_trades,option_trade,2012-07-02,required_full_replication,1,DGI,1,date_file_or_underlying_filtered_export,,1
cboe_option_quotes,option_quote,2012-07-02,required_full_replication,1,DGI,1,date_file_or_underlying_filtered_export,,1
nasdaq_itch_5_0_decoded,itch_decoded,2012-07-02,conditional,1,DGI,1,decoded_date_file_filtered_to_required_symbols,point_in_time_primary_listing_exchange,1
nyse_daily_taq,equity_trade,2012-07-03,required_core,1,DGI,1,date_file_or_symbol_filtered_export,,1
nyse_daily_taq,equity_quote,2012-07-03,required_core,1,DGI,1,date_file_or_symbol_filtered_export,,1
cboe_option_trades,option_trade,2012-07-03,required_full_replication,1,DGI,1,date_file_or_underlying_filtered_export,,1
cboe_option_quotes,option_quote,2012-07-03,required_full_replication,1,DGI,1,date_file_or_underlying_filtered_export,,1
nasdaq_itch_5_0_decoded,itch_decoded,2012-07-03,conditional,1,DGI,1,decoded_date_file_filtered_to_required_symbols,point_in_time_primary_listing_exchange,1
nyse_daily_taq,equity_trade,2012-07-05,required_core,1,DGI,1,date_file_or_symbol_filtered_export,,1
nyse_daily_taq,equity_quote,2012-07-05,required_core,1,DGI,1,date_file_or_symbol_filtered_export,,1
cboe_option_trades,option_trade,2012-07-05,required_full_replication,1,DGI,1,date_file_or_underlying_filtered_export,,1
cboe_option_quotes,option_quote,2012-07-05,required_full_replication,1,DGI,1,date_file_or_underlying_filtered_export,,1
nasdaq_itch_5_0_decoded,itch_decoded,2012-07-05,conditional,1,DGI,1,decoded_date_file_filtered_to_required_symbols,point_in_time_primary_listing_exchange,1
nyse_daily_taq,equity_trade,2012-07-06,required_core,1,DGI,1,date_file_or_symbol_filtered_export,,1
nyse_daily_taq,equity_quote,2012-07-06,required_core,1,DGI,1,date_file_or_symbol_filtered_export,,1
cboe_option_trades,option_trade,2012-07-06,required_full_replication,1,DGI,1,date_file_or_underlying_filtered_export,,1
cboe_option_quotes,option_quote,2012-07-06,required_full_replication,1,DGI,1,date_file_or_underlying_filtered_export,,1
nasdaq_itch_5_0_decoded,itch_decoded,2012-07-06,conditional,1,DGI,1,decoded_date_file_filtered_to_required_symbols,point_in_time_primary_listing_exchange,1
nyse_daily_taq,equity_trade,2012-07-09,required_core,1,DGI,1,date_file_or_symbol_filtered_export,,1
nyse_daily_taq,equity_quote,2012-07-09,required_core,1,DGI,1,date_file_or_symbol_filtered_export,,1
cboe_option_trades,option_trade,2012-07-09,required_full_replication,1,DGI,1,date_file_or_underlying_filtered_export,,1
cboe_option_quotes,option_quote,2012-07-09,required_full_replication,1,DGI,1,date_file_or_underlying_filtered_export,,1
nasdaq_itch_5_0_decoded,itch_decoded,2012-07-09,conditional,1,DGI,1,decoded_date_file_filtered_to_required_symbols,point_in_time_primary_listing_exchange,1
nyse_daily_taq,equity_trade,2012-07-10,required_core,1,DGI,1,date_file_or_symbol_filtered_export,,1
nyse_daily_taq,equity_quote,2012-07-10,required_core,1,DGI,1,date_file_or_symbol_filtered_export,,1
cboe_option_trades,option_trade,2012-07-10,required_full_replication,1,DGI,1,date_file_or_underlying_filtered_export,,1
cboe_option_quotes,option_quote,2012-07-10,required_full_replication,1,DGI,1,date_file_or_underlying_filtered_export,,1
nasdaq_itch_5_0_decoded,itch_decoded,2012-07-10,conditional,1,DGI,1,decoded_date_file_filtered_to_required_symbols,point_in_time_primary_listing_exchange,1
nyse_daily_taq,equity_trade,2012-07-11,required_core,1,DGI,1,date_file_or_symbol_filtered_export,,1
nyse_daily_taq,equity_quote,2012-07-11,required_core,1,DGI,1,date_file_or_symbol_filtered_export,,1
cboe_option_trades,option_trade,2012-07-11,required_full_replication,1,DGI,1,date_file_or_underlying_filtered_export,,1
cboe_option_quotes,option_quote,2012-07-11,required_full_replication,1,DGI,1,date_file_or_underlying_filtered_export,,1
nasdaq_itch_5_0_decoded,itch_decoded,2012-07-11,conditional,1,DGI,1,decoded_date_file_filtered_to_required_symbols,point_in_time_primary_listing_exchange,1
nyse_daily_taq,equity_trade,2012-07-12,required_core,1,DGI,1,date_file_or_symbol_filtered_export,,1
nyse_daily_taq,equity_quote,2012-07-12,required_core,1,DGI,1,date_file_or_symbol_filtered_export,,1
cboe_option_trades,option_trade,2012-07-12,required_full_replication,1,DGI,1,date_file_or_underlying_filtered_export,,1
cboe_option_quotes,option_quote,2012-07-12,required_full_replication,1,DGI,1,date_file_or_underlying_filtered_export,,1
nasdaq_itch_5_0_decoded,itch_decoded,2012-07-12,conditional,1,DGI,1,decoded_date_file_filtered_to_required_symbols,point_in_time_primary_listing_exchange,1
nyse_daily_taq,equity_trade,2012-07-13,required_core,1,DGI,1,date_file_or_symbol_filtered_export,,1
nyse_daily_taq,equity_quote,2012-07-13,required_core,1,DGI,1,date_file_or_symbol_filtered_export,,1
cboe_option_trades,option_trade,2012-07-13,required_full_replication,1,DGI,1,date_file_or_underlying_filtered_export,,1
cboe_option_quotes,option_quote,2012-07-13,required_full_replication,1,DGI,1,date_file_or_underlying_filtered_export,,1
nasdaq_itch_5_0_decoded,itch_decoded,2012-07-13,conditional,1,DGI,1,decoded_date_file_filtered_to_required_symbols,point_in_time_primary_listing_exchange,1
nyse_daily_taq,equity_trade,2012-07-16,required_core,1,DGI,1,date_file_or_symbol_filtered_export,,1
nyse_daily_taq,equity_quote,2012-07-16,required_core,1,DGI,1,date_file_or_symbol_filtered_export,,1
cboe_option_trades,option_trade,2012-07-16,required_full_replication,1,DGI,1,date_file_or_underlying_filtered_export,,1
cboe_option_quotes,option_quote,2012-07-16,required_full_replication,1,DGI,1,date_file_or_underlying_filtered_export,,1
nasdaq_itch_5_0_decoded,itch_decoded,2012-07-16,conditional,1,DGI,1,decoded_date_file_filtered_to_required_symbols,point_in_time_primary_listing_exchange,1
nyse_daily_taq,equity_trade,2012-07-17,required_core,1,DGI,1,date_file_or_symbol_filtered_export,,1
nyse_daily_taq,equity_quote,2012-07-17,required_core,1,DGI,1,date_file_or_symbol_filtered_export,,1
cboe_option_trades,option_trade,2012-07-17,required_full_replication,1,DGI,1,date_file_or_underlying_filtered_export,,1
cboe_option_quotes,option_quote,2012-07-17,required_full_replication,1,DGI,1,date_file_or_underlying_filtered_export,,1
nasdaq_itch_5_0_decoded,itch_decoded,2012-07-17,conditional,1,DGI,1,decoded_date_file_filtered_to_required_symbols,point_in_time_primary_listing_exchange,1
nyse_daily_taq,equity_trade,2012-07-18,required_core,1,DGI,1,date_file_or_symbol_filtered_export,,1
nyse_daily_taq,equity_quote,2012-07-18,required_core,1,DGI,1,date_file_or_symbol_filtered_export,,1
cboe_option_trades,option_trade,2012-07-18,required_full_replication,1,DGI,1,date_file_or_underlying_filtered_export,,1
cboe_option_quotes,option_quote,2012-07-18,required_full_replication,1,DGI,1,date_file_or_underlying_filtered_export,,1
nasdaq_itch_5_0_decoded,itch_decoded,2012-07-18,conditional,1,DGI,1,decoded_date_file_filtered_to_required_symbols,point_in_time_primary_listing_exchange,1
nyse_daily_taq,equity_trade,2012-07-19,required_core,1,DGI,1,date_file_or_symbol_filtered_export,,1
nyse_daily_taq,equity_quote,2012-07-19,required_core,1,DGI,1,date_file_or_symbol_filtered_export,,1
cboe_option_trades,option_trade,2012-07-19,required_full_replication,1,DGI,1,date_file_or_underlying_filtered_export,,1
cboe_option_quotes,option_quote,2012-07-19,required_full_replication,1,DGI,1,date_file_or_underlying_filtered_export,,1
nasdaq_itch_5_0_decoded,itch_decoded,2012-07-19,conditional,1,DGI,1,decoded_date_file_filtered_to_required_symbols,point_in_time_primary_listing_exchange,1
nyse_daily_taq,equity_trade,2012-07-20,required_core,1,DGI,1,date_file_or_symbol_filtered_export,,1
nyse_daily_taq,equity_quote,2012-07-20,required_core,1,DGI,1,date_file_or_symbol_filtered_export,,1
cboe_option_trades,option_trade,2012-07-20,required_full_replication,1,DGI,1,date_file_or_underlying_filtered_export,,1
cboe_option_quotes,option_quote,2012-07-20,required_full_replication,1,DGI,1,date_file_or_underlying_filtered_export,,1
nasdaq_itch_5_0_decoded,itch_decoded,2012-07-20,conditional,1,DGI,1,decoded_date_file_filtered_to_required_symbols,point_in_time_primary_listing_exchange,1
nyse_daily_taq,equity_trade,2012-07-23,required_core,1,DGI,1,date_file_or_symbol_filtered_export,,1
nyse_daily_taq,equity_quote,2012-07-23,required_core,1,DGI,1,date_file_or_symbol_filtered_export,,1
cboe_option_trades,option_trade,2012-07-23,required_full_replication,1,DGI,1,date_file_or_underlying_filtered_export,,1
cboe_option_quotes,option_quote,2012-07-23,required_full_replication,1,DGI,1,date_file_or_underlying_filtered_export,,1
nasdaq_itch_5_0_decoded,itch_decoded,2012-07-23,conditional,1,DGI,1,decoded_date_file_filtered_to_required_symbols,point_in_time_primary_listing_exchange,1
nyse_daily_taq,equity_trade,2012-07-24,required_core,1,DGI,1,date_file_or_symbol_filtered_export,,1
nyse_daily_taq,equity_quote,2012-07-24,required_core,1,DGI,1,date_file_or_symbol_filtered_export,,1
cboe_option_trades,option_trade,2012-07-24,required_full_replication,1,DGI,1,date_file_or_underlying_filtered_export,,1
cboe_option_quotes,option_quote,2012-07-24,required_full_replication,1,DGI,1,date_file_or_underlying_filtered_export,,1
nasdaq_itch_5_0_decoded,itch_decoded,2012-07-24,conditional,1,DGI,1,decoded_date_file_filtered_to_required_symbols,point_in_time_primary_listing_exchange,1
nyse_daily_taq,equity_trade,2012-07-25,required_core,1,DGI,1,date_file_or_symbol_filtered_export,,1
nyse_daily_taq,equity_quote,2012-07-25,required_core,1,DGI,1,date_file_or_symbol_filtered_export,,1
cboe_option_trades,option_trade,2012-07-25,required_full_replication,1,DGI,1,date_file_or_underlying_filtered_export,,1
cboe_option_quotes,option_quote,2012-07-25,required_full_replication,1,DGI,1,date_file_or_underlying_filtered_export,,1
nasdaq_itch_5_0_decoded,itch_decoded,2012-07-25,conditional,1,DGI,1,decoded_date_file_filtered_to_required_symbols,point_in_time_primary_listing_exchange,1
nyse_daily_taq,equity_trade,2012-07-26,required_core,1,DGI,1,date_file_or_symbol_filtered_export,,1
nyse_daily_taq,equity_quote,2012-07-26,required_core,1,DGI,1,date_file_or_symbol_filtered_export,,1
cboe_option_trades,option_trade,2012-07-26,required_full_replication,1,DGI,1,date_file_or_underlying_filtered_export,,1
cboe_option_quotes,option_quote,2012-07-26,required_full_replication,1,DGI,1,date_file_or_underlying_filtered_export,,1
nasdaq_itch_5_0_decoded,itch_decoded,2012-07-26,conditional,1,DGI,1,decoded_date_file_filtered_to_required_symbols,point_in_time_primary_listing_exchange,1
nyse_daily_taq,equity_trade,2012-07-27,required_core,1,DGI,1,date_file_or_symbol_filtered_export,,1
nyse_daily_taq,equity_quote,2012-07-27,required_core,1,DGI,1,date_file_or_symbol_filtered_export,,1
cboe_option_trades,option_trade,2012-07-27,required_full_replication,1,DGI,1,date_file_or_underlying_filtered_export,,1
cboe_option_quotes,option_quote,2012-07-27,required_full_replication,1,DGI,1,date_file_or_underlying_filtered_export,,1
nasdaq_itch_5_0_decoded,itch_decoded,2012-07-27,conditional,1,DGI,1,decoded_date_file_filtered_to_required_symbols,point_in_time_primary_listing_exchange,1
nyse_daily_taq,equity_trade,2012-07-30,required_core,1,DGI,1,date_file_or_symbol_filtered_export,,1
nyse_daily_taq,equity_quote,2012-07-30,required_core,1,DGI,1,date_file_or_symbol_filtered_export,,1
cboe_option_trades,option_trade,2012-07-30,required_full_replication,1,DGI,1,date_file_or_underlying_filtered_export,,1
cboe_option_quotes,option_quote,2012-07-30,required_full_replication,1,DGI,1,date_file_or_underlying_filtered_export,,1
nasdaq_itch_5_0_decoded,itch_decoded,2012-07-30,conditional,1,DGI,1,decoded_date_file_filtered_to_required_symbols,point_in_time_primary_listing_exchange,1
nyse_daily_taq,equity_trade,2012-07-31,required_core,1,DGI,1,date_file_or_symbol_filtered_export,,1
nyse_daily_taq,equity_quote,2012-07-31,required_core,1,DGI,1,date_file_or_symbol_filtered_export,,1
cboe_option_trades,option_trade,2012-07-31,required_full_replication,1,DGI,1,date_file_or_underlying_filtered_export,,1
cboe_option_quotes,option_quote,2012-07-31,required_full_replication,1,DGI,1,date_file_or_underlying_filtered_export,,1
nasdaq_itch_5_0_decoded,itch_decoded,2012-07-31,conditional,1,DGI,1,decoded_date_file_filtered_to_required_symbols,point_in_time_primary_listing_exchange,1
nyse_daily_taq,equity_trade,2013-01-17,required_core,1,AVA,1,date_file_or_symbol_filtered_export,,1
nyse_daily_taq,equity_quote,2013-01-17,required_core,1,AVA,1,date_file_or_symbol_filtered_export,,1
cboe_option_trades,option_trade,2013-01-17,required_full_replication,1,AVA,1,date_file_or_underlying_filtered_export,,1
cboe_option_quotes,option_quote,2013-01-17,required_full_replication,1,AVA,1,date_file_or_underlying_filtered_export,,1
nasdaq_itch_5_0_decoded,itch_decoded,2013-01-17,conditional,1,AVA,1,decoded_date_file_filtered_to_required_symbols,point_in_time_primary_listing_exchange,1
nyse_daily_taq,equity_trade,2013-01-18,required_core,1,AVA,1,date_file_or_symbol_filtered_export,,1
nyse_daily_taq,equity_quote,2013-01-18,required_core,1,AVA,1,date_file_or_symbol_filtered_export,,1
cboe_option_trades,option_trade,2013-01-18,required_full_replication,1,AVA,1,date_file_or_underlying_filtered_export,,1
cboe_option_quotes,option_quote,2013-01-18,required_full_replication,1,AVA,1,date_file_or_underlying_filtered_export,,1
nasdaq_itch_5_0_decoded,itch_decoded,2013-01-18,conditional,1,AVA,1,decoded_date_file_filtered_to_required_symbols,point_in_time_primary_listing_exchange,1
nyse_daily_taq,equity_trade,2013-01-22,required_core,1,AVA,1,date_file_or_symbol_filtered_export,,1
nyse_daily_taq,equity_quote,2013-01-22,required_core,1,AVA,1,date_file_or_symbol_filtered_export,,1
cboe_option_trades,option_trade,2013-01-22,required_full_replication,1,AVA,1,date_file_or_underlying_filtered_export,,1
cboe_option_quotes,option_quote,2013-01-22,required_full_replication,1,AVA,1,date_file_or_underlying_filtered_export,,1
nasdaq_itch_5_0_decoded,itch_decoded,2013-01-22,conditional,1,AVA,1,decoded_date_file_filtered_to_required_symbols,point_in_time_primary_listing_exchange,1
nyse_daily_taq,equity_trade,2013-01-23,required_core,1,AVA,1,date_file_or_symbol_filtered_export,,1
nyse_daily_taq,equity_quote,2013-01-23,required_core,1,AVA,1,date_file_or_symbol_filtered_export,,1
cboe_option_trades,option_trade,2013-01-23,required_full_replication,1,AVA,1,date_file_or_underlying_filtered_export,,1
cboe_option_quotes,option_quote,2013-01-23,required_full_replication,1,AVA,1,date_file_or_underlying_filtered_export,,1
nasdaq_itch_5_0_decoded,itch_decoded,2013-01-23,conditional,1,AVA,1,decoded_date_file_filtered_to_required_symbols,point_in_time_primary_listing_exchange,1
nyse_daily_taq,equity_trade,2013-01-24,required_core,1,AVA,1,date_file_or_symbol_filtered_export,,1
nyse_daily_taq,equity_quote,2013-01-24,required_core,1,AVA,1,date_file_or_symbol_filtered_export,,1
cboe_option_trades,option_trade,2013-01-24,required_full_replication,1,AVA,1,date_file_or_underlying_filtered_export,,1
cboe_option_quotes,option_quote,2013-01-24,required_full_replication,1,AVA,1,date_file_or_underlying_filtered_export,,1
nasdaq_itch_5_0_decoded,itch_decoded,2013-01-24,conditional,1,AVA,1,decoded_date_file_filtered_to_required_symbols,point_in_time_primary_listing_exchange,1
nyse_daily_taq,equity_trade,2013-01-25,required_core,1,AVA,1,date_file_or_symbol_filtered_export,,1
nyse_daily_taq,equity_quote,2013-01-25,required_core,1,AVA,1,date_file_or_symbol_filtered_export,,1
cboe_option_trades,option_trade,2013-01-25,required_full_replication,1,AVA,1,date_file_or_underlying_filtered_export,,1
cboe_option_quotes,option_quote,2013-01-25,required_full_replication,1,AVA,1,date_file_or_underlying_filtered_export,,1
nasdaq_itch_5_0_decoded,itch_decoded,2013-01-25,conditional,1,AVA,1,decoded_date_file_filtered_to_required_symbols,point_in_time_primary_listing_exchange,1
nyse_daily_taq,equity_trade,2013-01-28,required_core,1,AVA,1,date_file_or_symbol_filtered_export,,1
nyse_daily_taq,equity_quote,2013-01-28,required_core,1,AVA,1,date_file_or_symbol_filtered_export,,1
cboe_option_trades,option_trade,2013-01-28,required_full_replication,1,AVA,1,date_file_or_underlying_filtered_export,,1
cboe_option_quotes,option_quote,2013-01-28,required_full_replication,1,AVA,1,date_file_or_underlying_filtered_export,,1
nasdaq_itch_5_0_decoded,itch_decoded,2013-01-28,conditional,1,AVA,1,decoded_date_file_filtered_to_required_symbols,point_in_time_primary_listing_exchange,1
nyse_daily_taq,equity_trade,2013-01-29,required_core,1,AVA,1,date_file_or_symbol_filtered_export,,1
nyse_daily_taq,equity_quote,2013-01-29,required_core,1,AVA,1,date_file_or_symbol_filtered_export,,1
cboe_option_trades,option_trade,2013-01-29,required_full_replication,1,AVA,1,date_file_or_underlying_filtered_export,,1
cboe_option_quotes,option_quote,2013-01-29,required_full_replication,1,AVA,1,date_file_or_underlying_filtered_export,,1
nasdaq_itch_5_0_decoded,itch_decoded,2013-01-29,conditional,1,AVA,1,decoded_date_file_filtered_to_required_symbols,point_in_time_primary_listing_exchange,1
nyse_daily_taq,equity_trade,2013-01-30,required_core,1,AVA,1,date_file_or_symbol_filtered_export,,1
nyse_daily_taq,equity_quote,2013-01-30,required_core,1,AVA,1,date_file_or_symbol_filtered_export,,1
cboe_option_trades,option_trade,2013-01-30,required_full_replication,1,AVA,1,date_file_or_underlying_filtered_export,,1
cboe_option_quotes,option_quote,2013-01-30,required_full_replication,1,AVA,1,date_file_or_underlying_filtered_export,,1
nasdaq_itch_5_0_decoded,itch_decoded,2013-01-30,conditional,1,AVA,1,decoded_date_file_filtered_to_required_symbols,point_in_time_primary_listing_exchange,1
nyse_daily_taq,equity_trade,2013-01-31,required_core,1,AVA,1,date_file_or_symbol_filtered_export,,1
nyse_daily_taq,equity_quote,2013-01-31,required_core,1,AVA,1,date_file_or_symbol_filtered_export,,1
cboe_option_trades,option_trade,2013-01-31,required_full_replication,1,AVA,1,date_file_or_underlying_filtered_export,,1
cboe_option_quotes,option_quote,2013-01-31,required_full_replication,1,AVA,1,date_file_or_underlying_filtered_export,,1
nasdaq_itch_5_0_decoded,itch_decoded,2013-01-31,conditional,1,AVA,1,decoded_date_file_filtered_to_required_symbols,point_in_time_primary_listing_exchange,1
nyse_daily_taq,equity_trade,2013-02-01,required_core,1,AVA,1,date_file_or_symbol_filtered_export,,1
nyse_daily_taq,equity_quote,2013-02-01,required_core,1,AVA,1,date_file_or_symbol_filtered_export,,1
cboe_option_trades,option_trade,2013-02-01,required_full_replication,1,AVA,1,date_file_or_underlying_filtered_export,,1
cboe_option_quotes,option_quote,2013-02-01,required_full_replication,1,AVA,1,date_file_or_underlying_filtered_export,,1
nasdaq_itch_5_0_decoded,itch_decoded,2013-02-01,conditional,1,AVA,1,decoded_date_file_filtered_to_required_symbols,point_in_time_primary_listing_exchange,1
nyse_daily_taq,equity_trade,2013-02-04,required_core,1,AVA,1,date_file_or_symbol_filtered_export,,1
nyse_daily_taq,equity_quote,2013-02-04,required_core,1,AVA,1,date_file_or_symbol_filtered_export,,1
cboe_option_trades,option_trade,2013-02-04,required_full_replication,1,AVA,1,date_file_or_underlying_filtered_export,,1
cboe_option_quotes,option_quote,2013-02-04,required_full_replication,1,AVA,1,date_file_or_underlying_filtered_export,,1
nasdaq_itch_5_0_decoded,itch_decoded,2013-02-04,conditional,1,AVA,1,decoded_date_file_filtered_to_required_symbols,point_in_time_primary_listing_exchange,1
nyse_daily_taq,equity_trade,2013-02-05,required_core,1,AVA,1,date_file_or_symbol_filtered_export,,1
nyse_daily_taq,equity_quote,2013-02-05,required_core,1,AVA,1,date_file_or_symbol_filtered_export,,1
cboe_option_trades,option_trade,2013-02-05,required_full_replication,1,AVA,1,date_file_or_underlying_filtered_export,,1
cboe_option_quotes,option_quote,2013-02-05,required_full_replication,1,AVA,1,date_file_or_underlying_filtered_export,,1
nasdaq_itch_5_0_decoded,itch_decoded,2013-02-05,conditional,1,AVA,1,decoded_date_file_filtered_to_required_symbols,point_in_time_primary_listing_exchange,1
nyse_daily_taq,equity_trade,2013-02-06,required_core,1,AVA,1,date_file_or_symbol_filtered_export,,1
nyse_daily_taq,equity_quote,2013-02-06,required_core,1,AVA,1,date_file_or_symbol_filtered_export,,1
cboe_option_trades,option_trade,2013-02-06,required_full_replication,1,AVA,1,date_file_or_underlying_filtered_export,,1
cboe_option_quotes,option_quote,2013-02-06,required_full_replication,1,AVA,1,date_file_or_underlying_filtered_export,,1
nasdaq_itch_5_0_decoded,itch_decoded,2013-02-06,conditional,1,AVA,1,decoded_date_file_filtered_to_required_symbols,point_in_time_primary_listing_exchange,1
nyse_daily_taq,equity_trade,2013-02-07,required_core,1,AVA,1,date_file_or_symbol_filtered_export,,1
nyse_daily_taq,equity_quote,2013-02-07,required_core,1,AVA,1,date_file_or_symbol_filtered_export,,1
cboe_option_trades,option_trade,2013-02-07,required_full_replication,1,AVA,1,date_file_or_underlying_filtered_export,,1
cboe_option_quotes,option_quote,2013-02-07,required_full_replication,1,AVA,1,date_file_or_underlying_filtered_export,,1
nasdaq_itch_5_0_decoded,itch_decoded,2013-02-07,conditional,1,AVA,1,decoded_date_file_filtered_to_required_symbols,point_in_time_primary_listing_exchange,1
nyse_daily_taq,equity_trade,2013-02-08,required_core,1,AVA,1,date_file_or_symbol_filtered_export,,1
nyse_daily_taq,equity_quote,2013-02-08,required_core,1,AVA,1,date_file_or_symbol_filtered_export,,1
cboe_option_trades,option_trade,2013-02-08,required_full_replication,1,AVA,1,date_file_or_underlying_filtered_export,,1
cboe_option_quotes,option_quote,2013-02-08,required_full_replication,1,AVA,1,date_file_or_underlying_filtered_export,,1
nasdaq_itch_5_0_decoded,itch_decoded,2013-02-08,conditional,1,AVA,1,decoded_date_file_filtered_to_required_symbols,point_in_time_primary_listing_exchange,1
nyse_daily_taq,equity_trade,2013-02-11,required_core,1,AVA,1,date_file_or_symbol_filtered_export,,1
nyse_daily_taq,equity_quote,2013-02-11,required_core,1,AVA,1,date_file_or_symbol_filtered_export,,1
cboe_option_trades,option_trade,2013-02-11,required_full_replication,1,AVA,1,date_file_or_underlying_filtered_export,,1
cboe_option_quotes,option_quote,2013-02-11,required_full_replication,1,AVA,1,date_file_or_underlying_filtered_export,,1
nasdaq_itch_5_0_decoded,itch_decoded,2013-02-11,conditional,1,AVA,1,decoded_date_file_filtered_to_required_symbols,point_in_time_primary_listing_exchange,1
nyse_daily_taq,equity_trade,2013-02-12,required_core,1,AVA,1,date_file_or_symbol_filtered_export,,1
nyse_daily_taq,equity_quote,2013-02-12,required_core,1,AVA,1,date_file_or_symbol_filtered_export,,1
cboe_option_trades,option_trade,2013-02-12,required_full_replication,1,AVA,1,date_file_or_underlying_filtered_export,,1
cboe_option_quotes,option_quote,2013-02-12,required_full_replication,1,AVA,1,date_file_or_underlying_filtered_export,,1
nasdaq_itch_5_0_decoded,itch_decoded,2013-02-12,conditional,1,AVA,1,decoded_date_file_filtered_to_required_symbols,point_in_time_primary_listing_exchange,1
nyse_daily_taq,equity_trade,2013-02-13,required_core,1,AVA,1,date_file_or_symbol_filtered_export,,1
nyse_daily_taq,equity_quote,2013-02-13,required_core,1,AVA,1,date_file_or_symbol_filtered_export,,1
cboe_option_trades,option_trade,2013-02-13,required_full_replication,1,AVA,1,date_file_or_underlying_filtered_export,,1
cboe_option_quotes,option_quote,2013-02-13,required_full_replication,1,AVA,1,date_file_or_underlying_filtered_export,,1
nasdaq_itch_5_0_decoded,itch_decoded,2013-02-13,conditional,1,AVA,1,decoded_date_file_filtered_to_required_symbols,point_in_time_primary_listing_exchange,1
nyse_daily_taq,equity_trade,2013-02-14,required_core,1,AVA,1,date_file_or_symbol_filtered_export,,1
nyse_daily_taq,equity_quote,2013-02-14,required_core,1,AVA,1,date_file_or_symbol_filtered_export,,1
cboe_option_trades,option_trade,2013-02-14,required_full_replication,1,AVA,1,date_file_or_underlying_filtered_export,,1
cboe_option_quotes,option_quote,2013-02-14,required_full_replication,1,AVA,1,date_file_or_underlying_filtered_export,,1
nasdaq_itch_5_0_decoded,itch_decoded,2013-02-14,conditional,1,AVA,1,decoded_date_file_filtered_to_required_symbols,point_in_time_primary_listing_exchange,1
nyse_daily_taq,equity_trade,2013-02-15,required_core,1,AVA,1,date_file_or_symbol_filtered_export,,1
nyse_daily_taq,equity_quote,2013-02-15,required_core,1,AVA,1,date_file_or_symbol_filtered_export,,1
cboe_option_trades,option_trade,2013-02-15,required_full_replication,1,AVA,1,date_file_or_underlying_filtered_export,,1
cboe_option_quotes,option_quote,2013-02-15,required_full_replication,1,AVA,1,date_file_or_underlying_filtered_export,,1
nasdaq_itch_5_0_decoded,itch_decoded,2013-02-15,conditional,1,AVA,1,decoded_date_file_filtered_to_required_symbols,point_in_time_primary_listing_exchange,1
nyse_daily_taq,equity_trade,2013-02-19,required_core,1,AVA,1,date_file_or_symbol_filtered_export,,1
nyse_daily_taq,equity_quote,2013-02-19,required_core,1,AVA,1,date_file_or_symbol_filtered_export,,1
cboe_option_trades,option_trade,2013-02-19,required_full_replication,1,AVA,1,date_file_or_underlying_filtered_export,,1
cboe_option_quotes,option_quote,2013-02-19,required_full_replication,1,AVA,1,date_file_or_underlying_filtered_export,,1
nasdaq_itch_5_0_decoded,itch_decoded,2013-02-19,conditional,1,AVA,1,decoded_date_file_filtered_to_required_symbols,point_in_time_primary_listing_exchange,1
nyse_daily_taq,equity_trade,2013-02-28,required_core,1,MKC,1,date_file_or_symbol_filtered_export,,1
nyse_daily_taq,equity_quote,2013-02-28,required_core,1,MKC,1,date_file_or_symbol_filtered_export,,1
cboe_option_trades,option_trade,2013-02-28,required_full_replication,1,MKC,1,date_file_or_underlying_filtered_export,,1
cboe_option_quotes,option_quote,2013-02-28,required_full_replication,1,MKC,1,date_file_or_underlying_filtered_export,,1
nasdaq_itch_5_0_decoded,itch_decoded,2013-02-28,conditional,1,MKC,1,decoded_date_file_filtered_to_required_symbols,point_in_time_primary_listing_exchange,1
nyse_daily_taq,equity_trade,2013-03-01,required_core,1,MKC,1,date_file_or_symbol_filtered_export,,1
nyse_daily_taq,equity_quote,2013-03-01,required_core,1,MKC,1,date_file_or_symbol_filtered_export,,1
cboe_option_trades,option_trade,2013-03-01,required_full_replication,1,MKC,1,date_file_or_underlying_filtered_export,,1
cboe_option_quotes,option_quote,2013-03-01,required_full_replication,1,MKC,1,date_file_or_underlying_filtered_export,,1
nasdaq_itch_5_0_decoded,itch_decoded,2013-03-01,conditional,1,MKC,1,decoded_date_file_filtered_to_required_symbols,point_in_time_primary_listing_exchange,1
nyse_daily_taq,equity_trade,2013-03-04,required_core,1,MKC,1,date_file_or_symbol_filtered_export,,1
nyse_daily_taq,equity_quote,2013-03-04,required_core,1,MKC,1,date_file_or_symbol_filtered_export,,1
cboe_option_trades,option_trade,2013-03-04,required_full_replication,1,MKC,1,date_file_or_underlying_filtered_export,,1
cboe_option_quotes,option_quote,2013-03-04,required_full_replication,1,MKC,1,date_file_or_underlying_filtered_export,,1
nasdaq_itch_5_0_decoded,itch_decoded,2013-03-04,conditional,1,MKC,1,decoded_date_file_filtered_to_required_symbols,point_in_time_primary_listing_exchange,1
nyse_daily_taq,equity_trade,2013-03-05,required_core,1,MKC,1,date_file_or_symbol_filtered_export,,1
nyse_daily_taq,equity_quote,2013-03-05,required_core,1,MKC,1,date_file_or_symbol_filtered_export,,1
cboe_option_trades,option_trade,2013-03-05,required_full_replication,1,MKC,1,date_file_or_underlying_filtered_export,,1
cboe_option_quotes,option_quote,2013-03-05,required_full_replication,1,MKC,1,date_file_or_underlying_filtered_export,,1
nasdaq_itch_5_0_decoded,itch_decoded,2013-03-05,conditional,1,MKC,1,decoded_date_file_filtered_to_required_symbols,point_in_time_primary_listing_exchange,1
nyse_daily_taq,equity_trade,2013-03-06,required_core,1,MKC,1,date_file_or_symbol_filtered_export,,1
nyse_daily_taq,equity_quote,2013-03-06,required_core,1,MKC,1,date_file_or_symbol_filtered_export,,1
cboe_option_trades,option_trade,2013-03-06,required_full_replication,1,MKC,1,date_file_or_underlying_filtered_export,,1
cboe_option_quotes,option_quote,2013-03-06,required_full_replication,1,MKC,1,date_file_or_underlying_filtered_export,,1
nasdaq_itch_5_0_decoded,itch_decoded,2013-03-06,conditional,1,MKC,1,decoded_date_file_filtered_to_required_symbols,point_in_time_primary_listing_exchange,1
nyse_daily_taq,equity_trade,2013-03-07,required_core,1,MKC,1,date_file_or_symbol_filtered_export,,1
nyse_daily_taq,equity_quote,2013-03-07,required_core,1,MKC,1,date_file_or_symbol_filtered_export,,1
cboe_option_trades,option_trade,2013-03-07,required_full_replication,1,MKC,1,date_file_or_underlying_filtered_export,,1
cboe_option_quotes,option_quote,2013-03-07,required_full_replication,1,MKC,1,date_file_or_underlying_filtered_export,,1
nasdaq_itch_5_0_decoded,itch_decoded,2013-03-07,conditional,1,MKC,1,decoded_date_file_filtered_to_required_symbols,point_in_time_primary_listing_exchange,1
nyse_daily_taq,equity_trade,2013-03-08,required_core,1,MKC,1,date_file_or_symbol_filtered_export,,1
nyse_daily_taq,equity_quote,2013-03-08,required_core,1,MKC,1,date_file_or_symbol_filtered_export,,1
cboe_option_trades,option_trade,2013-03-08,required_full_replication,1,MKC,1,date_file_or_underlying_filtered_export,,1
cboe_option_quotes,option_quote,2013-03-08,required_full_replication,1,MKC,1,date_file_or_underlying_filtered_export,,1
nasdaq_itch_5_0_decoded,itch_decoded,2013-03-08,conditional,1,MKC,1,decoded_date_file_filtered_to_required_symbols,point_in_time_primary_listing_exchange,1
nyse_daily_taq,equity_trade,2013-03-11,required_core,1,MKC,1,date_file_or_symbol_filtered_export,,1
nyse_daily_taq,equity_quote,2013-03-11,required_core,1,MKC,1,date_file_or_symbol_filtered_export,,1
cboe_option_trades,option_trade,2013-03-11,required_full_replication,1,MKC,1,date_file_or_underlying_filtered_export,,1
cboe_option_quotes,option_quote,2013-03-11,required_full_replication,1,MKC,1,date_file_or_underlying_filtered_export,,1
nasdaq_itch_5_0_decoded,itch_decoded,2013-03-11,conditional,1,MKC,1,decoded_date_file_filtered_to_required_symbols,point_in_time_primary_listing_exchange,1
nyse_daily_taq,equity_trade,2013-03-12,required_core,1,MKC,1,date_file_or_symbol_filtered_export,,1
nyse_daily_taq,equity_quote,2013-03-12,required_core,1,MKC,1,date_file_or_symbol_filtered_export,,1
cboe_option_trades,option_trade,2013-03-12,required_full_replication,1,MKC,1,date_file_or_underlying_filtered_export,,1
cboe_option_quotes,option_quote,2013-03-12,required_full_replication,1,MKC,1,date_file_or_underlying_filtered_export,,1
nasdaq_itch_5_0_decoded,itch_decoded,2013-03-12,conditional,1,MKC,1,decoded_date_file_filtered_to_required_symbols,point_in_time_primary_listing_exchange,1
nyse_daily_taq,equity_trade,2013-03-13,required_core,1,MKC,1,date_file_or_symbol_filtered_export,,1
nyse_daily_taq,equity_quote,2013-03-13,required_core,1,MKC,1,date_file_or_symbol_filtered_export,,1
cboe_option_trades,option_trade,2013-03-13,required_full_replication,1,MKC,1,date_file_or_underlying_filtered_export,,1
cboe_option_quotes,option_quote,2013-03-13,required_full_replication,1,MKC,1,date_file_or_underlying_filtered_export,,1
nasdaq_itch_5_0_decoded,itch_decoded,2013-03-13,conditional,1,MKC,1,decoded_date_file_filtered_to_required_symbols,point_in_time_primary_listing_exchange,1
nyse_daily_taq,equity_trade,2013-03-14,required_core,1,MKC,1,date_file_or_symbol_filtered_export,,1
nyse_daily_taq,equity_quote,2013-03-14,required_core,1,MKC,1,date_file_or_symbol_filtered_export,,1
cboe_option_trades,option_trade,2013-03-14,required_full_replication,1,MKC,1,date_file_or_underlying_filtered_export,,1
cboe_option_quotes,option_quote,2013-03-14,required_full_replication,1,MKC,1,date_file_or_underlying_filtered_export,,1
nasdaq_itch_5_0_decoded,itch_decoded,2013-03-14,conditional,1,MKC,1,decoded_date_file_filtered_to_required_symbols,point_in_time_primary_listing_exchange,1
nyse_daily_taq,equity_trade,2013-03-15,required_core,1,MKC,1,date_file_or_symbol_filtered_export,,1
nyse_daily_taq,equity_quote,2013-03-15,required_core,1,MKC,1,date_file_or_symbol_filtered_export,,1
cboe_option_trades,option_trade,2013-03-15,required_full_replication,1,MKC,1,date_file_or_underlying_filtered_export,,1
cboe_option_quotes,option_quote,2013-03-15,required_full_replication,1,MKC,1,date_file_or_underlying_filtered_export,,1
nasdaq_itch_5_0_decoded,itch_decoded,2013-03-15,conditional,1,MKC,1,decoded_date_file_filtered_to_required_symbols,point_in_time_primary_listing_exchange,1
nyse_daily_taq,equity_trade,2013-03-18,required_core,1,MKC,1,date_file_or_symbol_filtered_export,,1
nyse_daily_taq,equity_quote,2013-03-18,required_core,1,MKC,1,date_file_or_symbol_filtered_export,,1
cboe_option_trades,option_trade,2013-03-18,required_full_replication,1,MKC,1,date_file_or_underlying_filtered_export,,1
cboe_option_quotes,option_quote,2013-03-18,required_full_replication,1,MKC,1,date_file_or_underlying_filtered_export,,1
nasdaq_itch_5_0_decoded,itch_decoded,2013-03-18,conditional,1,MKC,1,decoded_date_file_filtered_to_required_symbols,point_in_time_primary_listing_exchange,1
nyse_daily_taq,equity_trade,2013-03-19,required_core,2,LSCC;MKC,2,date_file_or_symbol_filtered_export,,1
nyse_daily_taq,equity_quote,2013-03-19,required_core,2,LSCC;MKC,2,date_file_or_symbol_filtered_export,,1
cboe_option_trades,option_trade,2013-03-19,required_full_replication,2,LSCC;MKC,2,date_file_or_underlying_filtered_export,,1
cboe_option_quotes,option_quote,2013-03-19,required_full_replication,2,LSCC;MKC,2,date_file_or_underlying_filtered_export,,1
nasdaq_itch_5_0_decoded,itch_decoded,2013-03-19,conditional,2,LSCC;MKC,2,decoded_date_file_filtered_to_required_symbols,point_in_time_primary_listing_exchange,1
nyse_daily_taq,equity_trade,2013-03-20,required_core,2,LSCC;MKC,2,date_file_or_symbol_filtered_export,,1
nyse_daily_taq,equity_quote,2013-03-20,required_core,2,LSCC;MKC,2,date_file_or_symbol_filtered_export,,1
cboe_option_trades,option_trade,2013-03-20,required_full_replication,2,LSCC;MKC,2,date_file_or_underlying_filtered_export,,1
cboe_option_quotes,option_quote,2013-03-20,required_full_replication,2,LSCC;MKC,2,date_file_or_underlying_filtered_export,,1
nasdaq_itch_5_0_decoded,itch_decoded,2013-03-20,conditional,2,LSCC;MKC,2,decoded_date_file_filtered_to_required_symbols,point_in_time_primary_listing_exchange,1
nyse_daily_taq,equity_trade,2013-03-21,required_core,2,LSCC;MKC,2,date_file_or_symbol_filtered_export,,1
nyse_daily_taq,equity_quote,2013-03-21,required_core,2,LSCC;MKC,2,date_file_or_symbol_filtered_export,,1
cboe_option_trades,option_trade,2013-03-21,required_full_replication,2,LSCC;MKC,2,date_file_or_underlying_filtered_export,,1
cboe_option_quotes,option_quote,2013-03-21,required_full_replication,2,LSCC;MKC,2,date_file_or_underlying_filtered_export,,1
nasdaq_itch_5_0_decoded,itch_decoded,2013-03-21,conditional,2,LSCC;MKC,2,decoded_date_file_filtered_to_required_symbols,point_in_time_primary_listing_exchange,1
nyse_daily_taq,equity_trade,2013-03-22,required_core,6,EW;JNPR;LSCC;MKC;MTH;PNRA,6,date_file_or_symbol_filtered_export,,1
nyse_daily_taq,equity_quote,2013-03-22,required_core,6,EW;JNPR;LSCC;MKC;MTH;PNRA,6,date_file_or_symbol_filtered_export,,1
cboe_option_trades,option_trade,2013-03-22,required_full_replication,6,EW;JNPR;LSCC;MKC;MTH;PNRA,6,date_file_or_underlying_filtered_export,,1
cboe_option_quotes,option_quote,2013-03-22,required_full_replication,6,EW;JNPR;LSCC;MKC;MTH;PNRA,6,date_file_or_underlying_filtered_export,,1
nasdaq_itch_5_0_decoded,itch_decoded,2013-03-22,conditional,6,EW;JNPR;LSCC;MKC;MTH;PNRA,6,decoded_date_file_filtered_to_required_symbols,point_in_time_primary_listing_exchange,1
nyse_daily_taq,equity_trade,2013-03-25,required_core,10,ECOL;EW;ISIL;JNPR;LRCX;LSCC;MKC;MTH;PNRA;STMP,10,date_file_or_symbol_filtered_export,,1
nyse_daily_taq,equity_quote,2013-03-25,required_core,10,ECOL;EW;ISIL;JNPR;LRCX;LSCC;MKC;MTH;PNRA;STMP,10,date_file_or_symbol_filtered_export,,1
cboe_option_trades,option_trade,2013-03-25,required_full_replication,10,ECOL;EW;ISIL;JNPR;LRCX;LSCC;MKC;MTH;PNRA;STMP,10,date_file_or_underlying_filtered_export,,1
cboe_option_quotes,option_quote,2013-03-25,required_full_replication,10,ECOL;EW;ISIL;JNPR;LRCX;LSCC;MKC;MTH;PNRA;STMP,10,date_file_or_underlying_filtered_export,,1
nasdaq_itch_5_0_decoded,itch_decoded,2013-03-25,conditional,10,ECOL;EW;ISIL;JNPR;LRCX;LSCC;MKC;MTH;PNRA;STMP,10,decoded_date_file_filtered_to_required_symbols,point_in_time_primary_listing_exchange,1
nyse_daily_taq,equity_trade,2013-03-26,required_core,20,ACO;CAMP;CENX;ECHO;ECOL;EHTH;EW;GDI;ISIL;JNPR;LRCX;LSCC;MCRI;MCRL;MKC;MTH;PFPT;PNRA;STMP;VRSN,20,date_file_or_symbol_filtered_export,,1
nyse_daily_taq,equity_quote,2013-03-26,required_core,20,ACO;CAMP;CENX;ECHO;ECOL;EHTH;EW;GDI;ISIL;JNPR;LRCX;LSCC;MCRI;MCRL;MKC;MTH;PFPT;PNRA;STMP;VRSN,20,date_file_or_symbol_filtered_export,,1
cboe_option_trades,option_trade,2013-03-26,required_full_replication,20,ACO;CAMP;CENX;ECHO;ECOL;EHTH;EW;GDI;ISIL;JNPR;LRCX;LSCC;MCRI;MCRL;MKC;MTH;PFPT;PNRA;STMP;VRSN,20,date_file_or_underlying_filtered_export,,1
cboe_option_quotes,option_quote,2013-03-26,required_full_replication,20,ACO;CAMP;CENX;ECHO;ECOL;EHTH;EW;GDI;ISIL;JNPR;LRCX;LSCC;MCRI;MCRL;MKC;MTH;PFPT;PNRA;STMP;VRSN,20,date_file_or_underlying_filtered_export,,1
nasdaq_itch_5_0_decoded,itch_decoded,2013-03-26,conditional,20,ACO;CAMP;CENX;ECHO;ECOL;EHTH;EW;GDI;ISIL;JNPR;LRCX;LSCC;MCRI;MCRL;MKC;MTH;PFPT;PNRA;STMP;VRSN,20,decoded_date_file_filtered_to_required_symbols,point_in_time_primary_listing_exchange,1
nyse_daily_taq,equity_trade,2013-03-27,required_core,20,ACO;CAMP;CENX;ECHO;ECOL;EHTH;EW;GDI;ISIL;JNPR;LRCX;LSCC;MCRI;MCRL;MKC;MTH;PFPT;PNRA;STMP;VRSN,20,date_file_or_symbol_filtered_export,,1
nyse_daily_taq,equity_quote,2013-03-27,required_core,20,ACO;CAMP;CENX;ECHO;ECOL;EHTH;EW;GDI;ISIL;JNPR;LRCX;LSCC;MCRI;MCRL;MKC;MTH;PFPT;PNRA;STMP;VRSN,20,date_file_or_symbol_filtered_export,,1
cboe_option_trades,option_trade,2013-03-27,required_full_replication,20,ACO;CAMP;CENX;ECHO;ECOL;EHTH;EW;GDI;ISIL;JNPR;LRCX;LSCC;MCRI;MCRL;MKC;MTH;PFPT;PNRA;STMP;VRSN,20,date_file_or_underlying_filtered_export,,1
cboe_option_quotes,option_quote,2013-03-27,required_full_replication,20,ACO;CAMP;CENX;ECHO;ECOL;EHTH;EW;GDI;ISIL;JNPR;LRCX;LSCC;MCRI;MCRL;MKC;MTH;PFPT;PNRA;STMP;VRSN,20,date_file_or_underlying_filtered_export,,1
nasdaq_itch_5_0_decoded,itch_decoded,2013-03-27,conditional,20,ACO;CAMP;CENX;ECHO;ECOL;EHTH;EW;GDI;ISIL;JNPR;LRCX;LSCC;MCRI;MCRL;MKC;MTH;PFPT;PNRA;STMP;VRSN,20,decoded_date_file_filtered_to_required_symbols,point_in_time_primary_listing_exchange,1
nyse_daily_taq,equity_trade,2013-03-28,required_core,20,ACO;CAMP;CENX;ECHO;ECOL;EHTH;EW;GDI;ISIL;JNPR;LRCX;LSCC;MCRI;MCRL;MKC;MTH;PFPT;PNRA;STMP;VRSN,20,date_file_or_symbol_filtered_export,,1
nyse_daily_taq,equity_quote,2013-03-28,required_core,20,ACO;CAMP;CENX;ECHO;ECOL;EHTH;EW;GDI;ISIL;JNPR;LRCX;LSCC;MCRI;MCRL;MKC;MTH;PFPT;PNRA;STMP;VRSN,20,date_file_or_symbol_filtered_export,,1
cboe_option_trades,option_trade,2013-03-28,required_full_replication,20,ACO;CAMP;CENX;ECHO;ECOL;EHTH;EW;GDI;ISIL;JNPR;LRCX;LSCC;MCRI;MCRL;MKC;MTH;PFPT;PNRA;STMP;VRSN,20,date_file_or_underlying_filtered_export,,1
cboe_option_quotes,option_quote,2013-03-28,required_full_replication,20,ACO;CAMP;CENX;ECHO;ECOL;EHTH;EW;GDI;ISIL;JNPR;LRCX;LSCC;MCRI;MCRL;MKC;MTH;PFPT;PNRA;STMP;VRSN,20,date_file_or_underlying_filtered_export,,1
nasdaq_itch_5_0_decoded,itch_decoded,2013-03-28,conditional,20,ACO;CAMP;CENX;ECHO;ECOL;EHTH;EW;GDI;ISIL;JNPR;LRCX;LSCC;MCRI;MCRL;MKC;MTH;PFPT;PNRA;STMP;VRSN,20,decoded_date_file_filtered_to_required_symbols,point_in_time_primary_listing_exchange,1
nyse_daily_taq,equity_trade,2013-04-01,required_core,20,ACO;CAMP;CENX;ECHO;ECOL;EHTH;EW;GDI;ISIL;JNPR;LRCX;LSCC;MCRI;MCRL;MKC;MTH;PFPT;PNRA;STMP;VRSN,20,date_file_or_symbol_filtered_export,,1
nyse_daily_taq,equity_quote,2013-04-01,required_core,20,ACO;CAMP;CENX;ECHO;ECOL;EHTH;EW;GDI;ISIL;JNPR;LRCX;LSCC;MCRI;MCRL;MKC;MTH;PFPT;PNRA;STMP;VRSN,20,date_file_or_symbol_filtered_export,,1
cboe_option_trades,option_trade,2013-04-01,required_full_replication,20,ACO;CAMP;CENX;ECHO;ECOL;EHTH;EW;GDI;ISIL;JNPR;LRCX;LSCC;MCRI;MCRL;MKC;MTH;PFPT;PNRA;STMP;VRSN,20,date_file_or_underlying_filtered_export,,1
cboe_option_quotes,option_quote,2013-04-01,required_full_replication,20,ACO;CAMP;CENX;ECHO;ECOL;EHTH;EW;GDI;ISIL;JNPR;LRCX;LSCC;MCRI;MCRL;MKC;MTH;PFPT;PNRA;STMP;VRSN,20,date_file_or_underlying_filtered_export,,1
nasdaq_itch_5_0_decoded,itch_decoded,2013-04-01,conditional,20,ACO;CAMP;CENX;ECHO;ECOL;EHTH;EW;GDI;ISIL;JNPR;LRCX;LSCC;MCRI;MCRL;MKC;MTH;PFPT;PNRA;STMP;VRSN,20,decoded_date_file_filtered_to_required_symbols,point_in_time_primary_listing_exchange,1
nyse_daily_taq,equity_trade,2013-04-02,required_core,19,ACO;CAMP;CENX;ECHO;ECOL;EHTH;EW;GDI;ISIL;JNPR;LRCX;LSCC;MCRI;MCRL;MTH;PFPT;PNRA;STMP;VRSN,19,date_file_or_symbol_filtered_export,,1
nyse_daily_taq,equity_quote,2013-04-02,required_core,19,ACO;CAMP;CENX;ECHO;ECOL;EHTH;EW;GDI;ISIL;JNPR;LRCX;LSCC;MCRI;MCRL;MTH;PFPT;PNRA;STMP;VRSN,19,date_file_or_symbol_filtered_export,,1
cboe_option_trades,option_trade,2013-04-02,required_full_replication,19,ACO;CAMP;CENX;ECHO;ECOL;EHTH;EW;GDI;ISIL;JNPR;LRCX;LSCC;MCRI;MCRL;MTH;PFPT;PNRA;STMP;VRSN,19,date_file_or_underlying_filtered_export,,1
cboe_option_quotes,option_quote,2013-04-02,required_full_replication,19,ACO;CAMP;CENX;ECHO;ECOL;EHTH;EW;GDI;ISIL;JNPR;LRCX;LSCC;MCRI;MCRL;MTH;PFPT;PNRA;STMP;VRSN,19,date_file_or_underlying_filtered_export,,1
nasdaq_itch_5_0_decoded,itch_decoded,2013-04-02,conditional,19,ACO;CAMP;CENX;ECHO;ECOL;EHTH;EW;GDI;ISIL;JNPR;LRCX;LSCC;MCRI;MCRL;MTH;PFPT;PNRA;STMP;VRSN,19,decoded_date_file_filtered_to_required_symbols,point_in_time_primary_listing_exchange,1
nyse_daily_taq,equity_trade,2013-04-03,required_core,19,ACO;CAMP;CENX;ECHO;ECOL;EHTH;EW;GDI;ISIL;JNPR;LRCX;LSCC;MCRI;MCRL;MTH;PFPT;PNRA;STMP;VRSN,19,date_file_or_symbol_filtered_export,,1
nyse_daily_taq,equity_quote,2013-04-03,required_core,19,ACO;CAMP;CENX;ECHO;ECOL;EHTH;EW;GDI;ISIL;JNPR;LRCX;LSCC;MCRI;MCRL;MTH;PFPT;PNRA;STMP;VRSN,19,date_file_or_symbol_filtered_export,,1
cboe_option_trades,option_trade,2013-04-03,required_full_replication,19,ACO;CAMP;CENX;ECHO;ECOL;EHTH;EW;GDI;ISIL;JNPR;LRCX;LSCC;MCRI;MCRL;MTH;PFPT;PNRA;STMP;VRSN,19,date_file_or_underlying_filtered_export,,1
cboe_option_quotes,option_quote,2013-04-03,required_full_replication,19,ACO;CAMP;CENX;ECHO;ECOL;EHTH;EW;GDI;ISIL;JNPR;LRCX;LSCC;MCRI;MCRL;MTH;PFPT;PNRA;STMP;VRSN,19,date_file_or_underlying_filtered_export,,1
nasdaq_itch_5_0_decoded,itch_decoded,2013-04-03,conditional,19,ACO;CAMP;CENX;ECHO;ECOL;EHTH;EW;GDI;ISIL;JNPR;LRCX;LSCC;MCRI;MCRL;MTH;PFPT;PNRA;STMP;VRSN,19,decoded_date_file_filtered_to_required_symbols,point_in_time_primary_listing_exchange,1
nyse_daily_taq,equity_trade,2013-04-04,required_core,19,ACO;CAMP;CENX;ECHO;ECOL;EHTH;EW;GDI;ISIL;JNPR;LRCX;LSCC;MCRI;MCRL;MTH;PFPT;PNRA;STMP;VRSN,19,date_file_or_symbol_filtered_export,,1
nyse_daily_taq,equity_quote,2013-04-04,required_core,19,ACO;CAMP;CENX;ECHO;ECOL;EHTH;EW;GDI;ISIL;JNPR;LRCX;LSCC;MCRI;MCRL;MTH;PFPT;PNRA;STMP;VRSN,19,date_file_or_symbol_filtered_export,,1
cboe_option_trades,option_trade,2013-04-04,required_full_replication,19,ACO;CAMP;CENX;ECHO;ECOL;EHTH;EW;GDI;ISIL;JNPR;LRCX;LSCC;MCRI;MCRL;MTH;PFPT;PNRA;STMP;VRSN,19,date_file_or_underlying_filtered_export,,1
cboe_option_quotes,option_quote,2013-04-04,required_full_replication,19,ACO;CAMP;CENX;ECHO;ECOL;EHTH;EW;GDI;ISIL;JNPR;LRCX;LSCC;MCRI;MCRL;MTH;PFPT;PNRA;STMP;VRSN,19,date_file_or_underlying_filtered_export,,1
nasdaq_itch_5_0_decoded,itch_decoded,2013-04-04,conditional,19,ACO;CAMP;CENX;ECHO;ECOL;EHTH;EW;GDI;ISIL;JNPR;LRCX;LSCC;MCRI;MCRL;MTH;PFPT;PNRA;STMP;VRSN,19,decoded_date_file_filtered_to_required_symbols,point_in_time_primary_listing_exchange,1
nyse_daily_taq,equity_trade,2013-04-05,required_core,20,ACO;APC;CAMP;CENX;ECHO;ECOL;EHTH;EW;GDI;ISIL;JNPR;LRCX;LSCC;MCRI;MCRL;MTH;PFPT;PNRA;STMP;VRSN,20,date_file_or_symbol_filtered_export,,1
nyse_daily_taq,equity_quote,2013-04-05,required_core,20,ACO;APC;CAMP;CENX;ECHO;ECOL;EHTH;EW;GDI;ISIL;JNPR;LRCX;LSCC;MCRI;MCRL;MTH;PFPT;PNRA;STMP;VRSN,20,date_file_or_symbol_filtered_export,,1
cboe_option_trades,option_trade,2013-04-05,required_full_replication,20,ACO;APC;CAMP;CENX;ECHO;ECOL;EHTH;EW;GDI;ISIL;JNPR;LRCX;LSCC;MCRI;MCRL;MTH;PFPT;PNRA;STMP;VRSN,20,date_file_or_underlying_filtered_export,,1
cboe_option_quotes,option_quote,2013-04-05,required_full_replication,20,ACO;APC;CAMP;CENX;ECHO;ECOL;EHTH;EW;GDI;ISIL;JNPR;LRCX;LSCC;MCRI;MCRL;MTH;PFPT;PNRA;STMP;VRSN,20,date_file_or_underlying_filtered_export,,1
nasdaq_itch_5_0_decoded,itch_decoded,2013-04-05,conditional,20,ACO;APC;CAMP;CENX;ECHO;ECOL;EHTH;EW;GDI;ISIL;JNPR;LRCX;LSCC;MCRI;MCRL;MTH;PFPT;PNRA;STMP;VRSN,20,decoded_date_file_filtered_to_required_symbols,point_in_time_primary_listing_exchange,1
nyse_daily_taq,equity_trade,2013-04-08,required_core,23,ACO;APC;BIO;CAMP;CENX;DGI;ECHO;ECOL;EHTH;EW;GDI;ISIL;JNPR;KELYA;LRCX;LSCC;MCRI;MCRL;MTH;PFPT;PNRA;STMP;VRSN,23,date_file_or_symbol_filtered_export,,1
nyse_daily_taq,equity_quote,2013-04-08,required_core,23,ACO;APC;BIO;CAMP;CENX;DGI;ECHO;ECOL;EHTH;EW;GDI;ISIL;JNPR;KELYA;LRCX;LSCC;MCRI;MCRL;MTH;PFPT;PNRA;STMP;VRSN,23,date_file_or_symbol_filtered_export,,1
cboe_option_trades,option_trade,2013-04-08,required_full_replication,23,ACO;APC;BIO;CAMP;CENX;DGI;ECHO;ECOL;EHTH;EW;GDI;ISIL;JNPR;KELYA;LRCX;LSCC;MCRI;MCRL;MTH;PFPT;PNRA;STMP;VRSN,23,date_file_or_underlying_filtered_export,,1
cboe_option_quotes,option_quote,2013-04-08,required_full_replication,23,ACO;APC;BIO;CAMP;CENX;DGI;ECHO;ECOL;EHTH;EW;GDI;ISIL;JNPR;KELYA;LRCX;LSCC;MCRI;MCRL;MTH;PFPT;PNRA;STMP;VRSN,23,date_file_or_underlying_filtered_export,,1
nasdaq_itch_5_0_decoded,itch_decoded,2013-04-08,conditional,23,ACO;APC;BIO;CAMP;CENX;DGI;ECHO;ECOL;EHTH;EW;GDI;ISIL;JNPR;KELYA;LRCX;LSCC;MCRI;MCRL;MTH;PFPT;PNRA;STMP;VRSN,23,decoded_date_file_filtered_to_required_symbols,point_in_time_primary_listing_exchange,1
nyse_daily_taq,equity_trade,2013-04-09,required_core,24,ACO;APC;BIO;CAMP;CENX;DGI;ECHO;ECOL;EHTH;EW;GDI;GORO;ISIL;JNPR;KELYA;LRCX;LSCC;MCRI;MCRL;MTH;PFPT;PNRA;STMP;VRSN,24,date_file_or_symbol_filtered_export,,1
nyse_daily_taq,equity_quote,2013-04-09,required_core,24,ACO;APC;BIO;CAMP;CENX;DGI;ECHO;ECOL;EHTH;EW;GDI;GORO;ISIL;JNPR;KELYA;LRCX;LSCC;MCRI;MCRL;MTH;PFPT;PNRA;STMP;VRSN,24,date_file_or_symbol_filtered_export,,1
cboe_option_trades,option_trade,2013-04-09,required_full_replication,24,ACO;APC;BIO;CAMP;CENX;DGI;ECHO;ECOL;EHTH;EW;GDI;GORO;ISIL;JNPR;KELYA;LRCX;LSCC;MCRI;MCRL;MTH;PFPT;PNRA;STMP;VRSN,24,date_file_or_underlying_filtered_export,,1
cboe_option_quotes,option_quote,2013-04-09,required_full_replication,24,ACO;APC;BIO;CAMP;CENX;DGI;ECHO;ECOL;EHTH;EW;GDI;GORO;ISIL;JNPR;KELYA;LRCX;LSCC;MCRI;MCRL;MTH;PFPT;PNRA;STMP;VRSN,24,date_file_or_underlying_filtered_export,,1
nasdaq_itch_5_0_decoded,itch_decoded,2013-04-09,conditional,24,ACO;APC;BIO;CAMP;CENX;DGI;ECHO;ECOL;EHTH;EW;GDI;GORO;ISIL;JNPR;KELYA;LRCX;LSCC;MCRI;MCRL;MTH;PFPT;PNRA;STMP;VRSN,24,decoded_date_file_filtered_to_required_symbols,point_in_time_primary_listing_exchange,1
nyse_daily_taq,equity_trade,2013-04-10,required_core,24,ACO;APC;BIO;CAMP;CENX;DGI;ECHO;ECOL;EHTH;EW;GDI;GORO;ISIL;JNPR;KELYA;LRCX;LSCC;MCRI;MCRL;MTH;PFPT;PNRA;STMP;VRSN,24,date_file_or_symbol_filtered_export,,1
nyse_daily_taq,equity_quote,2013-04-10,required_core,24,ACO;APC;BIO;CAMP;CENX;DGI;ECHO;ECOL;EHTH;EW;GDI;GORO;ISIL;JNPR;KELYA;LRCX;LSCC;MCRI;MCRL;MTH;PFPT;PNRA;STMP;VRSN,24,date_file_or_symbol_filtered_export,,1
cboe_option_trades,option_trade,2013-04-10,required_full_replication,24,ACO;APC;BIO;CAMP;CENX;DGI;ECHO;ECOL;EHTH;EW;GDI;GORO;ISIL;JNPR;KELYA;LRCX;LSCC;MCRI;MCRL;MTH;PFPT;PNRA;STMP;VRSN,24,date_file_or_underlying_filtered_export,,1
cboe_option_quotes,option_quote,2013-04-10,required_full_replication,24,ACO;APC;BIO;CAMP;CENX;DGI;ECHO;ECOL;EHTH;EW;GDI;GORO;ISIL;JNPR;KELYA;LRCX;LSCC;MCRI;MCRL;MTH;PFPT;PNRA;STMP;VRSN,24,date_file_or_underlying_filtered_export,,1
nasdaq_itch_5_0_decoded,itch_decoded,2013-04-10,conditional,24,ACO;APC;BIO;CAMP;CENX;DGI;ECHO;ECOL;EHTH;EW;GDI;GORO;ISIL;JNPR;KELYA;LRCX;LSCC;MCRI;MCRL;MTH;PFPT;PNRA;STMP;VRSN,24,decoded_date_file_filtered_to_required_symbols,point_in_time_primary_listing_exchange,1
nyse_daily_taq,equity_trade,2013-04-11,required_core,24,ACO;APC;BIO;CAMP;CENX;DGI;ECHO;ECOL;EHTH;EW;GDI;GORO;ISIL;JNPR;KELYA;LRCX;LSCC;MCRI;MCRL;MTH;PFPT;PNRA;STMP;VRSN,24,date_file_or_symbol_filtered_export,,1
nyse_daily_taq,equity_quote,2013-04-11,required_core,24,ACO;APC;BIO;CAMP;CENX;DGI;ECHO;ECOL;EHTH;EW;GDI;GORO;ISIL;JNPR;KELYA;LRCX;LSCC;MCRI;MCRL;MTH;PFPT;PNRA;STMP;VRSN,24,date_file_or_symbol_filtered_export,,1
cboe_option_trades,option_trade,2013-04-11,required_full_replication,24,ACO;APC;BIO;CAMP;CENX;DGI;ECHO;ECOL;EHTH;EW;GDI;GORO;ISIL;JNPR;KELYA;LRCX;LSCC;MCRI;MCRL;MTH;PFPT;PNRA;STMP;VRSN,24,date_file_or_underlying_filtered_export,,1
cboe_option_quotes,option_quote,2013-04-11,required_full_replication,24,ACO;APC;BIO;CAMP;CENX;DGI;ECHO;ECOL;EHTH;EW;GDI;GORO;ISIL;JNPR;KELYA;LRCX;LSCC;MCRI;MCRL;MTH;PFPT;PNRA;STMP;VRSN,24,date_file_or_underlying_filtered_export,,1
nasdaq_itch_5_0_decoded,itch_decoded,2013-04-11,conditional,24,ACO;APC;BIO;CAMP;CENX;DGI;ECHO;ECOL;EHTH;EW;GDI;GORO;ISIL;JNPR;KELYA;LRCX;LSCC;MCRI;MCRL;MTH;PFPT;PNRA;STMP;VRSN,24,decoded_date_file_filtered_to_required_symbols,point_in_time_primary_listing_exchange,1
nyse_daily_taq,equity_trade,2013-04-12,required_core,24,ACO;APC;BIO;CAMP;CENX;DGI;ECHO;ECOL;EHTH;EW;GDI;GORO;ISIL;JNPR;KELYA;LRCX;LSCC;MCRI;MCRL;MTH;PFPT;PNRA;STMP;VRSN,24,date_file_or_symbol_filtered_export,,1
nyse_daily_taq,equity_quote,2013-04-12,required_core,24,ACO;APC;BIO;CAMP;CENX;DGI;ECHO;ECOL;EHTH;EW;GDI;GORO;ISIL;JNPR;KELYA;LRCX;LSCC;MCRI;MCRL;MTH;PFPT;PNRA;STMP;VRSN,24,date_file_or_symbol_filtered_export,,1
cboe_option_trades,option_trade,2013-04-12,required_full_replication,24,ACO;APC;BIO;CAMP;CENX;DGI;ECHO;ECOL;EHTH;EW;GDI;GORO;ISIL;JNPR;KELYA;LRCX;LSCC;MCRI;MCRL;MTH;PFPT;PNRA;STMP;VRSN,24,date_file_or_underlying_filtered_export,,1
cboe_option_quotes,option_quote,2013-04-12,required_full_replication,24,ACO;APC;BIO;CAMP;CENX;DGI;ECHO;ECOL;EHTH;EW;GDI;GORO;ISIL;JNPR;KELYA;LRCX;LSCC;MCRI;MCRL;MTH;PFPT;PNRA;STMP;VRSN,24,date_file_or_underlying_filtered_export,,1
nasdaq_itch_5_0_decoded,itch_decoded,2013-04-12,conditional,24,ACO;APC;BIO;CAMP;CENX;DGI;ECHO;ECOL;EHTH;EW;GDI;GORO;ISIL;JNPR;KELYA;LRCX;LSCC;MCRI;MCRL;MTH;PFPT;PNRA;STMP;VRSN,24,decoded_date_file_filtered_to_required_symbols,point_in_time_primary_listing_exchange,1
nyse_daily_taq,equity_trade,2013-04-15,required_core,24,ACO;APC;BIO;CAMP;CENX;DGI;ECHO;ECOL;EHTH;EW;GDI;GORO;ISIL;JNPR;KELYA;LRCX;LSCC;MCRI;MCRL;MTH;PFPT;PNRA;STMP;VRSN,24,date_file_or_symbol_filtered_export,,1
nyse_daily_taq,equity_quote,2013-04-15,required_core,24,ACO;APC;BIO;CAMP;CENX;DGI;ECHO;ECOL;EHTH;EW;GDI;GORO;ISIL;JNPR;KELYA;LRCX;LSCC;MCRI;MCRL;MTH;PFPT;PNRA;STMP;VRSN,24,date_file_or_symbol_filtered_export,,1
cboe_option_trades,option_trade,2013-04-15,required_full_replication,24,ACO;APC;BIO;CAMP;CENX;DGI;ECHO;ECOL;EHTH;EW;GDI;GORO;ISIL;JNPR;KELYA;LRCX;LSCC;MCRI;MCRL;MTH;PFPT;PNRA;STMP;VRSN,24,date_file_or_underlying_filtered_export,,1
cboe_option_quotes,option_quote,2013-04-15,required_full_replication,24,ACO;APC;BIO;CAMP;CENX;DGI;ECHO;ECOL;EHTH;EW;GDI;GORO;ISIL;JNPR;KELYA;LRCX;LSCC;MCRI;MCRL;MTH;PFPT;PNRA;STMP;VRSN,24,date_file_or_underlying_filtered_export,,1
nasdaq_itch_5_0_decoded,itch_decoded,2013-04-15,conditional,24,ACO;APC;BIO;CAMP;CENX;DGI;ECHO;ECOL;EHTH;EW;GDI;GORO;ISIL;JNPR;KELYA;LRCX;LSCC;MCRI;MCRL;MTH;PFPT;PNRA;STMP;VRSN,24,decoded_date_file_filtered_to_required_symbols,point_in_time_primary_listing_exchange,1
nyse_daily_taq,equity_trade,2013-04-16,required_core,24,ACO;APC;BIO;CAMP;CENX;DGI;ECHO;ECOL;EHTH;EW;GDI;GORO;ISIL;JNPR;KELYA;LRCX;LSCC;MCRI;MCRL;MTH;PFPT;PNRA;STMP;VRSN,24,date_file_or_symbol_filtered_export,,1
nyse_daily_taq,equity_quote,2013-04-16,required_core,24,ACO;APC;BIO;CAMP;CENX;DGI;ECHO;ECOL;EHTH;EW;GDI;GORO;ISIL;JNPR;KELYA;LRCX;LSCC;MCRI;MCRL;MTH;PFPT;PNRA;STMP;VRSN,24,date_file_or_symbol_filtered_export,,1
cboe_option_trades,option_trade,2013-04-16,required_full_replication,24,ACO;APC;BIO;CAMP;CENX;DGI;ECHO;ECOL;EHTH;EW;GDI;GORO;ISIL;JNPR;KELYA;LRCX;LSCC;MCRI;MCRL;MTH;PFPT;PNRA;STMP;VRSN,24,date_file_or_underlying_filtered_export,,1
cboe_option_quotes,option_quote,2013-04-16,required_full_replication,24,ACO;APC;BIO;CAMP;CENX;DGI;ECHO;ECOL;EHTH;EW;GDI;GORO;ISIL;JNPR;KELYA;LRCX;LSCC;MCRI;MCRL;MTH;PFPT;PNRA;STMP;VRSN,24,date_file_or_underlying_filtered_export,,1
nasdaq_itch_5_0_decoded,itch_decoded,2013-04-16,conditional,24,ACO;APC;BIO;CAMP;CENX;DGI;ECHO;ECOL;EHTH;EW;GDI;GORO;ISIL;JNPR;KELYA;LRCX;LSCC;MCRI;MCRL;MTH;PFPT;PNRA;STMP;VRSN,24,decoded_date_file_filtered_to_required_symbols,point_in_time_primary_listing_exchange,1
nyse_daily_taq,equity_trade,2013-04-17,required_core,24,ACO;APC;BIO;CAMP;CENX;DGI;ECHO;ECOL;EHTH;EW;GDI;GORO;ISIL;JNPR;KELYA;LRCX;LSCC;MCRI;MCRL;MTH;PFPT;PNRA;STMP;VRSN,24,date_file_or_symbol_filtered_export,,1
nyse_daily_taq,equity_quote,2013-04-17,required_core,24,ACO;APC;BIO;CAMP;CENX;DGI;ECHO;ECOL;EHTH;EW;GDI;GORO;ISIL;JNPR;KELYA;LRCX;LSCC;MCRI;MCRL;MTH;PFPT;PNRA;STMP;VRSN,24,date_file_or_symbol_filtered_export,,1
cboe_option_trades,option_trade,2013-04-17,required_full_replication,24,ACO;APC;BIO;CAMP;CENX;DGI;ECHO;ECOL;EHTH;EW;GDI;GORO;ISIL;JNPR;KELYA;LRCX;LSCC;MCRI;MCRL;MTH;PFPT;PNRA;STMP;VRSN,24,date_file_or_underlying_filtered_export,,1
cboe_option_quotes,option_quote,2013-04-17,required_full_replication,24,ACO;APC;BIO;CAMP;CENX;DGI;ECHO;ECOL;EHTH;EW;GDI;GORO;ISIL;JNPR;KELYA;LRCX;LSCC;MCRI;MCRL;MTH;PFPT;PNRA;STMP;VRSN,24,date_file_or_underlying_filtered_export,,1
nasdaq_itch_5_0_decoded,itch_decoded,2013-04-17,conditional,24,ACO;APC;BIO;CAMP;CENX;DGI;ECHO;ECOL;EHTH;EW;GDI;GORO;ISIL;JNPR;KELYA;LRCX;LSCC;MCRI;MCRL;MTH;PFPT;PNRA;STMP;VRSN,24,decoded_date_file_filtered_to_required_symbols,point_in_time_primary_listing_exchange,1
nyse_daily_taq,equity_trade,2013-04-18,required_core,24,ACO;APC;BIO;CAMP;CENX;DGI;ECHO;ECOL;EHTH;EW;GDI;GORO;ISIL;JNPR;KELYA;LRCX;LSCC;MCRI;MCRL;MTH;PFPT;PNRA;STMP;VRSN,24,date_file_or_symbol_filtered_export,,1
nyse_daily_taq,equity_quote,2013-04-18,required_core,24,ACO;APC;BIO;CAMP;CENX;DGI;ECHO;ECOL;EHTH;EW;GDI;GORO;ISIL;JNPR;KELYA;LRCX;LSCC;MCRI;MCRL;MTH;PFPT;PNRA;STMP;VRSN,24,date_file_or_symbol_filtered_export,,1
cboe_option_trades,option_trade,2013-04-18,required_full_replication,24,ACO;APC;BIO;CAMP;CENX;DGI;ECHO;ECOL;EHTH;EW;GDI;GORO;ISIL;JNPR;KELYA;LRCX;LSCC;MCRI;MCRL;MTH;PFPT;PNRA;STMP;VRSN,24,date_file_or_underlying_filtered_export,,1
cboe_option_quotes,option_quote,2013-04-18,required_full_replication,24,ACO;APC;BIO;CAMP;CENX;DGI;ECHO;ECOL;EHTH;EW;GDI;GORO;ISIL;JNPR;KELYA;LRCX;LSCC;MCRI;MCRL;MTH;PFPT;PNRA;STMP;VRSN,24,date_file_or_underlying_filtered_export,,1
nasdaq_itch_5_0_decoded,itch_decoded,2013-04-18,conditional,24,ACO;APC;BIO;CAMP;CENX;DGI;ECHO;ECOL;EHTH;EW;GDI;GORO;ISIL;JNPR;KELYA;LRCX;LSCC;MCRI;MCRL;MTH;PFPT;PNRA;STMP;VRSN,24,decoded_date_file_filtered_to_required_symbols,point_in_time_primary_listing_exchange,1
nyse_daily_taq,equity_trade,2013-04-19,required_core,23,ACO;APC;BIO;CAMP;CENX;DGI;ECHO;ECOL;EHTH;EW;GDI;GORO;ISIL;JNPR;KELYA;LRCX;MCRI;MCRL;MTH;PFPT;PNRA;STMP;VRSN,23,date_file_or_symbol_filtered_export,,1
nyse_daily_taq,equity_quote,2013-04-19,required_core,23,ACO;APC;BIO;CAMP;CENX;DGI;ECHO;ECOL;EHTH;EW;GDI;GORO;ISIL;JNPR;KELYA;LRCX;MCRI;MCRL;MTH;PFPT;PNRA;STMP;VRSN,23,date_file_or_symbol_filtered_export,,1
cboe_option_trades,option_trade,2013-04-19,required_full_replication,23,ACO;APC;BIO;CAMP;CENX;DGI;ECHO;ECOL;EHTH;EW;GDI;GORO;ISIL;JNPR;KELYA;LRCX;MCRI;MCRL;MTH;PFPT;PNRA;STMP;VRSN,23,date_file_or_underlying_filtered_export,,1
cboe_option_quotes,option_quote,2013-04-19,required_full_replication,23,ACO;APC;BIO;CAMP;CENX;DGI;ECHO;ECOL;EHTH;EW;GDI;GORO;ISIL;JNPR;KELYA;LRCX;MCRI;MCRL;MTH;PFPT;PNRA;STMP;VRSN,23,date_file_or_underlying_filtered_export,,1
nasdaq_itch_5_0_decoded,itch_decoded,2013-04-19,conditional,23,ACO;APC;BIO;CAMP;CENX;DGI;ECHO;ECOL;EHTH;EW;GDI;GORO;ISIL;JNPR;KELYA;LRCX;MCRI;MCRL;MTH;PFPT;PNRA;STMP;VRSN,23,decoded_date_file_filtered_to_required_symbols,point_in_time_primary_listing_exchange,1
nyse_daily_taq,equity_trade,2013-04-22,required_core,23,ACO;APC;BIO;CAMP;CENX;DGI;ECHO;ECOL;EHTH;EW;GDI;GORO;ISIL;JNPR;KELYA;LRCX;MCRI;MCRL;MTH;PFPT;PNRA;STMP;VRSN,23,date_file_or_symbol_filtered_export,,1
nyse_daily_taq,equity_quote,2013-04-22,required_core,23,ACO;APC;BIO;CAMP;CENX;DGI;ECHO;ECOL;EHTH;EW;GDI;GORO;ISIL;JNPR;KELYA;LRCX;MCRI;MCRL;MTH;PFPT;PNRA;STMP;VRSN,23,date_file_or_symbol_filtered_export,,1
cboe_option_trades,option_trade,2013-04-22,required_full_replication,23,ACO;APC;BIO;CAMP;CENX;DGI;ECHO;ECOL;EHTH;EW;GDI;GORO;ISIL;JNPR;KELYA;LRCX;MCRI;MCRL;MTH;PFPT;PNRA;STMP;VRSN,23,date_file_or_underlying_filtered_export,,1
cboe_option_quotes,option_quote,2013-04-22,required_full_replication,23,ACO;APC;BIO;CAMP;CENX;DGI;ECHO;ECOL;EHTH;EW;GDI;GORO;ISIL;JNPR;KELYA;LRCX;MCRI;MCRL;MTH;PFPT;PNRA;STMP;VRSN,23,date_file_or_underlying_filtered_export,,1
nasdaq_itch_5_0_decoded,itch_decoded,2013-04-22,conditional,23,ACO;APC;BIO;CAMP;CENX;DGI;ECHO;ECOL;EHTH;EW;GDI;GORO;ISIL;JNPR;KELYA;LRCX;MCRI;MCRL;MTH;PFPT;PNRA;STMP;VRSN,23,decoded_date_file_filtered_to_required_symbols,point_in_time_primary_listing_exchange,1
nyse_daily_taq,equity_trade,2013-04-23,required_core,23,ACO;APC;BIO;CAMP;CENX;DGI;ECHO;ECOL;EHTH;EW;GDI;GORO;ISIL;JNPR;KELYA;LRCX;MCRI;MCRL;MTH;PFPT;PNRA;STMP;VRSN,23,date_file_or_symbol_filtered_export,,1
nyse_daily_taq,equity_quote,2013-04-23,required_core,23,ACO;APC;BIO;CAMP;CENX;DGI;ECHO;ECOL;EHTH;EW;GDI;GORO;ISIL;JNPR;KELYA;LRCX;MCRI;MCRL;MTH;PFPT;PNRA;STMP;VRSN,23,date_file_or_symbol_filtered_export,,1
cboe_option_trades,option_trade,2013-04-23,required_full_replication,23,ACO;APC;BIO;CAMP;CENX;DGI;ECHO;ECOL;EHTH;EW;GDI;GORO;ISIL;JNPR;KELYA;LRCX;MCRI;MCRL;MTH;PFPT;PNRA;STMP;VRSN,23,date_file_or_underlying_filtered_export,,1
cboe_option_quotes,option_quote,2013-04-23,required_full_replication,23,ACO;APC;BIO;CAMP;CENX;DGI;ECHO;ECOL;EHTH;EW;GDI;GORO;ISIL;JNPR;KELYA;LRCX;MCRI;MCRL;MTH;PFPT;PNRA;STMP;VRSN,23,date_file_or_underlying_filtered_export,,1
nasdaq_itch_5_0_decoded,itch_decoded,2013-04-23,conditional,23,ACO;APC;BIO;CAMP;CENX;DGI;ECHO;ECOL;EHTH;EW;GDI;GORO;ISIL;JNPR;KELYA;LRCX;MCRI;MCRL;MTH;PFPT;PNRA;STMP;VRSN,23,decoded_date_file_filtered_to_required_symbols,point_in_time_primary_listing_exchange,1
nyse_daily_taq,equity_trade,2013-04-24,required_core,19,ACO;APC;BIO;CAMP;CENX;DGI;ECHO;ECOL;EHTH;GDI;GORO;ISIL;KELYA;LRCX;MCRI;MCRL;PFPT;STMP;VRSN,19,date_file_or_symbol_filtered_export,,1
nyse_daily_taq,equity_quote,2013-04-24,required_core,19,ACO;APC;BIO;CAMP;CENX;DGI;ECHO;ECOL;EHTH;GDI;GORO;ISIL;KELYA;LRCX;MCRI;MCRL;PFPT;STMP;VRSN,19,date_file_or_symbol_filtered_export,,1
cboe_option_trades,option_trade,2013-04-24,required_full_replication,19,ACO;APC;BIO;CAMP;CENX;DGI;ECHO;ECOL;EHTH;GDI;GORO;ISIL;KELYA;LRCX;MCRI;MCRL;PFPT;STMP;VRSN,19,date_file_or_underlying_filtered_export,,1
cboe_option_quotes,option_quote,2013-04-24,required_full_replication,19,ACO;APC;BIO;CAMP;CENX;DGI;ECHO;ECOL;EHTH;GDI;GORO;ISIL;KELYA;LRCX;MCRI;MCRL;PFPT;STMP;VRSN,19,date_file_or_underlying_filtered_export,,1
nasdaq_itch_5_0_decoded,itch_decoded,2013-04-24,conditional,19,ACO;APC;BIO;CAMP;CENX;DGI;ECHO;ECOL;EHTH;GDI;GORO;ISIL;KELYA;LRCX;MCRI;MCRL;PFPT;STMP;VRSN,19,decoded_date_file_filtered_to_required_symbols,point_in_time_primary_listing_exchange,1
nyse_daily_taq,equity_trade,2013-04-25,required_core,15,ACO;APC;BIO;CAMP;CENX;DGI;ECHO;EHTH;GDI;GORO;KELYA;MCRI;MCRL;PFPT;VRSN,15,date_file_or_symbol_filtered_export,,1
nyse_daily_taq,equity_quote,2013-04-25,required_core,15,ACO;APC;BIO;CAMP;CENX;DGI;ECHO;EHTH;GDI;GORO;KELYA;MCRI;MCRL;PFPT;VRSN,15,date_file_or_symbol_filtered_export,,1
cboe_option_trades,option_trade,2013-04-25,required_full_replication,15,ACO;APC;BIO;CAMP;CENX;DGI;ECHO;EHTH;GDI;GORO;KELYA;MCRI;MCRL;PFPT;VRSN,15,date_file_or_underlying_filtered_export,,1
cboe_option_quotes,option_quote,2013-04-25,required_full_replication,15,ACO;APC;BIO;CAMP;CENX;DGI;ECHO;EHTH;GDI;GORO;KELYA;MCRI;MCRL;PFPT;VRSN,15,date_file_or_underlying_filtered_export,,1
nasdaq_itch_5_0_decoded,itch_decoded,2013-04-25,conditional,15,ACO;APC;BIO;CAMP;CENX;DGI;ECHO;EHTH;GDI;GORO;KELYA;MCRI;MCRL;PFPT;VRSN,15,decoded_date_file_filtered_to_required_symbols,point_in_time_primary_listing_exchange,1
nyse_daily_taq,equity_trade,2013-04-26,required_core,5,APC;BIO;DGI;GORO;KELYA,5,date_file_or_symbol_filtered_export,,1
nyse_daily_taq,equity_quote,2013-04-26,required_core,5,APC;BIO;DGI;GORO;KELYA,5,date_file_or_symbol_filtered_export,,1
cboe_option_trades,option_trade,2013-04-26,required_full_replication,5,APC;BIO;DGI;GORO;KELYA,5,date_file_or_underlying_filtered_export,,1
cboe_option_quotes,option_quote,2013-04-26,required_full_replication,5,APC;BIO;DGI;GORO;KELYA,5,date_file_or_underlying_filtered_export,,1
nasdaq_itch_5_0_decoded,itch_decoded,2013-04-26,conditional,5,APC;BIO;DGI;GORO;KELYA,5,decoded_date_file_filtered_to_required_symbols,point_in_time_primary_listing_exchange,1
nyse_daily_taq,equity_trade,2013-04-29,required_core,5,APC;BIO;DGI;GORO;KELYA,5,date_file_or_symbol_filtered_export,,1
nyse_daily_taq,equity_quote,2013-04-29,required_core,5,APC;BIO;DGI;GORO;KELYA,5,date_file_or_symbol_filtered_export,,1
cboe_option_trades,option_trade,2013-04-29,required_full_replication,5,APC;BIO;DGI;GORO;KELYA,5,date_file_or_underlying_filtered_export,,1
cboe_option_quotes,option_quote,2013-04-29,required_full_replication,5,APC;BIO;DGI;GORO;KELYA,5,date_file_or_underlying_filtered_export,,1
nasdaq_itch_5_0_decoded,itch_decoded,2013-04-29,conditional,5,APC;BIO;DGI;GORO;KELYA,5,decoded_date_file_filtered_to_required_symbols,point_in_time_primary_listing_exchange,1
nyse_daily_taq,equity_trade,2013-04-30,required_core,5,APC;BIO;DGI;GORO;KELYA,5,date_file_or_symbol_filtered_export,,1
nyse_daily_taq,equity_quote,2013-04-30,required_core,5,APC;BIO;DGI;GORO;KELYA,5,date_file_or_symbol_filtered_export,,1
cboe_option_trades,option_trade,2013-04-30,required_full_replication,5,APC;BIO;DGI;GORO;KELYA,5,date_file_or_underlying_filtered_export,,1
cboe_option_quotes,option_quote,2013-04-30,required_full_replication,5,APC;BIO;DGI;GORO;KELYA,5,date_file_or_underlying_filtered_export,,1
nasdaq_itch_5_0_decoded,itch_decoded,2013-04-30,conditional,5,APC;BIO;DGI;GORO;KELYA,5,decoded_date_file_filtered_to_required_symbols,point_in_time_primary_listing_exchange,1
nyse_daily_taq,equity_trade,2013-05-01,required_core,5,APC;BIO;DGI;GORO;KELYA,5,date_file_or_symbol_filtered_export,,1
nyse_daily_taq,equity_quote,2013-05-01,required_core,5,APC;BIO;DGI;GORO;KELYA,5,date_file_or_symbol_filtered_export,,1
cboe_option_trades,option_trade,2013-05-01,required_full_replication,5,APC;BIO;DGI;GORO;KELYA,5,date_file_or_underlying_filtered_export,,1
cboe_option_quotes,option_quote,2013-05-01,required_full_replication,5,APC;BIO;DGI;GORO;KELYA,5,date_file_or_underlying_filtered_export,,1
nasdaq_itch_5_0_decoded,itch_decoded,2013-05-01,conditional,5,APC;BIO;DGI;GORO;KELYA,5,decoded_date_file_filtered_to_required_symbols,point_in_time_primary_listing_exchange,1
nyse_daily_taq,equity_trade,2013-05-02,required_core,5,APC;BIO;DGI;GORO;KELYA,5,date_file_or_symbol_filtered_export,,1
nyse_daily_taq,equity_quote,2013-05-02,required_core,5,APC;BIO;DGI;GORO;KELYA,5,date_file_or_symbol_filtered_export,,1
cboe_option_trades,option_trade,2013-05-02,required_full_replication,5,APC;BIO;DGI;GORO;KELYA,5,date_file_or_underlying_filtered_export,,1
cboe_option_quotes,option_quote,2013-05-02,required_full_replication,5,APC;BIO;DGI;GORO;KELYA,5,date_file_or_underlying_filtered_export,,1
nasdaq_itch_5_0_decoded,itch_decoded,2013-05-02,conditional,5,APC;BIO;DGI;GORO;KELYA,5,decoded_date_file_filtered_to_required_symbols,point_in_time_primary_listing_exchange,1
nyse_daily_taq,equity_trade,2013-05-03,required_core,5,APC;BIO;DGI;GORO;KELYA,5,date_file_or_symbol_filtered_export,,1
nyse_daily_taq,equity_quote,2013-05-03,required_core,5,APC;BIO;DGI;GORO;KELYA,5,date_file_or_symbol_filtered_export,,1
cboe_option_trades,option_trade,2013-05-03,required_full_replication,5,APC;BIO;DGI;GORO;KELYA,5,date_file_or_underlying_filtered_export,,1
cboe_option_quotes,option_quote,2013-05-03,required_full_replication,5,APC;BIO;DGI;GORO;KELYA,5,date_file_or_underlying_filtered_export,,1
nasdaq_itch_5_0_decoded,itch_decoded,2013-05-03,conditional,5,APC;BIO;DGI;GORO;KELYA,5,decoded_date_file_filtered_to_required_symbols,point_in_time_primary_listing_exchange,1
nyse_daily_taq,equity_trade,2013-05-06,required_core,5,APC;BIO;DGI;GORO;KELYA,5,date_file_or_symbol_filtered_export,,1
nyse_daily_taq,equity_quote,2013-05-06,required_core,5,APC;BIO;DGI;GORO;KELYA,5,date_file_or_symbol_filtered_export,,1
cboe_option_trades,option_trade,2013-05-06,required_full_replication,5,APC;BIO;DGI;GORO;KELYA,5,date_file_or_underlying_filtered_export,,1
cboe_option_quotes,option_quote,2013-05-06,required_full_replication,5,APC;BIO;DGI;GORO;KELYA,5,date_file_or_underlying_filtered_export,,1
nasdaq_itch_5_0_decoded,itch_decoded,2013-05-06,conditional,5,APC;BIO;DGI;GORO;KELYA,5,decoded_date_file_filtered_to_required_symbols,point_in_time_primary_listing_exchange,1
nyse_daily_taq,equity_trade,2013-05-07,required_core,4,BIO;DGI;GORO;KELYA,4,date_file_or_symbol_filtered_export,,1
nyse_daily_taq,equity_quote,2013-05-07,required_core,4,BIO;DGI;GORO;KELYA,4,date_file_or_symbol_filtered_export,,1
cboe_option_trades,option_trade,2013-05-07,required_full_replication,4,BIO;DGI;GORO;KELYA,4,date_file_or_underlying_filtered_export,,1
cboe_option_quotes,option_quote,2013-05-07,required_full_replication,4,BIO;DGI;GORO;KELYA,4,date_file_or_underlying_filtered_export,,1
nasdaq_itch_5_0_decoded,itch_decoded,2013-05-07,conditional,4,BIO;DGI;GORO;KELYA,4,decoded_date_file_filtered_to_required_symbols,point_in_time_primary_listing_exchange,1
nyse_daily_taq,equity_trade,2013-05-08,required_core,1,GORO,1,date_file_or_symbol_filtered_export,,1
nyse_daily_taq,equity_quote,2013-05-08,required_core,1,GORO,1,date_file_or_symbol_filtered_export,,1
cboe_option_trades,option_trade,2013-05-08,required_full_replication,1,GORO,1,date_file_or_underlying_filtered_export,,1
cboe_option_quotes,option_quote,2013-05-08,required_full_replication,1,GORO,1,date_file_or_underlying_filtered_export,,1
nasdaq_itch_5_0_decoded,itch_decoded,2013-05-08,conditional,1,GORO,1,decoded_date_file_filtered_to_required_symbols,point_in_time_primary_listing_exchange,1
nyse_daily_taq,equity_trade,2013-06-20,required_core,4,JNPR;MTH;PNRA;VMW,4,date_file_or_symbol_filtered_export,,1
nyse_daily_taq,equity_quote,2013-06-20,required_core,4,JNPR;MTH;PNRA;VMW,4,date_file_or_symbol_filtered_export,,1
cboe_option_trades,option_trade,2013-06-20,required_full_replication,4,JNPR;MTH;PNRA;VMW,4,date_file_or_underlying_filtered_export,,1
cboe_option_quotes,option_quote,2013-06-20,required_full_replication,4,JNPR;MTH;PNRA;VMW,4,date_file_or_underlying_filtered_export,,1
nasdaq_itch_5_0_decoded,itch_decoded,2013-06-20,conditional,4,JNPR;MTH;PNRA;VMW,4,decoded_date_file_filtered_to_required_symbols,point_in_time_primary_listing_exchange,1
nyse_daily_taq,equity_trade,2013-06-21,required_core,4,JNPR;MTH;PNRA;VMW,4,date_file_or_symbol_filtered_export,,1
nyse_daily_taq,equity_quote,2013-06-21,required_core,4,JNPR;MTH;PNRA;VMW,4,date_file_or_symbol_filtered_export,,1
cboe_option_trades,option_trade,2013-06-21,required_full_replication,4,JNPR;MTH;PNRA;VMW,4,date_file_or_underlying_filtered_export,,1
cboe_option_quotes,option_quote,2013-06-21,required_full_replication,4,JNPR;MTH;PNRA;VMW,4,date_file_or_underlying_filtered_export,,1
nasdaq_itch_5_0_decoded,itch_decoded,2013-06-21,conditional,4,JNPR;MTH;PNRA;VMW,4,decoded_date_file_filtered_to_required_symbols,point_in_time_primary_listing_exchange,1
nyse_daily_taq,equity_trade,2013-06-24,required_core,4,JNPR;MTH;PNRA;VMW,4,date_file_or_symbol_filtered_export,,1
nyse_daily_taq,equity_quote,2013-06-24,required_core,4,JNPR;MTH;PNRA;VMW,4,date_file_or_symbol_filtered_export,,1
cboe_option_trades,option_trade,2013-06-24,required_full_replication,4,JNPR;MTH;PNRA;VMW,4,date_file_or_underlying_filtered_export,,1
cboe_option_quotes,option_quote,2013-06-24,required_full_replication,4,JNPR;MTH;PNRA;VMW,4,date_file_or_underlying_filtered_export,,1
nasdaq_itch_5_0_decoded,itch_decoded,2013-06-24,conditional,4,JNPR;MTH;PNRA;VMW,4,decoded_date_file_filtered_to_required_symbols,point_in_time_primary_listing_exchange,1
nyse_daily_taq,equity_trade,2013-06-25,required_core,4,JNPR;MTH;PNRA;VMW,4,date_file_or_symbol_filtered_export,,1
nyse_daily_taq,equity_quote,2013-06-25,required_core,4,JNPR;MTH;PNRA;VMW,4,date_file_or_symbol_filtered_export,,1
cboe_option_trades,option_trade,2013-06-25,required_full_replication,4,JNPR;MTH;PNRA;VMW,4,date_file_or_underlying_filtered_export,,1
cboe_option_quotes,option_quote,2013-06-25,required_full_replication,4,JNPR;MTH;PNRA;VMW,4,date_file_or_underlying_filtered_export,,1
nasdaq_itch_5_0_decoded,itch_decoded,2013-06-25,conditional,4,JNPR;MTH;PNRA;VMW,4,decoded_date_file_filtered_to_required_symbols,point_in_time_primary_listing_exchange,1
nyse_daily_taq,equity_trade,2013-06-26,required_core,4,JNPR;MTH;PNRA;VMW,4,date_file_or_symbol_filtered_export,,1
nyse_daily_taq,equity_quote,2013-06-26,required_core,4,JNPR;MTH;PNRA;VMW,4,date_file_or_symbol_filtered_export,,1
cboe_option_trades,option_trade,2013-06-26,required_full_replication,4,JNPR;MTH;PNRA;VMW,4,date_file_or_underlying_filtered_export,,1
cboe_option_quotes,option_quote,2013-06-26,required_full_replication,4,JNPR;MTH;PNRA;VMW,4,date_file_or_underlying_filtered_export,,1
nasdaq_itch_5_0_decoded,itch_decoded,2013-06-26,conditional,4,JNPR;MTH;PNRA;VMW,4,decoded_date_file_filtered_to_required_symbols,point_in_time_primary_listing_exchange,1
nyse_daily_taq,equity_trade,2013-06-27,required_core,4,JNPR;MTH;PNRA;VMW,4,date_file_or_symbol_filtered_export,,1
nyse_daily_taq,equity_quote,2013-06-27,required_core,4,JNPR;MTH;PNRA;VMW,4,date_file_or_symbol_filtered_export,,1
cboe_option_trades,option_trade,2013-06-27,required_full_replication,4,JNPR;MTH;PNRA;VMW,4,date_file_or_underlying_filtered_export,,1
cboe_option_quotes,option_quote,2013-06-27,required_full_replication,4,JNPR;MTH;PNRA;VMW,4,date_file_or_underlying_filtered_export,,1
nasdaq_itch_5_0_decoded,itch_decoded,2013-06-27,conditional,4,JNPR;MTH;PNRA;VMW,4,decoded_date_file_filtered_to_required_symbols,point_in_time_primary_listing_exchange,1
nyse_daily_taq,equity_trade,2013-06-28,required_core,4,JNPR;MTH;PNRA;VMW,4,date_file_or_symbol_filtered_export,,1
nyse_daily_taq,equity_quote,2013-06-28,required_core,4,JNPR;MTH;PNRA;VMW,4,date_file_or_symbol_filtered_export,,1
cboe_option_trades,option_trade,2013-06-28,required_full_replication,4,JNPR;MTH;PNRA;VMW,4,date_file_or_underlying_filtered_export,,1
cboe_option_quotes,option_quote,2013-06-28,required_full_replication,4,JNPR;MTH;PNRA;VMW,4,date_file_or_underlying_filtered_export,,1
nasdaq_itch_5_0_decoded,itch_decoded,2013-06-28,conditional,4,JNPR;MTH;PNRA;VMW,4,decoded_date_file_filtered_to_required_symbols,point_in_time_primary_listing_exchange,1
nyse_daily_taq,equity_trade,2013-07-01,required_core,4,JNPR;MTH;PNRA;VMW,4,date_file_or_symbol_filtered_export,,1
nyse_daily_taq,equity_quote,2013-07-01,required_core,4,JNPR;MTH;PNRA;VMW,4,date_file_or_symbol_filtered_export,,1
cboe_option_trades,option_trade,2013-07-01,required_full_replication,4,JNPR;MTH;PNRA;VMW,4,date_file_or_underlying_filtered_export,,1
cboe_option_quotes,option_quote,2013-07-01,required_full_replication,4,JNPR;MTH;PNRA;VMW,4,date_file_or_underlying_filtered_export,,1
nasdaq_itch_5_0_decoded,itch_decoded,2013-07-01,conditional,4,JNPR;MTH;PNRA;VMW,4,decoded_date_file_filtered_to_required_symbols,point_in_time_primary_listing_exchange,1
nyse_daily_taq,equity_trade,2013-07-02,required_core,4,JNPR;MTH;PNRA;VMW,4,date_file_or_symbol_filtered_export,,1
nyse_daily_taq,equity_quote,2013-07-02,required_core,4,JNPR;MTH;PNRA;VMW,4,date_file_or_symbol_filtered_export,,1
cboe_option_trades,option_trade,2013-07-02,required_full_replication,4,JNPR;MTH;PNRA;VMW,4,date_file_or_underlying_filtered_export,,1
cboe_option_quotes,option_quote,2013-07-02,required_full_replication,4,JNPR;MTH;PNRA;VMW,4,date_file_or_underlying_filtered_export,,1
nasdaq_itch_5_0_decoded,itch_decoded,2013-07-02,conditional,4,JNPR;MTH;PNRA;VMW,4,decoded_date_file_filtered_to_required_symbols,point_in_time_primary_listing_exchange,1
nyse_daily_taq,equity_trade,2013-07-05,required_core,4,JNPR;MTH;PNRA;VMW,4,date_file_or_symbol_filtered_export,,1
nyse_daily_taq,equity_quote,2013-07-05,required_core,4,JNPR;MTH;PNRA;VMW,4,date_file_or_symbol_filtered_export,,1
cboe_option_trades,option_trade,2013-07-05,required_full_replication,4,JNPR;MTH;PNRA;VMW,4,date_file_or_underlying_filtered_export,,1
cboe_option_quotes,option_quote,2013-07-05,required_full_replication,4,JNPR;MTH;PNRA;VMW,4,date_file_or_underlying_filtered_export,,1
nasdaq_itch_5_0_decoded,itch_decoded,2013-07-05,conditional,4,JNPR;MTH;PNRA;VMW,4,decoded_date_file_filtered_to_required_symbols,point_in_time_primary_listing_exchange,1
nyse_daily_taq,equity_trade,2013-07-08,required_core,4,JNPR;MTH;PNRA;VMW,4,date_file_or_symbol_filtered_export,,1
nyse_daily_taq,equity_quote,2013-07-08,required_core,4,JNPR;MTH;PNRA;VMW,4,date_file_or_symbol_filtered_export,,1
cboe_option_trades,option_trade,2013-07-08,required_full_replication,4,JNPR;MTH;PNRA;VMW,4,date_file_or_underlying_filtered_export,,1
cboe_option_quotes,option_quote,2013-07-08,required_full_replication,4,JNPR;MTH;PNRA;VMW,4,date_file_or_underlying_filtered_export,,1
nasdaq_itch_5_0_decoded,itch_decoded,2013-07-08,conditional,4,JNPR;MTH;PNRA;VMW,4,decoded_date_file_filtered_to_required_symbols,point_in_time_primary_listing_exchange,1
nyse_daily_taq,equity_trade,2013-07-09,required_core,4,JNPR;MTH;PNRA;VMW,4,date_file_or_symbol_filtered_export,,1
nyse_daily_taq,equity_quote,2013-07-09,required_core,4,JNPR;MTH;PNRA;VMW,4,date_file_or_symbol_filtered_export,,1
cboe_option_trades,option_trade,2013-07-09,required_full_replication,4,JNPR;MTH;PNRA;VMW,4,date_file_or_underlying_filtered_export,,1
cboe_option_quotes,option_quote,2013-07-09,required_full_replication,4,JNPR;MTH;PNRA;VMW,4,date_file_or_underlying_filtered_export,,1
nasdaq_itch_5_0_decoded,itch_decoded,2013-07-09,conditional,4,JNPR;MTH;PNRA;VMW,4,decoded_date_file_filtered_to_required_symbols,point_in_time_primary_listing_exchange,1
nyse_daily_taq,equity_trade,2013-07-10,required_core,4,JNPR;MTH;PNRA;VMW,4,date_file_or_symbol_filtered_export,,1
nyse_daily_taq,equity_quote,2013-07-10,required_core,4,JNPR;MTH;PNRA;VMW,4,date_file_or_symbol_filtered_export,,1
cboe_option_trades,option_trade,2013-07-10,required_full_replication,4,JNPR;MTH;PNRA;VMW,4,date_file_or_underlying_filtered_export,,1
cboe_option_quotes,option_quote,2013-07-10,required_full_replication,4,JNPR;MTH;PNRA;VMW,4,date_file_or_underlying_filtered_export,,1
nasdaq_itch_5_0_decoded,itch_decoded,2013-07-10,conditional,4,JNPR;MTH;PNRA;VMW,4,decoded_date_file_filtered_to_required_symbols,point_in_time_primary_listing_exchange,1
nyse_daily_taq,equity_trade,2013-07-11,required_core,4,JNPR;MTH;PNRA;VMW,4,date_file_or_symbol_filtered_export,,1
nyse_daily_taq,equity_quote,2013-07-11,required_core,4,JNPR;MTH;PNRA;VMW,4,date_file_or_symbol_filtered_export,,1
cboe_option_trades,option_trade,2013-07-11,required_full_replication,4,JNPR;MTH;PNRA;VMW,4,date_file_or_underlying_filtered_export,,1
cboe_option_quotes,option_quote,2013-07-11,required_full_replication,4,JNPR;MTH;PNRA;VMW,4,date_file_or_underlying_filtered_export,,1
nasdaq_itch_5_0_decoded,itch_decoded,2013-07-11,conditional,4,JNPR;MTH;PNRA;VMW,4,decoded_date_file_filtered_to_required_symbols,point_in_time_primary_listing_exchange,1
nyse_daily_taq,equity_trade,2013-07-12,required_core,4,JNPR;MTH;PNRA;VMW,4,date_file_or_symbol_filtered_export,,1
nyse_daily_taq,equity_quote,2013-07-12,required_core,4,JNPR;MTH;PNRA;VMW,4,date_file_or_symbol_filtered_export,,1
cboe_option_trades,option_trade,2013-07-12,required_full_replication,4,JNPR;MTH;PNRA;VMW,4,date_file_or_underlying_filtered_export,,1
cboe_option_quotes,option_quote,2013-07-12,required_full_replication,4,JNPR;MTH;PNRA;VMW,4,date_file_or_underlying_filtered_export,,1
nasdaq_itch_5_0_decoded,itch_decoded,2013-07-12,conditional,4,JNPR;MTH;PNRA;VMW,4,decoded_date_file_filtered_to_required_symbols,point_in_time_primary_listing_exchange,1
nyse_daily_taq,equity_trade,2013-07-15,required_core,4,JNPR;MTH;PNRA;VMW,4,date_file_or_symbol_filtered_export,,1
nyse_daily_taq,equity_quote,2013-07-15,required_core,4,JNPR;MTH;PNRA;VMW,4,date_file_or_symbol_filtered_export,,1
cboe_option_trades,option_trade,2013-07-15,required_full_replication,4,JNPR;MTH;PNRA;VMW,4,date_file_or_underlying_filtered_export,,1
cboe_option_quotes,option_quote,2013-07-15,required_full_replication,4,JNPR;MTH;PNRA;VMW,4,date_file_or_underlying_filtered_export,,1
nasdaq_itch_5_0_decoded,itch_decoded,2013-07-15,conditional,4,JNPR;MTH;PNRA;VMW,4,decoded_date_file_filtered_to_required_symbols,point_in_time_primary_listing_exchange,1
nyse_daily_taq,equity_trade,2013-07-16,required_core,4,JNPR;MTH;PNRA;VMW,4,date_file_or_symbol_filtered_export,,1
nyse_daily_taq,equity_quote,2013-07-16,required_core,4,JNPR;MTH;PNRA;VMW,4,date_file_or_symbol_filtered_export,,1
cboe_option_trades,option_trade,2013-07-16,required_full_replication,4,JNPR;MTH;PNRA;VMW,4,date_file_or_underlying_filtered_export,,1
cboe_option_quotes,option_quote,2013-07-16,required_full_replication,4,JNPR;MTH;PNRA;VMW,4,date_file_or_underlying_filtered_export,,1
nasdaq_itch_5_0_decoded,itch_decoded,2013-07-16,conditional,4,JNPR;MTH;PNRA;VMW,4,decoded_date_file_filtered_to_required_symbols,point_in_time_primary_listing_exchange,1
nyse_daily_taq,equity_trade,2013-07-17,required_core,4,JNPR;MTH;PNRA;VMW,4,date_file_or_symbol_filtered_export,,1
nyse_daily_taq,equity_quote,2013-07-17,required_core,4,JNPR;MTH;PNRA;VMW,4,date_file_or_symbol_filtered_export,,1
cboe_option_trades,option_trade,2013-07-17,required_full_replication,4,JNPR;MTH;PNRA;VMW,4,date_file_or_underlying_filtered_export,,1
cboe_option_quotes,option_quote,2013-07-17,required_full_replication,4,JNPR;MTH;PNRA;VMW,4,date_file_or_underlying_filtered_export,,1
nasdaq_itch_5_0_decoded,itch_decoded,2013-07-17,conditional,4,JNPR;MTH;PNRA;VMW,4,decoded_date_file_filtered_to_required_symbols,point_in_time_primary_listing_exchange,1
nyse_daily_taq,equity_trade,2013-07-18,required_core,4,JNPR;MTH;PNRA;VMW,4,date_file_or_symbol_filtered_export,,1
nyse_daily_taq,equity_quote,2013-07-18,required_core,4,JNPR;MTH;PNRA;VMW,4,date_file_or_symbol_filtered_export,,1
cboe_option_trades,option_trade,2013-07-18,required_full_replication,4,JNPR;MTH;PNRA;VMW,4,date_file_or_underlying_filtered_export,,1
cboe_option_quotes,option_quote,2013-07-18,required_full_replication,4,JNPR;MTH;PNRA;VMW,4,date_file_or_underlying_filtered_export,,1
nasdaq_itch_5_0_decoded,itch_decoded,2013-07-18,conditional,4,JNPR;MTH;PNRA;VMW,4,decoded_date_file_filtered_to_required_symbols,point_in_time_primary_listing_exchange,1
nyse_daily_taq,equity_trade,2013-07-19,required_core,4,JNPR;MTH;PNRA;VMW,4,date_file_or_symbol_filtered_export,,1
nyse_daily_taq,equity_quote,2013-07-19,required_core,4,JNPR;MTH;PNRA;VMW,4,date_file_or_symbol_filtered_export,,1
cboe_option_trades,option_trade,2013-07-19,required_full_replication,4,JNPR;MTH;PNRA;VMW,4,date_file_or_underlying_filtered_export,,1
cboe_option_quotes,option_quote,2013-07-19,required_full_replication,4,JNPR;MTH;PNRA;VMW,4,date_file_or_underlying_filtered_export,,1
nasdaq_itch_5_0_decoded,itch_decoded,2013-07-19,conditional,4,JNPR;MTH;PNRA;VMW,4,decoded_date_file_filtered_to_required_symbols,point_in_time_primary_listing_exchange,1
nyse_daily_taq,equity_trade,2013-07-22,required_core,4,JNPR;MTH;PNRA;VMW,4,date_file_or_symbol_filtered_export,,1
nyse_daily_taq,equity_quote,2013-07-22,required_core,4,JNPR;MTH;PNRA;VMW,4,date_file_or_symbol_filtered_export,,1
cboe_option_trades,option_trade,2013-07-22,required_full_replication,4,JNPR;MTH;PNRA;VMW,4,date_file_or_underlying_filtered_export,,1
cboe_option_quotes,option_quote,2013-07-22,required_full_replication,4,JNPR;MTH;PNRA;VMW,4,date_file_or_underlying_filtered_export,,1
nasdaq_itch_5_0_decoded,itch_decoded,2013-07-22,conditional,4,JNPR;MTH;PNRA;VMW,4,decoded_date_file_filtered_to_required_symbols,point_in_time_primary_listing_exchange,1
nyse_daily_taq,equity_trade,2013-07-23,required_core,4,JNPR;MTH;PNRA;VMW,4,date_file_or_symbol_filtered_export,,1
nyse_daily_taq,equity_quote,2013-07-23,required_core,4,JNPR;MTH;PNRA;VMW,4,date_file_or_symbol_filtered_export,,1
cboe_option_trades,option_trade,2013-07-23,required_full_replication,4,JNPR;MTH;PNRA;VMW,4,date_file_or_underlying_filtered_export,,1
cboe_option_quotes,option_quote,2013-07-23,required_full_replication,4,JNPR;MTH;PNRA;VMW,4,date_file_or_underlying_filtered_export,,1
nasdaq_itch_5_0_decoded,itch_decoded,2013-07-23,conditional,4,JNPR;MTH;PNRA;VMW,4,decoded_date_file_filtered_to_required_symbols,point_in_time_primary_listing_exchange,1
nyse_daily_taq,equity_trade,2013-08-20,required_core,1,TIBX,1,date_file_or_symbol_filtered_export,,1
nyse_daily_taq,equity_quote,2013-08-20,required_core,1,TIBX,1,date_file_or_symbol_filtered_export,,1
cboe_option_trades,option_trade,2013-08-20,required_full_replication,1,TIBX,1,date_file_or_underlying_filtered_export,,1
cboe_option_quotes,option_quote,2013-08-20,required_full_replication,1,TIBX,1,date_file_or_underlying_filtered_export,,1
nasdaq_itch_5_0_decoded,itch_decoded,2013-08-20,conditional,1,TIBX,1,decoded_date_file_filtered_to_required_symbols,point_in_time_primary_listing_exchange,1
nyse_daily_taq,equity_trade,2013-08-21,required_core,1,TIBX,1,date_file_or_symbol_filtered_export,,1
nyse_daily_taq,equity_quote,2013-08-21,required_core,1,TIBX,1,date_file_or_symbol_filtered_export,,1
cboe_option_trades,option_trade,2013-08-21,required_full_replication,1,TIBX,1,date_file_or_underlying_filtered_export,,1
cboe_option_quotes,option_quote,2013-08-21,required_full_replication,1,TIBX,1,date_file_or_underlying_filtered_export,,1
nasdaq_itch_5_0_decoded,itch_decoded,2013-08-21,conditional,1,TIBX,1,decoded_date_file_filtered_to_required_symbols,point_in_time_primary_listing_exchange,1
nyse_daily_taq,equity_trade,2013-08-22,required_core,1,TIBX,1,date_file_or_symbol_filtered_export,,1
nyse_daily_taq,equity_quote,2013-08-22,required_core,1,TIBX,1,date_file_or_symbol_filtered_export,,1
cboe_option_trades,option_trade,2013-08-22,required_full_replication,1,TIBX,1,date_file_or_underlying_filtered_export,,1
cboe_option_quotes,option_quote,2013-08-22,required_full_replication,1,TIBX,1,date_file_or_underlying_filtered_export,,1
nasdaq_itch_5_0_decoded,itch_decoded,2013-08-22,conditional,1,TIBX,1,decoded_date_file_filtered_to_required_symbols,point_in_time_primary_listing_exchange,1
nyse_daily_taq,equity_trade,2013-08-23,required_core,1,TIBX,1,date_file_or_symbol_filtered_export,,1
nyse_daily_taq,equity_quote,2013-08-23,required_core,1,TIBX,1,date_file_or_symbol_filtered_export,,1
cboe_option_trades,option_trade,2013-08-23,required_full_replication,1,TIBX,1,date_file_or_underlying_filtered_export,,1
cboe_option_quotes,option_quote,2013-08-23,required_full_replication,1,TIBX,1,date_file_or_underlying_filtered_export,,1
nasdaq_itch_5_0_decoded,itch_decoded,2013-08-23,conditional,1,TIBX,1,decoded_date_file_filtered_to_required_symbols,point_in_time_primary_listing_exchange,1
nyse_daily_taq,equity_trade,2013-08-26,required_core,1,TIBX,1,date_file_or_symbol_filtered_export,,1
nyse_daily_taq,equity_quote,2013-08-26,required_core,1,TIBX,1,date_file_or_symbol_filtered_export,,1
cboe_option_trades,option_trade,2013-08-26,required_full_replication,1,TIBX,1,date_file_or_underlying_filtered_export,,1
cboe_option_quotes,option_quote,2013-08-26,required_full_replication,1,TIBX,1,date_file_or_underlying_filtered_export,,1
nasdaq_itch_5_0_decoded,itch_decoded,2013-08-26,conditional,1,TIBX,1,decoded_date_file_filtered_to_required_symbols,point_in_time_primary_listing_exchange,1
nyse_daily_taq,equity_trade,2013-08-27,required_core,1,TIBX,1,date_file_or_symbol_filtered_export,,1
nyse_daily_taq,equity_quote,2013-08-27,required_core,1,TIBX,1,date_file_or_symbol_filtered_export,,1
cboe_option_trades,option_trade,2013-08-27,required_full_replication,1,TIBX,1,date_file_or_underlying_filtered_export,,1
cboe_option_quotes,option_quote,2013-08-27,required_full_replication,1,TIBX,1,date_file_or_underlying_filtered_export,,1
nasdaq_itch_5_0_decoded,itch_decoded,2013-08-27,conditional,1,TIBX,1,decoded_date_file_filtered_to_required_symbols,point_in_time_primary_listing_exchange,1
nyse_daily_taq,equity_trade,2013-08-28,required_core,1,TIBX,1,date_file_or_symbol_filtered_export,,1
nyse_daily_taq,equity_quote,2013-08-28,required_core,1,TIBX,1,date_file_or_symbol_filtered_export,,1
cboe_option_trades,option_trade,2013-08-28,required_full_replication,1,TIBX,1,date_file_or_underlying_filtered_export,,1
cboe_option_quotes,option_quote,2013-08-28,required_full_replication,1,TIBX,1,date_file_or_underlying_filtered_export,,1
nasdaq_itch_5_0_decoded,itch_decoded,2013-08-28,conditional,1,TIBX,1,decoded_date_file_filtered_to_required_symbols,point_in_time_primary_listing_exchange,1
nyse_daily_taq,equity_trade,2013-08-29,required_core,1,TIBX,1,date_file_or_symbol_filtered_export,,1
nyse_daily_taq,equity_quote,2013-08-29,required_core,1,TIBX,1,date_file_or_symbol_filtered_export,,1
cboe_option_trades,option_trade,2013-08-29,required_full_replication,1,TIBX,1,date_file_or_underlying_filtered_export,,1
cboe_option_quotes,option_quote,2013-08-29,required_full_replication,1,TIBX,1,date_file_or_underlying_filtered_export,,1
nasdaq_itch_5_0_decoded,itch_decoded,2013-08-29,conditional,1,TIBX,1,decoded_date_file_filtered_to_required_symbols,point_in_time_primary_listing_exchange,1
nyse_daily_taq,equity_trade,2013-08-30,required_core,1,TIBX,1,date_file_or_symbol_filtered_export,,1
nyse_daily_taq,equity_quote,2013-08-30,required_core,1,TIBX,1,date_file_or_symbol_filtered_export,,1
cboe_option_trades,option_trade,2013-08-30,required_full_replication,1,TIBX,1,date_file_or_underlying_filtered_export,,1
cboe_option_quotes,option_quote,2013-08-30,required_full_replication,1,TIBX,1,date_file_or_underlying_filtered_export,,1
nasdaq_itch_5_0_decoded,itch_decoded,2013-08-30,conditional,1,TIBX,1,decoded_date_file_filtered_to_required_symbols,point_in_time_primary_listing_exchange,1
nyse_daily_taq,equity_trade,2013-09-03,required_core,1,TIBX,1,date_file_or_symbol_filtered_export,,1
nyse_daily_taq,equity_quote,2013-09-03,required_core,1,TIBX,1,date_file_or_symbol_filtered_export,,1
cboe_option_trades,option_trade,2013-09-03,required_full_replication,1,TIBX,1,date_file_or_underlying_filtered_export,,1
cboe_option_quotes,option_quote,2013-09-03,required_full_replication,1,TIBX,1,date_file_or_underlying_filtered_export,,1
nasdaq_itch_5_0_decoded,itch_decoded,2013-09-03,conditional,1,TIBX,1,decoded_date_file_filtered_to_required_symbols,point_in_time_primary_listing_exchange,1
nyse_daily_taq,equity_trade,2013-09-04,required_core,1,TIBX,1,date_file_or_symbol_filtered_export,,1
nyse_daily_taq,equity_quote,2013-09-04,required_core,1,TIBX,1,date_file_or_symbol_filtered_export,,1
cboe_option_trades,option_trade,2013-09-04,required_full_replication,1,TIBX,1,date_file_or_underlying_filtered_export,,1
cboe_option_quotes,option_quote,2013-09-04,required_full_replication,1,TIBX,1,date_file_or_underlying_filtered_export,,1
nasdaq_itch_5_0_decoded,itch_decoded,2013-09-04,conditional,1,TIBX,1,decoded_date_file_filtered_to_required_symbols,point_in_time_primary_listing_exchange,1
nyse_daily_taq,equity_trade,2013-09-05,required_core,1,TIBX,1,date_file_or_symbol_filtered_export,,1
nyse_daily_taq,equity_quote,2013-09-05,required_core,1,TIBX,1,date_file_or_symbol_filtered_export,,1
cboe_option_trades,option_trade,2013-09-05,required_full_replication,1,TIBX,1,date_file_or_underlying_filtered_export,,1
cboe_option_quotes,option_quote,2013-09-05,required_full_replication,1,TIBX,1,date_file_or_underlying_filtered_export,,1
nasdaq_itch_5_0_decoded,itch_decoded,2013-09-05,conditional,1,TIBX,1,decoded_date_file_filtered_to_required_symbols,point_in_time_primary_listing_exchange,1
nyse_daily_taq,equity_trade,2013-09-06,required_core,1,TIBX,1,date_file_or_symbol_filtered_export,,1
nyse_daily_taq,equity_quote,2013-09-06,required_core,1,TIBX,1,date_file_or_symbol_filtered_export,,1
cboe_option_trades,option_trade,2013-09-06,required_full_replication,1,TIBX,1,date_file_or_underlying_filtered_export,,1
cboe_option_quotes,option_quote,2013-09-06,required_full_replication,1,TIBX,1,date_file_or_underlying_filtered_export,,1
nasdaq_itch_5_0_decoded,itch_decoded,2013-09-06,conditional,1,TIBX,1,decoded_date_file_filtered_to_required_symbols,point_in_time_primary_listing_exchange,1
nyse_daily_taq,equity_trade,2013-09-09,required_core,1,TIBX,1,date_file_or_symbol_filtered_export,,1
nyse_daily_taq,equity_quote,2013-09-09,required_core,1,TIBX,1,date_file_or_symbol_filtered_export,,1
cboe_option_trades,option_trade,2013-09-09,required_full_replication,1,TIBX,1,date_file_or_underlying_filtered_export,,1
cboe_option_quotes,option_quote,2013-09-09,required_full_replication,1,TIBX,1,date_file_or_underlying_filtered_export,,1
nasdaq_itch_5_0_decoded,itch_decoded,2013-09-09,conditional,1,TIBX,1,decoded_date_file_filtered_to_required_symbols,point_in_time_primary_listing_exchange,1
nyse_daily_taq,equity_trade,2013-09-10,required_core,1,TIBX,1,date_file_or_symbol_filtered_export,,1
nyse_daily_taq,equity_quote,2013-09-10,required_core,1,TIBX,1,date_file_or_symbol_filtered_export,,1
cboe_option_trades,option_trade,2013-09-10,required_full_replication,1,TIBX,1,date_file_or_underlying_filtered_export,,1
cboe_option_quotes,option_quote,2013-09-10,required_full_replication,1,TIBX,1,date_file_or_underlying_filtered_export,,1
nasdaq_itch_5_0_decoded,itch_decoded,2013-09-10,conditional,1,TIBX,1,decoded_date_file_filtered_to_required_symbols,point_in_time_primary_listing_exchange,1
nyse_daily_taq,equity_trade,2013-09-11,required_core,1,TIBX,1,date_file_or_symbol_filtered_export,,1
nyse_daily_taq,equity_quote,2013-09-11,required_core,1,TIBX,1,date_file_or_symbol_filtered_export,,1
cboe_option_trades,option_trade,2013-09-11,required_full_replication,1,TIBX,1,date_file_or_underlying_filtered_export,,1
cboe_option_quotes,option_quote,2013-09-11,required_full_replication,1,TIBX,1,date_file_or_underlying_filtered_export,,1
nasdaq_itch_5_0_decoded,itch_decoded,2013-09-11,conditional,1,TIBX,1,decoded_date_file_filtered_to_required_symbols,point_in_time_primary_listing_exchange,1
nyse_daily_taq,equity_trade,2013-09-12,required_core,1,TIBX,1,date_file_or_symbol_filtered_export,,1
nyse_daily_taq,equity_quote,2013-09-12,required_core,1,TIBX,1,date_file_or_symbol_filtered_export,,1
cboe_option_trades,option_trade,2013-09-12,required_full_replication,1,TIBX,1,date_file_or_underlying_filtered_export,,1
cboe_option_quotes,option_quote,2013-09-12,required_full_replication,1,TIBX,1,date_file_or_underlying_filtered_export,,1
nasdaq_itch_5_0_decoded,itch_decoded,2013-09-12,conditional,1,TIBX,1,decoded_date_file_filtered_to_required_symbols,point_in_time_primary_listing_exchange,1
nyse_daily_taq,equity_trade,2013-09-13,required_core,1,TIBX,1,date_file_or_symbol_filtered_export,,1
nyse_daily_taq,equity_quote,2013-09-13,required_core,1,TIBX,1,date_file_or_symbol_filtered_export,,1
cboe_option_trades,option_trade,2013-09-13,required_full_replication,1,TIBX,1,date_file_or_underlying_filtered_export,,1
cboe_option_quotes,option_quote,2013-09-13,required_full_replication,1,TIBX,1,date_file_or_underlying_filtered_export,,1
nasdaq_itch_5_0_decoded,itch_decoded,2013-09-13,conditional,1,TIBX,1,decoded_date_file_filtered_to_required_symbols,point_in_time_primary_listing_exchange,1
nyse_daily_taq,equity_trade,2013-09-16,required_core,1,TIBX,1,date_file_or_symbol_filtered_export,,1
nyse_daily_taq,equity_quote,2013-09-16,required_core,1,TIBX,1,date_file_or_symbol_filtered_export,,1
cboe_option_trades,option_trade,2013-09-16,required_full_replication,1,TIBX,1,date_file_or_underlying_filtered_export,,1
cboe_option_quotes,option_quote,2013-09-16,required_full_replication,1,TIBX,1,date_file_or_underlying_filtered_export,,1
nasdaq_itch_5_0_decoded,itch_decoded,2013-09-16,conditional,1,TIBX,1,decoded_date_file_filtered_to_required_symbols,point_in_time_primary_listing_exchange,1
nyse_daily_taq,equity_trade,2013-09-17,required_core,1,TIBX,1,date_file_or_symbol_filtered_export,,1
nyse_daily_taq,equity_quote,2013-09-17,required_core,1,TIBX,1,date_file_or_symbol_filtered_export,,1
cboe_option_trades,option_trade,2013-09-17,required_full_replication,1,TIBX,1,date_file_or_underlying_filtered_export,,1
cboe_option_quotes,option_quote,2013-09-17,required_full_replication,1,TIBX,1,date_file_or_underlying_filtered_export,,1
nasdaq_itch_5_0_decoded,itch_decoded,2013-09-17,conditional,1,TIBX,1,decoded_date_file_filtered_to_required_symbols,point_in_time_primary_listing_exchange,1
nyse_daily_taq,equity_trade,2013-09-18,required_core,3,ALGN;AMD;TIBX,3,date_file_or_symbol_filtered_export,,1
nyse_daily_taq,equity_quote,2013-09-18,required_core,3,ALGN;AMD;TIBX,3,date_file_or_symbol_filtered_export,,1
cboe_option_trades,option_trade,2013-09-18,required_full_replication,3,ALGN;AMD;TIBX,3,date_file_or_underlying_filtered_export,,1
cboe_option_quotes,option_quote,2013-09-18,required_full_replication,3,ALGN;AMD;TIBX,3,date_file_or_underlying_filtered_export,,1
nasdaq_itch_5_0_decoded,itch_decoded,2013-09-18,conditional,3,ALGN;AMD;TIBX,3,decoded_date_file_filtered_to_required_symbols,point_in_time_primary_listing_exchange,1
nyse_daily_taq,equity_trade,2013-09-19,required_core,3,ALGN;AMD;TIBX,3,date_file_or_symbol_filtered_export,,1
nyse_daily_taq,equity_quote,2013-09-19,required_core,3,ALGN;AMD;TIBX,3,date_file_or_symbol_filtered_export,,1
cboe_option_trades,option_trade,2013-09-19,required_full_replication,3,ALGN;AMD;TIBX,3,date_file_or_underlying_filtered_export,,1
cboe_option_quotes,option_quote,2013-09-19,required_full_replication,3,ALGN;AMD;TIBX,3,date_file_or_underlying_filtered_export,,1
nasdaq_itch_5_0_decoded,itch_decoded,2013-09-19,conditional,3,ALGN;AMD;TIBX,3,decoded_date_file_filtered_to_required_symbols,point_in_time_primary_listing_exchange,1
nyse_daily_taq,equity_trade,2013-09-20,required_core,4,ALGN;AMD;GNTX;VMW,4,date_file_or_symbol_filtered_export,,1
nyse_daily_taq,equity_quote,2013-09-20,required_core,4,ALGN;AMD;GNTX;VMW,4,date_file_or_symbol_filtered_export,,1
cboe_option_trades,option_trade,2013-09-20,required_full_replication,4,ALGN;AMD;GNTX;VMW,4,date_file_or_underlying_filtered_export,,1
cboe_option_quotes,option_quote,2013-09-20,required_full_replication,4,ALGN;AMD;GNTX;VMW,4,date_file_or_underlying_filtered_export,,1
nasdaq_itch_5_0_decoded,itch_decoded,2013-09-20,conditional,4,ALGN;AMD;GNTX;VMW,4,decoded_date_file_filtered_to_required_symbols,point_in_time_primary_listing_exchange,1
nyse_daily_taq,equity_trade,2013-09-23,required_core,6,ALGN;AMD;GNTX;JNPR;PNRA;VMW,6,date_file_or_symbol_filtered_export,,1
nyse_daily_taq,equity_quote,2013-09-23,required_core,6,ALGN;AMD;GNTX;JNPR;PNRA;VMW,6,date_file_or_symbol_filtered_export,,1
cboe_option_trades,option_trade,2013-09-23,required_full_replication,6,ALGN;AMD;GNTX;JNPR;PNRA;VMW,6,date_file_or_underlying_filtered_export,,1
cboe_option_quotes,option_quote,2013-09-23,required_full_replication,6,ALGN;AMD;GNTX;JNPR;PNRA;VMW,6,date_file_or_underlying_filtered_export,,1
nasdaq_itch_5_0_decoded,itch_decoded,2013-09-23,conditional,6,ALGN;AMD;GNTX;JNPR;PNRA;VMW,6,decoded_date_file_filtered_to_required_symbols,point_in_time_primary_listing_exchange,1
nyse_daily_taq,equity_trade,2013-09-24,required_core,6,ALGN;AMD;GNTX;JNPR;PNRA;VMW,6,date_file_or_symbol_filtered_export,,1
nyse_daily_taq,equity_quote,2013-09-24,required_core,6,ALGN;AMD;GNTX;JNPR;PNRA;VMW,6,date_file_or_symbol_filtered_export,,1
cboe_option_trades,option_trade,2013-09-24,required_full_replication,6,ALGN;AMD;GNTX;JNPR;PNRA;VMW,6,date_file_or_underlying_filtered_export,,1
cboe_option_quotes,option_quote,2013-09-24,required_full_replication,6,ALGN;AMD;GNTX;JNPR;PNRA;VMW,6,date_file_or_underlying_filtered_export,,1
nasdaq_itch_5_0_decoded,itch_decoded,2013-09-24,conditional,6,ALGN;AMD;GNTX;JNPR;PNRA;VMW,6,decoded_date_file_filtered_to_required_symbols,point_in_time_primary_listing_exchange,1
nyse_daily_taq,equity_trade,2013-09-25,required_core,6,ALGN;AMD;GNTX;JNPR;PNRA;VMW,6,date_file_or_symbol_filtered_export,,1
nyse_daily_taq,equity_quote,2013-09-25,required_core,6,ALGN;AMD;GNTX;JNPR;PNRA;VMW,6,date_file_or_symbol_filtered_export,,1
cboe_option_trades,option_trade,2013-09-25,required_full_replication,6,ALGN;AMD;GNTX;JNPR;PNRA;VMW,6,date_file_or_underlying_filtered_export,,1
cboe_option_quotes,option_quote,2013-09-25,required_full_replication,6,ALGN;AMD;GNTX;JNPR;PNRA;VMW,6,date_file_or_underlying_filtered_export,,1
nasdaq_itch_5_0_decoded,itch_decoded,2013-09-25,conditional,6,ALGN;AMD;GNTX;JNPR;PNRA;VMW,6,decoded_date_file_filtered_to_required_symbols,point_in_time_primary_listing_exchange,1
nyse_daily_taq,equity_trade,2013-09-26,required_core,6,ALGN;AMD;GNTX;JNPR;PNRA;VMW,6,date_file_or_symbol_filtered_export,,1
nyse_daily_taq,equity_quote,2013-09-26,required_core,6,ALGN;AMD;GNTX;JNPR;PNRA;VMW,6,date_file_or_symbol_filtered_export,,1
cboe_option_trades,option_trade,2013-09-26,required_full_replication,6,ALGN;AMD;GNTX;JNPR;PNRA;VMW,6,date_file_or_underlying_filtered_export,,1
cboe_option_quotes,option_quote,2013-09-26,required_full_replication,6,ALGN;AMD;GNTX;JNPR;PNRA;VMW,6,date_file_or_underlying_filtered_export,,1
nasdaq_itch_5_0_decoded,itch_decoded,2013-09-26,conditional,6,ALGN;AMD;GNTX;JNPR;PNRA;VMW,6,decoded_date_file_filtered_to_required_symbols,point_in_time_primary_listing_exchange,1
nyse_daily_taq,equity_trade,2013-09-27,required_core,6,ALGN;AMD;GNTX;JNPR;PNRA;VMW,6,date_file_or_symbol_filtered_export,,1
nyse_daily_taq,equity_quote,2013-09-27,required_core,6,ALGN;AMD;GNTX;JNPR;PNRA;VMW,6,date_file_or_symbol_filtered_export,,1
cboe_option_trades,option_trade,2013-09-27,required_full_replication,6,ALGN;AMD;GNTX;JNPR;PNRA;VMW,6,date_file_or_underlying_filtered_export,,1
cboe_option_quotes,option_quote,2013-09-27,required_full_replication,6,ALGN;AMD;GNTX;JNPR;PNRA;VMW,6,date_file_or_underlying_filtered_export,,1
nasdaq_itch_5_0_decoded,itch_decoded,2013-09-27,conditional,6,ALGN;AMD;GNTX;JNPR;PNRA;VMW,6,decoded_date_file_filtered_to_required_symbols,point_in_time_primary_listing_exchange,1
nyse_daily_taq,equity_trade,2013-09-30,required_core,6,ALGN;AMD;GNTX;JNPR;PNRA;VMW,6,date_file_or_symbol_filtered_export,,1
nyse_daily_taq,equity_quote,2013-09-30,required_core,6,ALGN;AMD;GNTX;JNPR;PNRA;VMW,6,date_file_or_symbol_filtered_export,,1
cboe_option_trades,option_trade,2013-09-30,required_full_replication,6,ALGN;AMD;GNTX;JNPR;PNRA;VMW,6,date_file_or_underlying_filtered_export,,1
cboe_option_quotes,option_quote,2013-09-30,required_full_replication,6,ALGN;AMD;GNTX;JNPR;PNRA;VMW,6,date_file_or_underlying_filtered_export,,1
nasdaq_itch_5_0_decoded,itch_decoded,2013-09-30,conditional,6,ALGN;AMD;GNTX;JNPR;PNRA;VMW,6,decoded_date_file_filtered_to_required_symbols,point_in_time_primary_listing_exchange,1
nyse_daily_taq,equity_trade,2013-10-01,required_core,6,ALGN;AMD;GNTX;JNPR;PNRA;VMW,6,date_file_or_symbol_filtered_export,,1
nyse_daily_taq,equity_quote,2013-10-01,required_core,6,ALGN;AMD;GNTX;JNPR;PNRA;VMW,6,date_file_or_symbol_filtered_export,,1
cboe_option_trades,option_trade,2013-10-01,required_full_replication,6,ALGN;AMD;GNTX;JNPR;PNRA;VMW,6,date_file_or_underlying_filtered_export,,1
cboe_option_quotes,option_quote,2013-10-01,required_full_replication,6,ALGN;AMD;GNTX;JNPR;PNRA;VMW,6,date_file_or_underlying_filtered_export,,1
nasdaq_itch_5_0_decoded,itch_decoded,2013-10-01,conditional,6,ALGN;AMD;GNTX;JNPR;PNRA;VMW,6,decoded_date_file_filtered_to_required_symbols,point_in_time_primary_listing_exchange,1
nyse_daily_taq,equity_trade,2013-10-02,required_core,6,ALGN;AMD;GNTX;JNPR;PNRA;VMW,6,date_file_or_symbol_filtered_export,,1
nyse_daily_taq,equity_quote,2013-10-02,required_core,6,ALGN;AMD;GNTX;JNPR;PNRA;VMW,6,date_file_or_symbol_filtered_export,,1
cboe_option_trades,option_trade,2013-10-02,required_full_replication,6,ALGN;AMD;GNTX;JNPR;PNRA;VMW,6,date_file_or_underlying_filtered_export,,1
cboe_option_quotes,option_quote,2013-10-02,required_full_replication,6,ALGN;AMD;GNTX;JNPR;PNRA;VMW,6,date_file_or_underlying_filtered_export,,1
nasdaq_itch_5_0_decoded,itch_decoded,2013-10-02,conditional,6,ALGN;AMD;GNTX;JNPR;PNRA;VMW,6,decoded_date_file_filtered_to_required_symbols,point_in_time_primary_listing_exchange,1
nyse_daily_taq,equity_trade,2013-10-03,required_core,6,ALGN;AMD;GNTX;JNPR;PNRA;VMW,6,date_file_or_symbol_filtered_export,,1
nyse_daily_taq,equity_quote,2013-10-03,required_core,6,ALGN;AMD;GNTX;JNPR;PNRA;VMW,6,date_file_or_symbol_filtered_export,,1
cboe_option_trades,option_trade,2013-10-03,required_full_replication,6,ALGN;AMD;GNTX;JNPR;PNRA;VMW,6,date_file_or_underlying_filtered_export,,1
cboe_option_quotes,option_quote,2013-10-03,required_full_replication,6,ALGN;AMD;GNTX;JNPR;PNRA;VMW,6,date_file_or_underlying_filtered_export,,1
nasdaq_itch_5_0_decoded,itch_decoded,2013-10-03,conditional,6,ALGN;AMD;GNTX;JNPR;PNRA;VMW,6,decoded_date_file_filtered_to_required_symbols,point_in_time_primary_listing_exchange,1
nyse_daily_taq,equity_trade,2013-10-04,required_core,6,ALGN;AMD;GNTX;JNPR;PNRA;VMW,6,date_file_or_symbol_filtered_export,,1
nyse_daily_taq,equity_quote,2013-10-04,required_core,6,ALGN;AMD;GNTX;JNPR;PNRA;VMW,6,date_file_or_symbol_filtered_export,,1
cboe_option_trades,option_trade,2013-10-04,required_full_replication,6,ALGN;AMD;GNTX;JNPR;PNRA;VMW,6,date_file_or_underlying_filtered_export,,1
cboe_option_quotes,option_quote,2013-10-04,required_full_replication,6,ALGN;AMD;GNTX;JNPR;PNRA;VMW,6,date_file_or_underlying_filtered_export,,1
nasdaq_itch_5_0_decoded,itch_decoded,2013-10-04,conditional,6,ALGN;AMD;GNTX;JNPR;PNRA;VMW,6,decoded_date_file_filtered_to_required_symbols,point_in_time_primary_listing_exchange,1
nyse_daily_taq,equity_trade,2013-10-07,required_core,6,ALGN;AMD;GNTX;JNPR;PNRA;VMW,6,date_file_or_symbol_filtered_export,,1
nyse_daily_taq,equity_quote,2013-10-07,required_core,6,ALGN;AMD;GNTX;JNPR;PNRA;VMW,6,date_file_or_symbol_filtered_export,,1
cboe_option_trades,option_trade,2013-10-07,required_full_replication,6,ALGN;AMD;GNTX;JNPR;PNRA;VMW,6,date_file_or_underlying_filtered_export,,1
cboe_option_quotes,option_quote,2013-10-07,required_full_replication,6,ALGN;AMD;GNTX;JNPR;PNRA;VMW,6,date_file_or_underlying_filtered_export,,1
nasdaq_itch_5_0_decoded,itch_decoded,2013-10-07,conditional,6,ALGN;AMD;GNTX;JNPR;PNRA;VMW,6,decoded_date_file_filtered_to_required_symbols,point_in_time_primary_listing_exchange,1
nyse_daily_taq,equity_trade,2013-10-08,required_core,6,ALGN;AMD;GNTX;JNPR;PNRA;VMW,6,date_file_or_symbol_filtered_export,,1
nyse_daily_taq,equity_quote,2013-10-08,required_core,6,ALGN;AMD;GNTX;JNPR;PNRA;VMW,6,date_file_or_symbol_filtered_export,,1
cboe_option_trades,option_trade,2013-10-08,required_full_replication,6,ALGN;AMD;GNTX;JNPR;PNRA;VMW,6,date_file_or_underlying_filtered_export,,1
cboe_option_quotes,option_quote,2013-10-08,required_full_replication,6,ALGN;AMD;GNTX;JNPR;PNRA;VMW,6,date_file_or_underlying_filtered_export,,1
nasdaq_itch_5_0_decoded,itch_decoded,2013-10-08,conditional,6,ALGN;AMD;GNTX;JNPR;PNRA;VMW,6,decoded_date_file_filtered_to_required_symbols,point_in_time_primary_listing_exchange,1
nyse_daily_taq,equity_trade,2013-10-09,required_core,6,ALGN;AMD;GNTX;JNPR;PNRA;VMW,6,date_file_or_symbol_filtered_export,,1
nyse_daily_taq,equity_quote,2013-10-09,required_core,6,ALGN;AMD;GNTX;JNPR;PNRA;VMW,6,date_file_or_symbol_filtered_export,,1
cboe_option_trades,option_trade,2013-10-09,required_full_replication,6,ALGN;AMD;GNTX;JNPR;PNRA;VMW,6,date_file_or_underlying_filtered_export,,1
cboe_option_quotes,option_quote,2013-10-09,required_full_replication,6,ALGN;AMD;GNTX;JNPR;PNRA;VMW,6,date_file_or_underlying_filtered_export,,1
nasdaq_itch_5_0_decoded,itch_decoded,2013-10-09,conditional,6,ALGN;AMD;GNTX;JNPR;PNRA;VMW,6,decoded_date_file_filtered_to_required_symbols,point_in_time_primary_listing_exchange,1
nyse_daily_taq,equity_trade,2013-10-10,required_core,6,ALGN;AMD;GNTX;JNPR;PNRA;VMW,6,date_file_or_symbol_filtered_export,,1
nyse_daily_taq,equity_quote,2013-10-10,required_core,6,ALGN;AMD;GNTX;JNPR;PNRA;VMW,6,date_file_or_symbol_filtered_export,,1
cboe_option_trades,option_trade,2013-10-10,required_full_replication,6,ALGN;AMD;GNTX;JNPR;PNRA;VMW,6,date_file_or_underlying_filtered_export,,1
cboe_option_quotes,option_quote,2013-10-10,required_full_replication,6,ALGN;AMD;GNTX;JNPR;PNRA;VMW,6,date_file_or_underlying_filtered_export,,1
nasdaq_itch_5_0_decoded,itch_decoded,2013-10-10,conditional,6,ALGN;AMD;GNTX;JNPR;PNRA;VMW,6,decoded_date_file_filtered_to_required_symbols,point_in_time_primary_listing_exchange,1
nyse_daily_taq,equity_trade,2013-10-11,required_core,6,ALGN;AMD;GNTX;JNPR;PNRA;VMW,6,date_file_or_symbol_filtered_export,,1
nyse_daily_taq,equity_quote,2013-10-11,required_core,6,ALGN;AMD;GNTX;JNPR;PNRA;VMW,6,date_file_or_symbol_filtered_export,,1
cboe_option_trades,option_trade,2013-10-11,required_full_replication,6,ALGN;AMD;GNTX;JNPR;PNRA;VMW,6,date_file_or_underlying_filtered_export,,1
cboe_option_quotes,option_quote,2013-10-11,required_full_replication,6,ALGN;AMD;GNTX;JNPR;PNRA;VMW,6,date_file_or_underlying_filtered_export,,1
nasdaq_itch_5_0_decoded,itch_decoded,2013-10-11,conditional,6,ALGN;AMD;GNTX;JNPR;PNRA;VMW,6,decoded_date_file_filtered_to_required_symbols,point_in_time_primary_listing_exchange,1
nyse_daily_taq,equity_trade,2013-10-14,required_core,6,ALGN;AMD;GNTX;JNPR;PNRA;VMW,6,date_file_or_symbol_filtered_export,,1
nyse_daily_taq,equity_quote,2013-10-14,required_core,6,ALGN;AMD;GNTX;JNPR;PNRA;VMW,6,date_file_or_symbol_filtered_export,,1
cboe_option_trades,option_trade,2013-10-14,required_full_replication,6,ALGN;AMD;GNTX;JNPR;PNRA;VMW,6,date_file_or_underlying_filtered_export,,1
cboe_option_quotes,option_quote,2013-10-14,required_full_replication,6,ALGN;AMD;GNTX;JNPR;PNRA;VMW,6,date_file_or_underlying_filtered_export,,1
nasdaq_itch_5_0_decoded,itch_decoded,2013-10-14,conditional,6,ALGN;AMD;GNTX;JNPR;PNRA;VMW,6,decoded_date_file_filtered_to_required_symbols,point_in_time_primary_listing_exchange,1
nyse_daily_taq,equity_trade,2013-10-15,required_core,6,ALGN;AMD;GNTX;JNPR;PNRA;VMW,6,date_file_or_symbol_filtered_export,,1
nyse_daily_taq,equity_quote,2013-10-15,required_core,6,ALGN;AMD;GNTX;JNPR;PNRA;VMW,6,date_file_or_symbol_filtered_export,,1
cboe_option_trades,option_trade,2013-10-15,required_full_replication,6,ALGN;AMD;GNTX;JNPR;PNRA;VMW,6,date_file_or_underlying_filtered_export,,1
cboe_option_quotes,option_quote,2013-10-15,required_full_replication,6,ALGN;AMD;GNTX;JNPR;PNRA;VMW,6,date_file_or_underlying_filtered_export,,1
nasdaq_itch_5_0_decoded,itch_decoded,2013-10-15,conditional,6,ALGN;AMD;GNTX;JNPR;PNRA;VMW,6,decoded_date_file_filtered_to_required_symbols,point_in_time_primary_listing_exchange,1
nyse_daily_taq,equity_trade,2013-10-16,required_core,6,ALGN;AMD;GNTX;JNPR;PNRA;VMW,6,date_file_or_symbol_filtered_export,,1
nyse_daily_taq,equity_quote,2013-10-16,required_core,6,ALGN;AMD;GNTX;JNPR;PNRA;VMW,6,date_file_or_symbol_filtered_export,,1
cboe_option_trades,option_trade,2013-10-16,required_full_replication,6,ALGN;AMD;GNTX;JNPR;PNRA;VMW,6,date_file_or_underlying_filtered_export,,1
cboe_option_quotes,option_quote,2013-10-16,required_full_replication,6,ALGN;AMD;GNTX;JNPR;PNRA;VMW,6,date_file_or_underlying_filtered_export,,1
nasdaq_itch_5_0_decoded,itch_decoded,2013-10-16,conditional,6,ALGN;AMD;GNTX;JNPR;PNRA;VMW,6,decoded_date_file_filtered_to_required_symbols,point_in_time_primary_listing_exchange,1
nyse_daily_taq,equity_trade,2013-10-17,required_core,6,ALGN;AMD;GNTX;JNPR;PNRA;VMW,6,date_file_or_symbol_filtered_export,,1
nyse_daily_taq,equity_quote,2013-10-17,required_core,6,ALGN;AMD;GNTX;JNPR;PNRA;VMW,6,date_file_or_symbol_filtered_export,,1
cboe_option_trades,option_trade,2013-10-17,required_full_replication,6,ALGN;AMD;GNTX;JNPR;PNRA;VMW,6,date_file_or_underlying_filtered_export,,1
cboe_option_quotes,option_quote,2013-10-17,required_full_replication,6,ALGN;AMD;GNTX;JNPR;PNRA;VMW,6,date_file_or_underlying_filtered_export,,1
nasdaq_itch_5_0_decoded,itch_decoded,2013-10-17,conditional,6,ALGN;AMD;GNTX;JNPR;PNRA;VMW,6,decoded_date_file_filtered_to_required_symbols,point_in_time_primary_listing_exchange,1
nyse_daily_taq,equity_trade,2013-10-18,required_core,4,GNTX;JNPR;PNRA;VMW,4,date_file_or_symbol_filtered_export,,1
nyse_daily_taq,equity_quote,2013-10-18,required_core,4,GNTX;JNPR;PNRA;VMW,4,date_file_or_symbol_filtered_export,,1
cboe_option_trades,option_trade,2013-10-18,required_full_replication,4,GNTX;JNPR;PNRA;VMW,4,date_file_or_underlying_filtered_export,,1
cboe_option_quotes,option_quote,2013-10-18,required_full_replication,4,GNTX;JNPR;PNRA;VMW,4,date_file_or_underlying_filtered_export,,1
nasdaq_itch_5_0_decoded,itch_decoded,2013-10-18,conditional,4,GNTX;JNPR;PNRA;VMW,4,decoded_date_file_filtered_to_required_symbols,point_in_time_primary_listing_exchange,1
nyse_daily_taq,equity_trade,2013-10-21,required_core,4,GNTX;JNPR;PNRA;VMW,4,date_file_or_symbol_filtered_export,,1
nyse_daily_taq,equity_quote,2013-10-21,required_core,4,GNTX;JNPR;PNRA;VMW,4,date_file_or_symbol_filtered_export,,1
cboe_option_trades,option_trade,2013-10-21,required_full_replication,4,GNTX;JNPR;PNRA;VMW,4,date_file_or_underlying_filtered_export,,1
cboe_option_quotes,option_quote,2013-10-21,required_full_replication,4,GNTX;JNPR;PNRA;VMW,4,date_file_or_underlying_filtered_export,,1
nasdaq_itch_5_0_decoded,itch_decoded,2013-10-21,conditional,4,GNTX;JNPR;PNRA;VMW,4,decoded_date_file_filtered_to_required_symbols,point_in_time_primary_listing_exchange,1
nyse_daily_taq,equity_trade,2013-10-22,required_core,2,JNPR;PNRA,2,date_file_or_symbol_filtered_export,,1
nyse_daily_taq,equity_quote,2013-10-22,required_core,2,JNPR;PNRA,2,date_file_or_symbol_filtered_export,,1
cboe_option_trades,option_trade,2013-10-22,required_full_replication,2,JNPR;PNRA,2,date_file_or_underlying_filtered_export,,1
cboe_option_quotes,option_quote,2013-10-22,required_full_replication,2,JNPR;PNRA,2,date_file_or_underlying_filtered_export,,1
nasdaq_itch_5_0_decoded,itch_decoded,2013-10-22,conditional,2,JNPR;PNRA,2,decoded_date_file_filtered_to_required_symbols,point_in_time_primary_listing_exchange,1
nyse_daily_taq,equity_trade,2014-11-07,required_core,1,CMTL,1,date_file_or_symbol_filtered_export,,1
nyse_daily_taq,equity_quote,2014-11-07,required_core,1,CMTL,1,date_file_or_symbol_filtered_export,,1
cboe_option_trades,option_trade,2014-11-07,required_full_replication,1,CMTL,1,date_file_or_underlying_filtered_export,,1
cboe_option_quotes,option_quote,2014-11-07,required_full_replication,1,CMTL,1,date_file_or_underlying_filtered_export,,1
nasdaq_itch_5_0_decoded,itch_decoded,2014-11-07,conditional,1,CMTL,1,decoded_date_file_filtered_to_required_symbols,point_in_time_primary_listing_exchange,1
nyse_daily_taq,equity_trade,2014-11-10,required_core,1,CMTL,1,date_file_or_symbol_filtered_export,,1
nyse_daily_taq,equity_quote,2014-11-10,required_core,1,CMTL,1,date_file_or_symbol_filtered_export,,1
cboe_option_trades,option_trade,2014-11-10,required_full_replication,1,CMTL,1,date_file_or_underlying_filtered_export,,1
cboe_option_quotes,option_quote,2014-11-10,required_full_replication,1,CMTL,1,date_file_or_underlying_filtered_export,,1
nasdaq_itch_5_0_decoded,itch_decoded,2014-11-10,conditional,1,CMTL,1,decoded_date_file_filtered_to_required_symbols,point_in_time_primary_listing_exchange,1
nyse_daily_taq,equity_trade,2014-11-11,required_core,1,CMTL,1,date_file_or_symbol_filtered_export,,1
nyse_daily_taq,equity_quote,2014-11-11,required_core,1,CMTL,1,date_file_or_symbol_filtered_export,,1
cboe_option_trades,option_trade,2014-11-11,required_full_replication,1,CMTL,1,date_file_or_underlying_filtered_export,,1
cboe_option_quotes,option_quote,2014-11-11,required_full_replication,1,CMTL,1,date_file_or_underlying_filtered_export,,1
nasdaq_itch_5_0_decoded,itch_decoded,2014-11-11,conditional,1,CMTL,1,decoded_date_file_filtered_to_required_symbols,point_in_time_primary_listing_exchange,1
nyse_daily_taq,equity_trade,2014-11-12,required_core,2,CMTL;PAY,2,date_file_or_symbol_filtered_export,,1
nyse_daily_taq,equity_quote,2014-11-12,required_core,2,CMTL;PAY,2,date_file_or_symbol_filtered_export,,1
cboe_option_trades,option_trade,2014-11-12,required_full_replication,2,CMTL;PAY,2,date_file_or_underlying_filtered_export,,1
cboe_option_quotes,option_quote,2014-11-12,required_full_replication,2,CMTL;PAY,2,date_file_or_underlying_filtered_export,,1
nasdaq_itch_5_0_decoded,itch_decoded,2014-11-12,conditional,2,CMTL;PAY,2,decoded_date_file_filtered_to_required_symbols,point_in_time_primary_listing_exchange,1
nyse_daily_taq,equity_trade,2014-11-13,required_core,2,CMTL;PAY,2,date_file_or_symbol_filtered_export,,1
nyse_daily_taq,equity_quote,2014-11-13,required_core,2,CMTL;PAY,2,date_file_or_symbol_filtered_export,,1
cboe_option_trades,option_trade,2014-11-13,required_full_replication,2,CMTL;PAY,2,date_file_or_underlying_filtered_export,,1
cboe_option_quotes,option_quote,2014-11-13,required_full_replication,2,CMTL;PAY,2,date_file_or_underlying_filtered_export,,1
nasdaq_itch_5_0_decoded,itch_decoded,2014-11-13,conditional,2,CMTL;PAY,2,decoded_date_file_filtered_to_required_symbols,point_in_time_primary_listing_exchange,1
nyse_daily_taq,equity_trade,2014-11-14,required_core,2,CMTL;PAY,2,date_file_or_symbol_filtered_export,,1
nyse_daily_taq,equity_quote,2014-11-14,required_core,2,CMTL;PAY,2,date_file_or_symbol_filtered_export,,1
cboe_option_trades,option_trade,2014-11-14,required_full_replication,2,CMTL;PAY,2,date_file_or_underlying_filtered_export,,1
cboe_option_quotes,option_quote,2014-11-14,required_full_replication,2,CMTL;PAY,2,date_file_or_underlying_filtered_export,,1
nasdaq_itch_5_0_decoded,itch_decoded,2014-11-14,conditional,2,CMTL;PAY,2,decoded_date_file_filtered_to_required_symbols,point_in_time_primary_listing_exchange,1
nyse_daily_taq,equity_trade,2014-11-17,required_core,2,CMTL;PAY,2,date_file_or_symbol_filtered_export,,1
nyse_daily_taq,equity_quote,2014-11-17,required_core,2,CMTL;PAY,2,date_file_or_symbol_filtered_export,,1
cboe_option_trades,option_trade,2014-11-17,required_full_replication,2,CMTL;PAY,2,date_file_or_underlying_filtered_export,,1
cboe_option_quotes,option_quote,2014-11-17,required_full_replication,2,CMTL;PAY,2,date_file_or_underlying_filtered_export,,1
nasdaq_itch_5_0_decoded,itch_decoded,2014-11-17,conditional,2,CMTL;PAY,2,decoded_date_file_filtered_to_required_symbols,point_in_time_primary_listing_exchange,1
nyse_daily_taq,equity_trade,2014-11-18,required_core,2,CMTL;PAY,2,date_file_or_symbol_filtered_export,,1
nyse_daily_taq,equity_quote,2014-11-18,required_core,2,CMTL;PAY,2,date_file_or_symbol_filtered_export,,1
cboe_option_trades,option_trade,2014-11-18,required_full_replication,2,CMTL;PAY,2,date_file_or_underlying_filtered_export,,1
cboe_option_quotes,option_quote,2014-11-18,required_full_replication,2,CMTL;PAY,2,date_file_or_underlying_filtered_export,,1
nasdaq_itch_5_0_decoded,itch_decoded,2014-11-18,conditional,2,CMTL;PAY,2,decoded_date_file_filtered_to_required_symbols,point_in_time_primary_listing_exchange,1
nyse_daily_taq,equity_trade,2014-11-19,required_core,2,CMTL;PAY,2,date_file_or_symbol_filtered_export,,1
nyse_daily_taq,equity_quote,2014-11-19,required_core,2,CMTL;PAY,2,date_file_or_symbol_filtered_export,,1
cboe_option_trades,option_trade,2014-11-19,required_full_replication,2,CMTL;PAY,2,date_file_or_underlying_filtered_export,,1
cboe_option_quotes,option_quote,2014-11-19,required_full_replication,2,CMTL;PAY,2,date_file_or_underlying_filtered_export,,1
nasdaq_itch_5_0_decoded,itch_decoded,2014-11-19,conditional,2,CMTL;PAY,2,decoded_date_file_filtered_to_required_symbols,point_in_time_primary_listing_exchange,1
nyse_daily_taq,equity_trade,2014-11-20,required_core,2,CMTL;PAY,2,date_file_or_symbol_filtered_export,,1
nyse_daily_taq,equity_quote,2014-11-20,required_core,2,CMTL;PAY,2,date_file_or_symbol_filtered_export,,1
cboe_option_trades,option_trade,2014-11-20,required_full_replication,2,CMTL;PAY,2,date_file_or_underlying_filtered_export,,1
cboe_option_quotes,option_quote,2014-11-20,required_full_replication,2,CMTL;PAY,2,date_file_or_underlying_filtered_export,,1
nasdaq_itch_5_0_decoded,itch_decoded,2014-11-20,conditional,2,CMTL;PAY,2,decoded_date_file_filtered_to_required_symbols,point_in_time_primary_listing_exchange,1
nyse_daily_taq,equity_trade,2014-11-21,required_core,2,CMTL;PAY,2,date_file_or_symbol_filtered_export,,1
nyse_daily_taq,equity_quote,2014-11-21,required_core,2,CMTL;PAY,2,date_file_or_symbol_filtered_export,,1
cboe_option_trades,option_trade,2014-11-21,required_full_replication,2,CMTL;PAY,2,date_file_or_underlying_filtered_export,,1
cboe_option_quotes,option_quote,2014-11-21,required_full_replication,2,CMTL;PAY,2,date_file_or_underlying_filtered_export,,1
nasdaq_itch_5_0_decoded,itch_decoded,2014-11-21,conditional,2,CMTL;PAY,2,decoded_date_file_filtered_to_required_symbols,point_in_time_primary_listing_exchange,1
nyse_daily_taq,equity_trade,2014-11-24,required_core,2,CMTL;PAY,2,date_file_or_symbol_filtered_export,,1
nyse_daily_taq,equity_quote,2014-11-24,required_core,2,CMTL;PAY,2,date_file_or_symbol_filtered_export,,1
cboe_option_trades,option_trade,2014-11-24,required_full_replication,2,CMTL;PAY,2,date_file_or_underlying_filtered_export,,1
cboe_option_quotes,option_quote,2014-11-24,required_full_replication,2,CMTL;PAY,2,date_file_or_underlying_filtered_export,,1
nasdaq_itch_5_0_decoded,itch_decoded,2014-11-24,conditional,2,CMTL;PAY,2,decoded_date_file_filtered_to_required_symbols,point_in_time_primary_listing_exchange,1
nyse_daily_taq,equity_trade,2014-11-25,required_core,2,CMTL;PAY,2,date_file_or_symbol_filtered_export,,1
nyse_daily_taq,equity_quote,2014-11-25,required_core,2,CMTL;PAY,2,date_file_or_symbol_filtered_export,,1
cboe_option_trades,option_trade,2014-11-25,required_full_replication,2,CMTL;PAY,2,date_file_or_underlying_filtered_export,,1
cboe_option_quotes,option_quote,2014-11-25,required_full_replication,2,CMTL;PAY,2,date_file_or_underlying_filtered_export,,1
nasdaq_itch_5_0_decoded,itch_decoded,2014-11-25,conditional,2,CMTL;PAY,2,decoded_date_file_filtered_to_required_symbols,point_in_time_primary_listing_exchange,1
nyse_daily_taq,equity_trade,2014-11-26,required_core,2,CMTL;PAY,2,date_file_or_symbol_filtered_export,,1
nyse_daily_taq,equity_quote,2014-11-26,required_core,2,CMTL;PAY,2,date_file_or_symbol_filtered_export,,1
cboe_option_trades,option_trade,2014-11-26,required_full_replication,2,CMTL;PAY,2,date_file_or_underlying_filtered_export,,1
cboe_option_quotes,option_quote,2014-11-26,required_full_replication,2,CMTL;PAY,2,date_file_or_underlying_filtered_export,,1
nasdaq_itch_5_0_decoded,itch_decoded,2014-11-26,conditional,2,CMTL;PAY,2,decoded_date_file_filtered_to_required_symbols,point_in_time_primary_listing_exchange,1
nyse_daily_taq,equity_trade,2014-12-01,required_core,2,CMTL;PAY,2,date_file_or_symbol_filtered_export,,1
nyse_daily_taq,equity_quote,2014-12-01,required_core,2,CMTL;PAY,2,date_file_or_symbol_filtered_export,,1
cboe_option_trades,option_trade,2014-12-01,required_full_replication,2,CMTL;PAY,2,date_file_or_underlying_filtered_export,,1
cboe_option_quotes,option_quote,2014-12-01,required_full_replication,2,CMTL;PAY,2,date_file_or_underlying_filtered_export,,1
nasdaq_itch_5_0_decoded,itch_decoded,2014-12-01,conditional,2,CMTL;PAY,2,decoded_date_file_filtered_to_required_symbols,point_in_time_primary_listing_exchange,1
nyse_daily_taq,equity_trade,2014-12-02,required_core,2,CMTL;PAY,2,date_file_or_symbol_filtered_export,,1
nyse_daily_taq,equity_quote,2014-12-02,required_core,2,CMTL;PAY,2,date_file_or_symbol_filtered_export,,1
cboe_option_trades,option_trade,2014-12-02,required_full_replication,2,CMTL;PAY,2,date_file_or_underlying_filtered_export,,1
cboe_option_quotes,option_quote,2014-12-02,required_full_replication,2,CMTL;PAY,2,date_file_or_underlying_filtered_export,,1
nasdaq_itch_5_0_decoded,itch_decoded,2014-12-02,conditional,2,CMTL;PAY,2,decoded_date_file_filtered_to_required_symbols,point_in_time_primary_listing_exchange,1
nyse_daily_taq,equity_trade,2014-12-03,required_core,2,CMTL;PAY,2,date_file_or_symbol_filtered_export,,1
nyse_daily_taq,equity_quote,2014-12-03,required_core,2,CMTL;PAY,2,date_file_or_symbol_filtered_export,,1
cboe_option_trades,option_trade,2014-12-03,required_full_replication,2,CMTL;PAY,2,date_file_or_underlying_filtered_export,,1
cboe_option_quotes,option_quote,2014-12-03,required_full_replication,2,CMTL;PAY,2,date_file_or_underlying_filtered_export,,1
nasdaq_itch_5_0_decoded,itch_decoded,2014-12-03,conditional,2,CMTL;PAY,2,decoded_date_file_filtered_to_required_symbols,point_in_time_primary_listing_exchange,1
nyse_daily_taq,equity_trade,2014-12-04,required_core,2,CMTL;PAY,2,date_file_or_symbol_filtered_export,,1
nyse_daily_taq,equity_quote,2014-12-04,required_core,2,CMTL;PAY,2,date_file_or_symbol_filtered_export,,1
cboe_option_trades,option_trade,2014-12-04,required_full_replication,2,CMTL;PAY,2,date_file_or_underlying_filtered_export,,1
cboe_option_quotes,option_quote,2014-12-04,required_full_replication,2,CMTL;PAY,2,date_file_or_underlying_filtered_export,,1
nasdaq_itch_5_0_decoded,itch_decoded,2014-12-04,conditional,2,CMTL;PAY,2,decoded_date_file_filtered_to_required_symbols,point_in_time_primary_listing_exchange,1
nyse_daily_taq,equity_trade,2014-12-05,required_core,2,CMTL;PAY,2,date_file_or_symbol_filtered_export,,1
nyse_daily_taq,equity_quote,2014-12-05,required_core,2,CMTL;PAY,2,date_file_or_symbol_filtered_export,,1
cboe_option_trades,option_trade,2014-12-05,required_full_replication,2,CMTL;PAY,2,date_file_or_underlying_filtered_export,,1
cboe_option_quotes,option_quote,2014-12-05,required_full_replication,2,CMTL;PAY,2,date_file_or_underlying_filtered_export,,1
nasdaq_itch_5_0_decoded,itch_decoded,2014-12-05,conditional,2,CMTL;PAY,2,decoded_date_file_filtered_to_required_symbols,point_in_time_primary_listing_exchange,1
nyse_daily_taq,equity_trade,2014-12-08,required_core,2,CMTL;PAY,2,date_file_or_symbol_filtered_export,,1
nyse_daily_taq,equity_quote,2014-12-08,required_core,2,CMTL;PAY,2,date_file_or_symbol_filtered_export,,1
cboe_option_trades,option_trade,2014-12-08,required_full_replication,2,CMTL;PAY,2,date_file_or_underlying_filtered_export,,1
cboe_option_quotes,option_quote,2014-12-08,required_full_replication,2,CMTL;PAY,2,date_file_or_underlying_filtered_export,,1
nasdaq_itch_5_0_decoded,itch_decoded,2014-12-08,conditional,2,CMTL;PAY,2,decoded_date_file_filtered_to_required_symbols,point_in_time_primary_listing_exchange,1
nyse_daily_taq,equity_trade,2014-12-09,required_core,2,CMTL;PAY,2,date_file_or_symbol_filtered_export,,1
nyse_daily_taq,equity_quote,2014-12-09,required_core,2,CMTL;PAY,2,date_file_or_symbol_filtered_export,,1
cboe_option_trades,option_trade,2014-12-09,required_full_replication,2,CMTL;PAY,2,date_file_or_underlying_filtered_export,,1
cboe_option_quotes,option_quote,2014-12-09,required_full_replication,2,CMTL;PAY,2,date_file_or_underlying_filtered_export,,1
nasdaq_itch_5_0_decoded,itch_decoded,2014-12-09,conditional,2,CMTL;PAY,2,decoded_date_file_filtered_to_required_symbols,point_in_time_primary_listing_exchange,1
nyse_daily_taq,equity_trade,2014-12-10,required_core,2,CMTL;PAY,2,date_file_or_symbol_filtered_export,,1
nyse_daily_taq,equity_quote,2014-12-10,required_core,2,CMTL;PAY,2,date_file_or_symbol_filtered_export,,1
cboe_option_trades,option_trade,2014-12-10,required_full_replication,2,CMTL;PAY,2,date_file_or_underlying_filtered_export,,1
cboe_option_quotes,option_quote,2014-12-10,required_full_replication,2,CMTL;PAY,2,date_file_or_underlying_filtered_export,,1
nasdaq_itch_5_0_decoded,itch_decoded,2014-12-10,conditional,2,CMTL;PAY,2,decoded_date_file_filtered_to_required_symbols,point_in_time_primary_listing_exchange,1
nyse_daily_taq,equity_trade,2014-12-11,required_core,1,PAY,1,date_file_or_symbol_filtered_export,,1
nyse_daily_taq,equity_quote,2014-12-11,required_core,1,PAY,1,date_file_or_symbol_filtered_export,,1
cboe_option_trades,option_trade,2014-12-11,required_full_replication,1,PAY,1,date_file_or_underlying_filtered_export,,1
cboe_option_quotes,option_quote,2014-12-11,required_full_replication,1,PAY,1,date_file_or_underlying_filtered_export,,1
nasdaq_itch_5_0_decoded,itch_decoded,2014-12-11,conditional,1,PAY,1,decoded_date_file_filtered_to_required_symbols,point_in_time_primary_listing_exchange,1
nyse_daily_taq,equity_trade,2014-12-12,required_core,1,PAY,1,date_file_or_symbol_filtered_export,,1
nyse_daily_taq,equity_quote,2014-12-12,required_core,1,PAY,1,date_file_or_symbol_filtered_export,,1
cboe_option_trades,option_trade,2014-12-12,required_full_replication,1,PAY,1,date_file_or_underlying_filtered_export,,1
cboe_option_quotes,option_quote,2014-12-12,required_full_replication,1,PAY,1,date_file_or_underlying_filtered_export,,1
nasdaq_itch_5_0_decoded,itch_decoded,2014-12-12,conditional,1,PAY,1,decoded_date_file_filtered_to_required_symbols,point_in_time_primary_listing_exchange,1
nyse_daily_taq,equity_trade,2014-12-15,required_core,1,PAY,1,date_file_or_symbol_filtered_export,,1
nyse_daily_taq,equity_quote,2014-12-15,required_core,1,PAY,1,date_file_or_symbol_filtered_export,,1
cboe_option_trades,option_trade,2014-12-15,required_full_replication,1,PAY,1,date_file_or_underlying_filtered_export,,1
cboe_option_quotes,option_quote,2014-12-15,required_full_replication,1,PAY,1,date_file_or_underlying_filtered_export,,1
nasdaq_itch_5_0_decoded,itch_decoded,2014-12-15,conditional,1,PAY,1,decoded_date_file_filtered_to_required_symbols,point_in_time_primary_listing_exchange,1
nyse_daily_taq,equity_trade,2014-12-16,required_core,1,CREE,1,date_file_or_symbol_filtered_export,,1
nyse_daily_taq,equity_quote,2014-12-16,required_core,1,CREE,1,date_file_or_symbol_filtered_export,,1
cboe_option_trades,option_trade,2014-12-16,required_full_replication,1,CREE,1,date_file_or_underlying_filtered_export,,1
cboe_option_quotes,option_quote,2014-12-16,required_full_replication,1,CREE,1,date_file_or_underlying_filtered_export,,1
nasdaq_itch_5_0_decoded,itch_decoded,2014-12-16,conditional,1,CREE,1,decoded_date_file_filtered_to_required_symbols,point_in_time_primary_listing_exchange,1
nyse_daily_taq,equity_trade,2014-12-17,required_core,3,CREE;SNDK;URI,3,date_file_or_symbol_filtered_export,,1
nyse_daily_taq,equity_quote,2014-12-17,required_core,3,CREE;SNDK;URI,3,date_file_or_symbol_filtered_export,,1
cboe_option_trades,option_trade,2014-12-17,required_full_replication,3,CREE;SNDK;URI,3,date_file_or_underlying_filtered_export,,1
cboe_option_quotes,option_quote,2014-12-17,required_full_replication,3,CREE;SNDK;URI,3,date_file_or_underlying_filtered_export,,1
nasdaq_itch_5_0_decoded,itch_decoded,2014-12-17,conditional,3,CREE;SNDK;URI,3,decoded_date_file_filtered_to_required_symbols,point_in_time_primary_listing_exchange,1
nyse_daily_taq,equity_trade,2014-12-18,required_core,6,CREE;SBUX;SNDK;STT;SWKS;URI,6,date_file_or_symbol_filtered_export,,1
nyse_daily_taq,equity_quote,2014-12-18,required_core,6,CREE;SBUX;SNDK;STT;SWKS;URI,6,date_file_or_symbol_filtered_export,,1
cboe_option_trades,option_trade,2014-12-18,required_full_replication,6,CREE;SBUX;SNDK;STT;SWKS;URI,6,date_file_or_underlying_filtered_export,,1
cboe_option_quotes,option_quote,2014-12-18,required_full_replication,6,CREE;SBUX;SNDK;STT;SWKS;URI,6,date_file_or_underlying_filtered_export,,1
nasdaq_itch_5_0_decoded,itch_decoded,2014-12-18,conditional,6,CREE;SBUX;SNDK;STT;SWKS;URI,6,decoded_date_file_filtered_to_required_symbols,point_in_time_primary_listing_exchange,1
nyse_daily_taq,equity_trade,2014-12-19,required_core,6,CREE;SBUX;SNDK;STT;SWKS;URI,6,date_file_or_symbol_filtered_export,,1
nyse_daily_taq,equity_quote,2014-12-19,required_core,6,CREE;SBUX;SNDK;STT;SWKS;URI,6,date_file_or_symbol_filtered_export,,1
cboe_option_trades,option_trade,2014-12-19,required_full_replication,6,CREE;SBUX;SNDK;STT;SWKS;URI,6,date_file_or_underlying_filtered_export,,1
cboe_option_quotes,option_quote,2014-12-19,required_full_replication,6,CREE;SBUX;SNDK;STT;SWKS;URI,6,date_file_or_underlying_filtered_export,,1
nasdaq_itch_5_0_decoded,itch_decoded,2014-12-19,conditional,6,CREE;SBUX;SNDK;STT;SWKS;URI,6,decoded_date_file_filtered_to_required_symbols,point_in_time_primary_listing_exchange,1
nyse_daily_taq,equity_trade,2014-12-22,required_core,6,CREE;SBUX;SNDK;STT;SWKS;URI,6,date_file_or_symbol_filtered_export,,1
nyse_daily_taq,equity_quote,2014-12-22,required_core,6,CREE;SBUX;SNDK;STT;SWKS;URI,6,date_file_or_symbol_filtered_export,,1
cboe_option_trades,option_trade,2014-12-22,required_full_replication,6,CREE;SBUX;SNDK;STT;SWKS;URI,6,date_file_or_underlying_filtered_export,,1
cboe_option_quotes,option_quote,2014-12-22,required_full_replication,6,CREE;SBUX;SNDK;STT;SWKS;URI,6,date_file_or_underlying_filtered_export,,1
nasdaq_itch_5_0_decoded,itch_decoded,2014-12-22,conditional,6,CREE;SBUX;SNDK;STT;SWKS;URI,6,decoded_date_file_filtered_to_required_symbols,point_in_time_primary_listing_exchange,1
nyse_daily_taq,equity_trade,2014-12-23,required_core,8,CREE;EA;ILMN;SBUX;SNDK;STT;SWKS;URI,8,date_file_or_symbol_filtered_export,,1
nyse_daily_taq,equity_quote,2014-12-23,required_core,8,CREE;EA;ILMN;SBUX;SNDK;STT;SWKS;URI,8,date_file_or_symbol_filtered_export,,1
cboe_option_trades,option_trade,2014-12-23,required_full_replication,8,CREE;EA;ILMN;SBUX;SNDK;STT;SWKS;URI,8,date_file_or_underlying_filtered_export,,1
cboe_option_quotes,option_quote,2014-12-23,required_full_replication,8,CREE;EA;ILMN;SBUX;SNDK;STT;SWKS;URI,8,date_file_or_underlying_filtered_export,,1
nasdaq_itch_5_0_decoded,itch_decoded,2014-12-23,conditional,8,CREE;EA;ILMN;SBUX;SNDK;STT;SWKS;URI,8,decoded_date_file_filtered_to_required_symbols,point_in_time_primary_listing_exchange,1
nyse_daily_taq,equity_trade,2014-12-26,required_core,11,CREE;EA;F;ILMN;NOW;SBUX;SNDK;STT;SWKS;TER;URI,11,date_file_or_symbol_filtered_export,,1
nyse_daily_taq,equity_quote,2014-12-26,required_core,11,CREE;EA;F;ILMN;NOW;SBUX;SNDK;STT;SWKS;TER;URI,11,date_file_or_symbol_filtered_export,,1
cboe_option_trades,option_trade,2014-12-26,required_full_replication,11,CREE;EA;F;ILMN;NOW;SBUX;SNDK;STT;SWKS;TER;URI,11,date_file_or_underlying_filtered_export,,1
cboe_option_quotes,option_quote,2014-12-26,required_full_replication,11,CREE;EA;F;ILMN;NOW;SBUX;SNDK;STT;SWKS;TER;URI,11,date_file_or_underlying_filtered_export,,1
nasdaq_itch_5_0_decoded,itch_decoded,2014-12-26,conditional,11,CREE;EA;F;ILMN;NOW;SBUX;SNDK;STT;SWKS;TER;URI,11,decoded_date_file_filtered_to_required_symbols,point_in_time_primary_listing_exchange,1
nyse_daily_taq,equity_trade,2014-12-29,required_core,14,BCR;CREE;EA;F;HBI;ILMN;NATI;NOW;SBUX;SNDK;STT;SWKS;TER;URI,14,date_file_or_symbol_filtered_export,,1
nyse_daily_taq,equity_quote,2014-12-29,required_core,14,BCR;CREE;EA;F;HBI;ILMN;NATI;NOW;SBUX;SNDK;STT;SWKS;TER;URI,14,date_file_or_symbol_filtered_export,,1
cboe_option_trades,option_trade,2014-12-29,required_full_replication,14,BCR;CREE;EA;F;HBI;ILMN;NATI;NOW;SBUX;SNDK;STT;SWKS;TER;URI,14,date_file_or_underlying_filtered_export,,1
cboe_option_quotes,option_quote,2014-12-29,required_full_replication,14,BCR;CREE;EA;F;HBI;ILMN;NATI;NOW;SBUX;SNDK;STT;SWKS;TER;URI,14,date_file_or_underlying_filtered_export,,1
nasdaq_itch_5_0_decoded,itch_decoded,2014-12-29,conditional,14,BCR;CREE;EA;F;HBI;ILMN;NATI;NOW;SBUX;SNDK;STT;SWKS;TER;URI,14,decoded_date_file_filtered_to_required_symbols,point_in_time_primary_listing_exchange,1
nyse_daily_taq,equity_trade,2014-12-30,required_core,14,BCR;CREE;EA;F;HBI;ILMN;NATI;NOW;SBUX;SNDK;STT;SWKS;TER;URI,14,date_file_or_symbol_filtered_export,,1
nyse_daily_taq,equity_quote,2014-12-30,required_core,14,BCR;CREE;EA;F;HBI;ILMN;NATI;NOW;SBUX;SNDK;STT;SWKS;TER;URI,14,date_file_or_symbol_filtered_export,,1
cboe_option_trades,option_trade,2014-12-30,required_full_replication,14,BCR;CREE;EA;F;HBI;ILMN;NATI;NOW;SBUX;SNDK;STT;SWKS;TER;URI,14,date_file_or_underlying_filtered_export,,1
cboe_option_quotes,option_quote,2014-12-30,required_full_replication,14,BCR;CREE;EA;F;HBI;ILMN;NATI;NOW;SBUX;SNDK;STT;SWKS;TER;URI,14,date_file_or_underlying_filtered_export,,1
nasdaq_itch_5_0_decoded,itch_decoded,2014-12-30,conditional,14,BCR;CREE;EA;F;HBI;ILMN;NATI;NOW;SBUX;SNDK;STT;SWKS;TER;URI,14,decoded_date_file_filtered_to_required_symbols,point_in_time_primary_listing_exchange,1
nyse_daily_taq,equity_trade,2014-12-31,required_core,17,BCR;CREE;EA;F;HBI;IDTI;ILMN;MDU;NATI;NOW;R;SBUX;SNDK;STT;SWKS;TER;URI,17,date_file_or_symbol_filtered_export,,1
nyse_daily_taq,equity_quote,2014-12-31,required_core,17,BCR;CREE;EA;F;HBI;IDTI;ILMN;MDU;NATI;NOW;R;SBUX;SNDK;STT;SWKS;TER;URI,17,date_file_or_symbol_filtered_export,,1
cboe_option_trades,option_trade,2014-12-31,required_full_replication,17,BCR;CREE;EA;F;HBI;IDTI;ILMN;MDU;NATI;NOW;R;SBUX;SNDK;STT;SWKS;TER;URI,17,date_file_or_underlying_filtered_export,,1
cboe_option_quotes,option_quote,2014-12-31,required_full_replication,17,BCR;CREE;EA;F;HBI;IDTI;ILMN;MDU;NATI;NOW;R;SBUX;SNDK;STT;SWKS;TER;URI,17,date_file_or_underlying_filtered_export,,1
nasdaq_itch_5_0_decoded,itch_decoded,2014-12-31,conditional,17,BCR;CREE;EA;F;HBI;IDTI;ILMN;MDU;NATI;NOW;R;SBUX;SNDK;STT;SWKS;TER;URI,17,decoded_date_file_filtered_to_required_symbols,point_in_time_primary_listing_exchange,1
nyse_daily_taq,equity_trade,2015-01-02,required_core,18,BCR;CREE;EA;F;GILD;HBI;IDTI;ILMN;MDU;NATI;NOW;R;SBUX;SNDK;STT;SWKS;TER;URI,18,date_file_or_symbol_filtered_export,,1
nyse_daily_taq,equity_quote,2015-01-02,required_core,18,BCR;CREE;EA;F;GILD;HBI;IDTI;ILMN;MDU;NATI;NOW;R;SBUX;SNDK;STT;SWKS;TER;URI,18,date_file_or_symbol_filtered_export,,1
cboe_option_trades,option_trade,2015-01-02,required_full_replication,18,BCR;CREE;EA;F;GILD;HBI;IDTI;ILMN;MDU;NATI;NOW;R;SBUX;SNDK;STT;SWKS;TER;URI,18,date_file_or_underlying_filtered_export,,1
cboe_option_quotes,option_quote,2015-01-02,required_full_replication,18,BCR;CREE;EA;F;GILD;HBI;IDTI;ILMN;MDU;NATI;NOW;R;SBUX;SNDK;STT;SWKS;TER;URI,18,date_file_or_underlying_filtered_export,,1
nasdaq_itch_5_0_decoded,itch_decoded,2015-01-02,conditional,18,BCR;CREE;EA;F;GILD;HBI;IDTI;ILMN;MDU;NATI;NOW;R;SBUX;SNDK;STT;SWKS;TER;URI,18,decoded_date_file_filtered_to_required_symbols,point_in_time_primary_listing_exchange,1
nyse_daily_taq,equity_trade,2015-01-05,required_core,19,BCR;CREE;EA;F;GILD;GMCR;HBI;IDTI;ILMN;MDU;NATI;NOW;R;SBUX;SNDK;STT;SWKS;TER;URI,19,date_file_or_symbol_filtered_export,,1
nyse_daily_taq,equity_quote,2015-01-05,required_core,19,BCR;CREE;EA;F;GILD;GMCR;HBI;IDTI;ILMN;MDU;NATI;NOW;R;SBUX;SNDK;STT;SWKS;TER;URI,19,date_file_or_symbol_filtered_export,,1
cboe_option_trades,option_trade,2015-01-05,required_full_replication,19,BCR;CREE;EA;F;GILD;GMCR;HBI;IDTI;ILMN;MDU;NATI;NOW;R;SBUX;SNDK;STT;SWKS;TER;URI,19,date_file_or_underlying_filtered_export,,1
cboe_option_quotes,option_quote,2015-01-05,required_full_replication,19,BCR;CREE;EA;F;GILD;GMCR;HBI;IDTI;ILMN;MDU;NATI;NOW;R;SBUX;SNDK;STT;SWKS;TER;URI,19,date_file_or_underlying_filtered_export,,1
nasdaq_itch_5_0_decoded,itch_decoded,2015-01-05,conditional,19,BCR;CREE;EA;F;GILD;GMCR;HBI;IDTI;ILMN;MDU;NATI;NOW;R;SBUX;SNDK;STT;SWKS;TER;URI,19,decoded_date_file_filtered_to_required_symbols,point_in_time_primary_listing_exchange,1
nyse_daily_taq,equity_trade,2015-01-06,required_core,21,BCR;CREE;EA;F;GILD;GMCR;HBI;IDTI;ILMN;MDU;NATI;NOW;NUAN;P;R;SBUX;SNDK;STT;SWKS;TER;URI,21,date_file_or_symbol_filtered_export,,1
nyse_daily_taq,equity_quote,2015-01-06,required_core,21,BCR;CREE;EA;F;GILD;GMCR;HBI;IDTI;ILMN;MDU;NATI;NOW;NUAN;P;R;SBUX;SNDK;STT;SWKS;TER;URI,21,date_file_or_symbol_filtered_export,,1
cboe_option_trades,option_trade,2015-01-06,required_full_replication,21,BCR;CREE;EA;F;GILD;GMCR;HBI;IDTI;ILMN;MDU;NATI;NOW;NUAN;P;R;SBUX;SNDK;STT;SWKS;TER;URI,21,date_file_or_underlying_filtered_export,,1
cboe_option_quotes,option_quote,2015-01-06,required_full_replication,21,BCR;CREE;EA;F;GILD;GMCR;HBI;IDTI;ILMN;MDU;NATI;NOW;NUAN;P;R;SBUX;SNDK;STT;SWKS;TER;URI,21,date_file_or_underlying_filtered_export,,1
nasdaq_itch_5_0_decoded,itch_decoded,2015-01-06,conditional,21,BCR;CREE;EA;F;GILD;GMCR;HBI;IDTI;ILMN;MDU;NATI;NOW;NUAN;P;R;SBUX;SNDK;STT;SWKS;TER;URI,21,decoded_date_file_filtered_to_required_symbols,point_in_time_primary_listing_exchange,1
nyse_daily_taq,equity_trade,2015-01-07,required_core,21,BCR;CREE;EA;F;GILD;GMCR;HBI;IDTI;ILMN;MDU;NATI;NOW;NUAN;P;R;SBUX;SNDK;STT;SWKS;TER;URI,21,date_file_or_symbol_filtered_export,,1
nyse_daily_taq,equity_quote,2015-01-07,required_core,21,BCR;CREE;EA;F;GILD;GMCR;HBI;IDTI;ILMN;MDU;NATI;NOW;NUAN;P;R;SBUX;SNDK;STT;SWKS;TER;URI,21,date_file_or_symbol_filtered_export,,1
cboe_option_trades,option_trade,2015-01-07,required_full_replication,21,BCR;CREE;EA;F;GILD;GMCR;HBI;IDTI;ILMN;MDU;NATI;NOW;NUAN;P;R;SBUX;SNDK;STT;SWKS;TER;URI,21,date_file_or_underlying_filtered_export,,1
cboe_option_quotes,option_quote,2015-01-07,required_full_replication,21,BCR;CREE;EA;F;GILD;GMCR;HBI;IDTI;ILMN;MDU;NATI;NOW;NUAN;P;R;SBUX;SNDK;STT;SWKS;TER;URI,21,date_file_or_underlying_filtered_export,,1
nasdaq_itch_5_0_decoded,itch_decoded,2015-01-07,conditional,21,BCR;CREE;EA;F;GILD;GMCR;HBI;IDTI;ILMN;MDU;NATI;NOW;NUAN;P;R;SBUX;SNDK;STT;SWKS;TER;URI,21,decoded_date_file_filtered_to_required_symbols,point_in_time_primary_listing_exchange,1
nyse_daily_taq,equity_trade,2015-01-08,required_core,21,BCR;CREE;EA;F;GILD;GMCR;HBI;IDTI;ILMN;MDU;NATI;NOW;NUAN;P;R;SBUX;SNDK;STT;SWKS;TER;URI,21,date_file_or_symbol_filtered_export,,1
nyse_daily_taq,equity_quote,2015-01-08,required_core,21,BCR;CREE;EA;F;GILD;GMCR;HBI;IDTI;ILMN;MDU;NATI;NOW;NUAN;P;R;SBUX;SNDK;STT;SWKS;TER;URI,21,date_file_or_symbol_filtered_export,,1
cboe_option_trades,option_trade,2015-01-08,required_full_replication,21,BCR;CREE;EA;F;GILD;GMCR;HBI;IDTI;ILMN;MDU;NATI;NOW;NUAN;P;R;SBUX;SNDK;STT;SWKS;TER;URI,21,date_file_or_underlying_filtered_export,,1
cboe_option_quotes,option_quote,2015-01-08,required_full_replication,21,BCR;CREE;EA;F;GILD;GMCR;HBI;IDTI;ILMN;MDU;NATI;NOW;NUAN;P;R;SBUX;SNDK;STT;SWKS;TER;URI,21,date_file_or_underlying_filtered_export,,1
nasdaq_itch_5_0_decoded,itch_decoded,2015-01-08,conditional,21,BCR;CREE;EA;F;GILD;GMCR;HBI;IDTI;ILMN;MDU;NATI;NOW;NUAN;P;R;SBUX;SNDK;STT;SWKS;TER;URI,21,decoded_date_file_filtered_to_required_symbols,point_in_time_primary_listing_exchange,1
nyse_daily_taq,equity_trade,2015-01-09,required_core,23,BCR;CREE;CRL;EA;F;GILD;GMCR;GNRC;HBI;IDTI;ILMN;MDU;NATI;NOW;NUAN;P;R;SBUX;SNDK;STT;SWKS;TER;URI,23,date_file_or_symbol_filtered_export,,1
nyse_daily_taq,equity_quote,2015-01-09,required_core,23,BCR;CREE;CRL;EA;F;GILD;GMCR;GNRC;HBI;IDTI;ILMN;MDU;NATI;NOW;NUAN;P;R;SBUX;SNDK;STT;SWKS;TER;URI,23,date_file_or_symbol_filtered_export,,1
cboe_option_trades,option_trade,2015-01-09,required_full_replication,23,BCR;CREE;CRL;EA;F;GILD;GMCR;GNRC;HBI;IDTI;ILMN;MDU;NATI;NOW;NUAN;P;R;SBUX;SNDK;STT;SWKS;TER;URI,23,date_file_or_underlying_filtered_export,,1
cboe_option_quotes,option_quote,2015-01-09,required_full_replication,23,BCR;CREE;CRL;EA;F;GILD;GMCR;GNRC;HBI;IDTI;ILMN;MDU;NATI;NOW;NUAN;P;R;SBUX;SNDK;STT;SWKS;TER;URI,23,date_file_or_underlying_filtered_export,,1
nasdaq_itch_5_0_decoded,itch_decoded,2015-01-09,conditional,23,BCR;CREE;CRL;EA;F;GILD;GMCR;GNRC;HBI;IDTI;ILMN;MDU;NATI;NOW;NUAN;P;R;SBUX;SNDK;STT;SWKS;TER;URI,23,decoded_date_file_filtered_to_required_symbols,point_in_time_primary_listing_exchange,1
nyse_daily_taq,equity_trade,2015-01-12,required_core,24,BCR;CREE;CRL;EA;F;GILD;GMCR;GNRC;HBI;IDTI;ILMN;MDU;NATI;NOW;NUAN;P;PNRA;R;SBUX;SNDK;STT;SWKS;TER;URI,24,date_file_or_symbol_filtered_export,,1
nyse_daily_taq,equity_quote,2015-01-12,required_core,24,BCR;CREE;CRL;EA;F;GILD;GMCR;GNRC;HBI;IDTI;ILMN;MDU;NATI;NOW;NUAN;P;PNRA;R;SBUX;SNDK;STT;SWKS;TER;URI,24,date_file_or_symbol_filtered_export,,1
cboe_option_trades,option_trade,2015-01-12,required_full_replication,24,BCR;CREE;CRL;EA;F;GILD;GMCR;GNRC;HBI;IDTI;ILMN;MDU;NATI;NOW;NUAN;P;PNRA;R;SBUX;SNDK;STT;SWKS;TER;URI,24,date_file_or_underlying_filtered_export,,1
cboe_option_quotes,option_quote,2015-01-12,required_full_replication,24,BCR;CREE;CRL;EA;F;GILD;GMCR;GNRC;HBI;IDTI;ILMN;MDU;NATI;NOW;NUAN;P;PNRA;R;SBUX;SNDK;STT;SWKS;TER;URI,24,date_file_or_underlying_filtered_export,,1
nasdaq_itch_5_0_decoded,itch_decoded,2015-01-12,conditional,24,BCR;CREE;CRL;EA;F;GILD;GMCR;GNRC;HBI;IDTI;ILMN;MDU;NATI;NOW;NUAN;P;PNRA;R;SBUX;SNDK;STT;SWKS;TER;URI,24,decoded_date_file_filtered_to_required_symbols,point_in_time_primary_listing_exchange,1
nyse_daily_taq,equity_trade,2015-01-13,required_core,30,ALNY;BCR;CGNX;COLM;CREE;CRL;EA;F;GILD;GMCR;GNRC;HBI;IDTI;ILMN;INWK;MDU;NATI;NOW;NUAN;P;PNRA;QLIK;R;SBUX;SNDK;STT;SWKS;TER;TNGO;URI,30,date_file_or_symbol_filtered_export,,1
nyse_daily_taq,equity_quote,2015-01-13,required_core,30,ALNY;BCR;CGNX;COLM;CREE;CRL;EA;F;GILD;GMCR;GNRC;HBI;IDTI;ILMN;INWK;MDU;NATI;NOW;NUAN;P;PNRA;QLIK;R;SBUX;SNDK;STT;SWKS;TER;TNGO;URI,30,date_file_or_symbol_filtered_export,,1
cboe_option_trades,option_trade,2015-01-13,required_full_replication,30,ALNY;BCR;CGNX;COLM;CREE;CRL;EA;F;GILD;GMCR;GNRC;HBI;IDTI;ILMN;INWK;MDU;NATI;NOW;NUAN;P;PNRA;QLIK;R;SBUX;SNDK;STT;SWKS;TER;TNGO;URI,30,date_file_or_underlying_filtered_export,,1
cboe_option_quotes,option_quote,2015-01-13,required_full_replication,30,ALNY;BCR;CGNX;COLM;CREE;CRL;EA;F;GILD;GMCR;GNRC;HBI;IDTI;ILMN;INWK;MDU;NATI;NOW;NUAN;P;PNRA;QLIK;R;SBUX;SNDK;STT;SWKS;TER;TNGO;URI,30,date_file_or_underlying_filtered_export,,1
nasdaq_itch_5_0_decoded,itch_decoded,2015-01-13,conditional,30,ALNY;BCR;CGNX;COLM;CREE;CRL;EA;F;GILD;GMCR;GNRC;HBI;IDTI;ILMN;INWK;MDU;NATI;NOW;NUAN;P;PNRA;QLIK;R;SBUX;SNDK;STT;SWKS;TER;TNGO;URI,30,decoded_date_file_filtered_to_required_symbols,point_in_time_primary_listing_exchange,1
nyse_daily_taq,equity_trade,2015-01-14,required_core,30,ALNY;BCR;CGNX;COLM;CREE;CRL;EA;F;GILD;GMCR;GNRC;HBI;IDTI;ILMN;INWK;MDU;NATI;NOW;NUAN;P;PNRA;QLIK;R;SBUX;SNDK;STT;SWKS;TER;TNGO;URI,30,date_file_or_symbol_filtered_export,,1
nyse_daily_taq,equity_quote,2015-01-14,required_core,30,ALNY;BCR;CGNX;COLM;CREE;CRL;EA;F;GILD;GMCR;GNRC;HBI;IDTI;ILMN;INWK;MDU;NATI;NOW;NUAN;P;PNRA;QLIK;R;SBUX;SNDK;STT;SWKS;TER;TNGO;URI,30,date_file_or_symbol_filtered_export,,1
cboe_option_trades,option_trade,2015-01-14,required_full_replication,30,ALNY;BCR;CGNX;COLM;CREE;CRL;EA;F;GILD;GMCR;GNRC;HBI;IDTI;ILMN;INWK;MDU;NATI;NOW;NUAN;P;PNRA;QLIK;R;SBUX;SNDK;STT;SWKS;TER;TNGO;URI,30,date_file_or_underlying_filtered_export,,1
cboe_option_quotes,option_quote,2015-01-14,required_full_replication,30,ALNY;BCR;CGNX;COLM;CREE;CRL;EA;F;GILD;GMCR;GNRC;HBI;IDTI;ILMN;INWK;MDU;NATI;NOW;NUAN;P;PNRA;QLIK;R;SBUX;SNDK;STT;SWKS;TER;TNGO;URI,30,date_file_or_underlying_filtered_export,,1
nasdaq_itch_5_0_decoded,itch_decoded,2015-01-14,conditional,30,ALNY;BCR;CGNX;COLM;CREE;CRL;EA;F;GILD;GMCR;GNRC;HBI;IDTI;ILMN;INWK;MDU;NATI;NOW;NUAN;P;PNRA;QLIK;R;SBUX;SNDK;STT;SWKS;TER;TNGO;URI,30,decoded_date_file_filtered_to_required_symbols,point_in_time_primary_listing_exchange,1
nyse_daily_taq,equity_trade,2015-01-15,required_core,35,ADI;ALNY;BCR;CGNX;CLD;COLM;CREE;CRL;EA;F;FLR;GILD;GMCR;GNRC;HBI;IDTI;ILMN;INWK;MDU;NATI;NOW;NUAN;P;PNRA;QLIK;R;ROG;SBUX;SNDK;STT;SWKS;TER;TNGO;URI;WTS,35,date_file_or_symbol_filtered_export,,1
nyse_daily_taq,equity_quote,2015-01-15,required_core,35,ADI;ALNY;BCR;CGNX;CLD;COLM;CREE;CRL;EA;F;FLR;GILD;GMCR;GNRC;HBI;IDTI;ILMN;INWK;MDU;NATI;NOW;NUAN;P;PNRA;QLIK;R;ROG;SBUX;SNDK;STT;SWKS;TER;TNGO;URI;WTS,35,date_file_or_symbol_filtered_export,,1
cboe_option_trades,option_trade,2015-01-15,required_full_replication,35,ADI;ALNY;BCR;CGNX;CLD;COLM;CREE;CRL;EA;F;FLR;GILD;GMCR;GNRC;HBI;IDTI;ILMN;INWK;MDU;NATI;NOW;NUAN;P;PNRA;QLIK;R;ROG;SBUX;SNDK;STT;SWKS;TER;TNGO;URI;WTS,35,date_file_or_underlying_filtered_export,,1
cboe_option_quotes,option_quote,2015-01-15,required_full_replication,35,ADI;ALNY;BCR;CGNX;CLD;COLM;CREE;CRL;EA;F;FLR;GILD;GMCR;GNRC;HBI;IDTI;ILMN;INWK;MDU;NATI;NOW;NUAN;P;PNRA;QLIK;R;ROG;SBUX;SNDK;STT;SWKS;TER;TNGO;URI;WTS,35,date_file_or_underlying_filtered_export,,1
nasdaq_itch_5_0_decoded,itch_decoded,2015-01-15,conditional,35,ADI;ALNY;BCR;CGNX;CLD;COLM;CREE;CRL;EA;F;FLR;GILD;GMCR;GNRC;HBI;IDTI;ILMN;INWK;MDU;NATI;NOW;NUAN;P;PNRA;QLIK;R;ROG;SBUX;SNDK;STT;SWKS;TER;TNGO;URI;WTS,35,decoded_date_file_filtered_to_required_symbols,point_in_time_primary_listing_exchange,1
nyse_daily_taq,equity_trade,2015-01-16,required_core,37,ADI;ALNY;BCR;CGNX;CLD;COLM;CREE;CRL;EA;F;FLR;GILD;GMCR;GNRC;HBI;IDTI;ILMN;INWK;MDU;MIC;NATI;NOW;NUAN;P;PNRA;QLIK;R;ROG;SBUX;SNDK;STT;SWKS;TER;TNGO;URI;WMB;WTS,37,date_file_or_symbol_filtered_export,,1
nyse_daily_taq,equity_quote,2015-01-16,required_core,37,ADI;ALNY;BCR;CGNX;CLD;COLM;CREE;CRL;EA;F;FLR;GILD;GMCR;GNRC;HBI;IDTI;ILMN;INWK;MDU;MIC;NATI;NOW;NUAN;P;PNRA;QLIK;R;ROG;SBUX;SNDK;STT;SWKS;TER;TNGO;URI;WMB;WTS,37,date_file_or_symbol_filtered_export,,1
cboe_option_trades,option_trade,2015-01-16,required_full_replication,37,ADI;ALNY;BCR;CGNX;CLD;COLM;CREE;CRL;EA;F;FLR;GILD;GMCR;GNRC;HBI;IDTI;ILMN;INWK;MDU;MIC;NATI;NOW;NUAN;P;PNRA;QLIK;R;ROG;SBUX;SNDK;STT;SWKS;TER;TNGO;URI;WMB;WTS,37,date_file_or_underlying_filtered_export,,1
cboe_option_quotes,option_quote,2015-01-16,required_full_replication,37,ADI;ALNY;BCR;CGNX;CLD;COLM;CREE;CRL;EA;F;FLR;GILD;GMCR;GNRC;HBI;IDTI;ILMN;INWK;MDU;MIC;NATI;NOW;NUAN;P;PNRA;QLIK;R;ROG;SBUX;SNDK;STT;SWKS;TER;TNGO;URI;WMB;WTS,37,date_file_or_underlying_filtered_export,,1
nasdaq_itch_5_0_decoded,itch_decoded,2015-01-16,conditional,37,ADI;ALNY;BCR;CGNX;CLD;COLM;CREE;CRL;EA;F;FLR;GILD;GMCR;GNRC;HBI;IDTI;ILMN;INWK;MDU;MIC;NATI;NOW;NUAN;P;PNRA;QLIK;R;ROG;SBUX;SNDK;STT;SWKS;TER;TNGO;URI;WMB;WTS,37,decoded_date_file_filtered_to_required_symbols,point_in_time_primary_listing_exchange,1
nyse_daily_taq,equity_trade,2015-01-20,required_core,39,ADI;ALNY;BCR;CGNX;CLD;COLM;CREE;CRL;DE;EA;F;FLR;GILD;GMCR;GNRC;HBI;IDTI;ILMN;INWK;JWN;MDU;MIC;NATI;NOW;NUAN;P;PNRA;QLIK;R;ROG;SBUX;SNDK;STT;SWKS;TER;TNGO;URI;WMB;WTS,39,date_file_or_symbol_filtered_export,,1
nyse_daily_taq,equity_quote,2015-01-20,required_core,39,ADI;ALNY;BCR;CGNX;CLD;COLM;CREE;CRL;DE;EA;F;FLR;GILD;GMCR;GNRC;HBI;IDTI;ILMN;INWK;JWN;MDU;MIC;NATI;NOW;NUAN;P;PNRA;QLIK;R;ROG;SBUX;SNDK;STT;SWKS;TER;TNGO;URI;WMB;WTS,39,date_file_or_symbol_filtered_export,,1
cboe_option_trades,option_trade,2015-01-20,required_full_replication,39,ADI;ALNY;BCR;CGNX;CLD;COLM;CREE;CRL;DE;EA;F;FLR;GILD;GMCR;GNRC;HBI;IDTI;ILMN;INWK;JWN;MDU;MIC;NATI;NOW;NUAN;P;PNRA;QLIK;R;ROG;SBUX;SNDK;STT;SWKS;TER;TNGO;URI;WMB;WTS,39,date_file_or_underlying_filtered_export,,1
cboe_option_quotes,option_quote,2015-01-20,required_full_replication,39,ADI;ALNY;BCR;CGNX;CLD;COLM;CREE;CRL;DE;EA;F;FLR;GILD;GMCR;GNRC;HBI;IDTI;ILMN;INWK;JWN;MDU;MIC;NATI;NOW;NUAN;P;PNRA;QLIK;R;ROG;SBUX;SNDK;STT;SWKS;TER;TNGO;URI;WMB;WTS,39,date_file_or_underlying_filtered_export,,1
nasdaq_itch_5_0_decoded,itch_decoded,2015-01-20,conditional,39,ADI;ALNY;BCR;CGNX;CLD;COLM;CREE;CRL;DE;EA;F;FLR;GILD;GMCR;GNRC;HBI;IDTI;ILMN;INWK;JWN;MDU;MIC;NATI;NOW;NUAN;P;PNRA;QLIK;R;ROG;SBUX;SNDK;STT;SWKS;TER;TNGO;URI;WMB;WTS,39,decoded_date_file_filtered_to_required_symbols,point_in_time_primary_listing_exchange,1
nyse_daily_taq,equity_trade,2015-01-21,required_core,38,ADI;ALNY;BCR;CGNX;CLD;COLM;CRL;DE;EA;F;FLR;GILD;GMCR;GNRC;HBI;IDTI;ILMN;INWK;JWN;MDU;MIC;NATI;NOW;NUAN;P;PNRA;QLIK;R;ROG;SBUX;SNDK;STT;SWKS;TER;TNGO;URI;WMB;WTS,38,date_file_or_symbol_filtered_export,,1
nyse_daily_taq,equity_quote,2015-01-21,required_core,38,ADI;ALNY;BCR;CGNX;CLD;COLM;CRL;DE;EA;F;FLR;GILD;GMCR;GNRC;HBI;IDTI;ILMN;INWK;JWN;MDU;MIC;NATI;NOW;NUAN;P;PNRA;QLIK;R;ROG;SBUX;SNDK;STT;SWKS;TER;TNGO;URI;WMB;WTS,38,date_file_or_symbol_filtered_export,,1
cboe_option_trades,option_trade,2015-01-21,required_full_replication,38,ADI;ALNY;BCR;CGNX;CLD;COLM;CRL;DE;EA;F;FLR;GILD;GMCR;GNRC;HBI;IDTI;ILMN;INWK;JWN;MDU;MIC;NATI;NOW;NUAN;P;PNRA;QLIK;R;ROG;SBUX;SNDK;STT;SWKS;TER;TNGO;URI;WMB;WTS,38,date_file_or_underlying_filtered_export,,1
cboe_option_quotes,option_quote,2015-01-21,required_full_replication,38,ADI;ALNY;BCR;CGNX;CLD;COLM;CRL;DE;EA;F;FLR;GILD;GMCR;GNRC;HBI;IDTI;ILMN;INWK;JWN;MDU;MIC;NATI;NOW;NUAN;P;PNRA;QLIK;R;ROG;SBUX;SNDK;STT;SWKS;TER;TNGO;URI;WMB;WTS,38,date_file_or_underlying_filtered_export,,1
nasdaq_itch_5_0_decoded,itch_decoded,2015-01-21,conditional,38,ADI;ALNY;BCR;CGNX;CLD;COLM;CRL;DE;EA;F;FLR;GILD;GMCR;GNRC;HBI;IDTI;ILMN;INWK;JWN;MDU;MIC;NATI;NOW;NUAN;P;PNRA;QLIK;R;ROG;SBUX;SNDK;STT;SWKS;TER;TNGO;URI;WMB;WTS,38,decoded_date_file_filtered_to_required_symbols,point_in_time_primary_listing_exchange,1
nyse_daily_taq,equity_trade,2015-01-22,required_core,41,ADI;ALNY;ATRC;BCR;CGNX;CLD;COLM;CRL;DE;EA;F;FLR;GILD;GMCR;GNRC;HBI;IDTI;ILMN;INWK;JWN;MDU;MIC;NATI;NOW;NUAN;P;PLL;PNRA;QLIK;R;ROG;SBUX;STT;SWKS;TER;THC;TNGO;TRAK;TXRH;WMB;WTS,41,date_file_or_symbol_filtered_export,,1
nyse_daily_taq,equity_quote,2015-01-22,required_core,41,ADI;ALNY;ATRC;BCR;CGNX;CLD;COLM;CRL;DE;EA;F;FLR;GILD;GMCR;GNRC;HBI;IDTI;ILMN;INWK;JWN;MDU;MIC;NATI;NOW;NUAN;P;PLL;PNRA;QLIK;R;ROG;SBUX;STT;SWKS;TER;THC;TNGO;TRAK;TXRH;WMB;WTS,41,date_file_or_symbol_filtered_export,,1
cboe_option_trades,option_trade,2015-01-22,required_full_replication,41,ADI;ALNY;ATRC;BCR;CGNX;CLD;COLM;CRL;DE;EA;F;FLR;GILD;GMCR;GNRC;HBI;IDTI;ILMN;INWK;JWN;MDU;MIC;NATI;NOW;NUAN;P;PLL;PNRA;QLIK;R;ROG;SBUX;STT;SWKS;TER;THC;TNGO;TRAK;TXRH;WMB;WTS,41,date_file_or_underlying_filtered_export,,1
cboe_option_quotes,option_quote,2015-01-22,required_full_replication,41,ADI;ALNY;ATRC;BCR;CGNX;CLD;COLM;CRL;DE;EA;F;FLR;GILD;GMCR;GNRC;HBI;IDTI;ILMN;INWK;JWN;MDU;MIC;NATI;NOW;NUAN;P;PLL;PNRA;QLIK;R;ROG;SBUX;STT;SWKS;TER;THC;TNGO;TRAK;TXRH;WMB;WTS,41,date_file_or_underlying_filtered_export,,1
nasdaq_itch_5_0_decoded,itch_decoded,2015-01-22,conditional,41,ADI;ALNY;ATRC;BCR;CGNX;CLD;COLM;CRL;DE;EA;F;FLR;GILD;GMCR;GNRC;HBI;IDTI;ILMN;INWK;JWN;MDU;MIC;NATI;NOW;NUAN;P;PLL;PNRA;QLIK;R;ROG;SBUX;STT;SWKS;TER;THC;TNGO;TRAK;TXRH;WMB;WTS,41,decoded_date_file_filtered_to_required_symbols,point_in_time_primary_listing_exchange,1
nyse_daily_taq,equity_trade,2015-01-23,required_core,38,ADI;ALNY;ATRC;BCR;CGNX;CLD;COLM;CRL;DE;EA;F;FLR;GILD;GMCR;GNRC;HBI;IDTI;ILMN;INWK;JWN;MDU;MIC;NATI;NOW;NUAN;P;PLL;PNRA;QLIK;R;ROG;TER;THC;TNGO;TRAK;TXRH;WMB;WTS,38,date_file_or_symbol_filtered_export,,1
nyse_daily_taq,equity_quote,2015-01-23,required_core,38,ADI;ALNY;ATRC;BCR;CGNX;CLD;COLM;CRL;DE;EA;F;FLR;GILD;GMCR;GNRC;HBI;IDTI;ILMN;INWK;JWN;MDU;MIC;NATI;NOW;NUAN;P;PLL;PNRA;QLIK;R;ROG;TER;THC;TNGO;TRAK;TXRH;WMB;WTS,38,date_file_or_symbol_filtered_export,,1
cboe_option_trades,option_trade,2015-01-23,required_full_replication,38,ADI;ALNY;ATRC;BCR;CGNX;CLD;COLM;CRL;DE;EA;F;FLR;GILD;GMCR;GNRC;HBI;IDTI;ILMN;INWK;JWN;MDU;MIC;NATI;NOW;NUAN;P;PLL;PNRA;QLIK;R;ROG;TER;THC;TNGO;TRAK;TXRH;WMB;WTS,38,date_file_or_underlying_filtered_export,,1
cboe_option_quotes,option_quote,2015-01-23,required_full_replication,38,ADI;ALNY;ATRC;BCR;CGNX;CLD;COLM;CRL;DE;EA;F;FLR;GILD;GMCR;GNRC;HBI;IDTI;ILMN;INWK;JWN;MDU;MIC;NATI;NOW;NUAN;P;PLL;PNRA;QLIK;R;ROG;TER;THC;TNGO;TRAK;TXRH;WMB;WTS,38,date_file_or_underlying_filtered_export,,1
nasdaq_itch_5_0_decoded,itch_decoded,2015-01-23,conditional,38,ADI;ALNY;ATRC;BCR;CGNX;CLD;COLM;CRL;DE;EA;F;FLR;GILD;GMCR;GNRC;HBI;IDTI;ILMN;INWK;JWN;MDU;MIC;NATI;NOW;NUAN;P;PLL;PNRA;QLIK;R;ROG;TER;THC;TNGO;TRAK;TXRH;WMB;WTS,38,decoded_date_file_filtered_to_required_symbols,point_in_time_primary_listing_exchange,1
nyse_daily_taq,equity_trade,2015-01-26,required_core,41,ADI;ALNY;AMSG;ATRC;BCR;CGNX;CLD;COLM;CRL;DE;DXCM;EA;F;FLR;GILD;GMCR;GNRC;HBI;IDTI;ILMN;INWK;JWN;MDU;MIC;NATI;NOW;NUAN;P;PLL;PNRA;QLIK;R;ROG;TER;THC;TNGO;TRAK;TXRH;WLL;WMB;WTS,41,date_file_or_symbol_filtered_export,,1
nyse_daily_taq,equity_quote,2015-01-26,required_core,41,ADI;ALNY;AMSG;ATRC;BCR;CGNX;CLD;COLM;CRL;DE;DXCM;EA;F;FLR;GILD;GMCR;GNRC;HBI;IDTI;ILMN;INWK;JWN;MDU;MIC;NATI;NOW;NUAN;P;PLL;PNRA;QLIK;R;ROG;TER;THC;TNGO;TRAK;TXRH;WLL;WMB;WTS,41,date_file_or_symbol_filtered_export,,1
cboe_option_trades,option_trade,2015-01-26,required_full_replication,41,ADI;ALNY;AMSG;ATRC;BCR;CGNX;CLD;COLM;CRL;DE;DXCM;EA;F;FLR;GILD;GMCR;GNRC;HBI;IDTI;ILMN;INWK;JWN;MDU;MIC;NATI;NOW;NUAN;P;PLL;PNRA;QLIK;R;ROG;TER;THC;TNGO;TRAK;TXRH;WLL;WMB;WTS,41,date_file_or_underlying_filtered_export,,1
cboe_option_quotes,option_quote,2015-01-26,required_full_replication,41,ADI;ALNY;AMSG;ATRC;BCR;CGNX;CLD;COLM;CRL;DE;DXCM;EA;F;FLR;GILD;GMCR;GNRC;HBI;IDTI;ILMN;INWK;JWN;MDU;MIC;NATI;NOW;NUAN;P;PLL;PNRA;QLIK;R;ROG;TER;THC;TNGO;TRAK;TXRH;WLL;WMB;WTS,41,date_file_or_underlying_filtered_export,,1
nasdaq_itch_5_0_decoded,itch_decoded,2015-01-26,conditional,41,ADI;ALNY;AMSG;ATRC;BCR;CGNX;CLD;COLM;CRL;DE;DXCM;EA;F;FLR;GILD;GMCR;GNRC;HBI;IDTI;ILMN;INWK;JWN;MDU;MIC;NATI;NOW;NUAN;P;PLL;PNRA;QLIK;R;ROG;TER;THC;TNGO;TRAK;TXRH;WLL;WMB;WTS,41,decoded_date_file_filtered_to_required_symbols,point_in_time_primary_listing_exchange,1
nyse_daily_taq,equity_trade,2015-01-27,required_core,42,ADI;ALNY;AMSG;ATRC;BCR;CGNX;CLD;COLM;CRL;DE;DGI;DXCM;EA;F;FLR;GILD;GMCR;GNRC;HBI;IDTI;ILMN;INWK;JWN;MDU;MIC;NATI;NOW;NUAN;P;PLL;PNRA;QLIK;R;ROG;TER;THC;TNGO;TRAK;TXRH;WLL;WMB;WTS,42,date_file_or_symbol_filtered_export,,1
nyse_daily_taq,equity_quote,2015-01-27,required_core,42,ADI;ALNY;AMSG;ATRC;BCR;CGNX;CLD;COLM;CRL;DE;DGI;DXCM;EA;F;FLR;GILD;GMCR;GNRC;HBI;IDTI;ILMN;INWK;JWN;MDU;MIC;NATI;NOW;NUAN;P;PLL;PNRA;QLIK;R;ROG;TER;THC;TNGO;TRAK;TXRH;WLL;WMB;WTS,42,date_file_or_symbol_filtered_export,,1
cboe_option_trades,option_trade,2015-01-27,required_full_replication,42,ADI;ALNY;AMSG;ATRC;BCR;CGNX;CLD;COLM;CRL;DE;DGI;DXCM;EA;F;FLR;GILD;GMCR;GNRC;HBI;IDTI;ILMN;INWK;JWN;MDU;MIC;NATI;NOW;NUAN;P;PLL;PNRA;QLIK;R;ROG;TER;THC;TNGO;TRAK;TXRH;WLL;WMB;WTS,42,date_file_or_underlying_filtered_export,,1
cboe_option_quotes,option_quote,2015-01-27,required_full_replication,42,ADI;ALNY;AMSG;ATRC;BCR;CGNX;CLD;COLM;CRL;DE;DGI;DXCM;EA;F;FLR;GILD;GMCR;GNRC;HBI;IDTI;ILMN;INWK;JWN;MDU;MIC;NATI;NOW;NUAN;P;PLL;PNRA;QLIK;R;ROG;TER;THC;TNGO;TRAK;TXRH;WLL;WMB;WTS,42,date_file_or_underlying_filtered_export,,1
nasdaq_itch_5_0_decoded,itch_decoded,2015-01-27,conditional,42,ADI;ALNY;AMSG;ATRC;BCR;CGNX;CLD;COLM;CRL;DE;DGI;DXCM;EA;F;FLR;GILD;GMCR;GNRC;HBI;IDTI;ILMN;INWK;JWN;MDU;MIC;NATI;NOW;NUAN;P;PLL;PNRA;QLIK;R;ROG;TER;THC;TNGO;TRAK;TXRH;WLL;WMB;WTS,42,decoded_date_file_filtered_to_required_symbols,point_in_time_primary_listing_exchange,1
nyse_daily_taq,equity_trade,2015-01-28,required_core,40,ADI;ALNY;AMSG;ATRC;BCR;CGNX;CLD;COLM;CRL;DE;DGI;DXCM;F;FLR;GILD;GMCR;GNRC;HBI;IDTI;INWK;JWN;MDU;MIC;NATI;NOW;NUAN;P;PLL;PNRA;QLIK;R;ROG;TER;THC;TNGO;TRAK;TXRH;WLL;WMB;WTS,40,date_file_or_symbol_filtered_export,,1
nyse_daily_taq,equity_quote,2015-01-28,required_core,40,ADI;ALNY;AMSG;ATRC;BCR;CGNX;CLD;COLM;CRL;DE;DGI;DXCM;F;FLR;GILD;GMCR;GNRC;HBI;IDTI;INWK;JWN;MDU;MIC;NATI;NOW;NUAN;P;PLL;PNRA;QLIK;R;ROG;TER;THC;TNGO;TRAK;TXRH;WLL;WMB;WTS,40,date_file_or_symbol_filtered_export,,1
cboe_option_trades,option_trade,2015-01-28,required_full_replication,40,ADI;ALNY;AMSG;ATRC;BCR;CGNX;CLD;COLM;CRL;DE;DGI;DXCM;F;FLR;GILD;GMCR;GNRC;HBI;IDTI;INWK;JWN;MDU;MIC;NATI;NOW;NUAN;P;PLL;PNRA;QLIK;R;ROG;TER;THC;TNGO;TRAK;TXRH;WLL;WMB;WTS,40,date_file_or_underlying_filtered_export,,1
cboe_option_quotes,option_quote,2015-01-28,required_full_replication,40,ADI;ALNY;AMSG;ATRC;BCR;CGNX;CLD;COLM;CRL;DE;DGI;DXCM;F;FLR;GILD;GMCR;GNRC;HBI;IDTI;INWK;JWN;MDU;MIC;NATI;NOW;NUAN;P;PLL;PNRA;QLIK;R;ROG;TER;THC;TNGO;TRAK;TXRH;WLL;WMB;WTS,40,date_file_or_underlying_filtered_export,,1
nasdaq_itch_5_0_decoded,itch_decoded,2015-01-28,conditional,40,ADI;ALNY;AMSG;ATRC;BCR;CGNX;CLD;COLM;CRL;DE;DGI;DXCM;F;FLR;GILD;GMCR;GNRC;HBI;IDTI;INWK;JWN;MDU;MIC;NATI;NOW;NUAN;P;PLL;PNRA;QLIK;R;ROG;TER;THC;TNGO;TRAK;TXRH;WLL;WMB;WTS,40,decoded_date_file_filtered_to_required_symbols,point_in_time_primary_listing_exchange,1
nyse_daily_taq,equity_trade,2015-01-29,required_core,37,ADI;ALNY;AMSG;ATRC;BCR;CGNX;CLD;COLM;CRL;DE;DGI;DXCM;FLR;GILD;GMCR;GNRC;HBI;IDTI;INWK;JWN;MDU;MIC;NATI;NUAN;P;PLL;PNRA;QLIK;R;ROG;THC;TNGO;TRAK;TXRH;WLL;WMB;WTS,37,date_file_or_symbol_filtered_export,,1
nyse_daily_taq,equity_quote,2015-01-29,required_core,37,ADI;ALNY;AMSG;ATRC;BCR;CGNX;CLD;COLM;CRL;DE;DGI;DXCM;FLR;GILD;GMCR;GNRC;HBI;IDTI;INWK;JWN;MDU;MIC;NATI;NUAN;P;PLL;PNRA;QLIK;R;ROG;THC;TNGO;TRAK;TXRH;WLL;WMB;WTS,37,date_file_or_symbol_filtered_export,,1
cboe_option_trades,option_trade,2015-01-29,required_full_replication,37,ADI;ALNY;AMSG;ATRC;BCR;CGNX;CLD;COLM;CRL;DE;DGI;DXCM;FLR;GILD;GMCR;GNRC;HBI;IDTI;INWK;JWN;MDU;MIC;NATI;NUAN;P;PLL;PNRA;QLIK;R;ROG;THC;TNGO;TRAK;TXRH;WLL;WMB;WTS,37,date_file_or_underlying_filtered_export,,1
cboe_option_quotes,option_quote,2015-01-29,required_full_replication,37,ADI;ALNY;AMSG;ATRC;BCR;CGNX;CLD;COLM;CRL;DE;DGI;DXCM;FLR;GILD;GMCR;GNRC;HBI;IDTI;INWK;JWN;MDU;MIC;NATI;NUAN;P;PLL;PNRA;QLIK;R;ROG;THC;TNGO;TRAK;TXRH;WLL;WMB;WTS,37,date_file_or_underlying_filtered_export,,1
nasdaq_itch_5_0_decoded,itch_decoded,2015-01-29,conditional,37,ADI;ALNY;AMSG;ATRC;BCR;CGNX;CLD;COLM;CRL;DE;DGI;DXCM;FLR;GILD;GMCR;GNRC;HBI;IDTI;INWK;JWN;MDU;MIC;NATI;NUAN;P;PLL;PNRA;QLIK;R;ROG;THC;TNGO;TRAK;TXRH;WLL;WMB;WTS,37,decoded_date_file_filtered_to_required_symbols,point_in_time_primary_listing_exchange,1
nyse_daily_taq,equity_trade,2015-01-30,required_core,35,ADI;ALNY;AMSG;ATRC;CGNX;CLD;COLM;CRL;DE;DGI;DXCM;FLR;GILD;GMCR;GNRC;IDTI;INWK;JWN;MDU;MIC;NUAN;P;PLL;PNRA;QLIK;R;ROG;THC;TNGO;TRAK;TXRH;VEEV;WLL;WMB;WTS,35,date_file_or_symbol_filtered_export,,1
nyse_daily_taq,equity_quote,2015-01-30,required_core,35,ADI;ALNY;AMSG;ATRC;CGNX;CLD;COLM;CRL;DE;DGI;DXCM;FLR;GILD;GMCR;GNRC;IDTI;INWK;JWN;MDU;MIC;NUAN;P;PLL;PNRA;QLIK;R;ROG;THC;TNGO;TRAK;TXRH;VEEV;WLL;WMB;WTS,35,date_file_or_symbol_filtered_export,,1
cboe_option_trades,option_trade,2015-01-30,required_full_replication,35,ADI;ALNY;AMSG;ATRC;CGNX;CLD;COLM;CRL;DE;DGI;DXCM;FLR;GILD;GMCR;GNRC;IDTI;INWK;JWN;MDU;MIC;NUAN;P;PLL;PNRA;QLIK;R;ROG;THC;TNGO;TRAK;TXRH;VEEV;WLL;WMB;WTS,35,date_file_or_underlying_filtered_export,,1
cboe_option_quotes,option_quote,2015-01-30,required_full_replication,35,ADI;ALNY;AMSG;ATRC;CGNX;CLD;COLM;CRL;DE;DGI;DXCM;FLR;GILD;GMCR;GNRC;IDTI;INWK;JWN;MDU;MIC;NUAN;P;PLL;PNRA;QLIK;R;ROG;THC;TNGO;TRAK;TXRH;VEEV;WLL;WMB;WTS,35,date_file_or_underlying_filtered_export,,1
nasdaq_itch_5_0_decoded,itch_decoded,2015-01-30,conditional,35,ADI;ALNY;AMSG;ATRC;CGNX;CLD;COLM;CRL;DE;DGI;DXCM;FLR;GILD;GMCR;GNRC;IDTI;INWK;JWN;MDU;MIC;NUAN;P;PLL;PNRA;QLIK;R;ROG;THC;TNGO;TRAK;TXRH;VEEV;WLL;WMB;WTS,35,decoded_date_file_filtered_to_required_symbols,point_in_time_primary_listing_exchange,1
nyse_daily_taq,equity_trade,2015-02-02,required_core,35,ADI;ALNY;AMSG;ATRC;CGNX;CLD;COLM;CRL;DE;DGI;DXCM;FLR;GILD;GMCR;GNRC;IDTI;INWK;JWN;MDU;MIC;NUAN;P;PLL;PNRA;QLIK;R;ROG;THC;TNGO;TRAK;TXRH;VEEV;WLL;WMB;WTS,35,date_file_or_symbol_filtered_export,,1
nyse_daily_taq,equity_quote,2015-02-02,required_core,35,ADI;ALNY;AMSG;ATRC;CGNX;CLD;COLM;CRL;DE;DGI;DXCM;FLR;GILD;GMCR;GNRC;IDTI;INWK;JWN;MDU;MIC;NUAN;P;PLL;PNRA;QLIK;R;ROG;THC;TNGO;TRAK;TXRH;VEEV;WLL;WMB;WTS,35,date_file_or_symbol_filtered_export,,1
cboe_option_trades,option_trade,2015-02-02,required_full_replication,35,ADI;ALNY;AMSG;ATRC;CGNX;CLD;COLM;CRL;DE;DGI;DXCM;FLR;GILD;GMCR;GNRC;IDTI;INWK;JWN;MDU;MIC;NUAN;P;PLL;PNRA;QLIK;R;ROG;THC;TNGO;TRAK;TXRH;VEEV;WLL;WMB;WTS,35,date_file_or_underlying_filtered_export,,1
cboe_option_quotes,option_quote,2015-02-02,required_full_replication,35,ADI;ALNY;AMSG;ATRC;CGNX;CLD;COLM;CRL;DE;DGI;DXCM;FLR;GILD;GMCR;GNRC;IDTI;INWK;JWN;MDU;MIC;NUAN;P;PLL;PNRA;QLIK;R;ROG;THC;TNGO;TRAK;TXRH;VEEV;WLL;WMB;WTS,35,date_file_or_underlying_filtered_export,,1
nasdaq_itch_5_0_decoded,itch_decoded,2015-02-02,conditional,35,ADI;ALNY;AMSG;ATRC;CGNX;CLD;COLM;CRL;DE;DGI;DXCM;FLR;GILD;GMCR;GNRC;IDTI;INWK;JWN;MDU;MIC;NUAN;P;PLL;PNRA;QLIK;R;ROG;THC;TNGO;TRAK;TXRH;VEEV;WLL;WMB;WTS,35,decoded_date_file_filtered_to_required_symbols,point_in_time_primary_listing_exchange,1
nyse_daily_taq,equity_trade,2015-02-03,required_core,32,ADI;ALNY;AMSG;ATRC;CGNX;CLD;COLM;CRL;DE;DGI;DXCM;FLR;GILD;GMCR;GNRC;INWK;JWN;MIC;NUAN;P;PLL;PNRA;QLIK;ROG;THC;TNGO;TRAK;TXRH;VEEV;WLL;WMB;WTS,32,date_file_or_symbol_filtered_export,,1
nyse_daily_taq,equity_quote,2015-02-03,required_core,32,ADI;ALNY;AMSG;ATRC;CGNX;CLD;COLM;CRL;DE;DGI;DXCM;FLR;GILD;GMCR;GNRC;INWK;JWN;MIC;NUAN;P;PLL;PNRA;QLIK;ROG;THC;TNGO;TRAK;TXRH;VEEV;WLL;WMB;WTS,32,date_file_or_symbol_filtered_export,,1
cboe_option_trades,option_trade,2015-02-03,required_full_replication,32,ADI;ALNY;AMSG;ATRC;CGNX;CLD;COLM;CRL;DE;DGI;DXCM;FLR;GILD;GMCR;GNRC;INWK;JWN;MIC;NUAN;P;PLL;PNRA;QLIK;ROG;THC;TNGO;TRAK;TXRH;VEEV;WLL;WMB;WTS,32,date_file_or_underlying_filtered_export,,1
cboe_option_quotes,option_quote,2015-02-03,required_full_replication,32,ADI;ALNY;AMSG;ATRC;CGNX;CLD;COLM;CRL;DE;DGI;DXCM;FLR;GILD;GMCR;GNRC;INWK;JWN;MIC;NUAN;P;PLL;PNRA;QLIK;ROG;THC;TNGO;TRAK;TXRH;VEEV;WLL;WMB;WTS,32,date_file_or_underlying_filtered_export,,1
nasdaq_itch_5_0_decoded,itch_decoded,2015-02-03,conditional,32,ADI;ALNY;AMSG;ATRC;CGNX;CLD;COLM;CRL;DE;DGI;DXCM;FLR;GILD;GMCR;GNRC;INWK;JWN;MIC;NUAN;P;PLL;PNRA;QLIK;ROG;THC;TNGO;TRAK;TXRH;VEEV;WLL;WMB;WTS,32,decoded_date_file_filtered_to_required_symbols,point_in_time_primary_listing_exchange,1
nyse_daily_taq,equity_trade,2015-02-04,required_core,31,ADI;ALNY;AMSG;ATRC;CGNX;CLD;COLM;CRL;DE;DGI;DXCM;FLR;GMCR;GNRC;INWK;JWN;MIC;NUAN;P;PLL;PNRA;QLIK;ROG;THC;TNGO;TRAK;TXRH;VEEV;WLL;WMB;WTS,31,date_file_or_symbol_filtered_export,,1
nyse_daily_taq,equity_quote,2015-02-04,required_core,31,ADI;ALNY;AMSG;ATRC;CGNX;CLD;COLM;CRL;DE;DGI;DXCM;FLR;GMCR;GNRC;INWK;JWN;MIC;NUAN;P;PLL;PNRA;QLIK;ROG;THC;TNGO;TRAK;TXRH;VEEV;WLL;WMB;WTS,31,date_file_or_symbol_filtered_export,,1
cboe_option_trades,option_trade,2015-02-04,required_full_replication,31,ADI;ALNY;AMSG;ATRC;CGNX;CLD;COLM;CRL;DE;DGI;DXCM;FLR;GMCR;GNRC;INWK;JWN;MIC;NUAN;P;PLL;PNRA;QLIK;ROG;THC;TNGO;TRAK;TXRH;VEEV;WLL;WMB;WTS,31,date_file_or_underlying_filtered_export,,1
cboe_option_quotes,option_quote,2015-02-04,required_full_replication,31,ADI;ALNY;AMSG;ATRC;CGNX;CLD;COLM;CRL;DE;DGI;DXCM;FLR;GMCR;GNRC;INWK;JWN;MIC;NUAN;P;PLL;PNRA;QLIK;ROG;THC;TNGO;TRAK;TXRH;VEEV;WLL;WMB;WTS,31,date_file_or_underlying_filtered_export,,1
nasdaq_itch_5_0_decoded,itch_decoded,2015-02-04,conditional,31,ADI;ALNY;AMSG;ATRC;CGNX;CLD;COLM;CRL;DE;DGI;DXCM;FLR;GMCR;GNRC;INWK;JWN;MIC;NUAN;P;PLL;PNRA;QLIK;ROG;THC;TNGO;TRAK;TXRH;VEEV;WLL;WMB;WTS,31,decoded_date_file_filtered_to_required_symbols,point_in_time_primary_listing_exchange,1
nyse_daily_taq,equity_trade,2015-02-05,required_core,30,ADI;ALNY;AMSG;ATRC;CGNX;CLD;COLM;CRL;DE;DGI;DXCM;FLR;GNRC;INWK;JWN;MIC;NUAN;P;PLL;PNRA;QLIK;ROG;THC;TNGO;TRAK;TXRH;VEEV;WLL;WMB;WTS,30,date_file_or_symbol_filtered_export,,1
nyse_daily_taq,equity_quote,2015-02-05,required_core,30,ADI;ALNY;AMSG;ATRC;CGNX;CLD;COLM;CRL;DE;DGI;DXCM;FLR;GNRC;INWK;JWN;MIC;NUAN;P;PLL;PNRA;QLIK;ROG;THC;TNGO;TRAK;TXRH;VEEV;WLL;WMB;WTS,30,date_file_or_symbol_filtered_export,,1
cboe_option_trades,option_trade,2015-02-05,required_full_replication,30,ADI;ALNY;AMSG;ATRC;CGNX;CLD;COLM;CRL;DE;DGI;DXCM;FLR;GNRC;INWK;JWN;MIC;NUAN;P;PLL;PNRA;QLIK;ROG;THC;TNGO;TRAK;TXRH;VEEV;WLL;WMB;WTS,30,date_file_or_underlying_filtered_export,,1
cboe_option_quotes,option_quote,2015-02-05,required_full_replication,30,ADI;ALNY;AMSG;ATRC;CGNX;CLD;COLM;CRL;DE;DGI;DXCM;FLR;GNRC;INWK;JWN;MIC;NUAN;P;PLL;PNRA;QLIK;ROG;THC;TNGO;TRAK;TXRH;VEEV;WLL;WMB;WTS,30,date_file_or_underlying_filtered_export,,1
nasdaq_itch_5_0_decoded,itch_decoded,2015-02-05,conditional,30,ADI;ALNY;AMSG;ATRC;CGNX;CLD;COLM;CRL;DE;DGI;DXCM;FLR;GNRC;INWK;JWN;MIC;NUAN;P;PLL;PNRA;QLIK;ROG;THC;TNGO;TRAK;TXRH;VEEV;WLL;WMB;WTS,30,decoded_date_file_filtered_to_required_symbols,point_in_time_primary_listing_exchange,1
nyse_daily_taq,equity_trade,2015-02-06,required_core,30,ADI;ALNY;AMSG;ATRC;CGNX;CLD;COLM;CRL;DE;DGI;DXCM;FLR;GNRC;INWK;JWN;KOPN;MIC;PAY;PLL;PNRA;QLIK;ROG;THC;TNGO;TRAK;TXRH;VEEV;WLL;WMB;WTS,30,date_file_or_symbol_filtered_export,,1
nyse_daily_taq,equity_quote,2015-02-06,required_core,30,ADI;ALNY;AMSG;ATRC;CGNX;CLD;COLM;CRL;DE;DGI;DXCM;FLR;GNRC;INWK;JWN;KOPN;MIC;PAY;PLL;PNRA;QLIK;ROG;THC;TNGO;TRAK;TXRH;VEEV;WLL;WMB;WTS,30,date_file_or_symbol_filtered_export,,1
cboe_option_trades,option_trade,2015-02-06,required_full_replication,30,ADI;ALNY;AMSG;ATRC;CGNX;CLD;COLM;CRL;DE;DGI;DXCM;FLR;GNRC;INWK;JWN;KOPN;MIC;PAY;PLL;PNRA;QLIK;ROG;THC;TNGO;TRAK;TXRH;VEEV;WLL;WMB;WTS,30,date_file_or_underlying_filtered_export,,1
cboe_option_quotes,option_quote,2015-02-06,required_full_replication,30,ADI;ALNY;AMSG;ATRC;CGNX;CLD;COLM;CRL;DE;DGI;DXCM;FLR;GNRC;INWK;JWN;KOPN;MIC;PAY;PLL;PNRA;QLIK;ROG;THC;TNGO;TRAK;TXRH;VEEV;WLL;WMB;WTS,30,date_file_or_underlying_filtered_export,,1
nasdaq_itch_5_0_decoded,itch_decoded,2015-02-06,conditional,30,ADI;ALNY;AMSG;ATRC;CGNX;CLD;COLM;CRL;DE;DGI;DXCM;FLR;GNRC;INWK;JWN;KOPN;MIC;PAY;PLL;PNRA;QLIK;ROG;THC;TNGO;TRAK;TXRH;VEEV;WLL;WMB;WTS,30,decoded_date_file_filtered_to_required_symbols,point_in_time_primary_listing_exchange,1
nyse_daily_taq,equity_trade,2015-02-09,required_core,30,ADI;ALNY;AMSG;ATRC;CGNX;CLD;COLM;CRL;DE;DGI;DXCM;FLR;GNRC;INWK;JWN;KOPN;MIC;PAY;PLL;PNRA;QLIK;ROG;THC;TNGO;TRAK;TXRH;VEEV;WLL;WMB;WTS,30,date_file_or_symbol_filtered_export,,1
nyse_daily_taq,equity_quote,2015-02-09,required_core,30,ADI;ALNY;AMSG;ATRC;CGNX;CLD;COLM;CRL;DE;DGI;DXCM;FLR;GNRC;INWK;JWN;KOPN;MIC;PAY;PLL;PNRA;QLIK;ROG;THC;TNGO;TRAK;TXRH;VEEV;WLL;WMB;WTS,30,date_file_or_symbol_filtered_export,,1
cboe_option_trades,option_trade,2015-02-09,required_full_replication,30,ADI;ALNY;AMSG;ATRC;CGNX;CLD;COLM;CRL;DE;DGI;DXCM;FLR;GNRC;INWK;JWN;KOPN;MIC;PAY;PLL;PNRA;QLIK;ROG;THC;TNGO;TRAK;TXRH;VEEV;WLL;WMB;WTS,30,date_file_or_underlying_filtered_export,,1
cboe_option_quotes,option_quote,2015-02-09,required_full_replication,30,ADI;ALNY;AMSG;ATRC;CGNX;CLD;COLM;CRL;DE;DGI;DXCM;FLR;GNRC;INWK;JWN;KOPN;MIC;PAY;PLL;PNRA;QLIK;ROG;THC;TNGO;TRAK;TXRH;VEEV;WLL;WMB;WTS,30,date_file_or_underlying_filtered_export,,1
nasdaq_itch_5_0_decoded,itch_decoded,2015-02-09,conditional,30,ADI;ALNY;AMSG;ATRC;CGNX;CLD;COLM;CRL;DE;DGI;DXCM;FLR;GNRC;INWK;JWN;KOPN;MIC;PAY;PLL;PNRA;QLIK;ROG;THC;TNGO;TRAK;TXRH;VEEV;WLL;WMB;WTS,30,decoded_date_file_filtered_to_required_symbols,point_in_time_primary_listing_exchange,1
nyse_daily_taq,equity_trade,2015-02-10,required_core,30,ADI;ALNY;AMSG;ATRC;CGNX;CLD;COLM;CRL;DE;DGI;DXCM;FLR;GNRC;INWK;JWN;KOPN;MIC;PAY;PLL;PNRA;QLIK;ROG;THC;TNGO;TRAK;TXRH;VEEV;WLL;WMB;WTS,30,date_file_or_symbol_filtered_export,,1
nyse_daily_taq,equity_quote,2015-02-10,required_core,30,ADI;ALNY;AMSG;ATRC;CGNX;CLD;COLM;CRL;DE;DGI;DXCM;FLR;GNRC;INWK;JWN;KOPN;MIC;PAY;PLL;PNRA;QLIK;ROG;THC;TNGO;TRAK;TXRH;VEEV;WLL;WMB;WTS,30,date_file_or_symbol_filtered_export,,1
cboe_option_trades,option_trade,2015-02-10,required_full_replication,30,ADI;ALNY;AMSG;ATRC;CGNX;CLD;COLM;CRL;DE;DGI;DXCM;FLR;GNRC;INWK;JWN;KOPN;MIC;PAY;PLL;PNRA;QLIK;ROG;THC;TNGO;TRAK;TXRH;VEEV;WLL;WMB;WTS,30,date_file_or_underlying_filtered_export,,1
cboe_option_quotes,option_quote,2015-02-10,required_full_replication,30,ADI;ALNY;AMSG;ATRC;CGNX;CLD;COLM;CRL;DE;DGI;DXCM;FLR;GNRC;INWK;JWN;KOPN;MIC;PAY;PLL;PNRA;QLIK;ROG;THC;TNGO;TRAK;TXRH;VEEV;WLL;WMB;WTS,30,date_file_or_underlying_filtered_export,,1
nasdaq_itch_5_0_decoded,itch_decoded,2015-02-10,conditional,30,ADI;ALNY;AMSG;ATRC;CGNX;CLD;COLM;CRL;DE;DGI;DXCM;FLR;GNRC;INWK;JWN;KOPN;MIC;PAY;PLL;PNRA;QLIK;ROG;THC;TNGO;TRAK;TXRH;VEEV;WLL;WMB;WTS,30,decoded_date_file_filtered_to_required_symbols,point_in_time_primary_listing_exchange,1
nyse_daily_taq,equity_trade,2015-02-11,required_core,28,ADI;ALNY;AMSG;ATRC;CGNX;CLD;COLM;DE;DGI;DXCM;FLR;INWK;JWN;KOPN;MIC;PAY;PLL;PNRA;QLIK;ROG;THC;TNGO;TRAK;TXRH;VEEV;WLL;WMB;WTS,28,date_file_or_symbol_filtered_export,,1
nyse_daily_taq,equity_quote,2015-02-11,required_core,28,ADI;ALNY;AMSG;ATRC;CGNX;CLD;COLM;DE;DGI;DXCM;FLR;INWK;JWN;KOPN;MIC;PAY;PLL;PNRA;QLIK;ROG;THC;TNGO;TRAK;TXRH;VEEV;WLL;WMB;WTS,28,date_file_or_symbol_filtered_export,,1
cboe_option_trades,option_trade,2015-02-11,required_full_replication,28,ADI;ALNY;AMSG;ATRC;CGNX;CLD;COLM;DE;DGI;DXCM;FLR;INWK;JWN;KOPN;MIC;PAY;PLL;PNRA;QLIK;ROG;THC;TNGO;TRAK;TXRH;VEEV;WLL;WMB;WTS,28,date_file_or_underlying_filtered_export,,1
cboe_option_quotes,option_quote,2015-02-11,required_full_replication,28,ADI;ALNY;AMSG;ATRC;CGNX;CLD;COLM;DE;DGI;DXCM;FLR;INWK;JWN;KOPN;MIC;PAY;PLL;PNRA;QLIK;ROG;THC;TNGO;TRAK;TXRH;VEEV;WLL;WMB;WTS,28,date_file_or_underlying_filtered_export,,1
nasdaq_itch_5_0_decoded,itch_decoded,2015-02-11,conditional,28,ADI;ALNY;AMSG;ATRC;CGNX;CLD;COLM;DE;DGI;DXCM;FLR;INWK;JWN;KOPN;MIC;PAY;PLL;PNRA;QLIK;ROG;THC;TNGO;TRAK;TXRH;VEEV;WLL;WMB;WTS,28,decoded_date_file_filtered_to_required_symbols,point_in_time_primary_listing_exchange,1
nyse_daily_taq,equity_trade,2015-02-12,required_core,27,ADI;ALNY;AMSG;ATRC;CGNX;CLD;COLM;DE;DGI;DXCM;FLR;INWK;JWN;KOPN;MIC;PAY;PLL;QLIK;ROG;THC;TNGO;TRAK;TXRH;VEEV;WLL;WMB;WTS,27,date_file_or_symbol_filtered_export,,1
nyse_daily_taq,equity_quote,2015-02-12,required_core,27,ADI;ALNY;AMSG;ATRC;CGNX;CLD;COLM;DE;DGI;DXCM;FLR;INWK;JWN;KOPN;MIC;PAY;PLL;QLIK;ROG;THC;TNGO;TRAK;TXRH;VEEV;WLL;WMB;WTS,27,date_file_or_symbol_filtered_export,,1
cboe_option_trades,option_trade,2015-02-12,required_full_replication,27,ADI;ALNY;AMSG;ATRC;CGNX;CLD;COLM;DE;DGI;DXCM;FLR;INWK;JWN;KOPN;MIC;PAY;PLL;QLIK;ROG;THC;TNGO;TRAK;TXRH;VEEV;WLL;WMB;WTS,27,date_file_or_underlying_filtered_export,,1
cboe_option_quotes,option_quote,2015-02-12,required_full_replication,27,ADI;ALNY;AMSG;ATRC;CGNX;CLD;COLM;DE;DGI;DXCM;FLR;INWK;JWN;KOPN;MIC;PAY;PLL;QLIK;ROG;THC;TNGO;TRAK;TXRH;VEEV;WLL;WMB;WTS,27,date_file_or_underlying_filtered_export,,1
nasdaq_itch_5_0_decoded,itch_decoded,2015-02-12,conditional,27,ADI;ALNY;AMSG;ATRC;CGNX;CLD;COLM;DE;DGI;DXCM;FLR;INWK;JWN;KOPN;MIC;PAY;PLL;QLIK;ROG;THC;TNGO;TRAK;TXRH;VEEV;WLL;WMB;WTS,27,decoded_date_file_filtered_to_required_symbols,point_in_time_primary_listing_exchange,1
nyse_daily_taq,equity_trade,2015-02-13,required_core,21,ADI;AMSG;ATRC;CLD;DE;DGI;DXCM;FLR;JWN;KOPN;MIC;PAY;PLL;ROG;THC;TRAK;TXRH;VEEV;WLL;WMB;WTS,21,date_file_or_symbol_filtered_export,,1
nyse_daily_taq,equity_quote,2015-02-13,required_core,21,ADI;AMSG;ATRC;CLD;DE;DGI;DXCM;FLR;JWN;KOPN;MIC;PAY;PLL;ROG;THC;TRAK;TXRH;VEEV;WLL;WMB;WTS,21,date_file_or_symbol_filtered_export,,1
cboe_option_trades,option_trade,2015-02-13,required_full_replication,21,ADI;AMSG;ATRC;CLD;DE;DGI;DXCM;FLR;JWN;KOPN;MIC;PAY;PLL;ROG;THC;TRAK;TXRH;VEEV;WLL;WMB;WTS,21,date_file_or_underlying_filtered_export,,1
cboe_option_quotes,option_quote,2015-02-13,required_full_replication,21,ADI;AMSG;ATRC;CLD;DE;DGI;DXCM;FLR;JWN;KOPN;MIC;PAY;PLL;ROG;THC;TRAK;TXRH;VEEV;WLL;WMB;WTS,21,date_file_or_underlying_filtered_export,,1
nasdaq_itch_5_0_decoded,itch_decoded,2015-02-13,conditional,21,ADI;AMSG;ATRC;CLD;DE;DGI;DXCM;FLR;JWN;KOPN;MIC;PAY;PLL;ROG;THC;TRAK;TXRH;VEEV;WLL;WMB;WTS,21,decoded_date_file_filtered_to_required_symbols,point_in_time_primary_listing_exchange,1
nyse_daily_taq,equity_trade,2015-02-17,required_core,21,ADI;AMSG;ATRC;CLD;DE;DGI;DXCM;FLR;JWN;KOPN;MIC;PAY;PLL;ROG;THC;TRAK;TXRH;VEEV;WLL;WMB;WTS,21,date_file_or_symbol_filtered_export,,1
nyse_daily_taq,equity_quote,2015-02-17,required_core,21,ADI;AMSG;ATRC;CLD;DE;DGI;DXCM;FLR;JWN;KOPN;MIC;PAY;PLL;ROG;THC;TRAK;TXRH;VEEV;WLL;WMB;WTS,21,date_file_or_symbol_filtered_export,,1
cboe_option_trades,option_trade,2015-02-17,required_full_replication,21,ADI;AMSG;ATRC;CLD;DE;DGI;DXCM;FLR;JWN;KOPN;MIC;PAY;PLL;ROG;THC;TRAK;TXRH;VEEV;WLL;WMB;WTS,21,date_file_or_underlying_filtered_export,,1
cboe_option_quotes,option_quote,2015-02-17,required_full_replication,21,ADI;AMSG;ATRC;CLD;DE;DGI;DXCM;FLR;JWN;KOPN;MIC;PAY;PLL;ROG;THC;TRAK;TXRH;VEEV;WLL;WMB;WTS,21,date_file_or_underlying_filtered_export,,1
nasdaq_itch_5_0_decoded,itch_decoded,2015-02-17,conditional,21,ADI;AMSG;ATRC;CLD;DE;DGI;DXCM;FLR;JWN;KOPN;MIC;PAY;PLL;ROG;THC;TRAK;TXRH;VEEV;WLL;WMB;WTS,21,decoded_date_file_filtered_to_required_symbols,point_in_time_primary_listing_exchange,1
nyse_daily_taq,equity_trade,2015-02-18,required_core,18,AMSG;ATRC;DE;DGI;DXCM;JWN;KOPN;MFRM;MIC;NKE;PAY;PLL;THC;TRAK;TXRH;VEEV;WLL;WMB,18,date_file_or_symbol_filtered_export,,1
nyse_daily_taq,equity_quote,2015-02-18,required_core,18,AMSG;ATRC;DE;DGI;DXCM;JWN;KOPN;MFRM;MIC;NKE;PAY;PLL;THC;TRAK;TXRH;VEEV;WLL;WMB,18,date_file_or_symbol_filtered_export,,1
cboe_option_trades,option_trade,2015-02-18,required_full_replication,18,AMSG;ATRC;DE;DGI;DXCM;JWN;KOPN;MFRM;MIC;NKE;PAY;PLL;THC;TRAK;TXRH;VEEV;WLL;WMB,18,date_file_or_underlying_filtered_export,,1
cboe_option_quotes,option_quote,2015-02-18,required_full_replication,18,AMSG;ATRC;DE;DGI;DXCM;JWN;KOPN;MFRM;MIC;NKE;PAY;PLL;THC;TRAK;TXRH;VEEV;WLL;WMB,18,date_file_or_underlying_filtered_export,,1
nasdaq_itch_5_0_decoded,itch_decoded,2015-02-18,conditional,18,AMSG;ATRC;DE;DGI;DXCM;JWN;KOPN;MFRM;MIC;NKE;PAY;PLL;THC;TRAK;TXRH;VEEV;WLL;WMB,18,decoded_date_file_filtered_to_required_symbols,point_in_time_primary_listing_exchange,1
nyse_daily_taq,equity_trade,2015-02-19,required_core,16,AMSG;ATRC;DE;DGI;DXCM;JWN;KOPN;MFRM;NKE;PAY;PLL;THC;TRAK;TXRH;VEEV;WLL,16,date_file_or_symbol_filtered_export,,1
nyse_daily_taq,equity_quote,2015-02-19,required_core,16,AMSG;ATRC;DE;DGI;DXCM;JWN;KOPN;MFRM;NKE;PAY;PLL;THC;TRAK;TXRH;VEEV;WLL,16,date_file_or_symbol_filtered_export,,1
cboe_option_trades,option_trade,2015-02-19,required_full_replication,16,AMSG;ATRC;DE;DGI;DXCM;JWN;KOPN;MFRM;NKE;PAY;PLL;THC;TRAK;TXRH;VEEV;WLL,16,date_file_or_underlying_filtered_export,,1
cboe_option_quotes,option_quote,2015-02-19,required_full_replication,16,AMSG;ATRC;DE;DGI;DXCM;JWN;KOPN;MFRM;NKE;PAY;PLL;THC;TRAK;TXRH;VEEV;WLL,16,date_file_or_underlying_filtered_export,,1
nasdaq_itch_5_0_decoded,itch_decoded,2015-02-19,conditional,16,AMSG;ATRC;DE;DGI;DXCM;JWN;KOPN;MFRM;NKE;PAY;PLL;THC;TRAK;TXRH;VEEV;WLL,16,decoded_date_file_filtered_to_required_symbols,point_in_time_primary_listing_exchange,1
nyse_daily_taq,equity_trade,2015-02-20,required_core,14,AMSG;ATRC;DGI;DXCM;KOPN;MFRM;NKE;PAY;PLL;THC;TRAK;TXRH;VEEV;WLL,14,date_file_or_symbol_filtered_export,,1
nyse_daily_taq,equity_quote,2015-02-20,required_core,14,AMSG;ATRC;DGI;DXCM;KOPN;MFRM;NKE;PAY;PLL;THC;TRAK;TXRH;VEEV;WLL,14,date_file_or_symbol_filtered_export,,1
cboe_option_trades,option_trade,2015-02-20,required_full_replication,14,AMSG;ATRC;DGI;DXCM;KOPN;MFRM;NKE;PAY;PLL;THC;TRAK;TXRH;VEEV;WLL,14,date_file_or_underlying_filtered_export,,1
cboe_option_quotes,option_quote,2015-02-20,required_full_replication,14,AMSG;ATRC;DGI;DXCM;KOPN;MFRM;NKE;PAY;PLL;THC;TRAK;TXRH;VEEV;WLL,14,date_file_or_underlying_filtered_export,,1
nasdaq_itch_5_0_decoded,itch_decoded,2015-02-20,conditional,14,AMSG;ATRC;DGI;DXCM;KOPN;MFRM;NKE;PAY;PLL;THC;TRAK;TXRH;VEEV;WLL,14,decoded_date_file_filtered_to_required_symbols,point_in_time_primary_listing_exchange,1
nyse_daily_taq,equity_trade,2015-02-23,required_core,14,AMSG;ATRC;DGI;DXCM;KOPN;MFRM;NKE;PAY;PLL;THC;TRAK;TXRH;VEEV;WLL,14,date_file_or_symbol_filtered_export,,1
nyse_daily_taq,equity_quote,2015-02-23,required_core,14,AMSG;ATRC;DGI;DXCM;KOPN;MFRM;NKE;PAY;PLL;THC;TRAK;TXRH;VEEV;WLL,14,date_file_or_symbol_filtered_export,,1
cboe_option_trades,option_trade,2015-02-23,required_full_replication,14,AMSG;ATRC;DGI;DXCM;KOPN;MFRM;NKE;PAY;PLL;THC;TRAK;TXRH;VEEV;WLL,14,date_file_or_underlying_filtered_export,,1
cboe_option_quotes,option_quote,2015-02-23,required_full_replication,14,AMSG;ATRC;DGI;DXCM;KOPN;MFRM;NKE;PAY;PLL;THC;TRAK;TXRH;VEEV;WLL,14,date_file_or_underlying_filtered_export,,1
nasdaq_itch_5_0_decoded,itch_decoded,2015-02-23,conditional,14,AMSG;ATRC;DGI;DXCM;KOPN;MFRM;NKE;PAY;PLL;THC;TRAK;TXRH;VEEV;WLL,14,decoded_date_file_filtered_to_required_symbols,point_in_time_primary_listing_exchange,1
nyse_daily_taq,equity_trade,2015-02-24,required_core,11,AMSG;CAG;DGI;DXCM;KOPN;MFRM;NKE;PAY;PVH;VEEV;WLL,11,date_file_or_symbol_filtered_export,,1
nyse_daily_taq,equity_quote,2015-02-24,required_core,11,AMSG;CAG;DGI;DXCM;KOPN;MFRM;NKE;PAY;PVH;VEEV;WLL,11,date_file_or_symbol_filtered_export,,1
cboe_option_trades,option_trade,2015-02-24,required_full_replication,11,AMSG;CAG;DGI;DXCM;KOPN;MFRM;NKE;PAY;PVH;VEEV;WLL,11,date_file_or_underlying_filtered_export,,1
cboe_option_quotes,option_quote,2015-02-24,required_full_replication,11,AMSG;CAG;DGI;DXCM;KOPN;MFRM;NKE;PAY;PVH;VEEV;WLL,11,date_file_or_underlying_filtered_export,,1
nasdaq_itch_5_0_decoded,itch_decoded,2015-02-24,conditional,11,AMSG;CAG;DGI;DXCM;KOPN;MFRM;NKE;PAY;PVH;VEEV;WLL,11,decoded_date_file_filtered_to_required_symbols,point_in_time_primary_listing_exchange,1
nyse_daily_taq,equity_trade,2015-02-25,required_core,13,AMSG;CAG;DGI;DXCM;GME;KOPN;MFRM;NKE;PAY;PVH;RH;VEEV;WLL,13,date_file_or_symbol_filtered_export,,1
nyse_daily_taq,equity_quote,2015-02-25,required_core,13,AMSG;CAG;DGI;DXCM;GME;KOPN;MFRM;NKE;PAY;PVH;RH;VEEV;WLL,13,date_file_or_symbol_filtered_export,,1
cboe_option_trades,option_trade,2015-02-25,required_full_replication,13,AMSG;CAG;DGI;DXCM;GME;KOPN;MFRM;NKE;PAY;PVH;RH;VEEV;WLL,13,date_file_or_underlying_filtered_export,,1
cboe_option_quotes,option_quote,2015-02-25,required_full_replication,13,AMSG;CAG;DGI;DXCM;GME;KOPN;MFRM;NKE;PAY;PVH;RH;VEEV;WLL,13,date_file_or_underlying_filtered_export,,1
nasdaq_itch_5_0_decoded,itch_decoded,2015-02-25,conditional,13,AMSG;CAG;DGI;DXCM;GME;KOPN;MFRM;NKE;PAY;PVH;RH;VEEV;WLL,13,decoded_date_file_filtered_to_required_symbols,point_in_time_primary_listing_exchange,1
nyse_daily_taq,equity_trade,2015-02-26,required_core,10,CAG;DGI;GME;KOPN;MFRM;NKE;PAY;PVH;RH;VEEV,10,date_file_or_symbol_filtered_export,,1
nyse_daily_taq,equity_quote,2015-02-26,required_core,10,CAG;DGI;GME;KOPN;MFRM;NKE;PAY;PVH;RH;VEEV,10,date_file_or_symbol_filtered_export,,1
cboe_option_trades,option_trade,2015-02-26,required_full_replication,10,CAG;DGI;GME;KOPN;MFRM;NKE;PAY;PVH;RH;VEEV,10,date_file_or_underlying_filtered_export,,1
cboe_option_quotes,option_quote,2015-02-26,required_full_replication,10,CAG;DGI;GME;KOPN;MFRM;NKE;PAY;PVH;RH;VEEV,10,date_file_or_underlying_filtered_export,,1
nasdaq_itch_5_0_decoded,itch_decoded,2015-02-26,conditional,10,CAG;DGI;GME;KOPN;MFRM;NKE;PAY;PVH;RH;VEEV,10,decoded_date_file_filtered_to_required_symbols,point_in_time_primary_listing_exchange,1
nyse_daily_taq,equity_trade,2015-02-27,required_core,9,CAG;GME;KOPN;MFRM;NKE;PAY;PVH;RH;VEEV,9,date_file_or_symbol_filtered_export,,1
nyse_daily_taq,equity_quote,2015-02-27,required_core,9,CAG;GME;KOPN;MFRM;NKE;PAY;PVH;RH;VEEV,9,date_file_or_symbol_filtered_export,,1
cboe_option_trades,option_trade,2015-02-27,required_full_replication,9,CAG;GME;KOPN;MFRM;NKE;PAY;PVH;RH;VEEV,9,date_file_or_underlying_filtered_export,,1
cboe_option_quotes,option_quote,2015-02-27,required_full_replication,9,CAG;GME;KOPN;MFRM;NKE;PAY;PVH;RH;VEEV,9,date_file_or_underlying_filtered_export,,1
nasdaq_itch_5_0_decoded,itch_decoded,2015-02-27,conditional,9,CAG;GME;KOPN;MFRM;NKE;PAY;PVH;RH;VEEV,9,decoded_date_file_filtered_to_required_symbols,point_in_time_primary_listing_exchange,1
nyse_daily_taq,equity_trade,2015-03-02,required_core,10,CAG;GME;KOPN;MFRM;NKE;PAY;PVH;RH;SNX;VEEV,10,date_file_or_symbol_filtered_export,,1
nyse_daily_taq,equity_quote,2015-03-02,required_core,10,CAG;GME;KOPN;MFRM;NKE;PAY;PVH;RH;SNX;VEEV,10,date_file_or_symbol_filtered_export,,1
cboe_option_trades,option_trade,2015-03-02,required_full_replication,10,CAG;GME;KOPN;MFRM;NKE;PAY;PVH;RH;SNX;VEEV,10,date_file_or_underlying_filtered_export,,1
cboe_option_quotes,option_quote,2015-03-02,required_full_replication,10,CAG;GME;KOPN;MFRM;NKE;PAY;PVH;RH;SNX;VEEV,10,date_file_or_underlying_filtered_export,,1
nasdaq_itch_5_0_decoded,itch_decoded,2015-03-02,conditional,10,CAG;GME;KOPN;MFRM;NKE;PAY;PVH;RH;SNX;VEEV,10,decoded_date_file_filtered_to_required_symbols,point_in_time_primary_listing_exchange,1
nyse_daily_taq,equity_trade,2015-03-03,required_core,10,CAG;GME;KOPN;MFRM;NKE;PAY;PVH;RH;SNX;VEEV,10,date_file_or_symbol_filtered_export,,1
nyse_daily_taq,equity_quote,2015-03-03,required_core,10,CAG;GME;KOPN;MFRM;NKE;PAY;PVH;RH;SNX;VEEV,10,date_file_or_symbol_filtered_export,,1
cboe_option_trades,option_trade,2015-03-03,required_full_replication,10,CAG;GME;KOPN;MFRM;NKE;PAY;PVH;RH;SNX;VEEV,10,date_file_or_underlying_filtered_export,,1
cboe_option_quotes,option_quote,2015-03-03,required_full_replication,10,CAG;GME;KOPN;MFRM;NKE;PAY;PVH;RH;SNX;VEEV,10,date_file_or_underlying_filtered_export,,1
nasdaq_itch_5_0_decoded,itch_decoded,2015-03-03,conditional,10,CAG;GME;KOPN;MFRM;NKE;PAY;PVH;RH;SNX;VEEV,10,decoded_date_file_filtered_to_required_symbols,point_in_time_primary_listing_exchange,1
nyse_daily_taq,equity_trade,2015-03-04,required_core,9,CAG;GME;KOPN;MFRM;NKE;PAY;PVH;RH;SNX,9,date_file_or_symbol_filtered_export,,1
nyse_daily_taq,equity_quote,2015-03-04,required_core,9,CAG;GME;KOPN;MFRM;NKE;PAY;PVH;RH;SNX,9,date_file_or_symbol_filtered_export,,1
cboe_option_trades,option_trade,2015-03-04,required_full_replication,9,CAG;GME;KOPN;MFRM;NKE;PAY;PVH;RH;SNX,9,date_file_or_underlying_filtered_export,,1
cboe_option_quotes,option_quote,2015-03-04,required_full_replication,9,CAG;GME;KOPN;MFRM;NKE;PAY;PVH;RH;SNX,9,date_file_or_underlying_filtered_export,,1
nasdaq_itch_5_0_decoded,itch_decoded,2015-03-04,conditional,9,CAG;GME;KOPN;MFRM;NKE;PAY;PVH;RH;SNX,9,decoded_date_file_filtered_to_required_symbols,point_in_time_primary_listing_exchange,1
nyse_daily_taq,equity_trade,2015-03-05,required_core,9,CAG;GME;KOPN;MFRM;NKE;PAY;PVH;RH;SNX,9,date_file_or_symbol_filtered_export,,1
nyse_daily_taq,equity_quote,2015-03-05,required_core,9,CAG;GME;KOPN;MFRM;NKE;PAY;PVH;RH;SNX,9,date_file_or_symbol_filtered_export,,1
cboe_option_trades,option_trade,2015-03-05,required_full_replication,9,CAG;GME;KOPN;MFRM;NKE;PAY;PVH;RH;SNX,9,date_file_or_underlying_filtered_export,,1
cboe_option_quotes,option_quote,2015-03-05,required_full_replication,9,CAG;GME;KOPN;MFRM;NKE;PAY;PVH;RH;SNX,9,date_file_or_underlying_filtered_export,,1
nasdaq_itch_5_0_decoded,itch_decoded,2015-03-05,conditional,9,CAG;GME;KOPN;MFRM;NKE;PAY;PVH;RH;SNX,9,decoded_date_file_filtered_to_required_symbols,point_in_time_primary_listing_exchange,1
nyse_daily_taq,equity_trade,2015-03-06,required_core,9,CAG;GME;KOPN;MFRM;NKE;PAY;PVH;RH;SNX,9,date_file_or_symbol_filtered_export,,1
nyse_daily_taq,equity_quote,2015-03-06,required_core,9,CAG;GME;KOPN;MFRM;NKE;PAY;PVH;RH;SNX,9,date_file_or_symbol_filtered_export,,1
cboe_option_trades,option_trade,2015-03-06,required_full_replication,9,CAG;GME;KOPN;MFRM;NKE;PAY;PVH;RH;SNX,9,date_file_or_underlying_filtered_export,,1
cboe_option_quotes,option_quote,2015-03-06,required_full_replication,9,CAG;GME;KOPN;MFRM;NKE;PAY;PVH;RH;SNX,9,date_file_or_underlying_filtered_export,,1
nasdaq_itch_5_0_decoded,itch_decoded,2015-03-06,conditional,9,CAG;GME;KOPN;MFRM;NKE;PAY;PVH;RH;SNX,9,decoded_date_file_filtered_to_required_symbols,point_in_time_primary_listing_exchange,1
nyse_daily_taq,equity_trade,2015-03-09,required_core,9,CAG;GME;KOPN;MFRM;NKE;PAY;PVH;RH;SNX,9,date_file_or_symbol_filtered_export,,1
nyse_daily_taq,equity_quote,2015-03-09,required_core,9,CAG;GME;KOPN;MFRM;NKE;PAY;PVH;RH;SNX,9,date_file_or_symbol_filtered_export,,1
cboe_option_trades,option_trade,2015-03-09,required_full_replication,9,CAG;GME;KOPN;MFRM;NKE;PAY;PVH;RH;SNX,9,date_file_or_underlying_filtered_export,,1
cboe_option_quotes,option_quote,2015-03-09,required_full_replication,9,CAG;GME;KOPN;MFRM;NKE;PAY;PVH;RH;SNX,9,date_file_or_underlying_filtered_export,,1
nasdaq_itch_5_0_decoded,itch_decoded,2015-03-09,conditional,9,CAG;GME;KOPN;MFRM;NKE;PAY;PVH;RH;SNX,9,decoded_date_file_filtered_to_required_symbols,point_in_time_primary_listing_exchange,1
nyse_daily_taq,equity_trade,2015-03-10,required_core,9,CAG;GME;KOPN;MFRM;NKE;PAY;PVH;RH;SNX,9,date_file_or_symbol_filtered_export,,1
nyse_daily_taq,equity_quote,2015-03-10,required_core,9,CAG;GME;KOPN;MFRM;NKE;PAY;PVH;RH;SNX,9,date_file_or_symbol_filtered_export,,1
cboe_option_trades,option_trade,2015-03-10,required_full_replication,9,CAG;GME;KOPN;MFRM;NKE;PAY;PVH;RH;SNX,9,date_file_or_underlying_filtered_export,,1
cboe_option_quotes,option_quote,2015-03-10,required_full_replication,9,CAG;GME;KOPN;MFRM;NKE;PAY;PVH;RH;SNX,9,date_file_or_underlying_filtered_export,,1
nasdaq_itch_5_0_decoded,itch_decoded,2015-03-10,conditional,9,CAG;GME;KOPN;MFRM;NKE;PAY;PVH;RH;SNX,9,decoded_date_file_filtered_to_required_symbols,point_in_time_primary_listing_exchange,1
nyse_daily_taq,equity_trade,2015-03-11,required_core,7,CAG;GME;MFRM;NKE;PVH;RH;SNX,7,date_file_or_symbol_filtered_export,,1
nyse_daily_taq,equity_quote,2015-03-11,required_core,7,CAG;GME;MFRM;NKE;PVH;RH;SNX,7,date_file_or_symbol_filtered_export,,1
cboe_option_trades,option_trade,2015-03-11,required_full_replication,7,CAG;GME;MFRM;NKE;PVH;RH;SNX,7,date_file_or_underlying_filtered_export,,1
cboe_option_quotes,option_quote,2015-03-11,required_full_replication,7,CAG;GME;MFRM;NKE;PVH;RH;SNX,7,date_file_or_underlying_filtered_export,,1
nasdaq_itch_5_0_decoded,itch_decoded,2015-03-11,conditional,7,CAG;GME;MFRM;NKE;PVH;RH;SNX,7,decoded_date_file_filtered_to_required_symbols,point_in_time_primary_listing_exchange,1
nyse_daily_taq,equity_trade,2015-03-12,required_core,7,CAG;GME;MFRM;NKE;PVH;RH;SNX,7,date_file_or_symbol_filtered_export,,1
nyse_daily_taq,equity_quote,2015-03-12,required_core,7,CAG;GME;MFRM;NKE;PVH;RH;SNX,7,date_file_or_symbol_filtered_export,,1
cboe_option_trades,option_trade,2015-03-12,required_full_replication,7,CAG;GME;MFRM;NKE;PVH;RH;SNX,7,date_file_or_underlying_filtered_export,,1
cboe_option_quotes,option_quote,2015-03-12,required_full_replication,7,CAG;GME;MFRM;NKE;PVH;RH;SNX,7,date_file_or_underlying_filtered_export,,1
nasdaq_itch_5_0_decoded,itch_decoded,2015-03-12,conditional,7,CAG;GME;MFRM;NKE;PVH;RH;SNX,7,decoded_date_file_filtered_to_required_symbols,point_in_time_primary_listing_exchange,1
nyse_daily_taq,equity_trade,2015-03-13,required_core,7,CAG;GME;MFRM;NKE;PVH;RH;SNX,7,date_file_or_symbol_filtered_export,,1
nyse_daily_taq,equity_quote,2015-03-13,required_core,7,CAG;GME;MFRM;NKE;PVH;RH;SNX,7,date_file_or_symbol_filtered_export,,1
cboe_option_trades,option_trade,2015-03-13,required_full_replication,7,CAG;GME;MFRM;NKE;PVH;RH;SNX,7,date_file_or_underlying_filtered_export,,1
cboe_option_quotes,option_quote,2015-03-13,required_full_replication,7,CAG;GME;MFRM;NKE;PVH;RH;SNX,7,date_file_or_underlying_filtered_export,,1
nasdaq_itch_5_0_decoded,itch_decoded,2015-03-13,conditional,7,CAG;GME;MFRM;NKE;PVH;RH;SNX,7,decoded_date_file_filtered_to_required_symbols,point_in_time_primary_listing_exchange,1
nyse_daily_taq,equity_trade,2015-03-16,required_core,7,CAG;GME;MFRM;NKE;PVH;RH;SNX,7,date_file_or_symbol_filtered_export,,1
nyse_daily_taq,equity_quote,2015-03-16,required_core,7,CAG;GME;MFRM;NKE;PVH;RH;SNX,7,date_file_or_symbol_filtered_export,,1
cboe_option_trades,option_trade,2015-03-16,required_full_replication,7,CAG;GME;MFRM;NKE;PVH;RH;SNX,7,date_file_or_underlying_filtered_export,,1
cboe_option_quotes,option_quote,2015-03-16,required_full_replication,7,CAG;GME;MFRM;NKE;PVH;RH;SNX,7,date_file_or_underlying_filtered_export,,1
nasdaq_itch_5_0_decoded,itch_decoded,2015-03-16,conditional,7,CAG;GME;MFRM;NKE;PVH;RH;SNX,7,decoded_date_file_filtered_to_required_symbols,point_in_time_primary_listing_exchange,1
nyse_daily_taq,equity_trade,2015-03-17,required_core,9,CAG;GME;MAT;MFRM;NKE;NOW;PVH;RH;SNX,9,date_file_or_symbol_filtered_export,,1
nyse_daily_taq,equity_quote,2015-03-17,required_core,9,CAG;GME;MAT;MFRM;NKE;NOW;PVH;RH;SNX,9,date_file_or_symbol_filtered_export,,1
cboe_option_trades,option_trade,2015-03-17,required_full_replication,9,CAG;GME;MAT;MFRM;NKE;NOW;PVH;RH;SNX,9,date_file_or_underlying_filtered_export,,1
cboe_option_quotes,option_quote,2015-03-17,required_full_replication,9,CAG;GME;MAT;MFRM;NKE;NOW;PVH;RH;SNX,9,date_file_or_underlying_filtered_export,,1
nasdaq_itch_5_0_decoded,itch_decoded,2015-03-17,conditional,9,CAG;GME;MAT;MFRM;NKE;NOW;PVH;RH;SNX,9,decoded_date_file_filtered_to_required_symbols,point_in_time_primary_listing_exchange,1
nyse_daily_taq,equity_trade,2015-03-18,required_core,9,CAG;GME;MAT;MFRM;NKE;NOW;PVH;RH;SNX,9,date_file_or_symbol_filtered_export,,1
nyse_daily_taq,equity_quote,2015-03-18,required_core,9,CAG;GME;MAT;MFRM;NKE;NOW;PVH;RH;SNX,9,date_file_or_symbol_filtered_export,,1
cboe_option_trades,option_trade,2015-03-18,required_full_replication,9,CAG;GME;MAT;MFRM;NKE;NOW;PVH;RH;SNX,9,date_file_or_underlying_filtered_export,,1
cboe_option_quotes,option_quote,2015-03-18,required_full_replication,9,CAG;GME;MAT;MFRM;NKE;NOW;PVH;RH;SNX,9,date_file_or_underlying_filtered_export,,1
nasdaq_itch_5_0_decoded,itch_decoded,2015-03-18,conditional,9,CAG;GME;MAT;MFRM;NKE;NOW;PVH;RH;SNX,9,decoded_date_file_filtered_to_required_symbols,point_in_time_primary_listing_exchange,1
nyse_daily_taq,equity_trade,2015-03-19,required_core,9,CAG;GME;MAT;MFRM;NKE;NOW;PVH;RH;SNX,9,date_file_or_symbol_filtered_export,,1
nyse_daily_taq,equity_quote,2015-03-19,required_core,9,CAG;GME;MAT;MFRM;NKE;NOW;PVH;RH;SNX,9,date_file_or_symbol_filtered_export,,1
cboe_option_trades,option_trade,2015-03-19,required_full_replication,9,CAG;GME;MAT;MFRM;NKE;NOW;PVH;RH;SNX,9,date_file_or_underlying_filtered_export,,1
cboe_option_quotes,option_quote,2015-03-19,required_full_replication,9,CAG;GME;MAT;MFRM;NKE;NOW;PVH;RH;SNX,9,date_file_or_underlying_filtered_export,,1
nasdaq_itch_5_0_decoded,itch_decoded,2015-03-19,conditional,9,CAG;GME;MAT;MFRM;NKE;NOW;PVH;RH;SNX,9,decoded_date_file_filtered_to_required_symbols,point_in_time_primary_listing_exchange,1
nyse_daily_taq,equity_trade,2015-03-20,required_core,9,CAG;CREE;GME;ILMN;MAT;NOW;PVH;RH;SNX,9,date_file_or_symbol_filtered_export,,1
nyse_daily_taq,equity_quote,2015-03-20,required_core,9,CAG;CREE;GME;ILMN;MAT;NOW;PVH;RH;SNX,9,date_file_or_symbol_filtered_export,,1
cboe_option_trades,option_trade,2015-03-20,required_full_replication,9,CAG;CREE;GME;ILMN;MAT;NOW;PVH;RH;SNX,9,date_file_or_underlying_filtered_export,,1
cboe_option_quotes,option_quote,2015-03-20,required_full_replication,9,CAG;CREE;GME;ILMN;MAT;NOW;PVH;RH;SNX,9,date_file_or_underlying_filtered_export,,1
nasdaq_itch_5_0_decoded,itch_decoded,2015-03-20,conditional,9,CAG;CREE;GME;ILMN;MAT;NOW;PVH;RH;SNX,9,decoded_date_file_filtered_to_required_symbols,point_in_time_primary_listing_exchange,1
nyse_daily_taq,equity_trade,2015-03-23,required_core,13,AMP;CAG;CAKE;COL;CREE;GME;ILMN;MAT;NOW;PVH;RH;SKX;SNX,13,date_file_or_symbol_filtered_export,,1
nyse_daily_taq,equity_quote,2015-03-23,required_core,13,AMP;CAG;CAKE;COL;CREE;GME;ILMN;MAT;NOW;PVH;RH;SKX;SNX,13,date_file_or_symbol_filtered_export,,1
cboe_option_trades,option_trade,2015-03-23,required_full_replication,13,AMP;CAG;CAKE;COL;CREE;GME;ILMN;MAT;NOW;PVH;RH;SKX;SNX,13,date_file_or_underlying_filtered_export,,1
cboe_option_quotes,option_quote,2015-03-23,required_full_replication,13,AMP;CAG;CAKE;COL;CREE;GME;ILMN;MAT;NOW;PVH;RH;SKX;SNX,13,date_file_or_underlying_filtered_export,,1
nasdaq_itch_5_0_decoded,itch_decoded,2015-03-23,conditional,13,AMP;CAG;CAKE;COL;CREE;GME;ILMN;MAT;NOW;PVH;RH;SKX;SNX,13,decoded_date_file_filtered_to_required_symbols,point_in_time_primary_listing_exchange,1
nyse_daily_taq,equity_trade,2015-03-24,required_core,13,AMP;CAG;CAKE;COL;CREE;GME;ILMN;MAT;NOW;PVH;RH;SKX;SNX,13,date_file_or_symbol_filtered_export,,1
nyse_daily_taq,equity_quote,2015-03-24,required_core,13,AMP;CAG;CAKE;COL;CREE;GME;ILMN;MAT;NOW;PVH;RH;SKX;SNX,13,date_file_or_symbol_filtered_export,,1
cboe_option_trades,option_trade,2015-03-24,required_full_replication,13,AMP;CAG;CAKE;COL;CREE;GME;ILMN;MAT;NOW;PVH;RH;SKX;SNX,13,date_file_or_underlying_filtered_export,,1
cboe_option_quotes,option_quote,2015-03-24,required_full_replication,13,AMP;CAG;CAKE;COL;CREE;GME;ILMN;MAT;NOW;PVH;RH;SKX;SNX,13,date_file_or_underlying_filtered_export,,1
nasdaq_itch_5_0_decoded,itch_decoded,2015-03-24,conditional,13,AMP;CAG;CAKE;COL;CREE;GME;ILMN;MAT;NOW;PVH;RH;SKX;SNX,13,decoded_date_file_filtered_to_required_symbols,point_in_time_primary_listing_exchange,1
nyse_daily_taq,equity_trade,2015-03-25,required_core,13,AMP;CAG;CAKE;COL;CREE;GME;ILMN;MAT;NOW;PVH;RH;SKX;SNX,13,date_file_or_symbol_filtered_export,,1
nyse_daily_taq,equity_quote,2015-03-25,required_core,13,AMP;CAG;CAKE;COL;CREE;GME;ILMN;MAT;NOW;PVH;RH;SKX;SNX,13,date_file_or_symbol_filtered_export,,1
cboe_option_trades,option_trade,2015-03-25,required_full_replication,13,AMP;CAG;CAKE;COL;CREE;GME;ILMN;MAT;NOW;PVH;RH;SKX;SNX,13,date_file_or_underlying_filtered_export,,1
cboe_option_quotes,option_quote,2015-03-25,required_full_replication,13,AMP;CAG;CAKE;COL;CREE;GME;ILMN;MAT;NOW;PVH;RH;SKX;SNX,13,date_file_or_underlying_filtered_export,,1
nasdaq_itch_5_0_decoded,itch_decoded,2015-03-25,conditional,13,AMP;CAG;CAKE;COL;CREE;GME;ILMN;MAT;NOW;PVH;RH;SKX;SNX,13,decoded_date_file_filtered_to_required_symbols,point_in_time_primary_listing_exchange,1
nyse_daily_taq,equity_trade,2015-03-26,required_core,16,ALSN;AMP;CAKE;CMP;COL;CR;CREE;GME;ILMN;MAT;NOW;OSK;RH;SKX;SNX;TXT,16,date_file_or_symbol_filtered_export,,1
nyse_daily_taq,equity_quote,2015-03-26,required_core,16,ALSN;AMP;CAKE;CMP;COL;CR;CREE;GME;ILMN;MAT;NOW;OSK;RH;SKX;SNX;TXT,16,date_file_or_symbol_filtered_export,,1
cboe_option_trades,option_trade,2015-03-26,required_full_replication,16,ALSN;AMP;CAKE;CMP;COL;CR;CREE;GME;ILMN;MAT;NOW;OSK;RH;SKX;SNX;TXT,16,date_file_or_underlying_filtered_export,,1
cboe_option_quotes,option_quote,2015-03-26,required_full_replication,16,ALSN;AMP;CAKE;CMP;COL;CR;CREE;GME;ILMN;MAT;NOW;OSK;RH;SKX;SNX;TXT,16,date_file_or_underlying_filtered_export,,1
nasdaq_itch_5_0_decoded,itch_decoded,2015-03-26,conditional,16,ALSN;AMP;CAKE;CMP;COL;CR;CREE;GME;ILMN;MAT;NOW;OSK;RH;SKX;SNX;TXT,16,decoded_date_file_filtered_to_required_symbols,point_in_time_primary_listing_exchange,1
nyse_daily_taq,equity_trade,2015-03-27,required_core,16,ACHC;ALSN;AMP;CAKE;CMP;COL;CR;CREE;ILMN;MAT;NATI;NOW;OSK;SKX;SNX;TXT,16,date_file_or_symbol_filtered_export,,1
nyse_daily_taq,equity_quote,2015-03-27,required_core,16,ACHC;ALSN;AMP;CAKE;CMP;COL;CR;CREE;ILMN;MAT;NATI;NOW;OSK;SKX;SNX;TXT,16,date_file_or_symbol_filtered_export,,1
cboe_option_trades,option_trade,2015-03-27,required_full_replication,16,ACHC;ALSN;AMP;CAKE;CMP;COL;CR;CREE;ILMN;MAT;NATI;NOW;OSK;SKX;SNX;TXT,16,date_file_or_underlying_filtered_export,,1
cboe_option_quotes,option_quote,2015-03-27,required_full_replication,16,ACHC;ALSN;AMP;CAKE;CMP;COL;CR;CREE;ILMN;MAT;NATI;NOW;OSK;SKX;SNX;TXT,16,date_file_or_underlying_filtered_export,,1
nasdaq_itch_5_0_decoded,itch_decoded,2015-03-27,conditional,16,ACHC;ALSN;AMP;CAKE;CMP;COL;CR;CREE;ILMN;MAT;NATI;NOW;OSK;SKX;SNX;TXT,16,decoded_date_file_filtered_to_required_symbols,point_in_time_primary_listing_exchange,1
nyse_daily_taq,equity_trade,2015-03-30,required_core,21,ACHC;ALSN;AMP;CACI;CAKE;CBT;CMP;COL;CR;CREE;ILMN;MAT;NATI;NOW;OSK;PBI;POWI;ROG;SKX;SNX;TXT,21,date_file_or_symbol_filtered_export,,1
nyse_daily_taq,equity_quote,2015-03-30,required_core,21,ACHC;ALSN;AMP;CACI;CAKE;CBT;CMP;COL;CR;CREE;ILMN;MAT;NATI;NOW;OSK;PBI;POWI;ROG;SKX;SNX;TXT,21,date_file_or_symbol_filtered_export,,1
cboe_option_trades,option_trade,2015-03-30,required_full_replication,21,ACHC;ALSN;AMP;CACI;CAKE;CBT;CMP;COL;CR;CREE;ILMN;MAT;NATI;NOW;OSK;PBI;POWI;ROG;SKX;SNX;TXT,21,date_file_or_underlying_filtered_export,,1
cboe_option_quotes,option_quote,2015-03-30,required_full_replication,21,ACHC;ALSN;AMP;CACI;CAKE;CBT;CMP;COL;CR;CREE;ILMN;MAT;NATI;NOW;OSK;PBI;POWI;ROG;SKX;SNX;TXT,21,date_file_or_underlying_filtered_export,,1
nasdaq_itch_5_0_decoded,itch_decoded,2015-03-30,conditional,21,ACHC;ALSN;AMP;CACI;CAKE;CBT;CMP;COL;CR;CREE;ILMN;MAT;NATI;NOW;OSK;PBI;POWI;ROG;SKX;SNX;TXT,21,decoded_date_file_filtered_to_required_symbols,point_in_time_primary_listing_exchange,1
nyse_daily_taq,equity_trade,2015-03-31,required_core,27,ACHC;ALSN;AMP;CACI;CAKE;CBT;CLD;CMP;COL;COLM;CR;CREE;FLT;ILMN;INT;MAT;NATI;NOW;OSK;PBI;POWI;ROG;ROVI;SGEN;SKX;SNX;TXT,27,date_file_or_symbol_filtered_export,,1
nyse_daily_taq,equity_quote,2015-03-31,required_core,27,ACHC;ALSN;AMP;CACI;CAKE;CBT;CLD;CMP;COL;COLM;CR;CREE;FLT;ILMN;INT;MAT;NATI;NOW;OSK;PBI;POWI;ROG;ROVI;SGEN;SKX;SNX;TXT,27,date_file_or_symbol_filtered_export,,1
cboe_option_trades,option_trade,2015-03-31,required_full_replication,27,ACHC;ALSN;AMP;CACI;CAKE;CBT;CLD;CMP;COL;COLM;CR;CREE;FLT;ILMN;INT;MAT;NATI;NOW;OSK;PBI;POWI;ROG;ROVI;SGEN;SKX;SNX;TXT,27,date_file_or_underlying_filtered_export,,1
cboe_option_quotes,option_quote,2015-03-31,required_full_replication,27,ACHC;ALSN;AMP;CACI;CAKE;CBT;CLD;CMP;COL;COLM;CR;CREE;FLT;ILMN;INT;MAT;NATI;NOW;OSK;PBI;POWI;ROG;ROVI;SGEN;SKX;SNX;TXT,27,date_file_or_underlying_filtered_export,,1
nasdaq_itch_5_0_decoded,itch_decoded,2015-03-31,conditional,27,ACHC;ALSN;AMP;CACI;CAKE;CBT;CLD;CMP;COL;COLM;CR;CREE;FLT;ILMN;INT;MAT;NATI;NOW;OSK;PBI;POWI;ROG;ROVI;SGEN;SKX;SNX;TXT,27,decoded_date_file_filtered_to_required_symbols,point_in_time_primary_listing_exchange,1
nyse_daily_taq,equity_trade,2015-04-01,required_core,26,ACHC;ALSN;AMP;CACI;CAKE;CBT;CLD;CMP;COL;COLM;CR;CREE;FLT;ILMN;INT;MAT;NATI;NOW;OSK;PBI;POWI;ROG;ROVI;SGEN;SKX;TXT,26,date_file_or_symbol_filtered_export,,1
nyse_daily_taq,equity_quote,2015-04-01,required_core,26,ACHC;ALSN;AMP;CACI;CAKE;CBT;CLD;CMP;COL;COLM;CR;CREE;FLT;ILMN;INT;MAT;NATI;NOW;OSK;PBI;POWI;ROG;ROVI;SGEN;SKX;TXT,26,date_file_or_symbol_filtered_export,,1
cboe_option_trades,option_trade,2015-04-01,required_full_replication,26,ACHC;ALSN;AMP;CACI;CAKE;CBT;CLD;CMP;COL;COLM;CR;CREE;FLT;ILMN;INT;MAT;NATI;NOW;OSK;PBI;POWI;ROG;ROVI;SGEN;SKX;TXT,26,date_file_or_underlying_filtered_export,,1
cboe_option_quotes,option_quote,2015-04-01,required_full_replication,26,ACHC;ALSN;AMP;CACI;CAKE;CBT;CLD;CMP;COL;COLM;CR;CREE;FLT;ILMN;INT;MAT;NATI;NOW;OSK;PBI;POWI;ROG;ROVI;SGEN;SKX;TXT,26,date_file_or_underlying_filtered_export,,1
nasdaq_itch_5_0_decoded,itch_decoded,2015-04-01,conditional,26,ACHC;ALSN;AMP;CACI;CAKE;CBT;CLD;CMP;COL;COLM;CR;CREE;FLT;ILMN;INT;MAT;NATI;NOW;OSK;PBI;POWI;ROG;ROVI;SGEN;SKX;TXT,26,decoded_date_file_filtered_to_required_symbols,point_in_time_primary_listing_exchange,1
nyse_daily_taq,equity_trade,2015-04-02,required_core,31,ACHC;ALSN;AMP;CACI;CAKE;CBT;CGNX;CLD;CMP;COL;COLM;CR;CREE;FLT;IDTI;ILMN;INT;MAT;MDU;NATI;NOW;OSK;PBI;POWI;ROG;ROVI;SGEN;SKX;THC;TW;TXT,31,date_file_or_symbol_filtered_export,,1
nyse_daily_taq,equity_quote,2015-04-02,required_core,31,ACHC;ALSN;AMP;CACI;CAKE;CBT;CGNX;CLD;CMP;COL;COLM;CR;CREE;FLT;IDTI;ILMN;INT;MAT;MDU;NATI;NOW;OSK;PBI;POWI;ROG;ROVI;SGEN;SKX;THC;TW;TXT,31,date_file_or_symbol_filtered_export,,1
cboe_option_trades,option_trade,2015-04-02,required_full_replication,31,ACHC;ALSN;AMP;CACI;CAKE;CBT;CGNX;CLD;CMP;COL;COLM;CR;CREE;FLT;IDTI;ILMN;INT;MAT;MDU;NATI;NOW;OSK;PBI;POWI;ROG;ROVI;SGEN;SKX;THC;TW;TXT,31,date_file_or_underlying_filtered_export,,1
cboe_option_quotes,option_quote,2015-04-02,required_full_replication,31,ACHC;ALSN;AMP;CACI;CAKE;CBT;CGNX;CLD;CMP;COL;COLM;CR;CREE;FLT;IDTI;ILMN;INT;MAT;MDU;NATI;NOW;OSK;PBI;POWI;ROG;ROVI;SGEN;SKX;THC;TW;TXT,31,date_file_or_underlying_filtered_export,,1
nasdaq_itch_5_0_decoded,itch_decoded,2015-04-02,conditional,31,ACHC;ALSN;AMP;CACI;CAKE;CBT;CGNX;CLD;CMP;COL;COLM;CR;CREE;FLT;IDTI;ILMN;INT;MAT;MDU;NATI;NOW;OSK;PBI;POWI;ROG;ROVI;SGEN;SKX;THC;TW;TXT,31,decoded_date_file_filtered_to_required_symbols,point_in_time_primary_listing_exchange,1
nyse_daily_taq,equity_trade,2015-04-06,required_core,32,ACHC;ALSN;AMP;CACI;CAKE;CBT;CGNX;CLD;CMP;COL;COLM;CR;CREE;FLT;IDTI;ILMN;INT;MAT;MDU;NATI;NOW;OSK;PBI;POWI;ROG;ROVI;SGEN;SKX;SM;THC;TW;TXT,32,date_file_or_symbol_filtered_export,,1
nyse_daily_taq,equity_quote,2015-04-06,required_core,32,ACHC;ALSN;AMP;CACI;CAKE;CBT;CGNX;CLD;CMP;COL;COLM;CR;CREE;FLT;IDTI;ILMN;INT;MAT;MDU;NATI;NOW;OSK;PBI;POWI;ROG;ROVI;SGEN;SKX;SM;THC;TW;TXT,32,date_file_or_symbol_filtered_export,,1
cboe_option_trades,option_trade,2015-04-06,required_full_replication,32,ACHC;ALSN;AMP;CACI;CAKE;CBT;CGNX;CLD;CMP;COL;COLM;CR;CREE;FLT;IDTI;ILMN;INT;MAT;MDU;NATI;NOW;OSK;PBI;POWI;ROG;ROVI;SGEN;SKX;SM;THC;TW;TXT,32,date_file_or_underlying_filtered_export,,1
cboe_option_quotes,option_quote,2015-04-06,required_full_replication,32,ACHC;ALSN;AMP;CACI;CAKE;CBT;CGNX;CLD;CMP;COL;COLM;CR;CREE;FLT;IDTI;ILMN;INT;MAT;MDU;NATI;NOW;OSK;PBI;POWI;ROG;ROVI;SGEN;SKX;SM;THC;TW;TXT,32,date_file_or_underlying_filtered_export,,1
nasdaq_itch_5_0_decoded,itch_decoded,2015-04-06,conditional,32,ACHC;ALSN;AMP;CACI;CAKE;CBT;CGNX;CLD;CMP;COL;COLM;CR;CREE;FLT;IDTI;ILMN;INT;MAT;MDU;NATI;NOW;OSK;PBI;POWI;ROG;ROVI;SGEN;SKX;SM;THC;TW;TXT,32,decoded_date_file_filtered_to_required_symbols,point_in_time_primary_listing_exchange,1
nyse_daily_taq,equity_trade,2015-04-07,required_core,36,ACHC;ALSN;AMP;BRKR;CACI;CAKE;CBT;CGNX;CLD;CMP;COL;COLM;CR;CREE;CSOD;DYN;FLT;IDTI;ILMN;INT;MAT;MDU;NATI;NOW;OSK;PBI;POWI;PRU;ROG;ROVI;SGEN;SKX;SM;THC;TW;TXT,36,date_file_or_symbol_filtered_export,,1
nyse_daily_taq,equity_quote,2015-04-07,required_core,36,ACHC;ALSN;AMP;BRKR;CACI;CAKE;CBT;CGNX;CLD;CMP;COL;COLM;CR;CREE;CSOD;DYN;FLT;IDTI;ILMN;INT;MAT;MDU;NATI;NOW;OSK;PBI;POWI;PRU;ROG;ROVI;SGEN;SKX;SM;THC;TW;TXT,36,date_file_or_symbol_filtered_export,,1
cboe_option_trades,option_trade,2015-04-07,required_full_replication,36,ACHC;ALSN;AMP;BRKR;CACI;CAKE;CBT;CGNX;CLD;CMP;COL;COLM;CR;CREE;CSOD;DYN;FLT;IDTI;ILMN;INT;MAT;MDU;NATI;NOW;OSK;PBI;POWI;PRU;ROG;ROVI;SGEN;SKX;SM;THC;TW;TXT,36,date_file_or_underlying_filtered_export,,1
cboe_option_quotes,option_quote,2015-04-07,required_full_replication,36,ACHC;ALSN;AMP;BRKR;CACI;CAKE;CBT;CGNX;CLD;CMP;COL;COLM;CR;CREE;CSOD;DYN;FLT;IDTI;ILMN;INT;MAT;MDU;NATI;NOW;OSK;PBI;POWI;PRU;ROG;ROVI;SGEN;SKX;SM;THC;TW;TXT,36,date_file_or_underlying_filtered_export,,1
nasdaq_itch_5_0_decoded,itch_decoded,2015-04-07,conditional,36,ACHC;ALSN;AMP;BRKR;CACI;CAKE;CBT;CGNX;CLD;CMP;COL;COLM;CR;CREE;CSOD;DYN;FLT;IDTI;ILMN;INT;MAT;MDU;NATI;NOW;OSK;PBI;POWI;PRU;ROG;ROVI;SGEN;SKX;SM;THC;TW;TXT,36,decoded_date_file_filtered_to_required_symbols,point_in_time_primary_listing_exchange,1
nyse_daily_taq,equity_trade,2015-04-08,required_core,36,ACHC;ALSN;AMP;BRKR;CACI;CAKE;CBT;CGNX;CLD;CMP;COL;COLM;CR;CREE;CSOD;DYN;FLT;IDTI;ILMN;INT;MAT;MDU;NATI;NOW;OSK;PBI;POWI;PRU;ROG;ROVI;SGEN;SKX;SM;THC;TW;TXT,36,date_file_or_symbol_filtered_export,,1
nyse_daily_taq,equity_quote,2015-04-08,required_core,36,ACHC;ALSN;AMP;BRKR;CACI;CAKE;CBT;CGNX;CLD;CMP;COL;COLM;CR;CREE;CSOD;DYN;FLT;IDTI;ILMN;INT;MAT;MDU;NATI;NOW;OSK;PBI;POWI;PRU;ROG;ROVI;SGEN;SKX;SM;THC;TW;TXT,36,date_file_or_symbol_filtered_export,,1
cboe_option_trades,option_trade,2015-04-08,required_full_replication,36,ACHC;ALSN;AMP;BRKR;CACI;CAKE;CBT;CGNX;CLD;CMP;COL;COLM;CR;CREE;CSOD;DYN;FLT;IDTI;ILMN;INT;MAT;MDU;NATI;NOW;OSK;PBI;POWI;PRU;ROG;ROVI;SGEN;SKX;SM;THC;TW;TXT,36,date_file_or_underlying_filtered_export,,1
cboe_option_quotes,option_quote,2015-04-08,required_full_replication,36,ACHC;ALSN;AMP;BRKR;CACI;CAKE;CBT;CGNX;CLD;CMP;COL;COLM;CR;CREE;CSOD;DYN;FLT;IDTI;ILMN;INT;MAT;MDU;NATI;NOW;OSK;PBI;POWI;PRU;ROG;ROVI;SGEN;SKX;SM;THC;TW;TXT,36,date_file_or_underlying_filtered_export,,1
nasdaq_itch_5_0_decoded,itch_decoded,2015-04-08,conditional,36,ACHC;ALSN;AMP;BRKR;CACI;CAKE;CBT;CGNX;CLD;CMP;COL;COLM;CR;CREE;CSOD;DYN;FLT;IDTI;ILMN;INT;MAT;MDU;NATI;NOW;OSK;PBI;POWI;PRU;ROG;ROVI;SGEN;SKX;SM;THC;TW;TXT,36,decoded_date_file_filtered_to_required_symbols,point_in_time_primary_listing_exchange,1
nyse_daily_taq,equity_trade,2015-04-09,required_core,36,ACHC;ALSN;AMP;BRKR;CACI;CAKE;CBT;CGNX;CLD;CMP;COL;COLM;CR;CREE;CSOD;DYN;FLT;IDTI;ILMN;INT;MAT;MDU;NATI;NOW;OSK;PBI;POWI;PRU;ROG;ROVI;SGEN;SKX;SM;THC;TW;TXT,36,date_file_or_symbol_filtered_export,,1
nyse_daily_taq,equity_quote,2015-04-09,required_core,36,ACHC;ALSN;AMP;BRKR;CACI;CAKE;CBT;CGNX;CLD;CMP;COL;COLM;CR;CREE;CSOD;DYN;FLT;IDTI;ILMN;INT;MAT;MDU;NATI;NOW;OSK;PBI;POWI;PRU;ROG;ROVI;SGEN;SKX;SM;THC;TW;TXT,36,date_file_or_symbol_filtered_export,,1
cboe_option_trades,option_trade,2015-04-09,required_full_replication,36,ACHC;ALSN;AMP;BRKR;CACI;CAKE;CBT;CGNX;CLD;CMP;COL;COLM;CR;CREE;CSOD;DYN;FLT;IDTI;ILMN;INT;MAT;MDU;NATI;NOW;OSK;PBI;POWI;PRU;ROG;ROVI;SGEN;SKX;SM;THC;TW;TXT,36,date_file_or_underlying_filtered_export,,1
cboe_option_quotes,option_quote,2015-04-09,required_full_replication,36,ACHC;ALSN;AMP;BRKR;CACI;CAKE;CBT;CGNX;CLD;CMP;COL;COLM;CR;CREE;CSOD;DYN;FLT;IDTI;ILMN;INT;MAT;MDU;NATI;NOW;OSK;PBI;POWI;PRU;ROG;ROVI;SGEN;SKX;SM;THC;TW;TXT,36,date_file_or_underlying_filtered_export,,1
nasdaq_itch_5_0_decoded,itch_decoded,2015-04-09,conditional,36,ACHC;ALSN;AMP;BRKR;CACI;CAKE;CBT;CGNX;CLD;CMP;COL;COLM;CR;CREE;CSOD;DYN;FLT;IDTI;ILMN;INT;MAT;MDU;NATI;NOW;OSK;PBI;POWI;PRU;ROG;ROVI;SGEN;SKX;SM;THC;TW;TXT,36,decoded_date_file_filtered_to_required_symbols,point_in_time_primary_listing_exchange,1
nyse_daily_taq,equity_trade,2015-04-10,required_core,36,ACHC;ALSN;AMP;BRKR;CACI;CAKE;CBT;CGNX;CLD;CMP;COL;COLM;CR;CREE;CSOD;DYN;FLT;IDTI;ILMN;INT;MAT;MDU;NATI;NOW;OSK;PBI;POWI;PRU;ROG;ROVI;SGEN;SKX;SM;THC;TW;TXT,36,date_file_or_symbol_filtered_export,,1
nyse_daily_taq,equity_quote,2015-04-10,required_core,36,ACHC;ALSN;AMP;BRKR;CACI;CAKE;CBT;CGNX;CLD;CMP;COL;COLM;CR;CREE;CSOD;DYN;FLT;IDTI;ILMN;INT;MAT;MDU;NATI;NOW;OSK;PBI;POWI;PRU;ROG;ROVI;SGEN;SKX;SM;THC;TW;TXT,36,date_file_or_symbol_filtered_export,,1
cboe_option_trades,option_trade,2015-04-10,required_full_replication,36,ACHC;ALSN;AMP;BRKR;CACI;CAKE;CBT;CGNX;CLD;CMP;COL;COLM;CR;CREE;CSOD;DYN;FLT;IDTI;ILMN;INT;MAT;MDU;NATI;NOW;OSK;PBI;POWI;PRU;ROG;ROVI;SGEN;SKX;SM;THC;TW;TXT,36,date_file_or_underlying_filtered_export,,1
cboe_option_quotes,option_quote,2015-04-10,required_full_replication,36,ACHC;ALSN;AMP;BRKR;CACI;CAKE;CBT;CGNX;CLD;CMP;COL;COLM;CR;CREE;CSOD;DYN;FLT;IDTI;ILMN;INT;MAT;MDU;NATI;NOW;OSK;PBI;POWI;PRU;ROG;ROVI;SGEN;SKX;SM;THC;TW;TXT,36,date_file_or_underlying_filtered_export,,1
nasdaq_itch_5_0_decoded,itch_decoded,2015-04-10,conditional,36,ACHC;ALSN;AMP;BRKR;CACI;CAKE;CBT;CGNX;CLD;CMP;COL;COLM;CR;CREE;CSOD;DYN;FLT;IDTI;ILMN;INT;MAT;MDU;NATI;NOW;OSK;PBI;POWI;PRU;ROG;ROVI;SGEN;SKX;SM;THC;TW;TXT,36,decoded_date_file_filtered_to_required_symbols,point_in_time_primary_listing_exchange,1
nyse_daily_taq,equity_trade,2015-04-13,required_core,36,ACHC;ALSN;AMP;BRKR;CACI;CAKE;CBT;CGNX;CLD;CMP;COL;COLM;CR;CREE;CSOD;DYN;FLT;IDTI;ILMN;INT;MAT;MDU;NATI;NOW;OSK;PBI;POWI;PRU;ROG;ROVI;SGEN;SKX;SM;THC;TW;TXT,36,date_file_or_symbol_filtered_export,,1
nyse_daily_taq,equity_quote,2015-04-13,required_core,36,ACHC;ALSN;AMP;BRKR;CACI;CAKE;CBT;CGNX;CLD;CMP;COL;COLM;CR;CREE;CSOD;DYN;FLT;IDTI;ILMN;INT;MAT;MDU;NATI;NOW;OSK;PBI;POWI;PRU;ROG;ROVI;SGEN;SKX;SM;THC;TW;TXT,36,date_file_or_symbol_filtered_export,,1
cboe_option_trades,option_trade,2015-04-13,required_full_replication,36,ACHC;ALSN;AMP;BRKR;CACI;CAKE;CBT;CGNX;CLD;CMP;COL;COLM;CR;CREE;CSOD;DYN;FLT;IDTI;ILMN;INT;MAT;MDU;NATI;NOW;OSK;PBI;POWI;PRU;ROG;ROVI;SGEN;SKX;SM;THC;TW;TXT,36,date_file_or_underlying_filtered_export,,1
cboe_option_quotes,option_quote,2015-04-13,required_full_replication,36,ACHC;ALSN;AMP;BRKR;CACI;CAKE;CBT;CGNX;CLD;CMP;COL;COLM;CR;CREE;CSOD;DYN;FLT;IDTI;ILMN;INT;MAT;MDU;NATI;NOW;OSK;PBI;POWI;PRU;ROG;ROVI;SGEN;SKX;SM;THC;TW;TXT,36,date_file_or_underlying_filtered_export,,1
nasdaq_itch_5_0_decoded,itch_decoded,2015-04-13,conditional,36,ACHC;ALSN;AMP;BRKR;CACI;CAKE;CBT;CGNX;CLD;CMP;COL;COLM;CR;CREE;CSOD;DYN;FLT;IDTI;ILMN;INT;MAT;MDU;NATI;NOW;OSK;PBI;POWI;PRU;ROG;ROVI;SGEN;SKX;SM;THC;TW;TXT,36,decoded_date_file_filtered_to_required_symbols,point_in_time_primary_listing_exchange,1
nyse_daily_taq,equity_trade,2015-04-14,required_core,36,ACHC;ALSN;AMP;BRKR;CACI;CAKE;CBT;CGNX;CLD;CMP;COL;COLM;CR;CREE;CSOD;DYN;FLT;IDTI;ILMN;INT;MAT;MDU;NATI;NOW;OSK;PBI;POWI;PRU;ROG;ROVI;SGEN;SKX;SM;THC;TW;TXT,36,date_file_or_symbol_filtered_export,,1
nyse_daily_taq,equity_quote,2015-04-14,required_core,36,ACHC;ALSN;AMP;BRKR;CACI;CAKE;CBT;CGNX;CLD;CMP;COL;COLM;CR;CREE;CSOD;DYN;FLT;IDTI;ILMN;INT;MAT;MDU;NATI;NOW;OSK;PBI;POWI;PRU;ROG;ROVI;SGEN;SKX;SM;THC;TW;TXT,36,date_file_or_symbol_filtered_export,,1
cboe_option_trades,option_trade,2015-04-14,required_full_replication,36,ACHC;ALSN;AMP;BRKR;CACI;CAKE;CBT;CGNX;CLD;CMP;COL;COLM;CR;CREE;CSOD;DYN;FLT;IDTI;ILMN;INT;MAT;MDU;NATI;NOW;OSK;PBI;POWI;PRU;ROG;ROVI;SGEN;SKX;SM;THC;TW;TXT,36,date_file_or_underlying_filtered_export,,1
cboe_option_quotes,option_quote,2015-04-14,required_full_replication,36,ACHC;ALSN;AMP;BRKR;CACI;CAKE;CBT;CGNX;CLD;CMP;COL;COLM;CR;CREE;CSOD;DYN;FLT;IDTI;ILMN;INT;MAT;MDU;NATI;NOW;OSK;PBI;POWI;PRU;ROG;ROVI;SGEN;SKX;SM;THC;TW;TXT,36,date_file_or_underlying_filtered_export,,1
nasdaq_itch_5_0_decoded,itch_decoded,2015-04-14,conditional,36,ACHC;ALSN;AMP;BRKR;CACI;CAKE;CBT;CGNX;CLD;CMP;COL;COLM;CR;CREE;CSOD;DYN;FLT;IDTI;ILMN;INT;MAT;MDU;NATI;NOW;OSK;PBI;POWI;PRU;ROG;ROVI;SGEN;SKX;SM;THC;TW;TXT,36,decoded_date_file_filtered_to_required_symbols,point_in_time_primary_listing_exchange,1
nyse_daily_taq,equity_trade,2015-04-15,required_core,36,ACHC;ALSN;AMP;BRKR;CACI;CAKE;CBT;CGNX;CLD;CMP;COL;COLM;CR;CREE;CSOD;DYN;FLT;IDTI;ILMN;INT;MAT;MDU;NATI;NOW;OSK;PBI;POWI;PRU;ROG;ROVI;SGEN;SKX;SM;THC;TW;TXT,36,date_file_or_symbol_filtered_export,,1
nyse_daily_taq,equity_quote,2015-04-15,required_core,36,ACHC;ALSN;AMP;BRKR;CACI;CAKE;CBT;CGNX;CLD;CMP;COL;COLM;CR;CREE;CSOD;DYN;FLT;IDTI;ILMN;INT;MAT;MDU;NATI;NOW;OSK;PBI;POWI;PRU;ROG;ROVI;SGEN;SKX;SM;THC;TW;TXT,36,date_file_or_symbol_filtered_export,,1
cboe_option_trades,option_trade,2015-04-15,required_full_replication,36,ACHC;ALSN;AMP;BRKR;CACI;CAKE;CBT;CGNX;CLD;CMP;COL;COLM;CR;CREE;CSOD;DYN;FLT;IDTI;ILMN;INT;MAT;MDU;NATI;NOW;OSK;PBI;POWI;PRU;ROG;ROVI;SGEN;SKX;SM;THC;TW;TXT,36,date_file_or_underlying_filtered_export,,1
cboe_option_quotes,option_quote,2015-04-15,required_full_replication,36,ACHC;ALSN;AMP;BRKR;CACI;CAKE;CBT;CGNX;CLD;CMP;COL;COLM;CR;CREE;CSOD;DYN;FLT;IDTI;ILMN;INT;MAT;MDU;NATI;NOW;OSK;PBI;POWI;PRU;ROG;ROVI;SGEN;SKX;SM;THC;TW;TXT,36,date_file_or_underlying_filtered_export,,1
nasdaq_itch_5_0_decoded,itch_decoded,2015-04-15,conditional,36,ACHC;ALSN;AMP;BRKR;CACI;CAKE;CBT;CGNX;CLD;CMP;COL;COLM;CR;CREE;CSOD;DYN;FLT;IDTI;ILMN;INT;MAT;MDU;NATI;NOW;OSK;PBI;POWI;PRU;ROG;ROVI;SGEN;SKX;SM;THC;TW;TXT,36,decoded_date_file_filtered_to_required_symbols,point_in_time_primary_listing_exchange,1
nyse_daily_taq,equity_trade,2015-04-16,required_core,36,ACHC;ALSN;AMP;BRKR;CACI;CAKE;CBT;CGNX;CLD;CMP;COL;COLM;CR;CREE;CSOD;DYN;FLT;IDTI;ILMN;INT;MAT;MDU;NATI;NOW;OSK;PBI;POWI;PRU;ROG;ROVI;SGEN;SKX;SM;THC;TW;TXT,36,date_file_or_symbol_filtered_export,,1
nyse_daily_taq,equity_quote,2015-04-16,required_core,36,ACHC;ALSN;AMP;BRKR;CACI;CAKE;CBT;CGNX;CLD;CMP;COL;COLM;CR;CREE;CSOD;DYN;FLT;IDTI;ILMN;INT;MAT;MDU;NATI;NOW;OSK;PBI;POWI;PRU;ROG;ROVI;SGEN;SKX;SM;THC;TW;TXT,36,date_file_or_symbol_filtered_export,,1
cboe_option_trades,option_trade,2015-04-16,required_full_replication,36,ACHC;ALSN;AMP;BRKR;CACI;CAKE;CBT;CGNX;CLD;CMP;COL;COLM;CR;CREE;CSOD;DYN;FLT;IDTI;ILMN;INT;MAT;MDU;NATI;NOW;OSK;PBI;POWI;PRU;ROG;ROVI;SGEN;SKX;SM;THC;TW;TXT,36,date_file_or_underlying_filtered_export,,1
cboe_option_quotes,option_quote,2015-04-16,required_full_replication,36,ACHC;ALSN;AMP;BRKR;CACI;CAKE;CBT;CGNX;CLD;CMP;COL;COLM;CR;CREE;CSOD;DYN;FLT;IDTI;ILMN;INT;MAT;MDU;NATI;NOW;OSK;PBI;POWI;PRU;ROG;ROVI;SGEN;SKX;SM;THC;TW;TXT,36,date_file_or_underlying_filtered_export,,1
nasdaq_itch_5_0_decoded,itch_decoded,2015-04-16,conditional,36,ACHC;ALSN;AMP;BRKR;CACI;CAKE;CBT;CGNX;CLD;CMP;COL;COLM;CR;CREE;CSOD;DYN;FLT;IDTI;ILMN;INT;MAT;MDU;NATI;NOW;OSK;PBI;POWI;PRU;ROG;ROVI;SGEN;SKX;SM;THC;TW;TXT,36,decoded_date_file_filtered_to_required_symbols,point_in_time_primary_listing_exchange,1
nyse_daily_taq,equity_trade,2015-04-17,required_core,34,ACHC;ALSN;AMP;BRKR;CACI;CAKE;CBT;CGNX;CLD;CMP;COL;COLM;CR;CREE;CSOD;DYN;FLT;IDTI;ILMN;INT;MDU;NATI;OSK;PBI;POWI;PRU;ROG;ROVI;SGEN;SKX;SM;THC;TW;TXT,34,date_file_or_symbol_filtered_export,,1
nyse_daily_taq,equity_quote,2015-04-17,required_core,34,ACHC;ALSN;AMP;BRKR;CACI;CAKE;CBT;CGNX;CLD;CMP;COL;COLM;CR;CREE;CSOD;DYN;FLT;IDTI;ILMN;INT;MDU;NATI;OSK;PBI;POWI;PRU;ROG;ROVI;SGEN;SKX;SM;THC;TW;TXT,34,date_file_or_symbol_filtered_export,,1
cboe_option_trades,option_trade,2015-04-17,required_full_replication,34,ACHC;ALSN;AMP;BRKR;CACI;CAKE;CBT;CGNX;CLD;CMP;COL;COLM;CR;CREE;CSOD;DYN;FLT;IDTI;ILMN;INT;MDU;NATI;OSK;PBI;POWI;PRU;ROG;ROVI;SGEN;SKX;SM;THC;TW;TXT,34,date_file_or_underlying_filtered_export,,1
cboe_option_quotes,option_quote,2015-04-17,required_full_replication,34,ACHC;ALSN;AMP;BRKR;CACI;CAKE;CBT;CGNX;CLD;CMP;COL;COLM;CR;CREE;CSOD;DYN;FLT;IDTI;ILMN;INT;MDU;NATI;OSK;PBI;POWI;PRU;ROG;ROVI;SGEN;SKX;SM;THC;TW;TXT,34,date_file_or_underlying_filtered_export,,1
nasdaq_itch_5_0_decoded,itch_decoded,2015-04-17,conditional,34,ACHC;ALSN;AMP;BRKR;CACI;CAKE;CBT;CGNX;CLD;CMP;COL;COLM;CR;CREE;CSOD;DYN;FLT;IDTI;ILMN;INT;MDU;NATI;OSK;PBI;POWI;PRU;ROG;ROVI;SGEN;SKX;SM;THC;TW;TXT,34,decoded_date_file_filtered_to_required_symbols,point_in_time_primary_listing_exchange,1
nyse_daily_taq,equity_trade,2015-04-20,required_core,36,ACHC;ADI;ALSN;AMP;BRKR;CACI;CAKE;CBT;CGNX;CLD;CMP;COL;COLM;CR;CREE;CSOD;DYN;FLT;IDTI;ILMN;INT;MDU;NATI;NDSN;OSK;PBI;POWI;PRU;ROG;ROVI;SGEN;SKX;SM;THC;TW;TXT,36,date_file_or_symbol_filtered_export,,1
nyse_daily_taq,equity_quote,2015-04-20,required_core,36,ACHC;ADI;ALSN;AMP;BRKR;CACI;CAKE;CBT;CGNX;CLD;CMP;COL;COLM;CR;CREE;CSOD;DYN;FLT;IDTI;ILMN;INT;MDU;NATI;NDSN;OSK;PBI;POWI;PRU;ROG;ROVI;SGEN;SKX;SM;THC;TW;TXT,36,date_file_or_symbol_filtered_export,,1
cboe_option_trades,option_trade,2015-04-20,required_full_replication,36,ACHC;ADI;ALSN;AMP;BRKR;CACI;CAKE;CBT;CGNX;CLD;CMP;COL;COLM;CR;CREE;CSOD;DYN;FLT;IDTI;ILMN;INT;MDU;NATI;NDSN;OSK;PBI;POWI;PRU;ROG;ROVI;SGEN;SKX;SM;THC;TW;TXT,36,date_file_or_underlying_filtered_export,,1
cboe_option_quotes,option_quote,2015-04-20,required_full_replication,36,ACHC;ADI;ALSN;AMP;BRKR;CACI;CAKE;CBT;CGNX;CLD;CMP;COL;COLM;CR;CREE;CSOD;DYN;FLT;IDTI;ILMN;INT;MDU;NATI;NDSN;OSK;PBI;POWI;PRU;ROG;ROVI;SGEN;SKX;SM;THC;TW;TXT,36,date_file_or_underlying_filtered_export,,1
nasdaq_itch_5_0_decoded,itch_decoded,2015-04-20,conditional,36,ACHC;ADI;ALSN;AMP;BRKR;CACI;CAKE;CBT;CGNX;CLD;CMP;COL;COLM;CR;CREE;CSOD;DYN;FLT;IDTI;ILMN;INT;MDU;NATI;NDSN;OSK;PBI;POWI;PRU;ROG;ROVI;SGEN;SKX;SM;THC;TW;TXT,36,decoded_date_file_filtered_to_required_symbols,point_in_time_primary_listing_exchange,1
nyse_daily_taq,equity_trade,2015-04-21,required_core,37,ACHC;ADI;ALSN;AMP;BRKR;CACI;CAKE;CBT;CGNX;CLD;CMP;COL;COLM;CR;CREE;CSOD;DYN;FLT;IDTI;ILMN;INT;MDU;NATI;NDSN;OSK;PBI;POWI;PRU;ROG;ROVI;SCVL;SGEN;SKX;SM;THC;TW;TXT,37,date_file_or_symbol_filtered_export,,1
nyse_daily_taq,equity_quote,2015-04-21,required_core,37,ACHC;ADI;ALSN;AMP;BRKR;CACI;CAKE;CBT;CGNX;CLD;CMP;COL;COLM;CR;CREE;CSOD;DYN;FLT;IDTI;ILMN;INT;MDU;NATI;NDSN;OSK;PBI;POWI;PRU;ROG;ROVI;SCVL;SGEN;SKX;SM;THC;TW;TXT,37,date_file_or_symbol_filtered_export,,1
cboe_option_trades,option_trade,2015-04-21,required_full_replication,37,ACHC;ADI;ALSN;AMP;BRKR;CACI;CAKE;CBT;CGNX;CLD;CMP;COL;COLM;CR;CREE;CSOD;DYN;FLT;IDTI;ILMN;INT;MDU;NATI;NDSN;OSK;PBI;POWI;PRU;ROG;ROVI;SCVL;SGEN;SKX;SM;THC;TW;TXT,37,date_file_or_underlying_filtered_export,,1
cboe_option_quotes,option_quote,2015-04-21,required_full_replication,37,ACHC;ADI;ALSN;AMP;BRKR;CACI;CAKE;CBT;CGNX;CLD;CMP;COL;COLM;CR;CREE;CSOD;DYN;FLT;IDTI;ILMN;INT;MDU;NATI;NDSN;OSK;PBI;POWI;PRU;ROG;ROVI;SCVL;SGEN;SKX;SM;THC;TW;TXT,37,date_file_or_underlying_filtered_export,,1
nasdaq_itch_5_0_decoded,itch_decoded,2015-04-21,conditional,37,ACHC;ADI;ALSN;AMP;BRKR;CACI;CAKE;CBT;CGNX;CLD;CMP;COL;COLM;CR;CREE;CSOD;DYN;FLT;IDTI;ILMN;INT;MDU;NATI;NDSN;OSK;PBI;POWI;PRU;ROG;ROVI;SCVL;SGEN;SKX;SM;THC;TW;TXT,37,decoded_date_file_filtered_to_required_symbols,point_in_time_primary_listing_exchange,1
nyse_daily_taq,equity_trade,2015-04-22,required_core,35,ACHC;ADI;ALSN;AMP;BRKR;CACI;CAKE;CBT;CGNX;CLD;CMP;COL;COLM;CR;CSOD;DYN;FLT;IDTI;INT;MDU;NATI;NDSN;OSK;PBI;POWI;PRU;ROG;ROVI;SCVL;SGEN;SKX;SM;THC;TW;TXT,35,date_file_or_symbol_filtered_export,,1
nyse_daily_taq,equity_quote,2015-04-22,required_core,35,ACHC;ADI;ALSN;AMP;BRKR;CACI;CAKE;CBT;CGNX;CLD;CMP;COL;COLM;CR;CSOD;DYN;FLT;IDTI;INT;MDU;NATI;NDSN;OSK;PBI;POWI;PRU;ROG;ROVI;SCVL;SGEN;SKX;SM;THC;TW;TXT,35,date_file_or_symbol_filtered_export,,1
cboe_option_trades,option_trade,2015-04-22,required_full_replication,35,ACHC;ADI;ALSN;AMP;BRKR;CACI;CAKE;CBT;CGNX;CLD;CMP;COL;COLM;CR;CSOD;DYN;FLT;IDTI;INT;MDU;NATI;NDSN;OSK;PBI;POWI;PRU;ROG;ROVI;SCVL;SGEN;SKX;SM;THC;TW;TXT,35,date_file_or_underlying_filtered_export,,1
cboe_option_quotes,option_quote,2015-04-22,required_full_replication,35,ACHC;ADI;ALSN;AMP;BRKR;CACI;CAKE;CBT;CGNX;CLD;CMP;COL;COLM;CR;CSOD;DYN;FLT;IDTI;INT;MDU;NATI;NDSN;OSK;PBI;POWI;PRU;ROG;ROVI;SCVL;SGEN;SKX;SM;THC;TW;TXT,35,date_file_or_underlying_filtered_export,,1
nasdaq_itch_5_0_decoded,itch_decoded,2015-04-22,conditional,35,ACHC;ADI;ALSN;AMP;BRKR;CACI;CAKE;CBT;CGNX;CLD;CMP;COL;COLM;CR;CSOD;DYN;FLT;IDTI;INT;MDU;NATI;NDSN;OSK;PBI;POWI;PRU;ROG;ROVI;SCVL;SGEN;SKX;SM;THC;TW;TXT,35,decoded_date_file_filtered_to_required_symbols,point_in_time_primary_listing_exchange,1
nyse_daily_taq,equity_trade,2015-04-23,required_core,31,ACHC;ADI;ALSN;BRKR;CACI;CBT;CGNX;CLD;CMP;COLM;CR;CSOD;DYN;FLT;IDTI;INT;MDU;NATI;NDSN;OSK;PBI;POWI;PRU;ROG;ROVI;SCVL;SGEN;SM;THC;TW;TXT,31,date_file_or_symbol_filtered_export,,1
nyse_daily_taq,equity_quote,2015-04-23,required_core,31,ACHC;ADI;ALSN;BRKR;CACI;CBT;CGNX;CLD;CMP;COLM;CR;CSOD;DYN;FLT;IDTI;INT;MDU;NATI;NDSN;OSK;PBI;POWI;PRU;ROG;ROVI;SCVL;SGEN;SM;THC;TW;TXT,31,date_file_or_symbol_filtered_export,,1
cboe_option_trades,option_trade,2015-04-23,required_full_replication,31,ACHC;ADI;ALSN;BRKR;CACI;CBT;CGNX;CLD;CMP;COLM;CR;CSOD;DYN;FLT;IDTI;INT;MDU;NATI;NDSN;OSK;PBI;POWI;PRU;ROG;ROVI;SCVL;SGEN;SM;THC;TW;TXT,31,date_file_or_underlying_filtered_export,,1
cboe_option_quotes,option_quote,2015-04-23,required_full_replication,31,ACHC;ADI;ALSN;BRKR;CACI;CBT;CGNX;CLD;CMP;COLM;CR;CSOD;DYN;FLT;IDTI;INT;MDU;NATI;NDSN;OSK;PBI;POWI;PRU;ROG;ROVI;SCVL;SGEN;SM;THC;TW;TXT,31,date_file_or_underlying_filtered_export,,1
nasdaq_itch_5_0_decoded,itch_decoded,2015-04-23,conditional,31,ACHC;ADI;ALSN;BRKR;CACI;CBT;CGNX;CLD;CMP;COLM;CR;CSOD;DYN;FLT;IDTI;INT;MDU;NATI;NDSN;OSK;PBI;POWI;PRU;ROG;ROVI;SCVL;SGEN;SM;THC;TW;TXT,31,decoded_date_file_filtered_to_required_symbols,point_in_time_primary_listing_exchange,1
nyse_daily_taq,equity_trade,2015-04-24,required_core,31,ACHC;ADI;ALSN;BRKR;CACI;CBT;CGNX;CLD;CMP;COLM;CR;CSOD;DYN;FLT;IDTI;INT;MDU;NATI;NDSN;OSK;PBI;POWI;PRU;ROG;ROVI;SCVL;SGEN;SM;THC;TW;TXT,31,date_file_or_symbol_filtered_export,,1
nyse_daily_taq,equity_quote,2015-04-24,required_core,31,ACHC;ADI;ALSN;BRKR;CACI;CBT;CGNX;CLD;CMP;COLM;CR;CSOD;DYN;FLT;IDTI;INT;MDU;NATI;NDSN;OSK;PBI;POWI;PRU;ROG;ROVI;SCVL;SGEN;SM;THC;TW;TXT,31,date_file_or_symbol_filtered_export,,1
cboe_option_trades,option_trade,2015-04-24,required_full_replication,31,ACHC;ADI;ALSN;BRKR;CACI;CBT;CGNX;CLD;CMP;COLM;CR;CSOD;DYN;FLT;IDTI;INT;MDU;NATI;NDSN;OSK;PBI;POWI;PRU;ROG;ROVI;SCVL;SGEN;SM;THC;TW;TXT,31,date_file_or_underlying_filtered_export,,1
cboe_option_quotes,option_quote,2015-04-24,required_full_replication,31,ACHC;ADI;ALSN;BRKR;CACI;CBT;CGNX;CLD;CMP;COLM;CR;CSOD;DYN;FLT;IDTI;INT;MDU;NATI;NDSN;OSK;PBI;POWI;PRU;ROG;ROVI;SCVL;SGEN;SM;THC;TW;TXT,31,date_file_or_underlying_filtered_export,,1
nasdaq_itch_5_0_decoded,itch_decoded,2015-04-24,conditional,31,ACHC;ADI;ALSN;BRKR;CACI;CBT;CGNX;CLD;CMP;COLM;CR;CSOD;DYN;FLT;IDTI;INT;MDU;NATI;NDSN;OSK;PBI;POWI;PRU;ROG;ROVI;SCVL;SGEN;SM;THC;TW;TXT,31,decoded_date_file_filtered_to_required_symbols,point_in_time_primary_listing_exchange,1
nyse_daily_taq,equity_trade,2015-04-27,required_core,31,ACHC;ADI;ALSN;BRKR;CACI;CBT;CGNX;CLD;CMP;COLM;CR;CSOD;DYN;FLT;IDTI;INT;MDU;NATI;NDSN;OSK;PBI;POWI;PRU;ROG;ROVI;SCVL;SGEN;SM;THC;TW;TXT,31,date_file_or_symbol_filtered_export,,1
nyse_daily_taq,equity_quote,2015-04-27,required_core,31,ACHC;ADI;ALSN;BRKR;CACI;CBT;CGNX;CLD;CMP;COLM;CR;CSOD;DYN;FLT;IDTI;INT;MDU;NATI;NDSN;OSK;PBI;POWI;PRU;ROG;ROVI;SCVL;SGEN;SM;THC;TW;TXT,31,date_file_or_symbol_filtered_export,,1
cboe_option_trades,option_trade,2015-04-27,required_full_replication,31,ACHC;ADI;ALSN;BRKR;CACI;CBT;CGNX;CLD;CMP;COLM;CR;CSOD;DYN;FLT;IDTI;INT;MDU;NATI;NDSN;OSK;PBI;POWI;PRU;ROG;ROVI;SCVL;SGEN;SM;THC;TW;TXT,31,date_file_or_underlying_filtered_export,,1
cboe_option_quotes,option_quote,2015-04-27,required_full_replication,31,ACHC;ADI;ALSN;BRKR;CACI;CBT;CGNX;CLD;CMP;COLM;CR;CSOD;DYN;FLT;IDTI;INT;MDU;NATI;NDSN;OSK;PBI;POWI;PRU;ROG;ROVI;SCVL;SGEN;SM;THC;TW;TXT,31,date_file_or_underlying_filtered_export,,1
nasdaq_itch_5_0_decoded,itch_decoded,2015-04-27,conditional,31,ACHC;ADI;ALSN;BRKR;CACI;CBT;CGNX;CLD;CMP;COLM;CR;CSOD;DYN;FLT;IDTI;INT;MDU;NATI;NDSN;OSK;PBI;POWI;PRU;ROG;ROVI;SCVL;SGEN;SM;THC;TW;TXT,31,decoded_date_file_filtered_to_required_symbols,point_in_time_primary_listing_exchange,1
nyse_daily_taq,equity_trade,2015-04-28,required_core,26,ACHC;ADI;BRKR;CACI;CBT;CGNX;CLD;COLM;CSOD;DYN;FLT;IDTI;INT;MDU;NATI;NDSN;PBI;POWI;PRU;ROG;ROVI;SCVL;SGEN;SM;THC;TW,26,date_file_or_symbol_filtered_export,,1
nyse_daily_taq,equity_quote,2015-04-28,required_core,26,ACHC;ADI;BRKR;CACI;CBT;CGNX;CLD;COLM;CSOD;DYN;FLT;IDTI;INT;MDU;NATI;NDSN;PBI;POWI;PRU;ROG;ROVI;SCVL;SGEN;SM;THC;TW,26,date_file_or_symbol_filtered_export,,1
cboe_option_trades,option_trade,2015-04-28,required_full_replication,26,ACHC;ADI;BRKR;CACI;CBT;CGNX;CLD;COLM;CSOD;DYN;FLT;IDTI;INT;MDU;NATI;NDSN;PBI;POWI;PRU;ROG;ROVI;SCVL;SGEN;SM;THC;TW,26,date_file_or_underlying_filtered_export,,1
cboe_option_quotes,option_quote,2015-04-28,required_full_replication,26,ACHC;ADI;BRKR;CACI;CBT;CGNX;CLD;COLM;CSOD;DYN;FLT;IDTI;INT;MDU;NATI;NDSN;PBI;POWI;PRU;ROG;ROVI;SCVL;SGEN;SM;THC;TW,26,date_file_or_underlying_filtered_export,,1
nasdaq_itch_5_0_decoded,itch_decoded,2015-04-28,conditional,26,ACHC;ADI;BRKR;CACI;CBT;CGNX;CLD;COLM;CSOD;DYN;FLT;IDTI;INT;MDU;NATI;NDSN;PBI;POWI;PRU;ROG;ROVI;SCVL;SGEN;SM;THC;TW,26,decoded_date_file_filtered_to_required_symbols,point_in_time_primary_listing_exchange,1
nyse_daily_taq,equity_trade,2015-04-29,required_core,24,ADI;BRKR;CACI;CBT;CGNX;CLD;COLM;CSOD;DYN;FLT;IDTI;INT;MDU;NDSN;PBI;POWI;PRU;ROG;ROVI;SCVL;SGEN;SM;THC;TW,24,date_file_or_symbol_filtered_export,,1
nyse_daily_taq,equity_quote,2015-04-29,required_core,24,ADI;BRKR;CACI;CBT;CGNX;CLD;COLM;CSOD;DYN;FLT;IDTI;INT;MDU;NDSN;PBI;POWI;PRU;ROG;ROVI;SCVL;SGEN;SM;THC;TW,24,date_file_or_symbol_filtered_export,,1
cboe_option_trades,option_trade,2015-04-29,required_full_replication,24,ADI;BRKR;CACI;CBT;CGNX;CLD;COLM;CSOD;DYN;FLT;IDTI;INT;MDU;NDSN;PBI;POWI;PRU;ROG;ROVI;SCVL;SGEN;SM;THC;TW,24,date_file_or_underlying_filtered_export,,1
cboe_option_quotes,option_quote,2015-04-29,required_full_replication,24,ADI;BRKR;CACI;CBT;CGNX;CLD;COLM;CSOD;DYN;FLT;IDTI;INT;MDU;NDSN;PBI;POWI;PRU;ROG;ROVI;SCVL;SGEN;SM;THC;TW,24,date_file_or_underlying_filtered_export,,1
nasdaq_itch_5_0_decoded,itch_decoded,2015-04-29,conditional,24,ADI;BRKR;CACI;CBT;CGNX;CLD;COLM;CSOD;DYN;FLT;IDTI;INT;MDU;NDSN;PBI;POWI;PRU;ROG;ROVI;SCVL;SGEN;SM;THC;TW,24,decoded_date_file_filtered_to_required_symbols,point_in_time_primary_listing_exchange,1
nyse_daily_taq,equity_trade,2015-04-30,required_core,19,ADI;BRKR;CGNX;CLD;COLM;CSOD;DYN;FLT;IDTI;INT;MDU;NDSN;PRU;ROVI;SCVL;SGEN;SM;THC;TW,19,date_file_or_symbol_filtered_export,,1
nyse_daily_taq,equity_quote,2015-04-30,required_core,19,ADI;BRKR;CGNX;CLD;COLM;CSOD;DYN;FLT;IDTI;INT;MDU;NDSN;PRU;ROVI;SCVL;SGEN;SM;THC;TW,19,date_file_or_symbol_filtered_export,,1
cboe_option_trades,option_trade,2015-04-30,required_full_replication,19,ADI;BRKR;CGNX;CLD;COLM;CSOD;DYN;FLT;IDTI;INT;MDU;NDSN;PRU;ROVI;SCVL;SGEN;SM;THC;TW,19,date_file_or_underlying_filtered_export,,1
cboe_option_quotes,option_quote,2015-04-30,required_full_replication,19,ADI;BRKR;CGNX;CLD;COLM;CSOD;DYN;FLT;IDTI;INT;MDU;NDSN;PRU;ROVI;SCVL;SGEN;SM;THC;TW,19,date_file_or_underlying_filtered_export,,1
nasdaq_itch_5_0_decoded,itch_decoded,2015-04-30,conditional,19,ADI;BRKR;CGNX;CLD;COLM;CSOD;DYN;FLT;IDTI;INT;MDU;NDSN;PRU;ROVI;SCVL;SGEN;SM;THC;TW,19,decoded_date_file_filtered_to_required_symbols,point_in_time_primary_listing_exchange,1
nyse_daily_taq,equity_trade,2015-05-01,required_core,13,ADI;BRKR;CGNX;CSOD;DYN;IDTI;MDU;NDSN;PRU;SCVL;SM;THC;TW,13,date_file_or_symbol_filtered_export,,1
nyse_daily_taq,equity_quote,2015-05-01,required_core,13,ADI;BRKR;CGNX;CSOD;DYN;IDTI;MDU;NDSN;PRU;SCVL;SM;THC;TW,13,date_file_or_symbol_filtered_export,,1
cboe_option_trades,option_trade,2015-05-01,required_full_replication,13,ADI;BRKR;CGNX;CSOD;DYN;IDTI;MDU;NDSN;PRU;SCVL;SM;THC;TW,13,date_file_or_underlying_filtered_export,,1
cboe_option_quotes,option_quote,2015-05-01,required_full_replication,13,ADI;BRKR;CGNX;CSOD;DYN;IDTI;MDU;NDSN;PRU;SCVL;SM;THC;TW,13,date_file_or_underlying_filtered_export,,1
nasdaq_itch_5_0_decoded,itch_decoded,2015-05-01,conditional,13,ADI;BRKR;CGNX;CSOD;DYN;IDTI;MDU;NDSN;PRU;SCVL;SM;THC;TW,13,decoded_date_file_filtered_to_required_symbols,point_in_time_primary_listing_exchange,1
nyse_daily_taq,equity_trade,2015-05-04,required_core,13,ADI;BRKR;CGNX;CSOD;DYN;IDTI;MDU;NDSN;PRU;SCVL;SM;THC;TW,13,date_file_or_symbol_filtered_export,,1
nyse_daily_taq,equity_quote,2015-05-04,required_core,13,ADI;BRKR;CGNX;CSOD;DYN;IDTI;MDU;NDSN;PRU;SCVL;SM;THC;TW,13,date_file_or_symbol_filtered_export,,1
cboe_option_trades,option_trade,2015-05-04,required_full_replication,13,ADI;BRKR;CGNX;CSOD;DYN;IDTI;MDU;NDSN;PRU;SCVL;SM;THC;TW,13,date_file_or_underlying_filtered_export,,1
cboe_option_quotes,option_quote,2015-05-04,required_full_replication,13,ADI;BRKR;CGNX;CSOD;DYN;IDTI;MDU;NDSN;PRU;SCVL;SM;THC;TW,13,date_file_or_underlying_filtered_export,,1
nasdaq_itch_5_0_decoded,itch_decoded,2015-05-04,conditional,13,ADI;BRKR;CGNX;CSOD;DYN;IDTI;MDU;NDSN;PRU;SCVL;SM;THC;TW,13,decoded_date_file_filtered_to_required_symbols,point_in_time_primary_listing_exchange,1
nyse_daily_taq,equity_trade,2015-05-05,required_core,8,ADI;BRKR;CSOD;DYN;NDSN;PRU;SCVL;SM,8,date_file_or_symbol_filtered_export,,1
nyse_daily_taq,equity_quote,2015-05-05,required_core,8,ADI;BRKR;CSOD;DYN;NDSN;PRU;SCVL;SM,8,date_file_or_symbol_filtered_export,,1
cboe_option_trades,option_trade,2015-05-05,required_full_replication,8,ADI;BRKR;CSOD;DYN;NDSN;PRU;SCVL;SM,8,date_file_or_underlying_filtered_export,,1
cboe_option_quotes,option_quote,2015-05-05,required_full_replication,8,ADI;BRKR;CSOD;DYN;NDSN;PRU;SCVL;SM,8,date_file_or_underlying_filtered_export,,1
nasdaq_itch_5_0_decoded,itch_decoded,2015-05-05,conditional,8,ADI;BRKR;CSOD;DYN;NDSN;PRU;SCVL;SM,8,decoded_date_file_filtered_to_required_symbols,point_in_time_primary_listing_exchange,1
nyse_daily_taq,equity_trade,2015-05-06,required_core,7,ADI;BRKR;CSOD;DYN;NDSN;PRU;SCVL,7,date_file_or_symbol_filtered_export,,1
nyse_daily_taq,equity_quote,2015-05-06,required_core,7,ADI;BRKR;CSOD;DYN;NDSN;PRU;SCVL,7,date_file_or_symbol_filtered_export,,1
cboe_option_trades,option_trade,2015-05-06,required_full_replication,7,ADI;BRKR;CSOD;DYN;NDSN;PRU;SCVL,7,date_file_or_underlying_filtered_export,,1
cboe_option_quotes,option_quote,2015-05-06,required_full_replication,7,ADI;BRKR;CSOD;DYN;NDSN;PRU;SCVL,7,date_file_or_underlying_filtered_export,,1
nasdaq_itch_5_0_decoded,itch_decoded,2015-05-06,conditional,7,ADI;BRKR;CSOD;DYN;NDSN;PRU;SCVL,7,decoded_date_file_filtered_to_required_symbols,point_in_time_primary_listing_exchange,1
nyse_daily_taq,equity_trade,2015-05-07,required_core,3,ADI;NDSN;SCVL,3,date_file_or_symbol_filtered_export,,1
nyse_daily_taq,equity_quote,2015-05-07,required_core,3,ADI;NDSN;SCVL,3,date_file_or_symbol_filtered_export,,1
cboe_option_trades,option_trade,2015-05-07,required_full_replication,3,ADI;NDSN;SCVL,3,date_file_or_underlying_filtered_export,,1
cboe_option_quotes,option_quote,2015-05-07,required_full_replication,3,ADI;NDSN;SCVL,3,date_file_or_underlying_filtered_export,,1
nasdaq_itch_5_0_decoded,itch_decoded,2015-05-07,conditional,3,ADI;NDSN;SCVL,3,decoded_date_file_filtered_to_required_symbols,point_in_time_primary_listing_exchange,1
nyse_daily_taq,equity_trade,2015-05-08,required_core,3,ADI;NDSN;SCVL,3,date_file_or_symbol_filtered_export,,1
nyse_daily_taq,equity_quote,2015-05-08,required_core,3,ADI;NDSN;SCVL,3,date_file_or_symbol_filtered_export,,1
cboe_option_trades,option_trade,2015-05-08,required_full_replication,3,ADI;NDSN;SCVL,3,date_file_or_underlying_filtered_export,,1
cboe_option_quotes,option_quote,2015-05-08,required_full_replication,3,ADI;NDSN;SCVL,3,date_file_or_underlying_filtered_export,,1
nasdaq_itch_5_0_decoded,itch_decoded,2015-05-08,conditional,3,ADI;NDSN;SCVL,3,decoded_date_file_filtered_to_required_symbols,point_in_time_primary_listing_exchange,1
nyse_daily_taq,equity_trade,2015-05-11,required_core,3,ADI;NDSN;SCVL,3,date_file_or_symbol_filtered_export,,1
nyse_daily_taq,equity_quote,2015-05-11,required_core,3,ADI;NDSN;SCVL,3,date_file_or_symbol_filtered_export,,1
cboe_option_trades,option_trade,2015-05-11,required_full_replication,3,ADI;NDSN;SCVL,3,date_file_or_underlying_filtered_export,,1
cboe_option_quotes,option_quote,2015-05-11,required_full_replication,3,ADI;NDSN;SCVL,3,date_file_or_underlying_filtered_export,,1
nasdaq_itch_5_0_decoded,itch_decoded,2015-05-11,conditional,3,ADI;NDSN;SCVL,3,decoded_date_file_filtered_to_required_symbols,point_in_time_primary_listing_exchange,1
nyse_daily_taq,equity_trade,2015-05-12,required_core,3,ADI;NDSN;SCVL,3,date_file_or_symbol_filtered_export,,1
nyse_daily_taq,equity_quote,2015-05-12,required_core,3,ADI;NDSN;SCVL,3,date_file_or_symbol_filtered_export,,1
cboe_option_trades,option_trade,2015-05-12,required_full_replication,3,ADI;NDSN;SCVL,3,date_file_or_underlying_filtered_export,,1
cboe_option_quotes,option_quote,2015-05-12,required_full_replication,3,ADI;NDSN;SCVL,3,date_file_or_underlying_filtered_export,,1
nasdaq_itch_5_0_decoded,itch_decoded,2015-05-12,conditional,3,ADI;NDSN;SCVL,3,decoded_date_file_filtered_to_required_symbols,point_in_time_primary_listing_exchange,1
nyse_daily_taq,equity_trade,2015-05-13,required_core,3,ADI;NDSN;SCVL,3,date_file_or_symbol_filtered_export,,1
nyse_daily_taq,equity_quote,2015-05-13,required_core,3,ADI;NDSN;SCVL,3,date_file_or_symbol_filtered_export,,1
cboe_option_trades,option_trade,2015-05-13,required_full_replication,3,ADI;NDSN;SCVL,3,date_file_or_underlying_filtered_export,,1
cboe_option_quotes,option_quote,2015-05-13,required_full_replication,3,ADI;NDSN;SCVL,3,date_file_or_underlying_filtered_export,,1
nasdaq_itch_5_0_decoded,itch_decoded,2015-05-13,conditional,3,ADI;NDSN;SCVL,3,decoded_date_file_filtered_to_required_symbols,point_in_time_primary_listing_exchange,1
nyse_daily_taq,equity_trade,2015-05-14,required_core,3,ADI;NDSN;SCVL,3,date_file_or_symbol_filtered_export,,1
nyse_daily_taq,equity_quote,2015-05-14,required_core,3,ADI;NDSN;SCVL,3,date_file_or_symbol_filtered_export,,1
cboe_option_trades,option_trade,2015-05-14,required_full_replication,3,ADI;NDSN;SCVL,3,date_file_or_underlying_filtered_export,,1
cboe_option_quotes,option_quote,2015-05-14,required_full_replication,3,ADI;NDSN;SCVL,3,date_file_or_underlying_filtered_export,,1
nasdaq_itch_5_0_decoded,itch_decoded,2015-05-14,conditional,3,ADI;NDSN;SCVL,3,decoded_date_file_filtered_to_required_symbols,point_in_time_primary_listing_exchange,1
nyse_daily_taq,equity_trade,2015-05-15,required_core,3,ADI;NDSN;SCVL,3,date_file_or_symbol_filtered_export,,1
nyse_daily_taq,equity_quote,2015-05-15,required_core,3,ADI;NDSN;SCVL,3,date_file_or_symbol_filtered_export,,1
cboe_option_trades,option_trade,2015-05-15,required_full_replication,3,ADI;NDSN;SCVL,3,date_file_or_underlying_filtered_export,,1
cboe_option_quotes,option_quote,2015-05-15,required_full_replication,3,ADI;NDSN;SCVL,3,date_file_or_underlying_filtered_export,,1
nasdaq_itch_5_0_decoded,itch_decoded,2015-05-15,conditional,3,ADI;NDSN;SCVL,3,decoded_date_file_filtered_to_required_symbols,point_in_time_primary_listing_exchange,1
nyse_daily_taq,equity_trade,2015-05-18,required_core,3,ADI;NDSN;SCVL,3,date_file_or_symbol_filtered_export,,1
nyse_daily_taq,equity_quote,2015-05-18,required_core,3,ADI;NDSN;SCVL,3,date_file_or_symbol_filtered_export,,1
cboe_option_trades,option_trade,2015-05-18,required_full_replication,3,ADI;NDSN;SCVL,3,date_file_or_underlying_filtered_export,,1
cboe_option_quotes,option_quote,2015-05-18,required_full_replication,3,ADI;NDSN;SCVL,3,date_file_or_underlying_filtered_export,,1
nasdaq_itch_5_0_decoded,itch_decoded,2015-05-18,conditional,3,ADI;NDSN;SCVL,3,decoded_date_file_filtered_to_required_symbols,point_in_time_primary_listing_exchange,1
nyse_daily_taq,equity_trade,2015-05-19,required_core,3,ADI;NDSN;SCVL,3,date_file_or_symbol_filtered_export,,1
nyse_daily_taq,equity_quote,2015-05-19,required_core,3,ADI;NDSN;SCVL,3,date_file_or_symbol_filtered_export,,1
cboe_option_trades,option_trade,2015-05-19,required_full_replication,3,ADI;NDSN;SCVL,3,date_file_or_underlying_filtered_export,,1
cboe_option_quotes,option_quote,2015-05-19,required_full_replication,3,ADI;NDSN;SCVL,3,date_file_or_underlying_filtered_export,,1
nasdaq_itch_5_0_decoded,itch_decoded,2015-05-19,conditional,3,ADI;NDSN;SCVL,3,decoded_date_file_filtered_to_required_symbols,point_in_time_primary_listing_exchange,1
nyse_daily_taq,equity_trade,2015-05-20,required_core,1,SCVL,1,date_file_or_symbol_filtered_export,,1
nyse_daily_taq,equity_quote,2015-05-20,required_core,1,SCVL,1,date_file_or_symbol_filtered_export,,1
cboe_option_trades,option_trade,2015-05-20,required_full_replication,1,SCVL,1,date_file_or_underlying_filtered_export,,1
cboe_option_quotes,option_quote,2015-05-20,required_full_replication,1,SCVL,1,date_file_or_underlying_filtered_export,,1
nasdaq_itch_5_0_decoded,itch_decoded,2015-05-20,conditional,1,SCVL,1,decoded_date_file_filtered_to_required_symbols,point_in_time_primary_listing_exchange,1
