historical_symbol,trade_date,roles,event_ids,interval_count,window_intervals_local,requested_regular_session_minutes,quote_extension_intervals_local,requested_quote_minutes,require_equity_trades,require_equity_quotes,require_option_trades_full_replication,require_option_quotes_full_replication,itch_requirement,shares_outstanding_required,research_use_only
JNPR,2011-03-21,baseline,HEJFE-D7FD00AF94DD8F41,1,15:20-16:00,41,15:20-16:00,41,1,1,1,1,conditional_on_point_in_time_nasdaq_listing,1,1
VMW,2011-03-21,baseline,HEJFE-749FFC4028DF7B1C,1,14:26-15:26,61,14:26-15:31,66,1,1,1,1,conditional_on_point_in_time_nasdaq_listing,1,1
EW,2011-03-22,baseline,HEJFE-198DE6D99E934F32,1,13:59-14:59,61,13:59-15:04,66,1,1,1,1,conditional_on_point_in_time_nasdaq_listing,1,1
JNPR,2011-03-22,baseline,HEJFE-D7FD00AF94DD8F41,1,15:20-16:00,41,15:20-16:00,41,1,1,1,1,conditional_on_point_in_time_nasdaq_listing,1,1
VMW,2011-03-22,baseline,HEJFE-749FFC4028DF7B1C,1,14:26-15:26,61,14:26-15:31,66,1,1,1,1,conditional_on_point_in_time_nasdaq_listing,1,1
EW,2011-03-23,baseline,HEJFE-198DE6D99E934F32,1,13:59-14:59,61,13:59-15:04,66,1,1,1,1,conditional_on_point_in_time_nasdaq_listing,1,1
JNPR,2011-03-23,baseline,HEJFE-D7FD00AF94DD8F41,1,15:20-16:00,41,15:20-16:00,41,1,1,1,1,conditional_on_point_in_time_nasdaq_listing,1,1
VMW,2011-03-23,baseline,HEJFE-749FFC4028DF7B1C,1,14:26-15:26,61,14:26-15:31,66,1,1,1,1,conditional_on_point_in_time_nasdaq_listing,1,1
EW,2011-03-24,baseline,HEJFE-198DE6D99E934F32,1,13:59-14:59,61,13:59-15:04,66,1,1,1,1,conditional_on_point_in_time_nasdaq_listing,1,1
JNPR,2011-03-24,baseline,HEJFE-D7FD00AF94DD8F41,1,15:20-16:00,41,15:20-16:00,41,1,1,1,1,conditional_on_point_in_time_nasdaq_listing,1,1
VMW,2011-03-24,baseline,HEJFE-749FFC4028DF7B1C,1,14:26-15:26,61,14:26-15:31,66,1,1,1,1,conditional_on_point_in_time_nasdaq_listing,1,1
EHTH,2011-03-25,baseline,HEJFE-E4D3EE1A6CB984DB,1,14:37-15:37,61,14:37-15:42,66,1,1,1,1,conditional_on_point_in_time_nasdaq_listing,1,1
EW,2011-03-25,baseline,HEJFE-198DE6D99E934F32,1,13:59-14:59,61,13:59-15:04,66,1,1,1,1,conditional_on_point_in_time_nasdaq_listing,1,1
JNPR,2011-03-25,baseline,HEJFE-D7FD00AF94DD8F41,1,15:20-16:00,41,15:20-16:00,41,1,1,1,1,conditional_on_point_in_time_nasdaq_listing,1,1
VMW,2011-03-25,baseline,HEJFE-749FFC4028DF7B1C,1,14:26-15:26,61,14:26-15:31,66,1,1,1,1,conditional_on_point_in_time_nasdaq_listing,1,1
CNMD,2011-03-28,baseline,HEJFE-A413A5AC6E515E3C,1,14:52-15:52,61,14:52-15:57,66,1,1,1,1,conditional_on_point_in_time_nasdaq_listing,1,1
EHTH,2011-03-28,baseline,HEJFE-E4D3EE1A6CB984DB,1,14:37-15:37,61,14:37-15:42,66,1,1,1,1,conditional_on_point_in_time_nasdaq_listing,1,1
EW,2011-03-28,baseline,HEJFE-198DE6D99E934F32,1,13:59-14:59,61,13:59-15:04,66,1,1,1,1,conditional_on_point_in_time_nasdaq_listing,1,1
JNPR,2011-03-28,baseline,HEJFE-D7FD00AF94DD8F41,1,15:20-16:00,41,15:20-16:00,41,1,1,1,1,conditional_on_point_in_time_nasdaq_listing,1,1
VMW,2011-03-28,baseline,HEJFE-749FFC4028DF7B1C,1,14:26-15:26,61,14:26-15:31,66,1,1,1,1,conditional_on_point_in_time_nasdaq_listing,1,1
CNMD,2011-03-29,baseline,HEJFE-A413A5AC6E515E3C,1,14:52-15:52,61,14:52-15:57,66,1,1,1,1,conditional_on_point_in_time_nasdaq_listing,1,1
EHTH,2011-03-29,baseline,HEJFE-E4D3EE1A6CB984DB,1,14:37-15:37,61,14:37-15:42,66,1,1,1,1,conditional_on_point_in_time_nasdaq_listing,1,1
EW,2011-03-29,baseline,HEJFE-198DE6D99E934F32,1,13:59-14:59,61,13:59-15:04,66,1,1,1,1,conditional_on_point_in_time_nasdaq_listing,1,1
JNPR,2011-03-29,baseline,HEJFE-D7FD00AF94DD8F41,1,15:20-16:00,41,15:20-16:00,41,1,1,1,1,conditional_on_point_in_time_nasdaq_listing,1,1
VMW,2011-03-29,baseline,HEJFE-749FFC4028DF7B1C,1,14:26-15:26,61,14:26-15:31,66,1,1,1,1,conditional_on_point_in_time_nasdaq_listing,1,1
CNMD,2011-03-30,baseline,HEJFE-A413A5AC6E515E3C,1,14:52-15:52,61,14:52-15:57,66,1,1,1,1,conditional_on_point_in_time_nasdaq_listing,1,1
EHTH,2011-03-30,baseline,HEJFE-E4D3EE1A6CB984DB,1,14:37-15:37,61,14:37-15:42,66,1,1,1,1,conditional_on_point_in_time_nasdaq_listing,1,1
EW,2011-03-30,baseline,HEJFE-198DE6D99E934F32,1,13:59-14:59,61,13:59-15:04,66,1,1,1,1,conditional_on_point_in_time_nasdaq_listing,1,1
JNPR,2011-03-30,baseline,HEJFE-D7FD00AF94DD8F41,1,15:20-16:00,41,15:20-16:00,41,1,1,1,1,conditional_on_point_in_time_nasdaq_listing,1,1
VMW,2011-03-30,baseline,HEJFE-749FFC4028DF7B1C,1,14:26-15:26,61,14:26-15:31,66,1,1,1,1,conditional_on_point_in_time_nasdaq_listing,1,1
CNMD,2011-03-31,baseline,HEJFE-A413A5AC6E515E3C,1,14:52-15:52,61,14:52-15:57,66,1,1,1,1,conditional_on_point_in_time_nasdaq_listing,1,1
EHTH,2011-03-31,baseline,HEJFE-E4D3EE1A6CB984DB,1,14:37-15:37,61,14:37-15:42,66,1,1,1,1,conditional_on_point_in_time_nasdaq_listing,1,1
EW,2011-03-31,baseline,HEJFE-198DE6D99E934F32,1,13:59-14:59,61,13:59-15:04,66,1,1,1,1,conditional_on_point_in_time_nasdaq_listing,1,1
JNPR,2011-03-31,baseline,HEJFE-D7FD00AF94DD8F41,1,15:20-16:00,41,15:20-16:00,41,1,1,1,1,conditional_on_point_in_time_nasdaq_listing,1,1
VMW,2011-03-31,baseline,HEJFE-749FFC4028DF7B1C,1,14:26-15:26,61,14:26-15:31,66,1,1,1,1,conditional_on_point_in_time_nasdaq_listing,1,1
CNMD,2011-04-01,baseline,HEJFE-A413A5AC6E515E3C,1,14:52-15:52,61,14:52-15:57,66,1,1,1,1,conditional_on_point_in_time_nasdaq_listing,1,1
EHTH,2011-04-01,baseline,HEJFE-E4D3EE1A6CB984DB,1,14:37-15:37,61,14:37-15:42,66,1,1,1,1,conditional_on_point_in_time_nasdaq_listing,1,1
EW,2011-04-01,baseline,HEJFE-198DE6D99E934F32,1,13:59-14:59,61,13:59-15:04,66,1,1,1,1,conditional_on_point_in_time_nasdaq_listing,1,1
JNPR,2011-04-01,baseline,HEJFE-D7FD00AF94DD8F41,1,15:20-16:00,41,15:20-16:00,41,1,1,1,1,conditional_on_point_in_time_nasdaq_listing,1,1
VMW,2011-04-01,baseline,HEJFE-749FFC4028DF7B1C,1,14:26-15:26,61,14:26-15:31,66,1,1,1,1,conditional_on_point_in_time_nasdaq_listing,1,1
CNMD,2011-04-04,baseline,HEJFE-A413A5AC6E515E3C,1,14:52-15:52,61,14:52-15:57,66,1,1,1,1,conditional_on_point_in_time_nasdaq_listing,1,1
EHTH,2011-04-04,baseline,HEJFE-E4D3EE1A6CB984DB,1,14:37-15:37,61,14:37-15:42,66,1,1,1,1,conditional_on_point_in_time_nasdaq_listing,1,1
EW,2011-04-04,baseline,HEJFE-198DE6D99E934F32,1,13:59-14:59,61,13:59-15:04,66,1,1,1,1,conditional_on_point_in_time_nasdaq_listing,1,1
JNPR,2011-04-04,baseline,HEJFE-D7FD00AF94DD8F41,1,15:20-16:00,41,15:20-16:00,41,1,1,1,1,conditional_on_point_in_time_nasdaq_listing,1,1
VMW,2011-04-04,baseline,HEJFE-749FFC4028DF7B1C,1,14:26-15:26,61,14:26-15:31,66,1,1,1,1,conditional_on_point_in_time_nasdaq_listing,1,1
CNMD,2011-04-05,baseline,HEJFE-A413A5AC6E515E3C,1,14:52-15:52,61,14:52-15:57,66,1,1,1,1,conditional_on_point_in_time_nasdaq_listing,1,1
EHTH,2011-04-05,baseline,HEJFE-E4D3EE1A6CB984DB,1,14:37-15:37,61,14:37-15:42,66,1,1,1,1,conditional_on_point_in_time_nasdaq_listing,1,1
EW,2011-04-05,baseline,HEJFE-198DE6D99E934F32,1,13:59-14:59,61,13:59-15:04,66,1,1,1,1,conditional_on_point_in_time_nasdaq_listing,1,1
JNPR,2011-04-05,baseline,HEJFE-D7FD00AF94DD8F41,1,15:20-16:00,41,15:20-16:00,41,1,1,1,1,conditional_on_point_in_time_nasdaq_listing,1,1
VMW,2011-04-05,baseline,HEJFE-749FFC4028DF7B1C,1,14:26-15:26,61,14:26-15:31,66,1,1,1,1,conditional_on_point_in_time_nasdaq_listing,1,1
CNMD,2011-04-06,baseline,HEJFE-A413A5AC6E515E3C,1,14:52-15:52,61,14:52-15:57,66,1,1,1,1,conditional_on_point_in_time_nasdaq_listing,1,1
EHTH,2011-04-06,baseline,HEJFE-E4D3EE1A6CB984DB,1,14:37-15:37,61,14:37-15:42,66,1,1,1,1,conditional_on_point_in_time_nasdaq_listing,1,1
EW,2011-04-06,baseline,HEJFE-198DE6D99E934F32,1,13:59-14:59,61,13:59-15:04,66,1,1,1,1,conditional_on_point_in_time_nasdaq_listing,1,1
JNPR,2011-04-06,baseline,HEJFE-D7FD00AF94DD8F41,1,15:20-16:00,41,15:20-16:00,41,1,1,1,1,conditional_on_point_in_time_nasdaq_listing,1,1
VMW,2011-04-06,baseline,HEJFE-749FFC4028DF7B1C,1,14:26-15:26,61,14:26-15:31,66,1,1,1,1,conditional_on_point_in_time_nasdaq_listing,1,1
CNMD,2011-04-07,baseline,HEJFE-A413A5AC6E515E3C,1,14:52-15:52,61,14:52-15:57,66,1,1,1,1,conditional_on_point_in_time_nasdaq_listing,1,1
EHTH,2011-04-07,baseline,HEJFE-E4D3EE1A6CB984DB,1,14:37-15:37,61,14:37-15:42,66,1,1,1,1,conditional_on_point_in_time_nasdaq_listing,1,1
EW,2011-04-07,baseline,HEJFE-198DE6D99E934F32,1,13:59-14:59,61,13:59-15:04,66,1,1,1,1,conditional_on_point_in_time_nasdaq_listing,1,1
JNPR,2011-04-07,baseline,HEJFE-D7FD00AF94DD8F41,1,15:20-16:00,41,15:20-16:00,41,1,1,1,1,conditional_on_point_in_time_nasdaq_listing,1,1
VMW,2011-04-07,baseline,HEJFE-749FFC4028DF7B1C,1,14:26-15:26,61,14:26-15:31,66,1,1,1,1,conditional_on_point_in_time_nasdaq_listing,1,1
CNMD,2011-04-08,baseline,HEJFE-A413A5AC6E515E3C,1,14:52-15:52,61,14:52-15:57,66,1,1,1,1,conditional_on_point_in_time_nasdaq_listing,1,1
EHTH,2011-04-08,baseline,HEJFE-E4D3EE1A6CB984DB,1,14:37-15:37,61,14:37-15:42,66,1,1,1,1,conditional_on_point_in_time_nasdaq_listing,1,1
EW,2011-04-08,baseline,HEJFE-198DE6D99E934F32,1,13:59-14:59,61,13:59-15:04,66,1,1,1,1,conditional_on_point_in_time_nasdaq_listing,1,1
JNPR,2011-04-08,baseline,HEJFE-D7FD00AF94DD8F41,1,15:20-16:00,41,15:20-16:00,41,1,1,1,1,conditional_on_point_in_time_nasdaq_listing,1,1
VMW,2011-04-08,baseline,HEJFE-749FFC4028DF7B1C,1,14:26-15:26,61,14:26-15:31,66,1,1,1,1,conditional_on_point_in_time_nasdaq_listing,1,1
CNMD,2011-04-11,baseline,HEJFE-A413A5AC6E515E3C,1,14:52-15:52,61,14:52-15:57,66,1,1,1,1,conditional_on_point_in_time_nasdaq_listing,1,1
EHTH,2011-04-11,baseline,HEJFE-E4D3EE1A6CB984DB,1,14:37-15:37,61,14:37-15:42,66,1,1,1,1,conditional_on_point_in_time_nasdaq_listing,1,1
EW,2011-04-11,baseline,HEJFE-198DE6D99E934F32,1,13:59-14:59,61,13:59-15:04,66,1,1,1,1,conditional_on_point_in_time_nasdaq_listing,1,1
JNPR,2011-04-11,baseline,HEJFE-D7FD00AF94DD8F41,1,15:20-16:00,41,15:20-16:00,41,1,1,1,1,conditional_on_point_in_time_nasdaq_listing,1,1
VMW,2011-04-11,baseline,HEJFE-749FFC4028DF7B1C,1,14:26-15:26,61,14:26-15:31,66,1,1,1,1,conditional_on_point_in_time_nasdaq_listing,1,1
CNMD,2011-04-12,baseline,HEJFE-A413A5AC6E515E3C,1,14:52-15:52,61,14:52-15:57,66,1,1,1,1,conditional_on_point_in_time_nasdaq_listing,1,1
EHTH,2011-04-12,baseline,HEJFE-E4D3EE1A6CB984DB,1,14:37-15:37,61,14:37-15:42,66,1,1,1,1,conditional_on_point_in_time_nasdaq_listing,1,1
EW,2011-04-12,baseline,HEJFE-198DE6D99E934F32,1,13:59-14:59,61,13:59-15:04,66,1,1,1,1,conditional_on_point_in_time_nasdaq_listing,1,1
JNPR,2011-04-12,baseline,HEJFE-D7FD00AF94DD8F41,1,15:20-16:00,41,15:20-16:00,41,1,1,1,1,conditional_on_point_in_time_nasdaq_listing,1,1
VMW,2011-04-12,baseline,HEJFE-749FFC4028DF7B1C,1,14:26-15:26,61,14:26-15:31,66,1,1,1,1,conditional_on_point_in_time_nasdaq_listing,1,1
CNMD,2011-04-13,baseline,HEJFE-A413A5AC6E515E3C,1,14:52-15:52,61,14:52-15:57,66,1,1,1,1,conditional_on_point_in_time_nasdaq_listing,1,1
EHTH,2011-04-13,baseline,HEJFE-E4D3EE1A6CB984DB,1,14:37-15:37,61,14:37-15:42,66,1,1,1,1,conditional_on_point_in_time_nasdaq_listing,1,1
EW,2011-04-13,baseline,HEJFE-198DE6D99E934F32,1,13:59-14:59,61,13:59-15:04,66,1,1,1,1,conditional_on_point_in_time_nasdaq_listing,1,1
JNPR,2011-04-13,baseline,HEJFE-D7FD00AF94DD8F41,1,15:20-16:00,41,15:20-16:00,41,1,1,1,1,conditional_on_point_in_time_nasdaq_listing,1,1
VMW,2011-04-13,baseline,HEJFE-749FFC4028DF7B1C,1,14:26-15:26,61,14:26-15:31,66,1,1,1,1,conditional_on_point_in_time_nasdaq_listing,1,1
CNMD,2011-04-14,baseline,HEJFE-A413A5AC6E515E3C,1,14:52-15:52,61,14:52-15:57,66,1,1,1,1,conditional_on_point_in_time_nasdaq_listing,1,1
EHTH,2011-04-14,baseline,HEJFE-E4D3EE1A6CB984DB,1,14:37-15:37,61,14:37-15:42,66,1,1,1,1,conditional_on_point_in_time_nasdaq_listing,1,1
EW,2011-04-14,baseline,HEJFE-198DE6D99E934F32,1,13:59-14:59,61,13:59-15:04,66,1,1,1,1,conditional_on_point_in_time_nasdaq_listing,1,1
JNPR,2011-04-14,baseline,HEJFE-D7FD00AF94DD8F41,1,15:20-16:00,41,15:20-16:00,41,1,1,1,1,conditional_on_point_in_time_nasdaq_listing,1,1
VMW,2011-04-14,baseline,HEJFE-749FFC4028DF7B1C,1,14:26-15:26,61,14:26-15:31,66,1,1,1,1,conditional_on_point_in_time_nasdaq_listing,1,1
CNMD,2011-04-15,baseline,HEJFE-A413A5AC6E515E3C,1,14:52-15:52,61,14:52-15:57,66,1,1,1,1,conditional_on_point_in_time_nasdaq_listing,1,1
EHTH,2011-04-15,baseline,HEJFE-E4D3EE1A6CB984DB,1,14:37-15:37,61,14:37-15:42,66,1,1,1,1,conditional_on_point_in_time_nasdaq_listing,1,1
EW,2011-04-15,baseline,HEJFE-198DE6D99E934F32,1,13:59-14:59,61,13:59-15:04,66,1,1,1,1,conditional_on_point_in_time_nasdaq_listing,1,1
JNPR,2011-04-15,baseline,HEJFE-D7FD00AF94DD8F41,1,15:20-16:00,41,15:20-16:00,41,1,1,1,1,conditional_on_point_in_time_nasdaq_listing,1,1
VMW,2011-04-15,baseline,HEJFE-749FFC4028DF7B1C,1,14:26-15:26,61,14:26-15:31,66,1,1,1,1,conditional_on_point_in_time_nasdaq_listing,1,1
CNMD,2011-04-18,baseline,HEJFE-A413A5AC6E515E3C,1,14:52-15:52,61,14:52-15:57,66,1,1,1,1,conditional_on_point_in_time_nasdaq_listing,1,1
EHTH,2011-04-18,baseline,HEJFE-E4D3EE1A6CB984DB,1,14:37-15:37,61,14:37-15:42,66,1,1,1,1,conditional_on_point_in_time_nasdaq_listing,1,1
EW,2011-04-18,baseline,HEJFE-198DE6D99E934F32,1,13:59-14:59,61,13:59-15:04,66,1,1,1,1,conditional_on_point_in_time_nasdaq_listing,1,1
JNPR,2011-04-18,baseline,HEJFE-D7FD00AF94DD8F41,1,15:20-16:00,41,15:20-16:00,41,1,1,1,1,conditional_on_point_in_time_nasdaq_listing,1,1
VMW,2011-04-18,baseline,HEJFE-749FFC4028DF7B1C,1,14:26-15:26,61,14:26-15:31,66,1,1,1,1,conditional_on_point_in_time_nasdaq_listing,1,1
CNMD,2011-04-19,baseline,HEJFE-A413A5AC6E515E3C,1,14:52-15:52,61,14:52-15:57,66,1,1,1,1,conditional_on_point_in_time_nasdaq_listing,1,1
EHTH,2011-04-19,baseline,HEJFE-E4D3EE1A6CB984DB,1,14:37-15:37,61,14:37-15:42,66,1,1,1,1,conditional_on_point_in_time_nasdaq_listing,1,1
EW,2011-04-19,baseline,HEJFE-198DE6D99E934F32,1,13:59-14:59,61,13:59-15:04,66,1,1,1,1,conditional_on_point_in_time_nasdaq_listing,1,1
JNPR,2011-04-19,event,HEJFE-D7FD00AF94DD8F41,1,15:20-16:00,41,15:20-16:00,41,1,1,1,1,conditional_on_point_in_time_nasdaq_listing,1,1
VMW,2011-04-19,event,HEJFE-749FFC4028DF7B1C,1,14:26-15:26,61,14:26-15:31,66,1,1,1,1,conditional_on_point_in_time_nasdaq_listing,1,1
CNMD,2011-04-20,baseline,HEJFE-A413A5AC6E515E3C,1,14:52-15:52,61,14:52-15:57,66,1,1,1,1,conditional_on_point_in_time_nasdaq_listing,1,1
EHTH,2011-04-20,baseline,HEJFE-E4D3EE1A6CB984DB,1,14:37-15:37,61,14:37-15:42,66,1,1,1,1,conditional_on_point_in_time_nasdaq_listing,1,1
EW,2011-04-20,event,HEJFE-198DE6D99E934F32,1,13:59-14:59,61,13:59-15:04,66,1,1,1,1,conditional_on_point_in_time_nasdaq_listing,1,1
CNMD,2011-04-21,baseline,HEJFE-A413A5AC6E515E3C,1,14:52-15:52,61,14:52-15:57,66,1,1,1,1,conditional_on_point_in_time_nasdaq_listing,1,1
EHTH,2011-04-21,baseline,HEJFE-E4D3EE1A6CB984DB,1,14:37-15:37,61,14:37-15:42,66,1,1,1,1,conditional_on_point_in_time_nasdaq_listing,1,1
CNMD,2011-04-25,baseline,HEJFE-A413A5AC6E515E3C,1,14:52-15:52,61,14:52-15:57,66,1,1,1,1,conditional_on_point_in_time_nasdaq_listing,1,1
EHTH,2011-04-25,baseline,HEJFE-E4D3EE1A6CB984DB,1,14:37-15:37,61,14:37-15:42,66,1,1,1,1,conditional_on_point_in_time_nasdaq_listing,1,1
CNMD,2011-04-26,baseline,HEJFE-A413A5AC6E515E3C,1,14:52-15:52,61,14:52-15:57,66,1,1,1,1,conditional_on_point_in_time_nasdaq_listing,1,1
EHTH,2011-04-26,event,HEJFE-E4D3EE1A6CB984DB,1,14:37-15:37,61,14:37-15:42,66,1,1,1,1,conditional_on_point_in_time_nasdaq_listing,1,1
CNMD,2011-04-27,event,HEJFE-A413A5AC6E515E3C,1,14:52-15:52,61,14:52-15:57,66,1,1,1,1,conditional_on_point_in_time_nasdaq_listing,1,1
CA,2011-06-20,baseline,HEJFE-376286473ECFECB4,1,15:16-16:00,45,15:16-16:00,45,1,1,1,1,conditional_on_point_in_time_nasdaq_listing,1,1
CA,2011-06-21,baseline,HEJFE-376286473ECFECB4,1,15:16-16:00,45,15:16-16:00,45,1,1,1,1,conditional_on_point_in_time_nasdaq_listing,1,1
CA,2011-06-22,baseline,HEJFE-376286473ECFECB4,1,15:16-16:00,45,15:16-16:00,45,1,1,1,1,conditional_on_point_in_time_nasdaq_listing,1,1
CA,2011-06-23,baseline,HEJFE-376286473ECFECB4,1,15:16-16:00,45,15:16-16:00,45,1,1,1,1,conditional_on_point_in_time_nasdaq_listing,1,1
CA,2011-06-24,baseline,HEJFE-376286473ECFECB4,1,15:16-16:00,45,15:16-16:00,45,1,1,1,1,conditional_on_point_in_time_nasdaq_listing,1,1
TPX,2011-06-24,baseline,HEJFE-3A94836BBC9F224A,1,13:10-14:10,61,13:10-14:15,66,1,1,1,1,conditional_on_point_in_time_nasdaq_listing,1,1
BWA,2011-06-27,baseline,HEJFE-5CB3223BB28A6F14,1,10:29-11:29,61,10:29-11:34,66,1,1,1,1,conditional_on_point_in_time_nasdaq_listing,1,1
CA,2011-06-27,baseline,HEJFE-376286473ECFECB4,1,15:16-16:00,45,15:16-16:00,45,1,1,1,1,conditional_on_point_in_time_nasdaq_listing,1,1
GT,2011-06-27,baseline,HEJFE-B704E62641681A73,1,15:29-16:00,32,15:29-16:00,32,1,1,1,1,conditional_on_point_in_time_nasdaq_listing,1,1
TPX,2011-06-27,baseline,HEJFE-3A94836BBC9F224A,1,13:10-14:10,61,13:10-14:15,66,1,1,1,1,conditional_on_point_in_time_nasdaq_listing,1,1
BWA,2011-06-28,baseline,HEJFE-5CB3223BB28A6F14,1,10:29-11:29,61,10:29-11:34,66,1,1,1,1,conditional_on_point_in_time_nasdaq_listing,1,1
CA,2011-06-28,baseline,HEJFE-376286473ECFECB4,1,15:16-16:00,45,15:16-16:00,45,1,1,1,1,conditional_on_point_in_time_nasdaq_listing,1,1
GT,2011-06-28,baseline,HEJFE-B704E62641681A73,1,15:29-16:00,32,15:29-16:00,32,1,1,1,1,conditional_on_point_in_time_nasdaq_listing,1,1
TPX,2011-06-28,baseline,HEJFE-3A94836BBC9F224A,1,13:10-14:10,61,13:10-14:15,66,1,1,1,1,conditional_on_point_in_time_nasdaq_listing,1,1
BWA,2011-06-29,baseline,HEJFE-5CB3223BB28A6F14,1,10:29-11:29,61,10:29-11:34,66,1,1,1,1,conditional_on_point_in_time_nasdaq_listing,1,1
CA,2011-06-29,baseline,HEJFE-376286473ECFECB4,1,15:16-16:00,45,15:16-16:00,45,1,1,1,1,conditional_on_point_in_time_nasdaq_listing,1,1
GT,2011-06-29,baseline,HEJFE-B704E62641681A73,1,15:29-16:00,32,15:29-16:00,32,1,1,1,1,conditional_on_point_in_time_nasdaq_listing,1,1
TPX,2011-06-29,baseline,HEJFE-3A94836BBC9F224A,1,13:10-14:10,61,13:10-14:15,66,1,1,1,1,conditional_on_point_in_time_nasdaq_listing,1,1
BWA,2011-06-30,baseline,HEJFE-5CB3223BB28A6F14,1,10:29-11:29,61,10:29-11:34,66,1,1,1,1,conditional_on_point_in_time_nasdaq_listing,1,1
CA,2011-06-30,baseline,HEJFE-376286473ECFECB4,1,15:16-16:00,45,15:16-16:00,45,1,1,1,1,conditional_on_point_in_time_nasdaq_listing,1,1
GT,2011-06-30,baseline,HEJFE-B704E62641681A73,1,15:29-16:00,32,15:29-16:00,32,1,1,1,1,conditional_on_point_in_time_nasdaq_listing,1,1
TPX,2011-06-30,baseline,HEJFE-3A94836BBC9F224A,1,13:10-14:10,61,13:10-14:15,66,1,1,1,1,conditional_on_point_in_time_nasdaq_listing,1,1
BWA,2011-07-01,baseline,HEJFE-5CB3223BB28A6F14,1,10:29-11:29,61,10:29-11:34,66,1,1,1,1,conditional_on_point_in_time_nasdaq_listing,1,1
CA,2011-07-01,baseline,HEJFE-376286473ECFECB4,1,15:16-16:00,45,15:16-16:00,45,1,1,1,1,conditional_on_point_in_time_nasdaq_listing,1,1
GT,2011-07-01,baseline,HEJFE-B704E62641681A73,1,15:29-16:00,32,15:29-16:00,32,1,1,1,1,conditional_on_point_in_time_nasdaq_listing,1,1
TPX,2011-07-01,baseline,HEJFE-3A94836BBC9F224A,1,13:10-14:10,61,13:10-14:15,66,1,1,1,1,conditional_on_point_in_time_nasdaq_listing,1,1
BWA,2011-07-05,baseline,HEJFE-5CB3223BB28A6F14,1,10:29-11:29,61,10:29-11:34,66,1,1,1,1,conditional_on_point_in_time_nasdaq_listing,1,1
CA,2011-07-05,baseline,HEJFE-376286473ECFECB4,1,15:16-16:00,45,15:16-16:00,45,1,1,1,1,conditional_on_point_in_time_nasdaq_listing,1,1
DNDN,2011-07-05,baseline,HEJFE-4FB44934BC5C5221,1,15:26-16:00,35,15:26-16:00,35,1,1,1,1,conditional_on_point_in_time_nasdaq_listing,1,1
GT,2011-07-05,baseline,HEJFE-B704E62641681A73,1,15:29-16:00,32,15:29-16:00,32,1,1,1,1,conditional_on_point_in_time_nasdaq_listing,1,1
TPX,2011-07-05,baseline,HEJFE-3A94836BBC9F224A,1,13:10-14:10,61,13:10-14:15,66,1,1,1,1,conditional_on_point_in_time_nasdaq_listing,1,1
BWA,2011-07-06,baseline,HEJFE-5CB3223BB28A6F14,1,10:29-11:29,61,10:29-11:34,66,1,1,1,1,conditional_on_point_in_time_nasdaq_listing,1,1
CA,2011-07-06,baseline,HEJFE-376286473ECFECB4,1,15:16-16:00,45,15:16-16:00,45,1,1,1,1,conditional_on_point_in_time_nasdaq_listing,1,1
DNDN,2011-07-06,baseline,HEJFE-4FB44934BC5C5221,1,15:26-16:00,35,15:26-16:00,35,1,1,1,1,conditional_on_point_in_time_nasdaq_listing,1,1
GT,2011-07-06,baseline,HEJFE-B704E62641681A73,1,15:29-16:00,32,15:29-16:00,32,1,1,1,1,conditional_on_point_in_time_nasdaq_listing,1,1
TPX,2011-07-06,baseline,HEJFE-3A94836BBC9F224A,1,13:10-14:10,61,13:10-14:15,66,1,1,1,1,conditional_on_point_in_time_nasdaq_listing,1,1
BWA,2011-07-07,baseline,HEJFE-5CB3223BB28A6F14,1,10:29-11:29,61,10:29-11:34,66,1,1,1,1,conditional_on_point_in_time_nasdaq_listing,1,1
CA,2011-07-07,baseline,HEJFE-376286473ECFECB4,1,15:16-16:00,45,15:16-16:00,45,1,1,1,1,conditional_on_point_in_time_nasdaq_listing,1,1
DNDN,2011-07-07,baseline,HEJFE-4FB44934BC5C5221,1,15:26-16:00,35,15:26-16:00,35,1,1,1,1,conditional_on_point_in_time_nasdaq_listing,1,1
GT,2011-07-07,baseline,HEJFE-B704E62641681A73,1,15:29-16:00,32,15:29-16:00,32,1,1,1,1,conditional_on_point_in_time_nasdaq_listing,1,1
TPX,2011-07-07,baseline,HEJFE-3A94836BBC9F224A,1,13:10-14:10,61,13:10-14:15,66,1,1,1,1,conditional_on_point_in_time_nasdaq_listing,1,1
BWA,2011-07-08,baseline,HEJFE-5CB3223BB28A6F14,1,10:29-11:29,61,10:29-11:34,66,1,1,1,1,conditional_on_point_in_time_nasdaq_listing,1,1
CA,2011-07-08,baseline,HEJFE-376286473ECFECB4,1,15:16-16:00,45,15:16-16:00,45,1,1,1,1,conditional_on_point_in_time_nasdaq_listing,1,1
DNDN,2011-07-08,baseline,HEJFE-4FB44934BC5C5221,1,15:26-16:00,35,15:26-16:00,35,1,1,1,1,conditional_on_point_in_time_nasdaq_listing,1,1
GT,2011-07-08,baseline,HEJFE-B704E62641681A73,1,15:29-16:00,32,15:29-16:00,32,1,1,1,1,conditional_on_point_in_time_nasdaq_listing,1,1
TPX,2011-07-08,baseline,HEJFE-3A94836BBC9F224A,1,13:10-14:10,61,13:10-14:15,66,1,1,1,1,conditional_on_point_in_time_nasdaq_listing,1,1
BWA,2011-07-11,baseline,HEJFE-5CB3223BB28A6F14,1,10:29-11:29,61,10:29-11:34,66,1,1,1,1,conditional_on_point_in_time_nasdaq_listing,1,1
CA,2011-07-11,baseline,HEJFE-376286473ECFECB4,1,15:16-16:00,45,15:16-16:00,45,1,1,1,1,conditional_on_point_in_time_nasdaq_listing,1,1
DNDN,2011-07-11,baseline,HEJFE-4FB44934BC5C5221,1,15:26-16:00,35,15:26-16:00,35,1,1,1,1,conditional_on_point_in_time_nasdaq_listing,1,1
GT,2011-07-11,baseline,HEJFE-B704E62641681A73,1,15:29-16:00,32,15:29-16:00,32,1,1,1,1,conditional_on_point_in_time_nasdaq_listing,1,1
TPX,2011-07-11,baseline,HEJFE-3A94836BBC9F224A,1,13:10-14:10,61,13:10-14:15,66,1,1,1,1,conditional_on_point_in_time_nasdaq_listing,1,1
BWA,2011-07-12,baseline,HEJFE-5CB3223BB28A6F14,1,10:29-11:29,61,10:29-11:34,66,1,1,1,1,conditional_on_point_in_time_nasdaq_listing,1,1
CA,2011-07-12,baseline,HEJFE-376286473ECFECB4,1,15:16-16:00,45,15:16-16:00,45,1,1,1,1,conditional_on_point_in_time_nasdaq_listing,1,1
DNDN,2011-07-12,baseline,HEJFE-4FB44934BC5C5221,1,15:26-16:00,35,15:26-16:00,35,1,1,1,1,conditional_on_point_in_time_nasdaq_listing,1,1
GT,2011-07-12,baseline,HEJFE-B704E62641681A73,1,15:29-16:00,32,15:29-16:00,32,1,1,1,1,conditional_on_point_in_time_nasdaq_listing,1,1
TPX,2011-07-12,baseline,HEJFE-3A94836BBC9F224A,1,13:10-14:10,61,13:10-14:15,66,1,1,1,1,conditional_on_point_in_time_nasdaq_listing,1,1
BWA,2011-07-13,baseline,HEJFE-5CB3223BB28A6F14,1,10:29-11:29,61,10:29-11:34,66,1,1,1,1,conditional_on_point_in_time_nasdaq_listing,1,1
CA,2011-07-13,baseline,HEJFE-376286473ECFECB4,1,15:16-16:00,45,15:16-16:00,45,1,1,1,1,conditional_on_point_in_time_nasdaq_listing,1,1
DNDN,2011-07-13,baseline,HEJFE-4FB44934BC5C5221,1,15:26-16:00,35,15:26-16:00,35,1,1,1,1,conditional_on_point_in_time_nasdaq_listing,1,1
GT,2011-07-13,baseline,HEJFE-B704E62641681A73,1,15:29-16:00,32,15:29-16:00,32,1,1,1,1,conditional_on_point_in_time_nasdaq_listing,1,1
TPX,2011-07-13,baseline,HEJFE-3A94836BBC9F224A,1,13:10-14:10,61,13:10-14:15,66,1,1,1,1,conditional_on_point_in_time_nasdaq_listing,1,1
BWA,2011-07-14,baseline,HEJFE-5CB3223BB28A6F14,1,10:29-11:29,61,10:29-11:34,66,1,1,1,1,conditional_on_point_in_time_nasdaq_listing,1,1
CA,2011-07-14,baseline,HEJFE-376286473ECFECB4,1,15:16-16:00,45,15:16-16:00,45,1,1,1,1,conditional_on_point_in_time_nasdaq_listing,1,1
DNDN,2011-07-14,baseline,HEJFE-4FB44934BC5C5221,1,15:26-16:00,35,15:26-16:00,35,1,1,1,1,conditional_on_point_in_time_nasdaq_listing,1,1
GT,2011-07-14,baseline,HEJFE-B704E62641681A73,1,15:29-16:00,32,15:29-16:00,32,1,1,1,1,conditional_on_point_in_time_nasdaq_listing,1,1
TPX,2011-07-14,baseline,HEJFE-3A94836BBC9F224A,1,13:10-14:10,61,13:10-14:15,66,1,1,1,1,conditional_on_point_in_time_nasdaq_listing,1,1
BWA,2011-07-15,baseline,HEJFE-5CB3223BB28A6F14,1,10:29-11:29,61,10:29-11:34,66,1,1,1,1,conditional_on_point_in_time_nasdaq_listing,1,1
CA,2011-07-15,baseline,HEJFE-376286473ECFECB4,1,15:16-16:00,45,15:16-16:00,45,1,1,1,1,conditional_on_point_in_time_nasdaq_listing,1,1
DNDN,2011-07-15,baseline,HEJFE-4FB44934BC5C5221,1,15:26-16:00,35,15:26-16:00,35,1,1,1,1,conditional_on_point_in_time_nasdaq_listing,1,1
GT,2011-07-15,baseline,HEJFE-B704E62641681A73,1,15:29-16:00,32,15:29-16:00,32,1,1,1,1,conditional_on_point_in_time_nasdaq_listing,1,1
TPX,2011-07-15,baseline,HEJFE-3A94836BBC9F224A,1,13:10-14:10,61,13:10-14:15,66,1,1,1,1,conditional_on_point_in_time_nasdaq_listing,1,1
BWA,2011-07-18,baseline,HEJFE-5CB3223BB28A6F14,1,10:29-11:29,61,10:29-11:34,66,1,1,1,1,conditional_on_point_in_time_nasdaq_listing,1,1
CA,2011-07-18,baseline,HEJFE-376286473ECFECB4,1,15:16-16:00,45,15:16-16:00,45,1,1,1,1,conditional_on_point_in_time_nasdaq_listing,1,1
DNDN,2011-07-18,baseline,HEJFE-4FB44934BC5C5221,1,15:26-16:00,35,15:26-16:00,35,1,1,1,1,conditional_on_point_in_time_nasdaq_listing,1,1
GT,2011-07-18,baseline,HEJFE-B704E62641681A73,1,15:29-16:00,32,15:29-16:00,32,1,1,1,1,conditional_on_point_in_time_nasdaq_listing,1,1
TPX,2011-07-18,baseline,HEJFE-3A94836BBC9F224A,1,13:10-14:10,61,13:10-14:15,66,1,1,1,1,conditional_on_point_in_time_nasdaq_listing,1,1
BWA,2011-07-19,baseline,HEJFE-5CB3223BB28A6F14,1,10:29-11:29,61,10:29-11:34,66,1,1,1,1,conditional_on_point_in_time_nasdaq_listing,1,1
CA,2011-07-19,baseline,HEJFE-376286473ECFECB4,1,15:16-16:00,45,15:16-16:00,45,1,1,1,1,conditional_on_point_in_time_nasdaq_listing,1,1
DNDN,2011-07-19,baseline,HEJFE-4FB44934BC5C5221,1,15:26-16:00,35,15:26-16:00,35,1,1,1,1,conditional_on_point_in_time_nasdaq_listing,1,1
GT,2011-07-19,baseline,HEJFE-B704E62641681A73,1,15:29-16:00,32,15:29-16:00,32,1,1,1,1,conditional_on_point_in_time_nasdaq_listing,1,1
TPX,2011-07-19,baseline,HEJFE-3A94836BBC9F224A,1,13:10-14:10,61,13:10-14:15,66,1,1,1,1,conditional_on_point_in_time_nasdaq_listing,1,1
BWA,2011-07-20,baseline,HEJFE-5CB3223BB28A6F14,1,10:29-11:29,61,10:29-11:34,66,1,1,1,1,conditional_on_point_in_time_nasdaq_listing,1,1
CA,2011-07-20,event,HEJFE-376286473ECFECB4,1,15:16-16:00,45,15:16-16:00,45,1,1,1,1,conditional_on_point_in_time_nasdaq_listing,1,1
DNDN,2011-07-20,baseline,HEJFE-4FB44934BC5C5221,1,15:26-16:00,35,15:26-16:00,35,1,1,1,1,conditional_on_point_in_time_nasdaq_listing,1,1
FL,2011-07-20,baseline,HEJFE-1950A4340036BB95,1,15:13-16:00,48,15:13-16:00,48,1,1,1,1,conditional_on_point_in_time_nasdaq_listing,1,1
GT,2011-07-20,baseline,HEJFE-B704E62641681A73,1,15:29-16:00,32,15:29-16:00,32,1,1,1,1,conditional_on_point_in_time_nasdaq_listing,1,1
TPX,2011-07-20,baseline,HEJFE-3A94836BBC9F224A,1,13:10-14:10,61,13:10-14:15,66,1,1,1,1,conditional_on_point_in_time_nasdaq_listing,1,1
BWA,2011-07-21,baseline,HEJFE-5CB3223BB28A6F14,1,10:29-11:29,61,10:29-11:34,66,1,1,1,1,conditional_on_point_in_time_nasdaq_listing,1,1
DNDN,2011-07-21,baseline,HEJFE-4FB44934BC5C5221,1,15:26-16:00,35,15:26-16:00,35,1,1,1,1,conditional_on_point_in_time_nasdaq_listing,1,1
FL,2011-07-21,baseline,HEJFE-1950A4340036BB95,1,15:13-16:00,48,15:13-16:00,48,1,1,1,1,conditional_on_point_in_time_nasdaq_listing,1,1
GT,2011-07-21,baseline,HEJFE-B704E62641681A73,1,15:29-16:00,32,15:29-16:00,32,1,1,1,1,conditional_on_point_in_time_nasdaq_listing,1,1
TPX,2011-07-21,baseline,HEJFE-3A94836BBC9F224A,1,13:10-14:10,61,13:10-14:15,66,1,1,1,1,conditional_on_point_in_time_nasdaq_listing,1,1
BWA,2011-07-22,baseline,HEJFE-5CB3223BB28A6F14,1,10:29-11:29,61,10:29-11:34,66,1,1,1,1,conditional_on_point_in_time_nasdaq_listing,1,1
DNDN,2011-07-22,baseline,HEJFE-4FB44934BC5C5221,1,15:26-16:00,35,15:26-16:00,35,1,1,1,1,conditional_on_point_in_time_nasdaq_listing,1,1
FL,2011-07-22,baseline,HEJFE-1950A4340036BB95,1,15:13-16:00,48,15:13-16:00,48,1,1,1,1,conditional_on_point_in_time_nasdaq_listing,1,1
GT,2011-07-22,baseline,HEJFE-B704E62641681A73,1,15:29-16:00,32,15:29-16:00,32,1,1,1,1,conditional_on_point_in_time_nasdaq_listing,1,1
TPX,2011-07-22,baseline,HEJFE-3A94836BBC9F224A,1,13:10-14:10,61,13:10-14:15,66,1,1,1,1,conditional_on_point_in_time_nasdaq_listing,1,1
BWA,2011-07-25,baseline,HEJFE-5CB3223BB28A6F14,1,10:29-11:29,61,10:29-11:34,66,1,1,1,1,conditional_on_point_in_time_nasdaq_listing,1,1
DNDN,2011-07-25,baseline,HEJFE-4FB44934BC5C5221,1,15:26-16:00,35,15:26-16:00,35,1,1,1,1,conditional_on_point_in_time_nasdaq_listing,1,1
FL,2011-07-25,baseline,HEJFE-1950A4340036BB95,1,15:13-16:00,48,15:13-16:00,48,1,1,1,1,conditional_on_point_in_time_nasdaq_listing,1,1
GT,2011-07-25,baseline,HEJFE-B704E62641681A73,1,15:29-16:00,32,15:29-16:00,32,1,1,1,1,conditional_on_point_in_time_nasdaq_listing,1,1
TPX,2011-07-25,baseline,HEJFE-3A94836BBC9F224A,1,13:10-14:10,61,13:10-14:15,66,1,1,1,1,conditional_on_point_in_time_nasdaq_listing,1,1
BWA,2011-07-26,baseline,HEJFE-5CB3223BB28A6F14,1,10:29-11:29,61,10:29-11:34,66,1,1,1,1,conditional_on_point_in_time_nasdaq_listing,1,1
DNDN,2011-07-26,baseline,HEJFE-4FB44934BC5C5221,1,15:26-16:00,35,15:26-16:00,35,1,1,1,1,conditional_on_point_in_time_nasdaq_listing,1,1
FL,2011-07-26,baseline,HEJFE-1950A4340036BB95,1,15:13-16:00,48,15:13-16:00,48,1,1,1,1,conditional_on_point_in_time_nasdaq_listing,1,1
GT,2011-07-26,baseline,HEJFE-B704E62641681A73,1,15:29-16:00,32,15:29-16:00,32,1,1,1,1,conditional_on_point_in_time_nasdaq_listing,1,1
TPX,2011-07-26,event,HEJFE-3A94836BBC9F224A,1,13:10-14:10,61,13:10-14:15,66,1,1,1,1,conditional_on_point_in_time_nasdaq_listing,1,1
BWA,2011-07-27,event,HEJFE-5CB3223BB28A6F14,1,10:29-11:29,61,10:29-11:34,66,1,1,1,1,conditional_on_point_in_time_nasdaq_listing,1,1
DNDN,2011-07-27,baseline,HEJFE-4FB44934BC5C5221,1,15:26-16:00,35,15:26-16:00,35,1,1,1,1,conditional_on_point_in_time_nasdaq_listing,1,1
FL,2011-07-27,baseline,HEJFE-1950A4340036BB95,1,15:13-16:00,48,15:13-16:00,48,1,1,1,1,conditional_on_point_in_time_nasdaq_listing,1,1
GT,2011-07-27,event,HEJFE-B704E62641681A73,1,15:29-16:00,32,15:29-16:00,32,1,1,1,1,conditional_on_point_in_time_nasdaq_listing,1,1
DNDN,2011-07-28,baseline,HEJFE-4FB44934BC5C5221,1,15:26-16:00,35,15:26-16:00,35,1,1,1,1,conditional_on_point_in_time_nasdaq_listing,1,1
FL,2011-07-28,baseline,HEJFE-1950A4340036BB95,1,15:13-16:00,48,15:13-16:00,48,1,1,1,1,conditional_on_point_in_time_nasdaq_listing,1,1
DNDN,2011-07-29,baseline,HEJFE-4FB44934BC5C5221,1,15:26-16:00,35,15:26-16:00,35,1,1,1,1,conditional_on_point_in_time_nasdaq_listing,1,1
FL,2011-07-29,baseline,HEJFE-1950A4340036BB95,1,15:13-16:00,48,15:13-16:00,48,1,1,1,1,conditional_on_point_in_time_nasdaq_listing,1,1
DNDN,2011-08-01,baseline,HEJFE-4FB44934BC5C5221,1,15:26-16:00,35,15:26-16:00,35,1,1,1,1,conditional_on_point_in_time_nasdaq_listing,1,1
FL,2011-08-01,baseline,HEJFE-1950A4340036BB95,1,15:13-16:00,48,15:13-16:00,48,1,1,1,1,conditional_on_point_in_time_nasdaq_listing,1,1
DNDN,2011-08-02,baseline,HEJFE-4FB44934BC5C5221,1,15:26-16:00,35,15:26-16:00,35,1,1,1,1,conditional_on_point_in_time_nasdaq_listing,1,1
FL,2011-08-02,baseline,HEJFE-1950A4340036BB95,1,15:13-16:00,48,15:13-16:00,48,1,1,1,1,conditional_on_point_in_time_nasdaq_listing,1,1
DNDN,2011-08-03,event,HEJFE-4FB44934BC5C5221,1,15:26-16:00,35,15:26-16:00,35,1,1,1,1,conditional_on_point_in_time_nasdaq_listing,1,1
FL,2011-08-03,baseline,HEJFE-1950A4340036BB95,1,15:13-16:00,48,15:13-16:00,48,1,1,1,1,conditional_on_point_in_time_nasdaq_listing,1,1
FL,2011-08-04,baseline,HEJFE-1950A4340036BB95,1,15:13-16:00,48,15:13-16:00,48,1,1,1,1,conditional_on_point_in_time_nasdaq_listing,1,1
FL,2011-08-05,baseline,HEJFE-1950A4340036BB95,1,15:13-16:00,48,15:13-16:00,48,1,1,1,1,conditional_on_point_in_time_nasdaq_listing,1,1
FL,2011-08-08,baseline,HEJFE-1950A4340036BB95,1,15:13-16:00,48,15:13-16:00,48,1,1,1,1,conditional_on_point_in_time_nasdaq_listing,1,1
FL,2011-08-09,baseline,HEJFE-1950A4340036BB95,1,15:13-16:00,48,15:13-16:00,48,1,1,1,1,conditional_on_point_in_time_nasdaq_listing,1,1
FL,2011-08-10,baseline,HEJFE-1950A4340036BB95,1,15:13-16:00,48,15:13-16:00,48,1,1,1,1,conditional_on_point_in_time_nasdaq_listing,1,1
FL,2011-08-11,baseline,HEJFE-1950A4340036BB95,1,15:13-16:00,48,15:13-16:00,48,1,1,1,1,conditional_on_point_in_time_nasdaq_listing,1,1
FL,2011-08-12,baseline,HEJFE-1950A4340036BB95,1,15:13-16:00,48,15:13-16:00,48,1,1,1,1,conditional_on_point_in_time_nasdaq_listing,1,1
FL,2011-08-15,baseline,HEJFE-1950A4340036BB95,1,15:13-16:00,48,15:13-16:00,48,1,1,1,1,conditional_on_point_in_time_nasdaq_listing,1,1
FL,2011-08-16,baseline,HEJFE-1950A4340036BB95,1,15:13-16:00,48,15:13-16:00,48,1,1,1,1,conditional_on_point_in_time_nasdaq_listing,1,1
FL,2011-08-17,baseline,HEJFE-1950A4340036BB95,1,15:13-16:00,48,15:13-16:00,48,1,1,1,1,conditional_on_point_in_time_nasdaq_listing,1,1
FL,2011-08-18,event,HEJFE-1950A4340036BB95,1,15:13-16:00,48,15:13-16:00,48,1,1,1,1,conditional_on_point_in_time_nasdaq_listing,1,1
MUSA,2011-09-21,baseline,HEJFE-DC002D2C6C767277,1,15:18-16:00,43,15:18-16:00,43,1,1,1,1,conditional_on_point_in_time_nasdaq_listing,1,1
LSTR,2011-09-22,baseline,HEJFE-AA2597B95CFD2A2D,1,15:18-16:00,43,15:18-16:00,43,1,1,1,1,conditional_on_point_in_time_nasdaq_listing,1,1
MUSA,2011-09-22,baseline,HEJFE-DC002D2C6C767277,1,15:18-16:00,43,15:18-16:00,43,1,1,1,1,conditional_on_point_in_time_nasdaq_listing,1,1
LSTR,2011-09-23,baseline,HEJFE-AA2597B95CFD2A2D,1,15:18-16:00,43,15:18-16:00,43,1,1,1,1,conditional_on_point_in_time_nasdaq_listing,1,1
MUSA,2011-09-23,baseline,HEJFE-DC002D2C6C767277,1,15:18-16:00,43,15:18-16:00,43,1,1,1,1,conditional_on_point_in_time_nasdaq_listing,1,1
LSTR,2011-09-26,baseline,HEJFE-AA2597B95CFD2A2D,1,15:18-16:00,43,15:18-16:00,43,1,1,1,1,conditional_on_point_in_time_nasdaq_listing,1,1
MUSA,2011-09-26,baseline,HEJFE-DC002D2C6C767277,1,15:18-16:00,43,15:18-16:00,43,1,1,1,1,conditional_on_point_in_time_nasdaq_listing,1,1
LSTR,2011-09-27,baseline,HEJFE-AA2597B95CFD2A2D,1,15:18-16:00,43,15:18-16:00,43,1,1,1,1,conditional_on_point_in_time_nasdaq_listing,1,1
MUSA,2011-09-27,baseline,HEJFE-DC002D2C6C767277,1,15:18-16:00,43,15:18-16:00,43,1,1,1,1,conditional_on_point_in_time_nasdaq_listing,1,1
VDSI,2011-09-27,baseline,HEJFE-BFE8A42E0C19BA39,1,13:56-14:56,61,13:56-15:01,66,1,1,1,1,conditional_on_point_in_time_nasdaq_listing,1,1
AGP,2011-09-28,baseline,HEJFE-74011A906BCCABE9,1,12:33-13:33,61,12:33-13:38,66,1,1,1,1,conditional_on_point_in_time_nasdaq_listing,1,1
LSTR,2011-09-28,baseline,HEJFE-AA2597B95CFD2A2D,1,15:18-16:00,43,15:18-16:00,43,1,1,1,1,conditional_on_point_in_time_nasdaq_listing,1,1
MUSA,2011-09-28,baseline,HEJFE-DC002D2C6C767277,1,15:18-16:00,43,15:18-16:00,43,1,1,1,1,conditional_on_point_in_time_nasdaq_listing,1,1
VDSI,2011-09-28,baseline,HEJFE-BFE8A42E0C19BA39,1,13:56-14:56,61,13:56-15:01,66,1,1,1,1,conditional_on_point_in_time_nasdaq_listing,1,1
AGP,2011-09-29,baseline,HEJFE-74011A906BCCABE9,1,12:33-13:33,61,12:33-13:38,66,1,1,1,1,conditional_on_point_in_time_nasdaq_listing,1,1
LSTR,2011-09-29,baseline,HEJFE-AA2597B95CFD2A2D,1,15:18-16:00,43,15:18-16:00,43,1,1,1,1,conditional_on_point_in_time_nasdaq_listing,1,1
MUSA,2011-09-29,baseline,HEJFE-DC002D2C6C767277,1,15:18-16:00,43,15:18-16:00,43,1,1,1,1,conditional_on_point_in_time_nasdaq_listing,1,1
VDSI,2011-09-29,baseline,HEJFE-BFE8A42E0C19BA39,1,13:56-14:56,61,13:56-15:01,66,1,1,1,1,conditional_on_point_in_time_nasdaq_listing,1,1
AGP,2011-09-30,baseline,HEJFE-74011A906BCCABE9,1,12:33-13:33,61,12:33-13:38,66,1,1,1,1,conditional_on_point_in_time_nasdaq_listing,1,1
LSTR,2011-09-30,baseline,HEJFE-AA2597B95CFD2A2D,1,15:18-16:00,43,15:18-16:00,43,1,1,1,1,conditional_on_point_in_time_nasdaq_listing,1,1
MUSA,2011-09-30,baseline,HEJFE-DC002D2C6C767277,1,15:18-16:00,43,15:18-16:00,43,1,1,1,1,conditional_on_point_in_time_nasdaq_listing,1,1
VDSI,2011-09-30,baseline,HEJFE-BFE8A42E0C19BA39,1,13:56-14:56,61,13:56-15:01,66,1,1,1,1,conditional_on_point_in_time_nasdaq_listing,1,1
AGP,2011-10-03,baseline,HEJFE-74011A906BCCABE9,1,12:33-13:33,61,12:33-13:38,66,1,1,1,1,conditional_on_point_in_time_nasdaq_listing,1,1
LSTR,2011-10-03,baseline,HEJFE-AA2597B95CFD2A2D,1,15:18-16:00,43,15:18-16:00,43,1,1,1,1,conditional_on_point_in_time_nasdaq_listing,1,1
MUSA,2011-10-03,baseline,HEJFE-DC002D2C6C767277,1,15:18-16:00,43,15:18-16:00,43,1,1,1,1,conditional_on_point_in_time_nasdaq_listing,1,1
VDSI,2011-10-03,baseline,HEJFE-BFE8A42E0C19BA39,1,13:56-14:56,61,13:56-15:01,66,1,1,1,1,conditional_on_point_in_time_nasdaq_listing,1,1
AGP,2011-10-04,baseline,HEJFE-74011A906BCCABE9,1,12:33-13:33,61,12:33-13:38,66,1,1,1,1,conditional_on_point_in_time_nasdaq_listing,1,1
LSTR,2011-10-04,baseline,HEJFE-AA2597B95CFD2A2D,1,15:18-16:00,43,15:18-16:00,43,1,1,1,1,conditional_on_point_in_time_nasdaq_listing,1,1
MUSA,2011-10-04,baseline,HEJFE-DC002D2C6C767277,1,15:18-16:00,43,15:18-16:00,43,1,1,1,1,conditional_on_point_in_time_nasdaq_listing,1,1
VDSI,2011-10-04,baseline,HEJFE-BFE8A42E0C19BA39,1,13:56-14:56,61,13:56-15:01,66,1,1,1,1,conditional_on_point_in_time_nasdaq_listing,1,1
AGP,2011-10-05,baseline,HEJFE-74011A906BCCABE9,1,12:33-13:33,61,12:33-13:38,66,1,1,1,1,conditional_on_point_in_time_nasdaq_listing,1,1
LSTR,2011-10-05,baseline,HEJFE-AA2597B95CFD2A2D,1,15:18-16:00,43,15:18-16:00,43,1,1,1,1,conditional_on_point_in_time_nasdaq_listing,1,1
MUSA,2011-10-05,baseline,HEJFE-DC002D2C6C767277,1,15:18-16:00,43,15:18-16:00,43,1,1,1,1,conditional_on_point_in_time_nasdaq_listing,1,1
VDSI,2011-10-05,baseline,HEJFE-BFE8A42E0C19BA39,1,13:56-14:56,61,13:56-15:01,66,1,1,1,1,conditional_on_point_in_time_nasdaq_listing,1,1
AGP,2011-10-06,baseline,HEJFE-74011A906BCCABE9,1,12:33-13:33,61,12:33-13:38,66,1,1,1,1,conditional_on_point_in_time_nasdaq_listing,1,1
LSTR,2011-10-06,baseline,HEJFE-AA2597B95CFD2A2D,1,15:18-16:00,43,15:18-16:00,43,1,1,1,1,conditional_on_point_in_time_nasdaq_listing,1,1
MUSA,2011-10-06,baseline,HEJFE-DC002D2C6C767277,1,15:18-16:00,43,15:18-16:00,43,1,1,1,1,conditional_on_point_in_time_nasdaq_listing,1,1
VDSI,2011-10-06,baseline,HEJFE-BFE8A42E0C19BA39,1,13:56-14:56,61,13:56-15:01,66,1,1,1,1,conditional_on_point_in_time_nasdaq_listing,1,1
AGP,2011-10-07,baseline,HEJFE-74011A906BCCABE9,1,12:33-13:33,61,12:33-13:38,66,1,1,1,1,conditional_on_point_in_time_nasdaq_listing,1,1
LSTR,2011-10-07,baseline,HEJFE-AA2597B95CFD2A2D,1,15:18-16:00,43,15:18-16:00,43,1,1,1,1,conditional_on_point_in_time_nasdaq_listing,1,1
MUSA,2011-10-07,baseline,HEJFE-DC002D2C6C767277,1,15:18-16:00,43,15:18-16:00,43,1,1,1,1,conditional_on_point_in_time_nasdaq_listing,1,1
VDSI,2011-10-07,baseline,HEJFE-BFE8A42E0C19BA39,1,13:56-14:56,61,13:56-15:01,66,1,1,1,1,conditional_on_point_in_time_nasdaq_listing,1,1
AGP,2011-10-10,baseline,HEJFE-74011A906BCCABE9,1,12:33-13:33,61,12:33-13:38,66,1,1,1,1,conditional_on_point_in_time_nasdaq_listing,1,1
LSTR,2011-10-10,baseline,HEJFE-AA2597B95CFD2A2D,1,15:18-16:00,43,15:18-16:00,43,1,1,1,1,conditional_on_point_in_time_nasdaq_listing,1,1
MUSA,2011-10-10,baseline,HEJFE-DC002D2C6C767277,1,15:18-16:00,43,15:18-16:00,43,1,1,1,1,conditional_on_point_in_time_nasdaq_listing,1,1
VDSI,2011-10-10,baseline,HEJFE-BFE8A42E0C19BA39,1,13:56-14:56,61,13:56-15:01,66,1,1,1,1,conditional_on_point_in_time_nasdaq_listing,1,1
AGP,2011-10-11,baseline,HEJFE-74011A906BCCABE9,1,12:33-13:33,61,12:33-13:38,66,1,1,1,1,conditional_on_point_in_time_nasdaq_listing,1,1
LSTR,2011-10-11,baseline,HEJFE-AA2597B95CFD2A2D,1,15:18-16:00,43,15:18-16:00,43,1,1,1,1,conditional_on_point_in_time_nasdaq_listing,1,1
MUSA,2011-10-11,baseline,HEJFE-DC002D2C6C767277,1,15:18-16:00,43,15:18-16:00,43,1,1,1,1,conditional_on_point_in_time_nasdaq_listing,1,1
VDSI,2011-10-11,baseline,HEJFE-BFE8A42E0C19BA39,1,13:56-14:56,61,13:56-15:01,66,1,1,1,1,conditional_on_point_in_time_nasdaq_listing,1,1
AGP,2011-10-12,baseline,HEJFE-74011A906BCCABE9,1,12:33-13:33,61,12:33-13:38,66,1,1,1,1,conditional_on_point_in_time_nasdaq_listing,1,1
LSTR,2011-10-12,baseline,HEJFE-AA2597B95CFD2A2D,1,15:18-16:00,43,15:18-16:00,43,1,1,1,1,conditional_on_point_in_time_nasdaq_listing,1,1
MUSA,2011-10-12,baseline,HEJFE-DC002D2C6C767277,1,15:18-16:00,43,15:18-16:00,43,1,1,1,1,conditional_on_point_in_time_nasdaq_listing,1,1
VDSI,2011-10-12,baseline,HEJFE-BFE8A42E0C19BA39,1,13:56-14:56,61,13:56-15:01,66,1,1,1,1,conditional_on_point_in_time_nasdaq_listing,1,1
AGP,2011-10-13,baseline,HEJFE-74011A906BCCABE9,1,12:33-13:33,61,12:33-13:38,66,1,1,1,1,conditional_on_point_in_time_nasdaq_listing,1,1
LSTR,2011-10-13,baseline,HEJFE-AA2597B95CFD2A2D,1,15:18-16:00,43,15:18-16:00,43,1,1,1,1,conditional_on_point_in_time_nasdaq_listing,1,1
MUSA,2011-10-13,baseline,HEJFE-DC002D2C6C767277,1,15:18-16:00,43,15:18-16:00,43,1,1,1,1,conditional_on_point_in_time_nasdaq_listing,1,1
VDSI,2011-10-13,baseline,HEJFE-BFE8A42E0C19BA39,1,13:56-14:56,61,13:56-15:01,66,1,1,1,1,conditional_on_point_in_time_nasdaq_listing,1,1
AGP,2011-10-14,baseline,HEJFE-74011A906BCCABE9,1,12:33-13:33,61,12:33-13:38,66,1,1,1,1,conditional_on_point_in_time_nasdaq_listing,1,1
LSTR,2011-10-14,baseline,HEJFE-AA2597B95CFD2A2D,1,15:18-16:00,43,15:18-16:00,43,1,1,1,1,conditional_on_point_in_time_nasdaq_listing,1,1
MUSA,2011-10-14,baseline,HEJFE-DC002D2C6C767277,1,15:18-16:00,43,15:18-16:00,43,1,1,1,1,conditional_on_point_in_time_nasdaq_listing,1,1
VDSI,2011-10-14,baseline,HEJFE-BFE8A42E0C19BA39,1,13:56-14:56,61,13:56-15:01,66,1,1,1,1,conditional_on_point_in_time_nasdaq_listing,1,1
AGP,2011-10-17,baseline,HEJFE-74011A906BCCABE9,1,12:33-13:33,61,12:33-13:38,66,1,1,1,1,conditional_on_point_in_time_nasdaq_listing,1,1
LSTR,2011-10-17,baseline,HEJFE-AA2597B95CFD2A2D,1,15:18-16:00,43,15:18-16:00,43,1,1,1,1,conditional_on_point_in_time_nasdaq_listing,1,1
MUSA,2011-10-17,baseline,HEJFE-DC002D2C6C767277,1,15:18-16:00,43,15:18-16:00,43,1,1,1,1,conditional_on_point_in_time_nasdaq_listing,1,1
VDSI,2011-10-17,baseline,HEJFE-BFE8A42E0C19BA39,1,13:56-14:56,61,13:56-15:01,66,1,1,1,1,conditional_on_point_in_time_nasdaq_listing,1,1
AGP,2011-10-18,baseline,HEJFE-74011A906BCCABE9,1,12:33-13:33,61,12:33-13:38,66,1,1,1,1,conditional_on_point_in_time_nasdaq_listing,1,1
LSTR,2011-10-18,baseline,HEJFE-AA2597B95CFD2A2D,1,15:18-16:00,43,15:18-16:00,43,1,1,1,1,conditional_on_point_in_time_nasdaq_listing,1,1
MUSA,2011-10-18,baseline,HEJFE-DC002D2C6C767277,1,15:18-16:00,43,15:18-16:00,43,1,1,1,1,conditional_on_point_in_time_nasdaq_listing,1,1
VDSI,2011-10-18,baseline,HEJFE-BFE8A42E0C19BA39,1,13:56-14:56,61,13:56-15:01,66,1,1,1,1,conditional_on_point_in_time_nasdaq_listing,1,1
AGP,2011-10-19,baseline,HEJFE-74011A906BCCABE9,1,12:33-13:33,61,12:33-13:38,66,1,1,1,1,conditional_on_point_in_time_nasdaq_listing,1,1
LSTR,2011-10-19,baseline,HEJFE-AA2597B95CFD2A2D,1,15:18-16:00,43,15:18-16:00,43,1,1,1,1,conditional_on_point_in_time_nasdaq_listing,1,1
MUSA,2011-10-19,baseline,HEJFE-DC002D2C6C767277,1,15:18-16:00,43,15:18-16:00,43,1,1,1,1,conditional_on_point_in_time_nasdaq_listing,1,1
VDSI,2011-10-19,baseline,HEJFE-BFE8A42E0C19BA39,1,13:56-14:56,61,13:56-15:01,66,1,1,1,1,conditional_on_point_in_time_nasdaq_listing,1,1
AGP,2011-10-20,baseline,HEJFE-74011A906BCCABE9,1,12:33-13:33,61,12:33-13:38,66,1,1,1,1,conditional_on_point_in_time_nasdaq_listing,1,1
LSTR,2011-10-20,baseline,HEJFE-AA2597B95CFD2A2D,1,15:18-16:00,43,15:18-16:00,43,1,1,1,1,conditional_on_point_in_time_nasdaq_listing,1,1
MUSA,2011-10-20,event,HEJFE-DC002D2C6C767277,1,15:18-16:00,43,15:18-16:00,43,1,1,1,1,conditional_on_point_in_time_nasdaq_listing,1,1
VDSI,2011-10-20,baseline,HEJFE-BFE8A42E0C19BA39,1,13:56-14:56,61,13:56-15:01,66,1,1,1,1,conditional_on_point_in_time_nasdaq_listing,1,1
AGP,2011-10-21,baseline,HEJFE-74011A906BCCABE9,1,12:33-13:33,61,12:33-13:38,66,1,1,1,1,conditional_on_point_in_time_nasdaq_listing,1,1
LSTR,2011-10-21,event,HEJFE-AA2597B95CFD2A2D,1,15:18-16:00,43,15:18-16:00,43,1,1,1,1,conditional_on_point_in_time_nasdaq_listing,1,1
VDSI,2011-10-21,baseline,HEJFE-BFE8A42E0C19BA39,1,13:56-14:56,61,13:56-15:01,66,1,1,1,1,conditional_on_point_in_time_nasdaq_listing,1,1
AGP,2011-10-24,baseline,HEJFE-74011A906BCCABE9,1,12:33-13:33,61,12:33-13:38,66,1,1,1,1,conditional_on_point_in_time_nasdaq_listing,1,1
VDSI,2011-10-24,baseline,HEJFE-BFE8A42E0C19BA39,1,13:56-14:56,61,13:56-15:01,66,1,1,1,1,conditional_on_point_in_time_nasdaq_listing,1,1
AGP,2011-10-25,baseline,HEJFE-74011A906BCCABE9,1,12:33-13:33,61,12:33-13:38,66,1,1,1,1,conditional_on_point_in_time_nasdaq_listing,1,1
VDSI,2011-10-25,baseline,HEJFE-BFE8A42E0C19BA39,1,13:56-14:56,61,13:56-15:01,66,1,1,1,1,conditional_on_point_in_time_nasdaq_listing,1,1
AGP,2011-10-26,baseline,HEJFE-74011A906BCCABE9,1,12:33-13:33,61,12:33-13:38,66,1,1,1,1,conditional_on_point_in_time_nasdaq_listing,1,1
VDSI,2011-10-26,event,HEJFE-BFE8A42E0C19BA39,1,13:56-14:56,61,13:56-15:01,66,1,1,1,1,conditional_on_point_in_time_nasdaq_listing,1,1
AGP,2011-10-27,event,HEJFE-74011A906BCCABE9,1,12:33-13:33,61,12:33-13:38,66,1,1,1,1,conditional_on_point_in_time_nasdaq_listing,1,1
IGT,2011-12-20,baseline,HEJFE-7E8FA3E5E417B5E7,1,15:01-16:00,60,15:01-16:00,60,1,1,1,1,conditional_on_point_in_time_nasdaq_listing,1,1
MDP,2011-12-20,baseline,HEJFE-704E64D64C11C119,1,14:09-15:09,61,14:09-15:14,66,1,1,1,1,conditional_on_point_in_time_nasdaq_listing,1,1
BA,2011-12-21,baseline,HEJFE-45E6DA32B37F83D4,1,14:49-15:49,61,14:49-15:54,66,1,1,1,1,conditional_on_point_in_time_nasdaq_listing,1,1
CA,2011-12-21,baseline,HEJFE-2D81C70F59E076BA,1,13:02-14:02,61,13:02-14:07,66,1,1,1,1,conditional_on_point_in_time_nasdaq_listing,1,1
IBKC,2011-12-21,baseline,HEJFE-2F14F138D09BCA76,1,13:23-14:23,61,13:23-14:28,66,1,1,1,1,conditional_on_point_in_time_nasdaq_listing,1,1
IGT,2011-12-21,baseline,HEJFE-7E8FA3E5E417B5E7,1,15:01-16:00,60,15:01-16:00,60,1,1,1,1,conditional_on_point_in_time_nasdaq_listing,1,1
MDP,2011-12-21,baseline,HEJFE-704E64D64C11C119,1,14:09-15:09,61,14:09-15:14,66,1,1,1,1,conditional_on_point_in_time_nasdaq_listing,1,1
RES,2011-12-21,baseline,HEJFE-C85CE64DFF947CFD,1,14:50-15:50,61,14:50-15:55,66,1,1,1,1,conditional_on_point_in_time_nasdaq_listing,1,1
ROL,2011-12-21,baseline,HEJFE-30CA515BC590DDA6,1,09:44-10:44,61,09:44-10:49,66,1,1,1,1,conditional_on_point_in_time_nasdaq_listing,1,1
WRLD,2011-12-21,baseline,HEJFE-DA7595FDF91D8CBC,1,15:23-16:00,38,15:23-16:00,38,1,1,1,1,conditional_on_point_in_time_nasdaq_listing,1,1
AF,2011-12-22,baseline,HEJFE-89844B5980EB5339,1,14:48-15:48,61,14:48-15:53,66,1,1,1,1,conditional_on_point_in_time_nasdaq_listing,1,1
BA,2011-12-22,baseline,HEJFE-45E6DA32B37F83D4,1,14:49-15:49,61,14:49-15:54,66,1,1,1,1,conditional_on_point_in_time_nasdaq_listing,1,1
CA,2011-12-22,baseline,HEJFE-2D81C70F59E076BA,1,13:02-14:02,61,13:02-14:07,66,1,1,1,1,conditional_on_point_in_time_nasdaq_listing,1,1
CAT,2011-12-22,baseline,HEJFE-95933AA0B84D2F60,1,14:05-15:05,61,14:05-15:10,66,1,1,1,1,conditional_on_point_in_time_nasdaq_listing,1,1
DEST,2011-12-22,baseline,HEJFE-8596DDD6A535BD90,1,15:04-16:00,57,15:04-16:00,57,1,1,1,1,conditional_on_point_in_time_nasdaq_listing,1,1
IBKC,2011-12-22,baseline,HEJFE-2F14F138D09BCA76,1,13:23-14:23,61,13:23-14:28,66,1,1,1,1,conditional_on_point_in_time_nasdaq_listing,1,1
IGT,2011-12-22,baseline,HEJFE-7E8FA3E5E417B5E7,1,15:01-16:00,60,15:01-16:00,60,1,1,1,1,conditional_on_point_in_time_nasdaq_listing,1,1
ISSI,2011-12-22,baseline,HEJFE-D4E8CD312A2AA576,1,14:21-15:21,61,14:21-15:26,66,1,1,1,1,conditional_on_point_in_time_nasdaq_listing,1,1
MDP,2011-12-22,baseline,HEJFE-704E64D64C11C119,1,14:09-15:09,61,14:09-15:14,66,1,1,1,1,conditional_on_point_in_time_nasdaq_listing,1,1
NVR,2011-12-22,baseline,HEJFE-56483839E5F0E88F,1,15:26-16:00,35,15:26-16:00,35,1,1,1,1,conditional_on_point_in_time_nasdaq_listing,1,1
RES,2011-12-22,baseline,HEJFE-C85CE64DFF947CFD,1,14:50-15:50,61,14:50-15:55,66,1,1,1,1,conditional_on_point_in_time_nasdaq_listing,1,1
ROL,2011-12-22,baseline,HEJFE-30CA515BC590DDA6,1,09:44-10:44,61,09:44-10:49,66,1,1,1,1,conditional_on_point_in_time_nasdaq_listing,1,1
SYMM,2011-12-22,baseline,HEJFE-824BABBAD988A068,1,14:24-15:24,61,14:24-15:29,66,1,1,1,1,conditional_on_point_in_time_nasdaq_listing,1,1
VAR,2011-12-22,baseline,HEJFE-99F3FC8CE022DEA1,1,12:16-13:16,61,12:16-13:21,66,1,1,1,1,conditional_on_point_in_time_nasdaq_listing,1,1
WRLD,2011-12-22,baseline,HEJFE-DA7595FDF91D8CBC,1,15:23-16:00,38,15:23-16:00,38,1,1,1,1,conditional_on_point_in_time_nasdaq_listing,1,1
AF,2011-12-23,baseline,HEJFE-89844B5980EB5339,1,14:48-15:48,61,14:48-15:53,66,1,1,1,1,conditional_on_point_in_time_nasdaq_listing,1,1
BA,2011-12-23,baseline,HEJFE-45E6DA32B37F83D4,1,14:49-15:49,61,14:49-15:54,66,1,1,1,1,conditional_on_point_in_time_nasdaq_listing,1,1
CA,2011-12-23,baseline,HEJFE-2D81C70F59E076BA,1,13:02-14:02,61,13:02-14:07,66,1,1,1,1,conditional_on_point_in_time_nasdaq_listing,1,1
CAT,2011-12-23,baseline,HEJFE-95933AA0B84D2F60,1,14:05-15:05,61,14:05-15:10,66,1,1,1,1,conditional_on_point_in_time_nasdaq_listing,1,1
CB,2011-12-23,baseline,HEJFE-76DCF0FCA248E814,1,11:47-12:47,61,11:47-12:52,66,1,1,1,1,conditional_on_point_in_time_nasdaq_listing,1,1
DEST,2011-12-23,baseline,HEJFE-8596DDD6A535BD90,1,15:04-16:00,57,15:04-16:00,57,1,1,1,1,conditional_on_point_in_time_nasdaq_listing,1,1
HON,2011-12-23,baseline,HEJFE-8D40B9782E1E6F33,1,15:23-16:00,38,15:23-16:00,38,1,1,1,1,conditional_on_point_in_time_nasdaq_listing,1,1
IBKC,2011-12-23,baseline,HEJFE-2F14F138D09BCA76,1,13:23-14:23,61,13:23-14:28,66,1,1,1,1,conditional_on_point_in_time_nasdaq_listing,1,1
IDXX,2011-12-23,baseline,HEJFE-99CCB9D9BECE4E72,1,13:17-14:17,61,13:17-14:22,66,1,1,1,1,conditional_on_point_in_time_nasdaq_listing,1,1
IGT,2011-12-23,baseline,HEJFE-7E8FA3E5E417B5E7,1,15:01-16:00,60,15:01-16:00,60,1,1,1,1,conditional_on_point_in_time_nasdaq_listing,1,1
ISSI,2011-12-23,baseline,HEJFE-D4E8CD312A2AA576,1,14:21-15:21,61,14:21-15:26,66,1,1,1,1,conditional_on_point_in_time_nasdaq_listing,1,1
MDP,2011-12-23,baseline,HEJFE-704E64D64C11C119,1,14:09-15:09,61,14:09-15:14,66,1,1,1,1,conditional_on_point_in_time_nasdaq_listing,1,1
MSCC,2011-12-23,baseline,HEJFE-830D52F9F7F1CEEB,1,14:21-15:21,61,14:21-15:26,66,1,1,1,1,conditional_on_point_in_time_nasdaq_listing,1,1
MUSA,2011-12-23,baseline,HEJFE-51F3066EAC9B8138,1,11:51-12:51,61,11:51-12:56,66,1,1,1,1,conditional_on_point_in_time_nasdaq_listing,1,1
MXIM,2011-12-23,baseline,HEJFE-EDFDC1213C9AF586,1,11:14-12:14,61,11:14-12:19,66,1,1,1,1,conditional_on_point_in_time_nasdaq_listing,1,1
NVR,2011-12-23,baseline,HEJFE-56483839E5F0E88F,1,15:26-16:00,35,15:26-16:00,35,1,1,1,1,conditional_on_point_in_time_nasdaq_listing,1,1
RES,2011-12-23,baseline,HEJFE-C85CE64DFF947CFD,1,14:50-15:50,61,14:50-15:55,66,1,1,1,1,conditional_on_point_in_time_nasdaq_listing,1,1
ROL,2011-12-23,baseline,HEJFE-30CA515BC590DDA6,1,09:44-10:44,61,09:44-10:49,66,1,1,1,1,conditional_on_point_in_time_nasdaq_listing,1,1
SYMM,2011-12-23,baseline,HEJFE-824BABBAD988A068,1,14:24-15:24,61,14:24-15:29,66,1,1,1,1,conditional_on_point_in_time_nasdaq_listing,1,1
VAR,2011-12-23,baseline,HEJFE-99F3FC8CE022DEA1,1,12:16-13:16,61,12:16-13:21,66,1,1,1,1,conditional_on_point_in_time_nasdaq_listing,1,1
WRLD,2011-12-23,baseline,HEJFE-DA7595FDF91D8CBC,1,15:23-16:00,38,15:23-16:00,38,1,1,1,1,conditional_on_point_in_time_nasdaq_listing,1,1
AF,2011-12-27,baseline,HEJFE-89844B5980EB5339,1,14:48-15:48,61,14:48-15:53,66,1,1,1,1,conditional_on_point_in_time_nasdaq_listing,1,1
BA,2011-12-27,baseline,HEJFE-45E6DA32B37F83D4,1,14:49-15:49,61,14:49-15:54,66,1,1,1,1,conditional_on_point_in_time_nasdaq_listing,1,1
CA,2011-12-27,baseline,HEJFE-2D81C70F59E076BA,1,13:02-14:02,61,13:02-14:07,66,1,1,1,1,conditional_on_point_in_time_nasdaq_listing,1,1
CAT,2011-12-27,baseline,HEJFE-95933AA0B84D2F60,1,14:05-15:05,61,14:05-15:10,66,1,1,1,1,conditional_on_point_in_time_nasdaq_listing,1,1
CB,2011-12-27,baseline,HEJFE-76DCF0FCA248E814,1,11:47-12:47,61,11:47-12:52,66,1,1,1,1,conditional_on_point_in_time_nasdaq_listing,1,1
DEST,2011-12-27,baseline,HEJFE-8596DDD6A535BD90,1,15:04-16:00,57,15:04-16:00,57,1,1,1,1,conditional_on_point_in_time_nasdaq_listing,1,1
HAE,2011-12-27,baseline,HEJFE-13FC93F4D143B268,1,15:25-16:00,36,15:25-16:00,36,1,1,1,1,conditional_on_point_in_time_nasdaq_listing,1,1
HON,2011-12-27,baseline,HEJFE-8D40B9782E1E6F33,1,15:23-16:00,38,15:23-16:00,38,1,1,1,1,conditional_on_point_in_time_nasdaq_listing,1,1
IBKC,2011-12-27,baseline,HEJFE-2F14F138D09BCA76,1,13:23-14:23,61,13:23-14:28,66,1,1,1,1,conditional_on_point_in_time_nasdaq_listing,1,1
IDXX,2011-12-27,baseline,HEJFE-99CCB9D9BECE4E72,1,13:17-14:17,61,13:17-14:22,66,1,1,1,1,conditional_on_point_in_time_nasdaq_listing,1,1
IGT,2011-12-27,baseline,HEJFE-7E8FA3E5E417B5E7,1,15:01-16:00,60,15:01-16:00,60,1,1,1,1,conditional_on_point_in_time_nasdaq_listing,1,1
ISSI,2011-12-27,baseline,HEJFE-D4E8CD312A2AA576,1,14:21-15:21,61,14:21-15:26,66,1,1,1,1,conditional_on_point_in_time_nasdaq_listing,1,1
MDP,2011-12-27,baseline,HEJFE-704E64D64C11C119,1,14:09-15:09,61,14:09-15:14,66,1,1,1,1,conditional_on_point_in_time_nasdaq_listing,1,1
MSCC,2011-12-27,baseline,HEJFE-830D52F9F7F1CEEB,1,14:21-15:21,61,14:21-15:26,66,1,1,1,1,conditional_on_point_in_time_nasdaq_listing,1,1
MUSA,2011-12-27,baseline,HEJFE-51F3066EAC9B8138,1,11:51-12:51,61,11:51-12:56,66,1,1,1,1,conditional_on_point_in_time_nasdaq_listing,1,1
MXIM,2011-12-27,baseline,HEJFE-EDFDC1213C9AF586,1,11:14-12:14,61,11:14-12:19,66,1,1,1,1,conditional_on_point_in_time_nasdaq_listing,1,1
NVR,2011-12-27,baseline,HEJFE-56483839E5F0E88F,1,15:26-16:00,35,15:26-16:00,35,1,1,1,1,conditional_on_point_in_time_nasdaq_listing,1,1
RES,2011-12-27,baseline,HEJFE-C85CE64DFF947CFD,1,14:50-15:50,61,14:50-15:55,66,1,1,1,1,conditional_on_point_in_time_nasdaq_listing,1,1
ROL,2011-12-27,baseline,HEJFE-30CA515BC590DDA6,1,09:44-10:44,61,09:44-10:49,66,1,1,1,1,conditional_on_point_in_time_nasdaq_listing,1,1
SYMM,2011-12-27,baseline,HEJFE-824BABBAD988A068,1,14:24-15:24,61,14:24-15:29,66,1,1,1,1,conditional_on_point_in_time_nasdaq_listing,1,1
VAR,2011-12-27,baseline,HEJFE-99F3FC8CE022DEA1,1,12:16-13:16,61,12:16-13:21,66,1,1,1,1,conditional_on_point_in_time_nasdaq_listing,1,1
WRLD,2011-12-27,baseline,HEJFE-DA7595FDF91D8CBC,1,15:23-16:00,38,15:23-16:00,38,1,1,1,1,conditional_on_point_in_time_nasdaq_listing,1,1
AF,2011-12-28,baseline,HEJFE-89844B5980EB5339,1,14:48-15:48,61,14:48-15:53,66,1,1,1,1,conditional_on_point_in_time_nasdaq_listing,1,1
BA,2011-12-28,baseline,HEJFE-45E6DA32B37F83D4,1,14:49-15:49,61,14:49-15:54,66,1,1,1,1,conditional_on_point_in_time_nasdaq_listing,1,1
CA,2011-12-28,baseline,HEJFE-2D81C70F59E076BA,1,13:02-14:02,61,13:02-14:07,66,1,1,1,1,conditional_on_point_in_time_nasdaq_listing,1,1
CAT,2011-12-28,baseline,HEJFE-95933AA0B84D2F60,1,14:05-15:05,61,14:05-15:10,66,1,1,1,1,conditional_on_point_in_time_nasdaq_listing,1,1
CB,2011-12-28,baseline,HEJFE-76DCF0FCA248E814,1,11:47-12:47,61,11:47-12:52,66,1,1,1,1,conditional_on_point_in_time_nasdaq_listing,1,1
DEST,2011-12-28,baseline,HEJFE-8596DDD6A535BD90,1,15:04-16:00,57,15:04-16:00,57,1,1,1,1,conditional_on_point_in_time_nasdaq_listing,1,1
HAE,2011-12-28,baseline,HEJFE-13FC93F4D143B268,1,15:25-16:00,36,15:25-16:00,36,1,1,1,1,conditional_on_point_in_time_nasdaq_listing,1,1
HON,2011-12-28,baseline,HEJFE-8D40B9782E1E6F33,1,15:23-16:00,38,15:23-16:00,38,1,1,1,1,conditional_on_point_in_time_nasdaq_listing,1,1
IBKC,2011-12-28,baseline,HEJFE-2F14F138D09BCA76,1,13:23-14:23,61,13:23-14:28,66,1,1,1,1,conditional_on_point_in_time_nasdaq_listing,1,1
IDXX,2011-12-28,baseline,HEJFE-99CCB9D9BECE4E72,1,13:17-14:17,61,13:17-14:22,66,1,1,1,1,conditional_on_point_in_time_nasdaq_listing,1,1
IGT,2011-12-28,baseline,HEJFE-7E8FA3E5E417B5E7,1,15:01-16:00,60,15:01-16:00,60,1,1,1,1,conditional_on_point_in_time_nasdaq_listing,1,1
ISSI,2011-12-28,baseline,HEJFE-D4E8CD312A2AA576,1,14:21-15:21,61,14:21-15:26,66,1,1,1,1,conditional_on_point_in_time_nasdaq_listing,1,1
MDP,2011-12-28,baseline,HEJFE-704E64D64C11C119,1,14:09-15:09,61,14:09-15:14,66,1,1,1,1,conditional_on_point_in_time_nasdaq_listing,1,1
MSCC,2011-12-28,baseline,HEJFE-830D52F9F7F1CEEB,1,14:21-15:21,61,14:21-15:26,66,1,1,1,1,conditional_on_point_in_time_nasdaq_listing,1,1
MUSA,2011-12-28,baseline,HEJFE-51F3066EAC9B8138,1,11:51-12:51,61,11:51-12:56,66,1,1,1,1,conditional_on_point_in_time_nasdaq_listing,1,1
MXIM,2011-12-28,baseline,HEJFE-EDFDC1213C9AF586,1,11:14-12:14,61,11:14-12:19,66,1,1,1,1,conditional_on_point_in_time_nasdaq_listing,1,1
NVR,2011-12-28,baseline,HEJFE-56483839E5F0E88F,1,15:26-16:00,35,15:26-16:00,35,1,1,1,1,conditional_on_point_in_time_nasdaq_listing,1,1
RES,2011-12-28,baseline,HEJFE-C85CE64DFF947CFD,1,14:50-15:50,61,14:50-15:55,66,1,1,1,1,conditional_on_point_in_time_nasdaq_listing,1,1
ROL,2011-12-28,baseline,HEJFE-30CA515BC590DDA6,1,09:44-10:44,61,09:44-10:49,66,1,1,1,1,conditional_on_point_in_time_nasdaq_listing,1,1
SYMM,2011-12-28,baseline,HEJFE-824BABBAD988A068,1,14:24-15:24,61,14:24-15:29,66,1,1,1,1,conditional_on_point_in_time_nasdaq_listing,1,1
VAR,2011-12-28,baseline,HEJFE-99F3FC8CE022DEA1,1,12:16-13:16,61,12:16-13:21,66,1,1,1,1,conditional_on_point_in_time_nasdaq_listing,1,1
WRLD,2011-12-28,baseline,HEJFE-DA7595FDF91D8CBC,1,15:23-16:00,38,15:23-16:00,38,1,1,1,1,conditional_on_point_in_time_nasdaq_listing,1,1
AF,2011-12-29,baseline,HEJFE-89844B5980EB5339,1,14:48-15:48,61,14:48-15:53,66,1,1,1,1,conditional_on_point_in_time_nasdaq_listing,1,1
BA,2011-12-29,baseline,HEJFE-45E6DA32B37F83D4,1,14:49-15:49,61,14:49-15:54,66,1,1,1,1,conditional_on_point_in_time_nasdaq_listing,1,1
CA,2011-12-29,baseline,HEJFE-2D81C70F59E076BA,1,13:02-14:02,61,13:02-14:07,66,1,1,1,1,conditional_on_point_in_time_nasdaq_listing,1,1
CAT,2011-12-29,baseline,HEJFE-95933AA0B84D2F60,1,14:05-15:05,61,14:05-15:10,66,1,1,1,1,conditional_on_point_in_time_nasdaq_listing,1,1
CB,2011-12-29,baseline,HEJFE-76DCF0FCA248E814,1,11:47-12:47,61,11:47-12:52,66,1,1,1,1,conditional_on_point_in_time_nasdaq_listing,1,1
DEST,2011-12-29,baseline,HEJFE-8596DDD6A535BD90,1,15:04-16:00,57,15:04-16:00,57,1,1,1,1,conditional_on_point_in_time_nasdaq_listing,1,1
HAE,2011-12-29,baseline,HEJFE-13FC93F4D143B268,1,15:25-16:00,36,15:25-16:00,36,1,1,1,1,conditional_on_point_in_time_nasdaq_listing,1,1
HON,2011-12-29,baseline,HEJFE-8D40B9782E1E6F33,1,15:23-16:00,38,15:23-16:00,38,1,1,1,1,conditional_on_point_in_time_nasdaq_listing,1,1
IBKC,2011-12-29,baseline,HEJFE-2F14F138D09BCA76,1,13:23-14:23,61,13:23-14:28,66,1,1,1,1,conditional_on_point_in_time_nasdaq_listing,1,1
IDXX,2011-12-29,baseline,HEJFE-99CCB9D9BECE4E72,1,13:17-14:17,61,13:17-14:22,66,1,1,1,1,conditional_on_point_in_time_nasdaq_listing,1,1
IGT,2011-12-29,baseline,HEJFE-7E8FA3E5E417B5E7,1,15:01-16:00,60,15:01-16:00,60,1,1,1,1,conditional_on_point_in_time_nasdaq_listing,1,1
ISSI,2011-12-29,baseline,HEJFE-D4E8CD312A2AA576,1,14:21-15:21,61,14:21-15:26,66,1,1,1,1,conditional_on_point_in_time_nasdaq_listing,1,1
MDP,2011-12-29,baseline,HEJFE-704E64D64C11C119,1,14:09-15:09,61,14:09-15:14,66,1,1,1,1,conditional_on_point_in_time_nasdaq_listing,1,1
MSCC,2011-12-29,baseline,HEJFE-830D52F9F7F1CEEB,1,14:21-15:21,61,14:21-15:26,66,1,1,1,1,conditional_on_point_in_time_nasdaq_listing,1,1
MUSA,2011-12-29,baseline,HEJFE-51F3066EAC9B8138,1,11:51-12:51,61,11:51-12:56,66,1,1,1,1,conditional_on_point_in_time_nasdaq_listing,1,1
MXIM,2011-12-29,baseline,HEJFE-EDFDC1213C9AF586,1,11:14-12:14,61,11:14-12:19,66,1,1,1,1,conditional_on_point_in_time_nasdaq_listing,1,1
NVR,2011-12-29,baseline,HEJFE-56483839E5F0E88F,1,15:26-16:00,35,15:26-16:00,35,1,1,1,1,conditional_on_point_in_time_nasdaq_listing,1,1
RES,2011-12-29,baseline,HEJFE-C85CE64DFF947CFD,1,14:50-15:50,61,14:50-15:55,66,1,1,1,1,conditional_on_point_in_time_nasdaq_listing,1,1
ROL,2011-12-29,baseline,HEJFE-30CA515BC590DDA6,1,09:44-10:44,61,09:44-10:49,66,1,1,1,1,conditional_on_point_in_time_nasdaq_listing,1,1
SYMM,2011-12-29,baseline,HEJFE-824BABBAD988A068,1,14:24-15:24,61,14:24-15:29,66,1,1,1,1,conditional_on_point_in_time_nasdaq_listing,1,1
VAR,2011-12-29,baseline,HEJFE-99F3FC8CE022DEA1,1,12:16-13:16,61,12:16-13:21,66,1,1,1,1,conditional_on_point_in_time_nasdaq_listing,1,1
WRLD,2011-12-29,baseline,HEJFE-DA7595FDF91D8CBC,1,15:23-16:00,38,15:23-16:00,38,1,1,1,1,conditional_on_point_in_time_nasdaq_listing,1,1
AF,2011-12-30,baseline,HEJFE-89844B5980EB5339,1,14:48-15:48,61,14:48-15:53,66,1,1,1,1,conditional_on_point_in_time_nasdaq_listing,1,1
BA,2011-12-30,baseline,HEJFE-45E6DA32B37F83D4,1,14:49-15:49,61,14:49-15:54,66,1,1,1,1,conditional_on_point_in_time_nasdaq_listing,1,1
CA,2011-12-30,baseline,HEJFE-2D81C70F59E076BA,1,13:02-14:02,61,13:02-14:07,66,1,1,1,1,conditional_on_point_in_time_nasdaq_listing,1,1
CAT,2011-12-30,baseline,HEJFE-95933AA0B84D2F60,1,14:05-15:05,61,14:05-15:10,66,1,1,1,1,conditional_on_point_in_time_nasdaq_listing,1,1
CB,2011-12-30,baseline,HEJFE-76DCF0FCA248E814,1,11:47-12:47,61,11:47-12:52,66,1,1,1,1,conditional_on_point_in_time_nasdaq_listing,1,1
DEST,2011-12-30,baseline,HEJFE-8596DDD6A535BD90,1,15:04-16:00,57,15:04-16:00,57,1,1,1,1,conditional_on_point_in_time_nasdaq_listing,1,1
HAE,2011-12-30,baseline,HEJFE-13FC93F4D143B268,1,15:25-16:00,36,15:25-16:00,36,1,1,1,1,conditional_on_point_in_time_nasdaq_listing,1,1
HON,2011-12-30,baseline,HEJFE-8D40B9782E1E6F33,1,15:23-16:00,38,15:23-16:00,38,1,1,1,1,conditional_on_point_in_time_nasdaq_listing,1,1
IBKC,2011-12-30,baseline,HEJFE-2F14F138D09BCA76,1,13:23-14:23,61,13:23-14:28,66,1,1,1,1,conditional_on_point_in_time_nasdaq_listing,1,1
IDXX,2011-12-30,baseline,HEJFE-99CCB9D9BECE4E72,1,13:17-14:17,61,13:17-14:22,66,1,1,1,1,conditional_on_point_in_time_nasdaq_listing,1,1
IGT,2011-12-30,baseline,HEJFE-7E8FA3E5E417B5E7,1,15:01-16:00,60,15:01-16:00,60,1,1,1,1,conditional_on_point_in_time_nasdaq_listing,1,1
ISSI,2011-12-30,baseline,HEJFE-D4E8CD312A2AA576,1,14:21-15:21,61,14:21-15:26,66,1,1,1,1,conditional_on_point_in_time_nasdaq_listing,1,1
MDP,2011-12-30,baseline,HEJFE-704E64D64C11C119,1,14:09-15:09,61,14:09-15:14,66,1,1,1,1,conditional_on_point_in_time_nasdaq_listing,1,1
MSCC,2011-12-30,baseline,HEJFE-830D52F9F7F1CEEB,1,14:21-15:21,61,14:21-15:26,66,1,1,1,1,conditional_on_point_in_time_nasdaq_listing,1,1
MUSA,2011-12-30,baseline,HEJFE-51F3066EAC9B8138,1,11:51-12:51,61,11:51-12:56,66,1,1,1,1,conditional_on_point_in_time_nasdaq_listing,1,1
MXIM,2011-12-30,baseline,HEJFE-EDFDC1213C9AF586,1,11:14-12:14,61,11:14-12:19,66,1,1,1,1,conditional_on_point_in_time_nasdaq_listing,1,1
NVR,2011-12-30,baseline,HEJFE-56483839E5F0E88F,1,15:26-16:00,35,15:26-16:00,35,1,1,1,1,conditional_on_point_in_time_nasdaq_listing,1,1
RES,2011-12-30,baseline,HEJFE-C85CE64DFF947CFD,1,14:50-15:50,61,14:50-15:55,66,1,1,1,1,conditional_on_point_in_time_nasdaq_listing,1,1
ROL,2011-12-30,baseline,HEJFE-30CA515BC590DDA6,1,09:44-10:44,61,09:44-10:49,66,1,1,1,1,conditional_on_point_in_time_nasdaq_listing,1,1
SYMM,2011-12-30,baseline,HEJFE-824BABBAD988A068,1,14:24-15:24,61,14:24-15:29,66,1,1,1,1,conditional_on_point_in_time_nasdaq_listing,1,1
VAR,2011-12-30,baseline,HEJFE-99F3FC8CE022DEA1,1,12:16-13:16,61,12:16-13:21,66,1,1,1,1,conditional_on_point_in_time_nasdaq_listing,1,1
WRLD,2011-12-30,baseline,HEJFE-DA7595FDF91D8CBC,1,15:23-16:00,38,15:23-16:00,38,1,1,1,1,conditional_on_point_in_time_nasdaq_listing,1,1
AF,2012-01-03,baseline,HEJFE-89844B5980EB5339,1,14:48-15:48,61,14:48-15:53,66,1,1,1,1,conditional_on_point_in_time_nasdaq_listing,1,1
BA,2012-01-03,baseline,HEJFE-45E6DA32B37F83D4,1,14:49-15:49,61,14:49-15:54,66,1,1,1,1,conditional_on_point_in_time_nasdaq_listing,1,1
CA,2012-01-03,baseline,HEJFE-2D81C70F59E076BA,1,13:02-14:02,61,13:02-14:07,66,1,1,1,1,conditional_on_point_in_time_nasdaq_listing,1,1
CAT,2012-01-03,baseline,HEJFE-95933AA0B84D2F60,1,14:05-15:05,61,14:05-15:10,66,1,1,1,1,conditional_on_point_in_time_nasdaq_listing,1,1
CB,2012-01-03,baseline,HEJFE-76DCF0FCA248E814,1,11:47-12:47,61,11:47-12:52,66,1,1,1,1,conditional_on_point_in_time_nasdaq_listing,1,1
DEST,2012-01-03,baseline,HEJFE-8596DDD6A535BD90,1,15:04-16:00,57,15:04-16:00,57,1,1,1,1,conditional_on_point_in_time_nasdaq_listing,1,1
HAE,2012-01-03,baseline,HEJFE-13FC93F4D143B268,1,15:25-16:00,36,15:25-16:00,36,1,1,1,1,conditional_on_point_in_time_nasdaq_listing,1,1
HON,2012-01-03,baseline,HEJFE-8D40B9782E1E6F33,1,15:23-16:00,38,15:23-16:00,38,1,1,1,1,conditional_on_point_in_time_nasdaq_listing,1,1
IBKC,2012-01-03,baseline,HEJFE-2F14F138D09BCA76,1,13:23-14:23,61,13:23-14:28,66,1,1,1,1,conditional_on_point_in_time_nasdaq_listing,1,1
IDXX,2012-01-03,baseline,HEJFE-99CCB9D9BECE4E72,1,13:17-14:17,61,13:17-14:22,66,1,1,1,1,conditional_on_point_in_time_nasdaq_listing,1,1
IGT,2012-01-03,baseline,HEJFE-7E8FA3E5E417B5E7,1,15:01-16:00,60,15:01-16:00,60,1,1,1,1,conditional_on_point_in_time_nasdaq_listing,1,1
ISSI,2012-01-03,baseline,HEJFE-D4E8CD312A2AA576,1,14:21-15:21,61,14:21-15:26,66,1,1,1,1,conditional_on_point_in_time_nasdaq_listing,1,1
MDP,2012-01-03,baseline,HEJFE-704E64D64C11C119,1,14:09-15:09,61,14:09-15:14,66,1,1,1,1,conditional_on_point_in_time_nasdaq_listing,1,1
MSCC,2012-01-03,baseline,HEJFE-830D52F9F7F1CEEB,1,14:21-15:21,61,14:21-15:26,66,1,1,1,1,conditional_on_point_in_time_nasdaq_listing,1,1
MUSA,2012-01-03,baseline,HEJFE-51F3066EAC9B8138,1,11:51-12:51,61,11:51-12:56,66,1,1,1,1,conditional_on_point_in_time_nasdaq_listing,1,1
MXIM,2012-01-03,baseline,HEJFE-EDFDC1213C9AF586,1,11:14-12:14,61,11:14-12:19,66,1,1,1,1,conditional_on_point_in_time_nasdaq_listing,1,1
NVR,2012-01-03,baseline,HEJFE-56483839E5F0E88F,1,15:26-16:00,35,15:26-16:00,35,1,1,1,1,conditional_on_point_in_time_nasdaq_listing,1,1
RES,2012-01-03,baseline,HEJFE-C85CE64DFF947CFD,1,14:50-15:50,61,14:50-15:55,66,1,1,1,1,conditional_on_point_in_time_nasdaq_listing,1,1
ROL,2012-01-03,baseline,HEJFE-30CA515BC590DDA6,1,09:44-10:44,61,09:44-10:49,66,1,1,1,1,conditional_on_point_in_time_nasdaq_listing,1,1
SYMM,2012-01-03,baseline,HEJFE-824BABBAD988A068,1,14:24-15:24,61,14:24-15:29,66,1,1,1,1,conditional_on_point_in_time_nasdaq_listing,1,1
VAR,2012-01-03,baseline,HEJFE-99F3FC8CE022DEA1,1,12:16-13:16,61,12:16-13:21,66,1,1,1,1,conditional_on_point_in_time_nasdaq_listing,1,1
WRLD,2012-01-03,baseline,HEJFE-DA7595FDF91D8CBC,1,15:23-16:00,38,15:23-16:00,38,1,1,1,1,conditional_on_point_in_time_nasdaq_listing,1,1
AF,2012-01-04,baseline,HEJFE-89844B5980EB5339,1,14:48-15:48,61,14:48-15:53,66,1,1,1,1,conditional_on_point_in_time_nasdaq_listing,1,1
BA,2012-01-04,baseline,HEJFE-45E6DA32B37F83D4,1,14:49-15:49,61,14:49-15:54,66,1,1,1,1,conditional_on_point_in_time_nasdaq_listing,1,1
CA,2012-01-04,baseline,HEJFE-2D81C70F59E076BA,1,13:02-14:02,61,13:02-14:07,66,1,1,1,1,conditional_on_point_in_time_nasdaq_listing,1,1
CAT,2012-01-04,baseline,HEJFE-95933AA0B84D2F60,1,14:05-15:05,61,14:05-15:10,66,1,1,1,1,conditional_on_point_in_time_nasdaq_listing,1,1
CB,2012-01-04,baseline,HEJFE-76DCF0FCA248E814,1,11:47-12:47,61,11:47-12:52,66,1,1,1,1,conditional_on_point_in_time_nasdaq_listing,1,1
DEST,2012-01-04,baseline,HEJFE-8596DDD6A535BD90,1,15:04-16:00,57,15:04-16:00,57,1,1,1,1,conditional_on_point_in_time_nasdaq_listing,1,1
HAE,2012-01-04,baseline,HEJFE-13FC93F4D143B268,1,15:25-16:00,36,15:25-16:00,36,1,1,1,1,conditional_on_point_in_time_nasdaq_listing,1,1
HON,2012-01-04,baseline,HEJFE-8D40B9782E1E6F33,1,15:23-16:00,38,15:23-16:00,38,1,1,1,1,conditional_on_point_in_time_nasdaq_listing,1,1
IBKC,2012-01-04,baseline,HEJFE-2F14F138D09BCA76,1,13:23-14:23,61,13:23-14:28,66,1,1,1,1,conditional_on_point_in_time_nasdaq_listing,1,1
IDXX,2012-01-04,baseline,HEJFE-99CCB9D9BECE4E72,1,13:17-14:17,61,13:17-14:22,66,1,1,1,1,conditional_on_point_in_time_nasdaq_listing,1,1
IGT,2012-01-04,baseline,HEJFE-7E8FA3E5E417B5E7,1,15:01-16:00,60,15:01-16:00,60,1,1,1,1,conditional_on_point_in_time_nasdaq_listing,1,1
ISSI,2012-01-04,baseline,HEJFE-D4E8CD312A2AA576,1,14:21-15:21,61,14:21-15:26,66,1,1,1,1,conditional_on_point_in_time_nasdaq_listing,1,1
MDP,2012-01-04,baseline,HEJFE-704E64D64C11C119,1,14:09-15:09,61,14:09-15:14,66,1,1,1,1,conditional_on_point_in_time_nasdaq_listing,1,1
MSCC,2012-01-04,baseline,HEJFE-830D52F9F7F1CEEB,1,14:21-15:21,61,14:21-15:26,66,1,1,1,1,conditional_on_point_in_time_nasdaq_listing,1,1
MUSA,2012-01-04,baseline,HEJFE-51F3066EAC9B8138,1,11:51-12:51,61,11:51-12:56,66,1,1,1,1,conditional_on_point_in_time_nasdaq_listing,1,1
MXIM,2012-01-04,baseline,HEJFE-EDFDC1213C9AF586,1,11:14-12:14,61,11:14-12:19,66,1,1,1,1,conditional_on_point_in_time_nasdaq_listing,1,1
NVR,2012-01-04,baseline,HEJFE-56483839E5F0E88F,1,15:26-16:00,35,15:26-16:00,35,1,1,1,1,conditional_on_point_in_time_nasdaq_listing,1,1
RES,2012-01-04,baseline,HEJFE-C85CE64DFF947CFD,1,14:50-15:50,61,14:50-15:55,66,1,1,1,1,conditional_on_point_in_time_nasdaq_listing,1,1
ROL,2012-01-04,baseline,HEJFE-30CA515BC590DDA6,1,09:44-10:44,61,09:44-10:49,66,1,1,1,1,conditional_on_point_in_time_nasdaq_listing,1,1
SYMM,2012-01-04,baseline,HEJFE-824BABBAD988A068,1,14:24-15:24,61,14:24-15:29,66,1,1,1,1,conditional_on_point_in_time_nasdaq_listing,1,1
VAR,2012-01-04,baseline,HEJFE-99F3FC8CE022DEA1,1,12:16-13:16,61,12:16-13:21,66,1,1,1,1,conditional_on_point_in_time_nasdaq_listing,1,1
WRLD,2012-01-04,baseline,HEJFE-DA7595FDF91D8CBC,1,15:23-16:00,38,15:23-16:00,38,1,1,1,1,conditional_on_point_in_time_nasdaq_listing,1,1
AF,2012-01-05,baseline,HEJFE-89844B5980EB5339,1,14:48-15:48,61,14:48-15:53,66,1,1,1,1,conditional_on_point_in_time_nasdaq_listing,1,1
BA,2012-01-05,baseline,HEJFE-45E6DA32B37F83D4,1,14:49-15:49,61,14:49-15:54,66,1,1,1,1,conditional_on_point_in_time_nasdaq_listing,1,1
CA,2012-01-05,baseline,HEJFE-2D81C70F59E076BA,1,13:02-14:02,61,13:02-14:07,66,1,1,1,1,conditional_on_point_in_time_nasdaq_listing,1,1
CAT,2012-01-05,baseline,HEJFE-95933AA0B84D2F60,1,14:05-15:05,61,14:05-15:10,66,1,1,1,1,conditional_on_point_in_time_nasdaq_listing,1,1
CB,2012-01-05,baseline,HEJFE-76DCF0FCA248E814,1,11:47-12:47,61,11:47-12:52,66,1,1,1,1,conditional_on_point_in_time_nasdaq_listing,1,1
DEST,2012-01-05,baseline,HEJFE-8596DDD6A535BD90,1,15:04-16:00,57,15:04-16:00,57,1,1,1,1,conditional_on_point_in_time_nasdaq_listing,1,1
HAE,2012-01-05,baseline,HEJFE-13FC93F4D143B268,1,15:25-16:00,36,15:25-16:00,36,1,1,1,1,conditional_on_point_in_time_nasdaq_listing,1,1
HON,2012-01-05,baseline,HEJFE-8D40B9782E1E6F33,1,15:23-16:00,38,15:23-16:00,38,1,1,1,1,conditional_on_point_in_time_nasdaq_listing,1,1
IBKC,2012-01-05,baseline,HEJFE-2F14F138D09BCA76,1,13:23-14:23,61,13:23-14:28,66,1,1,1,1,conditional_on_point_in_time_nasdaq_listing,1,1
IDXX,2012-01-05,baseline,HEJFE-99CCB9D9BECE4E72,1,13:17-14:17,61,13:17-14:22,66,1,1,1,1,conditional_on_point_in_time_nasdaq_listing,1,1
IGT,2012-01-05,baseline,HEJFE-7E8FA3E5E417B5E7,1,15:01-16:00,60,15:01-16:00,60,1,1,1,1,conditional_on_point_in_time_nasdaq_listing,1,1
ISSI,2012-01-05,baseline,HEJFE-D4E8CD312A2AA576,1,14:21-15:21,61,14:21-15:26,66,1,1,1,1,conditional_on_point_in_time_nasdaq_listing,1,1
MDP,2012-01-05,baseline,HEJFE-704E64D64C11C119,1,14:09-15:09,61,14:09-15:14,66,1,1,1,1,conditional_on_point_in_time_nasdaq_listing,1,1
MSCC,2012-01-05,baseline,HEJFE-830D52F9F7F1CEEB,1,14:21-15:21,61,14:21-15:26,66,1,1,1,1,conditional_on_point_in_time_nasdaq_listing,1,1
MUSA,2012-01-05,baseline,HEJFE-51F3066EAC9B8138,1,11:51-12:51,61,11:51-12:56,66,1,1,1,1,conditional_on_point_in_time_nasdaq_listing,1,1
MXIM,2012-01-05,baseline,HEJFE-EDFDC1213C9AF586,1,11:14-12:14,61,11:14-12:19,66,1,1,1,1,conditional_on_point_in_time_nasdaq_listing,1,1
NVR,2012-01-05,baseline,HEJFE-56483839E5F0E88F,1,15:26-16:00,35,15:26-16:00,35,1,1,1,1,conditional_on_point_in_time_nasdaq_listing,1,1
RES,2012-01-05,baseline,HEJFE-C85CE64DFF947CFD,1,14:50-15:50,61,14:50-15:55,66,1,1,1,1,conditional_on_point_in_time_nasdaq_listing,1,1
ROL,2012-01-05,baseline,HEJFE-30CA515BC590DDA6,1,09:44-10:44,61,09:44-10:49,66,1,1,1,1,conditional_on_point_in_time_nasdaq_listing,1,1
SYMM,2012-01-05,baseline,HEJFE-824BABBAD988A068,1,14:24-15:24,61,14:24-15:29,66,1,1,1,1,conditional_on_point_in_time_nasdaq_listing,1,1
VAR,2012-01-05,baseline,HEJFE-99F3FC8CE022DEA1,1,12:16-13:16,61,12:16-13:21,66,1,1,1,1,conditional_on_point_in_time_nasdaq_listing,1,1
WRLD,2012-01-05,baseline,HEJFE-DA7595FDF91D8CBC,1,15:23-16:00,38,15:23-16:00,38,1,1,1,1,conditional_on_point_in_time_nasdaq_listing,1,1
AF,2012-01-06,baseline,HEJFE-89844B5980EB5339,1,14:48-15:48,61,14:48-15:53,66,1,1,1,1,conditional_on_point_in_time_nasdaq_listing,1,1
BA,2012-01-06,baseline,HEJFE-45E6DA32B37F83D4,1,14:49-15:49,61,14:49-15:54,66,1,1,1,1,conditional_on_point_in_time_nasdaq_listing,1,1
CA,2012-01-06,baseline,HEJFE-2D81C70F59E076BA,1,13:02-14:02,61,13:02-14:07,66,1,1,1,1,conditional_on_point_in_time_nasdaq_listing,1,1
CAT,2012-01-06,baseline,HEJFE-95933AA0B84D2F60,1,14:05-15:05,61,14:05-15:10,66,1,1,1,1,conditional_on_point_in_time_nasdaq_listing,1,1
CB,2012-01-06,baseline,HEJFE-76DCF0FCA248E814,1,11:47-12:47,61,11:47-12:52,66,1,1,1,1,conditional_on_point_in_time_nasdaq_listing,1,1
DEST,2012-01-06,baseline,HEJFE-8596DDD6A535BD90,1,15:04-16:00,57,15:04-16:00,57,1,1,1,1,conditional_on_point_in_time_nasdaq_listing,1,1
HAE,2012-01-06,baseline,HEJFE-13FC93F4D143B268,1,15:25-16:00,36,15:25-16:00,36,1,1,1,1,conditional_on_point_in_time_nasdaq_listing,1,1
HON,2012-01-06,baseline,HEJFE-8D40B9782E1E6F33,1,15:23-16:00,38,15:23-16:00,38,1,1,1,1,conditional_on_point_in_time_nasdaq_listing,1,1
IBKC,2012-01-06,baseline,HEJFE-2F14F138D09BCA76,1,13:23-14:23,61,13:23-14:28,66,1,1,1,1,conditional_on_point_in_time_nasdaq_listing,1,1
IDXX,2012-01-06,baseline,HEJFE-99CCB9D9BECE4E72,1,13:17-14:17,61,13:17-14:22,66,1,1,1,1,conditional_on_point_in_time_nasdaq_listing,1,1
IGT,2012-01-06,baseline,HEJFE-7E8FA3E5E417B5E7,1,15:01-16:00,60,15:01-16:00,60,1,1,1,1,conditional_on_point_in_time_nasdaq_listing,1,1
ISSI,2012-01-06,baseline,HEJFE-D4E8CD312A2AA576,1,14:21-15:21,61,14:21-15:26,66,1,1,1,1,conditional_on_point_in_time_nasdaq_listing,1,1
MDP,2012-01-06,baseline,HEJFE-704E64D64C11C119,1,14:09-15:09,61,14:09-15:14,66,1,1,1,1,conditional_on_point_in_time_nasdaq_listing,1,1
MSCC,2012-01-06,baseline,HEJFE-830D52F9F7F1CEEB,1,14:21-15:21,61,14:21-15:26,66,1,1,1,1,conditional_on_point_in_time_nasdaq_listing,1,1
MUSA,2012-01-06,baseline,HEJFE-51F3066EAC9B8138,1,11:51-12:51,61,11:51-12:56,66,1,1,1,1,conditional_on_point_in_time_nasdaq_listing,1,1
MXIM,2012-01-06,baseline,HEJFE-EDFDC1213C9AF586,1,11:14-12:14,61,11:14-12:19,66,1,1,1,1,conditional_on_point_in_time_nasdaq_listing,1,1
NVR,2012-01-06,baseline,HEJFE-56483839E5F0E88F,1,15:26-16:00,35,15:26-16:00,35,1,1,1,1,conditional_on_point_in_time_nasdaq_listing,1,1
RES,2012-01-06,baseline,HEJFE-C85CE64DFF947CFD,1,14:50-15:50,61,14:50-15:55,66,1,1,1,1,conditional_on_point_in_time_nasdaq_listing,1,1
ROL,2012-01-06,baseline,HEJFE-30CA515BC590DDA6,1,09:44-10:44,61,09:44-10:49,66,1,1,1,1,conditional_on_point_in_time_nasdaq_listing,1,1
SYMM,2012-01-06,baseline,HEJFE-824BABBAD988A068,1,14:24-15:24,61,14:24-15:29,66,1,1,1,1,conditional_on_point_in_time_nasdaq_listing,1,1
VAR,2012-01-06,baseline,HEJFE-99F3FC8CE022DEA1,1,12:16-13:16,61,12:16-13:21,66,1,1,1,1,conditional_on_point_in_time_nasdaq_listing,1,1
WRLD,2012-01-06,baseline,HEJFE-DA7595FDF91D8CBC,1,15:23-16:00,38,15:23-16:00,38,1,1,1,1,conditional_on_point_in_time_nasdaq_listing,1,1
AF,2012-01-09,baseline,HEJFE-89844B5980EB5339,1,14:48-15:48,61,14:48-15:53,66,1,1,1,1,conditional_on_point_in_time_nasdaq_listing,1,1
BA,2012-01-09,baseline,HEJFE-45E6DA32B37F83D4,1,14:49-15:49,61,14:49-15:54,66,1,1,1,1,conditional_on_point_in_time_nasdaq_listing,1,1
CA,2012-01-09,baseline,HEJFE-2D81C70F59E076BA,1,13:02-14:02,61,13:02-14:07,66,1,1,1,1,conditional_on_point_in_time_nasdaq_listing,1,1
CAT,2012-01-09,baseline,HEJFE-95933AA0B84D2F60,1,14:05-15:05,61,14:05-15:10,66,1,1,1,1,conditional_on_point_in_time_nasdaq_listing,1,1
CB,2012-01-09,baseline,HEJFE-76DCF0FCA248E814,1,11:47-12:47,61,11:47-12:52,66,1,1,1,1,conditional_on_point_in_time_nasdaq_listing,1,1
DEST,2012-01-09,baseline,HEJFE-8596DDD6A535BD90,1,15:04-16:00,57,15:04-16:00,57,1,1,1,1,conditional_on_point_in_time_nasdaq_listing,1,1
HAE,2012-01-09,baseline,HEJFE-13FC93F4D143B268,1,15:25-16:00,36,15:25-16:00,36,1,1,1,1,conditional_on_point_in_time_nasdaq_listing,1,1
HON,2012-01-09,baseline,HEJFE-8D40B9782E1E6F33,1,15:23-16:00,38,15:23-16:00,38,1,1,1,1,conditional_on_point_in_time_nasdaq_listing,1,1
IBKC,2012-01-09,baseline,HEJFE-2F14F138D09BCA76,1,13:23-14:23,61,13:23-14:28,66,1,1,1,1,conditional_on_point_in_time_nasdaq_listing,1,1
IDXX,2012-01-09,baseline,HEJFE-99CCB9D9BECE4E72,1,13:17-14:17,61,13:17-14:22,66,1,1,1,1,conditional_on_point_in_time_nasdaq_listing,1,1
IGT,2012-01-09,baseline,HEJFE-7E8FA3E5E417B5E7,1,15:01-16:00,60,15:01-16:00,60,1,1,1,1,conditional_on_point_in_time_nasdaq_listing,1,1
ISSI,2012-01-09,baseline,HEJFE-D4E8CD312A2AA576,1,14:21-15:21,61,14:21-15:26,66,1,1,1,1,conditional_on_point_in_time_nasdaq_listing,1,1
MDP,2012-01-09,baseline,HEJFE-704E64D64C11C119,1,14:09-15:09,61,14:09-15:14,66,1,1,1,1,conditional_on_point_in_time_nasdaq_listing,1,1
MSCC,2012-01-09,baseline,HEJFE-830D52F9F7F1CEEB,1,14:21-15:21,61,14:21-15:26,66,1,1,1,1,conditional_on_point_in_time_nasdaq_listing,1,1
MUSA,2012-01-09,baseline,HEJFE-51F3066EAC9B8138,1,11:51-12:51,61,11:51-12:56,66,1,1,1,1,conditional_on_point_in_time_nasdaq_listing,1,1
MXIM,2012-01-09,baseline,HEJFE-EDFDC1213C9AF586,1,11:14-12:14,61,11:14-12:19,66,1,1,1,1,conditional_on_point_in_time_nasdaq_listing,1,1
NVR,2012-01-09,baseline,HEJFE-56483839E5F0E88F,1,15:26-16:00,35,15:26-16:00,35,1,1,1,1,conditional_on_point_in_time_nasdaq_listing,1,1
RES,2012-01-09,baseline,HEJFE-C85CE64DFF947CFD,1,14:50-15:50,61,14:50-15:55,66,1,1,1,1,conditional_on_point_in_time_nasdaq_listing,1,1
ROL,2012-01-09,baseline,HEJFE-30CA515BC590DDA6,1,09:44-10:44,61,09:44-10:49,66,1,1,1,1,conditional_on_point_in_time_nasdaq_listing,1,1
SYMM,2012-01-09,baseline,HEJFE-824BABBAD988A068,1,14:24-15:24,61,14:24-15:29,66,1,1,1,1,conditional_on_point_in_time_nasdaq_listing,1,1
VAR,2012-01-09,baseline,HEJFE-99F3FC8CE022DEA1,1,12:16-13:16,61,12:16-13:21,66,1,1,1,1,conditional_on_point_in_time_nasdaq_listing,1,1
WRLD,2012-01-09,baseline,HEJFE-DA7595FDF91D8CBC,1,15:23-16:00,38,15:23-16:00,38,1,1,1,1,conditional_on_point_in_time_nasdaq_listing,1,1
AF,2012-01-10,baseline,HEJFE-89844B5980EB5339,1,14:48-15:48,61,14:48-15:53,66,1,1,1,1,conditional_on_point_in_time_nasdaq_listing,1,1
BA,2012-01-10,baseline,HEJFE-45E6DA32B37F83D4,1,14:49-15:49,61,14:49-15:54,66,1,1,1,1,conditional_on_point_in_time_nasdaq_listing,1,1
CA,2012-01-10,baseline,HEJFE-2D81C70F59E076BA,1,13:02-14:02,61,13:02-14:07,66,1,1,1,1,conditional_on_point_in_time_nasdaq_listing,1,1
CAT,2012-01-10,baseline,HEJFE-95933AA0B84D2F60,1,14:05-15:05,61,14:05-15:10,66,1,1,1,1,conditional_on_point_in_time_nasdaq_listing,1,1
CB,2012-01-10,baseline,HEJFE-76DCF0FCA248E814,1,11:47-12:47,61,11:47-12:52,66,1,1,1,1,conditional_on_point_in_time_nasdaq_listing,1,1
DEST,2012-01-10,baseline,HEJFE-8596DDD6A535BD90,1,15:04-16:00,57,15:04-16:00,57,1,1,1,1,conditional_on_point_in_time_nasdaq_listing,1,1
HAE,2012-01-10,baseline,HEJFE-13FC93F4D143B268,1,15:25-16:00,36,15:25-16:00,36,1,1,1,1,conditional_on_point_in_time_nasdaq_listing,1,1
HON,2012-01-10,baseline,HEJFE-8D40B9782E1E6F33,1,15:23-16:00,38,15:23-16:00,38,1,1,1,1,conditional_on_point_in_time_nasdaq_listing,1,1
IBKC,2012-01-10,baseline,HEJFE-2F14F138D09BCA76,1,13:23-14:23,61,13:23-14:28,66,1,1,1,1,conditional_on_point_in_time_nasdaq_listing,1,1
IDXX,2012-01-10,baseline,HEJFE-99CCB9D9BECE4E72,1,13:17-14:17,61,13:17-14:22,66,1,1,1,1,conditional_on_point_in_time_nasdaq_listing,1,1
IGT,2012-01-10,baseline,HEJFE-7E8FA3E5E417B5E7,1,15:01-16:00,60,15:01-16:00,60,1,1,1,1,conditional_on_point_in_time_nasdaq_listing,1,1
ISSI,2012-01-10,baseline,HEJFE-D4E8CD312A2AA576,1,14:21-15:21,61,14:21-15:26,66,1,1,1,1,conditional_on_point_in_time_nasdaq_listing,1,1
MDP,2012-01-10,baseline,HEJFE-704E64D64C11C119,1,14:09-15:09,61,14:09-15:14,66,1,1,1,1,conditional_on_point_in_time_nasdaq_listing,1,1
MSCC,2012-01-10,baseline,HEJFE-830D52F9F7F1CEEB,1,14:21-15:21,61,14:21-15:26,66,1,1,1,1,conditional_on_point_in_time_nasdaq_listing,1,1
MUSA,2012-01-10,baseline,HEJFE-51F3066EAC9B8138,1,11:51-12:51,61,11:51-12:56,66,1,1,1,1,conditional_on_point_in_time_nasdaq_listing,1,1
MXIM,2012-01-10,baseline,HEJFE-EDFDC1213C9AF586,1,11:14-12:14,61,11:14-12:19,66,1,1,1,1,conditional_on_point_in_time_nasdaq_listing,1,1
NVR,2012-01-10,baseline,HEJFE-56483839E5F0E88F,1,15:26-16:00,35,15:26-16:00,35,1,1,1,1,conditional_on_point_in_time_nasdaq_listing,1,1
RES,2012-01-10,baseline,HEJFE-C85CE64DFF947CFD,1,14:50-15:50,61,14:50-15:55,66,1,1,1,1,conditional_on_point_in_time_nasdaq_listing,1,1
ROL,2012-01-10,baseline,HEJFE-30CA515BC590DDA6,1,09:44-10:44,61,09:44-10:49,66,1,1,1,1,conditional_on_point_in_time_nasdaq_listing,1,1
SYMM,2012-01-10,baseline,HEJFE-824BABBAD988A068,1,14:24-15:24,61,14:24-15:29,66,1,1,1,1,conditional_on_point_in_time_nasdaq_listing,1,1
VAR,2012-01-10,baseline,HEJFE-99F3FC8CE022DEA1,1,12:16-13:16,61,12:16-13:21,66,1,1,1,1,conditional_on_point_in_time_nasdaq_listing,1,1
WRLD,2012-01-10,baseline,HEJFE-DA7595FDF91D8CBC,1,15:23-16:00,38,15:23-16:00,38,1,1,1,1,conditional_on_point_in_time_nasdaq_listing,1,1
AF,2012-01-11,baseline,HEJFE-89844B5980EB5339,1,14:48-15:48,61,14:48-15:53,66,1,1,1,1,conditional_on_point_in_time_nasdaq_listing,1,1
BA,2012-01-11,baseline,HEJFE-45E6DA32B37F83D4,1,14:49-15:49,61,14:49-15:54,66,1,1,1,1,conditional_on_point_in_time_nasdaq_listing,1,1
CA,2012-01-11,baseline,HEJFE-2D81C70F59E076BA,1,13:02-14:02,61,13:02-14:07,66,1,1,1,1,conditional_on_point_in_time_nasdaq_listing,1,1
CAT,2012-01-11,baseline,HEJFE-95933AA0B84D2F60,1,14:05-15:05,61,14:05-15:10,66,1,1,1,1,conditional_on_point_in_time_nasdaq_listing,1,1
CB,2012-01-11,baseline,HEJFE-76DCF0FCA248E814,1,11:47-12:47,61,11:47-12:52,66,1,1,1,1,conditional_on_point_in_time_nasdaq_listing,1,1
DEST,2012-01-11,baseline,HEJFE-8596DDD6A535BD90,1,15:04-16:00,57,15:04-16:00,57,1,1,1,1,conditional_on_point_in_time_nasdaq_listing,1,1
HAE,2012-01-11,baseline,HEJFE-13FC93F4D143B268,1,15:25-16:00,36,15:25-16:00,36,1,1,1,1,conditional_on_point_in_time_nasdaq_listing,1,1
HON,2012-01-11,baseline,HEJFE-8D40B9782E1E6F33,1,15:23-16:00,38,15:23-16:00,38,1,1,1,1,conditional_on_point_in_time_nasdaq_listing,1,1
IBKC,2012-01-11,baseline,HEJFE-2F14F138D09BCA76,1,13:23-14:23,61,13:23-14:28,66,1,1,1,1,conditional_on_point_in_time_nasdaq_listing,1,1
IDXX,2012-01-11,baseline,HEJFE-99CCB9D9BECE4E72,1,13:17-14:17,61,13:17-14:22,66,1,1,1,1,conditional_on_point_in_time_nasdaq_listing,1,1
IGT,2012-01-11,baseline,HEJFE-7E8FA3E5E417B5E7,1,15:01-16:00,60,15:01-16:00,60,1,1,1,1,conditional_on_point_in_time_nasdaq_listing,1,1
ISSI,2012-01-11,baseline,HEJFE-D4E8CD312A2AA576,1,14:21-15:21,61,14:21-15:26,66,1,1,1,1,conditional_on_point_in_time_nasdaq_listing,1,1
MDP,2012-01-11,baseline,HEJFE-704E64D64C11C119,1,14:09-15:09,61,14:09-15:14,66,1,1,1,1,conditional_on_point_in_time_nasdaq_listing,1,1
MSCC,2012-01-11,baseline,HEJFE-830D52F9F7F1CEEB,1,14:21-15:21,61,14:21-15:26,66,1,1,1,1,conditional_on_point_in_time_nasdaq_listing,1,1
MUSA,2012-01-11,baseline,HEJFE-51F3066EAC9B8138,1,11:51-12:51,61,11:51-12:56,66,1,1,1,1,conditional_on_point_in_time_nasdaq_listing,1,1
MXIM,2012-01-11,baseline,HEJFE-EDFDC1213C9AF586,1,11:14-12:14,61,11:14-12:19,66,1,1,1,1,conditional_on_point_in_time_nasdaq_listing,1,1
NVR,2012-01-11,baseline,HEJFE-56483839E5F0E88F,1,15:26-16:00,35,15:26-16:00,35,1,1,1,1,conditional_on_point_in_time_nasdaq_listing,1,1
RES,2012-01-11,baseline,HEJFE-C85CE64DFF947CFD,1,14:50-15:50,61,14:50-15:55,66,1,1,1,1,conditional_on_point_in_time_nasdaq_listing,1,1
ROL,2012-01-11,baseline,HEJFE-30CA515BC590DDA6,1,09:44-10:44,61,09:44-10:49,66,1,1,1,1,conditional_on_point_in_time_nasdaq_listing,1,1
SYMM,2012-01-11,baseline,HEJFE-824BABBAD988A068,1,14:24-15:24,61,14:24-15:29,66,1,1,1,1,conditional_on_point_in_time_nasdaq_listing,1,1
VAR,2012-01-11,baseline,HEJFE-99F3FC8CE022DEA1,1,12:16-13:16,61,12:16-13:21,66,1,1,1,1,conditional_on_point_in_time_nasdaq_listing,1,1
WRLD,2012-01-11,baseline,HEJFE-DA7595FDF91D8CBC,1,15:23-16:00,38,15:23-16:00,38,1,1,1,1,conditional_on_point_in_time_nasdaq_listing,1,1
AF,2012-01-12,baseline,HEJFE-89844B5980EB5339,1,14:48-15:48,61,14:48-15:53,66,1,1,1,1,conditional_on_point_in_time_nasdaq_listing,1,1
BA,2012-01-12,baseline,HEJFE-45E6DA32B37F83D4,1,14:49-15:49,61,14:49-15:54,66,1,1,1,1,conditional_on_point_in_time_nasdaq_listing,1,1
CA,2012-01-12,baseline,HEJFE-2D81C70F59E076BA,1,13:02-14:02,61,13:02-14:07,66,1,1,1,1,conditional_on_point_in_time_nasdaq_listing,1,1
CAT,2012-01-12,baseline,HEJFE-95933AA0B84D2F60,1,14:05-15:05,61,14:05-15:10,66,1,1,1,1,conditional_on_point_in_time_nasdaq_listing,1,1
CB,2012-01-12,baseline,HEJFE-76DCF0FCA248E814,1,11:47-12:47,61,11:47-12:52,66,1,1,1,1,conditional_on_point_in_time_nasdaq_listing,1,1
DEST,2012-01-12,baseline,HEJFE-8596DDD6A535BD90,1,15:04-16:00,57,15:04-16:00,57,1,1,1,1,conditional_on_point_in_time_nasdaq_listing,1,1
HAE,2012-01-12,baseline,HEJFE-13FC93F4D143B268,1,15:25-16:00,36,15:25-16:00,36,1,1,1,1,conditional_on_point_in_time_nasdaq_listing,1,1
HON,2012-01-12,baseline,HEJFE-8D40B9782E1E6F33,1,15:23-16:00,38,15:23-16:00,38,1,1,1,1,conditional_on_point_in_time_nasdaq_listing,1,1
IBKC,2012-01-12,baseline,HEJFE-2F14F138D09BCA76,1,13:23-14:23,61,13:23-14:28,66,1,1,1,1,conditional_on_point_in_time_nasdaq_listing,1,1
IDXX,2012-01-12,baseline,HEJFE-99CCB9D9BECE4E72,1,13:17-14:17,61,13:17-14:22,66,1,1,1,1,conditional_on_point_in_time_nasdaq_listing,1,1
IGT,2012-01-12,baseline,HEJFE-7E8FA3E5E417B5E7,1,15:01-16:00,60,15:01-16:00,60,1,1,1,1,conditional_on_point_in_time_nasdaq_listing,1,1
ISSI,2012-01-12,baseline,HEJFE-D4E8CD312A2AA576,1,14:21-15:21,61,14:21-15:26,66,1,1,1,1,conditional_on_point_in_time_nasdaq_listing,1,1
MDP,2012-01-12,baseline,HEJFE-704E64D64C11C119,1,14:09-15:09,61,14:09-15:14,66,1,1,1,1,conditional_on_point_in_time_nasdaq_listing,1,1
MSCC,2012-01-12,baseline,HEJFE-830D52F9F7F1CEEB,1,14:21-15:21,61,14:21-15:26,66,1,1,1,1,conditional_on_point_in_time_nasdaq_listing,1,1
MUSA,2012-01-12,baseline,HEJFE-51F3066EAC9B8138,1,11:51-12:51,61,11:51-12:56,66,1,1,1,1,conditional_on_point_in_time_nasdaq_listing,1,1
MXIM,2012-01-12,baseline,HEJFE-EDFDC1213C9AF586,1,11:14-12:14,61,11:14-12:19,66,1,1,1,1,conditional_on_point_in_time_nasdaq_listing,1,1
NVR,2012-01-12,baseline,HEJFE-56483839E5F0E88F,1,15:26-16:00,35,15:26-16:00,35,1,1,1,1,conditional_on_point_in_time_nasdaq_listing,1,1
RES,2012-01-12,baseline,HEJFE-C85CE64DFF947CFD,1,14:50-15:50,61,14:50-15:55,66,1,1,1,1,conditional_on_point_in_time_nasdaq_listing,1,1
ROL,2012-01-12,baseline,HEJFE-30CA515BC590DDA6,1,09:44-10:44,61,09:44-10:49,66,1,1,1,1,conditional_on_point_in_time_nasdaq_listing,1,1
SYMM,2012-01-12,baseline,HEJFE-824BABBAD988A068,1,14:24-15:24,61,14:24-15:29,66,1,1,1,1,conditional_on_point_in_time_nasdaq_listing,1,1
VAR,2012-01-12,baseline,HEJFE-99F3FC8CE022DEA1,1,12:16-13:16,61,12:16-13:21,66,1,1,1,1,conditional_on_point_in_time_nasdaq_listing,1,1
WRLD,2012-01-12,baseline,HEJFE-DA7595FDF91D8CBC,1,15:23-16:00,38,15:23-16:00,38,1,1,1,1,conditional_on_point_in_time_nasdaq_listing,1,1
AF,2012-01-13,baseline,HEJFE-89844B5980EB5339,1,14:48-15:48,61,14:48-15:53,66,1,1,1,1,conditional_on_point_in_time_nasdaq_listing,1,1
BA,2012-01-13,baseline,HEJFE-45E6DA32B37F83D4,1,14:49-15:49,61,14:49-15:54,66,1,1,1,1,conditional_on_point_in_time_nasdaq_listing,1,1
CA,2012-01-13,baseline,HEJFE-2D81C70F59E076BA,1,13:02-14:02,61,13:02-14:07,66,1,1,1,1,conditional_on_point_in_time_nasdaq_listing,1,1
CAT,2012-01-13,baseline,HEJFE-95933AA0B84D2F60,1,14:05-15:05,61,14:05-15:10,66,1,1,1,1,conditional_on_point_in_time_nasdaq_listing,1,1
CB,2012-01-13,baseline,HEJFE-76DCF0FCA248E814,1,11:47-12:47,61,11:47-12:52,66,1,1,1,1,conditional_on_point_in_time_nasdaq_listing,1,1
DEST,2012-01-13,baseline,HEJFE-8596DDD6A535BD90,1,15:04-16:00,57,15:04-16:00,57,1,1,1,1,conditional_on_point_in_time_nasdaq_listing,1,1
HAE,2012-01-13,baseline,HEJFE-13FC93F4D143B268,1,15:25-16:00,36,15:25-16:00,36,1,1,1,1,conditional_on_point_in_time_nasdaq_listing,1,1
HON,2012-01-13,baseline,HEJFE-8D40B9782E1E6F33,1,15:23-16:00,38,15:23-16:00,38,1,1,1,1,conditional_on_point_in_time_nasdaq_listing,1,1
IBKC,2012-01-13,baseline,HEJFE-2F14F138D09BCA76,1,13:23-14:23,61,13:23-14:28,66,1,1,1,1,conditional_on_point_in_time_nasdaq_listing,1,1
IDXX,2012-01-13,baseline,HEJFE-99CCB9D9BECE4E72,1,13:17-14:17,61,13:17-14:22,66,1,1,1,1,conditional_on_point_in_time_nasdaq_listing,1,1
IGT,2012-01-13,baseline,HEJFE-7E8FA3E5E417B5E7,1,15:01-16:00,60,15:01-16:00,60,1,1,1,1,conditional_on_point_in_time_nasdaq_listing,1,1
ISSI,2012-01-13,baseline,HEJFE-D4E8CD312A2AA576,1,14:21-15:21,61,14:21-15:26,66,1,1,1,1,conditional_on_point_in_time_nasdaq_listing,1,1
MDP,2012-01-13,baseline,HEJFE-704E64D64C11C119,1,14:09-15:09,61,14:09-15:14,66,1,1,1,1,conditional_on_point_in_time_nasdaq_listing,1,1
MSCC,2012-01-13,baseline,HEJFE-830D52F9F7F1CEEB,1,14:21-15:21,61,14:21-15:26,66,1,1,1,1,conditional_on_point_in_time_nasdaq_listing,1,1
MUSA,2012-01-13,baseline,HEJFE-51F3066EAC9B8138,1,11:51-12:51,61,11:51-12:56,66,1,1,1,1,conditional_on_point_in_time_nasdaq_listing,1,1
MXIM,2012-01-13,baseline,HEJFE-EDFDC1213C9AF586,1,11:14-12:14,61,11:14-12:19,66,1,1,1,1,conditional_on_point_in_time_nasdaq_listing,1,1
NVR,2012-01-13,baseline,HEJFE-56483839E5F0E88F,1,15:26-16:00,35,15:26-16:00,35,1,1,1,1,conditional_on_point_in_time_nasdaq_listing,1,1
RES,2012-01-13,baseline,HEJFE-C85CE64DFF947CFD,1,14:50-15:50,61,14:50-15:55,66,1,1,1,1,conditional_on_point_in_time_nasdaq_listing,1,1
ROL,2012-01-13,baseline,HEJFE-30CA515BC590DDA6,1,09:44-10:44,61,09:44-10:49,66,1,1,1,1,conditional_on_point_in_time_nasdaq_listing,1,1
SYMM,2012-01-13,baseline,HEJFE-824BABBAD988A068,1,14:24-15:24,61,14:24-15:29,66,1,1,1,1,conditional_on_point_in_time_nasdaq_listing,1,1
VAR,2012-01-13,baseline,HEJFE-99F3FC8CE022DEA1,1,12:16-13:16,61,12:16-13:21,66,1,1,1,1,conditional_on_point_in_time_nasdaq_listing,1,1
WRLD,2012-01-13,baseline,HEJFE-DA7595FDF91D8CBC,1,15:23-16:00,38,15:23-16:00,38,1,1,1,1,conditional_on_point_in_time_nasdaq_listing,1,1
AF,2012-01-17,baseline,HEJFE-89844B5980EB5339,1,14:48-15:48,61,14:48-15:53,66,1,1,1,1,conditional_on_point_in_time_nasdaq_listing,1,1
BA,2012-01-17,baseline,HEJFE-45E6DA32B37F83D4,1,14:49-15:49,61,14:49-15:54,66,1,1,1,1,conditional_on_point_in_time_nasdaq_listing,1,1
CA,2012-01-17,baseline,HEJFE-2D81C70F59E076BA,1,13:02-14:02,61,13:02-14:07,66,1,1,1,1,conditional_on_point_in_time_nasdaq_listing,1,1
CAT,2012-01-17,baseline,HEJFE-95933AA0B84D2F60,1,14:05-15:05,61,14:05-15:10,66,1,1,1,1,conditional_on_point_in_time_nasdaq_listing,1,1
CB,2012-01-17,baseline,HEJFE-76DCF0FCA248E814,1,11:47-12:47,61,11:47-12:52,66,1,1,1,1,conditional_on_point_in_time_nasdaq_listing,1,1
DEST,2012-01-17,baseline,HEJFE-8596DDD6A535BD90,1,15:04-16:00,57,15:04-16:00,57,1,1,1,1,conditional_on_point_in_time_nasdaq_listing,1,1
HAE,2012-01-17,baseline,HEJFE-13FC93F4D143B268,1,15:25-16:00,36,15:25-16:00,36,1,1,1,1,conditional_on_point_in_time_nasdaq_listing,1,1
HON,2012-01-17,baseline,HEJFE-8D40B9782E1E6F33,1,15:23-16:00,38,15:23-16:00,38,1,1,1,1,conditional_on_point_in_time_nasdaq_listing,1,1
IBKC,2012-01-17,baseline,HEJFE-2F14F138D09BCA76,1,13:23-14:23,61,13:23-14:28,66,1,1,1,1,conditional_on_point_in_time_nasdaq_listing,1,1
IDXX,2012-01-17,baseline,HEJFE-99CCB9D9BECE4E72,1,13:17-14:17,61,13:17-14:22,66,1,1,1,1,conditional_on_point_in_time_nasdaq_listing,1,1
IGT,2012-01-17,baseline,HEJFE-7E8FA3E5E417B5E7,1,15:01-16:00,60,15:01-16:00,60,1,1,1,1,conditional_on_point_in_time_nasdaq_listing,1,1
ISSI,2012-01-17,baseline,HEJFE-D4E8CD312A2AA576,1,14:21-15:21,61,14:21-15:26,66,1,1,1,1,conditional_on_point_in_time_nasdaq_listing,1,1
MDP,2012-01-17,baseline,HEJFE-704E64D64C11C119,1,14:09-15:09,61,14:09-15:14,66,1,1,1,1,conditional_on_point_in_time_nasdaq_listing,1,1
MSCC,2012-01-17,baseline,HEJFE-830D52F9F7F1CEEB,1,14:21-15:21,61,14:21-15:26,66,1,1,1,1,conditional_on_point_in_time_nasdaq_listing,1,1
MUSA,2012-01-17,baseline,HEJFE-51F3066EAC9B8138,1,11:51-12:51,61,11:51-12:56,66,1,1,1,1,conditional_on_point_in_time_nasdaq_listing,1,1
MXIM,2012-01-17,baseline,HEJFE-EDFDC1213C9AF586,1,11:14-12:14,61,11:14-12:19,66,1,1,1,1,conditional_on_point_in_time_nasdaq_listing,1,1
NVR,2012-01-17,baseline,HEJFE-56483839E5F0E88F,1,15:26-16:00,35,15:26-16:00,35,1,1,1,1,conditional_on_point_in_time_nasdaq_listing,1,1
RES,2012-01-17,baseline,HEJFE-C85CE64DFF947CFD,1,14:50-15:50,61,14:50-15:55,66,1,1,1,1,conditional_on_point_in_time_nasdaq_listing,1,1
ROL,2012-01-17,baseline,HEJFE-30CA515BC590DDA6,1,09:44-10:44,61,09:44-10:49,66,1,1,1,1,conditional_on_point_in_time_nasdaq_listing,1,1
SYMM,2012-01-17,baseline,HEJFE-824BABBAD988A068,1,14:24-15:24,61,14:24-15:29,66,1,1,1,1,conditional_on_point_in_time_nasdaq_listing,1,1
VAR,2012-01-17,baseline,HEJFE-99F3FC8CE022DEA1,1,12:16-13:16,61,12:16-13:21,66,1,1,1,1,conditional_on_point_in_time_nasdaq_listing,1,1
WRLD,2012-01-17,baseline,HEJFE-DA7595FDF91D8CBC,1,15:23-16:00,38,15:23-16:00,38,1,1,1,1,conditional_on_point_in_time_nasdaq_listing,1,1
AF,2012-01-18,baseline,HEJFE-89844B5980EB5339,1,14:48-15:48,61,14:48-15:53,66,1,1,1,1,conditional_on_point_in_time_nasdaq_listing,1,1
BA,2012-01-18,baseline,HEJFE-45E6DA32B37F83D4,1,14:49-15:49,61,14:49-15:54,66,1,1,1,1,conditional_on_point_in_time_nasdaq_listing,1,1
CA,2012-01-18,baseline,HEJFE-2D81C70F59E076BA,1,13:02-14:02,61,13:02-14:07,66,1,1,1,1,conditional_on_point_in_time_nasdaq_listing,1,1
CAT,2012-01-18,baseline,HEJFE-95933AA0B84D2F60,1,14:05-15:05,61,14:05-15:10,66,1,1,1,1,conditional_on_point_in_time_nasdaq_listing,1,1
CB,2012-01-18,baseline,HEJFE-76DCF0FCA248E814,1,11:47-12:47,61,11:47-12:52,66,1,1,1,1,conditional_on_point_in_time_nasdaq_listing,1,1
DEST,2012-01-18,baseline,HEJFE-8596DDD6A535BD90,1,15:04-16:00,57,15:04-16:00,57,1,1,1,1,conditional_on_point_in_time_nasdaq_listing,1,1
HAE,2012-01-18,baseline,HEJFE-13FC93F4D143B268,1,15:25-16:00,36,15:25-16:00,36,1,1,1,1,conditional_on_point_in_time_nasdaq_listing,1,1
HON,2012-01-18,baseline,HEJFE-8D40B9782E1E6F33,1,15:23-16:00,38,15:23-16:00,38,1,1,1,1,conditional_on_point_in_time_nasdaq_listing,1,1
IBKC,2012-01-18,baseline,HEJFE-2F14F138D09BCA76,1,13:23-14:23,61,13:23-14:28,66,1,1,1,1,conditional_on_point_in_time_nasdaq_listing,1,1
IDXX,2012-01-18,baseline,HEJFE-99CCB9D9BECE4E72,1,13:17-14:17,61,13:17-14:22,66,1,1,1,1,conditional_on_point_in_time_nasdaq_listing,1,1
IGT,2012-01-18,baseline,HEJFE-7E8FA3E5E417B5E7,1,15:01-16:00,60,15:01-16:00,60,1,1,1,1,conditional_on_point_in_time_nasdaq_listing,1,1
ISSI,2012-01-18,baseline,HEJFE-D4E8CD312A2AA576,1,14:21-15:21,61,14:21-15:26,66,1,1,1,1,conditional_on_point_in_time_nasdaq_listing,1,1
MDP,2012-01-18,baseline,HEJFE-704E64D64C11C119,1,14:09-15:09,61,14:09-15:14,66,1,1,1,1,conditional_on_point_in_time_nasdaq_listing,1,1
MSCC,2012-01-18,baseline,HEJFE-830D52F9F7F1CEEB,1,14:21-15:21,61,14:21-15:26,66,1,1,1,1,conditional_on_point_in_time_nasdaq_listing,1,1
MUSA,2012-01-18,baseline,HEJFE-51F3066EAC9B8138,1,11:51-12:51,61,11:51-12:56,66,1,1,1,1,conditional_on_point_in_time_nasdaq_listing,1,1
MXIM,2012-01-18,baseline,HEJFE-EDFDC1213C9AF586,1,11:14-12:14,61,11:14-12:19,66,1,1,1,1,conditional_on_point_in_time_nasdaq_listing,1,1
NVR,2012-01-18,baseline,HEJFE-56483839E5F0E88F,1,15:26-16:00,35,15:26-16:00,35,1,1,1,1,conditional_on_point_in_time_nasdaq_listing,1,1
RES,2012-01-18,baseline,HEJFE-C85CE64DFF947CFD,1,14:50-15:50,61,14:50-15:55,66,1,1,1,1,conditional_on_point_in_time_nasdaq_listing,1,1
ROL,2012-01-18,baseline,HEJFE-30CA515BC590DDA6,1,09:44-10:44,61,09:44-10:49,66,1,1,1,1,conditional_on_point_in_time_nasdaq_listing,1,1
SYMM,2012-01-18,baseline,HEJFE-824BABBAD988A068,1,14:24-15:24,61,14:24-15:29,66,1,1,1,1,conditional_on_point_in_time_nasdaq_listing,1,1
VAR,2012-01-18,baseline,HEJFE-99F3FC8CE022DEA1,1,12:16-13:16,61,12:16-13:21,66,1,1,1,1,conditional_on_point_in_time_nasdaq_listing,1,1
WRLD,2012-01-18,baseline,HEJFE-DA7595FDF91D8CBC,1,15:23-16:00,38,15:23-16:00,38,1,1,1,1,conditional_on_point_in_time_nasdaq_listing,1,1
AF,2012-01-19,baseline,HEJFE-89844B5980EB5339,1,14:48-15:48,61,14:48-15:53,66,1,1,1,1,conditional_on_point_in_time_nasdaq_listing,1,1
BA,2012-01-19,baseline,HEJFE-45E6DA32B37F83D4,1,14:49-15:49,61,14:49-15:54,66,1,1,1,1,conditional_on_point_in_time_nasdaq_listing,1,1
CA,2012-01-19,baseline,HEJFE-2D81C70F59E076BA,1,13:02-14:02,61,13:02-14:07,66,1,1,1,1,conditional_on_point_in_time_nasdaq_listing,1,1
CAT,2012-01-19,baseline,HEJFE-95933AA0B84D2F60,1,14:05-15:05,61,14:05-15:10,66,1,1,1,1,conditional_on_point_in_time_nasdaq_listing,1,1
CB,2012-01-19,baseline,HEJFE-76DCF0FCA248E814,1,11:47-12:47,61,11:47-12:52,66,1,1,1,1,conditional_on_point_in_time_nasdaq_listing,1,1
DEST,2012-01-19,baseline,HEJFE-8596DDD6A535BD90,1,15:04-16:00,57,15:04-16:00,57,1,1,1,1,conditional_on_point_in_time_nasdaq_listing,1,1
HAE,2012-01-19,baseline,HEJFE-13FC93F4D143B268,1,15:25-16:00,36,15:25-16:00,36,1,1,1,1,conditional_on_point_in_time_nasdaq_listing,1,1
HON,2012-01-19,baseline,HEJFE-8D40B9782E1E6F33,1,15:23-16:00,38,15:23-16:00,38,1,1,1,1,conditional_on_point_in_time_nasdaq_listing,1,1
IBKC,2012-01-19,baseline,HEJFE-2F14F138D09BCA76,1,13:23-14:23,61,13:23-14:28,66,1,1,1,1,conditional_on_point_in_time_nasdaq_listing,1,1
IDXX,2012-01-19,baseline,HEJFE-99CCB9D9BECE4E72,1,13:17-14:17,61,13:17-14:22,66,1,1,1,1,conditional_on_point_in_time_nasdaq_listing,1,1
IGT,2012-01-19,baseline,HEJFE-7E8FA3E5E417B5E7,1,15:01-16:00,60,15:01-16:00,60,1,1,1,1,conditional_on_point_in_time_nasdaq_listing,1,1
ISSI,2012-01-19,baseline,HEJFE-D4E8CD312A2AA576,1,14:21-15:21,61,14:21-15:26,66,1,1,1,1,conditional_on_point_in_time_nasdaq_listing,1,1
MDP,2012-01-19,baseline,HEJFE-704E64D64C11C119,1,14:09-15:09,61,14:09-15:14,66,1,1,1,1,conditional_on_point_in_time_nasdaq_listing,1,1
MSCC,2012-01-19,baseline,HEJFE-830D52F9F7F1CEEB,1,14:21-15:21,61,14:21-15:26,66,1,1,1,1,conditional_on_point_in_time_nasdaq_listing,1,1
MUSA,2012-01-19,baseline,HEJFE-51F3066EAC9B8138,1,11:51-12:51,61,11:51-12:56,66,1,1,1,1,conditional_on_point_in_time_nasdaq_listing,1,1
MXIM,2012-01-19,baseline,HEJFE-EDFDC1213C9AF586,1,11:14-12:14,61,11:14-12:19,66,1,1,1,1,conditional_on_point_in_time_nasdaq_listing,1,1
NVR,2012-01-19,baseline,HEJFE-56483839E5F0E88F,1,15:26-16:00,35,15:26-16:00,35,1,1,1,1,conditional_on_point_in_time_nasdaq_listing,1,1
RES,2012-01-19,baseline,HEJFE-C85CE64DFF947CFD,1,14:50-15:50,61,14:50-15:55,66,1,1,1,1,conditional_on_point_in_time_nasdaq_listing,1,1
ROL,2012-01-19,baseline,HEJFE-30CA515BC590DDA6,1,09:44-10:44,61,09:44-10:49,66,1,1,1,1,conditional_on_point_in_time_nasdaq_listing,1,1
SYMM,2012-01-19,baseline,HEJFE-824BABBAD988A068,1,14:24-15:24,61,14:24-15:29,66,1,1,1,1,conditional_on_point_in_time_nasdaq_listing,1,1
VAR,2012-01-19,baseline,HEJFE-99F3FC8CE022DEA1,1,12:16-13:16,61,12:16-13:21,66,1,1,1,1,conditional_on_point_in_time_nasdaq_listing,1,1
WRLD,2012-01-19,baseline,HEJFE-DA7595FDF91D8CBC,1,15:23-16:00,38,15:23-16:00,38,1,1,1,1,conditional_on_point_in_time_nasdaq_listing,1,1
AF,2012-01-20,baseline,HEJFE-89844B5980EB5339,1,14:48-15:48,61,14:48-15:53,66,1,1,1,1,conditional_on_point_in_time_nasdaq_listing,1,1
BA,2012-01-20,baseline,HEJFE-45E6DA32B37F83D4,1,14:49-15:49,61,14:49-15:54,66,1,1,1,1,conditional_on_point_in_time_nasdaq_listing,1,1
CA,2012-01-20,baseline,HEJFE-2D81C70F59E076BA,1,13:02-14:02,61,13:02-14:07,66,1,1,1,1,conditional_on_point_in_time_nasdaq_listing,1,1
CAT,2012-01-20,baseline,HEJFE-95933AA0B84D2F60,1,14:05-15:05,61,14:05-15:10,66,1,1,1,1,conditional_on_point_in_time_nasdaq_listing,1,1
CB,2012-01-20,baseline,HEJFE-76DCF0FCA248E814,1,11:47-12:47,61,11:47-12:52,66,1,1,1,1,conditional_on_point_in_time_nasdaq_listing,1,1
DEST,2012-01-20,baseline,HEJFE-8596DDD6A535BD90,1,15:04-16:00,57,15:04-16:00,57,1,1,1,1,conditional_on_point_in_time_nasdaq_listing,1,1
HAE,2012-01-20,baseline,HEJFE-13FC93F4D143B268,1,15:25-16:00,36,15:25-16:00,36,1,1,1,1,conditional_on_point_in_time_nasdaq_listing,1,1
HON,2012-01-20,baseline,HEJFE-8D40B9782E1E6F33,1,15:23-16:00,38,15:23-16:00,38,1,1,1,1,conditional_on_point_in_time_nasdaq_listing,1,1
IBKC,2012-01-20,baseline,HEJFE-2F14F138D09BCA76,1,13:23-14:23,61,13:23-14:28,66,1,1,1,1,conditional_on_point_in_time_nasdaq_listing,1,1
IDXX,2012-01-20,baseline,HEJFE-99CCB9D9BECE4E72,1,13:17-14:17,61,13:17-14:22,66,1,1,1,1,conditional_on_point_in_time_nasdaq_listing,1,1
IGT,2012-01-20,baseline,HEJFE-7E8FA3E5E417B5E7,1,15:01-16:00,60,15:01-16:00,60,1,1,1,1,conditional_on_point_in_time_nasdaq_listing,1,1
ISSI,2012-01-20,baseline,HEJFE-D4E8CD312A2AA576,1,14:21-15:21,61,14:21-15:26,66,1,1,1,1,conditional_on_point_in_time_nasdaq_listing,1,1
MDP,2012-01-20,baseline,HEJFE-704E64D64C11C119,1,14:09-15:09,61,14:09-15:14,66,1,1,1,1,conditional_on_point_in_time_nasdaq_listing,1,1
MSCC,2012-01-20,baseline,HEJFE-830D52F9F7F1CEEB,1,14:21-15:21,61,14:21-15:26,66,1,1,1,1,conditional_on_point_in_time_nasdaq_listing,1,1
MUSA,2012-01-20,baseline,HEJFE-51F3066EAC9B8138,1,11:51-12:51,61,11:51-12:56,66,1,1,1,1,conditional_on_point_in_time_nasdaq_listing,1,1
MXIM,2012-01-20,baseline,HEJFE-EDFDC1213C9AF586,1,11:14-12:14,61,11:14-12:19,66,1,1,1,1,conditional_on_point_in_time_nasdaq_listing,1,1
NVR,2012-01-20,baseline,HEJFE-56483839E5F0E88F,1,15:26-16:00,35,15:26-16:00,35,1,1,1,1,conditional_on_point_in_time_nasdaq_listing,1,1
RES,2012-01-20,baseline,HEJFE-C85CE64DFF947CFD,1,14:50-15:50,61,14:50-15:55,66,1,1,1,1,conditional_on_point_in_time_nasdaq_listing,1,1
ROL,2012-01-20,baseline,HEJFE-30CA515BC590DDA6,1,09:44-10:44,61,09:44-10:49,66,1,1,1,1,conditional_on_point_in_time_nasdaq_listing,1,1
SYMM,2012-01-20,baseline,HEJFE-824BABBAD988A068,1,14:24-15:24,61,14:24-15:29,66,1,1,1,1,conditional_on_point_in_time_nasdaq_listing,1,1
VAR,2012-01-20,baseline,HEJFE-99F3FC8CE022DEA1,1,12:16-13:16,61,12:16-13:21,66,1,1,1,1,conditional_on_point_in_time_nasdaq_listing,1,1
WRLD,2012-01-20,baseline,HEJFE-DA7595FDF91D8CBC,1,15:23-16:00,38,15:23-16:00,38,1,1,1,1,conditional_on_point_in_time_nasdaq_listing,1,1
AF,2012-01-23,baseline,HEJFE-89844B5980EB5339,1,14:48-15:48,61,14:48-15:53,66,1,1,1,1,conditional_on_point_in_time_nasdaq_listing,1,1
BA,2012-01-23,baseline,HEJFE-45E6DA32B37F83D4,1,14:49-15:49,61,14:49-15:54,66,1,1,1,1,conditional_on_point_in_time_nasdaq_listing,1,1
CA,2012-01-23,baseline,HEJFE-2D81C70F59E076BA,1,13:02-14:02,61,13:02-14:07,66,1,1,1,1,conditional_on_point_in_time_nasdaq_listing,1,1
CAT,2012-01-23,baseline,HEJFE-95933AA0B84D2F60,1,14:05-15:05,61,14:05-15:10,66,1,1,1,1,conditional_on_point_in_time_nasdaq_listing,1,1
CB,2012-01-23,baseline,HEJFE-76DCF0FCA248E814,1,11:47-12:47,61,11:47-12:52,66,1,1,1,1,conditional_on_point_in_time_nasdaq_listing,1,1
DEST,2012-01-23,baseline,HEJFE-8596DDD6A535BD90,1,15:04-16:00,57,15:04-16:00,57,1,1,1,1,conditional_on_point_in_time_nasdaq_listing,1,1
HAE,2012-01-23,baseline,HEJFE-13FC93F4D143B268,1,15:25-16:00,36,15:25-16:00,36,1,1,1,1,conditional_on_point_in_time_nasdaq_listing,1,1
HON,2012-01-23,baseline,HEJFE-8D40B9782E1E6F33,1,15:23-16:00,38,15:23-16:00,38,1,1,1,1,conditional_on_point_in_time_nasdaq_listing,1,1
IBKC,2012-01-23,baseline,HEJFE-2F14F138D09BCA76,1,13:23-14:23,61,13:23-14:28,66,1,1,1,1,conditional_on_point_in_time_nasdaq_listing,1,1
IDXX,2012-01-23,baseline,HEJFE-99CCB9D9BECE4E72,1,13:17-14:17,61,13:17-14:22,66,1,1,1,1,conditional_on_point_in_time_nasdaq_listing,1,1
IGT,2012-01-23,event,HEJFE-7E8FA3E5E417B5E7,1,15:01-16:00,60,15:01-16:00,60,1,1,1,1,conditional_on_point_in_time_nasdaq_listing,1,1
ISSI,2012-01-23,baseline,HEJFE-D4E8CD312A2AA576,1,14:21-15:21,61,14:21-15:26,66,1,1,1,1,conditional_on_point_in_time_nasdaq_listing,1,1
MDP,2012-01-23,event,HEJFE-704E64D64C11C119,1,14:09-15:09,61,14:09-15:14,66,1,1,1,1,conditional_on_point_in_time_nasdaq_listing,1,1
MSCC,2012-01-23,baseline,HEJFE-830D52F9F7F1CEEB,1,14:21-15:21,61,14:21-15:26,66,1,1,1,1,conditional_on_point_in_time_nasdaq_listing,1,1
MUSA,2012-01-23,baseline,HEJFE-51F3066EAC9B8138,1,11:51-12:51,61,11:51-12:56,66,1,1,1,1,conditional_on_point_in_time_nasdaq_listing,1,1
MXIM,2012-01-23,baseline,HEJFE-EDFDC1213C9AF586,1,11:14-12:14,61,11:14-12:19,66,1,1,1,1,conditional_on_point_in_time_nasdaq_listing,1,1
NVR,2012-01-23,baseline,HEJFE-56483839E5F0E88F,1,15:26-16:00,35,15:26-16:00,35,1,1,1,1,conditional_on_point_in_time_nasdaq_listing,1,1
RES,2012-01-23,baseline,HEJFE-C85CE64DFF947CFD,1,14:50-15:50,61,14:50-15:55,66,1,1,1,1,conditional_on_point_in_time_nasdaq_listing,1,1
ROL,2012-01-23,baseline,HEJFE-30CA515BC590DDA6,1,09:44-10:44,61,09:44-10:49,66,1,1,1,1,conditional_on_point_in_time_nasdaq_listing,1,1
SYMM,2012-01-23,baseline,HEJFE-824BABBAD988A068,1,14:24-15:24,61,14:24-15:29,66,1,1,1,1,conditional_on_point_in_time_nasdaq_listing,1,1
VAR,2012-01-23,baseline,HEJFE-99F3FC8CE022DEA1,1,12:16-13:16,61,12:16-13:21,66,1,1,1,1,conditional_on_point_in_time_nasdaq_listing,1,1
WRLD,2012-01-23,baseline,HEJFE-DA7595FDF91D8CBC,1,15:23-16:00,38,15:23-16:00,38,1,1,1,1,conditional_on_point_in_time_nasdaq_listing,1,1
AF,2012-01-24,baseline,HEJFE-89844B5980EB5339,1,14:48-15:48,61,14:48-15:53,66,1,1,1,1,conditional_on_point_in_time_nasdaq_listing,1,1
BA,2012-01-24,event,HEJFE-45E6DA32B37F83D4,1,14:49-15:49,61,14:49-15:54,66,1,1,1,1,conditional_on_point_in_time_nasdaq_listing,1,1
CA,2012-01-24,event,HEJFE-2D81C70F59E076BA,1,13:02-14:02,61,13:02-14:07,66,1,1,1,1,conditional_on_point_in_time_nasdaq_listing,1,1
CAT,2012-01-24,baseline,HEJFE-95933AA0B84D2F60,1,14:05-15:05,61,14:05-15:10,66,1,1,1,1,conditional_on_point_in_time_nasdaq_listing,1,1
CB,2012-01-24,baseline,HEJFE-76DCF0FCA248E814,1,11:47-12:47,61,11:47-12:52,66,1,1,1,1,conditional_on_point_in_time_nasdaq_listing,1,1
DEST,2012-01-24,baseline,HEJFE-8596DDD6A535BD90,1,15:04-16:00,57,15:04-16:00,57,1,1,1,1,conditional_on_point_in_time_nasdaq_listing,1,1
HAE,2012-01-24,baseline,HEJFE-13FC93F4D143B268,1,15:25-16:00,36,15:25-16:00,36,1,1,1,1,conditional_on_point_in_time_nasdaq_listing,1,1
HON,2012-01-24,baseline,HEJFE-8D40B9782E1E6F33,1,15:23-16:00,38,15:23-16:00,38,1,1,1,1,conditional_on_point_in_time_nasdaq_listing,1,1
IBKC,2012-01-24,event,HEJFE-2F14F138D09BCA76,1,13:23-14:23,61,13:23-14:28,66,1,1,1,1,conditional_on_point_in_time_nasdaq_listing,1,1
IDXX,2012-01-24,baseline,HEJFE-99CCB9D9BECE4E72,1,13:17-14:17,61,13:17-14:22,66,1,1,1,1,conditional_on_point_in_time_nasdaq_listing,1,1
ISSI,2012-01-24,baseline,HEJFE-D4E8CD312A2AA576,1,14:21-15:21,61,14:21-15:26,66,1,1,1,1,conditional_on_point_in_time_nasdaq_listing,1,1
MSCC,2012-01-24,baseline,HEJFE-830D52F9F7F1CEEB,1,14:21-15:21,61,14:21-15:26,66,1,1,1,1,conditional_on_point_in_time_nasdaq_listing,1,1
MUSA,2012-01-24,baseline,HEJFE-51F3066EAC9B8138,1,11:51-12:51,61,11:51-12:56,66,1,1,1,1,conditional_on_point_in_time_nasdaq_listing,1,1
MXIM,2012-01-24,baseline,HEJFE-EDFDC1213C9AF586,1,11:14-12:14,61,11:14-12:19,66,1,1,1,1,conditional_on_point_in_time_nasdaq_listing,1,1
NVR,2012-01-24,baseline,HEJFE-56483839E5F0E88F,1,15:26-16:00,35,15:26-16:00,35,1,1,1,1,conditional_on_point_in_time_nasdaq_listing,1,1
RES,2012-01-24,event,HEJFE-C85CE64DFF947CFD,1,14:50-15:50,61,14:50-15:55,66,1,1,1,1,conditional_on_point_in_time_nasdaq_listing,1,1
ROL,2012-01-24,event,HEJFE-30CA515BC590DDA6,1,09:44-10:44,61,09:44-10:49,66,1,1,1,1,conditional_on_point_in_time_nasdaq_listing,1,1
SYMM,2012-01-24,baseline,HEJFE-824BABBAD988A068,1,14:24-15:24,61,14:24-15:29,66,1,1,1,1,conditional_on_point_in_time_nasdaq_listing,1,1
VAR,2012-01-24,baseline,HEJFE-99F3FC8CE022DEA1,1,12:16-13:16,61,12:16-13:21,66,1,1,1,1,conditional_on_point_in_time_nasdaq_listing,1,1
WRLD,2012-01-24,event,HEJFE-DA7595FDF91D8CBC,1,15:23-16:00,38,15:23-16:00,38,1,1,1,1,conditional_on_point_in_time_nasdaq_listing,1,1
AF,2012-01-25,event,HEJFE-89844B5980EB5339,1,14:48-15:48,61,14:48-15:53,66,1,1,1,1,conditional_on_point_in_time_nasdaq_listing,1,1
CAT,2012-01-25,event,HEJFE-95933AA0B84D2F60,1,14:05-15:05,61,14:05-15:10,66,1,1,1,1,conditional_on_point_in_time_nasdaq_listing,1,1
CB,2012-01-25,baseline,HEJFE-76DCF0FCA248E814,1,11:47-12:47,61,11:47-12:52,66,1,1,1,1,conditional_on_point_in_time_nasdaq_listing,1,1
DEST,2012-01-25,event,HEJFE-8596DDD6A535BD90,1,15:04-16:00,57,15:04-16:00,57,1,1,1,1,conditional_on_point_in_time_nasdaq_listing,1,1
HAE,2012-01-25,baseline,HEJFE-13FC93F4D143B268,1,15:25-16:00,36,15:25-16:00,36,1,1,1,1,conditional_on_point_in_time_nasdaq_listing,1,1
HON,2012-01-25,baseline,HEJFE-8D40B9782E1E6F33,1,15:23-16:00,38,15:23-16:00,38,1,1,1,1,conditional_on_point_in_time_nasdaq_listing,1,1
IDXX,2012-01-25,baseline,HEJFE-99CCB9D9BECE4E72,1,13:17-14:17,61,13:17-14:22,66,1,1,1,1,conditional_on_point_in_time_nasdaq_listing,1,1
ISSI,2012-01-25,event,HEJFE-D4E8CD312A2AA576,1,14:21-15:21,61,14:21-15:26,66,1,1,1,1,conditional_on_point_in_time_nasdaq_listing,1,1
MSCC,2012-01-25,baseline,HEJFE-830D52F9F7F1CEEB,1,14:21-15:21,61,14:21-15:26,66,1,1,1,1,conditional_on_point_in_time_nasdaq_listing,1,1
MUSA,2012-01-25,baseline,HEJFE-51F3066EAC9B8138,1,11:51-12:51,61,11:51-12:56,66,1,1,1,1,conditional_on_point_in_time_nasdaq_listing,1,1
MXIM,2012-01-25,baseline,HEJFE-EDFDC1213C9AF586,1,11:14-12:14,61,11:14-12:19,66,1,1,1,1,conditional_on_point_in_time_nasdaq_listing,1,1
NVR,2012-01-25,event,HEJFE-56483839E5F0E88F,1,15:26-16:00,35,15:26-16:00,35,1,1,1,1,conditional_on_point_in_time_nasdaq_listing,1,1
SYMM,2012-01-25,event,HEJFE-824BABBAD988A068,1,14:24-15:24,61,14:24-15:29,66,1,1,1,1,conditional_on_point_in_time_nasdaq_listing,1,1
VAR,2012-01-25,event,HEJFE-99F3FC8CE022DEA1,1,12:16-13:16,61,12:16-13:21,66,1,1,1,1,conditional_on_point_in_time_nasdaq_listing,1,1
CB,2012-01-26,event,HEJFE-76DCF0FCA248E814,1,11:47-12:47,61,11:47-12:52,66,1,1,1,1,conditional_on_point_in_time_nasdaq_listing,1,1
HAE,2012-01-26,baseline,HEJFE-13FC93F4D143B268,1,15:25-16:00,36,15:25-16:00,36,1,1,1,1,conditional_on_point_in_time_nasdaq_listing,1,1
HON,2012-01-26,event,HEJFE-8D40B9782E1E6F33,1,15:23-16:00,38,15:23-16:00,38,1,1,1,1,conditional_on_point_in_time_nasdaq_listing,1,1
IDXX,2012-01-26,event,HEJFE-99CCB9D9BECE4E72,1,13:17-14:17,61,13:17-14:22,66,1,1,1,1,conditional_on_point_in_time_nasdaq_listing,1,1
MSCC,2012-01-26,event,HEJFE-830D52F9F7F1CEEB,1,14:21-15:21,61,14:21-15:26,66,1,1,1,1,conditional_on_point_in_time_nasdaq_listing,1,1
MUSA,2012-01-26,event,HEJFE-51F3066EAC9B8138,1,11:51-12:51,61,11:51-12:56,66,1,1,1,1,conditional_on_point_in_time_nasdaq_listing,1,1
MXIM,2012-01-26,event,HEJFE-EDFDC1213C9AF586,1,11:14-12:14,61,11:14-12:19,66,1,1,1,1,conditional_on_point_in_time_nasdaq_listing,1,1
HAE,2012-01-27,event,HEJFE-13FC93F4D143B268,1,15:25-16:00,36,15:25-16:00,36,1,1,1,1,conditional_on_point_in_time_nasdaq_listing,1,1
DGI,2012-06-29,baseline,HEJFE-09EF6AD227D3AC5D,1,11:51-12:51,61,11:51-12:56,66,1,1,1,1,conditional_on_point_in_time_nasdaq_listing,1,1
DGI,2012-07-02,baseline,HEJFE-09EF6AD227D3AC5D,1,11:51-12:51,61,11:51-12:56,66,1,1,1,1,conditional_on_point_in_time_nasdaq_listing,1,1
DGI,2012-07-03,baseline,HEJFE-09EF6AD227D3AC5D,1,11:51-12:51,61,11:51-12:56,66,1,1,1,1,conditional_on_point_in_time_nasdaq_listing,1,1
DGI,2012-07-05,baseline,HEJFE-09EF6AD227D3AC5D,1,11:51-12:51,61,11:51-12:56,66,1,1,1,1,conditional_on_point_in_time_nasdaq_listing,1,1
DGI,2012-07-06,baseline,HEJFE-09EF6AD227D3AC5D,1,11:51-12:51,61,11:51-12:56,66,1,1,1,1,conditional_on_point_in_time_nasdaq_listing,1,1
DGI,2012-07-09,baseline,HEJFE-09EF6AD227D3AC5D,1,11:51-12:51,61,11:51-12:56,66,1,1,1,1,conditional_on_point_in_time_nasdaq_listing,1,1
DGI,2012-07-10,baseline,HEJFE-09EF6AD227D3AC5D,1,11:51-12:51,61,11:51-12:56,66,1,1,1,1,conditional_on_point_in_time_nasdaq_listing,1,1
DGI,2012-07-11,baseline,HEJFE-09EF6AD227D3AC5D,1,11:51-12:51,61,11:51-12:56,66,1,1,1,1,conditional_on_point_in_time_nasdaq_listing,1,1
DGI,2012-07-12,baseline,HEJFE-09EF6AD227D3AC5D,1,11:51-12:51,61,11:51-12:56,66,1,1,1,1,conditional_on_point_in_time_nasdaq_listing,1,1
DGI,2012-07-13,baseline,HEJFE-09EF6AD227D3AC5D,1,11:51-12:51,61,11:51-12:56,66,1,1,1,1,conditional_on_point_in_time_nasdaq_listing,1,1
DGI,2012-07-16,baseline,HEJFE-09EF6AD227D3AC5D,1,11:51-12:51,61,11:51-12:56,66,1,1,1,1,conditional_on_point_in_time_nasdaq_listing,1,1
DGI,2012-07-17,baseline,HEJFE-09EF6AD227D3AC5D,1,11:51-12:51,61,11:51-12:56,66,1,1,1,1,conditional_on_point_in_time_nasdaq_listing,1,1
DGI,2012-07-18,baseline,HEJFE-09EF6AD227D3AC5D,1,11:51-12:51,61,11:51-12:56,66,1,1,1,1,conditional_on_point_in_time_nasdaq_listing,1,1
DGI,2012-07-19,baseline,HEJFE-09EF6AD227D3AC5D,1,11:51-12:51,61,11:51-12:56,66,1,1,1,1,conditional_on_point_in_time_nasdaq_listing,1,1
DGI,2012-07-20,baseline,HEJFE-09EF6AD227D3AC5D,1,11:51-12:51,61,11:51-12:56,66,1,1,1,1,conditional_on_point_in_time_nasdaq_listing,1,1
DGI,2012-07-23,baseline,HEJFE-09EF6AD227D3AC5D,1,11:51-12:51,61,11:51-12:56,66,1,1,1,1,conditional_on_point_in_time_nasdaq_listing,1,1
DGI,2012-07-24,baseline,HEJFE-09EF6AD227D3AC5D,1,11:51-12:51,61,11:51-12:56,66,1,1,1,1,conditional_on_point_in_time_nasdaq_listing,1,1
DGI,2012-07-25,baseline,HEJFE-09EF6AD227D3AC5D,1,11:51-12:51,61,11:51-12:56,66,1,1,1,1,conditional_on_point_in_time_nasdaq_listing,1,1
DGI,2012-07-26,baseline,HEJFE-09EF6AD227D3AC5D,1,11:51-12:51,61,11:51-12:56,66,1,1,1,1,conditional_on_point_in_time_nasdaq_listing,1,1
DGI,2012-07-27,baseline,HEJFE-09EF6AD227D3AC5D,1,11:51-12:51,61,11:51-12:56,66,1,1,1,1,conditional_on_point_in_time_nasdaq_listing,1,1
DGI,2012-07-30,baseline,HEJFE-09EF6AD227D3AC5D,1,11:51-12:51,61,11:51-12:56,66,1,1,1,1,conditional_on_point_in_time_nasdaq_listing,1,1
DGI,2012-07-31,event,HEJFE-09EF6AD227D3AC5D,1,11:51-12:51,61,11:51-12:56,66,1,1,1,1,conditional_on_point_in_time_nasdaq_listing,1,1
AVA,2013-01-17,baseline,HEJFE-76B03970FA6BDB42,1,15:16-16:00,45,15:16-16:00,45,1,1,1,1,conditional_on_point_in_time_nasdaq_listing,1,1
AVA,2013-01-18,baseline,HEJFE-76B03970FA6BDB42,1,15:16-16:00,45,15:16-16:00,45,1,1,1,1,conditional_on_point_in_time_nasdaq_listing,1,1
AVA,2013-01-22,baseline,HEJFE-76B03970FA6BDB42,1,15:16-16:00,45,15:16-16:00,45,1,1,1,1,conditional_on_point_in_time_nasdaq_listing,1,1
AVA,2013-01-23,baseline,HEJFE-76B03970FA6BDB42,1,15:16-16:00,45,15:16-16:00,45,1,1,1,1,conditional_on_point_in_time_nasdaq_listing,1,1
AVA,2013-01-24,baseline,HEJFE-76B03970FA6BDB42,1,15:16-16:00,45,15:16-16:00,45,1,1,1,1,conditional_on_point_in_time_nasdaq_listing,1,1
AVA,2013-01-25,baseline,HEJFE-76B03970FA6BDB42,1,15:16-16:00,45,15:16-16:00,45,1,1,1,1,conditional_on_point_in_time_nasdaq_listing,1,1
AVA,2013-01-28,baseline,HEJFE-76B03970FA6BDB42,1,15:16-16:00,45,15:16-16:00,45,1,1,1,1,conditional_on_point_in_time_nasdaq_listing,1,1
AVA,2013-01-29,baseline,HEJFE-76B03970FA6BDB42,1,15:16-16:00,45,15:16-16:00,45,1,1,1,1,conditional_on_point_in_time_nasdaq_listing,1,1
AVA,2013-01-30,baseline,HEJFE-76B03970FA6BDB42,1,15:16-16:00,45,15:16-16:00,45,1,1,1,1,conditional_on_point_in_time_nasdaq_listing,1,1
AVA,2013-01-31,baseline,HEJFE-76B03970FA6BDB42,1,15:16-16:00,45,15:16-16:00,45,1,1,1,1,conditional_on_point_in_time_nasdaq_listing,1,1
AVA,2013-02-01,baseline,HEJFE-76B03970FA6BDB42,1,15:16-16:00,45,15:16-16:00,45,1,1,1,1,conditional_on_point_in_time_nasdaq_listing,1,1
AVA,2013-02-04,baseline,HEJFE-76B03970FA6BDB42,1,15:16-16:00,45,15:16-16:00,45,1,1,1,1,conditional_on_point_in_time_nasdaq_listing,1,1
AVA,2013-02-05,baseline,HEJFE-76B03970FA6BDB42,1,15:16-16:00,45,15:16-16:00,45,1,1,1,1,conditional_on_point_in_time_nasdaq_listing,1,1
AVA,2013-02-06,baseline,HEJFE-76B03970FA6BDB42,1,15:16-16:00,45,15:16-16:00,45,1,1,1,1,conditional_on_point_in_time_nasdaq_listing,1,1
AVA,2013-02-07,baseline,HEJFE-76B03970FA6BDB42,1,15:16-16:00,45,15:16-16:00,45,1,1,1,1,conditional_on_point_in_time_nasdaq_listing,1,1
AVA,2013-02-08,baseline,HEJFE-76B03970FA6BDB42,1,15:16-16:00,45,15:16-16:00,45,1,1,1,1,conditional_on_point_in_time_nasdaq_listing,1,1
AVA,2013-02-11,baseline,HEJFE-76B03970FA6BDB42,1,15:16-16:00,45,15:16-16:00,45,1,1,1,1,conditional_on_point_in_time_nasdaq_listing,1,1
AVA,2013-02-12,baseline,HEJFE-76B03970FA6BDB42,1,15:16-16:00,45,15:16-16:00,45,1,1,1,1,conditional_on_point_in_time_nasdaq_listing,1,1
AVA,2013-02-13,baseline,HEJFE-76B03970FA6BDB42,1,15:16-16:00,45,15:16-16:00,45,1,1,1,1,conditional_on_point_in_time_nasdaq_listing,1,1
AVA,2013-02-14,baseline,HEJFE-76B03970FA6BDB42,1,15:16-16:00,45,15:16-16:00,45,1,1,1,1,conditional_on_point_in_time_nasdaq_listing,1,1
AVA,2013-02-15,baseline,HEJFE-76B03970FA6BDB42,1,15:16-16:00,45,15:16-16:00,45,1,1,1,1,conditional_on_point_in_time_nasdaq_listing,1,1
AVA,2013-02-19,event,HEJFE-76B03970FA6BDB42,1,15:16-16:00,45,15:16-16:00,45,1,1,1,1,conditional_on_point_in_time_nasdaq_listing,1,1
MKC,2013-02-28,baseline,HEJFE-D1D8268651584B6A,1,15:08-16:00,53,15:08-16:00,53,1,1,1,1,conditional_on_point_in_time_nasdaq_listing,1,1
MKC,2013-03-01,baseline,HEJFE-D1D8268651584B6A,1,15:08-16:00,53,15:08-16:00,53,1,1,1,1,conditional_on_point_in_time_nasdaq_listing,1,1
MKC,2013-03-04,baseline,HEJFE-D1D8268651584B6A,1,15:08-16:00,53,15:08-16:00,53,1,1,1,1,conditional_on_point_in_time_nasdaq_listing,1,1
MKC,2013-03-05,baseline,HEJFE-D1D8268651584B6A,1,15:08-16:00,53,15:08-16:00,53,1,1,1,1,conditional_on_point_in_time_nasdaq_listing,1,1
MKC,2013-03-06,baseline,HEJFE-D1D8268651584B6A,1,15:08-16:00,53,15:08-16:00,53,1,1,1,1,conditional_on_point_in_time_nasdaq_listing,1,1
MKC,2013-03-07,baseline,HEJFE-D1D8268651584B6A,1,15:08-16:00,53,15:08-16:00,53,1,1,1,1,conditional_on_point_in_time_nasdaq_listing,1,1
MKC,2013-03-08,baseline,HEJFE-D1D8268651584B6A,1,15:08-16:00,53,15:08-16:00,53,1,1,1,1,conditional_on_point_in_time_nasdaq_listing,1,1
MKC,2013-03-11,baseline,HEJFE-D1D8268651584B6A,1,15:08-16:00,53,15:08-16:00,53,1,1,1,1,conditional_on_point_in_time_nasdaq_listing,1,1
MKC,2013-03-12,baseline,HEJFE-D1D8268651584B6A,1,15:08-16:00,53,15:08-16:00,53,1,1,1,1,conditional_on_point_in_time_nasdaq_listing,1,1
MKC,2013-03-13,baseline,HEJFE-D1D8268651584B6A,1,15:08-16:00,53,15:08-16:00,53,1,1,1,1,conditional_on_point_in_time_nasdaq_listing,1,1
MKC,2013-03-14,baseline,HEJFE-D1D8268651584B6A,1,15:08-16:00,53,15:08-16:00,53,1,1,1,1,conditional_on_point_in_time_nasdaq_listing,1,1
MKC,2013-03-15,baseline,HEJFE-D1D8268651584B6A,1,15:08-16:00,53,15:08-16:00,53,1,1,1,1,conditional_on_point_in_time_nasdaq_listing,1,1
MKC,2013-03-18,baseline,HEJFE-D1D8268651584B6A,1,15:08-16:00,53,15:08-16:00,53,1,1,1,1,conditional_on_point_in_time_nasdaq_listing,1,1
LSCC,2013-03-19,baseline,HEJFE-B7EFA7CF95262283,1,13:54-14:54,61,13:54-14:59,66,1,1,1,1,conditional_on_point_in_time_nasdaq_listing,1,1
MKC,2013-03-19,baseline,HEJFE-D1D8268651584B6A,1,15:08-16:00,53,15:08-16:00,53,1,1,1,1,conditional_on_point_in_time_nasdaq_listing,1,1
LSCC,2013-03-20,baseline,HEJFE-B7EFA7CF95262283,1,13:54-14:54,61,13:54-14:59,66,1,1,1,1,conditional_on_point_in_time_nasdaq_listing,1,1
MKC,2013-03-20,baseline,HEJFE-D1D8268651584B6A,1,15:08-16:00,53,15:08-16:00,53,1,1,1,1,conditional_on_point_in_time_nasdaq_listing,1,1
LSCC,2013-03-21,baseline,HEJFE-B7EFA7CF95262283,1,13:54-14:54,61,13:54-14:59,66,1,1,1,1,conditional_on_point_in_time_nasdaq_listing,1,1
MKC,2013-03-21,baseline,HEJFE-D1D8268651584B6A,1,15:08-16:00,53,15:08-16:00,53,1,1,1,1,conditional_on_point_in_time_nasdaq_listing,1,1
EW,2013-03-22,baseline,HEJFE-ED329F780A1085DA,1,12:58-13:58,61,12:58-14:03,66,1,1,1,1,conditional_on_point_in_time_nasdaq_listing,1,1
JNPR,2013-03-22,baseline,HEJFE-2558DC6865781793,1,14:01-15:01,61,14:01-15:06,66,1,1,1,1,conditional_on_point_in_time_nasdaq_listing,1,1
LSCC,2013-03-22,baseline,HEJFE-B7EFA7CF95262283,1,13:54-14:54,61,13:54-14:59,66,1,1,1,1,conditional_on_point_in_time_nasdaq_listing,1,1
MKC,2013-03-22,baseline,HEJFE-D1D8268651584B6A,1,15:08-16:00,53,15:08-16:00,53,1,1,1,1,conditional_on_point_in_time_nasdaq_listing,1,1
MTH,2013-03-22,baseline,HEJFE-9B43F5B767ECD0FA,1,13:54-14:54,61,13:54-14:59,66,1,1,1,1,conditional_on_point_in_time_nasdaq_listing,1,1
PNRA,2013-03-22,baseline,HEJFE-CCC7747CFBDE893E,1,13:55-14:55,61,13:55-15:00,66,1,1,1,1,conditional_on_point_in_time_nasdaq_listing,1,1
ECOL,2013-03-25,baseline,HEJFE-12CC8075D3F634CD,1,14:37-15:37,61,14:37-15:42,66,1,1,1,1,conditional_on_point_in_time_nasdaq_listing,1,1
EW,2013-03-25,baseline,HEJFE-ED329F780A1085DA,1,12:58-13:58,61,12:58-14:03,66,1,1,1,1,conditional_on_point_in_time_nasdaq_listing,1,1
ISIL,2013-03-25,baseline,HEJFE-E575622C8FDAB71F,1,14:27-15:27,61,14:27-15:32,66,1,1,1,1,conditional_on_point_in_time_nasdaq_listing,1,1
JNPR,2013-03-25,baseline,HEJFE-2558DC6865781793,1,14:01-15:01,61,14:01-15:06,66,1,1,1,1,conditional_on_point_in_time_nasdaq_listing,1,1
LRCX,2013-03-25,baseline,HEJFE-66BA40A20548B7E3,1,13:13-14:13,61,13:13-14:18,66,1,1,1,1,conditional_on_point_in_time_nasdaq_listing,1,1
LSCC,2013-03-25,baseline,HEJFE-B7EFA7CF95262283,1,13:54-14:54,61,13:54-14:59,66,1,1,1,1,conditional_on_point_in_time_nasdaq_listing,1,1
MKC,2013-03-25,baseline,HEJFE-D1D8268651584B6A,1,15:08-16:00,53,15:08-16:00,53,1,1,1,1,conditional_on_point_in_time_nasdaq_listing,1,1
MTH,2013-03-25,baseline,HEJFE-9B43F5B767ECD0FA,1,13:54-14:54,61,13:54-14:59,66,1,1,1,1,conditional_on_point_in_time_nasdaq_listing,1,1
PNRA,2013-03-25,baseline,HEJFE-CCC7747CFBDE893E,1,13:55-14:55,61,13:55-15:00,66,1,1,1,1,conditional_on_point_in_time_nasdaq_listing,1,1
STMP,2013-03-25,baseline,HEJFE-06AE65B9C8FB0395,1,14:58-15:58,61,14:58-16:00,63,1,1,1,1,conditional_on_point_in_time_nasdaq_listing,1,1
ACO,2013-03-26,baseline,HEJFE-AC78A2434E4AE8FB,1,14:10-15:10,61,14:10-15:15,66,1,1,1,1,conditional_on_point_in_time_nasdaq_listing,1,1
CAMP,2013-03-26,baseline,HEJFE-ED8CFC03F1053B9A,1,15:18-16:00,43,15:18-16:00,43,1,1,1,1,conditional_on_point_in_time_nasdaq_listing,1,1
CENX,2013-03-26,baseline,HEJFE-7CA38C1FDA5EA4D0,1,14:52-15:52,61,14:52-15:57,66,1,1,1,1,conditional_on_point_in_time_nasdaq_listing,1,1
ECHO,2013-03-26,baseline,HEJFE-C368B17FADFC15C7,1,13:44-14:44,61,13:44-14:49,66,1,1,1,1,conditional_on_point_in_time_nasdaq_listing,1,1
ECOL,2013-03-26,baseline,HEJFE-12CC8075D3F634CD,1,14:37-15:37,61,14:37-15:42,66,1,1,1,1,conditional_on_point_in_time_nasdaq_listing,1,1
EHTH,2013-03-26,baseline,HEJFE-9527526FED86FA7D,1,15:26-16:00,35,15:26-16:00,35,1,1,1,1,conditional_on_point_in_time_nasdaq_listing,1,1
EW,2013-03-26,baseline,HEJFE-ED329F780A1085DA,1,12:58-13:58,61,12:58-14:03,66,1,1,1,1,conditional_on_point_in_time_nasdaq_listing,1,1
GDI,2013-03-26,baseline,HEJFE-8536AD777ECEEACB,1,14:47-15:47,61,14:47-15:52,66,1,1,1,1,conditional_on_point_in_time_nasdaq_listing,1,1
ISIL,2013-03-26,baseline,HEJFE-E575622C8FDAB71F,1,14:27-15:27,61,14:27-15:32,66,1,1,1,1,conditional_on_point_in_time_nasdaq_listing,1,1
JNPR,2013-03-26,baseline,HEJFE-2558DC6865781793,1,14:01-15:01,61,14:01-15:06,66,1,1,1,1,conditional_on_point_in_time_nasdaq_listing,1,1
LRCX,2013-03-26,baseline,HEJFE-66BA40A20548B7E3,1,13:13-14:13,61,13:13-14:18,66,1,1,1,1,conditional_on_point_in_time_nasdaq_listing,1,1
LSCC,2013-03-26,baseline,HEJFE-B7EFA7CF95262283,1,13:54-14:54,61,13:54-14:59,66,1,1,1,1,conditional_on_point_in_time_nasdaq_listing,1,1
MCRI,2013-03-26,baseline,HEJFE-8F17F6BEDF631C8B,1,14:38-15:38,61,14:38-15:43,66,1,1,1,1,conditional_on_point_in_time_nasdaq_listing,1,1
MCRL,2013-03-26,baseline,HEJFE-489E74F74AFB5AFA,1,14:02-15:02,61,14:02-15:07,66,1,1,1,1,conditional_on_point_in_time_nasdaq_listing,1,1
MKC,2013-03-26,baseline,HEJFE-D1D8268651584B6A,1,15:08-16:00,53,15:08-16:00,53,1,1,1,1,conditional_on_point_in_time_nasdaq_listing,1,1
MTH,2013-03-26,baseline,HEJFE-9B43F5B767ECD0FA,1,13:54-14:54,61,13:54-14:59,66,1,1,1,1,conditional_on_point_in_time_nasdaq_listing,1,1
PFPT,2013-03-26,baseline,HEJFE-6C73B4B05384BC1E,1,14:30-15:30,61,14:30-15:35,66,1,1,1,1,conditional_on_point_in_time_nasdaq_listing,1,1
PNRA,2013-03-26,baseline,HEJFE-CCC7747CFBDE893E,1,13:55-14:55,61,13:55-15:00,66,1,1,1,1,conditional_on_point_in_time_nasdaq_listing,1,1
STMP,2013-03-26,baseline,HEJFE-06AE65B9C8FB0395,1,14:58-15:58,61,14:58-16:00,63,1,1,1,1,conditional_on_point_in_time_nasdaq_listing,1,1
VRSN,2013-03-26,baseline,HEJFE-1FCAAB3F7CC931CF,1,13:37-14:37,61,13:37-14:42,66,1,1,1,1,conditional_on_point_in_time_nasdaq_listing,1,1
ACO,2013-03-27,baseline,HEJFE-AC78A2434E4AE8FB,1,14:10-15:10,61,14:10-15:15,66,1,1,1,1,conditional_on_point_in_time_nasdaq_listing,1,1
CAMP,2013-03-27,baseline,HEJFE-ED8CFC03F1053B9A,1,15:18-16:00,43,15:18-16:00,43,1,1,1,1,conditional_on_point_in_time_nasdaq_listing,1,1
CENX,2013-03-27,baseline,HEJFE-7CA38C1FDA5EA4D0,1,14:52-15:52,61,14:52-15:57,66,1,1,1,1,conditional_on_point_in_time_nasdaq_listing,1,1
ECHO,2013-03-27,baseline,HEJFE-C368B17FADFC15C7,1,13:44-14:44,61,13:44-14:49,66,1,1,1,1,conditional_on_point_in_time_nasdaq_listing,1,1
ECOL,2013-03-27,baseline,HEJFE-12CC8075D3F634CD,1,14:37-15:37,61,14:37-15:42,66,1,1,1,1,conditional_on_point_in_time_nasdaq_listing,1,1
EHTH,2013-03-27,baseline,HEJFE-9527526FED86FA7D,1,15:26-16:00,35,15:26-16:00,35,1,1,1,1,conditional_on_point_in_time_nasdaq_listing,1,1
EW,2013-03-27,baseline,HEJFE-ED329F780A1085DA,1,12:58-13:58,61,12:58-14:03,66,1,1,1,1,conditional_on_point_in_time_nasdaq_listing,1,1
GDI,2013-03-27,baseline,HEJFE-8536AD777ECEEACB,1,14:47-15:47,61,14:47-15:52,66,1,1,1,1,conditional_on_point_in_time_nasdaq_listing,1,1
ISIL,2013-03-27,baseline,HEJFE-E575622C8FDAB71F,1,14:27-15:27,61,14:27-15:32,66,1,1,1,1,conditional_on_point_in_time_nasdaq_listing,1,1
JNPR,2013-03-27,baseline,HEJFE-2558DC6865781793,1,14:01-15:01,61,14:01-15:06,66,1,1,1,1,conditional_on_point_in_time_nasdaq_listing,1,1
LRCX,2013-03-27,baseline,HEJFE-66BA40A20548B7E3,1,13:13-14:13,61,13:13-14:18,66,1,1,1,1,conditional_on_point_in_time_nasdaq_listing,1,1
LSCC,2013-03-27,baseline,HEJFE-B7EFA7CF95262283,1,13:54-14:54,61,13:54-14:59,66,1,1,1,1,conditional_on_point_in_time_nasdaq_listing,1,1
MCRI,2013-03-27,baseline,HEJFE-8F17F6BEDF631C8B,1,14:38-15:38,61,14:38-15:43,66,1,1,1,1,conditional_on_point_in_time_nasdaq_listing,1,1
MCRL,2013-03-27,baseline,HEJFE-489E74F74AFB5AFA,1,14:02-15:02,61,14:02-15:07,66,1,1,1,1,conditional_on_point_in_time_nasdaq_listing,1,1
MKC,2013-03-27,baseline,HEJFE-D1D8268651584B6A,1,15:08-16:00,53,15:08-16:00,53,1,1,1,1,conditional_on_point_in_time_nasdaq_listing,1,1
MTH,2013-03-27,baseline,HEJFE-9B43F5B767ECD0FA,1,13:54-14:54,61,13:54-14:59,66,1,1,1,1,conditional_on_point_in_time_nasdaq_listing,1,1
PFPT,2013-03-27,baseline,HEJFE-6C73B4B05384BC1E,1,14:30-15:30,61,14:30-15:35,66,1,1,1,1,conditional_on_point_in_time_nasdaq_listing,1,1
PNRA,2013-03-27,baseline,HEJFE-CCC7747CFBDE893E,1,13:55-14:55,61,13:55-15:00,66,1,1,1,1,conditional_on_point_in_time_nasdaq_listing,1,1
STMP,2013-03-27,baseline,HEJFE-06AE65B9C8FB0395,1,14:58-15:58,61,14:58-16:00,63,1,1,1,1,conditional_on_point_in_time_nasdaq_listing,1,1
VRSN,2013-03-27,baseline,HEJFE-1FCAAB3F7CC931CF,1,13:37-14:37,61,13:37-14:42,66,1,1,1,1,conditional_on_point_in_time_nasdaq_listing,1,1
ACO,2013-03-28,baseline,HEJFE-AC78A2434E4AE8FB,1,14:10-15:10,61,14:10-15:15,66,1,1,1,1,conditional_on_point_in_time_nasdaq_listing,1,1
CAMP,2013-03-28,baseline,HEJFE-ED8CFC03F1053B9A,1,15:18-16:00,43,15:18-16:00,43,1,1,1,1,conditional_on_point_in_time_nasdaq_listing,1,1
CENX,2013-03-28,baseline,HEJFE-7CA38C1FDA5EA4D0,1,14:52-15:52,61,14:52-15:57,66,1,1,1,1,conditional_on_point_in_time_nasdaq_listing,1,1
ECHO,2013-03-28,baseline,HEJFE-C368B17FADFC15C7,1,13:44-14:44,61,13:44-14:49,66,1,1,1,1,conditional_on_point_in_time_nasdaq_listing,1,1
ECOL,2013-03-28,baseline,HEJFE-12CC8075D3F634CD,1,14:37-15:37,61,14:37-15:42,66,1,1,1,1,conditional_on_point_in_time_nasdaq_listing,1,1
EHTH,2013-03-28,baseline,HEJFE-9527526FED86FA7D,1,15:26-16:00,35,15:26-16:00,35,1,1,1,1,conditional_on_point_in_time_nasdaq_listing,1,1
EW,2013-03-28,baseline,HEJFE-ED329F780A1085DA,1,12:58-13:58,61,12:58-14:03,66,1,1,1,1,conditional_on_point_in_time_nasdaq_listing,1,1
GDI,2013-03-28,baseline,HEJFE-8536AD777ECEEACB,1,14:47-15:47,61,14:47-15:52,66,1,1,1,1,conditional_on_point_in_time_nasdaq_listing,1,1
ISIL,2013-03-28,baseline,HEJFE-E575622C8FDAB71F,1,14:27-15:27,61,14:27-15:32,66,1,1,1,1,conditional_on_point_in_time_nasdaq_listing,1,1
JNPR,2013-03-28,baseline,HEJFE-2558DC6865781793,1,14:01-15:01,61,14:01-15:06,66,1,1,1,1,conditional_on_point_in_time_nasdaq_listing,1,1
LRCX,2013-03-28,baseline,HEJFE-66BA40A20548B7E3,1,13:13-14:13,61,13:13-14:18,66,1,1,1,1,conditional_on_point_in_time_nasdaq_listing,1,1
LSCC,2013-03-28,baseline,HEJFE-B7EFA7CF95262283,1,13:54-14:54,61,13:54-14:59,66,1,1,1,1,conditional_on_point_in_time_nasdaq_listing,1,1
MCRI,2013-03-28,baseline,HEJFE-8F17F6BEDF631C8B,1,14:38-15:38,61,14:38-15:43,66,1,1,1,1,conditional_on_point_in_time_nasdaq_listing,1,1
MCRL,2013-03-28,baseline,HEJFE-489E74F74AFB5AFA,1,14:02-15:02,61,14:02-15:07,66,1,1,1,1,conditional_on_point_in_time_nasdaq_listing,1,1
MKC,2013-03-28,baseline,HEJFE-D1D8268651584B6A,1,15:08-16:00,53,15:08-16:00,53,1,1,1,1,conditional_on_point_in_time_nasdaq_listing,1,1
MTH,2013-03-28,baseline,HEJFE-9B43F5B767ECD0FA,1,13:54-14:54,61,13:54-14:59,66,1,1,1,1,conditional_on_point_in_time_nasdaq_listing,1,1
PFPT,2013-03-28,baseline,HEJFE-6C73B4B05384BC1E,1,14:30-15:30,61,14:30-15:35,66,1,1,1,1,conditional_on_point_in_time_nasdaq_listing,1,1
PNRA,2013-03-28,baseline,HEJFE-CCC7747CFBDE893E,1,13:55-14:55,61,13:55-15:00,66,1,1,1,1,conditional_on_point_in_time_nasdaq_listing,1,1
STMP,2013-03-28,baseline,HEJFE-06AE65B9C8FB0395,1,14:58-15:58,61,14:58-16:00,63,1,1,1,1,conditional_on_point_in_time_nasdaq_listing,1,1
VRSN,2013-03-28,baseline,HEJFE-1FCAAB3F7CC931CF,1,13:37-14:37,61,13:37-14:42,66,1,1,1,1,conditional_on_point_in_time_nasdaq_listing,1,1
ACO,2013-04-01,baseline,HEJFE-AC78A2434E4AE8FB,1,14:10-15:10,61,14:10-15:15,66,1,1,1,1,conditional_on_point_in_time_nasdaq_listing,1,1
CAMP,2013-04-01,baseline,HEJFE-ED8CFC03F1053B9A,1,15:18-16:00,43,15:18-16:00,43,1,1,1,1,conditional_on_point_in_time_nasdaq_listing,1,1
CENX,2013-04-01,baseline,HEJFE-7CA38C1FDA5EA4D0,1,14:52-15:52,61,14:52-15:57,66,1,1,1,1,conditional_on_point_in_time_nasdaq_listing,1,1
ECHO,2013-04-01,baseline,HEJFE-C368B17FADFC15C7,1,13:44-14:44,61,13:44-14:49,66,1,1,1,1,conditional_on_point_in_time_nasdaq_listing,1,1
ECOL,2013-04-01,baseline,HEJFE-12CC8075D3F634CD,1,14:37-15:37,61,14:37-15:42,66,1,1,1,1,conditional_on_point_in_time_nasdaq_listing,1,1
EHTH,2013-04-01,baseline,HEJFE-9527526FED86FA7D,1,15:26-16:00,35,15:26-16:00,35,1,1,1,1,conditional_on_point_in_time_nasdaq_listing,1,1
EW,2013-04-01,baseline,HEJFE-ED329F780A1085DA,1,12:58-13:58,61,12:58-14:03,66,1,1,1,1,conditional_on_point_in_time_nasdaq_listing,1,1
GDI,2013-04-01,baseline,HEJFE-8536AD777ECEEACB,1,14:47-15:47,61,14:47-15:52,66,1,1,1,1,conditional_on_point_in_time_nasdaq_listing,1,1
ISIL,2013-04-01,baseline,HEJFE-E575622C8FDAB71F,1,14:27-15:27,61,14:27-15:32,66,1,1,1,1,conditional_on_point_in_time_nasdaq_listing,1,1
JNPR,2013-04-01,baseline,HEJFE-2558DC6865781793,1,14:01-15:01,61,14:01-15:06,66,1,1,1,1,conditional_on_point_in_time_nasdaq_listing,1,1
LRCX,2013-04-01,baseline,HEJFE-66BA40A20548B7E3,1,13:13-14:13,61,13:13-14:18,66,1,1,1,1,conditional_on_point_in_time_nasdaq_listing,1,1
LSCC,2013-04-01,baseline,HEJFE-B7EFA7CF95262283,1,13:54-14:54,61,13:54-14:59,66,1,1,1,1,conditional_on_point_in_time_nasdaq_listing,1,1
MCRI,2013-04-01,baseline,HEJFE-8F17F6BEDF631C8B,1,14:38-15:38,61,14:38-15:43,66,1,1,1,1,conditional_on_point_in_time_nasdaq_listing,1,1
MCRL,2013-04-01,baseline,HEJFE-489E74F74AFB5AFA,1,14:02-15:02,61,14:02-15:07,66,1,1,1,1,conditional_on_point_in_time_nasdaq_listing,1,1
MKC,2013-04-01,event,HEJFE-D1D8268651584B6A,1,15:08-16:00,53,15:08-16:00,53,1,1,1,1,conditional_on_point_in_time_nasdaq_listing,1,1
MTH,2013-04-01,baseline,HEJFE-9B43F5B767ECD0FA,1,13:54-14:54,61,13:54-14:59,66,1,1,1,1,conditional_on_point_in_time_nasdaq_listing,1,1
PFPT,2013-04-01,baseline,HEJFE-6C73B4B05384BC1E,1,14:30-15:30,61,14:30-15:35,66,1,1,1,1,conditional_on_point_in_time_nasdaq_listing,1,1
PNRA,2013-04-01,baseline,HEJFE-CCC7747CFBDE893E,1,13:55-14:55,61,13:55-15:00,66,1,1,1,1,conditional_on_point_in_time_nasdaq_listing,1,1
STMP,2013-04-01,baseline,HEJFE-06AE65B9C8FB0395,1,14:58-15:58,61,14:58-16:00,63,1,1,1,1,conditional_on_point_in_time_nasdaq_listing,1,1
VRSN,2013-04-01,baseline,HEJFE-1FCAAB3F7CC931CF,1,13:37-14:37,61,13:37-14:42,66,1,1,1,1,conditional_on_point_in_time_nasdaq_listing,1,1
ACO,2013-04-02,baseline,HEJFE-AC78A2434E4AE8FB,1,14:10-15:10,61,14:10-15:15,66,1,1,1,1,conditional_on_point_in_time_nasdaq_listing,1,1
CAMP,2013-04-02,baseline,HEJFE-ED8CFC03F1053B9A,1,15:18-16:00,43,15:18-16:00,43,1,1,1,1,conditional_on_point_in_time_nasdaq_listing,1,1
CENX,2013-04-02,baseline,HEJFE-7CA38C1FDA5EA4D0,1,14:52-15:52,61,14:52-15:57,66,1,1,1,1,conditional_on_point_in_time_nasdaq_listing,1,1
ECHO,2013-04-02,baseline,HEJFE-C368B17FADFC15C7,1,13:44-14:44,61,13:44-14:49,66,1,1,1,1,conditional_on_point_in_time_nasdaq_listing,1,1
ECOL,2013-04-02,baseline,HEJFE-12CC8075D3F634CD,1,14:37-15:37,61,14:37-15:42,66,1,1,1,1,conditional_on_point_in_time_nasdaq_listing,1,1
EHTH,2013-04-02,baseline,HEJFE-9527526FED86FA7D,1,15:26-16:00,35,15:26-16:00,35,1,1,1,1,conditional_on_point_in_time_nasdaq_listing,1,1
EW,2013-04-02,baseline,HEJFE-ED329F780A1085DA,1,12:58-13:58,61,12:58-14:03,66,1,1,1,1,conditional_on_point_in_time_nasdaq_listing,1,1
GDI,2013-04-02,baseline,HEJFE-8536AD777ECEEACB,1,14:47-15:47,61,14:47-15:52,66,1,1,1,1,conditional_on_point_in_time_nasdaq_listing,1,1
ISIL,2013-04-02,baseline,HEJFE-E575622C8FDAB71F,1,14:27-15:27,61,14:27-15:32,66,1,1,1,1,conditional_on_point_in_time_nasdaq_listing,1,1
JNPR,2013-04-02,baseline,HEJFE-2558DC6865781793,1,14:01-15:01,61,14:01-15:06,66,1,1,1,1,conditional_on_point_in_time_nasdaq_listing,1,1
LRCX,2013-04-02,baseline,HEJFE-66BA40A20548B7E3,1,13:13-14:13,61,13:13-14:18,66,1,1,1,1,conditional_on_point_in_time_nasdaq_listing,1,1
LSCC,2013-04-02,baseline,HEJFE-B7EFA7CF95262283,1,13:54-14:54,61,13:54-14:59,66,1,1,1,1,conditional_on_point_in_time_nasdaq_listing,1,1
MCRI,2013-04-02,baseline,HEJFE-8F17F6BEDF631C8B,1,14:38-15:38,61,14:38-15:43,66,1,1,1,1,conditional_on_point_in_time_nasdaq_listing,1,1
MCRL,2013-04-02,baseline,HEJFE-489E74F74AFB5AFA,1,14:02-15:02,61,14:02-15:07,66,1,1,1,1,conditional_on_point_in_time_nasdaq_listing,1,1
MTH,2013-04-02,baseline,HEJFE-9B43F5B767ECD0FA,1,13:54-14:54,61,13:54-14:59,66,1,1,1,1,conditional_on_point_in_time_nasdaq_listing,1,1
PFPT,2013-04-02,baseline,HEJFE-6C73B4B05384BC1E,1,14:30-15:30,61,14:30-15:35,66,1,1,1,1,conditional_on_point_in_time_nasdaq_listing,1,1
PNRA,2013-04-02,baseline,HEJFE-CCC7747CFBDE893E,1,13:55-14:55,61,13:55-15:00,66,1,1,1,1,conditional_on_point_in_time_nasdaq_listing,1,1
STMP,2013-04-02,baseline,HEJFE-06AE65B9C8FB0395,1,14:58-15:58,61,14:58-16:00,63,1,1,1,1,conditional_on_point_in_time_nasdaq_listing,1,1
VRSN,2013-04-02,baseline,HEJFE-1FCAAB3F7CC931CF,1,13:37-14:37,61,13:37-14:42,66,1,1,1,1,conditional_on_point_in_time_nasdaq_listing,1,1
ACO,2013-04-03,baseline,HEJFE-AC78A2434E4AE8FB,1,14:10-15:10,61,14:10-15:15,66,1,1,1,1,conditional_on_point_in_time_nasdaq_listing,1,1
CAMP,2013-04-03,baseline,HEJFE-ED8CFC03F1053B9A,1,15:18-16:00,43,15:18-16:00,43,1,1,1,1,conditional_on_point_in_time_nasdaq_listing,1,1
CENX,2013-04-03,baseline,HEJFE-7CA38C1FDA5EA4D0,1,14:52-15:52,61,14:52-15:57,66,1,1,1,1,conditional_on_point_in_time_nasdaq_listing,1,1
ECHO,2013-04-03,baseline,HEJFE-C368B17FADFC15C7,1,13:44-14:44,61,13:44-14:49,66,1,1,1,1,conditional_on_point_in_time_nasdaq_listing,1,1
ECOL,2013-04-03,baseline,HEJFE-12CC8075D3F634CD,1,14:37-15:37,61,14:37-15:42,66,1,1,1,1,conditional_on_point_in_time_nasdaq_listing,1,1
EHTH,2013-04-03,baseline,HEJFE-9527526FED86FA7D,1,15:26-16:00,35,15:26-16:00,35,1,1,1,1,conditional_on_point_in_time_nasdaq_listing,1,1
EW,2013-04-03,baseline,HEJFE-ED329F780A1085DA,1,12:58-13:58,61,12:58-14:03,66,1,1,1,1,conditional_on_point_in_time_nasdaq_listing,1,1
GDI,2013-04-03,baseline,HEJFE-8536AD777ECEEACB,1,14:47-15:47,61,14:47-15:52,66,1,1,1,1,conditional_on_point_in_time_nasdaq_listing,1,1
ISIL,2013-04-03,baseline,HEJFE-E575622C8FDAB71F,1,14:27-15:27,61,14:27-15:32,66,1,1,1,1,conditional_on_point_in_time_nasdaq_listing,1,1
JNPR,2013-04-03,baseline,HEJFE-2558DC6865781793,1,14:01-15:01,61,14:01-15:06,66,1,1,1,1,conditional_on_point_in_time_nasdaq_listing,1,1
LRCX,2013-04-03,baseline,HEJFE-66BA40A20548B7E3,1,13:13-14:13,61,13:13-14:18,66,1,1,1,1,conditional_on_point_in_time_nasdaq_listing,1,1
LSCC,2013-04-03,baseline,HEJFE-B7EFA7CF95262283,1,13:54-14:54,61,13:54-14:59,66,1,1,1,1,conditional_on_point_in_time_nasdaq_listing,1,1
MCRI,2013-04-03,baseline,HEJFE-8F17F6BEDF631C8B,1,14:38-15:38,61,14:38-15:43,66,1,1,1,1,conditional_on_point_in_time_nasdaq_listing,1,1
MCRL,2013-04-03,baseline,HEJFE-489E74F74AFB5AFA,1,14:02-15:02,61,14:02-15:07,66,1,1,1,1,conditional_on_point_in_time_nasdaq_listing,1,1
MTH,2013-04-03,baseline,HEJFE-9B43F5B767ECD0FA,1,13:54-14:54,61,13:54-14:59,66,1,1,1,1,conditional_on_point_in_time_nasdaq_listing,1,1
PFPT,2013-04-03,baseline,HEJFE-6C73B4B05384BC1E,1,14:30-15:30,61,14:30-15:35,66,1,1,1,1,conditional_on_point_in_time_nasdaq_listing,1,1
PNRA,2013-04-03,baseline,HEJFE-CCC7747CFBDE893E,1,13:55-14:55,61,13:55-15:00,66,1,1,1,1,conditional_on_point_in_time_nasdaq_listing,1,1
STMP,2013-04-03,baseline,HEJFE-06AE65B9C8FB0395,1,14:58-15:58,61,14:58-16:00,63,1,1,1,1,conditional_on_point_in_time_nasdaq_listing,1,1
VRSN,2013-04-03,baseline,HEJFE-1FCAAB3F7CC931CF,1,13:37-14:37,61,13:37-14:42,66,1,1,1,1,conditional_on_point_in_time_nasdaq_listing,1,1
ACO,2013-04-04,baseline,HEJFE-AC78A2434E4AE8FB,1,14:10-15:10,61,14:10-15:15,66,1,1,1,1,conditional_on_point_in_time_nasdaq_listing,1,1
CAMP,2013-04-04,baseline,HEJFE-ED8CFC03F1053B9A,1,15:18-16:00,43,15:18-16:00,43,1,1,1,1,conditional_on_point_in_time_nasdaq_listing,1,1
CENX,2013-04-04,baseline,HEJFE-7CA38C1FDA5EA4D0,1,14:52-15:52,61,14:52-15:57,66,1,1,1,1,conditional_on_point_in_time_nasdaq_listing,1,1
ECHO,2013-04-04,baseline,HEJFE-C368B17FADFC15C7,1,13:44-14:44,61,13:44-14:49,66,1,1,1,1,conditional_on_point_in_time_nasdaq_listing,1,1
ECOL,2013-04-04,baseline,HEJFE-12CC8075D3F634CD,1,14:37-15:37,61,14:37-15:42,66,1,1,1,1,conditional_on_point_in_time_nasdaq_listing,1,1
EHTH,2013-04-04,baseline,HEJFE-9527526FED86FA7D,1,15:26-16:00,35,15:26-16:00,35,1,1,1,1,conditional_on_point_in_time_nasdaq_listing,1,1
EW,2013-04-04,baseline,HEJFE-ED329F780A1085DA,1,12:58-13:58,61,12:58-14:03,66,1,1,1,1,conditional_on_point_in_time_nasdaq_listing,1,1
GDI,2013-04-04,baseline,HEJFE-8536AD777ECEEACB,1,14:47-15:47,61,14:47-15:52,66,1,1,1,1,conditional_on_point_in_time_nasdaq_listing,1,1
ISIL,2013-04-04,baseline,HEJFE-E575622C8FDAB71F,1,14:27-15:27,61,14:27-15:32,66,1,1,1,1,conditional_on_point_in_time_nasdaq_listing,1,1
JNPR,2013-04-04,baseline,HEJFE-2558DC6865781793,1,14:01-15:01,61,14:01-15:06,66,1,1,1,1,conditional_on_point_in_time_nasdaq_listing,1,1
LRCX,2013-04-04,baseline,HEJFE-66BA40A20548B7E3,1,13:13-14:13,61,13:13-14:18,66,1,1,1,1,conditional_on_point_in_time_nasdaq_listing,1,1
LSCC,2013-04-04,baseline,HEJFE-B7EFA7CF95262283,1,13:54-14:54,61,13:54-14:59,66,1,1,1,1,conditional_on_point_in_time_nasdaq_listing,1,1
MCRI,2013-04-04,baseline,HEJFE-8F17F6BEDF631C8B,1,14:38-15:38,61,14:38-15:43,66,1,1,1,1,conditional_on_point_in_time_nasdaq_listing,1,1
MCRL,2013-04-04,baseline,HEJFE-489E74F74AFB5AFA,1,14:02-15:02,61,14:02-15:07,66,1,1,1,1,conditional_on_point_in_time_nasdaq_listing,1,1
MTH,2013-04-04,baseline,HEJFE-9B43F5B767ECD0FA,1,13:54-14:54,61,13:54-14:59,66,1,1,1,1,conditional_on_point_in_time_nasdaq_listing,1,1
PFPT,2013-04-04,baseline,HEJFE-6C73B4B05384BC1E,1,14:30-15:30,61,14:30-15:35,66,1,1,1,1,conditional_on_point_in_time_nasdaq_listing,1,1
PNRA,2013-04-04,baseline,HEJFE-CCC7747CFBDE893E,1,13:55-14:55,61,13:55-15:00,66,1,1,1,1,conditional_on_point_in_time_nasdaq_listing,1,1
STMP,2013-04-04,baseline,HEJFE-06AE65B9C8FB0395,1,14:58-15:58,61,14:58-16:00,63,1,1,1,1,conditional_on_point_in_time_nasdaq_listing,1,1
VRSN,2013-04-04,baseline,HEJFE-1FCAAB3F7CC931CF,1,13:37-14:37,61,13:37-14:42,66,1,1,1,1,conditional_on_point_in_time_nasdaq_listing,1,1
ACO,2013-04-05,baseline,HEJFE-AC78A2434E4AE8FB,1,14:10-15:10,61,14:10-15:15,66,1,1,1,1,conditional_on_point_in_time_nasdaq_listing,1,1
APC,2013-04-05,baseline,HEJFE-7B8A1A0CD3E2966F,1,12:57-13:57,61,12:57-14:02,66,1,1,1,1,conditional_on_point_in_time_nasdaq_listing,1,1
CAMP,2013-04-05,baseline,HEJFE-ED8CFC03F1053B9A,1,15:18-16:00,43,15:18-16:00,43,1,1,1,1,conditional_on_point_in_time_nasdaq_listing,1,1
CENX,2013-04-05,baseline,HEJFE-7CA38C1FDA5EA4D0,1,14:52-15:52,61,14:52-15:57,66,1,1,1,1,conditional_on_point_in_time_nasdaq_listing,1,1
ECHO,2013-04-05,baseline,HEJFE-C368B17FADFC15C7,1,13:44-14:44,61,13:44-14:49,66,1,1,1,1,conditional_on_point_in_time_nasdaq_listing,1,1
ECOL,2013-04-05,baseline,HEJFE-12CC8075D3F634CD,1,14:37-15:37,61,14:37-15:42,66,1,1,1,1,conditional_on_point_in_time_nasdaq_listing,1,1
EHTH,2013-04-05,baseline,HEJFE-9527526FED86FA7D,1,15:26-16:00,35,15:26-16:00,35,1,1,1,1,conditional_on_point_in_time_nasdaq_listing,1,1
EW,2013-04-05,baseline,HEJFE-ED329F780A1085DA,1,12:58-13:58,61,12:58-14:03,66,1,1,1,1,conditional_on_point_in_time_nasdaq_listing,1,1
GDI,2013-04-05,baseline,HEJFE-8536AD777ECEEACB,1,14:47-15:47,61,14:47-15:52,66,1,1,1,1,conditional_on_point_in_time_nasdaq_listing,1,1
ISIL,2013-04-05,baseline,HEJFE-E575622C8FDAB71F,1,14:27-15:27,61,14:27-15:32,66,1,1,1,1,conditional_on_point_in_time_nasdaq_listing,1,1
JNPR,2013-04-05,baseline,HEJFE-2558DC6865781793,1,14:01-15:01,61,14:01-15:06,66,1,1,1,1,conditional_on_point_in_time_nasdaq_listing,1,1
LRCX,2013-04-05,baseline,HEJFE-66BA40A20548B7E3,1,13:13-14:13,61,13:13-14:18,66,1,1,1,1,conditional_on_point_in_time_nasdaq_listing,1,1
LSCC,2013-04-05,baseline,HEJFE-B7EFA7CF95262283,1,13:54-14:54,61,13:54-14:59,66,1,1,1,1,conditional_on_point_in_time_nasdaq_listing,1,1
MCRI,2013-04-05,baseline,HEJFE-8F17F6BEDF631C8B,1,14:38-15:38,61,14:38-15:43,66,1,1,1,1,conditional_on_point_in_time_nasdaq_listing,1,1
MCRL,2013-04-05,baseline,HEJFE-489E74F74AFB5AFA,1,14:02-15:02,61,14:02-15:07,66,1,1,1,1,conditional_on_point_in_time_nasdaq_listing,1,1
MTH,2013-04-05,baseline,HEJFE-9B43F5B767ECD0FA,1,13:54-14:54,61,13:54-14:59,66,1,1,1,1,conditional_on_point_in_time_nasdaq_listing,1,1
PFPT,2013-04-05,baseline,HEJFE-6C73B4B05384BC1E,1,14:30-15:30,61,14:30-15:35,66,1,1,1,1,conditional_on_point_in_time_nasdaq_listing,1,1
PNRA,2013-04-05,baseline,HEJFE-CCC7747CFBDE893E,1,13:55-14:55,61,13:55-15:00,66,1,1,1,1,conditional_on_point_in_time_nasdaq_listing,1,1
STMP,2013-04-05,baseline,HEJFE-06AE65B9C8FB0395,1,14:58-15:58,61,14:58-16:00,63,1,1,1,1,conditional_on_point_in_time_nasdaq_listing,1,1
VRSN,2013-04-05,baseline,HEJFE-1FCAAB3F7CC931CF,1,13:37-14:37,61,13:37-14:42,66,1,1,1,1,conditional_on_point_in_time_nasdaq_listing,1,1
ACO,2013-04-08,baseline,HEJFE-AC78A2434E4AE8FB,1,14:10-15:10,61,14:10-15:15,66,1,1,1,1,conditional_on_point_in_time_nasdaq_listing,1,1
APC,2013-04-08,baseline,HEJFE-7B8A1A0CD3E2966F,1,12:57-13:57,61,12:57-14:02,66,1,1,1,1,conditional_on_point_in_time_nasdaq_listing,1,1
BIO,2013-04-08,baseline,HEJFE-2FD552B9358078C6,1,15:25-16:00,36,15:25-16:00,36,1,1,1,1,conditional_on_point_in_time_nasdaq_listing,1,1
CAMP,2013-04-08,baseline,HEJFE-ED8CFC03F1053B9A,1,15:18-16:00,43,15:18-16:00,43,1,1,1,1,conditional_on_point_in_time_nasdaq_listing,1,1
CENX,2013-04-08,baseline,HEJFE-7CA38C1FDA5EA4D0,1,14:52-15:52,61,14:52-15:57,66,1,1,1,1,conditional_on_point_in_time_nasdaq_listing,1,1
DGI,2013-04-08,baseline,HEJFE-A5AE76F13A48C40F,1,13:59-14:59,61,13:59-15:04,66,1,1,1,1,conditional_on_point_in_time_nasdaq_listing,1,1
ECHO,2013-04-08,baseline,HEJFE-C368B17FADFC15C7,1,13:44-14:44,61,13:44-14:49,66,1,1,1,1,conditional_on_point_in_time_nasdaq_listing,1,1
ECOL,2013-04-08,baseline,HEJFE-12CC8075D3F634CD,1,14:37-15:37,61,14:37-15:42,66,1,1,1,1,conditional_on_point_in_time_nasdaq_listing,1,1
EHTH,2013-04-08,baseline,HEJFE-9527526FED86FA7D,1,15:26-16:00,35,15:26-16:00,35,1,1,1,1,conditional_on_point_in_time_nasdaq_listing,1,1
EW,2013-04-08,baseline,HEJFE-ED329F780A1085DA,1,12:58-13:58,61,12:58-14:03,66,1,1,1,1,conditional_on_point_in_time_nasdaq_listing,1,1
GDI,2013-04-08,baseline,HEJFE-8536AD777ECEEACB,1,14:47-15:47,61,14:47-15:52,66,1,1,1,1,conditional_on_point_in_time_nasdaq_listing,1,1
ISIL,2013-04-08,baseline,HEJFE-E575622C8FDAB71F,1,14:27-15:27,61,14:27-15:32,66,1,1,1,1,conditional_on_point_in_time_nasdaq_listing,1,1
JNPR,2013-04-08,baseline,HEJFE-2558DC6865781793,1,14:01-15:01,61,14:01-15:06,66,1,1,1,1,conditional_on_point_in_time_nasdaq_listing,1,1
KELYA,2013-04-08,baseline,HEJFE-5089F8E69B6BC646,1,15:19-16:00,42,15:19-16:00,42,1,1,1,1,conditional_on_point_in_time_nasdaq_listing,1,1
LRCX,2013-04-08,baseline,HEJFE-66BA40A20548B7E3,1,13:13-14:13,61,13:13-14:18,66,1,1,1,1,conditional_on_point_in_time_nasdaq_listing,1,1
LSCC,2013-04-08,baseline,HEJFE-B7EFA7CF95262283,1,13:54-14:54,61,13:54-14:59,66,1,1,1,1,conditional_on_point_in_time_nasdaq_listing,1,1
MCRI,2013-04-08,baseline,HEJFE-8F17F6BEDF631C8B,1,14:38-15:38,61,14:38-15:43,66,1,1,1,1,conditional_on_point_in_time_nasdaq_listing,1,1
MCRL,2013-04-08,baseline,HEJFE-489E74F74AFB5AFA,1,14:02-15:02,61,14:02-15:07,66,1,1,1,1,conditional_on_point_in_time_nasdaq_listing,1,1
MTH,2013-04-08,baseline,HEJFE-9B43F5B767ECD0FA,1,13:54-14:54,61,13:54-14:59,66,1,1,1,1,conditional_on_point_in_time_nasdaq_listing,1,1
PFPT,2013-04-08,baseline,HEJFE-6C73B4B05384BC1E,1,14:30-15:30,61,14:30-15:35,66,1,1,1,1,conditional_on_point_in_time_nasdaq_listing,1,1
PNRA,2013-04-08,baseline,HEJFE-CCC7747CFBDE893E,1,13:55-14:55,61,13:55-15:00,66,1,1,1,1,conditional_on_point_in_time_nasdaq_listing,1,1
STMP,2013-04-08,baseline,HEJFE-06AE65B9C8FB0395,1,14:58-15:58,61,14:58-16:00,63,1,1,1,1,conditional_on_point_in_time_nasdaq_listing,1,1
VRSN,2013-04-08,baseline,HEJFE-1FCAAB3F7CC931CF,1,13:37-14:37,61,13:37-14:42,66,1,1,1,1,conditional_on_point_in_time_nasdaq_listing,1,1
ACO,2013-04-09,baseline,HEJFE-AC78A2434E4AE8FB,1,14:10-15:10,61,14:10-15:15,66,1,1,1,1,conditional_on_point_in_time_nasdaq_listing,1,1
APC,2013-04-09,baseline,HEJFE-7B8A1A0CD3E2966F,1,12:57-13:57,61,12:57-14:02,66,1,1,1,1,conditional_on_point_in_time_nasdaq_listing,1,1
BIO,2013-04-09,baseline,HEJFE-2FD552B9358078C6,1,15:25-16:00,36,15:25-16:00,36,1,1,1,1,conditional_on_point_in_time_nasdaq_listing,1,1
CAMP,2013-04-09,baseline,HEJFE-ED8CFC03F1053B9A,1,15:18-16:00,43,15:18-16:00,43,1,1,1,1,conditional_on_point_in_time_nasdaq_listing,1,1
CENX,2013-04-09,baseline,HEJFE-7CA38C1FDA5EA4D0,1,14:52-15:52,61,14:52-15:57,66,1,1,1,1,conditional_on_point_in_time_nasdaq_listing,1,1
DGI,2013-04-09,baseline,HEJFE-A5AE76F13A48C40F,1,13:59-14:59,61,13:59-15:04,66,1,1,1,1,conditional_on_point_in_time_nasdaq_listing,1,1
ECHO,2013-04-09,baseline,HEJFE-C368B17FADFC15C7,1,13:44-14:44,61,13:44-14:49,66,1,1,1,1,conditional_on_point_in_time_nasdaq_listing,1,1
ECOL,2013-04-09,baseline,HEJFE-12CC8075D3F634CD,1,14:37-15:37,61,14:37-15:42,66,1,1,1,1,conditional_on_point_in_time_nasdaq_listing,1,1
EHTH,2013-04-09,baseline,HEJFE-9527526FED86FA7D,1,15:26-16:00,35,15:26-16:00,35,1,1,1,1,conditional_on_point_in_time_nasdaq_listing,1,1
EW,2013-04-09,baseline,HEJFE-ED329F780A1085DA,1,12:58-13:58,61,12:58-14:03,66,1,1,1,1,conditional_on_point_in_time_nasdaq_listing,1,1
GDI,2013-04-09,baseline,HEJFE-8536AD777ECEEACB,1,14:47-15:47,61,14:47-15:52,66,1,1,1,1,conditional_on_point_in_time_nasdaq_listing,1,1
GORO,2013-04-09,baseline,HEJFE-D7BD84C255F2273D,1,15:28-16:00,33,15:28-16:00,33,1,1,1,1,conditional_on_point_in_time_nasdaq_listing,1,1
ISIL,2013-04-09,baseline,HEJFE-E575622C8FDAB71F,1,14:27-15:27,61,14:27-15:32,66,1,1,1,1,conditional_on_point_in_time_nasdaq_listing,1,1
JNPR,2013-04-09,baseline,HEJFE-2558DC6865781793,1,14:01-15:01,61,14:01-15:06,66,1,1,1,1,conditional_on_point_in_time_nasdaq_listing,1,1
KELYA,2013-04-09,baseline,HEJFE-5089F8E69B6BC646,1,15:19-16:00,42,15:19-16:00,42,1,1,1,1,conditional_on_point_in_time_nasdaq_listing,1,1
LRCX,2013-04-09,baseline,HEJFE-66BA40A20548B7E3,1,13:13-14:13,61,13:13-14:18,66,1,1,1,1,conditional_on_point_in_time_nasdaq_listing,1,1
LSCC,2013-04-09,baseline,HEJFE-B7EFA7CF95262283,1,13:54-14:54,61,13:54-14:59,66,1,1,1,1,conditional_on_point_in_time_nasdaq_listing,1,1
MCRI,2013-04-09,baseline,HEJFE-8F17F6BEDF631C8B,1,14:38-15:38,61,14:38-15:43,66,1,1,1,1,conditional_on_point_in_time_nasdaq_listing,1,1
MCRL,2013-04-09,baseline,HEJFE-489E74F74AFB5AFA,1,14:02-15:02,61,14:02-15:07,66,1,1,1,1,conditional_on_point_in_time_nasdaq_listing,1,1
MTH,2013-04-09,baseline,HEJFE-9B43F5B767ECD0FA,1,13:54-14:54,61,13:54-14:59,66,1,1,1,1,conditional_on_point_in_time_nasdaq_listing,1,1
PFPT,2013-04-09,baseline,HEJFE-6C73B4B05384BC1E,1,14:30-15:30,61,14:30-15:35,66,1,1,1,1,conditional_on_point_in_time_nasdaq_listing,1,1
PNRA,2013-04-09,baseline,HEJFE-CCC7747CFBDE893E,1,13:55-14:55,61,13:55-15:00,66,1,1,1,1,conditional_on_point_in_time_nasdaq_listing,1,1
STMP,2013-04-09,baseline,HEJFE-06AE65B9C8FB0395,1,14:58-15:58,61,14:58-16:00,63,1,1,1,1,conditional_on_point_in_time_nasdaq_listing,1,1
VRSN,2013-04-09,baseline,HEJFE-1FCAAB3F7CC931CF,1,13:37-14:37,61,13:37-14:42,66,1,1,1,1,conditional_on_point_in_time_nasdaq_listing,1,1
ACO,2013-04-10,baseline,HEJFE-AC78A2434E4AE8FB,1,14:10-15:10,61,14:10-15:15,66,1,1,1,1,conditional_on_point_in_time_nasdaq_listing,1,1
APC,2013-04-10,baseline,HEJFE-7B8A1A0CD3E2966F,1,12:57-13:57,61,12:57-14:02,66,1,1,1,1,conditional_on_point_in_time_nasdaq_listing,1,1
BIO,2013-04-10,baseline,HEJFE-2FD552B9358078C6,1,15:25-16:00,36,15:25-16:00,36,1,1,1,1,conditional_on_point_in_time_nasdaq_listing,1,1
CAMP,2013-04-10,baseline,HEJFE-ED8CFC03F1053B9A,1,15:18-16:00,43,15:18-16:00,43,1,1,1,1,conditional_on_point_in_time_nasdaq_listing,1,1
CENX,2013-04-10,baseline,HEJFE-7CA38C1FDA5EA4D0,1,14:52-15:52,61,14:52-15:57,66,1,1,1,1,conditional_on_point_in_time_nasdaq_listing,1,1
DGI,2013-04-10,baseline,HEJFE-A5AE76F13A48C40F,1,13:59-14:59,61,13:59-15:04,66,1,1,1,1,conditional_on_point_in_time_nasdaq_listing,1,1
ECHO,2013-04-10,baseline,HEJFE-C368B17FADFC15C7,1,13:44-14:44,61,13:44-14:49,66,1,1,1,1,conditional_on_point_in_time_nasdaq_listing,1,1
ECOL,2013-04-10,baseline,HEJFE-12CC8075D3F634CD,1,14:37-15:37,61,14:37-15:42,66,1,1,1,1,conditional_on_point_in_time_nasdaq_listing,1,1
EHTH,2013-04-10,baseline,HEJFE-9527526FED86FA7D,1,15:26-16:00,35,15:26-16:00,35,1,1,1,1,conditional_on_point_in_time_nasdaq_listing,1,1
EW,2013-04-10,baseline,HEJFE-ED329F780A1085DA,1,12:58-13:58,61,12:58-14:03,66,1,1,1,1,conditional_on_point_in_time_nasdaq_listing,1,1
GDI,2013-04-10,baseline,HEJFE-8536AD777ECEEACB,1,14:47-15:47,61,14:47-15:52,66,1,1,1,1,conditional_on_point_in_time_nasdaq_listing,1,1
GORO,2013-04-10,baseline,HEJFE-D7BD84C255F2273D,1,15:28-16:00,33,15:28-16:00,33,1,1,1,1,conditional_on_point_in_time_nasdaq_listing,1,1
ISIL,2013-04-10,baseline,HEJFE-E575622C8FDAB71F,1,14:27-15:27,61,14:27-15:32,66,1,1,1,1,conditional_on_point_in_time_nasdaq_listing,1,1
JNPR,2013-04-10,baseline,HEJFE-2558DC6865781793,1,14:01-15:01,61,14:01-15:06,66,1,1,1,1,conditional_on_point_in_time_nasdaq_listing,1,1
KELYA,2013-04-10,baseline,HEJFE-5089F8E69B6BC646,1,15:19-16:00,42,15:19-16:00,42,1,1,1,1,conditional_on_point_in_time_nasdaq_listing,1,1
LRCX,2013-04-10,baseline,HEJFE-66BA40A20548B7E3,1,13:13-14:13,61,13:13-14:18,66,1,1,1,1,conditional_on_point_in_time_nasdaq_listing,1,1
LSCC,2013-04-10,baseline,HEJFE-B7EFA7CF95262283,1,13:54-14:54,61,13:54-14:59,66,1,1,1,1,conditional_on_point_in_time_nasdaq_listing,1,1
MCRI,2013-04-10,baseline,HEJFE-8F17F6BEDF631C8B,1,14:38-15:38,61,14:38-15:43,66,1,1,1,1,conditional_on_point_in_time_nasdaq_listing,1,1
MCRL,2013-04-10,baseline,HEJFE-489E74F74AFB5AFA,1,14:02-15:02,61,14:02-15:07,66,1,1,1,1,conditional_on_point_in_time_nasdaq_listing,1,1
MTH,2013-04-10,baseline,HEJFE-9B43F5B767ECD0FA,1,13:54-14:54,61,13:54-14:59,66,1,1,1,1,conditional_on_point_in_time_nasdaq_listing,1,1
PFPT,2013-04-10,baseline,HEJFE-6C73B4B05384BC1E,1,14:30-15:30,61,14:30-15:35,66,1,1,1,1,conditional_on_point_in_time_nasdaq_listing,1,1
PNRA,2013-04-10,baseline,HEJFE-CCC7747CFBDE893E,1,13:55-14:55,61,13:55-15:00,66,1,1,1,1,conditional_on_point_in_time_nasdaq_listing,1,1
STMP,2013-04-10,baseline,HEJFE-06AE65B9C8FB0395,1,14:58-15:58,61,14:58-16:00,63,1,1,1,1,conditional_on_point_in_time_nasdaq_listing,1,1
VRSN,2013-04-10,baseline,HEJFE-1FCAAB3F7CC931CF,1,13:37-14:37,61,13:37-14:42,66,1,1,1,1,conditional_on_point_in_time_nasdaq_listing,1,1
ACO,2013-04-11,baseline,HEJFE-AC78A2434E4AE8FB,1,14:10-15:10,61,14:10-15:15,66,1,1,1,1,conditional_on_point_in_time_nasdaq_listing,1,1
APC,2013-04-11,baseline,HEJFE-7B8A1A0CD3E2966F,1,12:57-13:57,61,12:57-14:02,66,1,1,1,1,conditional_on_point_in_time_nasdaq_listing,1,1
BIO,2013-04-11,baseline,HEJFE-2FD552B9358078C6,1,15:25-16:00,36,15:25-16:00,36,1,1,1,1,conditional_on_point_in_time_nasdaq_listing,1,1
CAMP,2013-04-11,baseline,HEJFE-ED8CFC03F1053B9A,1,15:18-16:00,43,15:18-16:00,43,1,1,1,1,conditional_on_point_in_time_nasdaq_listing,1,1
CENX,2013-04-11,baseline,HEJFE-7CA38C1FDA5EA4D0,1,14:52-15:52,61,14:52-15:57,66,1,1,1,1,conditional_on_point_in_time_nasdaq_listing,1,1
DGI,2013-04-11,baseline,HEJFE-A5AE76F13A48C40F,1,13:59-14:59,61,13:59-15:04,66,1,1,1,1,conditional_on_point_in_time_nasdaq_listing,1,1
ECHO,2013-04-11,baseline,HEJFE-C368B17FADFC15C7,1,13:44-14:44,61,13:44-14:49,66,1,1,1,1,conditional_on_point_in_time_nasdaq_listing,1,1
ECOL,2013-04-11,baseline,HEJFE-12CC8075D3F634CD,1,14:37-15:37,61,14:37-15:42,66,1,1,1,1,conditional_on_point_in_time_nasdaq_listing,1,1
EHTH,2013-04-11,baseline,HEJFE-9527526FED86FA7D,1,15:26-16:00,35,15:26-16:00,35,1,1,1,1,conditional_on_point_in_time_nasdaq_listing,1,1
EW,2013-04-11,baseline,HEJFE-ED329F780A1085DA,1,12:58-13:58,61,12:58-14:03,66,1,1,1,1,conditional_on_point_in_time_nasdaq_listing,1,1
GDI,2013-04-11,baseline,HEJFE-8536AD777ECEEACB,1,14:47-15:47,61,14:47-15:52,66,1,1,1,1,conditional_on_point_in_time_nasdaq_listing,1,1
GORO,2013-04-11,baseline,HEJFE-D7BD84C255F2273D,1,15:28-16:00,33,15:28-16:00,33,1,1,1,1,conditional_on_point_in_time_nasdaq_listing,1,1
ISIL,2013-04-11,baseline,HEJFE-E575622C8FDAB71F,1,14:27-15:27,61,14:27-15:32,66,1,1,1,1,conditional_on_point_in_time_nasdaq_listing,1,1
JNPR,2013-04-11,baseline,HEJFE-2558DC6865781793,1,14:01-15:01,61,14:01-15:06,66,1,1,1,1,conditional_on_point_in_time_nasdaq_listing,1,1
KELYA,2013-04-11,baseline,HEJFE-5089F8E69B6BC646,1,15:19-16:00,42,15:19-16:00,42,1,1,1,1,conditional_on_point_in_time_nasdaq_listing,1,1
LRCX,2013-04-11,baseline,HEJFE-66BA40A20548B7E3,1,13:13-14:13,61,13:13-14:18,66,1,1,1,1,conditional_on_point_in_time_nasdaq_listing,1,1
LSCC,2013-04-11,baseline,HEJFE-B7EFA7CF95262283,1,13:54-14:54,61,13:54-14:59,66,1,1,1,1,conditional_on_point_in_time_nasdaq_listing,1,1
MCRI,2013-04-11,baseline,HEJFE-8F17F6BEDF631C8B,1,14:38-15:38,61,14:38-15:43,66,1,1,1,1,conditional_on_point_in_time_nasdaq_listing,1,1
MCRL,2013-04-11,baseline,HEJFE-489E74F74AFB5AFA,1,14:02-15:02,61,14:02-15:07,66,1,1,1,1,conditional_on_point_in_time_nasdaq_listing,1,1
MTH,2013-04-11,baseline,HEJFE-9B43F5B767ECD0FA,1,13:54-14:54,61,13:54-14:59,66,1,1,1,1,conditional_on_point_in_time_nasdaq_listing,1,1
PFPT,2013-04-11,baseline,HEJFE-6C73B4B05384BC1E,1,14:30-15:30,61,14:30-15:35,66,1,1,1,1,conditional_on_point_in_time_nasdaq_listing,1,1
PNRA,2013-04-11,baseline,HEJFE-CCC7747CFBDE893E,1,13:55-14:55,61,13:55-15:00,66,1,1,1,1,conditional_on_point_in_time_nasdaq_listing,1,1
STMP,2013-04-11,baseline,HEJFE-06AE65B9C8FB0395,1,14:58-15:58,61,14:58-16:00,63,1,1,1,1,conditional_on_point_in_time_nasdaq_listing,1,1
VRSN,2013-04-11,baseline,HEJFE-1FCAAB3F7CC931CF,1,13:37-14:37,61,13:37-14:42,66,1,1,1,1,conditional_on_point_in_time_nasdaq_listing,1,1
ACO,2013-04-12,baseline,HEJFE-AC78A2434E4AE8FB,1,14:10-15:10,61,14:10-15:15,66,1,1,1,1,conditional_on_point_in_time_nasdaq_listing,1,1
APC,2013-04-12,baseline,HEJFE-7B8A1A0CD3E2966F,1,12:57-13:57,61,12:57-14:02,66,1,1,1,1,conditional_on_point_in_time_nasdaq_listing,1,1
BIO,2013-04-12,baseline,HEJFE-2FD552B9358078C6,1,15:25-16:00,36,15:25-16:00,36,1,1,1,1,conditional_on_point_in_time_nasdaq_listing,1,1
CAMP,2013-04-12,baseline,HEJFE-ED8CFC03F1053B9A,1,15:18-16:00,43,15:18-16:00,43,1,1,1,1,conditional_on_point_in_time_nasdaq_listing,1,1
CENX,2013-04-12,baseline,HEJFE-7CA38C1FDA5EA4D0,1,14:52-15:52,61,14:52-15:57,66,1,1,1,1,conditional_on_point_in_time_nasdaq_listing,1,1
DGI,2013-04-12,baseline,HEJFE-A5AE76F13A48C40F,1,13:59-14:59,61,13:59-15:04,66,1,1,1,1,conditional_on_point_in_time_nasdaq_listing,1,1
ECHO,2013-04-12,baseline,HEJFE-C368B17FADFC15C7,1,13:44-14:44,61,13:44-14:49,66,1,1,1,1,conditional_on_point_in_time_nasdaq_listing,1,1
ECOL,2013-04-12,baseline,HEJFE-12CC8075D3F634CD,1,14:37-15:37,61,14:37-15:42,66,1,1,1,1,conditional_on_point_in_time_nasdaq_listing,1,1
EHTH,2013-04-12,baseline,HEJFE-9527526FED86FA7D,1,15:26-16:00,35,15:26-16:00,35,1,1,1,1,conditional_on_point_in_time_nasdaq_listing,1,1
EW,2013-04-12,baseline,HEJFE-ED329F780A1085DA,1,12:58-13:58,61,12:58-14:03,66,1,1,1,1,conditional_on_point_in_time_nasdaq_listing,1,1
GDI,2013-04-12,baseline,HEJFE-8536AD777ECEEACB,1,14:47-15:47,61,14:47-15:52,66,1,1,1,1,conditional_on_point_in_time_nasdaq_listing,1,1
GORO,2013-04-12,baseline,HEJFE-D7BD84C255F2273D,1,15:28-16:00,33,15:28-16:00,33,1,1,1,1,conditional_on_point_in_time_nasdaq_listing,1,1
ISIL,2013-04-12,baseline,HEJFE-E575622C8FDAB71F,1,14:27-15:27,61,14:27-15:32,66,1,1,1,1,conditional_on_point_in_time_nasdaq_listing,1,1
JNPR,2013-04-12,baseline,HEJFE-2558DC6865781793,1,14:01-15:01,61,14:01-15:06,66,1,1,1,1,conditional_on_point_in_time_nasdaq_listing,1,1
KELYA,2013-04-12,baseline,HEJFE-5089F8E69B6BC646,1,15:19-16:00,42,15:19-16:00,42,1,1,1,1,conditional_on_point_in_time_nasdaq_listing,1,1
LRCX,2013-04-12,baseline,HEJFE-66BA40A20548B7E3,1,13:13-14:13,61,13:13-14:18,66,1,1,1,1,conditional_on_point_in_time_nasdaq_listing,1,1
LSCC,2013-04-12,baseline,HEJFE-B7EFA7CF95262283,1,13:54-14:54,61,13:54-14:59,66,1,1,1,1,conditional_on_point_in_time_nasdaq_listing,1,1
MCRI,2013-04-12,baseline,HEJFE-8F17F6BEDF631C8B,1,14:38-15:38,61,14:38-15:43,66,1,1,1,1,conditional_on_point_in_time_nasdaq_listing,1,1
MCRL,2013-04-12,baseline,HEJFE-489E74F74AFB5AFA,1,14:02-15:02,61,14:02-15:07,66,1,1,1,1,conditional_on_point_in_time_nasdaq_listing,1,1
MTH,2013-04-12,baseline,HEJFE-9B43F5B767ECD0FA,1,13:54-14:54,61,13:54-14:59,66,1,1,1,1,conditional_on_point_in_time_nasdaq_listing,1,1
PFPT,2013-04-12,baseline,HEJFE-6C73B4B05384BC1E,1,14:30-15:30,61,14:30-15:35,66,1,1,1,1,conditional_on_point_in_time_nasdaq_listing,1,1
PNRA,2013-04-12,baseline,HEJFE-CCC7747CFBDE893E,1,13:55-14:55,61,13:55-15:00,66,1,1,1,1,conditional_on_point_in_time_nasdaq_listing,1,1
STMP,2013-04-12,baseline,HEJFE-06AE65B9C8FB0395,1,14:58-15:58,61,14:58-16:00,63,1,1,1,1,conditional_on_point_in_time_nasdaq_listing,1,1
VRSN,2013-04-12,baseline,HEJFE-1FCAAB3F7CC931CF,1,13:37-14:37,61,13:37-14:42,66,1,1,1,1,conditional_on_point_in_time_nasdaq_listing,1,1
ACO,2013-04-15,baseline,HEJFE-AC78A2434E4AE8FB,1,14:10-15:10,61,14:10-15:15,66,1,1,1,1,conditional_on_point_in_time_nasdaq_listing,1,1
APC,2013-04-15,baseline,HEJFE-7B8A1A0CD3E2966F,1,12:57-13:57,61,12:57-14:02,66,1,1,1,1,conditional_on_point_in_time_nasdaq_listing,1,1
BIO,2013-04-15,baseline,HEJFE-2FD552B9358078C6,1,15:25-16:00,36,15:25-16:00,36,1,1,1,1,conditional_on_point_in_time_nasdaq_listing,1,1
CAMP,2013-04-15,baseline,HEJFE-ED8CFC03F1053B9A,1,15:18-16:00,43,15:18-16:00,43,1,1,1,1,conditional_on_point_in_time_nasdaq_listing,1,1
CENX,2013-04-15,baseline,HEJFE-7CA38C1FDA5EA4D0,1,14:52-15:52,61,14:52-15:57,66,1,1,1,1,conditional_on_point_in_time_nasdaq_listing,1,1
DGI,2013-04-15,baseline,HEJFE-A5AE76F13A48C40F,1,13:59-14:59,61,13:59-15:04,66,1,1,1,1,conditional_on_point_in_time_nasdaq_listing,1,1
ECHO,2013-04-15,baseline,HEJFE-C368B17FADFC15C7,1,13:44-14:44,61,13:44-14:49,66,1,1,1,1,conditional_on_point_in_time_nasdaq_listing,1,1
ECOL,2013-04-15,baseline,HEJFE-12CC8075D3F634CD,1,14:37-15:37,61,14:37-15:42,66,1,1,1,1,conditional_on_point_in_time_nasdaq_listing,1,1
EHTH,2013-04-15,baseline,HEJFE-9527526FED86FA7D,1,15:26-16:00,35,15:26-16:00,35,1,1,1,1,conditional_on_point_in_time_nasdaq_listing,1,1
EW,2013-04-15,baseline,HEJFE-ED329F780A1085DA,1,12:58-13:58,61,12:58-14:03,66,1,1,1,1,conditional_on_point_in_time_nasdaq_listing,1,1
GDI,2013-04-15,baseline,HEJFE-8536AD777ECEEACB,1,14:47-15:47,61,14:47-15:52,66,1,1,1,1,conditional_on_point_in_time_nasdaq_listing,1,1
GORO,2013-04-15,baseline,HEJFE-D7BD84C255F2273D,1,15:28-16:00,33,15:28-16:00,33,1,1,1,1,conditional_on_point_in_time_nasdaq_listing,1,1
ISIL,2013-04-15,baseline,HEJFE-E575622C8FDAB71F,1,14:27-15:27,61,14:27-15:32,66,1,1,1,1,conditional_on_point_in_time_nasdaq_listing,1,1
JNPR,2013-04-15,baseline,HEJFE-2558DC6865781793,1,14:01-15:01,61,14:01-15:06,66,1,1,1,1,conditional_on_point_in_time_nasdaq_listing,1,1
KELYA,2013-04-15,baseline,HEJFE-5089F8E69B6BC646,1,15:19-16:00,42,15:19-16:00,42,1,1,1,1,conditional_on_point_in_time_nasdaq_listing,1,1
LRCX,2013-04-15,baseline,HEJFE-66BA40A20548B7E3,1,13:13-14:13,61,13:13-14:18,66,1,1,1,1,conditional_on_point_in_time_nasdaq_listing,1,1
LSCC,2013-04-15,baseline,HEJFE-B7EFA7CF95262283,1,13:54-14:54,61,13:54-14:59,66,1,1,1,1,conditional_on_point_in_time_nasdaq_listing,1,1
MCRI,2013-04-15,baseline,HEJFE-8F17F6BEDF631C8B,1,14:38-15:38,61,14:38-15:43,66,1,1,1,1,conditional_on_point_in_time_nasdaq_listing,1,1
MCRL,2013-04-15,baseline,HEJFE-489E74F74AFB5AFA,1,14:02-15:02,61,14:02-15:07,66,1,1,1,1,conditional_on_point_in_time_nasdaq_listing,1,1
MTH,2013-04-15,baseline,HEJFE-9B43F5B767ECD0FA,1,13:54-14:54,61,13:54-14:59,66,1,1,1,1,conditional_on_point_in_time_nasdaq_listing,1,1
PFPT,2013-04-15,baseline,HEJFE-6C73B4B05384BC1E,1,14:30-15:30,61,14:30-15:35,66,1,1,1,1,conditional_on_point_in_time_nasdaq_listing,1,1
PNRA,2013-04-15,baseline,HEJFE-CCC7747CFBDE893E,1,13:55-14:55,61,13:55-15:00,66,1,1,1,1,conditional_on_point_in_time_nasdaq_listing,1,1
STMP,2013-04-15,baseline,HEJFE-06AE65B9C8FB0395,1,14:58-15:58,61,14:58-16:00,63,1,1,1,1,conditional_on_point_in_time_nasdaq_listing,1,1
VRSN,2013-04-15,baseline,HEJFE-1FCAAB3F7CC931CF,1,13:37-14:37,61,13:37-14:42,66,1,1,1,1,conditional_on_point_in_time_nasdaq_listing,1,1
ACO,2013-04-16,baseline,HEJFE-AC78A2434E4AE8FB,1,14:10-15:10,61,14:10-15:15,66,1,1,1,1,conditional_on_point_in_time_nasdaq_listing,1,1
APC,2013-04-16,baseline,HEJFE-7B8A1A0CD3E2966F,1,12:57-13:57,61,12:57-14:02,66,1,1,1,1,conditional_on_point_in_time_nasdaq_listing,1,1
BIO,2013-04-16,baseline,HEJFE-2FD552B9358078C6,1,15:25-16:00,36,15:25-16:00,36,1,1,1,1,conditional_on_point_in_time_nasdaq_listing,1,1
CAMP,2013-04-16,baseline,HEJFE-ED8CFC03F1053B9A,1,15:18-16:00,43,15:18-16:00,43,1,1,1,1,conditional_on_point_in_time_nasdaq_listing,1,1
CENX,2013-04-16,baseline,HEJFE-7CA38C1FDA5EA4D0,1,14:52-15:52,61,14:52-15:57,66,1,1,1,1,conditional_on_point_in_time_nasdaq_listing,1,1
DGI,2013-04-16,baseline,HEJFE-A5AE76F13A48C40F,1,13:59-14:59,61,13:59-15:04,66,1,1,1,1,conditional_on_point_in_time_nasdaq_listing,1,1
ECHO,2013-04-16,baseline,HEJFE-C368B17FADFC15C7,1,13:44-14:44,61,13:44-14:49,66,1,1,1,1,conditional_on_point_in_time_nasdaq_listing,1,1
ECOL,2013-04-16,baseline,HEJFE-12CC8075D3F634CD,1,14:37-15:37,61,14:37-15:42,66,1,1,1,1,conditional_on_point_in_time_nasdaq_listing,1,1
EHTH,2013-04-16,baseline,HEJFE-9527526FED86FA7D,1,15:26-16:00,35,15:26-16:00,35,1,1,1,1,conditional_on_point_in_time_nasdaq_listing,1,1
EW,2013-04-16,baseline,HEJFE-ED329F780A1085DA,1,12:58-13:58,61,12:58-14:03,66,1,1,1,1,conditional_on_point_in_time_nasdaq_listing,1,1
GDI,2013-04-16,baseline,HEJFE-8536AD777ECEEACB,1,14:47-15:47,61,14:47-15:52,66,1,1,1,1,conditional_on_point_in_time_nasdaq_listing,1,1
GORO,2013-04-16,baseline,HEJFE-D7BD84C255F2273D,1,15:28-16:00,33,15:28-16:00,33,1,1,1,1,conditional_on_point_in_time_nasdaq_listing,1,1
ISIL,2013-04-16,baseline,HEJFE-E575622C8FDAB71F,1,14:27-15:27,61,14:27-15:32,66,1,1,1,1,conditional_on_point_in_time_nasdaq_listing,1,1
JNPR,2013-04-16,baseline,HEJFE-2558DC6865781793,1,14:01-15:01,61,14:01-15:06,66,1,1,1,1,conditional_on_point_in_time_nasdaq_listing,1,1
KELYA,2013-04-16,baseline,HEJFE-5089F8E69B6BC646,1,15:19-16:00,42,15:19-16:00,42,1,1,1,1,conditional_on_point_in_time_nasdaq_listing,1,1
LRCX,2013-04-16,baseline,HEJFE-66BA40A20548B7E3,1,13:13-14:13,61,13:13-14:18,66,1,1,1,1,conditional_on_point_in_time_nasdaq_listing,1,1
LSCC,2013-04-16,baseline,HEJFE-B7EFA7CF95262283,1,13:54-14:54,61,13:54-14:59,66,1,1,1,1,conditional_on_point_in_time_nasdaq_listing,1,1
MCRI,2013-04-16,baseline,HEJFE-8F17F6BEDF631C8B,1,14:38-15:38,61,14:38-15:43,66,1,1,1,1,conditional_on_point_in_time_nasdaq_listing,1,1
MCRL,2013-04-16,baseline,HEJFE-489E74F74AFB5AFA,1,14:02-15:02,61,14:02-15:07,66,1,1,1,1,conditional_on_point_in_time_nasdaq_listing,1,1
MTH,2013-04-16,baseline,HEJFE-9B43F5B767ECD0FA,1,13:54-14:54,61,13:54-14:59,66,1,1,1,1,conditional_on_point_in_time_nasdaq_listing,1,1
PFPT,2013-04-16,baseline,HEJFE-6C73B4B05384BC1E,1,14:30-15:30,61,14:30-15:35,66,1,1,1,1,conditional_on_point_in_time_nasdaq_listing,1,1
PNRA,2013-04-16,baseline,HEJFE-CCC7747CFBDE893E,1,13:55-14:55,61,13:55-15:00,66,1,1,1,1,conditional_on_point_in_time_nasdaq_listing,1,1
STMP,2013-04-16,baseline,HEJFE-06AE65B9C8FB0395,1,14:58-15:58,61,14:58-16:00,63,1,1,1,1,conditional_on_point_in_time_nasdaq_listing,1,1
VRSN,2013-04-16,baseline,HEJFE-1FCAAB3F7CC931CF,1,13:37-14:37,61,13:37-14:42,66,1,1,1,1,conditional_on_point_in_time_nasdaq_listing,1,1
ACO,2013-04-17,baseline,HEJFE-AC78A2434E4AE8FB,1,14:10-15:10,61,14:10-15:15,66,1,1,1,1,conditional_on_point_in_time_nasdaq_listing,1,1
APC,2013-04-17,baseline,HEJFE-7B8A1A0CD3E2966F,1,12:57-13:57,61,12:57-14:02,66,1,1,1,1,conditional_on_point_in_time_nasdaq_listing,1,1
BIO,2013-04-17,baseline,HEJFE-2FD552B9358078C6,1,15:25-16:00,36,15:25-16:00,36,1,1,1,1,conditional_on_point_in_time_nasdaq_listing,1,1
CAMP,2013-04-17,baseline,HEJFE-ED8CFC03F1053B9A,1,15:18-16:00,43,15:18-16:00,43,1,1,1,1,conditional_on_point_in_time_nasdaq_listing,1,1
CENX,2013-04-17,baseline,HEJFE-7CA38C1FDA5EA4D0,1,14:52-15:52,61,14:52-15:57,66,1,1,1,1,conditional_on_point_in_time_nasdaq_listing,1,1
DGI,2013-04-17,baseline,HEJFE-A5AE76F13A48C40F,1,13:59-14:59,61,13:59-15:04,66,1,1,1,1,conditional_on_point_in_time_nasdaq_listing,1,1
ECHO,2013-04-17,baseline,HEJFE-C368B17FADFC15C7,1,13:44-14:44,61,13:44-14:49,66,1,1,1,1,conditional_on_point_in_time_nasdaq_listing,1,1
ECOL,2013-04-17,baseline,HEJFE-12CC8075D3F634CD,1,14:37-15:37,61,14:37-15:42,66,1,1,1,1,conditional_on_point_in_time_nasdaq_listing,1,1
EHTH,2013-04-17,baseline,HEJFE-9527526FED86FA7D,1,15:26-16:00,35,15:26-16:00,35,1,1,1,1,conditional_on_point_in_time_nasdaq_listing,1,1
EW,2013-04-17,baseline,HEJFE-ED329F780A1085DA,1,12:58-13:58,61,12:58-14:03,66,1,1,1,1,conditional_on_point_in_time_nasdaq_listing,1,1
GDI,2013-04-17,baseline,HEJFE-8536AD777ECEEACB,1,14:47-15:47,61,14:47-15:52,66,1,1,1,1,conditional_on_point_in_time_nasdaq_listing,1,1
GORO,2013-04-17,baseline,HEJFE-D7BD84C255F2273D,1,15:28-16:00,33,15:28-16:00,33,1,1,1,1,conditional_on_point_in_time_nasdaq_listing,1,1
ISIL,2013-04-17,baseline,HEJFE-E575622C8FDAB71F,1,14:27-15:27,61,14:27-15:32,66,1,1,1,1,conditional_on_point_in_time_nasdaq_listing,1,1
JNPR,2013-04-17,baseline,HEJFE-2558DC6865781793,1,14:01-15:01,61,14:01-15:06,66,1,1,1,1,conditional_on_point_in_time_nasdaq_listing,1,1
KELYA,2013-04-17,baseline,HEJFE-5089F8E69B6BC646,1,15:19-16:00,42,15:19-16:00,42,1,1,1,1,conditional_on_point_in_time_nasdaq_listing,1,1
LRCX,2013-04-17,baseline,HEJFE-66BA40A20548B7E3,1,13:13-14:13,61,13:13-14:18,66,1,1,1,1,conditional_on_point_in_time_nasdaq_listing,1,1
LSCC,2013-04-17,baseline,HEJFE-B7EFA7CF95262283,1,13:54-14:54,61,13:54-14:59,66,1,1,1,1,conditional_on_point_in_time_nasdaq_listing,1,1
MCRI,2013-04-17,baseline,HEJFE-8F17F6BEDF631C8B,1,14:38-15:38,61,14:38-15:43,66,1,1,1,1,conditional_on_point_in_time_nasdaq_listing,1,1
MCRL,2013-04-17,baseline,HEJFE-489E74F74AFB5AFA,1,14:02-15:02,61,14:02-15:07,66,1,1,1,1,conditional_on_point_in_time_nasdaq_listing,1,1
MTH,2013-04-17,baseline,HEJFE-9B43F5B767ECD0FA,1,13:54-14:54,61,13:54-14:59,66,1,1,1,1,conditional_on_point_in_time_nasdaq_listing,1,1
PFPT,2013-04-17,baseline,HEJFE-6C73B4B05384BC1E,1,14:30-15:30,61,14:30-15:35,66,1,1,1,1,conditional_on_point_in_time_nasdaq_listing,1,1
PNRA,2013-04-17,baseline,HEJFE-CCC7747CFBDE893E,1,13:55-14:55,61,13:55-15:00,66,1,1,1,1,conditional_on_point_in_time_nasdaq_listing,1,1
STMP,2013-04-17,baseline,HEJFE-06AE65B9C8FB0395,1,14:58-15:58,61,14:58-16:00,63,1,1,1,1,conditional_on_point_in_time_nasdaq_listing,1,1
VRSN,2013-04-17,baseline,HEJFE-1FCAAB3F7CC931CF,1,13:37-14:37,61,13:37-14:42,66,1,1,1,1,conditional_on_point_in_time_nasdaq_listing,1,1
ACO,2013-04-18,baseline,HEJFE-AC78A2434E4AE8FB,1,14:10-15:10,61,14:10-15:15,66,1,1,1,1,conditional_on_point_in_time_nasdaq_listing,1,1
APC,2013-04-18,baseline,HEJFE-7B8A1A0CD3E2966F,1,12:57-13:57,61,12:57-14:02,66,1,1,1,1,conditional_on_point_in_time_nasdaq_listing,1,1
BIO,2013-04-18,baseline,HEJFE-2FD552B9358078C6,1,15:25-16:00,36,15:25-16:00,36,1,1,1,1,conditional_on_point_in_time_nasdaq_listing,1,1
CAMP,2013-04-18,baseline,HEJFE-ED8CFC03F1053B9A,1,15:18-16:00,43,15:18-16:00,43,1,1,1,1,conditional_on_point_in_time_nasdaq_listing,1,1
CENX,2013-04-18,baseline,HEJFE-7CA38C1FDA5EA4D0,1,14:52-15:52,61,14:52-15:57,66,1,1,1,1,conditional_on_point_in_time_nasdaq_listing,1,1
DGI,2013-04-18,baseline,HEJFE-A5AE76F13A48C40F,1,13:59-14:59,61,13:59-15:04,66,1,1,1,1,conditional_on_point_in_time_nasdaq_listing,1,1
ECHO,2013-04-18,baseline,HEJFE-C368B17FADFC15C7,1,13:44-14:44,61,13:44-14:49,66,1,1,1,1,conditional_on_point_in_time_nasdaq_listing,1,1
ECOL,2013-04-18,baseline,HEJFE-12CC8075D3F634CD,1,14:37-15:37,61,14:37-15:42,66,1,1,1,1,conditional_on_point_in_time_nasdaq_listing,1,1
EHTH,2013-04-18,baseline,HEJFE-9527526FED86FA7D,1,15:26-16:00,35,15:26-16:00,35,1,1,1,1,conditional_on_point_in_time_nasdaq_listing,1,1
EW,2013-04-18,baseline,HEJFE-ED329F780A1085DA,1,12:58-13:58,61,12:58-14:03,66,1,1,1,1,conditional_on_point_in_time_nasdaq_listing,1,1
GDI,2013-04-18,baseline,HEJFE-8536AD777ECEEACB,1,14:47-15:47,61,14:47-15:52,66,1,1,1,1,conditional_on_point_in_time_nasdaq_listing,1,1
GORO,2013-04-18,baseline,HEJFE-D7BD84C255F2273D,1,15:28-16:00,33,15:28-16:00,33,1,1,1,1,conditional_on_point_in_time_nasdaq_listing,1,1
ISIL,2013-04-18,baseline,HEJFE-E575622C8FDAB71F,1,14:27-15:27,61,14:27-15:32,66,1,1,1,1,conditional_on_point_in_time_nasdaq_listing,1,1
JNPR,2013-04-18,baseline,HEJFE-2558DC6865781793,1,14:01-15:01,61,14:01-15:06,66,1,1,1,1,conditional_on_point_in_time_nasdaq_listing,1,1
KELYA,2013-04-18,baseline,HEJFE-5089F8E69B6BC646,1,15:19-16:00,42,15:19-16:00,42,1,1,1,1,conditional_on_point_in_time_nasdaq_listing,1,1
LRCX,2013-04-18,baseline,HEJFE-66BA40A20548B7E3,1,13:13-14:13,61,13:13-14:18,66,1,1,1,1,conditional_on_point_in_time_nasdaq_listing,1,1
LSCC,2013-04-18,event,HEJFE-B7EFA7CF95262283,1,13:54-14:54,61,13:54-14:59,66,1,1,1,1,conditional_on_point_in_time_nasdaq_listing,1,1
MCRI,2013-04-18,baseline,HEJFE-8F17F6BEDF631C8B,1,14:38-15:38,61,14:38-15:43,66,1,1,1,1,conditional_on_point_in_time_nasdaq_listing,1,1
MCRL,2013-04-18,baseline,HEJFE-489E74F74AFB5AFA,1,14:02-15:02,61,14:02-15:07,66,1,1,1,1,conditional_on_point_in_time_nasdaq_listing,1,1
MTH,2013-04-18,baseline,HEJFE-9B43F5B767ECD0FA,1,13:54-14:54,61,13:54-14:59,66,1,1,1,1,conditional_on_point_in_time_nasdaq_listing,1,1
PFPT,2013-04-18,baseline,HEJFE-6C73B4B05384BC1E,1,14:30-15:30,61,14:30-15:35,66,1,1,1,1,conditional_on_point_in_time_nasdaq_listing,1,1
PNRA,2013-04-18,baseline,HEJFE-CCC7747CFBDE893E,1,13:55-14:55,61,13:55-15:00,66,1,1,1,1,conditional_on_point_in_time_nasdaq_listing,1,1
STMP,2013-04-18,baseline,HEJFE-06AE65B9C8FB0395,1,14:58-15:58,61,14:58-16:00,63,1,1,1,1,conditional_on_point_in_time_nasdaq_listing,1,1
VRSN,2013-04-18,baseline,HEJFE-1FCAAB3F7CC931CF,1,13:37-14:37,61,13:37-14:42,66,1,1,1,1,conditional_on_point_in_time_nasdaq_listing,1,1
ACO,2013-04-19,baseline,HEJFE-AC78A2434E4AE8FB,1,14:10-15:10,61,14:10-15:15,66,1,1,1,1,conditional_on_point_in_time_nasdaq_listing,1,1
APC,2013-04-19,baseline,HEJFE-7B8A1A0CD3E2966F,1,12:57-13:57,61,12:57-14:02,66,1,1,1,1,conditional_on_point_in_time_nasdaq_listing,1,1
BIO,2013-04-19,baseline,HEJFE-2FD552B9358078C6,1,15:25-16:00,36,15:25-16:00,36,1,1,1,1,conditional_on_point_in_time_nasdaq_listing,1,1
CAMP,2013-04-19,baseline,HEJFE-ED8CFC03F1053B9A,1,15:18-16:00,43,15:18-16:00,43,1,1,1,1,conditional_on_point_in_time_nasdaq_listing,1,1
CENX,2013-04-19,baseline,HEJFE-7CA38C1FDA5EA4D0,1,14:52-15:52,61,14:52-15:57,66,1,1,1,1,conditional_on_point_in_time_nasdaq_listing,1,1
DGI,2013-04-19,baseline,HEJFE-A5AE76F13A48C40F,1,13:59-14:59,61,13:59-15:04,66,1,1,1,1,conditional_on_point_in_time_nasdaq_listing,1,1
ECHO,2013-04-19,baseline,HEJFE-C368B17FADFC15C7,1,13:44-14:44,61,13:44-14:49,66,1,1,1,1,conditional_on_point_in_time_nasdaq_listing,1,1
ECOL,2013-04-19,baseline,HEJFE-12CC8075D3F634CD,1,14:37-15:37,61,14:37-15:42,66,1,1,1,1,conditional_on_point_in_time_nasdaq_listing,1,1
EHTH,2013-04-19,baseline,HEJFE-9527526FED86FA7D,1,15:26-16:00,35,15:26-16:00,35,1,1,1,1,conditional_on_point_in_time_nasdaq_listing,1,1
EW,2013-04-19,baseline,HEJFE-ED329F780A1085DA,1,12:58-13:58,61,12:58-14:03,66,1,1,1,1,conditional_on_point_in_time_nasdaq_listing,1,1
GDI,2013-04-19,baseline,HEJFE-8536AD777ECEEACB,1,14:47-15:47,61,14:47-15:52,66,1,1,1,1,conditional_on_point_in_time_nasdaq_listing,1,1
GORO,2013-04-19,baseline,HEJFE-D7BD84C255F2273D,1,15:28-16:00,33,15:28-16:00,33,1,1,1,1,conditional_on_point_in_time_nasdaq_listing,1,1
ISIL,2013-04-19,baseline,HEJFE-E575622C8FDAB71F,1,14:27-15:27,61,14:27-15:32,66,1,1,1,1,conditional_on_point_in_time_nasdaq_listing,1,1
JNPR,2013-04-19,baseline,HEJFE-2558DC6865781793,1,14:01-15:01,61,14:01-15:06,66,1,1,1,1,conditional_on_point_in_time_nasdaq_listing,1,1
KELYA,2013-04-19,baseline,HEJFE-5089F8E69B6BC646,1,15:19-16:00,42,15:19-16:00,42,1,1,1,1,conditional_on_point_in_time_nasdaq_listing,1,1
LRCX,2013-04-19,baseline,HEJFE-66BA40A20548B7E3,1,13:13-14:13,61,13:13-14:18,66,1,1,1,1,conditional_on_point_in_time_nasdaq_listing,1,1
MCRI,2013-04-19,baseline,HEJFE-8F17F6BEDF631C8B,1,14:38-15:38,61,14:38-15:43,66,1,1,1,1,conditional_on_point_in_time_nasdaq_listing,1,1
MCRL,2013-04-19,baseline,HEJFE-489E74F74AFB5AFA,1,14:02-15:02,61,14:02-15:07,66,1,1,1,1,conditional_on_point_in_time_nasdaq_listing,1,1
MTH,2013-04-19,baseline,HEJFE-9B43F5B767ECD0FA,1,13:54-14:54,61,13:54-14:59,66,1,1,1,1,conditional_on_point_in_time_nasdaq_listing,1,1
PFPT,2013-04-19,baseline,HEJFE-6C73B4B05384BC1E,1,14:30-15:30,61,14:30-15:35,66,1,1,1,1,conditional_on_point_in_time_nasdaq_listing,1,1
PNRA,2013-04-19,baseline,HEJFE-CCC7747CFBDE893E,1,13:55-14:55,61,13:55-15:00,66,1,1,1,1,conditional_on_point_in_time_nasdaq_listing,1,1
STMP,2013-04-19,baseline,HEJFE-06AE65B9C8FB0395,1,14:58-15:58,61,14:58-16:00,63,1,1,1,1,conditional_on_point_in_time_nasdaq_listing,1,1
VRSN,2013-04-19,baseline,HEJFE-1FCAAB3F7CC931CF,1,13:37-14:37,61,13:37-14:42,66,1,1,1,1,conditional_on_point_in_time_nasdaq_listing,1,1
ACO,2013-04-22,baseline,HEJFE-AC78A2434E4AE8FB,1,14:10-15:10,61,14:10-15:15,66,1,1,1,1,conditional_on_point_in_time_nasdaq_listing,1,1
APC,2013-04-22,baseline,HEJFE-7B8A1A0CD3E2966F,1,12:57-13:57,61,12:57-14:02,66,1,1,1,1,conditional_on_point_in_time_nasdaq_listing,1,1
BIO,2013-04-22,baseline,HEJFE-2FD552B9358078C6,1,15:25-16:00,36,15:25-16:00,36,1,1,1,1,conditional_on_point_in_time_nasdaq_listing,1,1
CAMP,2013-04-22,baseline,HEJFE-ED8CFC03F1053B9A,1,15:18-16:00,43,15:18-16:00,43,1,1,1,1,conditional_on_point_in_time_nasdaq_listing,1,1
CENX,2013-04-22,baseline,HEJFE-7CA38C1FDA5EA4D0,1,14:52-15:52,61,14:52-15:57,66,1,1,1,1,conditional_on_point_in_time_nasdaq_listing,1,1
DGI,2013-04-22,baseline,HEJFE-A5AE76F13A48C40F,1,13:59-14:59,61,13:59-15:04,66,1,1,1,1,conditional_on_point_in_time_nasdaq_listing,1,1
ECHO,2013-04-22,baseline,HEJFE-C368B17FADFC15C7,1,13:44-14:44,61,13:44-14:49,66,1,1,1,1,conditional_on_point_in_time_nasdaq_listing,1,1
ECOL,2013-04-22,baseline,HEJFE-12CC8075D3F634CD,1,14:37-15:37,61,14:37-15:42,66,1,1,1,1,conditional_on_point_in_time_nasdaq_listing,1,1
EHTH,2013-04-22,baseline,HEJFE-9527526FED86FA7D,1,15:26-16:00,35,15:26-16:00,35,1,1,1,1,conditional_on_point_in_time_nasdaq_listing,1,1
EW,2013-04-22,baseline,HEJFE-ED329F780A1085DA,1,12:58-13:58,61,12:58-14:03,66,1,1,1,1,conditional_on_point_in_time_nasdaq_listing,1,1
GDI,2013-04-22,baseline,HEJFE-8536AD777ECEEACB,1,14:47-15:47,61,14:47-15:52,66,1,1,1,1,conditional_on_point_in_time_nasdaq_listing,1,1
GORO,2013-04-22,baseline,HEJFE-D7BD84C255F2273D,1,15:28-16:00,33,15:28-16:00,33,1,1,1,1,conditional_on_point_in_time_nasdaq_listing,1,1
ISIL,2013-04-22,baseline,HEJFE-E575622C8FDAB71F,1,14:27-15:27,61,14:27-15:32,66,1,1,1,1,conditional_on_point_in_time_nasdaq_listing,1,1
JNPR,2013-04-22,baseline,HEJFE-2558DC6865781793,1,14:01-15:01,61,14:01-15:06,66,1,1,1,1,conditional_on_point_in_time_nasdaq_listing,1,1
KELYA,2013-04-22,baseline,HEJFE-5089F8E69B6BC646,1,15:19-16:00,42,15:19-16:00,42,1,1,1,1,conditional_on_point_in_time_nasdaq_listing,1,1
LRCX,2013-04-22,baseline,HEJFE-66BA40A20548B7E3,1,13:13-14:13,61,13:13-14:18,66,1,1,1,1,conditional_on_point_in_time_nasdaq_listing,1,1
MCRI,2013-04-22,baseline,HEJFE-8F17F6BEDF631C8B,1,14:38-15:38,61,14:38-15:43,66,1,1,1,1,conditional_on_point_in_time_nasdaq_listing,1,1
MCRL,2013-04-22,baseline,HEJFE-489E74F74AFB5AFA,1,14:02-15:02,61,14:02-15:07,66,1,1,1,1,conditional_on_point_in_time_nasdaq_listing,1,1
MTH,2013-04-22,baseline,HEJFE-9B43F5B767ECD0FA,1,13:54-14:54,61,13:54-14:59,66,1,1,1,1,conditional_on_point_in_time_nasdaq_listing,1,1
PFPT,2013-04-22,baseline,HEJFE-6C73B4B05384BC1E,1,14:30-15:30,61,14:30-15:35,66,1,1,1,1,conditional_on_point_in_time_nasdaq_listing,1,1
PNRA,2013-04-22,baseline,HEJFE-CCC7747CFBDE893E,1,13:55-14:55,61,13:55-15:00,66,1,1,1,1,conditional_on_point_in_time_nasdaq_listing,1,1
STMP,2013-04-22,baseline,HEJFE-06AE65B9C8FB0395,1,14:58-15:58,61,14:58-16:00,63,1,1,1,1,conditional_on_point_in_time_nasdaq_listing,1,1
VRSN,2013-04-22,baseline,HEJFE-1FCAAB3F7CC931CF,1,13:37-14:37,61,13:37-14:42,66,1,1,1,1,conditional_on_point_in_time_nasdaq_listing,1,1
ACO,2013-04-23,baseline,HEJFE-AC78A2434E4AE8FB,1,14:10-15:10,61,14:10-15:15,66,1,1,1,1,conditional_on_point_in_time_nasdaq_listing,1,1
APC,2013-04-23,baseline,HEJFE-7B8A1A0CD3E2966F,1,12:57-13:57,61,12:57-14:02,66,1,1,1,1,conditional_on_point_in_time_nasdaq_listing,1,1
BIO,2013-04-23,baseline,HEJFE-2FD552B9358078C6,1,15:25-16:00,36,15:25-16:00,36,1,1,1,1,conditional_on_point_in_time_nasdaq_listing,1,1
CAMP,2013-04-23,baseline,HEJFE-ED8CFC03F1053B9A,1,15:18-16:00,43,15:18-16:00,43,1,1,1,1,conditional_on_point_in_time_nasdaq_listing,1,1
CENX,2013-04-23,baseline,HEJFE-7CA38C1FDA5EA4D0,1,14:52-15:52,61,14:52-15:57,66,1,1,1,1,conditional_on_point_in_time_nasdaq_listing,1,1
DGI,2013-04-23,baseline,HEJFE-A5AE76F13A48C40F,1,13:59-14:59,61,13:59-15:04,66,1,1,1,1,conditional_on_point_in_time_nasdaq_listing,1,1
ECHO,2013-04-23,baseline,HEJFE-C368B17FADFC15C7,1,13:44-14:44,61,13:44-14:49,66,1,1,1,1,conditional_on_point_in_time_nasdaq_listing,1,1
ECOL,2013-04-23,baseline,HEJFE-12CC8075D3F634CD,1,14:37-15:37,61,14:37-15:42,66,1,1,1,1,conditional_on_point_in_time_nasdaq_listing,1,1
EHTH,2013-04-23,baseline,HEJFE-9527526FED86FA7D,1,15:26-16:00,35,15:26-16:00,35,1,1,1,1,conditional_on_point_in_time_nasdaq_listing,1,1
EW,2013-04-23,event,HEJFE-ED329F780A1085DA,1,12:58-13:58,61,12:58-14:03,66,1,1,1,1,conditional_on_point_in_time_nasdaq_listing,1,1
GDI,2013-04-23,baseline,HEJFE-8536AD777ECEEACB,1,14:47-15:47,61,14:47-15:52,66,1,1,1,1,conditional_on_point_in_time_nasdaq_listing,1,1
GORO,2013-04-23,baseline,HEJFE-D7BD84C255F2273D,1,15:28-16:00,33,15:28-16:00,33,1,1,1,1,conditional_on_point_in_time_nasdaq_listing,1,1
ISIL,2013-04-23,baseline,HEJFE-E575622C8FDAB71F,1,14:27-15:27,61,14:27-15:32,66,1,1,1,1,conditional_on_point_in_time_nasdaq_listing,1,1
JNPR,2013-04-23,event,HEJFE-2558DC6865781793,1,14:01-15:01,61,14:01-15:06,66,1,1,1,1,conditional_on_point_in_time_nasdaq_listing,1,1
KELYA,2013-04-23,baseline,HEJFE-5089F8E69B6BC646,1,15:19-16:00,42,15:19-16:00,42,1,1,1,1,conditional_on_point_in_time_nasdaq_listing,1,1
LRCX,2013-04-23,baseline,HEJFE-66BA40A20548B7E3,1,13:13-14:13,61,13:13-14:18,66,1,1,1,1,conditional_on_point_in_time_nasdaq_listing,1,1
MCRI,2013-04-23,baseline,HEJFE-8F17F6BEDF631C8B,1,14:38-15:38,61,14:38-15:43,66,1,1,1,1,conditional_on_point_in_time_nasdaq_listing,1,1
MCRL,2013-04-23,baseline,HEJFE-489E74F74AFB5AFA,1,14:02-15:02,61,14:02-15:07,66,1,1,1,1,conditional_on_point_in_time_nasdaq_listing,1,1
MTH,2013-04-23,event,HEJFE-9B43F5B767ECD0FA,1,13:54-14:54,61,13:54-14:59,66,1,1,1,1,conditional_on_point_in_time_nasdaq_listing,1,1
PFPT,2013-04-23,baseline,HEJFE-6C73B4B05384BC1E,1,14:30-15:30,61,14:30-15:35,66,1,1,1,1,conditional_on_point_in_time_nasdaq_listing,1,1
PNRA,2013-04-23,event,HEJFE-CCC7747CFBDE893E,1,13:55-14:55,61,13:55-15:00,66,1,1,1,1,conditional_on_point_in_time_nasdaq_listing,1,1
STMP,2013-04-23,baseline,HEJFE-06AE65B9C8FB0395,1,14:58-15:58,61,14:58-16:00,63,1,1,1,1,conditional_on_point_in_time_nasdaq_listing,1,1
VRSN,2013-04-23,baseline,HEJFE-1FCAAB3F7CC931CF,1,13:37-14:37,61,13:37-14:42,66,1,1,1,1,conditional_on_point_in_time_nasdaq_listing,1,1
ACO,2013-04-24,baseline,HEJFE-AC78A2434E4AE8FB,1,14:10-15:10,61,14:10-15:15,66,1,1,1,1,conditional_on_point_in_time_nasdaq_listing,1,1
APC,2013-04-24,baseline,HEJFE-7B8A1A0CD3E2966F,1,12:57-13:57,61,12:57-14:02,66,1,1,1,1,conditional_on_point_in_time_nasdaq_listing,1,1
BIO,2013-04-24,baseline,HEJFE-2FD552B9358078C6,1,15:25-16:00,36,15:25-16:00,36,1,1,1,1,conditional_on_point_in_time_nasdaq_listing,1,1
CAMP,2013-04-24,baseline,HEJFE-ED8CFC03F1053B9A,1,15:18-16:00,43,15:18-16:00,43,1,1,1,1,conditional_on_point_in_time_nasdaq_listing,1,1
CENX,2013-04-24,baseline,HEJFE-7CA38C1FDA5EA4D0,1,14:52-15:52,61,14:52-15:57,66,1,1,1,1,conditional_on_point_in_time_nasdaq_listing,1,1
DGI,2013-04-24,baseline,HEJFE-A5AE76F13A48C40F,1,13:59-14:59,61,13:59-15:04,66,1,1,1,1,conditional_on_point_in_time_nasdaq_listing,1,1
ECHO,2013-04-24,baseline,HEJFE-C368B17FADFC15C7,1,13:44-14:44,61,13:44-14:49,66,1,1,1,1,conditional_on_point_in_time_nasdaq_listing,1,1
ECOL,2013-04-24,event,HEJFE-12CC8075D3F634CD,1,14:37-15:37,61,14:37-15:42,66,1,1,1,1,conditional_on_point_in_time_nasdaq_listing,1,1
EHTH,2013-04-24,baseline,HEJFE-9527526FED86FA7D,1,15:26-16:00,35,15:26-16:00,35,1,1,1,1,conditional_on_point_in_time_nasdaq_listing,1,1
GDI,2013-04-24,baseline,HEJFE-8536AD777ECEEACB,1,14:47-15:47,61,14:47-15:52,66,1,1,1,1,conditional_on_point_in_time_nasdaq_listing,1,1
GORO,2013-04-24,baseline,HEJFE-D7BD84C255F2273D,1,15:28-16:00,33,15:28-16:00,33,1,1,1,1,conditional_on_point_in_time_nasdaq_listing,1,1
ISIL,2013-04-24,event,HEJFE-E575622C8FDAB71F,1,14:27-15:27,61,14:27-15:32,66,1,1,1,1,conditional_on_point_in_time_nasdaq_listing,1,1
KELYA,2013-04-24,baseline,HEJFE-5089F8E69B6BC646,1,15:19-16:00,42,15:19-16:00,42,1,1,1,1,conditional_on_point_in_time_nasdaq_listing,1,1
LRCX,2013-04-24,event,HEJFE-66BA40A20548B7E3,1,13:13-14:13,61,13:13-14:18,66,1,1,1,1,conditional_on_point_in_time_nasdaq_listing,1,1
MCRI,2013-04-24,baseline,HEJFE-8F17F6BEDF631C8B,1,14:38-15:38,61,14:38-15:43,66,1,1,1,1,conditional_on_point_in_time_nasdaq_listing,1,1
MCRL,2013-04-24,baseline,HEJFE-489E74F74AFB5AFA,1,14:02-15:02,61,14:02-15:07,66,1,1,1,1,conditional_on_point_in_time_nasdaq_listing,1,1
PFPT,2013-04-24,baseline,HEJFE-6C73B4B05384BC1E,1,14:30-15:30,61,14:30-15:35,66,1,1,1,1,conditional_on_point_in_time_nasdaq_listing,1,1
STMP,2013-04-24,event,HEJFE-06AE65B9C8FB0395,1,14:58-15:58,61,14:58-16:00,63,1,1,1,1,conditional_on_point_in_time_nasdaq_listing,1,1
VRSN,2013-04-24,baseline,HEJFE-1FCAAB3F7CC931CF,1,13:37-14:37,61,13:37-14:42,66,1,1,1,1,conditional_on_point_in_time_nasdaq_listing,1,1
ACO,2013-04-25,event,HEJFE-AC78A2434E4AE8FB,1,14:10-15:10,61,14:10-15:15,66,1,1,1,1,conditional_on_point_in_time_nasdaq_listing,1,1
APC,2013-04-25,baseline,HEJFE-7B8A1A0CD3E2966F,1,12:57-13:57,61,12:57-14:02,66,1,1,1,1,conditional_on_point_in_time_nasdaq_listing,1,1
BIO,2013-04-25,baseline,HEJFE-2FD552B9358078C6,1,15:25-16:00,36,15:25-16:00,36,1,1,1,1,conditional_on_point_in_time_nasdaq_listing,1,1
CAMP,2013-04-25,event,HEJFE-ED8CFC03F1053B9A,1,15:18-16:00,43,15:18-16:00,43,1,1,1,1,conditional_on_point_in_time_nasdaq_listing,1,1
CENX,2013-04-25,event,HEJFE-7CA38C1FDA5EA4D0,1,14:52-15:52,61,14:52-15:57,66,1,1,1,1,conditional_on_point_in_time_nasdaq_listing,1,1
DGI,2013-04-25,baseline,HEJFE-A5AE76F13A48C40F,1,13:59-14:59,61,13:59-15:04,66,1,1,1,1,conditional_on_point_in_time_nasdaq_listing,1,1
ECHO,2013-04-25,event,HEJFE-C368B17FADFC15C7,1,13:44-14:44,61,13:44-14:49,66,1,1,1,1,conditional_on_point_in_time_nasdaq_listing,1,1
EHTH,2013-04-25,event,HEJFE-9527526FED86FA7D,1,15:26-16:00,35,15:26-16:00,35,1,1,1,1,conditional_on_point_in_time_nasdaq_listing,1,1
GDI,2013-04-25,event,HEJFE-8536AD777ECEEACB,1,14:47-15:47,61,14:47-15:52,66,1,1,1,1,conditional_on_point_in_time_nasdaq_listing,1,1
GORO,2013-04-25,baseline,HEJFE-D7BD84C255F2273D,1,15:28-16:00,33,15:28-16:00,33,1,1,1,1,conditional_on_point_in_time_nasdaq_listing,1,1
KELYA,2013-04-25,baseline,HEJFE-5089F8E69B6BC646,1,15:19-16:00,42,15:19-16:00,42,1,1,1,1,conditional_on_point_in_time_nasdaq_listing,1,1
MCRI,2013-04-25,event,HEJFE-8F17F6BEDF631C8B,1,14:38-15:38,61,14:38-15:43,66,1,1,1,1,conditional_on_point_in_time_nasdaq_listing,1,1
MCRL,2013-04-25,event,HEJFE-489E74F74AFB5AFA,1,14:02-15:02,61,14:02-15:07,66,1,1,1,1,conditional_on_point_in_time_nasdaq_listing,1,1
PFPT,2013-04-25,event,HEJFE-6C73B4B05384BC1E,1,14:30-15:30,61,14:30-15:35,66,1,1,1,1,conditional_on_point_in_time_nasdaq_listing,1,1
VRSN,2013-04-25,event,HEJFE-1FCAAB3F7CC931CF,1,13:37-14:37,61,13:37-14:42,66,1,1,1,1,conditional_on_point_in_time_nasdaq_listing,1,1
APC,2013-04-26,baseline,HEJFE-7B8A1A0CD3E2966F,1,12:57-13:57,61,12:57-14:02,66,1,1,1,1,conditional_on_point_in_time_nasdaq_listing,1,1
BIO,2013-04-26,baseline,HEJFE-2FD552B9358078C6,1,15:25-16:00,36,15:25-16:00,36,1,1,1,1,conditional_on_point_in_time_nasdaq_listing,1,1
DGI,2013-04-26,baseline,HEJFE-A5AE76F13A48C40F,1,13:59-14:59,61,13:59-15:04,66,1,1,1,1,conditional_on_point_in_time_nasdaq_listing,1,1
GORO,2013-04-26,baseline,HEJFE-D7BD84C255F2273D,1,15:28-16:00,33,15:28-16:00,33,1,1,1,1,conditional_on_point_in_time_nasdaq_listing,1,1
KELYA,2013-04-26,baseline,HEJFE-5089F8E69B6BC646,1,15:19-16:00,42,15:19-16:00,42,1,1,1,1,conditional_on_point_in_time_nasdaq_listing,1,1
APC,2013-04-29,baseline,HEJFE-7B8A1A0CD3E2966F,1,12:57-13:57,61,12:57-14:02,66,1,1,1,1,conditional_on_point_in_time_nasdaq_listing,1,1
BIO,2013-04-29,baseline,HEJFE-2FD552B9358078C6,1,15:25-16:00,36,15:25-16:00,36,1,1,1,1,conditional_on_point_in_time_nasdaq_listing,1,1
DGI,2013-04-29,baseline,HEJFE-A5AE76F13A48C40F,1,13:59-14:59,61,13:59-15:04,66,1,1,1,1,conditional_on_point_in_time_nasdaq_listing,1,1
GORO,2013-04-29,baseline,HEJFE-D7BD84C255F2273D,1,15:28-16:00,33,15:28-16:00,33,1,1,1,1,conditional_on_point_in_time_nasdaq_listing,1,1
KELYA,2013-04-29,baseline,HEJFE-5089F8E69B6BC646,1,15:19-16:00,42,15:19-16:00,42,1,1,1,1,conditional_on_point_in_time_nasdaq_listing,1,1
APC,2013-04-30,baseline,HEJFE-7B8A1A0CD3E2966F,1,12:57-13:57,61,12:57-14:02,66,1,1,1,1,conditional_on_point_in_time_nasdaq_listing,1,1
BIO,2013-04-30,baseline,HEJFE-2FD552B9358078C6,1,15:25-16:00,36,15:25-16:00,36,1,1,1,1,conditional_on_point_in_time_nasdaq_listing,1,1
DGI,2013-04-30,baseline,HEJFE-A5AE76F13A48C40F,1,13:59-14:59,61,13:59-15:04,66,1,1,1,1,conditional_on_point_in_time_nasdaq_listing,1,1
GORO,2013-04-30,baseline,HEJFE-D7BD84C255F2273D,1,15:28-16:00,33,15:28-16:00,33,1,1,1,1,conditional_on_point_in_time_nasdaq_listing,1,1
KELYA,2013-04-30,baseline,HEJFE-5089F8E69B6BC646,1,15:19-16:00,42,15:19-16:00,42,1,1,1,1,conditional_on_point_in_time_nasdaq_listing,1,1
APC,2013-05-01,baseline,HEJFE-7B8A1A0CD3E2966F,1,12:57-13:57,61,12:57-14:02,66,1,1,1,1,conditional_on_point_in_time_nasdaq_listing,1,1
BIO,2013-05-01,baseline,HEJFE-2FD552B9358078C6,1,15:25-16:00,36,15:25-16:00,36,1,1,1,1,conditional_on_point_in_time_nasdaq_listing,1,1
DGI,2013-05-01,baseline,HEJFE-A5AE76F13A48C40F,1,13:59-14:59,61,13:59-15:04,66,1,1,1,1,conditional_on_point_in_time_nasdaq_listing,1,1
GORO,2013-05-01,baseline,HEJFE-D7BD84C255F2273D,1,15:28-16:00,33,15:28-16:00,33,1,1,1,1,conditional_on_point_in_time_nasdaq_listing,1,1
KELYA,2013-05-01,baseline,HEJFE-5089F8E69B6BC646,1,15:19-16:00,42,15:19-16:00,42,1,1,1,1,conditional_on_point_in_time_nasdaq_listing,1,1
APC,2013-05-02,baseline,HEJFE-7B8A1A0CD3E2966F,1,12:57-13:57,61,12:57-14:02,66,1,1,1,1,conditional_on_point_in_time_nasdaq_listing,1,1
BIO,2013-05-02,baseline,HEJFE-2FD552B9358078C6,1,15:25-16:00,36,15:25-16:00,36,1,1,1,1,conditional_on_point_in_time_nasdaq_listing,1,1
DGI,2013-05-02,baseline,HEJFE-A5AE76F13A48C40F,1,13:59-14:59,61,13:59-15:04,66,1,1,1,1,conditional_on_point_in_time_nasdaq_listing,1,1
GORO,2013-05-02,baseline,HEJFE-D7BD84C255F2273D,1,15:28-16:00,33,15:28-16:00,33,1,1,1,1,conditional_on_point_in_time_nasdaq_listing,1,1
KELYA,2013-05-02,baseline,HEJFE-5089F8E69B6BC646,1,15:19-16:00,42,15:19-16:00,42,1,1,1,1,conditional_on_point_in_time_nasdaq_listing,1,1
APC,2013-05-03,baseline,HEJFE-7B8A1A0CD3E2966F,1,12:57-13:57,61,12:57-14:02,66,1,1,1,1,conditional_on_point_in_time_nasdaq_listing,1,1
BIO,2013-05-03,baseline,HEJFE-2FD552B9358078C6,1,15:25-16:00,36,15:25-16:00,36,1,1,1,1,conditional_on_point_in_time_nasdaq_listing,1,1
DGI,2013-05-03,baseline,HEJFE-A5AE76F13A48C40F,1,13:59-14:59,61,13:59-15:04,66,1,1,1,1,conditional_on_point_in_time_nasdaq_listing,1,1
GORO,2013-05-03,baseline,HEJFE-D7BD84C255F2273D,1,15:28-16:00,33,15:28-16:00,33,1,1,1,1,conditional_on_point_in_time_nasdaq_listing,1,1
KELYA,2013-05-03,baseline,HEJFE-5089F8E69B6BC646,1,15:19-16:00,42,15:19-16:00,42,1,1,1,1,conditional_on_point_in_time_nasdaq_listing,1,1
APC,2013-05-06,event,HEJFE-7B8A1A0CD3E2966F,1,12:57-13:57,61,12:57-14:02,66,1,1,1,1,conditional_on_point_in_time_nasdaq_listing,1,1
BIO,2013-05-06,baseline,HEJFE-2FD552B9358078C6,1,15:25-16:00,36,15:25-16:00,36,1,1,1,1,conditional_on_point_in_time_nasdaq_listing,1,1
DGI,2013-05-06,baseline,HEJFE-A5AE76F13A48C40F,1,13:59-14:59,61,13:59-15:04,66,1,1,1,1,conditional_on_point_in_time_nasdaq_listing,1,1
GORO,2013-05-06,baseline,HEJFE-D7BD84C255F2273D,1,15:28-16:00,33,15:28-16:00,33,1,1,1,1,conditional_on_point_in_time_nasdaq_listing,1,1
KELYA,2013-05-06,baseline,HEJFE-5089F8E69B6BC646,1,15:19-16:00,42,15:19-16:00,42,1,1,1,1,conditional_on_point_in_time_nasdaq_listing,1,1
BIO,2013-05-07,event,HEJFE-2FD552B9358078C6,1,15:25-16:00,36,15:25-16:00,36,1,1,1,1,conditional_on_point_in_time_nasdaq_listing,1,1
DGI,2013-05-07,event,HEJFE-A5AE76F13A48C40F,1,13:59-14:59,61,13:59-15:04,66,1,1,1,1,conditional_on_point_in_time_nasdaq_listing,1,1
GORO,2013-05-07,baseline,HEJFE-D7BD84C255F2273D,1,15:28-16:00,33,15:28-16:00,33,1,1,1,1,conditional_on_point_in_time_nasdaq_listing,1,1
KELYA,2013-05-07,event,HEJFE-5089F8E69B6BC646,1,15:19-16:00,42,15:19-16:00,42,1,1,1,1,conditional_on_point_in_time_nasdaq_listing,1,1
GORO,2013-05-08,event,HEJFE-D7BD84C255F2273D,1,15:28-16:00,33,15:28-16:00,33,1,1,1,1,conditional_on_point_in_time_nasdaq_listing,1,1
JNPR,2013-06-20,baseline,HEJFE-E61095F8DC4132DE,1,14:33-15:33,61,14:33-15:38,66,1,1,1,1,conditional_on_point_in_time_nasdaq_listing,1,1
MTH,2013-06-20,baseline,HEJFE-2D6ABDFDE39E5919,1,14:48-15:48,61,14:48-15:53,66,1,1,1,1,conditional_on_point_in_time_nasdaq_listing,1,1
PNRA,2013-06-20,baseline,HEJFE-600696AB8463FFD8,1,14:41-15:41,61,14:41-15:46,66,1,1,1,1,conditional_on_point_in_time_nasdaq_listing,1,1
VMW,2013-06-20,baseline,HEJFE-3BBEC23702C1A375,1,15:05-16:00,56,15:05-16:00,56,1,1,1,1,conditional_on_point_in_time_nasdaq_listing,1,1
JNPR,2013-06-21,baseline,HEJFE-E61095F8DC4132DE,1,14:33-15:33,61,14:33-15:38,66,1,1,1,1,conditional_on_point_in_time_nasdaq_listing,1,1
MTH,2013-06-21,baseline,HEJFE-2D6ABDFDE39E5919,1,14:48-15:48,61,14:48-15:53,66,1,1,1,1,conditional_on_point_in_time_nasdaq_listing,1,1
PNRA,2013-06-21,baseline,HEJFE-600696AB8463FFD8,1,14:41-15:41,61,14:41-15:46,66,1,1,1,1,conditional_on_point_in_time_nasdaq_listing,1,1
VMW,2013-06-21,baseline,HEJFE-3BBEC23702C1A375,1,15:05-16:00,56,15:05-16:00,56,1,1,1,1,conditional_on_point_in_time_nasdaq_listing,1,1
JNPR,2013-06-24,baseline,HEJFE-E61095F8DC4132DE,1,14:33-15:33,61,14:33-15:38,66,1,1,1,1,conditional_on_point_in_time_nasdaq_listing,1,1
MTH,2013-06-24,baseline,HEJFE-2D6ABDFDE39E5919,1,14:48-15:48,61,14:48-15:53,66,1,1,1,1,conditional_on_point_in_time_nasdaq_listing,1,1
PNRA,2013-06-24,baseline,HEJFE-600696AB8463FFD8,1,14:41-15:41,61,14:41-15:46,66,1,1,1,1,conditional_on_point_in_time_nasdaq_listing,1,1
VMW,2013-06-24,baseline,HEJFE-3BBEC23702C1A375,1,15:05-16:00,56,15:05-16:00,56,1,1,1,1,conditional_on_point_in_time_nasdaq_listing,1,1
JNPR,2013-06-25,baseline,HEJFE-E61095F8DC4132DE,1,14:33-15:33,61,14:33-15:38,66,1,1,1,1,conditional_on_point_in_time_nasdaq_listing,1,1
MTH,2013-06-25,baseline,HEJFE-2D6ABDFDE39E5919,1,14:48-15:48,61,14:48-15:53,66,1,1,1,1,conditional_on_point_in_time_nasdaq_listing,1,1
PNRA,2013-06-25,baseline,HEJFE-600696AB8463FFD8,1,14:41-15:41,61,14:41-15:46,66,1,1,1,1,conditional_on_point_in_time_nasdaq_listing,1,1
VMW,2013-06-25,baseline,HEJFE-3BBEC23702C1A375,1,15:05-16:00,56,15:05-16:00,56,1,1,1,1,conditional_on_point_in_time_nasdaq_listing,1,1
JNPR,2013-06-26,baseline,HEJFE-E61095F8DC4132DE,1,14:33-15:33,61,14:33-15:38,66,1,1,1,1,conditional_on_point_in_time_nasdaq_listing,1,1
MTH,2013-06-26,baseline,HEJFE-2D6ABDFDE39E5919,1,14:48-15:48,61,14:48-15:53,66,1,1,1,1,conditional_on_point_in_time_nasdaq_listing,1,1
PNRA,2013-06-26,baseline,HEJFE-600696AB8463FFD8,1,14:41-15:41,61,14:41-15:46,66,1,1,1,1,conditional_on_point_in_time_nasdaq_listing,1,1
VMW,2013-06-26,baseline,HEJFE-3BBEC23702C1A375,1,15:05-16:00,56,15:05-16:00,56,1,1,1,1,conditional_on_point_in_time_nasdaq_listing,1,1
JNPR,2013-06-27,baseline,HEJFE-E61095F8DC4132DE,1,14:33-15:33,61,14:33-15:38,66,1,1,1,1,conditional_on_point_in_time_nasdaq_listing,1,1
MTH,2013-06-27,baseline,HEJFE-2D6ABDFDE39E5919,1,14:48-15:48,61,14:48-15:53,66,1,1,1,1,conditional_on_point_in_time_nasdaq_listing,1,1
PNRA,2013-06-27,baseline,HEJFE-600696AB8463FFD8,1,14:41-15:41,61,14:41-15:46,66,1,1,1,1,conditional_on_point_in_time_nasdaq_listing,1,1
VMW,2013-06-27,baseline,HEJFE-3BBEC23702C1A375,1,15:05-16:00,56,15:05-16:00,56,1,1,1,1,conditional_on_point_in_time_nasdaq_listing,1,1
JNPR,2013-06-28,baseline,HEJFE-E61095F8DC4132DE,1,14:33-15:33,61,14:33-15:38,66,1,1,1,1,conditional_on_point_in_time_nasdaq_listing,1,1
MTH,2013-06-28,baseline,HEJFE-2D6ABDFDE39E5919,1,14:48-15:48,61,14:48-15:53,66,1,1,1,1,conditional_on_point_in_time_nasdaq_listing,1,1
PNRA,2013-06-28,baseline,HEJFE-600696AB8463FFD8,1,14:41-15:41,61,14:41-15:46,66,1,1,1,1,conditional_on_point_in_time_nasdaq_listing,1,1
VMW,2013-06-28,baseline,HEJFE-3BBEC23702C1A375,1,15:05-16:00,56,15:05-16:00,56,1,1,1,1,conditional_on_point_in_time_nasdaq_listing,1,1
JNPR,2013-07-01,baseline,HEJFE-E61095F8DC4132DE,1,14:33-15:33,61,14:33-15:38,66,1,1,1,1,conditional_on_point_in_time_nasdaq_listing,1,1
MTH,2013-07-01,baseline,HEJFE-2D6ABDFDE39E5919,1,14:48-15:48,61,14:48-15:53,66,1,1,1,1,conditional_on_point_in_time_nasdaq_listing,1,1
PNRA,2013-07-01,baseline,HEJFE-600696AB8463FFD8,1,14:41-15:41,61,14:41-15:46,66,1,1,1,1,conditional_on_point_in_time_nasdaq_listing,1,1
VMW,2013-07-01,baseline,HEJFE-3BBEC23702C1A375,1,15:05-16:00,56,15:05-16:00,56,1,1,1,1,conditional_on_point_in_time_nasdaq_listing,1,1
JNPR,2013-07-02,baseline,HEJFE-E61095F8DC4132DE,1,14:33-15:33,61,14:33-15:38,66,1,1,1,1,conditional_on_point_in_time_nasdaq_listing,1,1
MTH,2013-07-02,baseline,HEJFE-2D6ABDFDE39E5919,1,14:48-15:48,61,14:48-15:53,66,1,1,1,1,conditional_on_point_in_time_nasdaq_listing,1,1
PNRA,2013-07-02,baseline,HEJFE-600696AB8463FFD8,1,14:41-15:41,61,14:41-15:46,66,1,1,1,1,conditional_on_point_in_time_nasdaq_listing,1,1
VMW,2013-07-02,baseline,HEJFE-3BBEC23702C1A375,1,15:05-16:00,56,15:05-16:00,56,1,1,1,1,conditional_on_point_in_time_nasdaq_listing,1,1
JNPR,2013-07-05,baseline,HEJFE-E61095F8DC4132DE,1,14:33-15:33,61,14:33-15:38,66,1,1,1,1,conditional_on_point_in_time_nasdaq_listing,1,1
MTH,2013-07-05,baseline,HEJFE-2D6ABDFDE39E5919,1,14:48-15:48,61,14:48-15:53,66,1,1,1,1,conditional_on_point_in_time_nasdaq_listing,1,1
PNRA,2013-07-05,baseline,HEJFE-600696AB8463FFD8,1,14:41-15:41,61,14:41-15:46,66,1,1,1,1,conditional_on_point_in_time_nasdaq_listing,1,1
VMW,2013-07-05,baseline,HEJFE-3BBEC23702C1A375,1,15:05-16:00,56,15:05-16:00,56,1,1,1,1,conditional_on_point_in_time_nasdaq_listing,1,1
JNPR,2013-07-08,baseline,HEJFE-E61095F8DC4132DE,1,14:33-15:33,61,14:33-15:38,66,1,1,1,1,conditional_on_point_in_time_nasdaq_listing,1,1
MTH,2013-07-08,baseline,HEJFE-2D6ABDFDE39E5919,1,14:48-15:48,61,14:48-15:53,66,1,1,1,1,conditional_on_point_in_time_nasdaq_listing,1,1
PNRA,2013-07-08,baseline,HEJFE-600696AB8463FFD8,1,14:41-15:41,61,14:41-15:46,66,1,1,1,1,conditional_on_point_in_time_nasdaq_listing,1,1
VMW,2013-07-08,baseline,HEJFE-3BBEC23702C1A375,1,15:05-16:00,56,15:05-16:00,56,1,1,1,1,conditional_on_point_in_time_nasdaq_listing,1,1
JNPR,2013-07-09,baseline,HEJFE-E61095F8DC4132DE,1,14:33-15:33,61,14:33-15:38,66,1,1,1,1,conditional_on_point_in_time_nasdaq_listing,1,1
MTH,2013-07-09,baseline,HEJFE-2D6ABDFDE39E5919,1,14:48-15:48,61,14:48-15:53,66,1,1,1,1,conditional_on_point_in_time_nasdaq_listing,1,1
PNRA,2013-07-09,baseline,HEJFE-600696AB8463FFD8,1,14:41-15:41,61,14:41-15:46,66,1,1,1,1,conditional_on_point_in_time_nasdaq_listing,1,1
VMW,2013-07-09,baseline,HEJFE-3BBEC23702C1A375,1,15:05-16:00,56,15:05-16:00,56,1,1,1,1,conditional_on_point_in_time_nasdaq_listing,1,1
JNPR,2013-07-10,baseline,HEJFE-E61095F8DC4132DE,1,14:33-15:33,61,14:33-15:38,66,1,1,1,1,conditional_on_point_in_time_nasdaq_listing,1,1
MTH,2013-07-10,baseline,HEJFE-2D6ABDFDE39E5919,1,14:48-15:48,61,14:48-15:53,66,1,1,1,1,conditional_on_point_in_time_nasdaq_listing,1,1
PNRA,2013-07-10,baseline,HEJFE-600696AB8463FFD8,1,14:41-15:41,61,14:41-15:46,66,1,1,1,1,conditional_on_point_in_time_nasdaq_listing,1,1
VMW,2013-07-10,baseline,HEJFE-3BBEC23702C1A375,1,15:05-16:00,56,15:05-16:00,56,1,1,1,1,conditional_on_point_in_time_nasdaq_listing,1,1
JNPR,2013-07-11,baseline,HEJFE-E61095F8DC4132DE,1,14:33-15:33,61,14:33-15:38,66,1,1,1,1,conditional_on_point_in_time_nasdaq_listing,1,1
MTH,2013-07-11,baseline,HEJFE-2D6ABDFDE39E5919,1,14:48-15:48,61,14:48-15:53,66,1,1,1,1,conditional_on_point_in_time_nasdaq_listing,1,1
PNRA,2013-07-11,baseline,HEJFE-600696AB8463FFD8,1,14:41-15:41,61,14:41-15:46,66,1,1,1,1,conditional_on_point_in_time_nasdaq_listing,1,1
VMW,2013-07-11,baseline,HEJFE-3BBEC23702C1A375,1,15:05-16:00,56,15:05-16:00,56,1,1,1,1,conditional_on_point_in_time_nasdaq_listing,1,1
JNPR,2013-07-12,baseline,HEJFE-E61095F8DC4132DE,1,14:33-15:33,61,14:33-15:38,66,1,1,1,1,conditional_on_point_in_time_nasdaq_listing,1,1
MTH,2013-07-12,baseline,HEJFE-2D6ABDFDE39E5919,1,14:48-15:48,61,14:48-15:53,66,1,1,1,1,conditional_on_point_in_time_nasdaq_listing,1,1
PNRA,2013-07-12,baseline,HEJFE-600696AB8463FFD8,1,14:41-15:41,61,14:41-15:46,66,1,1,1,1,conditional_on_point_in_time_nasdaq_listing,1,1
VMW,2013-07-12,baseline,HEJFE-3BBEC23702C1A375,1,15:05-16:00,56,15:05-16:00,56,1,1,1,1,conditional_on_point_in_time_nasdaq_listing,1,1
JNPR,2013-07-15,baseline,HEJFE-E61095F8DC4132DE,1,14:33-15:33,61,14:33-15:38,66,1,1,1,1,conditional_on_point_in_time_nasdaq_listing,1,1
MTH,2013-07-15,baseline,HEJFE-2D6ABDFDE39E5919,1,14:48-15:48,61,14:48-15:53,66,1,1,1,1,conditional_on_point_in_time_nasdaq_listing,1,1
PNRA,2013-07-15,baseline,HEJFE-600696AB8463FFD8,1,14:41-15:41,61,14:41-15:46,66,1,1,1,1,conditional_on_point_in_time_nasdaq_listing,1,1
VMW,2013-07-15,baseline,HEJFE-3BBEC23702C1A375,1,15:05-16:00,56,15:05-16:00,56,1,1,1,1,conditional_on_point_in_time_nasdaq_listing,1,1
JNPR,2013-07-16,baseline,HEJFE-E61095F8DC4132DE,1,14:33-15:33,61,14:33-15:38,66,1,1,1,1,conditional_on_point_in_time_nasdaq_listing,1,1
MTH,2013-07-16,baseline,HEJFE-2D6ABDFDE39E5919,1,14:48-15:48,61,14:48-15:53,66,1,1,1,1,conditional_on_point_in_time_nasdaq_listing,1,1
PNRA,2013-07-16,baseline,HEJFE-600696AB8463FFD8,1,14:41-15:41,61,14:41-15:46,66,1,1,1,1,conditional_on_point_in_time_nasdaq_listing,1,1
VMW,2013-07-16,baseline,HEJFE-3BBEC23702C1A375,1,15:05-16:00,56,15:05-16:00,56,1,1,1,1,conditional_on_point_in_time_nasdaq_listing,1,1
JNPR,2013-07-17,baseline,HEJFE-E61095F8DC4132DE,1,14:33-15:33,61,14:33-15:38,66,1,1,1,1,conditional_on_point_in_time_nasdaq_listing,1,1
MTH,2013-07-17,baseline,HEJFE-2D6ABDFDE39E5919,1,14:48-15:48,61,14:48-15:53,66,1,1,1,1,conditional_on_point_in_time_nasdaq_listing,1,1
PNRA,2013-07-17,baseline,HEJFE-600696AB8463FFD8,1,14:41-15:41,61,14:41-15:46,66,1,1,1,1,conditional_on_point_in_time_nasdaq_listing,1,1
VMW,2013-07-17,baseline,HEJFE-3BBEC23702C1A375,1,15:05-16:00,56,15:05-16:00,56,1,1,1,1,conditional_on_point_in_time_nasdaq_listing,1,1
JNPR,2013-07-18,baseline,HEJFE-E61095F8DC4132DE,1,14:33-15:33,61,14:33-15:38,66,1,1,1,1,conditional_on_point_in_time_nasdaq_listing,1,1
MTH,2013-07-18,baseline,HEJFE-2D6ABDFDE39E5919,1,14:48-15:48,61,14:48-15:53,66,1,1,1,1,conditional_on_point_in_time_nasdaq_listing,1,1
PNRA,2013-07-18,baseline,HEJFE-600696AB8463FFD8,1,14:41-15:41,61,14:41-15:46,66,1,1,1,1,conditional_on_point_in_time_nasdaq_listing,1,1
VMW,2013-07-18,baseline,HEJFE-3BBEC23702C1A375,1,15:05-16:00,56,15:05-16:00,56,1,1,1,1,conditional_on_point_in_time_nasdaq_listing,1,1
JNPR,2013-07-19,baseline,HEJFE-E61095F8DC4132DE,1,14:33-15:33,61,14:33-15:38,66,1,1,1,1,conditional_on_point_in_time_nasdaq_listing,1,1
MTH,2013-07-19,baseline,HEJFE-2D6ABDFDE39E5919,1,14:48-15:48,61,14:48-15:53,66,1,1,1,1,conditional_on_point_in_time_nasdaq_listing,1,1
PNRA,2013-07-19,baseline,HEJFE-600696AB8463FFD8,1,14:41-15:41,61,14:41-15:46,66,1,1,1,1,conditional_on_point_in_time_nasdaq_listing,1,1
VMW,2013-07-19,baseline,HEJFE-3BBEC23702C1A375,1,15:05-16:00,56,15:05-16:00,56,1,1,1,1,conditional_on_point_in_time_nasdaq_listing,1,1
JNPR,2013-07-22,baseline,HEJFE-E61095F8DC4132DE,1,14:33-15:33,61,14:33-15:38,66,1,1,1,1,conditional_on_point_in_time_nasdaq_listing,1,1
MTH,2013-07-22,baseline,HEJFE-2D6ABDFDE39E5919,1,14:48-15:48,61,14:48-15:53,66,1,1,1,1,conditional_on_point_in_time_nasdaq_listing,1,1
PNRA,2013-07-22,baseline,HEJFE-600696AB8463FFD8,1,14:41-15:41,61,14:41-15:46,66,1,1,1,1,conditional_on_point_in_time_nasdaq_listing,1,1
VMW,2013-07-22,baseline,HEJFE-3BBEC23702C1A375,1,15:05-16:00,56,15:05-16:00,56,1,1,1,1,conditional_on_point_in_time_nasdaq_listing,1,1
JNPR,2013-07-23,event,HEJFE-E61095F8DC4132DE,1,14:33-15:33,61,14:33-15:38,66,1,1,1,1,conditional_on_point_in_time_nasdaq_listing,1,1
MTH,2013-07-23,event,HEJFE-2D6ABDFDE39E5919,1,14:48-15:48,61,14:48-15:53,66,1,1,1,1,conditional_on_point_in_time_nasdaq_listing,1,1
PNRA,2013-07-23,event,HEJFE-600696AB8463FFD8,1,14:41-15:41,61,14:41-15:46,66,1,1,1,1,conditional_on_point_in_time_nasdaq_listing,1,1
VMW,2013-07-23,event,HEJFE-3BBEC23702C1A375,1,15:05-16:00,56,15:05-16:00,56,1,1,1,1,conditional_on_point_in_time_nasdaq_listing,1,1
TIBX,2013-08-20,baseline,HEJFE-2C887DA6F617936F,1,14:59-15:59,61,14:59-16:00,62,1,1,1,1,conditional_on_point_in_time_nasdaq_listing,1,1
TIBX,2013-08-21,baseline,HEJFE-2C887DA6F617936F,1,14:59-15:59,61,14:59-16:00,62,1,1,1,1,conditional_on_point_in_time_nasdaq_listing,1,1
TIBX,2013-08-22,baseline,HEJFE-2C887DA6F617936F,1,14:59-15:59,61,14:59-16:00,62,1,1,1,1,conditional_on_point_in_time_nasdaq_listing,1,1
TIBX,2013-08-23,baseline,HEJFE-2C887DA6F617936F,1,14:59-15:59,61,14:59-16:00,62,1,1,1,1,conditional_on_point_in_time_nasdaq_listing,1,1
TIBX,2013-08-26,baseline,HEJFE-2C887DA6F617936F,1,14:59-15:59,61,14:59-16:00,62,1,1,1,1,conditional_on_point_in_time_nasdaq_listing,1,1
TIBX,2013-08-27,baseline,HEJFE-2C887DA6F617936F,1,14:59-15:59,61,14:59-16:00,62,1,1,1,1,conditional_on_point_in_time_nasdaq_listing,1,1
TIBX,2013-08-28,baseline,HEJFE-2C887DA6F617936F,1,14:59-15:59,61,14:59-16:00,62,1,1,1,1,conditional_on_point_in_time_nasdaq_listing,1,1
TIBX,2013-08-29,baseline,HEJFE-2C887DA6F617936F,1,14:59-15:59,61,14:59-16:00,62,1,1,1,1,conditional_on_point_in_time_nasdaq_listing,1,1
TIBX,2013-08-30,baseline,HEJFE-2C887DA6F617936F,1,14:59-15:59,61,14:59-16:00,62,1,1,1,1,conditional_on_point_in_time_nasdaq_listing,1,1
TIBX,2013-09-03,baseline,HEJFE-2C887DA6F617936F,1,14:59-15:59,61,14:59-16:00,62,1,1,1,1,conditional_on_point_in_time_nasdaq_listing,1,1
TIBX,2013-09-04,baseline,HEJFE-2C887DA6F617936F,1,14:59-15:59,61,14:59-16:00,62,1,1,1,1,conditional_on_point_in_time_nasdaq_listing,1,1
TIBX,2013-09-05,baseline,HEJFE-2C887DA6F617936F,1,14:59-15:59,61,14:59-16:00,62,1,1,1,1,conditional_on_point_in_time_nasdaq_listing,1,1
TIBX,2013-09-06,baseline,HEJFE-2C887DA6F617936F,1,14:59-15:59,61,14:59-16:00,62,1,1,1,1,conditional_on_point_in_time_nasdaq_listing,1,1
TIBX,2013-09-09,baseline,HEJFE-2C887DA6F617936F,1,14:59-15:59,61,14:59-16:00,62,1,1,1,1,conditional_on_point_in_time_nasdaq_listing,1,1
TIBX,2013-09-10,baseline,HEJFE-2C887DA6F617936F,1,14:59-15:59,61,14:59-16:00,62,1,1,1,1,conditional_on_point_in_time_nasdaq_listing,1,1
TIBX,2013-09-11,baseline,HEJFE-2C887DA6F617936F,1,14:59-15:59,61,14:59-16:00,62,1,1,1,1,conditional_on_point_in_time_nasdaq_listing,1,1
TIBX,2013-09-12,baseline,HEJFE-2C887DA6F617936F,1,14:59-15:59,61,14:59-16:00,62,1,1,1,1,conditional_on_point_in_time_nasdaq_listing,1,1
TIBX,2013-09-13,baseline,HEJFE-2C887DA6F617936F,1,14:59-15:59,61,14:59-16:00,62,1,1,1,1,conditional_on_point_in_time_nasdaq_listing,1,1
TIBX,2013-09-16,baseline,HEJFE-2C887DA6F617936F,1,14:59-15:59,61,14:59-16:00,62,1,1,1,1,conditional_on_point_in_time_nasdaq_listing,1,1
TIBX,2013-09-17,baseline,HEJFE-2C887DA6F617936F,1,14:59-15:59,61,14:59-16:00,62,1,1,1,1,conditional_on_point_in_time_nasdaq_listing,1,1
ALGN,2013-09-18,baseline,HEJFE-830337A8564B826E,1,13:13-14:13,61,13:13-14:18,66,1,1,1,1,conditional_on_point_in_time_nasdaq_listing,1,1
AMD,2013-09-18,baseline,HEJFE-B46D4F8F72DD0212,1,14:10-15:10,61,14:10-15:15,66,1,1,1,1,conditional_on_point_in_time_nasdaq_listing,1,1
TIBX,2013-09-18,baseline,HEJFE-2C887DA6F617936F,1,14:59-15:59,61,14:59-16:00,62,1,1,1,1,conditional_on_point_in_time_nasdaq_listing,1,1
ALGN,2013-09-19,baseline,HEJFE-830337A8564B826E,1,13:13-14:13,61,13:13-14:18,66,1,1,1,1,conditional_on_point_in_time_nasdaq_listing,1,1
AMD,2013-09-19,baseline,HEJFE-B46D4F8F72DD0212,1,14:10-15:10,61,14:10-15:15,66,1,1,1,1,conditional_on_point_in_time_nasdaq_listing,1,1
TIBX,2013-09-19,event,HEJFE-2C887DA6F617936F,1,14:59-15:59,61,14:59-16:00,62,1,1,1,1,conditional_on_point_in_time_nasdaq_listing,1,1
ALGN,2013-09-20,baseline,HEJFE-830337A8564B826E,1,13:13-14:13,61,13:13-14:18,66,1,1,1,1,conditional_on_point_in_time_nasdaq_listing,1,1
AMD,2013-09-20,baseline,HEJFE-B46D4F8F72DD0212,1,14:10-15:10,61,14:10-15:15,66,1,1,1,1,conditional_on_point_in_time_nasdaq_listing,1,1
GNTX,2013-09-20,baseline,HEJFE-BD3F577ADD90D512,1,14:51-15:51,61,14:51-15:56,66,1,1,1,1,conditional_on_point_in_time_nasdaq_listing,1,1
VMW,2013-09-20,baseline,HEJFE-350B3481A9CBBF0E,1,15:19-16:00,42,15:19-16:00,42,1,1,1,1,conditional_on_point_in_time_nasdaq_listing,1,1
ALGN,2013-09-23,baseline,HEJFE-830337A8564B826E,1,13:13-14:13,61,13:13-14:18,66,1,1,1,1,conditional_on_point_in_time_nasdaq_listing,1,1
AMD,2013-09-23,baseline,HEJFE-B46D4F8F72DD0212,1,14:10-15:10,61,14:10-15:15,66,1,1,1,1,conditional_on_point_in_time_nasdaq_listing,1,1
GNTX,2013-09-23,baseline,HEJFE-BD3F577ADD90D512,1,14:51-15:51,61,14:51-15:56,66,1,1,1,1,conditional_on_point_in_time_nasdaq_listing,1,1
JNPR,2013-09-23,baseline,HEJFE-F20ECC0C09BBC89E,1,13:28-14:28,61,13:28-14:33,66,1,1,1,1,conditional_on_point_in_time_nasdaq_listing,1,1
PNRA,2013-09-23,baseline,HEJFE-8167467EBF64AABE,1,14:50-15:50,61,14:50-15:55,66,1,1,1,1,conditional_on_point_in_time_nasdaq_listing,1,1
VMW,2013-09-23,baseline,HEJFE-350B3481A9CBBF0E,1,15:19-16:00,42,15:19-16:00,42,1,1,1,1,conditional_on_point_in_time_nasdaq_listing,1,1
ALGN,2013-09-24,baseline,HEJFE-830337A8564B826E,1,13:13-14:13,61,13:13-14:18,66,1,1,1,1,conditional_on_point_in_time_nasdaq_listing,1,1
AMD,2013-09-24,baseline,HEJFE-B46D4F8F72DD0212,1,14:10-15:10,61,14:10-15:15,66,1,1,1,1,conditional_on_point_in_time_nasdaq_listing,1,1
GNTX,2013-09-24,baseline,HEJFE-BD3F577ADD90D512,1,14:51-15:51,61,14:51-15:56,66,1,1,1,1,conditional_on_point_in_time_nasdaq_listing,1,1
JNPR,2013-09-24,baseline,HEJFE-F20ECC0C09BBC89E,1,13:28-14:28,61,13:28-14:33,66,1,1,1,1,conditional_on_point_in_time_nasdaq_listing,1,1
PNRA,2013-09-24,baseline,HEJFE-8167467EBF64AABE,1,14:50-15:50,61,14:50-15:55,66,1,1,1,1,conditional_on_point_in_time_nasdaq_listing,1,1
VMW,2013-09-24,baseline,HEJFE-350B3481A9CBBF0E,1,15:19-16:00,42,15:19-16:00,42,1,1,1,1,conditional_on_point_in_time_nasdaq_listing,1,1
ALGN,2013-09-25,baseline,HEJFE-830337A8564B826E,1,13:13-14:13,61,13:13-14:18,66,1,1,1,1,conditional_on_point_in_time_nasdaq_listing,1,1
AMD,2013-09-25,baseline,HEJFE-B46D4F8F72DD0212,1,14:10-15:10,61,14:10-15:15,66,1,1,1,1,conditional_on_point_in_time_nasdaq_listing,1,1
GNTX,2013-09-25,baseline,HEJFE-BD3F577ADD90D512,1,14:51-15:51,61,14:51-15:56,66,1,1,1,1,conditional_on_point_in_time_nasdaq_listing,1,1
JNPR,2013-09-25,baseline,HEJFE-F20ECC0C09BBC89E,1,13:28-14:28,61,13:28-14:33,66,1,1,1,1,conditional_on_point_in_time_nasdaq_listing,1,1
PNRA,2013-09-25,baseline,HEJFE-8167467EBF64AABE,1,14:50-15:50,61,14:50-15:55,66,1,1,1,1,conditional_on_point_in_time_nasdaq_listing,1,1
VMW,2013-09-25,baseline,HEJFE-350B3481A9CBBF0E,1,15:19-16:00,42,15:19-16:00,42,1,1,1,1,conditional_on_point_in_time_nasdaq_listing,1,1
ALGN,2013-09-26,baseline,HEJFE-830337A8564B826E,1,13:13-14:13,61,13:13-14:18,66,1,1,1,1,conditional_on_point_in_time_nasdaq_listing,1,1
AMD,2013-09-26,baseline,HEJFE-B46D4F8F72DD0212,1,14:10-15:10,61,14:10-15:15,66,1,1,1,1,conditional_on_point_in_time_nasdaq_listing,1,1
GNTX,2013-09-26,baseline,HEJFE-BD3F577ADD90D512,1,14:51-15:51,61,14:51-15:56,66,1,1,1,1,conditional_on_point_in_time_nasdaq_listing,1,1
JNPR,2013-09-26,baseline,HEJFE-F20ECC0C09BBC89E,1,13:28-14:28,61,13:28-14:33,66,1,1,1,1,conditional_on_point_in_time_nasdaq_listing,1,1
PNRA,2013-09-26,baseline,HEJFE-8167467EBF64AABE,1,14:50-15:50,61,14:50-15:55,66,1,1,1,1,conditional_on_point_in_time_nasdaq_listing,1,1
VMW,2013-09-26,baseline,HEJFE-350B3481A9CBBF0E,1,15:19-16:00,42,15:19-16:00,42,1,1,1,1,conditional_on_point_in_time_nasdaq_listing,1,1
ALGN,2013-09-27,baseline,HEJFE-830337A8564B826E,1,13:13-14:13,61,13:13-14:18,66,1,1,1,1,conditional_on_point_in_time_nasdaq_listing,1,1
AMD,2013-09-27,baseline,HEJFE-B46D4F8F72DD0212,1,14:10-15:10,61,14:10-15:15,66,1,1,1,1,conditional_on_point_in_time_nasdaq_listing,1,1
GNTX,2013-09-27,baseline,HEJFE-BD3F577ADD90D512,1,14:51-15:51,61,14:51-15:56,66,1,1,1,1,conditional_on_point_in_time_nasdaq_listing,1,1
JNPR,2013-09-27,baseline,HEJFE-F20ECC0C09BBC89E,1,13:28-14:28,61,13:28-14:33,66,1,1,1,1,conditional_on_point_in_time_nasdaq_listing,1,1
PNRA,2013-09-27,baseline,HEJFE-8167467EBF64AABE,1,14:50-15:50,61,14:50-15:55,66,1,1,1,1,conditional_on_point_in_time_nasdaq_listing,1,1
VMW,2013-09-27,baseline,HEJFE-350B3481A9CBBF0E,1,15:19-16:00,42,15:19-16:00,42,1,1,1,1,conditional_on_point_in_time_nasdaq_listing,1,1
ALGN,2013-09-30,baseline,HEJFE-830337A8564B826E,1,13:13-14:13,61,13:13-14:18,66,1,1,1,1,conditional_on_point_in_time_nasdaq_listing,1,1
AMD,2013-09-30,baseline,HEJFE-B46D4F8F72DD0212,1,14:10-15:10,61,14:10-15:15,66,1,1,1,1,conditional_on_point_in_time_nasdaq_listing,1,1
GNTX,2013-09-30,baseline,HEJFE-BD3F577ADD90D512,1,14:51-15:51,61,14:51-15:56,66,1,1,1,1,conditional_on_point_in_time_nasdaq_listing,1,1
JNPR,2013-09-30,baseline,HEJFE-F20ECC0C09BBC89E,1,13:28-14:28,61,13:28-14:33,66,1,1,1,1,conditional_on_point_in_time_nasdaq_listing,1,1
PNRA,2013-09-30,baseline,HEJFE-8167467EBF64AABE,1,14:50-15:50,61,14:50-15:55,66,1,1,1,1,conditional_on_point_in_time_nasdaq_listing,1,1
VMW,2013-09-30,baseline,HEJFE-350B3481A9CBBF0E,1,15:19-16:00,42,15:19-16:00,42,1,1,1,1,conditional_on_point_in_time_nasdaq_listing,1,1
ALGN,2013-10-01,baseline,HEJFE-830337A8564B826E,1,13:13-14:13,61,13:13-14:18,66,1,1,1,1,conditional_on_point_in_time_nasdaq_listing,1,1
AMD,2013-10-01,baseline,HEJFE-B46D4F8F72DD0212,1,14:10-15:10,61,14:10-15:15,66,1,1,1,1,conditional_on_point_in_time_nasdaq_listing,1,1
GNTX,2013-10-01,baseline,HEJFE-BD3F577ADD90D512,1,14:51-15:51,61,14:51-15:56,66,1,1,1,1,conditional_on_point_in_time_nasdaq_listing,1,1
JNPR,2013-10-01,baseline,HEJFE-F20ECC0C09BBC89E,1,13:28-14:28,61,13:28-14:33,66,1,1,1,1,conditional_on_point_in_time_nasdaq_listing,1,1
PNRA,2013-10-01,baseline,HEJFE-8167467EBF64AABE,1,14:50-15:50,61,14:50-15:55,66,1,1,1,1,conditional_on_point_in_time_nasdaq_listing,1,1
VMW,2013-10-01,baseline,HEJFE-350B3481A9CBBF0E,1,15:19-16:00,42,15:19-16:00,42,1,1,1,1,conditional_on_point_in_time_nasdaq_listing,1,1
ALGN,2013-10-02,baseline,HEJFE-830337A8564B826E,1,13:13-14:13,61,13:13-14:18,66,1,1,1,1,conditional_on_point_in_time_nasdaq_listing,1,1
AMD,2013-10-02,baseline,HEJFE-B46D4F8F72DD0212,1,14:10-15:10,61,14:10-15:15,66,1,1,1,1,conditional_on_point_in_time_nasdaq_listing,1,1
GNTX,2013-10-02,baseline,HEJFE-BD3F577ADD90D512,1,14:51-15:51,61,14:51-15:56,66,1,1,1,1,conditional_on_point_in_time_nasdaq_listing,1,1
JNPR,2013-10-02,baseline,HEJFE-F20ECC0C09BBC89E,1,13:28-14:28,61,13:28-14:33,66,1,1,1,1,conditional_on_point_in_time_nasdaq_listing,1,1
PNRA,2013-10-02,baseline,HEJFE-8167467EBF64AABE,1,14:50-15:50,61,14:50-15:55,66,1,1,1,1,conditional_on_point_in_time_nasdaq_listing,1,1
VMW,2013-10-02,baseline,HEJFE-350B3481A9CBBF0E,1,15:19-16:00,42,15:19-16:00,42,1,1,1,1,conditional_on_point_in_time_nasdaq_listing,1,1
ALGN,2013-10-03,baseline,HEJFE-830337A8564B826E,1,13:13-14:13,61,13:13-14:18,66,1,1,1,1,conditional_on_point_in_time_nasdaq_listing,1,1
AMD,2013-10-03,baseline,HEJFE-B46D4F8F72DD0212,1,14:10-15:10,61,14:10-15:15,66,1,1,1,1,conditional_on_point_in_time_nasdaq_listing,1,1
GNTX,2013-10-03,baseline,HEJFE-BD3F577ADD90D512,1,14:51-15:51,61,14:51-15:56,66,1,1,1,1,conditional_on_point_in_time_nasdaq_listing,1,1
JNPR,2013-10-03,baseline,HEJFE-F20ECC0C09BBC89E,1,13:28-14:28,61,13:28-14:33,66,1,1,1,1,conditional_on_point_in_time_nasdaq_listing,1,1
PNRA,2013-10-03,baseline,HEJFE-8167467EBF64AABE,1,14:50-15:50,61,14:50-15:55,66,1,1,1,1,conditional_on_point_in_time_nasdaq_listing,1,1
VMW,2013-10-03,baseline,HEJFE-350B3481A9CBBF0E,1,15:19-16:00,42,15:19-16:00,42,1,1,1,1,conditional_on_point_in_time_nasdaq_listing,1,1
ALGN,2013-10-04,baseline,HEJFE-830337A8564B826E,1,13:13-14:13,61,13:13-14:18,66,1,1,1,1,conditional_on_point_in_time_nasdaq_listing,1,1
AMD,2013-10-04,baseline,HEJFE-B46D4F8F72DD0212,1,14:10-15:10,61,14:10-15:15,66,1,1,1,1,conditional_on_point_in_time_nasdaq_listing,1,1
GNTX,2013-10-04,baseline,HEJFE-BD3F577ADD90D512,1,14:51-15:51,61,14:51-15:56,66,1,1,1,1,conditional_on_point_in_time_nasdaq_listing,1,1
JNPR,2013-10-04,baseline,HEJFE-F20ECC0C09BBC89E,1,13:28-14:28,61,13:28-14:33,66,1,1,1,1,conditional_on_point_in_time_nasdaq_listing,1,1
PNRA,2013-10-04,baseline,HEJFE-8167467EBF64AABE,1,14:50-15:50,61,14:50-15:55,66,1,1,1,1,conditional_on_point_in_time_nasdaq_listing,1,1
VMW,2013-10-04,baseline,HEJFE-350B3481A9CBBF0E,1,15:19-16:00,42,15:19-16:00,42,1,1,1,1,conditional_on_point_in_time_nasdaq_listing,1,1
ALGN,2013-10-07,baseline,HEJFE-830337A8564B826E,1,13:13-14:13,61,13:13-14:18,66,1,1,1,1,conditional_on_point_in_time_nasdaq_listing,1,1
AMD,2013-10-07,baseline,HEJFE-B46D4F8F72DD0212,1,14:10-15:10,61,14:10-15:15,66,1,1,1,1,conditional_on_point_in_time_nasdaq_listing,1,1
GNTX,2013-10-07,baseline,HEJFE-BD3F577ADD90D512,1,14:51-15:51,61,14:51-15:56,66,1,1,1,1,conditional_on_point_in_time_nasdaq_listing,1,1
JNPR,2013-10-07,baseline,HEJFE-F20ECC0C09BBC89E,1,13:28-14:28,61,13:28-14:33,66,1,1,1,1,conditional_on_point_in_time_nasdaq_listing,1,1
PNRA,2013-10-07,baseline,HEJFE-8167467EBF64AABE,1,14:50-15:50,61,14:50-15:55,66,1,1,1,1,conditional_on_point_in_time_nasdaq_listing,1,1
VMW,2013-10-07,baseline,HEJFE-350B3481A9CBBF0E,1,15:19-16:00,42,15:19-16:00,42,1,1,1,1,conditional_on_point_in_time_nasdaq_listing,1,1
ALGN,2013-10-08,baseline,HEJFE-830337A8564B826E,1,13:13-14:13,61,13:13-14:18,66,1,1,1,1,conditional_on_point_in_time_nasdaq_listing,1,1
AMD,2013-10-08,baseline,HEJFE-B46D4F8F72DD0212,1,14:10-15:10,61,14:10-15:15,66,1,1,1,1,conditional_on_point_in_time_nasdaq_listing,1,1
GNTX,2013-10-08,baseline,HEJFE-BD3F577ADD90D512,1,14:51-15:51,61,14:51-15:56,66,1,1,1,1,conditional_on_point_in_time_nasdaq_listing,1,1
JNPR,2013-10-08,baseline,HEJFE-F20ECC0C09BBC89E,1,13:28-14:28,61,13:28-14:33,66,1,1,1,1,conditional_on_point_in_time_nasdaq_listing,1,1
PNRA,2013-10-08,baseline,HEJFE-8167467EBF64AABE,1,14:50-15:50,61,14:50-15:55,66,1,1,1,1,conditional_on_point_in_time_nasdaq_listing,1,1
VMW,2013-10-08,baseline,HEJFE-350B3481A9CBBF0E,1,15:19-16:00,42,15:19-16:00,42,1,1,1,1,conditional_on_point_in_time_nasdaq_listing,1,1
ALGN,2013-10-09,baseline,HEJFE-830337A8564B826E,1,13:13-14:13,61,13:13-14:18,66,1,1,1,1,conditional_on_point_in_time_nasdaq_listing,1,1
AMD,2013-10-09,baseline,HEJFE-B46D4F8F72DD0212,1,14:10-15:10,61,14:10-15:15,66,1,1,1,1,conditional_on_point_in_time_nasdaq_listing,1,1
GNTX,2013-10-09,baseline,HEJFE-BD3F577ADD90D512,1,14:51-15:51,61,14:51-15:56,66,1,1,1,1,conditional_on_point_in_time_nasdaq_listing,1,1
JNPR,2013-10-09,baseline,HEJFE-F20ECC0C09BBC89E,1,13:28-14:28,61,13:28-14:33,66,1,1,1,1,conditional_on_point_in_time_nasdaq_listing,1,1
PNRA,2013-10-09,baseline,HEJFE-8167467EBF64AABE,1,14:50-15:50,61,14:50-15:55,66,1,1,1,1,conditional_on_point_in_time_nasdaq_listing,1,1
VMW,2013-10-09,baseline,HEJFE-350B3481A9CBBF0E,1,15:19-16:00,42,15:19-16:00,42,1,1,1,1,conditional_on_point_in_time_nasdaq_listing,1,1
ALGN,2013-10-10,baseline,HEJFE-830337A8564B826E,1,13:13-14:13,61,13:13-14:18,66,1,1,1,1,conditional_on_point_in_time_nasdaq_listing,1,1
AMD,2013-10-10,baseline,HEJFE-B46D4F8F72DD0212,1,14:10-15:10,61,14:10-15:15,66,1,1,1,1,conditional_on_point_in_time_nasdaq_listing,1,1
GNTX,2013-10-10,baseline,HEJFE-BD3F577ADD90D512,1,14:51-15:51,61,14:51-15:56,66,1,1,1,1,conditional_on_point_in_time_nasdaq_listing,1,1
JNPR,2013-10-10,baseline,HEJFE-F20ECC0C09BBC89E,1,13:28-14:28,61,13:28-14:33,66,1,1,1,1,conditional_on_point_in_time_nasdaq_listing,1,1
PNRA,2013-10-10,baseline,HEJFE-8167467EBF64AABE,1,14:50-15:50,61,14:50-15:55,66,1,1,1,1,conditional_on_point_in_time_nasdaq_listing,1,1
VMW,2013-10-10,baseline,HEJFE-350B3481A9CBBF0E,1,15:19-16:00,42,15:19-16:00,42,1,1,1,1,conditional_on_point_in_time_nasdaq_listing,1,1
ALGN,2013-10-11,baseline,HEJFE-830337A8564B826E,1,13:13-14:13,61,13:13-14:18,66,1,1,1,1,conditional_on_point_in_time_nasdaq_listing,1,1
AMD,2013-10-11,baseline,HEJFE-B46D4F8F72DD0212,1,14:10-15:10,61,14:10-15:15,66,1,1,1,1,conditional_on_point_in_time_nasdaq_listing,1,1
GNTX,2013-10-11,baseline,HEJFE-BD3F577ADD90D512,1,14:51-15:51,61,14:51-15:56,66,1,1,1,1,conditional_on_point_in_time_nasdaq_listing,1,1
JNPR,2013-10-11,baseline,HEJFE-F20ECC0C09BBC89E,1,13:28-14:28,61,13:28-14:33,66,1,1,1,1,conditional_on_point_in_time_nasdaq_listing,1,1
PNRA,2013-10-11,baseline,HEJFE-8167467EBF64AABE,1,14:50-15:50,61,14:50-15:55,66,1,1,1,1,conditional_on_point_in_time_nasdaq_listing,1,1
VMW,2013-10-11,baseline,HEJFE-350B3481A9CBBF0E,1,15:19-16:00,42,15:19-16:00,42,1,1,1,1,conditional_on_point_in_time_nasdaq_listing,1,1
ALGN,2013-10-14,baseline,HEJFE-830337A8564B826E,1,13:13-14:13,61,13:13-14:18,66,1,1,1,1,conditional_on_point_in_time_nasdaq_listing,1,1
AMD,2013-10-14,baseline,HEJFE-B46D4F8F72DD0212,1,14:10-15:10,61,14:10-15:15,66,1,1,1,1,conditional_on_point_in_time_nasdaq_listing,1,1
GNTX,2013-10-14,baseline,HEJFE-BD3F577ADD90D512,1,14:51-15:51,61,14:51-15:56,66,1,1,1,1,conditional_on_point_in_time_nasdaq_listing,1,1
JNPR,2013-10-14,baseline,HEJFE-F20ECC0C09BBC89E,1,13:28-14:28,61,13:28-14:33,66,1,1,1,1,conditional_on_point_in_time_nasdaq_listing,1,1
PNRA,2013-10-14,baseline,HEJFE-8167467EBF64AABE,1,14:50-15:50,61,14:50-15:55,66,1,1,1,1,conditional_on_point_in_time_nasdaq_listing,1,1
VMW,2013-10-14,baseline,HEJFE-350B3481A9CBBF0E,1,15:19-16:00,42,15:19-16:00,42,1,1,1,1,conditional_on_point_in_time_nasdaq_listing,1,1
ALGN,2013-10-15,baseline,HEJFE-830337A8564B826E,1,13:13-14:13,61,13:13-14:18,66,1,1,1,1,conditional_on_point_in_time_nasdaq_listing,1,1
AMD,2013-10-15,baseline,HEJFE-B46D4F8F72DD0212,1,14:10-15:10,61,14:10-15:15,66,1,1,1,1,conditional_on_point_in_time_nasdaq_listing,1,1
GNTX,2013-10-15,baseline,HEJFE-BD3F577ADD90D512,1,14:51-15:51,61,14:51-15:56,66,1,1,1,1,conditional_on_point_in_time_nasdaq_listing,1,1
JNPR,2013-10-15,baseline,HEJFE-F20ECC0C09BBC89E,1,13:28-14:28,61,13:28-14:33,66,1,1,1,1,conditional_on_point_in_time_nasdaq_listing,1,1
PNRA,2013-10-15,baseline,HEJFE-8167467EBF64AABE,1,14:50-15:50,61,14:50-15:55,66,1,1,1,1,conditional_on_point_in_time_nasdaq_listing,1,1
VMW,2013-10-15,baseline,HEJFE-350B3481A9CBBF0E,1,15:19-16:00,42,15:19-16:00,42,1,1,1,1,conditional_on_point_in_time_nasdaq_listing,1,1
ALGN,2013-10-16,baseline,HEJFE-830337A8564B826E,1,13:13-14:13,61,13:13-14:18,66,1,1,1,1,conditional_on_point_in_time_nasdaq_listing,1,1
AMD,2013-10-16,baseline,HEJFE-B46D4F8F72DD0212,1,14:10-15:10,61,14:10-15:15,66,1,1,1,1,conditional_on_point_in_time_nasdaq_listing,1,1
GNTX,2013-10-16,baseline,HEJFE-BD3F577ADD90D512,1,14:51-15:51,61,14:51-15:56,66,1,1,1,1,conditional_on_point_in_time_nasdaq_listing,1,1
JNPR,2013-10-16,baseline,HEJFE-F20ECC0C09BBC89E,1,13:28-14:28,61,13:28-14:33,66,1,1,1,1,conditional_on_point_in_time_nasdaq_listing,1,1
PNRA,2013-10-16,baseline,HEJFE-8167467EBF64AABE,1,14:50-15:50,61,14:50-15:55,66,1,1,1,1,conditional_on_point_in_time_nasdaq_listing,1,1
VMW,2013-10-16,baseline,HEJFE-350B3481A9CBBF0E,1,15:19-16:00,42,15:19-16:00,42,1,1,1,1,conditional_on_point_in_time_nasdaq_listing,1,1
ALGN,2013-10-17,event,HEJFE-830337A8564B826E,1,13:13-14:13,61,13:13-14:18,66,1,1,1,1,conditional_on_point_in_time_nasdaq_listing,1,1
AMD,2013-10-17,event,HEJFE-B46D4F8F72DD0212,1,14:10-15:10,61,14:10-15:15,66,1,1,1,1,conditional_on_point_in_time_nasdaq_listing,1,1
GNTX,2013-10-17,baseline,HEJFE-BD3F577ADD90D512,1,14:51-15:51,61,14:51-15:56,66,1,1,1,1,conditional_on_point_in_time_nasdaq_listing,1,1
JNPR,2013-10-17,baseline,HEJFE-F20ECC0C09BBC89E,1,13:28-14:28,61,13:28-14:33,66,1,1,1,1,conditional_on_point_in_time_nasdaq_listing,1,1
PNRA,2013-10-17,baseline,HEJFE-8167467EBF64AABE,1,14:50-15:50,61,14:50-15:55,66,1,1,1,1,conditional_on_point_in_time_nasdaq_listing,1,1
VMW,2013-10-17,baseline,HEJFE-350B3481A9CBBF0E,1,15:19-16:00,42,15:19-16:00,42,1,1,1,1,conditional_on_point_in_time_nasdaq_listing,1,1
GNTX,2013-10-18,baseline,HEJFE-BD3F577ADD90D512,1,14:51-15:51,61,14:51-15:56,66,1,1,1,1,conditional_on_point_in_time_nasdaq_listing,1,1
JNPR,2013-10-18,baseline,HEJFE-F20ECC0C09BBC89E,1,13:28-14:28,61,13:28-14:33,66,1,1,1,1,conditional_on_point_in_time_nasdaq_listing,1,1
PNRA,2013-10-18,baseline,HEJFE-8167467EBF64AABE,1,14:50-15:50,61,14:50-15:55,66,1,1,1,1,conditional_on_point_in_time_nasdaq_listing,1,1
VMW,2013-10-18,baseline,HEJFE-350B3481A9CBBF0E,1,15:19-16:00,42,15:19-16:00,42,1,1,1,1,conditional_on_point_in_time_nasdaq_listing,1,1
GNTX,2013-10-21,event,HEJFE-BD3F577ADD90D512,1,14:51-15:51,61,14:51-15:56,66,1,1,1,1,conditional_on_point_in_time_nasdaq_listing,1,1
JNPR,2013-10-21,baseline,HEJFE-F20ECC0C09BBC89E,1,13:28-14:28,61,13:28-14:33,66,1,1,1,1,conditional_on_point_in_time_nasdaq_listing,1,1
PNRA,2013-10-21,baseline,HEJFE-8167467EBF64AABE,1,14:50-15:50,61,14:50-15:55,66,1,1,1,1,conditional_on_point_in_time_nasdaq_listing,1,1
VMW,2013-10-21,event,HEJFE-350B3481A9CBBF0E,1,15:19-16:00,42,15:19-16:00,42,1,1,1,1,conditional_on_point_in_time_nasdaq_listing,1,1
JNPR,2013-10-22,event,HEJFE-F20ECC0C09BBC89E,1,13:28-14:28,61,13:28-14:33,66,1,1,1,1,conditional_on_point_in_time_nasdaq_listing,1,1
PNRA,2013-10-22,event,HEJFE-8167467EBF64AABE,1,14:50-15:50,61,14:50-15:55,66,1,1,1,1,conditional_on_point_in_time_nasdaq_listing,1,1
CMTL,2014-11-07,baseline,HEJFE-7C93D3838E60926C,1,15:11-16:00,50,15:11-16:00,50,1,1,1,1,conditional_on_point_in_time_nasdaq_listing,1,1
CMTL,2014-11-10,baseline,HEJFE-7C93D3838E60926C,1,15:11-16:00,50,15:11-16:00,50,1,1,1,1,conditional_on_point_in_time_nasdaq_listing,1,1
CMTL,2014-11-11,baseline,HEJFE-7C93D3838E60926C,1,15:11-16:00,50,15:11-16:00,50,1,1,1,1,conditional_on_point_in_time_nasdaq_listing,1,1
CMTL,2014-11-12,baseline,HEJFE-7C93D3838E60926C,1,15:11-16:00,50,15:11-16:00,50,1,1,1,1,conditional_on_point_in_time_nasdaq_listing,1,1
PAY,2014-11-12,baseline,HEJFE-C926C41F03E66E82,1,15:06-16:00,55,15:06-16:00,55,1,1,1,1,conditional_on_point_in_time_nasdaq_listing,1,1
CMTL,2014-11-13,baseline,HEJFE-7C93D3838E60926C,1,15:11-16:00,50,15:11-16:00,50,1,1,1,1,conditional_on_point_in_time_nasdaq_listing,1,1
PAY,2014-11-13,baseline,HEJFE-C926C41F03E66E82,1,15:06-16:00,55,15:06-16:00,55,1,1,1,1,conditional_on_point_in_time_nasdaq_listing,1,1
CMTL,2014-11-14,baseline,HEJFE-7C93D3838E60926C,1,15:11-16:00,50,15:11-16:00,50,1,1,1,1,conditional_on_point_in_time_nasdaq_listing,1,1
PAY,2014-11-14,baseline,HEJFE-C926C41F03E66E82,1,15:06-16:00,55,15:06-16:00,55,1,1,1,1,conditional_on_point_in_time_nasdaq_listing,1,1
CMTL,2014-11-17,baseline,HEJFE-7C93D3838E60926C,1,15:11-16:00,50,15:11-16:00,50,1,1,1,1,conditional_on_point_in_time_nasdaq_listing,1,1
PAY,2014-11-17,baseline,HEJFE-C926C41F03E66E82,1,15:06-16:00,55,15:06-16:00,55,1,1,1,1,conditional_on_point_in_time_nasdaq_listing,1,1
CMTL,2014-11-18,baseline,HEJFE-7C93D3838E60926C,1,15:11-16:00,50,15:11-16:00,50,1,1,1,1,conditional_on_point_in_time_nasdaq_listing,1,1
PAY,2014-11-18,baseline,HEJFE-C926C41F03E66E82,1,15:06-16:00,55,15:06-16:00,55,1,1,1,1,conditional_on_point_in_time_nasdaq_listing,1,1
CMTL,2014-11-19,baseline,HEJFE-7C93D3838E60926C,1,15:11-16:00,50,15:11-16:00,50,1,1,1,1,conditional_on_point_in_time_nasdaq_listing,1,1
PAY,2014-11-19,baseline,HEJFE-C926C41F03E66E82,1,15:06-16:00,55,15:06-16:00,55,1,1,1,1,conditional_on_point_in_time_nasdaq_listing,1,1
CMTL,2014-11-20,baseline,HEJFE-7C93D3838E60926C,1,15:11-16:00,50,15:11-16:00,50,1,1,1,1,conditional_on_point_in_time_nasdaq_listing,1,1
PAY,2014-11-20,baseline,HEJFE-C926C41F03E66E82,1,15:06-16:00,55,15:06-16:00,55,1,1,1,1,conditional_on_point_in_time_nasdaq_listing,1,1
CMTL,2014-11-21,baseline,HEJFE-7C93D3838E60926C,1,15:11-16:00,50,15:11-16:00,50,1,1,1,1,conditional_on_point_in_time_nasdaq_listing,1,1
PAY,2014-11-21,baseline,HEJFE-C926C41F03E66E82,1,15:06-16:00,55,15:06-16:00,55,1,1,1,1,conditional_on_point_in_time_nasdaq_listing,1,1
CMTL,2014-11-24,baseline,HEJFE-7C93D3838E60926C,1,15:11-16:00,50,15:11-16:00,50,1,1,1,1,conditional_on_point_in_time_nasdaq_listing,1,1
PAY,2014-11-24,baseline,HEJFE-C926C41F03E66E82,1,15:06-16:00,55,15:06-16:00,55,1,1,1,1,conditional_on_point_in_time_nasdaq_listing,1,1
CMTL,2014-11-25,baseline,HEJFE-7C93D3838E60926C,1,15:11-16:00,50,15:11-16:00,50,1,1,1,1,conditional_on_point_in_time_nasdaq_listing,1,1
PAY,2014-11-25,baseline,HEJFE-C926C41F03E66E82,1,15:06-16:00,55,15:06-16:00,55,1,1,1,1,conditional_on_point_in_time_nasdaq_listing,1,1
CMTL,2014-11-26,baseline,HEJFE-7C93D3838E60926C,1,15:11-16:00,50,15:11-16:00,50,1,1,1,1,conditional_on_point_in_time_nasdaq_listing,1,1
PAY,2014-11-26,baseline,HEJFE-C926C41F03E66E82,1,15:06-16:00,55,15:06-16:00,55,1,1,1,1,conditional_on_point_in_time_nasdaq_listing,1,1
CMTL,2014-12-01,baseline,HEJFE-7C93D3838E60926C,1,15:11-16:00,50,15:11-16:00,50,1,1,1,1,conditional_on_point_in_time_nasdaq_listing,1,1
PAY,2014-12-01,baseline,HEJFE-C926C41F03E66E82,1,15:06-16:00,55,15:06-16:00,55,1,1,1,1,conditional_on_point_in_time_nasdaq_listing,1,1
CMTL,2014-12-02,baseline,HEJFE-7C93D3838E60926C,1,15:11-16:00,50,15:11-16:00,50,1,1,1,1,conditional_on_point_in_time_nasdaq_listing,1,1
PAY,2014-12-02,baseline,HEJFE-C926C41F03E66E82,1,15:06-16:00,55,15:06-16:00,55,1,1,1,1,conditional_on_point_in_time_nasdaq_listing,1,1
CMTL,2014-12-03,baseline,HEJFE-7C93D3838E60926C,1,15:11-16:00,50,15:11-16:00,50,1,1,1,1,conditional_on_point_in_time_nasdaq_listing,1,1
PAY,2014-12-03,baseline,HEJFE-C926C41F03E66E82,1,15:06-16:00,55,15:06-16:00,55,1,1,1,1,conditional_on_point_in_time_nasdaq_listing,1,1
CMTL,2014-12-04,baseline,HEJFE-7C93D3838E60926C,1,15:11-16:00,50,15:11-16:00,50,1,1,1,1,conditional_on_point_in_time_nasdaq_listing,1,1
PAY,2014-12-04,baseline,HEJFE-C926C41F03E66E82,1,15:06-16:00,55,15:06-16:00,55,1,1,1,1,conditional_on_point_in_time_nasdaq_listing,1,1
CMTL,2014-12-05,baseline,HEJFE-7C93D3838E60926C,1,15:11-16:00,50,15:11-16:00,50,1,1,1,1,conditional_on_point_in_time_nasdaq_listing,1,1
PAY,2014-12-05,baseline,HEJFE-C926C41F03E66E82,1,15:06-16:00,55,15:06-16:00,55,1,1,1,1,conditional_on_point_in_time_nasdaq_listing,1,1
CMTL,2014-12-08,baseline,HEJFE-7C93D3838E60926C,1,15:11-16:00,50,15:11-16:00,50,1,1,1,1,conditional_on_point_in_time_nasdaq_listing,1,1
PAY,2014-12-08,baseline,HEJFE-C926C41F03E66E82,1,15:06-16:00,55,15:06-16:00,55,1,1,1,1,conditional_on_point_in_time_nasdaq_listing,1,1
CMTL,2014-12-09,baseline,HEJFE-7C93D3838E60926C,1,15:11-16:00,50,15:11-16:00,50,1,1,1,1,conditional_on_point_in_time_nasdaq_listing,1,1
PAY,2014-12-09,baseline,HEJFE-C926C41F03E66E82,1,15:06-16:00,55,15:06-16:00,55,1,1,1,1,conditional_on_point_in_time_nasdaq_listing,1,1
CMTL,2014-12-10,event,HEJFE-7C93D3838E60926C,1,15:11-16:00,50,15:11-16:00,50,1,1,1,1,conditional_on_point_in_time_nasdaq_listing,1,1
PAY,2014-12-10,baseline,HEJFE-C926C41F03E66E82,1,15:06-16:00,55,15:06-16:00,55,1,1,1,1,conditional_on_point_in_time_nasdaq_listing,1,1
PAY,2014-12-11,baseline,HEJFE-C926C41F03E66E82,1,15:06-16:00,55,15:06-16:00,55,1,1,1,1,conditional_on_point_in_time_nasdaq_listing,1,1
PAY,2014-12-12,baseline,HEJFE-C926C41F03E66E82,1,15:06-16:00,55,15:06-16:00,55,1,1,1,1,conditional_on_point_in_time_nasdaq_listing,1,1
PAY,2014-12-15,event,HEJFE-C926C41F03E66E82,1,15:06-16:00,55,15:06-16:00,55,1,1,1,1,conditional_on_point_in_time_nasdaq_listing,1,1
CREE,2014-12-16,baseline,HEJFE-81F188C0D790FE70,1,15:09-16:00,52,15:09-16:00,52,1,1,1,1,conditional_on_point_in_time_nasdaq_listing,1,1
CREE,2014-12-17,baseline,HEJFE-81F188C0D790FE70,1,15:09-16:00,52,15:09-16:00,52,1,1,1,1,conditional_on_point_in_time_nasdaq_listing,1,1
SNDK,2014-12-17,baseline,HEJFE-48B08BAEDCEEDEFC,1,14:30-15:30,61,14:30-15:35,66,1,1,1,1,conditional_on_point_in_time_nasdaq_listing,1,1
URI,2014-12-17,baseline,HEJFE-00D863517A3A754C,1,15:13-16:00,48,15:13-16:00,48,1,1,1,1,conditional_on_point_in_time_nasdaq_listing,1,1
CREE,2014-12-18,baseline,HEJFE-81F188C0D790FE70,1,15:09-16:00,52,15:09-16:00,52,1,1,1,1,conditional_on_point_in_time_nasdaq_listing,1,1
SBUX,2014-12-18,baseline,HEJFE-A9DB7C5F6FD1D978,1,12:52-13:52,61,12:52-13:57,66,1,1,1,1,conditional_on_point_in_time_nasdaq_listing,1,1
SNDK,2014-12-18,baseline,HEJFE-48B08BAEDCEEDEFC,1,14:30-15:30,61,14:30-15:35,66,1,1,1,1,conditional_on_point_in_time_nasdaq_listing,1,1
STT,2014-12-18,baseline,HEJFE-EC5EB2BE0D97833F,1,15:20-16:00,41,15:20-16:00,41,1,1,1,1,conditional_on_point_in_time_nasdaq_listing,1,1
SWKS,2014-12-18,baseline,HEJFE-4DEF5FDB3210E91B,1,15:11-16:00,50,15:11-16:00,50,1,1,1,1,conditional_on_point_in_time_nasdaq_listing,1,1
URI,2014-12-18,baseline,HEJFE-00D863517A3A754C,1,15:13-16:00,48,15:13-16:00,48,1,1,1,1,conditional_on_point_in_time_nasdaq_listing,1,1
CREE,2014-12-19,baseline,HEJFE-81F188C0D790FE70,1,15:09-16:00,52,15:09-16:00,52,1,1,1,1,conditional_on_point_in_time_nasdaq_listing,1,1
SBUX,2014-12-19,baseline,HEJFE-A9DB7C5F6FD1D978,1,12:52-13:52,61,12:52-13:57,66,1,1,1,1,conditional_on_point_in_time_nasdaq_listing,1,1
SNDK,2014-12-19,baseline,HEJFE-48B08BAEDCEEDEFC,1,14:30-15:30,61,14:30-15:35,66,1,1,1,1,conditional_on_point_in_time_nasdaq_listing,1,1
STT,2014-12-19,baseline,HEJFE-EC5EB2BE0D97833F,1,15:20-16:00,41,15:20-16:00,41,1,1,1,1,conditional_on_point_in_time_nasdaq_listing,1,1
SWKS,2014-12-19,baseline,HEJFE-4DEF5FDB3210E91B,1,15:11-16:00,50,15:11-16:00,50,1,1,1,1,conditional_on_point_in_time_nasdaq_listing,1,1
URI,2014-12-19,baseline,HEJFE-00D863517A3A754C,1,15:13-16:00,48,15:13-16:00,48,1,1,1,1,conditional_on_point_in_time_nasdaq_listing,1,1
CREE,2014-12-22,baseline,HEJFE-81F188C0D790FE70,1,15:09-16:00,52,15:09-16:00,52,1,1,1,1,conditional_on_point_in_time_nasdaq_listing,1,1
SBUX,2014-12-22,baseline,HEJFE-A9DB7C5F6FD1D978,1,12:52-13:52,61,12:52-13:57,66,1,1,1,1,conditional_on_point_in_time_nasdaq_listing,1,1
SNDK,2014-12-22,baseline,HEJFE-48B08BAEDCEEDEFC,1,14:30-15:30,61,14:30-15:35,66,1,1,1,1,conditional_on_point_in_time_nasdaq_listing,1,1
STT,2014-12-22,baseline,HEJFE-EC5EB2BE0D97833F,1,15:20-16:00,41,15:20-16:00,41,1,1,1,1,conditional_on_point_in_time_nasdaq_listing,1,1
SWKS,2014-12-22,baseline,HEJFE-4DEF5FDB3210E91B,1,15:11-16:00,50,15:11-16:00,50,1,1,1,1,conditional_on_point_in_time_nasdaq_listing,1,1
URI,2014-12-22,baseline,HEJFE-00D863517A3A754C,1,15:13-16:00,48,15:13-16:00,48,1,1,1,1,conditional_on_point_in_time_nasdaq_listing,1,1
CREE,2014-12-23,baseline,HEJFE-81F188C0D790FE70,1,15:09-16:00,52,15:09-16:00,52,1,1,1,1,conditional_on_point_in_time_nasdaq_listing,1,1
EA,2014-12-23,baseline,HEJFE-0B87675BF7BEDBCA,1,15:18-16:00,43,15:18-16:00,43,1,1,1,1,conditional_on_point_in_time_nasdaq_listing,1,1
ILMN,2014-12-23,baseline,HEJFE-8A11E54A9679E09D,1,14:41-15:41,61,14:41-15:46,66,1,1,1,1,conditional_on_point_in_time_nasdaq_listing,1,1
SBUX,2014-12-23,baseline,HEJFE-A9DB7C5F6FD1D978,1,12:52-13:52,61,12:52-13:57,66,1,1,1,1,conditional_on_point_in_time_nasdaq_listing,1,1
SNDK,2014-12-23,baseline,HEJFE-48B08BAEDCEEDEFC,1,14:30-15:30,61,14:30-15:35,66,1,1,1,1,conditional_on_point_in_time_nasdaq_listing,1,1
STT,2014-12-23,baseline,HEJFE-EC5EB2BE0D97833F,1,15:20-16:00,41,15:20-16:00,41,1,1,1,1,conditional_on_point_in_time_nasdaq_listing,1,1
SWKS,2014-12-23,baseline,HEJFE-4DEF5FDB3210E91B,1,15:11-16:00,50,15:11-16:00,50,1,1,1,1,conditional_on_point_in_time_nasdaq_listing,1,1
URI,2014-12-23,baseline,HEJFE-00D863517A3A754C,1,15:13-16:00,48,15:13-16:00,48,1,1,1,1,conditional_on_point_in_time_nasdaq_listing,1,1
CREE,2014-12-26,baseline,HEJFE-81F188C0D790FE70,1,15:09-16:00,52,15:09-16:00,52,1,1,1,1,conditional_on_point_in_time_nasdaq_listing,1,1
EA,2014-12-26,baseline,HEJFE-0B87675BF7BEDBCA,1,15:18-16:00,43,15:18-16:00,43,1,1,1,1,conditional_on_point_in_time_nasdaq_listing,1,1
F,2014-12-26,baseline,HEJFE-E8C5063581BE7EB7,1,15:29-16:00,32,15:29-16:00,32,1,1,1,1,conditional_on_point_in_time_nasdaq_listing,1,1
ILMN,2014-12-26,baseline,HEJFE-8A11E54A9679E09D,1,14:41-15:41,61,14:41-15:46,66,1,1,1,1,conditional_on_point_in_time_nasdaq_listing,1,1
NOW,2014-12-26,baseline,HEJFE-DC66D5F2BDEC7C74,1,13:01-14:01,61,13:01-14:06,66,1,1,1,1,conditional_on_point_in_time_nasdaq_listing,1,1
SBUX,2014-12-26,baseline,HEJFE-A9DB7C5F6FD1D978,1,12:52-13:52,61,12:52-13:57,66,1,1,1,1,conditional_on_point_in_time_nasdaq_listing,1,1
SNDK,2014-12-26,baseline,HEJFE-48B08BAEDCEEDEFC,1,14:30-15:30,61,14:30-15:35,66,1,1,1,1,conditional_on_point_in_time_nasdaq_listing,1,1
STT,2014-12-26,baseline,HEJFE-EC5EB2BE0D97833F,1,15:20-16:00,41,15:20-16:00,41,1,1,1,1,conditional_on_point_in_time_nasdaq_listing,1,1
SWKS,2014-12-26,baseline,HEJFE-4DEF5FDB3210E91B,1,15:11-16:00,50,15:11-16:00,50,1,1,1,1,conditional_on_point_in_time_nasdaq_listing,1,1
TER,2014-12-26,baseline,HEJFE-334BAA0D940A418A,1,15:19-16:00,42,15:19-16:00,42,1,1,1,1,conditional_on_point_in_time_nasdaq_listing,1,1
URI,2014-12-26,baseline,HEJFE-00D863517A3A754C,1,15:13-16:00,48,15:13-16:00,48,1,1,1,1,conditional_on_point_in_time_nasdaq_listing,1,1
BCR,2014-12-29,baseline,HEJFE-E25BAF3CFF23A3BE,1,14:57-15:57,61,14:57-16:00,64,1,1,1,1,conditional_on_point_in_time_nasdaq_listing,1,1
CREE,2014-12-29,baseline,HEJFE-81F188C0D790FE70,1,15:09-16:00,52,15:09-16:00,52,1,1,1,1,conditional_on_point_in_time_nasdaq_listing,1,1
EA,2014-12-29,baseline,HEJFE-0B87675BF7BEDBCA,1,15:18-16:00,43,15:18-16:00,43,1,1,1,1,conditional_on_point_in_time_nasdaq_listing,1,1
F,2014-12-29,baseline,HEJFE-E8C5063581BE7EB7,1,15:29-16:00,32,15:29-16:00,32,1,1,1,1,conditional_on_point_in_time_nasdaq_listing,1,1
HBI,2014-12-29,baseline,HEJFE-3ADF019D07BA84CE,1,14:08-15:08,61,14:08-15:13,66,1,1,1,1,conditional_on_point_in_time_nasdaq_listing,1,1
ILMN,2014-12-29,baseline,HEJFE-8A11E54A9679E09D,1,14:41-15:41,61,14:41-15:46,66,1,1,1,1,conditional_on_point_in_time_nasdaq_listing,1,1
NATI,2014-12-29,baseline,HEJFE-F9E72EEF6E5BD373,1,15:21-16:00,40,15:21-16:00,40,1,1,1,1,conditional_on_point_in_time_nasdaq_listing,1,1
NOW,2014-12-29,baseline,HEJFE-DC66D5F2BDEC7C74,1,13:01-14:01,61,13:01-14:06,66,1,1,1,1,conditional_on_point_in_time_nasdaq_listing,1,1
SBUX,2014-12-29,baseline,HEJFE-A9DB7C5F6FD1D978,1,12:52-13:52,61,12:52-13:57,66,1,1,1,1,conditional_on_point_in_time_nasdaq_listing,1,1
SNDK,2014-12-29,baseline,HEJFE-48B08BAEDCEEDEFC,1,14:30-15:30,61,14:30-15:35,66,1,1,1,1,conditional_on_point_in_time_nasdaq_listing,1,1
STT,2014-12-29,baseline,HEJFE-EC5EB2BE0D97833F,1,15:20-16:00,41,15:20-16:00,41,1,1,1,1,conditional_on_point_in_time_nasdaq_listing,1,1
SWKS,2014-12-29,baseline,HEJFE-4DEF5FDB3210E91B,1,15:11-16:00,50,15:11-16:00,50,1,1,1,1,conditional_on_point_in_time_nasdaq_listing,1,1
TER,2014-12-29,baseline,HEJFE-334BAA0D940A418A,1,15:19-16:00,42,15:19-16:00,42,1,1,1,1,conditional_on_point_in_time_nasdaq_listing,1,1
URI,2014-12-29,baseline,HEJFE-00D863517A3A754C,1,15:13-16:00,48,15:13-16:00,48,1,1,1,1,conditional_on_point_in_time_nasdaq_listing,1,1
BCR,2014-12-30,baseline,HEJFE-E25BAF3CFF23A3BE,1,14:57-15:57,61,14:57-16:00,64,1,1,1,1,conditional_on_point_in_time_nasdaq_listing,1,1
CREE,2014-12-30,baseline,HEJFE-81F188C0D790FE70,1,15:09-16:00,52,15:09-16:00,52,1,1,1,1,conditional_on_point_in_time_nasdaq_listing,1,1
EA,2014-12-30,baseline,HEJFE-0B87675BF7BEDBCA,1,15:18-16:00,43,15:18-16:00,43,1,1,1,1,conditional_on_point_in_time_nasdaq_listing,1,1
F,2014-12-30,baseline,HEJFE-E8C5063581BE7EB7,1,15:29-16:00,32,15:29-16:00,32,1,1,1,1,conditional_on_point_in_time_nasdaq_listing,1,1
HBI,2014-12-30,baseline,HEJFE-3ADF019D07BA84CE,1,14:08-15:08,61,14:08-15:13,66,1,1,1,1,conditional_on_point_in_time_nasdaq_listing,1,1
ILMN,2014-12-30,baseline,HEJFE-8A11E54A9679E09D,1,14:41-15:41,61,14:41-15:46,66,1,1,1,1,conditional_on_point_in_time_nasdaq_listing,1,1
NATI,2014-12-30,baseline,HEJFE-F9E72EEF6E5BD373,1,15:21-16:00,40,15:21-16:00,40,1,1,1,1,conditional_on_point_in_time_nasdaq_listing,1,1
NOW,2014-12-30,baseline,HEJFE-DC66D5F2BDEC7C74,1,13:01-14:01,61,13:01-14:06,66,1,1,1,1,conditional_on_point_in_time_nasdaq_listing,1,1
SBUX,2014-12-30,baseline,HEJFE-A9DB7C5F6FD1D978,1,12:52-13:52,61,12:52-13:57,66,1,1,1,1,conditional_on_point_in_time_nasdaq_listing,1,1
SNDK,2014-12-30,baseline,HEJFE-48B08BAEDCEEDEFC,1,14:30-15:30,61,14:30-15:35,66,1,1,1,1,conditional_on_point_in_time_nasdaq_listing,1,1
STT,2014-12-30,baseline,HEJFE-EC5EB2BE0D97833F,1,15:20-16:00,41,15:20-16:00,41,1,1,1,1,conditional_on_point_in_time_nasdaq_listing,1,1
SWKS,2014-12-30,baseline,HEJFE-4DEF5FDB3210E91B,1,15:11-16:00,50,15:11-16:00,50,1,1,1,1,conditional_on_point_in_time_nasdaq_listing,1,1
TER,2014-12-30,baseline,HEJFE-334BAA0D940A418A,1,15:19-16:00,42,15:19-16:00,42,1,1,1,1,conditional_on_point_in_time_nasdaq_listing,1,1
URI,2014-12-30,baseline,HEJFE-00D863517A3A754C,1,15:13-16:00,48,15:13-16:00,48,1,1,1,1,conditional_on_point_in_time_nasdaq_listing,1,1
BCR,2014-12-31,baseline,HEJFE-E25BAF3CFF23A3BE,1,14:57-15:57,61,14:57-16:00,64,1,1,1,1,conditional_on_point_in_time_nasdaq_listing,1,1
CREE,2014-12-31,baseline,HEJFE-81F188C0D790FE70,1,15:09-16:00,52,15:09-16:00,52,1,1,1,1,conditional_on_point_in_time_nasdaq_listing,1,1
EA,2014-12-31,baseline,HEJFE-0B87675BF7BEDBCA,1,15:18-16:00,43,15:18-16:00,43,1,1,1,1,conditional_on_point_in_time_nasdaq_listing,1,1
F,2014-12-31,baseline,HEJFE-E8C5063581BE7EB7,1,15:29-16:00,32,15:29-16:00,32,1,1,1,1,conditional_on_point_in_time_nasdaq_listing,1,1
HBI,2014-12-31,baseline,HEJFE-3ADF019D07BA84CE,1,14:08-15:08,61,14:08-15:13,66,1,1,1,1,conditional_on_point_in_time_nasdaq_listing,1,1
IDTI,2014-12-31,baseline,HEJFE-9861757889227DD4,1,13:54-14:54,61,13:54-14:59,66,1,1,1,1,conditional_on_point_in_time_nasdaq_listing,1,1
ILMN,2014-12-31,baseline,HEJFE-8A11E54A9679E09D,1,14:41-15:41,61,14:41-15:46,66,1,1,1,1,conditional_on_point_in_time_nasdaq_listing,1,1
MDU,2014-12-31,baseline,HEJFE-6101FFEDBA6EE41B,1,14:17-15:17,61,14:17-15:22,66,1,1,1,1,conditional_on_point_in_time_nasdaq_listing,1,1
NATI,2014-12-31,baseline,HEJFE-F9E72EEF6E5BD373,1,15:21-16:00,40,15:21-16:00,40,1,1,1,1,conditional_on_point_in_time_nasdaq_listing,1,1
NOW,2014-12-31,baseline,HEJFE-DC66D5F2BDEC7C74,1,13:01-14:01,61,13:01-14:06,66,1,1,1,1,conditional_on_point_in_time_nasdaq_listing,1,1
R,2014-12-31,baseline,HEJFE-A25F33B630365184,1,15:13-16:00,48,15:13-16:00,48,1,1,1,1,conditional_on_point_in_time_nasdaq_listing,1,1
SBUX,2014-12-31,baseline,HEJFE-A9DB7C5F6FD1D978,1,12:52-13:52,61,12:52-13:57,66,1,1,1,1,conditional_on_point_in_time_nasdaq_listing,1,1
SNDK,2014-12-31,baseline,HEJFE-48B08BAEDCEEDEFC,1,14:30-15:30,61,14:30-15:35,66,1,1,1,1,conditional_on_point_in_time_nasdaq_listing,1,1
STT,2014-12-31,baseline,HEJFE-EC5EB2BE0D97833F,1,15:20-16:00,41,15:20-16:00,41,1,1,1,1,conditional_on_point_in_time_nasdaq_listing,1,1
SWKS,2014-12-31,baseline,HEJFE-4DEF5FDB3210E91B,1,15:11-16:00,50,15:11-16:00,50,1,1,1,1,conditional_on_point_in_time_nasdaq_listing,1,1
TER,2014-12-31,baseline,HEJFE-334BAA0D940A418A,1,15:19-16:00,42,15:19-16:00,42,1,1,1,1,conditional_on_point_in_time_nasdaq_listing,1,1
URI,2014-12-31,baseline,HEJFE-00D863517A3A754C,1,15:13-16:00,48,15:13-16:00,48,1,1,1,1,conditional_on_point_in_time_nasdaq_listing,1,1
BCR,2015-01-02,baseline,HEJFE-E25BAF3CFF23A3BE,1,14:57-15:57,61,14:57-16:00,64,1,1,1,1,conditional_on_point_in_time_nasdaq_listing,1,1
CREE,2015-01-02,baseline,HEJFE-81F188C0D790FE70,1,15:09-16:00,52,15:09-16:00,52,1,1,1,1,conditional_on_point_in_time_nasdaq_listing,1,1
EA,2015-01-02,baseline,HEJFE-0B87675BF7BEDBCA,1,15:18-16:00,43,15:18-16:00,43,1,1,1,1,conditional_on_point_in_time_nasdaq_listing,1,1
F,2015-01-02,baseline,HEJFE-E8C5063581BE7EB7,1,15:29-16:00,32,15:29-16:00,32,1,1,1,1,conditional_on_point_in_time_nasdaq_listing,1,1
GILD,2015-01-02,baseline,HEJFE-C4D39B22234902F2,1,15:20-16:00,41,15:20-16:00,41,1,1,1,1,conditional_on_point_in_time_nasdaq_listing,1,1
HBI,2015-01-02,baseline,HEJFE-3ADF019D07BA84CE,1,14:08-15:08,61,14:08-15:13,66,1,1,1,1,conditional_on_point_in_time_nasdaq_listing,1,1
IDTI,2015-01-02,baseline,HEJFE-9861757889227DD4,1,13:54-14:54,61,13:54-14:59,66,1,1,1,1,conditional_on_point_in_time_nasdaq_listing,1,1
ILMN,2015-01-02,baseline,HEJFE-8A11E54A9679E09D,1,14:41-15:41,61,14:41-15:46,66,1,1,1,1,conditional_on_point_in_time_nasdaq_listing,1,1
MDU,2015-01-02,baseline,HEJFE-6101FFEDBA6EE41B,1,14:17-15:17,61,14:17-15:22,66,1,1,1,1,conditional_on_point_in_time_nasdaq_listing,1,1
NATI,2015-01-02,baseline,HEJFE-F9E72EEF6E5BD373,1,15:21-16:00,40,15:21-16:00,40,1,1,1,1,conditional_on_point_in_time_nasdaq_listing,1,1
NOW,2015-01-02,baseline,HEJFE-DC66D5F2BDEC7C74,1,13:01-14:01,61,13:01-14:06,66,1,1,1,1,conditional_on_point_in_time_nasdaq_listing,1,1
R,2015-01-02,baseline,HEJFE-A25F33B630365184,1,15:13-16:00,48,15:13-16:00,48,1,1,1,1,conditional_on_point_in_time_nasdaq_listing,1,1
SBUX,2015-01-02,baseline,HEJFE-A9DB7C5F6FD1D978,1,12:52-13:52,61,12:52-13:57,66,1,1,1,1,conditional_on_point_in_time_nasdaq_listing,1,1
SNDK,2015-01-02,baseline,HEJFE-48B08BAEDCEEDEFC,1,14:30-15:30,61,14:30-15:35,66,1,1,1,1,conditional_on_point_in_time_nasdaq_listing,1,1
STT,2015-01-02,baseline,HEJFE-EC5EB2BE0D97833F,1,15:20-16:00,41,15:20-16:00,41,1,1,1,1,conditional_on_point_in_time_nasdaq_listing,1,1
SWKS,2015-01-02,baseline,HEJFE-4DEF5FDB3210E91B,1,15:11-16:00,50,15:11-16:00,50,1,1,1,1,conditional_on_point_in_time_nasdaq_listing,1,1
TER,2015-01-02,baseline,HEJFE-334BAA0D940A418A,1,15:19-16:00,42,15:19-16:00,42,1,1,1,1,conditional_on_point_in_time_nasdaq_listing,1,1
URI,2015-01-02,baseline,HEJFE-00D863517A3A754C,1,15:13-16:00,48,15:13-16:00,48,1,1,1,1,conditional_on_point_in_time_nasdaq_listing,1,1
BCR,2015-01-05,baseline,HEJFE-E25BAF3CFF23A3BE,1,14:57-15:57,61,14:57-16:00,64,1,1,1,1,conditional_on_point_in_time_nasdaq_listing,1,1
CREE,2015-01-05,baseline,HEJFE-81F188C0D790FE70,1,15:09-16:00,52,15:09-16:00,52,1,1,1,1,conditional_on_point_in_time_nasdaq_listing,1,1
EA,2015-01-05,baseline,HEJFE-0B87675BF7BEDBCA,1,15:18-16:00,43,15:18-16:00,43,1,1,1,1,conditional_on_point_in_time_nasdaq_listing,1,1
F,2015-01-05,baseline,HEJFE-E8C5063581BE7EB7,1,15:29-16:00,32,15:29-16:00,32,1,1,1,1,conditional_on_point_in_time_nasdaq_listing,1,1
GILD,2015-01-05,baseline,HEJFE-C4D39B22234902F2,1,15:20-16:00,41,15:20-16:00,41,1,1,1,1,conditional_on_point_in_time_nasdaq_listing,1,1
GMCR,2015-01-05,baseline,HEJFE-7482DE1CD44C1A00,1,13:37-14:37,61,13:37-14:42,66,1,1,1,1,conditional_on_point_in_time_nasdaq_listing,1,1
HBI,2015-01-05,baseline,HEJFE-3ADF019D07BA84CE,1,14:08-15:08,61,14:08-15:13,66,1,1,1,1,conditional_on_point_in_time_nasdaq_listing,1,1
IDTI,2015-01-05,baseline,HEJFE-9861757889227DD4,1,13:54-14:54,61,13:54-14:59,66,1,1,1,1,conditional_on_point_in_time_nasdaq_listing,1,1
ILMN,2015-01-05,baseline,HEJFE-8A11E54A9679E09D,1,14:41-15:41,61,14:41-15:46,66,1,1,1,1,conditional_on_point_in_time_nasdaq_listing,1,1
MDU,2015-01-05,baseline,HEJFE-6101FFEDBA6EE41B,1,14:17-15:17,61,14:17-15:22,66,1,1,1,1,conditional_on_point_in_time_nasdaq_listing,1,1
NATI,2015-01-05,baseline,HEJFE-F9E72EEF6E5BD373,1,15:21-16:00,40,15:21-16:00,40,1,1,1,1,conditional_on_point_in_time_nasdaq_listing,1,1
NOW,2015-01-05,baseline,HEJFE-DC66D5F2BDEC7C74,1,13:01-14:01,61,13:01-14:06,66,1,1,1,1,conditional_on_point_in_time_nasdaq_listing,1,1
R,2015-01-05,baseline,HEJFE-A25F33B630365184,1,15:13-16:00,48,15:13-16:00,48,1,1,1,1,conditional_on_point_in_time_nasdaq_listing,1,1
SBUX,2015-01-05,baseline,HEJFE-A9DB7C5F6FD1D978,1,12:52-13:52,61,12:52-13:57,66,1,1,1,1,conditional_on_point_in_time_nasdaq_listing,1,1
SNDK,2015-01-05,baseline,HEJFE-48B08BAEDCEEDEFC,1,14:30-15:30,61,14:30-15:35,66,1,1,1,1,conditional_on_point_in_time_nasdaq_listing,1,1
STT,2015-01-05,baseline,HEJFE-EC5EB2BE0D97833F,1,15:20-16:00,41,15:20-16:00,41,1,1,1,1,conditional_on_point_in_time_nasdaq_listing,1,1
SWKS,2015-01-05,baseline,HEJFE-4DEF5FDB3210E91B,1,15:11-16:00,50,15:11-16:00,50,1,1,1,1,conditional_on_point_in_time_nasdaq_listing,1,1
TER,2015-01-05,baseline,HEJFE-334BAA0D940A418A,1,15:19-16:00,42,15:19-16:00,42,1,1,1,1,conditional_on_point_in_time_nasdaq_listing,1,1
URI,2015-01-05,baseline,HEJFE-00D863517A3A754C,1,15:13-16:00,48,15:13-16:00,48,1,1,1,1,conditional_on_point_in_time_nasdaq_listing,1,1
BCR,2015-01-06,baseline,HEJFE-E25BAF3CFF23A3BE,1,14:57-15:57,61,14:57-16:00,64,1,1,1,1,conditional_on_point_in_time_nasdaq_listing,1,1
CREE,2015-01-06,baseline,HEJFE-81F188C0D790FE70,1,15:09-16:00,52,15:09-16:00,52,1,1,1,1,conditional_on_point_in_time_nasdaq_listing,1,1
EA,2015-01-06,baseline,HEJFE-0B87675BF7BEDBCA,1,15:18-16:00,43,15:18-16:00,43,1,1,1,1,conditional_on_point_in_time_nasdaq_listing,1,1
F,2015-01-06,baseline,HEJFE-E8C5063581BE7EB7,1,15:29-16:00,32,15:29-16:00,32,1,1,1,1,conditional_on_point_in_time_nasdaq_listing,1,1
GILD,2015-01-06,baseline,HEJFE-C4D39B22234902F2,1,15:20-16:00,41,15:20-16:00,41,1,1,1,1,conditional_on_point_in_time_nasdaq_listing,1,1
GMCR,2015-01-06,baseline,HEJFE-7482DE1CD44C1A00,1,13:37-14:37,61,13:37-14:42,66,1,1,1,1,conditional_on_point_in_time_nasdaq_listing,1,1
HBI,2015-01-06,baseline,HEJFE-3ADF019D07BA84CE,1,14:08-15:08,61,14:08-15:13,66,1,1,1,1,conditional_on_point_in_time_nasdaq_listing,1,1
IDTI,2015-01-06,baseline,HEJFE-9861757889227DD4,1,13:54-14:54,61,13:54-14:59,66,1,1,1,1,conditional_on_point_in_time_nasdaq_listing,1,1
ILMN,2015-01-06,baseline,HEJFE-8A11E54A9679E09D,1,14:41-15:41,61,14:41-15:46,66,1,1,1,1,conditional_on_point_in_time_nasdaq_listing,1,1
MDU,2015-01-06,baseline,HEJFE-6101FFEDBA6EE41B,1,14:17-15:17,61,14:17-15:22,66,1,1,1,1,conditional_on_point_in_time_nasdaq_listing,1,1
NATI,2015-01-06,baseline,HEJFE-F9E72EEF6E5BD373,1,15:21-16:00,40,15:21-16:00,40,1,1,1,1,conditional_on_point_in_time_nasdaq_listing,1,1
NOW,2015-01-06,baseline,HEJFE-DC66D5F2BDEC7C74,1,13:01-14:01,61,13:01-14:06,66,1,1,1,1,conditional_on_point_in_time_nasdaq_listing,1,1
NUAN,2015-01-06,baseline,HEJFE-54A5D1D8A5B593C8,1,15:03-16:00,58,15:03-16:00,58,1,1,1,1,conditional_on_point_in_time_nasdaq_listing,1,1
P,2015-01-06,baseline,HEJFE-847F0EFE669B2440,1,15:29-16:00,32,15:29-16:00,32,1,1,1,1,conditional_on_point_in_time_nasdaq_listing,1,1
R,2015-01-06,baseline,HEJFE-A25F33B630365184,1,15:13-16:00,48,15:13-16:00,48,1,1,1,1,conditional_on_point_in_time_nasdaq_listing,1,1
SBUX,2015-01-06,baseline,HEJFE-A9DB7C5F6FD1D978,1,12:52-13:52,61,12:52-13:57,66,1,1,1,1,conditional_on_point_in_time_nasdaq_listing,1,1
SNDK,2015-01-06,baseline,HEJFE-48B08BAEDCEEDEFC,1,14:30-15:30,61,14:30-15:35,66,1,1,1,1,conditional_on_point_in_time_nasdaq_listing,1,1
STT,2015-01-06,baseline,HEJFE-EC5EB2BE0D97833F,1,15:20-16:00,41,15:20-16:00,41,1,1,1,1,conditional_on_point_in_time_nasdaq_listing,1,1
SWKS,2015-01-06,baseline,HEJFE-4DEF5FDB3210E91B,1,15:11-16:00,50,15:11-16:00,50,1,1,1,1,conditional_on_point_in_time_nasdaq_listing,1,1
TER,2015-01-06,baseline,HEJFE-334BAA0D940A418A,1,15:19-16:00,42,15:19-16:00,42,1,1,1,1,conditional_on_point_in_time_nasdaq_listing,1,1
URI,2015-01-06,baseline,HEJFE-00D863517A3A754C,1,15:13-16:00,48,15:13-16:00,48,1,1,1,1,conditional_on_point_in_time_nasdaq_listing,1,1
BCR,2015-01-07,baseline,HEJFE-E25BAF3CFF23A3BE,1,14:57-15:57,61,14:57-16:00,64,1,1,1,1,conditional_on_point_in_time_nasdaq_listing,1,1
CREE,2015-01-07,baseline,HEJFE-81F188C0D790FE70,1,15:09-16:00,52,15:09-16:00,52,1,1,1,1,conditional_on_point_in_time_nasdaq_listing,1,1
EA,2015-01-07,baseline,HEJFE-0B87675BF7BEDBCA,1,15:18-16:00,43,15:18-16:00,43,1,1,1,1,conditional_on_point_in_time_nasdaq_listing,1,1
F,2015-01-07,baseline,HEJFE-E8C5063581BE7EB7,1,15:29-16:00,32,15:29-16:00,32,1,1,1,1,conditional_on_point_in_time_nasdaq_listing,1,1
GILD,2015-01-07,baseline,HEJFE-C4D39B22234902F2,1,15:20-16:00,41,15:20-16:00,41,1,1,1,1,conditional_on_point_in_time_nasdaq_listing,1,1
GMCR,2015-01-07,baseline,HEJFE-7482DE1CD44C1A00,1,13:37-14:37,61,13:37-14:42,66,1,1,1,1,conditional_on_point_in_time_nasdaq_listing,1,1
HBI,2015-01-07,baseline,HEJFE-3ADF019D07BA84CE,1,14:08-15:08,61,14:08-15:13,66,1,1,1,1,conditional_on_point_in_time_nasdaq_listing,1,1
IDTI,2015-01-07,baseline,HEJFE-9861757889227DD4,1,13:54-14:54,61,13:54-14:59,66,1,1,1,1,conditional_on_point_in_time_nasdaq_listing,1,1
ILMN,2015-01-07,baseline,HEJFE-8A11E54A9679E09D,1,14:41-15:41,61,14:41-15:46,66,1,1,1,1,conditional_on_point_in_time_nasdaq_listing,1,1
MDU,2015-01-07,baseline,HEJFE-6101FFEDBA6EE41B,1,14:17-15:17,61,14:17-15:22,66,1,1,1,1,conditional_on_point_in_time_nasdaq_listing,1,1
NATI,2015-01-07,baseline,HEJFE-F9E72EEF6E5BD373,1,15:21-16:00,40,15:21-16:00,40,1,1,1,1,conditional_on_point_in_time_nasdaq_listing,1,1
NOW,2015-01-07,baseline,HEJFE-DC66D5F2BDEC7C74,1,13:01-14:01,61,13:01-14:06,66,1,1,1,1,conditional_on_point_in_time_nasdaq_listing,1,1
NUAN,2015-01-07,baseline,HEJFE-54A5D1D8A5B593C8,1,15:03-16:00,58,15:03-16:00,58,1,1,1,1,conditional_on_point_in_time_nasdaq_listing,1,1
P,2015-01-07,baseline,HEJFE-847F0EFE669B2440,1,15:29-16:00,32,15:29-16:00,32,1,1,1,1,conditional_on_point_in_time_nasdaq_listing,1,1
R,2015-01-07,baseline,HEJFE-A25F33B630365184,1,15:13-16:00,48,15:13-16:00,48,1,1,1,1,conditional_on_point_in_time_nasdaq_listing,1,1
SBUX,2015-01-07,baseline,HEJFE-A9DB7C5F6FD1D978,1,12:52-13:52,61,12:52-13:57,66,1,1,1,1,conditional_on_point_in_time_nasdaq_listing,1,1
SNDK,2015-01-07,baseline,HEJFE-48B08BAEDCEEDEFC,1,14:30-15:30,61,14:30-15:35,66,1,1,1,1,conditional_on_point_in_time_nasdaq_listing,1,1
STT,2015-01-07,baseline,HEJFE-EC5EB2BE0D97833F,1,15:20-16:00,41,15:20-16:00,41,1,1,1,1,conditional_on_point_in_time_nasdaq_listing,1,1
SWKS,2015-01-07,baseline,HEJFE-4DEF5FDB3210E91B,1,15:11-16:00,50,15:11-16:00,50,1,1,1,1,conditional_on_point_in_time_nasdaq_listing,1,1
TER,2015-01-07,baseline,HEJFE-334BAA0D940A418A,1,15:19-16:00,42,15:19-16:00,42,1,1,1,1,conditional_on_point_in_time_nasdaq_listing,1,1
URI,2015-01-07,baseline,HEJFE-00D863517A3A754C,1,15:13-16:00,48,15:13-16:00,48,1,1,1,1,conditional_on_point_in_time_nasdaq_listing,1,1
BCR,2015-01-08,baseline,HEJFE-E25BAF3CFF23A3BE,1,14:57-15:57,61,14:57-16:00,64,1,1,1,1,conditional_on_point_in_time_nasdaq_listing,1,1
CREE,2015-01-08,baseline,HEJFE-81F188C0D790FE70,1,15:09-16:00,52,15:09-16:00,52,1,1,1,1,conditional_on_point_in_time_nasdaq_listing,1,1
EA,2015-01-08,baseline,HEJFE-0B87675BF7BEDBCA,1,15:18-16:00,43,15:18-16:00,43,1,1,1,1,conditional_on_point_in_time_nasdaq_listing,1,1
F,2015-01-08,baseline,HEJFE-E8C5063581BE7EB7,1,15:29-16:00,32,15:29-16:00,32,1,1,1,1,conditional_on_point_in_time_nasdaq_listing,1,1
GILD,2015-01-08,baseline,HEJFE-C4D39B22234902F2,1,15:20-16:00,41,15:20-16:00,41,1,1,1,1,conditional_on_point_in_time_nasdaq_listing,1,1
GMCR,2015-01-08,baseline,HEJFE-7482DE1CD44C1A00,1,13:37-14:37,61,13:37-14:42,66,1,1,1,1,conditional_on_point_in_time_nasdaq_listing,1,1
HBI,2015-01-08,baseline,HEJFE-3ADF019D07BA84CE,1,14:08-15:08,61,14:08-15:13,66,1,1,1,1,conditional_on_point_in_time_nasdaq_listing,1,1
IDTI,2015-01-08,baseline,HEJFE-9861757889227DD4,1,13:54-14:54,61,13:54-14:59,66,1,1,1,1,conditional_on_point_in_time_nasdaq_listing,1,1
ILMN,2015-01-08,baseline,HEJFE-8A11E54A9679E09D,1,14:41-15:41,61,14:41-15:46,66,1,1,1,1,conditional_on_point_in_time_nasdaq_listing,1,1
MDU,2015-01-08,baseline,HEJFE-6101FFEDBA6EE41B,1,14:17-15:17,61,14:17-15:22,66,1,1,1,1,conditional_on_point_in_time_nasdaq_listing,1,1
NATI,2015-01-08,baseline,HEJFE-F9E72EEF6E5BD373,1,15:21-16:00,40,15:21-16:00,40,1,1,1,1,conditional_on_point_in_time_nasdaq_listing,1,1
NOW,2015-01-08,baseline,HEJFE-DC66D5F2BDEC7C74,1,13:01-14:01,61,13:01-14:06,66,1,1,1,1,conditional_on_point_in_time_nasdaq_listing,1,1
NUAN,2015-01-08,baseline,HEJFE-54A5D1D8A5B593C8,1,15:03-16:00,58,15:03-16:00,58,1,1,1,1,conditional_on_point_in_time_nasdaq_listing,1,1
P,2015-01-08,baseline,HEJFE-847F0EFE669B2440,1,15:29-16:00,32,15:29-16:00,32,1,1,1,1,conditional_on_point_in_time_nasdaq_listing,1,1
R,2015-01-08,baseline,HEJFE-A25F33B630365184,1,15:13-16:00,48,15:13-16:00,48,1,1,1,1,conditional_on_point_in_time_nasdaq_listing,1,1
SBUX,2015-01-08,baseline,HEJFE-A9DB7C5F6FD1D978,1,12:52-13:52,61,12:52-13:57,66,1,1,1,1,conditional_on_point_in_time_nasdaq_listing,1,1
SNDK,2015-01-08,baseline,HEJFE-48B08BAEDCEEDEFC,1,14:30-15:30,61,14:30-15:35,66,1,1,1,1,conditional_on_point_in_time_nasdaq_listing,1,1
STT,2015-01-08,baseline,HEJFE-EC5EB2BE0D97833F,1,15:20-16:00,41,15:20-16:00,41,1,1,1,1,conditional_on_point_in_time_nasdaq_listing,1,1
SWKS,2015-01-08,baseline,HEJFE-4DEF5FDB3210E91B,1,15:11-16:00,50,15:11-16:00,50,1,1,1,1,conditional_on_point_in_time_nasdaq_listing,1,1
TER,2015-01-08,baseline,HEJFE-334BAA0D940A418A,1,15:19-16:00,42,15:19-16:00,42,1,1,1,1,conditional_on_point_in_time_nasdaq_listing,1,1
URI,2015-01-08,baseline,HEJFE-00D863517A3A754C,1,15:13-16:00,48,15:13-16:00,48,1,1,1,1,conditional_on_point_in_time_nasdaq_listing,1,1
BCR,2015-01-09,baseline,HEJFE-E25BAF3CFF23A3BE,1,14:57-15:57,61,14:57-16:00,64,1,1,1,1,conditional_on_point_in_time_nasdaq_listing,1,1
CREE,2015-01-09,baseline,HEJFE-81F188C0D790FE70,1,15:09-16:00,52,15:09-16:00,52,1,1,1,1,conditional_on_point_in_time_nasdaq_listing,1,1
CRL,2015-01-09,baseline,HEJFE-947F50EBAFBA54DC,1,15:25-16:00,36,15:25-16:00,36,1,1,1,1,conditional_on_point_in_time_nasdaq_listing,1,1
EA,2015-01-09,baseline,HEJFE-0B87675BF7BEDBCA,1,15:18-16:00,43,15:18-16:00,43,1,1,1,1,conditional_on_point_in_time_nasdaq_listing,1,1
F,2015-01-09,baseline,HEJFE-E8C5063581BE7EB7,1,15:29-16:00,32,15:29-16:00,32,1,1,1,1,conditional_on_point_in_time_nasdaq_listing,1,1
GILD,2015-01-09,baseline,HEJFE-C4D39B22234902F2,1,15:20-16:00,41,15:20-16:00,41,1,1,1,1,conditional_on_point_in_time_nasdaq_listing,1,1
GMCR,2015-01-09,baseline,HEJFE-7482DE1CD44C1A00,1,13:37-14:37,61,13:37-14:42,66,1,1,1,1,conditional_on_point_in_time_nasdaq_listing,1,1
GNRC,2015-01-09,baseline,HEJFE-E342F6A93B35E012,1,15:22-16:00,39,15:22-16:00,39,1,1,1,1,conditional_on_point_in_time_nasdaq_listing,1,1
HBI,2015-01-09,baseline,HEJFE-3ADF019D07BA84CE,1,14:08-15:08,61,14:08-15:13,66,1,1,1,1,conditional_on_point_in_time_nasdaq_listing,1,1
IDTI,2015-01-09,baseline,HEJFE-9861757889227DD4,1,13:54-14:54,61,13:54-14:59,66,1,1,1,1,conditional_on_point_in_time_nasdaq_listing,1,1
ILMN,2015-01-09,baseline,HEJFE-8A11E54A9679E09D,1,14:41-15:41,61,14:41-15:46,66,1,1,1,1,conditional_on_point_in_time_nasdaq_listing,1,1
MDU,2015-01-09,baseline,HEJFE-6101FFEDBA6EE41B,1,14:17-15:17,61,14:17-15:22,66,1,1,1,1,conditional_on_point_in_time_nasdaq_listing,1,1
NATI,2015-01-09,baseline,HEJFE-F9E72EEF6E5BD373,1,15:21-16:00,40,15:21-16:00,40,1,1,1,1,conditional_on_point_in_time_nasdaq_listing,1,1
NOW,2015-01-09,baseline,HEJFE-DC66D5F2BDEC7C74,1,13:01-14:01,61,13:01-14:06,66,1,1,1,1,conditional_on_point_in_time_nasdaq_listing,1,1
NUAN,2015-01-09,baseline,HEJFE-54A5D1D8A5B593C8,1,15:03-16:00,58,15:03-16:00,58,1,1,1,1,conditional_on_point_in_time_nasdaq_listing,1,1
P,2015-01-09,baseline,HEJFE-847F0EFE669B2440,1,15:29-16:00,32,15:29-16:00,32,1,1,1,1,conditional_on_point_in_time_nasdaq_listing,1,1
R,2015-01-09,baseline,HEJFE-A25F33B630365184,1,15:13-16:00,48,15:13-16:00,48,1,1,1,1,conditional_on_point_in_time_nasdaq_listing,1,1
SBUX,2015-01-09,baseline,HEJFE-A9DB7C5F6FD1D978,1,12:52-13:52,61,12:52-13:57,66,1,1,1,1,conditional_on_point_in_time_nasdaq_listing,1,1
SNDK,2015-01-09,baseline,HEJFE-48B08BAEDCEEDEFC,1,14:30-15:30,61,14:30-15:35,66,1,1,1,1,conditional_on_point_in_time_nasdaq_listing,1,1
STT,2015-01-09,baseline,HEJFE-EC5EB2BE0D97833F,1,15:20-16:00,41,15:20-16:00,41,1,1,1,1,conditional_on_point_in_time_nasdaq_listing,1,1
SWKS,2015-01-09,baseline,HEJFE-4DEF5FDB3210E91B,1,15:11-16:00,50,15:11-16:00,50,1,1,1,1,conditional_on_point_in_time_nasdaq_listing,1,1
TER,2015-01-09,baseline,HEJFE-334BAA0D940A418A,1,15:19-16:00,42,15:19-16:00,42,1,1,1,1,conditional_on_point_in_time_nasdaq_listing,1,1
URI,2015-01-09,baseline,HEJFE-00D863517A3A754C,1,15:13-16:00,48,15:13-16:00,48,1,1,1,1,conditional_on_point_in_time_nasdaq_listing,1,1
BCR,2015-01-12,baseline,HEJFE-E25BAF3CFF23A3BE,1,14:57-15:57,61,14:57-16:00,64,1,1,1,1,conditional_on_point_in_time_nasdaq_listing,1,1
CREE,2015-01-12,baseline,HEJFE-81F188C0D790FE70,1,15:09-16:00,52,15:09-16:00,52,1,1,1,1,conditional_on_point_in_time_nasdaq_listing,1,1
CRL,2015-01-12,baseline,HEJFE-947F50EBAFBA54DC,1,15:25-16:00,36,15:25-16:00,36,1,1,1,1,conditional_on_point_in_time_nasdaq_listing,1,1
EA,2015-01-12,baseline,HEJFE-0B87675BF7BEDBCA,1,15:18-16:00,43,15:18-16:00,43,1,1,1,1,conditional_on_point_in_time_nasdaq_listing,1,1
F,2015-01-12,baseline,HEJFE-E8C5063581BE7EB7,1,15:29-16:00,32,15:29-16:00,32,1,1,1,1,conditional_on_point_in_time_nasdaq_listing,1,1
GILD,2015-01-12,baseline,HEJFE-C4D39B22234902F2,1,15:20-16:00,41,15:20-16:00,41,1,1,1,1,conditional_on_point_in_time_nasdaq_listing,1,1
GMCR,2015-01-12,baseline,HEJFE-7482DE1CD44C1A00,1,13:37-14:37,61,13:37-14:42,66,1,1,1,1,conditional_on_point_in_time_nasdaq_listing,1,1
GNRC,2015-01-12,baseline,HEJFE-E342F6A93B35E012,1,15:22-16:00,39,15:22-16:00,39,1,1,1,1,conditional_on_point_in_time_nasdaq_listing,1,1
HBI,2015-01-12,baseline,HEJFE-3ADF019D07BA84CE,1,14:08-15:08,61,14:08-15:13,66,1,1,1,1,conditional_on_point_in_time_nasdaq_listing,1,1
IDTI,2015-01-12,baseline,HEJFE-9861757889227DD4,1,13:54-14:54,61,13:54-14:59,66,1,1,1,1,conditional_on_point_in_time_nasdaq_listing,1,1
ILMN,2015-01-12,baseline,HEJFE-8A11E54A9679E09D,1,14:41-15:41,61,14:41-15:46,66,1,1,1,1,conditional_on_point_in_time_nasdaq_listing,1,1
MDU,2015-01-12,baseline,HEJFE-6101FFEDBA6EE41B,1,14:17-15:17,61,14:17-15:22,66,1,1,1,1,conditional_on_point_in_time_nasdaq_listing,1,1
NATI,2015-01-12,baseline,HEJFE-F9E72EEF6E5BD373,1,15:21-16:00,40,15:21-16:00,40,1,1,1,1,conditional_on_point_in_time_nasdaq_listing,1,1
NOW,2015-01-12,baseline,HEJFE-DC66D5F2BDEC7C74,1,13:01-14:01,61,13:01-14:06,66,1,1,1,1,conditional_on_point_in_time_nasdaq_listing,1,1
NUAN,2015-01-12,baseline,HEJFE-54A5D1D8A5B593C8,1,15:03-16:00,58,15:03-16:00,58,1,1,1,1,conditional_on_point_in_time_nasdaq_listing,1,1
P,2015-01-12,baseline,HEJFE-847F0EFE669B2440,1,15:29-16:00,32,15:29-16:00,32,1,1,1,1,conditional_on_point_in_time_nasdaq_listing,1,1
PNRA,2015-01-12,baseline,HEJFE-4E643D38FFB3016E,1,14:28-15:28,61,14:28-15:33,66,1,1,1,1,conditional_on_point_in_time_nasdaq_listing,1,1
R,2015-01-12,baseline,HEJFE-A25F33B630365184,1,15:13-16:00,48,15:13-16:00,48,1,1,1,1,conditional_on_point_in_time_nasdaq_listing,1,1
SBUX,2015-01-12,baseline,HEJFE-A9DB7C5F6FD1D978,1,12:52-13:52,61,12:52-13:57,66,1,1,1,1,conditional_on_point_in_time_nasdaq_listing,1,1
SNDK,2015-01-12,baseline,HEJFE-48B08BAEDCEEDEFC,1,14:30-15:30,61,14:30-15:35,66,1,1,1,1,conditional_on_point_in_time_nasdaq_listing,1,1
STT,2015-01-12,baseline,HEJFE-EC5EB2BE0D97833F,1,15:20-16:00,41,15:20-16:00,41,1,1,1,1,conditional_on_point_in_time_nasdaq_listing,1,1
SWKS,2015-01-12,baseline,HEJFE-4DEF5FDB3210E91B,1,15:11-16:00,50,15:11-16:00,50,1,1,1,1,conditional_on_point_in_time_nasdaq_listing,1,1
TER,2015-01-12,baseline,HEJFE-334BAA0D940A418A,1,15:19-16:00,42,15:19-16:00,42,1,1,1,1,conditional_on_point_in_time_nasdaq_listing,1,1
URI,2015-01-12,baseline,HEJFE-00D863517A3A754C,1,15:13-16:00,48,15:13-16:00,48,1,1,1,1,conditional_on_point_in_time_nasdaq_listing,1,1
ALNY,2015-01-13,baseline,HEJFE-22BF36BABB9D19D7,1,15:25-16:00,36,15:25-16:00,36,1,1,1,1,conditional_on_point_in_time_nasdaq_listing,1,1
BCR,2015-01-13,baseline,HEJFE-E25BAF3CFF23A3BE,1,14:57-15:57,61,14:57-16:00,64,1,1,1,1,conditional_on_point_in_time_nasdaq_listing,1,1
CGNX,2015-01-13,baseline,HEJFE-FBA59D82CEE8FD00,1,13:34-14:34,61,13:34-14:39,66,1,1,1,1,conditional_on_point_in_time_nasdaq_listing,1,1
COLM,2015-01-13,baseline,HEJFE-FBFFFD99898188CF,1,14:03-15:03,61,14:03-15:08,66,1,1,1,1,conditional_on_point_in_time_nasdaq_listing,1,1
CREE,2015-01-13,baseline,HEJFE-81F188C0D790FE70,1,15:09-16:00,52,15:09-16:00,52,1,1,1,1,conditional_on_point_in_time_nasdaq_listing,1,1
CRL,2015-01-13,baseline,HEJFE-947F50EBAFBA54DC,1,15:25-16:00,36,15:25-16:00,36,1,1,1,1,conditional_on_point_in_time_nasdaq_listing,1,1
EA,2015-01-13,baseline,HEJFE-0B87675BF7BEDBCA,1,15:18-16:00,43,15:18-16:00,43,1,1,1,1,conditional_on_point_in_time_nasdaq_listing,1,1
F,2015-01-13,baseline,HEJFE-E8C5063581BE7EB7,1,15:29-16:00,32,15:29-16:00,32,1,1,1,1,conditional_on_point_in_time_nasdaq_listing,1,1
GILD,2015-01-13,baseline,HEJFE-C4D39B22234902F2,1,15:20-16:00,41,15:20-16:00,41,1,1,1,1,conditional_on_point_in_time_nasdaq_listing,1,1
GMCR,2015-01-13,baseline,HEJFE-7482DE1CD44C1A00,1,13:37-14:37,61,13:37-14:42,66,1,1,1,1,conditional_on_point_in_time_nasdaq_listing,1,1
GNRC,2015-01-13,baseline,HEJFE-E342F6A93B35E012,1,15:22-16:00,39,15:22-16:00,39,1,1,1,1,conditional_on_point_in_time_nasdaq_listing,1,1
HBI,2015-01-13,baseline,HEJFE-3ADF019D07BA84CE,1,14:08-15:08,61,14:08-15:13,66,1,1,1,1,conditional_on_point_in_time_nasdaq_listing,1,1
IDTI,2015-01-13,baseline,HEJFE-9861757889227DD4,1,13:54-14:54,61,13:54-14:59,66,1,1,1,1,conditional_on_point_in_time_nasdaq_listing,1,1
ILMN,2015-01-13,baseline,HEJFE-8A11E54A9679E09D,1,14:41-15:41,61,14:41-15:46,66,1,1,1,1,conditional_on_point_in_time_nasdaq_listing,1,1
INWK,2015-01-13,baseline,HEJFE-20EC97300E6205B9,1,13:31-14:31,61,13:31-14:36,66,1,1,1,1,conditional_on_point_in_time_nasdaq_listing,1,1
MDU,2015-01-13,baseline,HEJFE-6101FFEDBA6EE41B,1,14:17-15:17,61,14:17-15:22,66,1,1,1,1,conditional_on_point_in_time_nasdaq_listing,1,1
NATI,2015-01-13,baseline,HEJFE-F9E72EEF6E5BD373,1,15:21-16:00,40,15:21-16:00,40,1,1,1,1,conditional_on_point_in_time_nasdaq_listing,1,1
NOW,2015-01-13,baseline,HEJFE-DC66D5F2BDEC7C74,1,13:01-14:01,61,13:01-14:06,66,1,1,1,1,conditional_on_point_in_time_nasdaq_listing,1,1
NUAN,2015-01-13,baseline,HEJFE-54A5D1D8A5B593C8,1,15:03-16:00,58,15:03-16:00,58,1,1,1,1,conditional_on_point_in_time_nasdaq_listing,1,1
P,2015-01-13,baseline,HEJFE-847F0EFE669B2440,1,15:29-16:00,32,15:29-16:00,32,1,1,1,1,conditional_on_point_in_time_nasdaq_listing,1,1
PNRA,2015-01-13,baseline,HEJFE-4E643D38FFB3016E,1,14:28-15:28,61,14:28-15:33,66,1,1,1,1,conditional_on_point_in_time_nasdaq_listing,1,1
QLIK,2015-01-13,baseline,HEJFE-4080E04F012A7290,1,15:09-16:00,52,15:09-16:00,52,1,1,1,1,conditional_on_point_in_time_nasdaq_listing,1,1
R,2015-01-13,baseline,HEJFE-A25F33B630365184,1,15:13-16:00,48,15:13-16:00,48,1,1,1,1,conditional_on_point_in_time_nasdaq_listing,1,1
SBUX,2015-01-13,baseline,HEJFE-A9DB7C5F6FD1D978,1,12:52-13:52,61,12:52-13:57,66,1,1,1,1,conditional_on_point_in_time_nasdaq_listing,1,1
SNDK,2015-01-13,baseline,HEJFE-48B08BAEDCEEDEFC,1,14:30-15:30,61,14:30-15:35,66,1,1,1,1,conditional_on_point_in_time_nasdaq_listing,1,1
STT,2015-01-13,baseline,HEJFE-EC5EB2BE0D97833F,1,15:20-16:00,41,15:20-16:00,41,1,1,1,1,conditional_on_point_in_time_nasdaq_listing,1,1
SWKS,2015-01-13,baseline,HEJFE-4DEF5FDB3210E91B,1,15:11-16:00,50,15:11-16:00,50,1,1,1,1,conditional_on_point_in_time_nasdaq_listing,1,1
TER,2015-01-13,baseline,HEJFE-334BAA0D940A418A,1,15:19-16:00,42,15:19-16:00,42,1,1,1,1,conditional_on_point_in_time_nasdaq_listing,1,1
TNGO,2015-01-13,baseline,HEJFE-AF5106891E058D23,1,14:40-15:40,61,14:40-15:45,66,1,1,1,1,conditional_on_point_in_time_nasdaq_listing,1,1
URI,2015-01-13,baseline,HEJFE-00D863517A3A754C,1,15:13-16:00,48,15:13-16:00,48,1,1,1,1,conditional_on_point_in_time_nasdaq_listing,1,1
ALNY,2015-01-14,baseline,HEJFE-22BF36BABB9D19D7,1,15:25-16:00,36,15:25-16:00,36,1,1,1,1,conditional_on_point_in_time_nasdaq_listing,1,1
BCR,2015-01-14,baseline,HEJFE-E25BAF3CFF23A3BE,1,14:57-15:57,61,14:57-16:00,64,1,1,1,1,conditional_on_point_in_time_nasdaq_listing,1,1
CGNX,2015-01-14,baseline,HEJFE-FBA59D82CEE8FD00,1,13:34-14:34,61,13:34-14:39,66,1,1,1,1,conditional_on_point_in_time_nasdaq_listing,1,1
COLM,2015-01-14,baseline,HEJFE-FBFFFD99898188CF,1,14:03-15:03,61,14:03-15:08,66,1,1,1,1,conditional_on_point_in_time_nasdaq_listing,1,1
CREE,2015-01-14,baseline,HEJFE-81F188C0D790FE70,1,15:09-16:00,52,15:09-16:00,52,1,1,1,1,conditional_on_point_in_time_nasdaq_listing,1,1
CRL,2015-01-14,baseline,HEJFE-947F50EBAFBA54DC,1,15:25-16:00,36,15:25-16:00,36,1,1,1,1,conditional_on_point_in_time_nasdaq_listing,1,1
EA,2015-01-14,baseline,HEJFE-0B87675BF7BEDBCA,1,15:18-16:00,43,15:18-16:00,43,1,1,1,1,conditional_on_point_in_time_nasdaq_listing,1,1
F,2015-01-14,baseline,HEJFE-E8C5063581BE7EB7,1,15:29-16:00,32,15:29-16:00,32,1,1,1,1,conditional_on_point_in_time_nasdaq_listing,1,1
GILD,2015-01-14,baseline,HEJFE-C4D39B22234902F2,1,15:20-16:00,41,15:20-16:00,41,1,1,1,1,conditional_on_point_in_time_nasdaq_listing,1,1
GMCR,2015-01-14,baseline,HEJFE-7482DE1CD44C1A00,1,13:37-14:37,61,13:37-14:42,66,1,1,1,1,conditional_on_point_in_time_nasdaq_listing,1,1
GNRC,2015-01-14,baseline,HEJFE-E342F6A93B35E012,1,15:22-16:00,39,15:22-16:00,39,1,1,1,1,conditional_on_point_in_time_nasdaq_listing,1,1
HBI,2015-01-14,baseline,HEJFE-3ADF019D07BA84CE,1,14:08-15:08,61,14:08-15:13,66,1,1,1,1,conditional_on_point_in_time_nasdaq_listing,1,1
IDTI,2015-01-14,baseline,HEJFE-9861757889227DD4,1,13:54-14:54,61,13:54-14:59,66,1,1,1,1,conditional_on_point_in_time_nasdaq_listing,1,1
ILMN,2015-01-14,baseline,HEJFE-8A11E54A9679E09D,1,14:41-15:41,61,14:41-15:46,66,1,1,1,1,conditional_on_point_in_time_nasdaq_listing,1,1
INWK,2015-01-14,baseline,HEJFE-20EC97300E6205B9,1,13:31-14:31,61,13:31-14:36,66,1,1,1,1,conditional_on_point_in_time_nasdaq_listing,1,1
MDU,2015-01-14,baseline,HEJFE-6101FFEDBA6EE41B,1,14:17-15:17,61,14:17-15:22,66,1,1,1,1,conditional_on_point_in_time_nasdaq_listing,1,1
NATI,2015-01-14,baseline,HEJFE-F9E72EEF6E5BD373,1,15:21-16:00,40,15:21-16:00,40,1,1,1,1,conditional_on_point_in_time_nasdaq_listing,1,1
NOW,2015-01-14,baseline,HEJFE-DC66D5F2BDEC7C74,1,13:01-14:01,61,13:01-14:06,66,1,1,1,1,conditional_on_point_in_time_nasdaq_listing,1,1
NUAN,2015-01-14,baseline,HEJFE-54A5D1D8A5B593C8,1,15:03-16:00,58,15:03-16:00,58,1,1,1,1,conditional_on_point_in_time_nasdaq_listing,1,1
P,2015-01-14,baseline,HEJFE-847F0EFE669B2440,1,15:29-16:00,32,15:29-16:00,32,1,1,1,1,conditional_on_point_in_time_nasdaq_listing,1,1
PNRA,2015-01-14,baseline,HEJFE-4E643D38FFB3016E,1,14:28-15:28,61,14:28-15:33,66,1,1,1,1,conditional_on_point_in_time_nasdaq_listing,1,1
QLIK,2015-01-14,baseline,HEJFE-4080E04F012A7290,1,15:09-16:00,52,15:09-16:00,52,1,1,1,1,conditional_on_point_in_time_nasdaq_listing,1,1
R,2015-01-14,baseline,HEJFE-A25F33B630365184,1,15:13-16:00,48,15:13-16:00,48,1,1,1,1,conditional_on_point_in_time_nasdaq_listing,1,1
SBUX,2015-01-14,baseline,HEJFE-A9DB7C5F6FD1D978,1,12:52-13:52,61,12:52-13:57,66,1,1,1,1,conditional_on_point_in_time_nasdaq_listing,1,1
SNDK,2015-01-14,baseline,HEJFE-48B08BAEDCEEDEFC,1,14:30-15:30,61,14:30-15:35,66,1,1,1,1,conditional_on_point_in_time_nasdaq_listing,1,1
STT,2015-01-14,baseline,HEJFE-EC5EB2BE0D97833F,1,15:20-16:00,41,15:20-16:00,41,1,1,1,1,conditional_on_point_in_time_nasdaq_listing,1,1
SWKS,2015-01-14,baseline,HEJFE-4DEF5FDB3210E91B,1,15:11-16:00,50,15:11-16:00,50,1,1,1,1,conditional_on_point_in_time_nasdaq_listing,1,1
TER,2015-01-14,baseline,HEJFE-334BAA0D940A418A,1,15:19-16:00,42,15:19-16:00,42,1,1,1,1,conditional_on_point_in_time_nasdaq_listing,1,1
TNGO,2015-01-14,baseline,HEJFE-AF5106891E058D23,1,14:40-15:40,61,14:40-15:45,66,1,1,1,1,conditional_on_point_in_time_nasdaq_listing,1,1
URI,2015-01-14,baseline,HEJFE-00D863517A3A754C,1,15:13-16:00,48,15:13-16:00,48,1,1,1,1,conditional_on_point_in_time_nasdaq_listing,1,1
ADI,2015-01-15,baseline,HEJFE-D9C52E6CC595C380,1,13:35-14:35,61,13:35-14:40,66,1,1,1,1,conditional_on_point_in_time_nasdaq_listing,1,1
ALNY,2015-01-15,baseline,HEJFE-22BF36BABB9D19D7,1,15:25-16:00,36,15:25-16:00,36,1,1,1,1,conditional_on_point_in_time_nasdaq_listing,1,1
BCR,2015-01-15,baseline,HEJFE-E25BAF3CFF23A3BE,1,14:57-15:57,61,14:57-16:00,64,1,1,1,1,conditional_on_point_in_time_nasdaq_listing,1,1
CGNX,2015-01-15,baseline,HEJFE-FBA59D82CEE8FD00,1,13:34-14:34,61,13:34-14:39,66,1,1,1,1,conditional_on_point_in_time_nasdaq_listing,1,1
CLD,2015-01-15,baseline,HEJFE-B04F1AF8B6E30A43,1,15:05-16:00,56,15:05-16:00,56,1,1,1,1,conditional_on_point_in_time_nasdaq_listing,1,1
COLM,2015-01-15,baseline,HEJFE-FBFFFD99898188CF,1,14:03-15:03,61,14:03-15:08,66,1,1,1,1,conditional_on_point_in_time_nasdaq_listing,1,1
CREE,2015-01-15,baseline,HEJFE-81F188C0D790FE70,1,15:09-16:00,52,15:09-16:00,52,1,1,1,1,conditional_on_point_in_time_nasdaq_listing,1,1
CRL,2015-01-15,baseline,HEJFE-947F50EBAFBA54DC,1,15:25-16:00,36,15:25-16:00,36,1,1,1,1,conditional_on_point_in_time_nasdaq_listing,1,1
EA,2015-01-15,baseline,HEJFE-0B87675BF7BEDBCA,1,15:18-16:00,43,15:18-16:00,43,1,1,1,1,conditional_on_point_in_time_nasdaq_listing,1,1
F,2015-01-15,baseline,HEJFE-E8C5063581BE7EB7,1,15:29-16:00,32,15:29-16:00,32,1,1,1,1,conditional_on_point_in_time_nasdaq_listing,1,1
FLR,2015-01-15,baseline,HEJFE-1E37362063697486,1,14:36-15:36,61,14:36-15:41,66,1,1,1,1,conditional_on_point_in_time_nasdaq_listing,1,1
GILD,2015-01-15,baseline,HEJFE-C4D39B22234902F2,1,15:20-16:00,41,15:20-16:00,41,1,1,1,1,conditional_on_point_in_time_nasdaq_listing,1,1
GMCR,2015-01-15,baseline,HEJFE-7482DE1CD44C1A00,1,13:37-14:37,61,13:37-14:42,66,1,1,1,1,conditional_on_point_in_time_nasdaq_listing,1,1
GNRC,2015-01-15,baseline,HEJFE-E342F6A93B35E012,1,15:22-16:00,39,15:22-16:00,39,1,1,1,1,conditional_on_point_in_time_nasdaq_listing,1,1
HBI,2015-01-15,baseline,HEJFE-3ADF019D07BA84CE,1,14:08-15:08,61,14:08-15:13,66,1,1,1,1,conditional_on_point_in_time_nasdaq_listing,1,1
IDTI,2015-01-15,baseline,HEJFE-9861757889227DD4,1,13:54-14:54,61,13:54-14:59,66,1,1,1,1,conditional_on_point_in_time_nasdaq_listing,1,1
ILMN,2015-01-15,baseline,HEJFE-8A11E54A9679E09D,1,14:41-15:41,61,14:41-15:46,66,1,1,1,1,conditional_on_point_in_time_nasdaq_listing,1,1
INWK,2015-01-15,baseline,HEJFE-20EC97300E6205B9,1,13:31-14:31,61,13:31-14:36,66,1,1,1,1,conditional_on_point_in_time_nasdaq_listing,1,1
MDU,2015-01-15,baseline,HEJFE-6101FFEDBA6EE41B,1,14:17-15:17,61,14:17-15:22,66,1,1,1,1,conditional_on_point_in_time_nasdaq_listing,1,1
NATI,2015-01-15,baseline,HEJFE-F9E72EEF6E5BD373,1,15:21-16:00,40,15:21-16:00,40,1,1,1,1,conditional_on_point_in_time_nasdaq_listing,1,1
NOW,2015-01-15,baseline,HEJFE-DC66D5F2BDEC7C74,1,13:01-14:01,61,13:01-14:06,66,1,1,1,1,conditional_on_point_in_time_nasdaq_listing,1,1
NUAN,2015-01-15,baseline,HEJFE-54A5D1D8A5B593C8,1,15:03-16:00,58,15:03-16:00,58,1,1,1,1,conditional_on_point_in_time_nasdaq_listing,1,1
P,2015-01-15,baseline,HEJFE-847F0EFE669B2440,1,15:29-16:00,32,15:29-16:00,32,1,1,1,1,conditional_on_point_in_time_nasdaq_listing,1,1
PNRA,2015-01-15,baseline,HEJFE-4E643D38FFB3016E,1,14:28-15:28,61,14:28-15:33,66,1,1,1,1,conditional_on_point_in_time_nasdaq_listing,1,1
QLIK,2015-01-15,baseline,HEJFE-4080E04F012A7290,1,15:09-16:00,52,15:09-16:00,52,1,1,1,1,conditional_on_point_in_time_nasdaq_listing,1,1
R,2015-01-15,baseline,HEJFE-A25F33B630365184,1,15:13-16:00,48,15:13-16:00,48,1,1,1,1,conditional_on_point_in_time_nasdaq_listing,1,1
ROG,2015-01-15,baseline,HEJFE-7CEFB3FE3D986464,1,15:14-16:00,47,15:14-16:00,47,1,1,1,1,conditional_on_point_in_time_nasdaq_listing,1,1
SBUX,2015-01-15,baseline,HEJFE-A9DB7C5F6FD1D978,1,12:52-13:52,61,12:52-13:57,66,1,1,1,1,conditional_on_point_in_time_nasdaq_listing,1,1
SNDK,2015-01-15,baseline,HEJFE-48B08BAEDCEEDEFC,1,14:30-15:30,61,14:30-15:35,66,1,1,1,1,conditional_on_point_in_time_nasdaq_listing,1,1
STT,2015-01-15,baseline,HEJFE-EC5EB2BE0D97833F,1,15:20-16:00,41,15:20-16:00,41,1,1,1,1,conditional_on_point_in_time_nasdaq_listing,1,1
SWKS,2015-01-15,baseline,HEJFE-4DEF5FDB3210E91B,1,15:11-16:00,50,15:11-16:00,50,1,1,1,1,conditional_on_point_in_time_nasdaq_listing,1,1
TER,2015-01-15,baseline,HEJFE-334BAA0D940A418A,1,15:19-16:00,42,15:19-16:00,42,1,1,1,1,conditional_on_point_in_time_nasdaq_listing,1,1
TNGO,2015-01-15,baseline,HEJFE-AF5106891E058D23,1,14:40-15:40,61,14:40-15:45,66,1,1,1,1,conditional_on_point_in_time_nasdaq_listing,1,1
URI,2015-01-15,baseline,HEJFE-00D863517A3A754C,1,15:13-16:00,48,15:13-16:00,48,1,1,1,1,conditional_on_point_in_time_nasdaq_listing,1,1
WTS,2015-01-15,baseline,HEJFE-D346C6CFDFB6E581,1,13:49-14:49,61,13:49-14:54,66,1,1,1,1,conditional_on_point_in_time_nasdaq_listing,1,1
ADI,2015-01-16,baseline,HEJFE-D9C52E6CC595C380,1,13:35-14:35,61,13:35-14:40,66,1,1,1,1,conditional_on_point_in_time_nasdaq_listing,1,1
ALNY,2015-01-16,baseline,HEJFE-22BF36BABB9D19D7,1,15:25-16:00,36,15:25-16:00,36,1,1,1,1,conditional_on_point_in_time_nasdaq_listing,1,1
BCR,2015-01-16,baseline,HEJFE-E25BAF3CFF23A3BE,1,14:57-15:57,61,14:57-16:00,64,1,1,1,1,conditional_on_point_in_time_nasdaq_listing,1,1
CGNX,2015-01-16,baseline,HEJFE-FBA59D82CEE8FD00,1,13:34-14:34,61,13:34-14:39,66,1,1,1,1,conditional_on_point_in_time_nasdaq_listing,1,1
CLD,2015-01-16,baseline,HEJFE-B04F1AF8B6E30A43,1,15:05-16:00,56,15:05-16:00,56,1,1,1,1,conditional_on_point_in_time_nasdaq_listing,1,1
COLM,2015-01-16,baseline,HEJFE-FBFFFD99898188CF,1,14:03-15:03,61,14:03-15:08,66,1,1,1,1,conditional_on_point_in_time_nasdaq_listing,1,1
CREE,2015-01-16,baseline,HEJFE-81F188C0D790FE70,1,15:09-16:00,52,15:09-16:00,52,1,1,1,1,conditional_on_point_in_time_nasdaq_listing,1,1
CRL,2015-01-16,baseline,HEJFE-947F50EBAFBA54DC,1,15:25-16:00,36,15:25-16:00,36,1,1,1,1,conditional_on_point_in_time_nasdaq_listing,1,1
EA,2015-01-16,baseline,HEJFE-0B87675BF7BEDBCA,1,15:18-16:00,43,15:18-16:00,43,1,1,1,1,conditional_on_point_in_time_nasdaq_listing,1,1
F,2015-01-16,baseline,HEJFE-E8C5063581BE7EB7,1,15:29-16:00,32,15:29-16:00,32,1,1,1,1,conditional_on_point_in_time_nasdaq_listing,1,1
FLR,2015-01-16,baseline,HEJFE-1E37362063697486,1,14:36-15:36,61,14:36-15:41,66,1,1,1,1,conditional_on_point_in_time_nasdaq_listing,1,1
GILD,2015-01-16,baseline,HEJFE-C4D39B22234902F2,1,15:20-16:00,41,15:20-16:00,41,1,1,1,1,conditional_on_point_in_time_nasdaq_listing,1,1
GMCR,2015-01-16,baseline,HEJFE-7482DE1CD44C1A00,1,13:37-14:37,61,13:37-14:42,66,1,1,1,1,conditional_on_point_in_time_nasdaq_listing,1,1
GNRC,2015-01-16,baseline,HEJFE-E342F6A93B35E012,1,15:22-16:00,39,15:22-16:00,39,1,1,1,1,conditional_on_point_in_time_nasdaq_listing,1,1
HBI,2015-01-16,baseline,HEJFE-3ADF019D07BA84CE,1,14:08-15:08,61,14:08-15:13,66,1,1,1,1,conditional_on_point_in_time_nasdaq_listing,1,1
IDTI,2015-01-16,baseline,HEJFE-9861757889227DD4,1,13:54-14:54,61,13:54-14:59,66,1,1,1,1,conditional_on_point_in_time_nasdaq_listing,1,1
ILMN,2015-01-16,baseline,HEJFE-8A11E54A9679E09D,1,14:41-15:41,61,14:41-15:46,66,1,1,1,1,conditional_on_point_in_time_nasdaq_listing,1,1
INWK,2015-01-16,baseline,HEJFE-20EC97300E6205B9,1,13:31-14:31,61,13:31-14:36,66,1,1,1,1,conditional_on_point_in_time_nasdaq_listing,1,1
MDU,2015-01-16,baseline,HEJFE-6101FFEDBA6EE41B,1,14:17-15:17,61,14:17-15:22,66,1,1,1,1,conditional_on_point_in_time_nasdaq_listing,1,1
MIC,2015-01-16,baseline,HEJFE-93A7D27EF425EDF0,1,15:28-16:00,33,15:28-16:00,33,1,1,1,1,conditional_on_point_in_time_nasdaq_listing,1,1
NATI,2015-01-16,baseline,HEJFE-F9E72EEF6E5BD373,1,15:21-16:00,40,15:21-16:00,40,1,1,1,1,conditional_on_point_in_time_nasdaq_listing,1,1
NOW,2015-01-16,baseline,HEJFE-DC66D5F2BDEC7C74,1,13:01-14:01,61,13:01-14:06,66,1,1,1,1,conditional_on_point_in_time_nasdaq_listing,1,1
NUAN,2015-01-16,baseline,HEJFE-54A5D1D8A5B593C8,1,15:03-16:00,58,15:03-16:00,58,1,1,1,1,conditional_on_point_in_time_nasdaq_listing,1,1
P,2015-01-16,baseline,HEJFE-847F0EFE669B2440,1,15:29-16:00,32,15:29-16:00,32,1,1,1,1,conditional_on_point_in_time_nasdaq_listing,1,1
PNRA,2015-01-16,baseline,HEJFE-4E643D38FFB3016E,1,14:28-15:28,61,14:28-15:33,66,1,1,1,1,conditional_on_point_in_time_nasdaq_listing,1,1
QLIK,2015-01-16,baseline,HEJFE-4080E04F012A7290,1,15:09-16:00,52,15:09-16:00,52,1,1,1,1,conditional_on_point_in_time_nasdaq_listing,1,1
R,2015-01-16,baseline,HEJFE-A25F33B630365184,1,15:13-16:00,48,15:13-16:00,48,1,1,1,1,conditional_on_point_in_time_nasdaq_listing,1,1
ROG,2015-01-16,baseline,HEJFE-7CEFB3FE3D986464,1,15:14-16:00,47,15:14-16:00,47,1,1,1,1,conditional_on_point_in_time_nasdaq_listing,1,1
SBUX,2015-01-16,baseline,HEJFE-A9DB7C5F6FD1D978,1,12:52-13:52,61,12:52-13:57,66,1,1,1,1,conditional_on_point_in_time_nasdaq_listing,1,1
SNDK,2015-01-16,baseline,HEJFE-48B08BAEDCEEDEFC,1,14:30-15:30,61,14:30-15:35,66,1,1,1,1,conditional_on_point_in_time_nasdaq_listing,1,1
STT,2015-01-16,baseline,HEJFE-EC5EB2BE0D97833F,1,15:20-16:00,41,15:20-16:00,41,1,1,1,1,conditional_on_point_in_time_nasdaq_listing,1,1
SWKS,2015-01-16,baseline,HEJFE-4DEF5FDB3210E91B,1,15:11-16:00,50,15:11-16:00,50,1,1,1,1,conditional_on_point_in_time_nasdaq_listing,1,1
TER,2015-01-16,baseline,HEJFE-334BAA0D940A418A,1,15:19-16:00,42,15:19-16:00,42,1,1,1,1,conditional_on_point_in_time_nasdaq_listing,1,1
TNGO,2015-01-16,baseline,HEJFE-AF5106891E058D23,1,14:40-15:40,61,14:40-15:45,66,1,1,1,1,conditional_on_point_in_time_nasdaq_listing,1,1
URI,2015-01-16,baseline,HEJFE-00D863517A3A754C,1,15:13-16:00,48,15:13-16:00,48,1,1,1,1,conditional_on_point_in_time_nasdaq_listing,1,1
WMB,2015-01-16,baseline,HEJFE-1783DE88400AF6CC,1,14:24-15:24,61,14:24-15:29,66,1,1,1,1,conditional_on_point_in_time_nasdaq_listing,1,1
WTS,2015-01-16,baseline,HEJFE-D346C6CFDFB6E581,1,13:49-14:49,61,13:49-14:54,66,1,1,1,1,conditional_on_point_in_time_nasdaq_listing,1,1
ADI,2015-01-20,baseline,HEJFE-D9C52E6CC595C380,1,13:35-14:35,61,13:35-14:40,66,1,1,1,1,conditional_on_point_in_time_nasdaq_listing,1,1
ALNY,2015-01-20,baseline,HEJFE-22BF36BABB9D19D7,1,15:25-16:00,36,15:25-16:00,36,1,1,1,1,conditional_on_point_in_time_nasdaq_listing,1,1
BCR,2015-01-20,baseline,HEJFE-E25BAF3CFF23A3BE,1,14:57-15:57,61,14:57-16:00,64,1,1,1,1,conditional_on_point_in_time_nasdaq_listing,1,1
CGNX,2015-01-20,baseline,HEJFE-FBA59D82CEE8FD00,1,13:34-14:34,61,13:34-14:39,66,1,1,1,1,conditional_on_point_in_time_nasdaq_listing,1,1
CLD,2015-01-20,baseline,HEJFE-B04F1AF8B6E30A43,1,15:05-16:00,56,15:05-16:00,56,1,1,1,1,conditional_on_point_in_time_nasdaq_listing,1,1
COLM,2015-01-20,baseline,HEJFE-FBFFFD99898188CF,1,14:03-15:03,61,14:03-15:08,66,1,1,1,1,conditional_on_point_in_time_nasdaq_listing,1,1
CREE,2015-01-20,event,HEJFE-81F188C0D790FE70,1,15:09-16:00,52,15:09-16:00,52,1,1,1,1,conditional_on_point_in_time_nasdaq_listing,1,1
CRL,2015-01-20,baseline,HEJFE-947F50EBAFBA54DC,1,15:25-16:00,36,15:25-16:00,36,1,1,1,1,conditional_on_point_in_time_nasdaq_listing,1,1
DE,2015-01-20,baseline,HEJFE-A9D220DE2F7E7FC3,1,15:10-16:00,51,15:10-16:00,51,1,1,1,1,conditional_on_point_in_time_nasdaq_listing,1,1
EA,2015-01-20,baseline,HEJFE-0B87675BF7BEDBCA,1,15:18-16:00,43,15:18-16:00,43,1,1,1,1,conditional_on_point_in_time_nasdaq_listing,1,1
F,2015-01-20,baseline,HEJFE-E8C5063581BE7EB7,1,15:29-16:00,32,15:29-16:00,32,1,1,1,1,conditional_on_point_in_time_nasdaq_listing,1,1
FLR,2015-01-20,baseline,HEJFE-1E37362063697486,1,14:36-15:36,61,14:36-15:41,66,1,1,1,1,conditional_on_point_in_time_nasdaq_listing,1,1
GILD,2015-01-20,baseline,HEJFE-C4D39B22234902F2,1,15:20-16:00,41,15:20-16:00,41,1,1,1,1,conditional_on_point_in_time_nasdaq_listing,1,1
GMCR,2015-01-20,baseline,HEJFE-7482DE1CD44C1A00,1,13:37-14:37,61,13:37-14:42,66,1,1,1,1,conditional_on_point_in_time_nasdaq_listing,1,1
GNRC,2015-01-20,baseline,HEJFE-E342F6A93B35E012,1,15:22-16:00,39,15:22-16:00,39,1,1,1,1,conditional_on_point_in_time_nasdaq_listing,1,1
HBI,2015-01-20,baseline,HEJFE-3ADF019D07BA84CE,1,14:08-15:08,61,14:08-15:13,66,1,1,1,1,conditional_on_point_in_time_nasdaq_listing,1,1
IDTI,2015-01-20,baseline,HEJFE-9861757889227DD4,1,13:54-14:54,61,13:54-14:59,66,1,1,1,1,conditional_on_point_in_time_nasdaq_listing,1,1
ILMN,2015-01-20,baseline,HEJFE-8A11E54A9679E09D,1,14:41-15:41,61,14:41-15:46,66,1,1,1,1,conditional_on_point_in_time_nasdaq_listing,1,1
INWK,2015-01-20,baseline,HEJFE-20EC97300E6205B9,1,13:31-14:31,61,13:31-14:36,66,1,1,1,1,conditional_on_point_in_time_nasdaq_listing,1,1
JWN,2015-01-20,baseline,HEJFE-7ED8DBD4804E4330,1,13:59-14:59,61,13:59-15:04,66,1,1,1,1,conditional_on_point_in_time_nasdaq_listing,1,1
MDU,2015-01-20,baseline,HEJFE-6101FFEDBA6EE41B,1,14:17-15:17,61,14:17-15:22,66,1,1,1,1,conditional_on_point_in_time_nasdaq_listing,1,1
MIC,2015-01-20,baseline,HEJFE-93A7D27EF425EDF0,1,15:28-16:00,33,15:28-16:00,33,1,1,1,1,conditional_on_point_in_time_nasdaq_listing,1,1
NATI,2015-01-20,baseline,HEJFE-F9E72EEF6E5BD373,1,15:21-16:00,40,15:21-16:00,40,1,1,1,1,conditional_on_point_in_time_nasdaq_listing,1,1
NOW,2015-01-20,baseline,HEJFE-DC66D5F2BDEC7C74,1,13:01-14:01,61,13:01-14:06,66,1,1,1,1,conditional_on_point_in_time_nasdaq_listing,1,1
NUAN,2015-01-20,baseline,HEJFE-54A5D1D8A5B593C8,1,15:03-16:00,58,15:03-16:00,58,1,1,1,1,conditional_on_point_in_time_nasdaq_listing,1,1
P,2015-01-20,baseline,HEJFE-847F0EFE669B2440,1,15:29-16:00,32,15:29-16:00,32,1,1,1,1,conditional_on_point_in_time_nasdaq_listing,1,1
PNRA,2015-01-20,baseline,HEJFE-4E643D38FFB3016E,1,14:28-15:28,61,14:28-15:33,66,1,1,1,1,conditional_on_point_in_time_nasdaq_listing,1,1
QLIK,2015-01-20,baseline,HEJFE-4080E04F012A7290,1,15:09-16:00,52,15:09-16:00,52,1,1,1,1,conditional_on_point_in_time_nasdaq_listing,1,1
R,2015-01-20,baseline,HEJFE-A25F33B630365184,1,15:13-16:00,48,15:13-16:00,48,1,1,1,1,conditional_on_point_in_time_nasdaq_listing,1,1
ROG,2015-01-20,baseline,HEJFE-7CEFB3FE3D986464,1,15:14-16:00,47,15:14-16:00,47,1,1,1,1,conditional_on_point_in_time_nasdaq_listing,1,1
SBUX,2015-01-20,baseline,HEJFE-A9DB7C5F6FD1D978,1,12:52-13:52,61,12:52-13:57,66,1,1,1,1,conditional_on_point_in_time_nasdaq_listing,1,1
SNDK,2015-01-20,baseline,HEJFE-48B08BAEDCEEDEFC,1,14:30-15:30,61,14:30-15:35,66,1,1,1,1,conditional_on_point_in_time_nasdaq_listing,1,1
STT,2015-01-20,baseline,HEJFE-EC5EB2BE0D97833F,1,15:20-16:00,41,15:20-16:00,41,1,1,1,1,conditional_on_point_in_time_nasdaq_listing,1,1
SWKS,2015-01-20,baseline,HEJFE-4DEF5FDB3210E91B,1,15:11-16:00,50,15:11-16:00,50,1,1,1,1,conditional_on_point_in_time_nasdaq_listing,1,1
TER,2015-01-20,baseline,HEJFE-334BAA0D940A418A,1,15:19-16:00,42,15:19-16:00,42,1,1,1,1,conditional_on_point_in_time_nasdaq_listing,1,1
TNGO,2015-01-20,baseline,HEJFE-AF5106891E058D23,1,14:40-15:40,61,14:40-15:45,66,1,1,1,1,conditional_on_point_in_time_nasdaq_listing,1,1
URI,2015-01-20,baseline,HEJFE-00D863517A3A754C,1,15:13-16:00,48,15:13-16:00,48,1,1,1,1,conditional_on_point_in_time_nasdaq_listing,1,1
WMB,2015-01-20,baseline,HEJFE-1783DE88400AF6CC,1,14:24-15:24,61,14:24-15:29,66,1,1,1,1,conditional_on_point_in_time_nasdaq_listing,1,1
WTS,2015-01-20,baseline,HEJFE-D346C6CFDFB6E581,1,13:49-14:49,61,13:49-14:54,66,1,1,1,1,conditional_on_point_in_time_nasdaq_listing,1,1
ADI,2015-01-21,baseline,HEJFE-D9C52E6CC595C380,1,13:35-14:35,61,13:35-14:40,66,1,1,1,1,conditional_on_point_in_time_nasdaq_listing,1,1
ALNY,2015-01-21,baseline,HEJFE-22BF36BABB9D19D7,1,15:25-16:00,36,15:25-16:00,36,1,1,1,1,conditional_on_point_in_time_nasdaq_listing,1,1
BCR,2015-01-21,baseline,HEJFE-E25BAF3CFF23A3BE,1,14:57-15:57,61,14:57-16:00,64,1,1,1,1,conditional_on_point_in_time_nasdaq_listing,1,1
CGNX,2015-01-21,baseline,HEJFE-FBA59D82CEE8FD00,1,13:34-14:34,61,13:34-14:39,66,1,1,1,1,conditional_on_point_in_time_nasdaq_listing,1,1
CLD,2015-01-21,baseline,HEJFE-B04F1AF8B6E30A43,1,15:05-16:00,56,15:05-16:00,56,1,1,1,1,conditional_on_point_in_time_nasdaq_listing,1,1
COLM,2015-01-21,baseline,HEJFE-FBFFFD99898188CF,1,14:03-15:03,61,14:03-15:08,66,1,1,1,1,conditional_on_point_in_time_nasdaq_listing,1,1
CRL,2015-01-21,baseline,HEJFE-947F50EBAFBA54DC,1,15:25-16:00,36,15:25-16:00,36,1,1,1,1,conditional_on_point_in_time_nasdaq_listing,1,1
DE,2015-01-21,baseline,HEJFE-A9D220DE2F7E7FC3,1,15:10-16:00,51,15:10-16:00,51,1,1,1,1,conditional_on_point_in_time_nasdaq_listing,1,1
EA,2015-01-21,baseline,HEJFE-0B87675BF7BEDBCA,1,15:18-16:00,43,15:18-16:00,43,1,1,1,1,conditional_on_point_in_time_nasdaq_listing,1,1
F,2015-01-21,baseline,HEJFE-E8C5063581BE7EB7,1,15:29-16:00,32,15:29-16:00,32,1,1,1,1,conditional_on_point_in_time_nasdaq_listing,1,1
FLR,2015-01-21,baseline,HEJFE-1E37362063697486,1,14:36-15:36,61,14:36-15:41,66,1,1,1,1,conditional_on_point_in_time_nasdaq_listing,1,1
GILD,2015-01-21,baseline,HEJFE-C4D39B22234902F2,1,15:20-16:00,41,15:20-16:00,41,1,1,1,1,conditional_on_point_in_time_nasdaq_listing,1,1
GMCR,2015-01-21,baseline,HEJFE-7482DE1CD44C1A00,1,13:37-14:37,61,13:37-14:42,66,1,1,1,1,conditional_on_point_in_time_nasdaq_listing,1,1
GNRC,2015-01-21,baseline,HEJFE-E342F6A93B35E012,1,15:22-16:00,39,15:22-16:00,39,1,1,1,1,conditional_on_point_in_time_nasdaq_listing,1,1
HBI,2015-01-21,baseline,HEJFE-3ADF019D07BA84CE,1,14:08-15:08,61,14:08-15:13,66,1,1,1,1,conditional_on_point_in_time_nasdaq_listing,1,1
IDTI,2015-01-21,baseline,HEJFE-9861757889227DD4,1,13:54-14:54,61,13:54-14:59,66,1,1,1,1,conditional_on_point_in_time_nasdaq_listing,1,1
ILMN,2015-01-21,baseline,HEJFE-8A11E54A9679E09D,1,14:41-15:41,61,14:41-15:46,66,1,1,1,1,conditional_on_point_in_time_nasdaq_listing,1,1
INWK,2015-01-21,baseline,HEJFE-20EC97300E6205B9,1,13:31-14:31,61,13:31-14:36,66,1,1,1,1,conditional_on_point_in_time_nasdaq_listing,1,1
JWN,2015-01-21,baseline,HEJFE-7ED8DBD4804E4330,1,13:59-14:59,61,13:59-15:04,66,1,1,1,1,conditional_on_point_in_time_nasdaq_listing,1,1
MDU,2015-01-21,baseline,HEJFE-6101FFEDBA6EE41B,1,14:17-15:17,61,14:17-15:22,66,1,1,1,1,conditional_on_point_in_time_nasdaq_listing,1,1
MIC,2015-01-21,baseline,HEJFE-93A7D27EF425EDF0,1,15:28-16:00,33,15:28-16:00,33,1,1,1,1,conditional_on_point_in_time_nasdaq_listing,1,1
NATI,2015-01-21,baseline,HEJFE-F9E72EEF6E5BD373,1,15:21-16:00,40,15:21-16:00,40,1,1,1,1,conditional_on_point_in_time_nasdaq_listing,1,1
NOW,2015-01-21,baseline,HEJFE-DC66D5F2BDEC7C74,1,13:01-14:01,61,13:01-14:06,66,1,1,1,1,conditional_on_point_in_time_nasdaq_listing,1,1
NUAN,2015-01-21,baseline,HEJFE-54A5D1D8A5B593C8,1,15:03-16:00,58,15:03-16:00,58,1,1,1,1,conditional_on_point_in_time_nasdaq_listing,1,1
P,2015-01-21,baseline,HEJFE-847F0EFE669B2440,1,15:29-16:00,32,15:29-16:00,32,1,1,1,1,conditional_on_point_in_time_nasdaq_listing,1,1
PNRA,2015-01-21,baseline,HEJFE-4E643D38FFB3016E,1,14:28-15:28,61,14:28-15:33,66,1,1,1,1,conditional_on_point_in_time_nasdaq_listing,1,1
QLIK,2015-01-21,baseline,HEJFE-4080E04F012A7290,1,15:09-16:00,52,15:09-16:00,52,1,1,1,1,conditional_on_point_in_time_nasdaq_listing,1,1
R,2015-01-21,baseline,HEJFE-A25F33B630365184,1,15:13-16:00,48,15:13-16:00,48,1,1,1,1,conditional_on_point_in_time_nasdaq_listing,1,1
ROG,2015-01-21,baseline,HEJFE-7CEFB3FE3D986464,1,15:14-16:00,47,15:14-16:00,47,1,1,1,1,conditional_on_point_in_time_nasdaq_listing,1,1
SBUX,2015-01-21,baseline,HEJFE-A9DB7C5F6FD1D978,1,12:52-13:52,61,12:52-13:57,66,1,1,1,1,conditional_on_point_in_time_nasdaq_listing,1,1
SNDK,2015-01-21,event,HEJFE-48B08BAEDCEEDEFC,1,14:30-15:30,61,14:30-15:35,66,1,1,1,1,conditional_on_point_in_time_nasdaq_listing,1,1
STT,2015-01-21,baseline,HEJFE-EC5EB2BE0D97833F,1,15:20-16:00,41,15:20-16:00,41,1,1,1,1,conditional_on_point_in_time_nasdaq_listing,1,1
SWKS,2015-01-21,baseline,HEJFE-4DEF5FDB3210E91B,1,15:11-16:00,50,15:11-16:00,50,1,1,1,1,conditional_on_point_in_time_nasdaq_listing,1,1
TER,2015-01-21,baseline,HEJFE-334BAA0D940A418A,1,15:19-16:00,42,15:19-16:00,42,1,1,1,1,conditional_on_point_in_time_nasdaq_listing,1,1
TNGO,2015-01-21,baseline,HEJFE-AF5106891E058D23,1,14:40-15:40,61,14:40-15:45,66,1,1,1,1,conditional_on_point_in_time_nasdaq_listing,1,1
URI,2015-01-21,event,HEJFE-00D863517A3A754C,1,15:13-16:00,48,15:13-16:00,48,1,1,1,1,conditional_on_point_in_time_nasdaq_listing,1,1
WMB,2015-01-21,baseline,HEJFE-1783DE88400AF6CC,1,14:24-15:24,61,14:24-15:29,66,1,1,1,1,conditional_on_point_in_time_nasdaq_listing,1,1
WTS,2015-01-21,baseline,HEJFE-D346C6CFDFB6E581,1,13:49-14:49,61,13:49-14:54,66,1,1,1,1,conditional_on_point_in_time_nasdaq_listing,1,1
ADI,2015-01-22,baseline,HEJFE-D9C52E6CC595C380,1,13:35-14:35,61,13:35-14:40,66,1,1,1,1,conditional_on_point_in_time_nasdaq_listing,1,1
ALNY,2015-01-22,baseline,HEJFE-22BF36BABB9D19D7,1,15:25-16:00,36,15:25-16:00,36,1,1,1,1,conditional_on_point_in_time_nasdaq_listing,1,1
ATRC,2015-01-22,baseline,HEJFE-826F68D9DA88B37C,1,15:28-16:00,33,15:28-16:00,33,1,1,1,1,conditional_on_point_in_time_nasdaq_listing,1,1
BCR,2015-01-22,baseline,HEJFE-E25BAF3CFF23A3BE,1,14:57-15:57,61,14:57-16:00,64,1,1,1,1,conditional_on_point_in_time_nasdaq_listing,1,1
CGNX,2015-01-22,baseline,HEJFE-FBA59D82CEE8FD00,1,13:34-14:34,61,13:34-14:39,66,1,1,1,1,conditional_on_point_in_time_nasdaq_listing,1,1
CLD,2015-01-22,baseline,HEJFE-B04F1AF8B6E30A43,1,15:05-16:00,56,15:05-16:00,56,1,1,1,1,conditional_on_point_in_time_nasdaq_listing,1,1
COLM,2015-01-22,baseline,HEJFE-FBFFFD99898188CF,1,14:03-15:03,61,14:03-15:08,66,1,1,1,1,conditional_on_point_in_time_nasdaq_listing,1,1
CRL,2015-01-22,baseline,HEJFE-947F50EBAFBA54DC,1,15:25-16:00,36,15:25-16:00,36,1,1,1,1,conditional_on_point_in_time_nasdaq_listing,1,1
DE,2015-01-22,baseline,HEJFE-A9D220DE2F7E7FC3,1,15:10-16:00,51,15:10-16:00,51,1,1,1,1,conditional_on_point_in_time_nasdaq_listing,1,1
EA,2015-01-22,baseline,HEJFE-0B87675BF7BEDBCA,1,15:18-16:00,43,15:18-16:00,43,1,1,1,1,conditional_on_point_in_time_nasdaq_listing,1,1
F,2015-01-22,baseline,HEJFE-E8C5063581BE7EB7,1,15:29-16:00,32,15:29-16:00,32,1,1,1,1,conditional_on_point_in_time_nasdaq_listing,1,1
FLR,2015-01-22,baseline,HEJFE-1E37362063697486,1,14:36-15:36,61,14:36-15:41,66,1,1,1,1,conditional_on_point_in_time_nasdaq_listing,1,1
GILD,2015-01-22,baseline,HEJFE-C4D39B22234902F2,1,15:20-16:00,41,15:20-16:00,41,1,1,1,1,conditional_on_point_in_time_nasdaq_listing,1,1
GMCR,2015-01-22,baseline,HEJFE-7482DE1CD44C1A00,1,13:37-14:37,61,13:37-14:42,66,1,1,1,1,conditional_on_point_in_time_nasdaq_listing,1,1
GNRC,2015-01-22,baseline,HEJFE-E342F6A93B35E012,1,15:22-16:00,39,15:22-16:00,39,1,1,1,1,conditional_on_point_in_time_nasdaq_listing,1,1
HBI,2015-01-22,baseline,HEJFE-3ADF019D07BA84CE,1,14:08-15:08,61,14:08-15:13,66,1,1,1,1,conditional_on_point_in_time_nasdaq_listing,1,1
IDTI,2015-01-22,baseline,HEJFE-9861757889227DD4,1,13:54-14:54,61,13:54-14:59,66,1,1,1,1,conditional_on_point_in_time_nasdaq_listing,1,1
ILMN,2015-01-22,baseline,HEJFE-8A11E54A9679E09D,1,14:41-15:41,61,14:41-15:46,66,1,1,1,1,conditional_on_point_in_time_nasdaq_listing,1,1
INWK,2015-01-22,baseline,HEJFE-20EC97300E6205B9,1,13:31-14:31,61,13:31-14:36,66,1,1,1,1,conditional_on_point_in_time_nasdaq_listing,1,1
JWN,2015-01-22,baseline,HEJFE-7ED8DBD4804E4330,1,13:59-14:59,61,13:59-15:04,66,1,1,1,1,conditional_on_point_in_time_nasdaq_listing,1,1
MDU,2015-01-22,baseline,HEJFE-6101FFEDBA6EE41B,1,14:17-15:17,61,14:17-15:22,66,1,1,1,1,conditional_on_point_in_time_nasdaq_listing,1,1
MIC,2015-01-22,baseline,HEJFE-93A7D27EF425EDF0,1,15:28-16:00,33,15:28-16:00,33,1,1,1,1,conditional_on_point_in_time_nasdaq_listing,1,1
NATI,2015-01-22,baseline,HEJFE-F9E72EEF6E5BD373,1,15:21-16:00,40,15:21-16:00,40,1,1,1,1,conditional_on_point_in_time_nasdaq_listing,1,1
NOW,2015-01-22,baseline,HEJFE-DC66D5F2BDEC7C74,1,13:01-14:01,61,13:01-14:06,66,1,1,1,1,conditional_on_point_in_time_nasdaq_listing,1,1
NUAN,2015-01-22,baseline,HEJFE-54A5D1D8A5B593C8,1,15:03-16:00,58,15:03-16:00,58,1,1,1,1,conditional_on_point_in_time_nasdaq_listing,1,1
P,2015-01-22,baseline,HEJFE-847F0EFE669B2440,1,15:29-16:00,32,15:29-16:00,32,1,1,1,1,conditional_on_point_in_time_nasdaq_listing,1,1
PLL,2015-01-22,baseline,HEJFE-36433565499915E2,1,14:33-15:33,61,14:33-15:38,66,1,1,1,1,conditional_on_point_in_time_nasdaq_listing,1,1
PNRA,2015-01-22,baseline,HEJFE-4E643D38FFB3016E,1,14:28-15:28,61,14:28-15:33,66,1,1,1,1,conditional_on_point_in_time_nasdaq_listing,1,1
QLIK,2015-01-22,baseline,HEJFE-4080E04F012A7290,1,15:09-16:00,52,15:09-16:00,52,1,1,1,1,conditional_on_point_in_time_nasdaq_listing,1,1
R,2015-01-22,baseline,HEJFE-A25F33B630365184,1,15:13-16:00,48,15:13-16:00,48,1,1,1,1,conditional_on_point_in_time_nasdaq_listing,1,1
ROG,2015-01-22,baseline,HEJFE-7CEFB3FE3D986464,1,15:14-16:00,47,15:14-16:00,47,1,1,1,1,conditional_on_point_in_time_nasdaq_listing,1,1
SBUX,2015-01-22,event,HEJFE-A9DB7C5F6FD1D978,1,12:52-13:52,61,12:52-13:57,66,1,1,1,1,conditional_on_point_in_time_nasdaq_listing,1,1
STT,2015-01-22,event,HEJFE-EC5EB2BE0D97833F,1,15:20-16:00,41,15:20-16:00,41,1,1,1,1,conditional_on_point_in_time_nasdaq_listing,1,1
SWKS,2015-01-22,event,HEJFE-4DEF5FDB3210E91B,1,15:11-16:00,50,15:11-16:00,50,1,1,1,1,conditional_on_point_in_time_nasdaq_listing,1,1
TER,2015-01-22,baseline,HEJFE-334BAA0D940A418A,1,15:19-16:00,42,15:19-16:00,42,1,1,1,1,conditional_on_point_in_time_nasdaq_listing,1,1
THC,2015-01-22,baseline,HEJFE-0273F1BFCD285E7F,1,15:27-16:00,34,15:27-16:00,34,1,1,1,1,conditional_on_point_in_time_nasdaq_listing,1,1
TNGO,2015-01-22,baseline,HEJFE-AF5106891E058D23,1,14:40-15:40,61,14:40-15:45,66,1,1,1,1,conditional_on_point_in_time_nasdaq_listing,1,1
TRAK,2015-01-22,baseline,HEJFE-4D7E68AD113380B3,1,15:11-16:00,50,15:11-16:00,50,1,1,1,1,conditional_on_point_in_time_nasdaq_listing,1,1
TXRH,2015-01-22,baseline,HEJFE-0704950C71CFAFB4,1,14:54-15:54,61,14:54-15:59,66,1,1,1,1,conditional_on_point_in_time_nasdaq_listing,1,1
WMB,2015-01-22,baseline,HEJFE-1783DE88400AF6CC,1,14:24-15:24,61,14:24-15:29,66,1,1,1,1,conditional_on_point_in_time_nasdaq_listing,1,1
WTS,2015-01-22,baseline,HEJFE-D346C6CFDFB6E581,1,13:49-14:49,61,13:49-14:54,66,1,1,1,1,conditional_on_point_in_time_nasdaq_listing,1,1
ADI,2015-01-23,baseline,HEJFE-D9C52E6CC595C380,1,13:35-14:35,61,13:35-14:40,66,1,1,1,1,conditional_on_point_in_time_nasdaq_listing,1,1
ALNY,2015-01-23,baseline,HEJFE-22BF36BABB9D19D7,1,15:25-16:00,36,15:25-16:00,36,1,1,1,1,conditional_on_point_in_time_nasdaq_listing,1,1
ATRC,2015-01-23,baseline,HEJFE-826F68D9DA88B37C,1,15:28-16:00,33,15:28-16:00,33,1,1,1,1,conditional_on_point_in_time_nasdaq_listing,1,1
BCR,2015-01-23,baseline,HEJFE-E25BAF3CFF23A3BE,1,14:57-15:57,61,14:57-16:00,64,1,1,1,1,conditional_on_point_in_time_nasdaq_listing,1,1
CGNX,2015-01-23,baseline,HEJFE-FBA59D82CEE8FD00,1,13:34-14:34,61,13:34-14:39,66,1,1,1,1,conditional_on_point_in_time_nasdaq_listing,1,1
CLD,2015-01-23,baseline,HEJFE-B04F1AF8B6E30A43,1,15:05-16:00,56,15:05-16:00,56,1,1,1,1,conditional_on_point_in_time_nasdaq_listing,1,1
COLM,2015-01-23,baseline,HEJFE-FBFFFD99898188CF,1,14:03-15:03,61,14:03-15:08,66,1,1,1,1,conditional_on_point_in_time_nasdaq_listing,1,1
CRL,2015-01-23,baseline,HEJFE-947F50EBAFBA54DC,1,15:25-16:00,36,15:25-16:00,36,1,1,1,1,conditional_on_point_in_time_nasdaq_listing,1,1
DE,2015-01-23,baseline,HEJFE-A9D220DE2F7E7FC3,1,15:10-16:00,51,15:10-16:00,51,1,1,1,1,conditional_on_point_in_time_nasdaq_listing,1,1
EA,2015-01-23,baseline,HEJFE-0B87675BF7BEDBCA,1,15:18-16:00,43,15:18-16:00,43,1,1,1,1,conditional_on_point_in_time_nasdaq_listing,1,1
F,2015-01-23,baseline,HEJFE-E8C5063581BE7EB7,1,15:29-16:00,32,15:29-16:00,32,1,1,1,1,conditional_on_point_in_time_nasdaq_listing,1,1
FLR,2015-01-23,baseline,HEJFE-1E37362063697486,1,14:36-15:36,61,14:36-15:41,66,1,1,1,1,conditional_on_point_in_time_nasdaq_listing,1,1
GILD,2015-01-23,baseline,HEJFE-C4D39B22234902F2,1,15:20-16:00,41,15:20-16:00,41,1,1,1,1,conditional_on_point_in_time_nasdaq_listing,1,1
GMCR,2015-01-23,baseline,HEJFE-7482DE1CD44C1A00,1,13:37-14:37,61,13:37-14:42,66,1,1,1,1,conditional_on_point_in_time_nasdaq_listing,1,1
GNRC,2015-01-23,baseline,HEJFE-E342F6A93B35E012,1,15:22-16:00,39,15:22-16:00,39,1,1,1,1,conditional_on_point_in_time_nasdaq_listing,1,1
HBI,2015-01-23,baseline,HEJFE-3ADF019D07BA84CE,1,14:08-15:08,61,14:08-15:13,66,1,1,1,1,conditional_on_point_in_time_nasdaq_listing,1,1
IDTI,2015-01-23,baseline,HEJFE-9861757889227DD4,1,13:54-14:54,61,13:54-14:59,66,1,1,1,1,conditional_on_point_in_time_nasdaq_listing,1,1
ILMN,2015-01-23,baseline,HEJFE-8A11E54A9679E09D,1,14:41-15:41,61,14:41-15:46,66,1,1,1,1,conditional_on_point_in_time_nasdaq_listing,1,1
INWK,2015-01-23,baseline,HEJFE-20EC97300E6205B9,1,13:31-14:31,61,13:31-14:36,66,1,1,1,1,conditional_on_point_in_time_nasdaq_listing,1,1
JWN,2015-01-23,baseline,HEJFE-7ED8DBD4804E4330,1,13:59-14:59,61,13:59-15:04,66,1,1,1,1,conditional_on_point_in_time_nasdaq_listing,1,1
MDU,2015-01-23,baseline,HEJFE-6101FFEDBA6EE41B,1,14:17-15:17,61,14:17-15:22,66,1,1,1,1,conditional_on_point_in_time_nasdaq_listing,1,1
MIC,2015-01-23,baseline,HEJFE-93A7D27EF425EDF0,1,15:28-16:00,33,15:28-16:00,33,1,1,1,1,conditional_on_point_in_time_nasdaq_listing,1,1
NATI,2015-01-23,baseline,HEJFE-F9E72EEF6E5BD373,1,15:21-16:00,40,15:21-16:00,40,1,1,1,1,conditional_on_point_in_time_nasdaq_listing,1,1
NOW,2015-01-23,baseline,HEJFE-DC66D5F2BDEC7C74,1,13:01-14:01,61,13:01-14:06,66,1,1,1,1,conditional_on_point_in_time_nasdaq_listing,1,1
NUAN,2015-01-23,baseline,HEJFE-54A5D1D8A5B593C8,1,15:03-16:00,58,15:03-16:00,58,1,1,1,1,conditional_on_point_in_time_nasdaq_listing,1,1
P,2015-01-23,baseline,HEJFE-847F0EFE669B2440,1,15:29-16:00,32,15:29-16:00,32,1,1,1,1,conditional_on_point_in_time_nasdaq_listing,1,1
PLL,2015-01-23,baseline,HEJFE-36433565499915E2,1,14:33-15:33,61,14:33-15:38,66,1,1,1,1,conditional_on_point_in_time_nasdaq_listing,1,1
PNRA,2015-01-23,baseline,HEJFE-4E643D38FFB3016E,1,14:28-15:28,61,14:28-15:33,66,1,1,1,1,conditional_on_point_in_time_nasdaq_listing,1,1
QLIK,2015-01-23,baseline,HEJFE-4080E04F012A7290,1,15:09-16:00,52,15:09-16:00,52,1,1,1,1,conditional_on_point_in_time_nasdaq_listing,1,1
R,2015-01-23,baseline,HEJFE-A25F33B630365184,1,15:13-16:00,48,15:13-16:00,48,1,1,1,1,conditional_on_point_in_time_nasdaq_listing,1,1
ROG,2015-01-23,baseline,HEJFE-7CEFB3FE3D986464,1,15:14-16:00,47,15:14-16:00,47,1,1,1,1,conditional_on_point_in_time_nasdaq_listing,1,1
TER,2015-01-23,baseline,HEJFE-334BAA0D940A418A,1,15:19-16:00,42,15:19-16:00,42,1,1,1,1,conditional_on_point_in_time_nasdaq_listing,1,1
THC,2015-01-23,baseline,HEJFE-0273F1BFCD285E7F,1,15:27-16:00,34,15:27-16:00,34,1,1,1,1,conditional_on_point_in_time_nasdaq_listing,1,1
TNGO,2015-01-23,baseline,HEJFE-AF5106891E058D23,1,14:40-15:40,61,14:40-15:45,66,1,1,1,1,conditional_on_point_in_time_nasdaq_listing,1,1
TRAK,2015-01-23,baseline,HEJFE-4D7E68AD113380B3,1,15:11-16:00,50,15:11-16:00,50,1,1,1,1,conditional_on_point_in_time_nasdaq_listing,1,1
TXRH,2015-01-23,baseline,HEJFE-0704950C71CFAFB4,1,14:54-15:54,61,14:54-15:59,66,1,1,1,1,conditional_on_point_in_time_nasdaq_listing,1,1
WMB,2015-01-23,baseline,HEJFE-1783DE88400AF6CC,1,14:24-15:24,61,14:24-15:29,66,1,1,1,1,conditional_on_point_in_time_nasdaq_listing,1,1
WTS,2015-01-23,baseline,HEJFE-D346C6CFDFB6E581,1,13:49-14:49,61,13:49-14:54,66,1,1,1,1,conditional_on_point_in_time_nasdaq_listing,1,1
ADI,2015-01-26,baseline,HEJFE-D9C52E6CC595C380,1,13:35-14:35,61,13:35-14:40,66,1,1,1,1,conditional_on_point_in_time_nasdaq_listing,1,1
ALNY,2015-01-26,baseline,HEJFE-22BF36BABB9D19D7,1,15:25-16:00,36,15:25-16:00,36,1,1,1,1,conditional_on_point_in_time_nasdaq_listing,1,1
AMSG,2015-01-26,baseline,HEJFE-0AA84E6E44ED02D8,1,15:27-16:00,34,15:27-16:00,34,1,1,1,1,conditional_on_point_in_time_nasdaq_listing,1,1
ATRC,2015-01-26,baseline,HEJFE-826F68D9DA88B37C,1,15:28-16:00,33,15:28-16:00,33,1,1,1,1,conditional_on_point_in_time_nasdaq_listing,1,1
BCR,2015-01-26,baseline,HEJFE-E25BAF3CFF23A3BE,1,14:57-15:57,61,14:57-16:00,64,1,1,1,1,conditional_on_point_in_time_nasdaq_listing,1,1
CGNX,2015-01-26,baseline,HEJFE-FBA59D82CEE8FD00,1,13:34-14:34,61,13:34-14:39,66,1,1,1,1,conditional_on_point_in_time_nasdaq_listing,1,1
CLD,2015-01-26,baseline,HEJFE-B04F1AF8B6E30A43,1,15:05-16:00,56,15:05-16:00,56,1,1,1,1,conditional_on_point_in_time_nasdaq_listing,1,1
COLM,2015-01-26,baseline,HEJFE-FBFFFD99898188CF,1,14:03-15:03,61,14:03-15:08,66,1,1,1,1,conditional_on_point_in_time_nasdaq_listing,1,1
CRL,2015-01-26,baseline,HEJFE-947F50EBAFBA54DC,1,15:25-16:00,36,15:25-16:00,36,1,1,1,1,conditional_on_point_in_time_nasdaq_listing,1,1
DE,2015-01-26,baseline,HEJFE-A9D220DE2F7E7FC3,1,15:10-16:00,51,15:10-16:00,51,1,1,1,1,conditional_on_point_in_time_nasdaq_listing,1,1
DXCM,2015-01-26,baseline,HEJFE-99F31DB35F001A44,1,15:14-16:00,47,15:14-16:00,47,1,1,1,1,conditional_on_point_in_time_nasdaq_listing,1,1
EA,2015-01-26,baseline,HEJFE-0B87675BF7BEDBCA,1,15:18-16:00,43,15:18-16:00,43,1,1,1,1,conditional_on_point_in_time_nasdaq_listing,1,1
F,2015-01-26,baseline,HEJFE-E8C5063581BE7EB7,1,15:29-16:00,32,15:29-16:00,32,1,1,1,1,conditional_on_point_in_time_nasdaq_listing,1,1
FLR,2015-01-26,baseline,HEJFE-1E37362063697486,1,14:36-15:36,61,14:36-15:41,66,1,1,1,1,conditional_on_point_in_time_nasdaq_listing,1,1
GILD,2015-01-26,baseline,HEJFE-C4D39B22234902F2,1,15:20-16:00,41,15:20-16:00,41,1,1,1,1,conditional_on_point_in_time_nasdaq_listing,1,1
GMCR,2015-01-26,baseline,HEJFE-7482DE1CD44C1A00,1,13:37-14:37,61,13:37-14:42,66,1,1,1,1,conditional_on_point_in_time_nasdaq_listing,1,1
GNRC,2015-01-26,baseline,HEJFE-E342F6A93B35E012,1,15:22-16:00,39,15:22-16:00,39,1,1,1,1,conditional_on_point_in_time_nasdaq_listing,1,1
HBI,2015-01-26,baseline,HEJFE-3ADF019D07BA84CE,1,14:08-15:08,61,14:08-15:13,66,1,1,1,1,conditional_on_point_in_time_nasdaq_listing,1,1
IDTI,2015-01-26,baseline,HEJFE-9861757889227DD4,1,13:54-14:54,61,13:54-14:59,66,1,1,1,1,conditional_on_point_in_time_nasdaq_listing,1,1
ILMN,2015-01-26,baseline,HEJFE-8A11E54A9679E09D,1,14:41-15:41,61,14:41-15:46,66,1,1,1,1,conditional_on_point_in_time_nasdaq_listing,1,1
INWK,2015-01-26,baseline,HEJFE-20EC97300E6205B9,1,13:31-14:31,61,13:31-14:36,66,1,1,1,1,conditional_on_point_in_time_nasdaq_listing,1,1
JWN,2015-01-26,baseline,HEJFE-7ED8DBD4804E4330,1,13:59-14:59,61,13:59-15:04,66,1,1,1,1,conditional_on_point_in_time_nasdaq_listing,1,1
MDU,2015-01-26,baseline,HEJFE-6101FFEDBA6EE41B,1,14:17-15:17,61,14:17-15:22,66,1,1,1,1,conditional_on_point_in_time_nasdaq_listing,1,1
MIC,2015-01-26,baseline,HEJFE-93A7D27EF425EDF0,1,15:28-16:00,33,15:28-16:00,33,1,1,1,1,conditional_on_point_in_time_nasdaq_listing,1,1
NATI,2015-01-26,baseline,HEJFE-F9E72EEF6E5BD373,1,15:21-16:00,40,15:21-16:00,40,1,1,1,1,conditional_on_point_in_time_nasdaq_listing,1,1
NOW,2015-01-26,baseline,HEJFE-DC66D5F2BDEC7C74,1,13:01-14:01,61,13:01-14:06,66,1,1,1,1,conditional_on_point_in_time_nasdaq_listing,1,1
NUAN,2015-01-26,baseline,HEJFE-54A5D1D8A5B593C8,1,15:03-16:00,58,15:03-16:00,58,1,1,1,1,conditional_on_point_in_time_nasdaq_listing,1,1
P,2015-01-26,baseline,HEJFE-847F0EFE669B2440,1,15:29-16:00,32,15:29-16:00,32,1,1,1,1,conditional_on_point_in_time_nasdaq_listing,1,1
PLL,2015-01-26,baseline,HEJFE-36433565499915E2,1,14:33-15:33,61,14:33-15:38,66,1,1,1,1,conditional_on_point_in_time_nasdaq_listing,1,1
PNRA,2015-01-26,baseline,HEJFE-4E643D38FFB3016E,1,14:28-15:28,61,14:28-15:33,66,1,1,1,1,conditional_on_point_in_time_nasdaq_listing,1,1
QLIK,2015-01-26,baseline,HEJFE-4080E04F012A7290,1,15:09-16:00,52,15:09-16:00,52,1,1,1,1,conditional_on_point_in_time_nasdaq_listing,1,1
R,2015-01-26,baseline,HEJFE-A25F33B630365184,1,15:13-16:00,48,15:13-16:00,48,1,1,1,1,conditional_on_point_in_time_nasdaq_listing,1,1
ROG,2015-01-26,baseline,HEJFE-7CEFB3FE3D986464,1,15:14-16:00,47,15:14-16:00,47,1,1,1,1,conditional_on_point_in_time_nasdaq_listing,1,1
TER,2015-01-26,baseline,HEJFE-334BAA0D940A418A,1,15:19-16:00,42,15:19-16:00,42,1,1,1,1,conditional_on_point_in_time_nasdaq_listing,1,1
THC,2015-01-26,baseline,HEJFE-0273F1BFCD285E7F,1,15:27-16:00,34,15:27-16:00,34,1,1,1,1,conditional_on_point_in_time_nasdaq_listing,1,1
TNGO,2015-01-26,baseline,HEJFE-AF5106891E058D23,1,14:40-15:40,61,14:40-15:45,66,1,1,1,1,conditional_on_point_in_time_nasdaq_listing,1,1
TRAK,2015-01-26,baseline,HEJFE-4D7E68AD113380B3,1,15:11-16:00,50,15:11-16:00,50,1,1,1,1,conditional_on_point_in_time_nasdaq_listing,1,1
TXRH,2015-01-26,baseline,HEJFE-0704950C71CFAFB4,1,14:54-15:54,61,14:54-15:59,66,1,1,1,1,conditional_on_point_in_time_nasdaq_listing,1,1
WLL,2015-01-26,baseline,HEJFE-BB62E8864F35DCD0,1,15:24-16:00,37,15:24-16:00,37,1,1,1,1,conditional_on_point_in_time_nasdaq_listing,1,1
WMB,2015-01-26,baseline,HEJFE-1783DE88400AF6CC,1,14:24-15:24,61,14:24-15:29,66,1,1,1,1,conditional_on_point_in_time_nasdaq_listing,1,1
WTS,2015-01-26,baseline,HEJFE-D346C6CFDFB6E581,1,13:49-14:49,61,13:49-14:54,66,1,1,1,1,conditional_on_point_in_time_nasdaq_listing,1,1
ADI,2015-01-27,baseline,HEJFE-D9C52E6CC595C380,1,13:35-14:35,61,13:35-14:40,66,1,1,1,1,conditional_on_point_in_time_nasdaq_listing,1,1
ALNY,2015-01-27,baseline,HEJFE-22BF36BABB9D19D7,1,15:25-16:00,36,15:25-16:00,36,1,1,1,1,conditional_on_point_in_time_nasdaq_listing,1,1
AMSG,2015-01-27,baseline,HEJFE-0AA84E6E44ED02D8,1,15:27-16:00,34,15:27-16:00,34,1,1,1,1,conditional_on_point_in_time_nasdaq_listing,1,1
ATRC,2015-01-27,baseline,HEJFE-826F68D9DA88B37C,1,15:28-16:00,33,15:28-16:00,33,1,1,1,1,conditional_on_point_in_time_nasdaq_listing,1,1
BCR,2015-01-27,baseline,HEJFE-E25BAF3CFF23A3BE,1,14:57-15:57,61,14:57-16:00,64,1,1,1,1,conditional_on_point_in_time_nasdaq_listing,1,1
CGNX,2015-01-27,baseline,HEJFE-FBA59D82CEE8FD00,1,13:34-14:34,61,13:34-14:39,66,1,1,1,1,conditional_on_point_in_time_nasdaq_listing,1,1
CLD,2015-01-27,baseline,HEJFE-B04F1AF8B6E30A43,1,15:05-16:00,56,15:05-16:00,56,1,1,1,1,conditional_on_point_in_time_nasdaq_listing,1,1
COLM,2015-01-27,baseline,HEJFE-FBFFFD99898188CF,1,14:03-15:03,61,14:03-15:08,66,1,1,1,1,conditional_on_point_in_time_nasdaq_listing,1,1
CRL,2015-01-27,baseline,HEJFE-947F50EBAFBA54DC,1,15:25-16:00,36,15:25-16:00,36,1,1,1,1,conditional_on_point_in_time_nasdaq_listing,1,1
DE,2015-01-27,baseline,HEJFE-A9D220DE2F7E7FC3,1,15:10-16:00,51,15:10-16:00,51,1,1,1,1,conditional_on_point_in_time_nasdaq_listing,1,1
DGI,2015-01-27,baseline,HEJFE-A76C746507C0D9AF,1,15:12-16:00,49,15:12-16:00,49,1,1,1,1,conditional_on_point_in_time_nasdaq_listing,1,1
DXCM,2015-01-27,baseline,HEJFE-99F31DB35F001A44,1,15:14-16:00,47,15:14-16:00,47,1,1,1,1,conditional_on_point_in_time_nasdaq_listing,1,1
EA,2015-01-27,event,HEJFE-0B87675BF7BEDBCA,1,15:18-16:00,43,15:18-16:00,43,1,1,1,1,conditional_on_point_in_time_nasdaq_listing,1,1
F,2015-01-27,baseline,HEJFE-E8C5063581BE7EB7,1,15:29-16:00,32,15:29-16:00,32,1,1,1,1,conditional_on_point_in_time_nasdaq_listing,1,1
FLR,2015-01-27,baseline,HEJFE-1E37362063697486,1,14:36-15:36,61,14:36-15:41,66,1,1,1,1,conditional_on_point_in_time_nasdaq_listing,1,1
GILD,2015-01-27,baseline,HEJFE-C4D39B22234902F2,1,15:20-16:00,41,15:20-16:00,41,1,1,1,1,conditional_on_point_in_time_nasdaq_listing,1,1
GMCR,2015-01-27,baseline,HEJFE-7482DE1CD44C1A00,1,13:37-14:37,61,13:37-14:42,66,1,1,1,1,conditional_on_point_in_time_nasdaq_listing,1,1
GNRC,2015-01-27,baseline,HEJFE-E342F6A93B35E012,1,15:22-16:00,39,15:22-16:00,39,1,1,1,1,conditional_on_point_in_time_nasdaq_listing,1,1
HBI,2015-01-27,baseline,HEJFE-3ADF019D07BA84CE,1,14:08-15:08,61,14:08-15:13,66,1,1,1,1,conditional_on_point_in_time_nasdaq_listing,1,1
IDTI,2015-01-27,baseline,HEJFE-9861757889227DD4,1,13:54-14:54,61,13:54-14:59,66,1,1,1,1,conditional_on_point_in_time_nasdaq_listing,1,1
ILMN,2015-01-27,event,HEJFE-8A11E54A9679E09D,1,14:41-15:41,61,14:41-15:46,66,1,1,1,1,conditional_on_point_in_time_nasdaq_listing,1,1
INWK,2015-01-27,baseline,HEJFE-20EC97300E6205B9,1,13:31-14:31,61,13:31-14:36,66,1,1,1,1,conditional_on_point_in_time_nasdaq_listing,1,1
JWN,2015-01-27,baseline,HEJFE-7ED8DBD4804E4330,1,13:59-14:59,61,13:59-15:04,66,1,1,1,1,conditional_on_point_in_time_nasdaq_listing,1,1
MDU,2015-01-27,baseline,HEJFE-6101FFEDBA6EE41B,1,14:17-15:17,61,14:17-15:22,66,1,1,1,1,conditional_on_point_in_time_nasdaq_listing,1,1
MIC,2015-01-27,baseline,HEJFE-93A7D27EF425EDF0,1,15:28-16:00,33,15:28-16:00,33,1,1,1,1,conditional_on_point_in_time_nasdaq_listing,1,1
NATI,2015-01-27,baseline,HEJFE-F9E72EEF6E5BD373,1,15:21-16:00,40,15:21-16:00,40,1,1,1,1,conditional_on_point_in_time_nasdaq_listing,1,1
NOW,2015-01-27,baseline,HEJFE-DC66D5F2BDEC7C74,1,13:01-14:01,61,13:01-14:06,66,1,1,1,1,conditional_on_point_in_time_nasdaq_listing,1,1
NUAN,2015-01-27,baseline,HEJFE-54A5D1D8A5B593C8,1,15:03-16:00,58,15:03-16:00,58,1,1,1,1,conditional_on_point_in_time_nasdaq_listing,1,1
P,2015-01-27,baseline,HEJFE-847F0EFE669B2440,1,15:29-16:00,32,15:29-16:00,32,1,1,1,1,conditional_on_point_in_time_nasdaq_listing,1,1
PLL,2015-01-27,baseline,HEJFE-36433565499915E2,1,14:33-15:33,61,14:33-15:38,66,1,1,1,1,conditional_on_point_in_time_nasdaq_listing,1,1
PNRA,2015-01-27,baseline,HEJFE-4E643D38FFB3016E,1,14:28-15:28,61,14:28-15:33,66,1,1,1,1,conditional_on_point_in_time_nasdaq_listing,1,1
QLIK,2015-01-27,baseline,HEJFE-4080E04F012A7290,1,15:09-16:00,52,15:09-16:00,52,1,1,1,1,conditional_on_point_in_time_nasdaq_listing,1,1
R,2015-01-27,baseline,HEJFE-A25F33B630365184,1,15:13-16:00,48,15:13-16:00,48,1,1,1,1,conditional_on_point_in_time_nasdaq_listing,1,1
ROG,2015-01-27,baseline,HEJFE-7CEFB3FE3D986464,1,15:14-16:00,47,15:14-16:00,47,1,1,1,1,conditional_on_point_in_time_nasdaq_listing,1,1
TER,2015-01-27,baseline,HEJFE-334BAA0D940A418A,1,15:19-16:00,42,15:19-16:00,42,1,1,1,1,conditional_on_point_in_time_nasdaq_listing,1,1
THC,2015-01-27,baseline,HEJFE-0273F1BFCD285E7F,1,15:27-16:00,34,15:27-16:00,34,1,1,1,1,conditional_on_point_in_time_nasdaq_listing,1,1
TNGO,2015-01-27,baseline,HEJFE-AF5106891E058D23,1,14:40-15:40,61,14:40-15:45,66,1,1,1,1,conditional_on_point_in_time_nasdaq_listing,1,1
TRAK,2015-01-27,baseline,HEJFE-4D7E68AD113380B3,1,15:11-16:00,50,15:11-16:00,50,1,1,1,1,conditional_on_point_in_time_nasdaq_listing,1,1
TXRH,2015-01-27,baseline,HEJFE-0704950C71CFAFB4,1,14:54-15:54,61,14:54-15:59,66,1,1,1,1,conditional_on_point_in_time_nasdaq_listing,1,1
WLL,2015-01-27,baseline,HEJFE-BB62E8864F35DCD0,1,15:24-16:00,37,15:24-16:00,37,1,1,1,1,conditional_on_point_in_time_nasdaq_listing,1,1
WMB,2015-01-27,baseline,HEJFE-1783DE88400AF6CC,1,14:24-15:24,61,14:24-15:29,66,1,1,1,1,conditional_on_point_in_time_nasdaq_listing,1,1
WTS,2015-01-27,baseline,HEJFE-D346C6CFDFB6E581,1,13:49-14:49,61,13:49-14:54,66,1,1,1,1,conditional_on_point_in_time_nasdaq_listing,1,1
ADI,2015-01-28,baseline,HEJFE-D9C52E6CC595C380,1,13:35-14:35,61,13:35-14:40,66,1,1,1,1,conditional_on_point_in_time_nasdaq_listing,1,1
ALNY,2015-01-28,baseline,HEJFE-22BF36BABB9D19D7,1,15:25-16:00,36,15:25-16:00,36,1,1,1,1,conditional_on_point_in_time_nasdaq_listing,1,1
AMSG,2015-01-28,baseline,HEJFE-0AA84E6E44ED02D8,1,15:27-16:00,34,15:27-16:00,34,1,1,1,1,conditional_on_point_in_time_nasdaq_listing,1,1
ATRC,2015-01-28,baseline,HEJFE-826F68D9DA88B37C,1,15:28-16:00,33,15:28-16:00,33,1,1,1,1,conditional_on_point_in_time_nasdaq_listing,1,1
BCR,2015-01-28,baseline,HEJFE-E25BAF3CFF23A3BE,1,14:57-15:57,61,14:57-16:00,64,1,1,1,1,conditional_on_point_in_time_nasdaq_listing,1,1
CGNX,2015-01-28,baseline,HEJFE-FBA59D82CEE8FD00,1,13:34-14:34,61,13:34-14:39,66,1,1,1,1,conditional_on_point_in_time_nasdaq_listing,1,1
CLD,2015-01-28,baseline,HEJFE-B04F1AF8B6E30A43,1,15:05-16:00,56,15:05-16:00,56,1,1,1,1,conditional_on_point_in_time_nasdaq_listing,1,1
COLM,2015-01-28,baseline,HEJFE-FBFFFD99898188CF,1,14:03-15:03,61,14:03-15:08,66,1,1,1,1,conditional_on_point_in_time_nasdaq_listing,1,1
CRL,2015-01-28,baseline,HEJFE-947F50EBAFBA54DC,1,15:25-16:00,36,15:25-16:00,36,1,1,1,1,conditional_on_point_in_time_nasdaq_listing,1,1
DE,2015-01-28,baseline,HEJFE-A9D220DE2F7E7FC3,1,15:10-16:00,51,15:10-16:00,51,1,1,1,1,conditional_on_point_in_time_nasdaq_listing,1,1
DGI,2015-01-28,baseline,HEJFE-A76C746507C0D9AF,1,15:12-16:00,49,15:12-16:00,49,1,1,1,1,conditional_on_point_in_time_nasdaq_listing,1,1
DXCM,2015-01-28,baseline,HEJFE-99F31DB35F001A44,1,15:14-16:00,47,15:14-16:00,47,1,1,1,1,conditional_on_point_in_time_nasdaq_listing,1,1
F,2015-01-28,event,HEJFE-E8C5063581BE7EB7,1,15:29-16:00,32,15:29-16:00,32,1,1,1,1,conditional_on_point_in_time_nasdaq_listing,1,1
FLR,2015-01-28,baseline,HEJFE-1E37362063697486,1,14:36-15:36,61,14:36-15:41,66,1,1,1,1,conditional_on_point_in_time_nasdaq_listing,1,1
GILD,2015-01-28,baseline,HEJFE-C4D39B22234902F2,1,15:20-16:00,41,15:20-16:00,41,1,1,1,1,conditional_on_point_in_time_nasdaq_listing,1,1
GMCR,2015-01-28,baseline,HEJFE-7482DE1CD44C1A00,1,13:37-14:37,61,13:37-14:42,66,1,1,1,1,conditional_on_point_in_time_nasdaq_listing,1,1
GNRC,2015-01-28,baseline,HEJFE-E342F6A93B35E012,1,15:22-16:00,39,15:22-16:00,39,1,1,1,1,conditional_on_point_in_time_nasdaq_listing,1,1
HBI,2015-01-28,baseline,HEJFE-3ADF019D07BA84CE,1,14:08-15:08,61,14:08-15:13,66,1,1,1,1,conditional_on_point_in_time_nasdaq_listing,1,1
IDTI,2015-01-28,baseline,HEJFE-9861757889227DD4,1,13:54-14:54,61,13:54-14:59,66,1,1,1,1,conditional_on_point_in_time_nasdaq_listing,1,1
INWK,2015-01-28,baseline,HEJFE-20EC97300E6205B9,1,13:31-14:31,61,13:31-14:36,66,1,1,1,1,conditional_on_point_in_time_nasdaq_listing,1,1
JWN,2015-01-28,baseline,HEJFE-7ED8DBD4804E4330,1,13:59-14:59,61,13:59-15:04,66,1,1,1,1,conditional_on_point_in_time_nasdaq_listing,1,1
MDU,2015-01-28,baseline,HEJFE-6101FFEDBA6EE41B,1,14:17-15:17,61,14:17-15:22,66,1,1,1,1,conditional_on_point_in_time_nasdaq_listing,1,1
MIC,2015-01-28,baseline,HEJFE-93A7D27EF425EDF0,1,15:28-16:00,33,15:28-16:00,33,1,1,1,1,conditional_on_point_in_time_nasdaq_listing,1,1
NATI,2015-01-28,baseline,HEJFE-F9E72EEF6E5BD373,1,15:21-16:00,40,15:21-16:00,40,1,1,1,1,conditional_on_point_in_time_nasdaq_listing,1,1
NOW,2015-01-28,event,HEJFE-DC66D5F2BDEC7C74,1,13:01-14:01,61,13:01-14:06,66,1,1,1,1,conditional_on_point_in_time_nasdaq_listing,1,1
NUAN,2015-01-28,baseline,HEJFE-54A5D1D8A5B593C8,1,15:03-16:00,58,15:03-16:00,58,1,1,1,1,conditional_on_point_in_time_nasdaq_listing,1,1
P,2015-01-28,baseline,HEJFE-847F0EFE669B2440,1,15:29-16:00,32,15:29-16:00,32,1,1,1,1,conditional_on_point_in_time_nasdaq_listing,1,1
PLL,2015-01-28,baseline,HEJFE-36433565499915E2,1,14:33-15:33,61,14:33-15:38,66,1,1,1,1,conditional_on_point_in_time_nasdaq_listing,1,1
PNRA,2015-01-28,baseline,HEJFE-4E643D38FFB3016E,1,14:28-15:28,61,14:28-15:33,66,1,1,1,1,conditional_on_point_in_time_nasdaq_listing,1,1
QLIK,2015-01-28,baseline,HEJFE-4080E04F012A7290,1,15:09-16:00,52,15:09-16:00,52,1,1,1,1,conditional_on_point_in_time_nasdaq_listing,1,1
R,2015-01-28,baseline,HEJFE-A25F33B630365184,1,15:13-16:00,48,15:13-16:00,48,1,1,1,1,conditional_on_point_in_time_nasdaq_listing,1,1
ROG,2015-01-28,baseline,HEJFE-7CEFB3FE3D986464,1,15:14-16:00,47,15:14-16:00,47,1,1,1,1,conditional_on_point_in_time_nasdaq_listing,1,1
TER,2015-01-28,event,HEJFE-334BAA0D940A418A,1,15:19-16:00,42,15:19-16:00,42,1,1,1,1,conditional_on_point_in_time_nasdaq_listing,1,1
THC,2015-01-28,baseline,HEJFE-0273F1BFCD285E7F,1,15:27-16:00,34,15:27-16:00,34,1,1,1,1,conditional_on_point_in_time_nasdaq_listing,1,1
TNGO,2015-01-28,baseline,HEJFE-AF5106891E058D23,1,14:40-15:40,61,14:40-15:45,66,1,1,1,1,conditional_on_point_in_time_nasdaq_listing,1,1
TRAK,2015-01-28,baseline,HEJFE-4D7E68AD113380B3,1,15:11-16:00,50,15:11-16:00,50,1,1,1,1,conditional_on_point_in_time_nasdaq_listing,1,1
TXRH,2015-01-28,baseline,HEJFE-0704950C71CFAFB4,1,14:54-15:54,61,14:54-15:59,66,1,1,1,1,conditional_on_point_in_time_nasdaq_listing,1,1
WLL,2015-01-28,baseline,HEJFE-BB62E8864F35DCD0,1,15:24-16:00,37,15:24-16:00,37,1,1,1,1,conditional_on_point_in_time_nasdaq_listing,1,1
WMB,2015-01-28,baseline,HEJFE-1783DE88400AF6CC,1,14:24-15:24,61,14:24-15:29,66,1,1,1,1,conditional_on_point_in_time_nasdaq_listing,1,1
WTS,2015-01-28,baseline,HEJFE-D346C6CFDFB6E581,1,13:49-14:49,61,13:49-14:54,66,1,1,1,1,conditional_on_point_in_time_nasdaq_listing,1,1
ADI,2015-01-29,baseline,HEJFE-D9C52E6CC595C380,1,13:35-14:35,61,13:35-14:40,66,1,1,1,1,conditional_on_point_in_time_nasdaq_listing,1,1
ALNY,2015-01-29,baseline,HEJFE-22BF36BABB9D19D7,1,15:25-16:00,36,15:25-16:00,36,1,1,1,1,conditional_on_point_in_time_nasdaq_listing,1,1
AMSG,2015-01-29,baseline,HEJFE-0AA84E6E44ED02D8,1,15:27-16:00,34,15:27-16:00,34,1,1,1,1,conditional_on_point_in_time_nasdaq_listing,1,1
ATRC,2015-01-29,baseline,HEJFE-826F68D9DA88B37C,1,15:28-16:00,33,15:28-16:00,33,1,1,1,1,conditional_on_point_in_time_nasdaq_listing,1,1
BCR,2015-01-29,event,HEJFE-E25BAF3CFF23A3BE,1,14:57-15:57,61,14:57-16:00,64,1,1,1,1,conditional_on_point_in_time_nasdaq_listing,1,1
CGNX,2015-01-29,baseline,HEJFE-FBA59D82CEE8FD00,1,13:34-14:34,61,13:34-14:39,66,1,1,1,1,conditional_on_point_in_time_nasdaq_listing,1,1
CLD,2015-01-29,baseline,HEJFE-B04F1AF8B6E30A43,1,15:05-16:00,56,15:05-16:00,56,1,1,1,1,conditional_on_point_in_time_nasdaq_listing,1,1
COLM,2015-01-29,baseline,HEJFE-FBFFFD99898188CF,1,14:03-15:03,61,14:03-15:08,66,1,1,1,1,conditional_on_point_in_time_nasdaq_listing,1,1
CRL,2015-01-29,baseline,HEJFE-947F50EBAFBA54DC,1,15:25-16:00,36,15:25-16:00,36,1,1,1,1,conditional_on_point_in_time_nasdaq_listing,1,1
DE,2015-01-29,baseline,HEJFE-A9D220DE2F7E7FC3,1,15:10-16:00,51,15:10-16:00,51,1,1,1,1,conditional_on_point_in_time_nasdaq_listing,1,1
DGI,2015-01-29,baseline,HEJFE-A76C746507C0D9AF,1,15:12-16:00,49,15:12-16:00,49,1,1,1,1,conditional_on_point_in_time_nasdaq_listing,1,1
DXCM,2015-01-29,baseline,HEJFE-99F31DB35F001A44,1,15:14-16:00,47,15:14-16:00,47,1,1,1,1,conditional_on_point_in_time_nasdaq_listing,1,1
FLR,2015-01-29,baseline,HEJFE-1E37362063697486,1,14:36-15:36,61,14:36-15:41,66,1,1,1,1,conditional_on_point_in_time_nasdaq_listing,1,1
GILD,2015-01-29,baseline,HEJFE-C4D39B22234902F2,1,15:20-16:00,41,15:20-16:00,41,1,1,1,1,conditional_on_point_in_time_nasdaq_listing,1,1
GMCR,2015-01-29,baseline,HEJFE-7482DE1CD44C1A00,1,13:37-14:37,61,13:37-14:42,66,1,1,1,1,conditional_on_point_in_time_nasdaq_listing,1,1
GNRC,2015-01-29,baseline,HEJFE-E342F6A93B35E012,1,15:22-16:00,39,15:22-16:00,39,1,1,1,1,conditional_on_point_in_time_nasdaq_listing,1,1
HBI,2015-01-29,event,HEJFE-3ADF019D07BA84CE,1,14:08-15:08,61,14:08-15:13,66,1,1,1,1,conditional_on_point_in_time_nasdaq_listing,1,1
IDTI,2015-01-29,baseline,HEJFE-9861757889227DD4,1,13:54-14:54,61,13:54-14:59,66,1,1,1,1,conditional_on_point_in_time_nasdaq_listing,1,1
INWK,2015-01-29,baseline,HEJFE-20EC97300E6205B9,1,13:31-14:31,61,13:31-14:36,66,1,1,1,1,conditional_on_point_in_time_nasdaq_listing,1,1
JWN,2015-01-29,baseline,HEJFE-7ED8DBD4804E4330,1,13:59-14:59,61,13:59-15:04,66,1,1,1,1,conditional_on_point_in_time_nasdaq_listing,1,1
MDU,2015-01-29,baseline,HEJFE-6101FFEDBA6EE41B,1,14:17-15:17,61,14:17-15:22,66,1,1,1,1,conditional_on_point_in_time_nasdaq_listing,1,1
MIC,2015-01-29,baseline,HEJFE-93A7D27EF425EDF0,1,15:28-16:00,33,15:28-16:00,33,1,1,1,1,conditional_on_point_in_time_nasdaq_listing,1,1
NATI,2015-01-29,event,HEJFE-F9E72EEF6E5BD373,1,15:21-16:00,40,15:21-16:00,40,1,1,1,1,conditional_on_point_in_time_nasdaq_listing,1,1
NUAN,2015-01-29,baseline,HEJFE-54A5D1D8A5B593C8,1,15:03-16:00,58,15:03-16:00,58,1,1,1,1,conditional_on_point_in_time_nasdaq_listing,1,1
P,2015-01-29,baseline,HEJFE-847F0EFE669B2440,1,15:29-16:00,32,15:29-16:00,32,1,1,1,1,conditional_on_point_in_time_nasdaq_listing,1,1
PLL,2015-01-29,baseline,HEJFE-36433565499915E2,1,14:33-15:33,61,14:33-15:38,66,1,1,1,1,conditional_on_point_in_time_nasdaq_listing,1,1
PNRA,2015-01-29,baseline,HEJFE-4E643D38FFB3016E,1,14:28-15:28,61,14:28-15:33,66,1,1,1,1,conditional_on_point_in_time_nasdaq_listing,1,1
QLIK,2015-01-29,baseline,HEJFE-4080E04F012A7290,1,15:09-16:00,52,15:09-16:00,52,1,1,1,1,conditional_on_point_in_time_nasdaq_listing,1,1
R,2015-01-29,baseline,HEJFE-A25F33B630365184,1,15:13-16:00,48,15:13-16:00,48,1,1,1,1,conditional_on_point_in_time_nasdaq_listing,1,1
ROG,2015-01-29,baseline,HEJFE-7CEFB3FE3D986464,1,15:14-16:00,47,15:14-16:00,47,1,1,1,1,conditional_on_point_in_time_nasdaq_listing,1,1
THC,2015-01-29,baseline,HEJFE-0273F1BFCD285E7F,1,15:27-16:00,34,15:27-16:00,34,1,1,1,1,conditional_on_point_in_time_nasdaq_listing,1,1
TNGO,2015-01-29,baseline,HEJFE-AF5106891E058D23,1,14:40-15:40,61,14:40-15:45,66,1,1,1,1,conditional_on_point_in_time_nasdaq_listing,1,1
TRAK,2015-01-29,baseline,HEJFE-4D7E68AD113380B3,1,15:11-16:00,50,15:11-16:00,50,1,1,1,1,conditional_on_point_in_time_nasdaq_listing,1,1
TXRH,2015-01-29,baseline,HEJFE-0704950C71CFAFB4,1,14:54-15:54,61,14:54-15:59,66,1,1,1,1,conditional_on_point_in_time_nasdaq_listing,1,1
WLL,2015-01-29,baseline,HEJFE-BB62E8864F35DCD0,1,15:24-16:00,37,15:24-16:00,37,1,1,1,1,conditional_on_point_in_time_nasdaq_listing,1,1
WMB,2015-01-29,baseline,HEJFE-1783DE88400AF6CC,1,14:24-15:24,61,14:24-15:29,66,1,1,1,1,conditional_on_point_in_time_nasdaq_listing,1,1
WTS,2015-01-29,baseline,HEJFE-D346C6CFDFB6E581,1,13:49-14:49,61,13:49-14:54,66,1,1,1,1,conditional_on_point_in_time_nasdaq_listing,1,1
ADI,2015-01-30,baseline,HEJFE-D9C52E6CC595C380,1,13:35-14:35,61,13:35-14:40,66,1,1,1,1,conditional_on_point_in_time_nasdaq_listing,1,1
ALNY,2015-01-30,baseline,HEJFE-22BF36BABB9D19D7,1,15:25-16:00,36,15:25-16:00,36,1,1,1,1,conditional_on_point_in_time_nasdaq_listing,1,1
AMSG,2015-01-30,baseline,HEJFE-0AA84E6E44ED02D8,1,15:27-16:00,34,15:27-16:00,34,1,1,1,1,conditional_on_point_in_time_nasdaq_listing,1,1
ATRC,2015-01-30,baseline,HEJFE-826F68D9DA88B37C,1,15:28-16:00,33,15:28-16:00,33,1,1,1,1,conditional_on_point_in_time_nasdaq_listing,1,1
CGNX,2015-01-30,baseline,HEJFE-FBA59D82CEE8FD00,1,13:34-14:34,61,13:34-14:39,66,1,1,1,1,conditional_on_point_in_time_nasdaq_listing,1,1
CLD,2015-01-30,baseline,HEJFE-B04F1AF8B6E30A43,1,15:05-16:00,56,15:05-16:00,56,1,1,1,1,conditional_on_point_in_time_nasdaq_listing,1,1
COLM,2015-01-30,baseline,HEJFE-FBFFFD99898188CF,1,14:03-15:03,61,14:03-15:08,66,1,1,1,1,conditional_on_point_in_time_nasdaq_listing,1,1
CRL,2015-01-30,baseline,HEJFE-947F50EBAFBA54DC,1,15:25-16:00,36,15:25-16:00,36,1,1,1,1,conditional_on_point_in_time_nasdaq_listing,1,1
DE,2015-01-30,baseline,HEJFE-A9D220DE2F7E7FC3,1,15:10-16:00,51,15:10-16:00,51,1,1,1,1,conditional_on_point_in_time_nasdaq_listing,1,1
DGI,2015-01-30,baseline,HEJFE-A76C746507C0D9AF,1,15:12-16:00,49,15:12-16:00,49,1,1,1,1,conditional_on_point_in_time_nasdaq_listing,1,1
DXCM,2015-01-30,baseline,HEJFE-99F31DB35F001A44,1,15:14-16:00,47,15:14-16:00,47,1,1,1,1,conditional_on_point_in_time_nasdaq_listing,1,1
FLR,2015-01-30,baseline,HEJFE-1E37362063697486,1,14:36-15:36,61,14:36-15:41,66,1,1,1,1,conditional_on_point_in_time_nasdaq_listing,1,1
GILD,2015-01-30,baseline,HEJFE-C4D39B22234902F2,1,15:20-16:00,41,15:20-16:00,41,1,1,1,1,conditional_on_point_in_time_nasdaq_listing,1,1
GMCR,2015-01-30,baseline,HEJFE-7482DE1CD44C1A00,1,13:37-14:37,61,13:37-14:42,66,1,1,1,1,conditional_on_point_in_time_nasdaq_listing,1,1
GNRC,2015-01-30,baseline,HEJFE-E342F6A93B35E012,1,15:22-16:00,39,15:22-16:00,39,1,1,1,1,conditional_on_point_in_time_nasdaq_listing,1,1
IDTI,2015-01-30,baseline,HEJFE-9861757889227DD4,1,13:54-14:54,61,13:54-14:59,66,1,1,1,1,conditional_on_point_in_time_nasdaq_listing,1,1
INWK,2015-01-30,baseline,HEJFE-20EC97300E6205B9,1,13:31-14:31,61,13:31-14:36,66,1,1,1,1,conditional_on_point_in_time_nasdaq_listing,1,1
JWN,2015-01-30,baseline,HEJFE-7ED8DBD4804E4330,1,13:59-14:59,61,13:59-15:04,66,1,1,1,1,conditional_on_point_in_time_nasdaq_listing,1,1
MDU,2015-01-30,baseline,HEJFE-6101FFEDBA6EE41B,1,14:17-15:17,61,14:17-15:22,66,1,1,1,1,conditional_on_point_in_time_nasdaq_listing,1,1
MIC,2015-01-30,baseline,HEJFE-93A7D27EF425EDF0,1,15:28-16:00,33,15:28-16:00,33,1,1,1,1,conditional_on_point_in_time_nasdaq_listing,1,1
NUAN,2015-01-30,baseline,HEJFE-54A5D1D8A5B593C8,1,15:03-16:00,58,15:03-16:00,58,1,1,1,1,conditional_on_point_in_time_nasdaq_listing,1,1
P,2015-01-30,baseline,HEJFE-847F0EFE669B2440,1,15:29-16:00,32,15:29-16:00,32,1,1,1,1,conditional_on_point_in_time_nasdaq_listing,1,1
PLL,2015-01-30,baseline,HEJFE-36433565499915E2,1,14:33-15:33,61,14:33-15:38,66,1,1,1,1,conditional_on_point_in_time_nasdaq_listing,1,1
PNRA,2015-01-30,baseline,HEJFE-4E643D38FFB3016E,1,14:28-15:28,61,14:28-15:33,66,1,1,1,1,conditional_on_point_in_time_nasdaq_listing,1,1
QLIK,2015-01-30,baseline,HEJFE-4080E04F012A7290,1,15:09-16:00,52,15:09-16:00,52,1,1,1,1,conditional_on_point_in_time_nasdaq_listing,1,1
R,2015-01-30,baseline,HEJFE-A25F33B630365184,1,15:13-16:00,48,15:13-16:00,48,1,1,1,1,conditional_on_point_in_time_nasdaq_listing,1,1
ROG,2015-01-30,baseline,HEJFE-7CEFB3FE3D986464,1,15:14-16:00,47,15:14-16:00,47,1,1,1,1,conditional_on_point_in_time_nasdaq_listing,1,1
THC,2015-01-30,baseline,HEJFE-0273F1BFCD285E7F,1,15:27-16:00,34,15:27-16:00,34,1,1,1,1,conditional_on_point_in_time_nasdaq_listing,1,1
TNGO,2015-01-30,baseline,HEJFE-AF5106891E058D23,1,14:40-15:40,61,14:40-15:45,66,1,1,1,1,conditional_on_point_in_time_nasdaq_listing,1,1
TRAK,2015-01-30,baseline,HEJFE-4D7E68AD113380B3,1,15:11-16:00,50,15:11-16:00,50,1,1,1,1,conditional_on_point_in_time_nasdaq_listing,1,1
TXRH,2015-01-30,baseline,HEJFE-0704950C71CFAFB4,1,14:54-15:54,61,14:54-15:59,66,1,1,1,1,conditional_on_point_in_time_nasdaq_listing,1,1
VEEV,2015-01-30,baseline,HEJFE-EBC49B9A024181AD,1,13:01-14:01,61,13:01-14:06,66,1,1,1,1,conditional_on_point_in_time_nasdaq_listing,1,1
WLL,2015-01-30,baseline,HEJFE-BB62E8864F35DCD0,1,15:24-16:00,37,15:24-16:00,37,1,1,1,1,conditional_on_point_in_time_nasdaq_listing,1,1
WMB,2015-01-30,baseline,HEJFE-1783DE88400AF6CC,1,14:24-15:24,61,14:24-15:29,66,1,1,1,1,conditional_on_point_in_time_nasdaq_listing,1,1
WTS,2015-01-30,baseline,HEJFE-D346C6CFDFB6E581,1,13:49-14:49,61,13:49-14:54,66,1,1,1,1,conditional_on_point_in_time_nasdaq_listing,1,1
ADI,2015-02-02,baseline,HEJFE-D9C52E6CC595C380,1,13:35-14:35,61,13:35-14:40,66,1,1,1,1,conditional_on_point_in_time_nasdaq_listing,1,1
ALNY,2015-02-02,baseline,HEJFE-22BF36BABB9D19D7,1,15:25-16:00,36,15:25-16:00,36,1,1,1,1,conditional_on_point_in_time_nasdaq_listing,1,1
AMSG,2015-02-02,baseline,HEJFE-0AA84E6E44ED02D8,1,15:27-16:00,34,15:27-16:00,34,1,1,1,1,conditional_on_point_in_time_nasdaq_listing,1,1
ATRC,2015-02-02,baseline,HEJFE-826F68D9DA88B37C,1,15:28-16:00,33,15:28-16:00,33,1,1,1,1,conditional_on_point_in_time_nasdaq_listing,1,1
CGNX,2015-02-02,baseline,HEJFE-FBA59D82CEE8FD00,1,13:34-14:34,61,13:34-14:39,66,1,1,1,1,conditional_on_point_in_time_nasdaq_listing,1,1
CLD,2015-02-02,baseline,HEJFE-B04F1AF8B6E30A43,1,15:05-16:00,56,15:05-16:00,56,1,1,1,1,conditional_on_point_in_time_nasdaq_listing,1,1
COLM,2015-02-02,baseline,HEJFE-FBFFFD99898188CF,1,14:03-15:03,61,14:03-15:08,66,1,1,1,1,conditional_on_point_in_time_nasdaq_listing,1,1
CRL,2015-02-02,baseline,HEJFE-947F50EBAFBA54DC,1,15:25-16:00,36,15:25-16:00,36,1,1,1,1,conditional_on_point_in_time_nasdaq_listing,1,1
DE,2015-02-02,baseline,HEJFE-A9D220DE2F7E7FC3,1,15:10-16:00,51,15:10-16:00,51,1,1,1,1,conditional_on_point_in_time_nasdaq_listing,1,1
DGI,2015-02-02,baseline,HEJFE-A76C746507C0D9AF,1,15:12-16:00,49,15:12-16:00,49,1,1,1,1,conditional_on_point_in_time_nasdaq_listing,1,1
DXCM,2015-02-02,baseline,HEJFE-99F31DB35F001A44,1,15:14-16:00,47,15:14-16:00,47,1,1,1,1,conditional_on_point_in_time_nasdaq_listing,1,1
FLR,2015-02-02,baseline,HEJFE-1E37362063697486,1,14:36-15:36,61,14:36-15:41,66,1,1,1,1,conditional_on_point_in_time_nasdaq_listing,1,1
GILD,2015-02-02,baseline,HEJFE-C4D39B22234902F2,1,15:20-16:00,41,15:20-16:00,41,1,1,1,1,conditional_on_point_in_time_nasdaq_listing,1,1
GMCR,2015-02-02,baseline,HEJFE-7482DE1CD44C1A00,1,13:37-14:37,61,13:37-14:42,66,1,1,1,1,conditional_on_point_in_time_nasdaq_listing,1,1
GNRC,2015-02-02,baseline,HEJFE-E342F6A93B35E012,1,15:22-16:00,39,15:22-16:00,39,1,1,1,1,conditional_on_point_in_time_nasdaq_listing,1,1
IDTI,2015-02-02,event,HEJFE-9861757889227DD4,1,13:54-14:54,61,13:54-14:59,66,1,1,1,1,conditional_on_point_in_time_nasdaq_listing,1,1
INWK,2015-02-02,baseline,HEJFE-20EC97300E6205B9,1,13:31-14:31,61,13:31-14:36,66,1,1,1,1,conditional_on_point_in_time_nasdaq_listing,1,1
JWN,2015-02-02,baseline,HEJFE-7ED8DBD4804E4330,1,13:59-14:59,61,13:59-15:04,66,1,1,1,1,conditional_on_point_in_time_nasdaq_listing,1,1
MDU,2015-02-02,event,HEJFE-6101FFEDBA6EE41B,1,14:17-15:17,61,14:17-15:22,66,1,1,1,1,conditional_on_point_in_time_nasdaq_listing,1,1
MIC,2015-02-02,baseline,HEJFE-93A7D27EF425EDF0,1,15:28-16:00,33,15:28-16:00,33,1,1,1,1,conditional_on_point_in_time_nasdaq_listing,1,1
NUAN,2015-02-02,baseline,HEJFE-54A5D1D8A5B593C8,1,15:03-16:00,58,15:03-16:00,58,1,1,1,1,conditional_on_point_in_time_nasdaq_listing,1,1
P,2015-02-02,baseline,HEJFE-847F0EFE669B2440,1,15:29-16:00,32,15:29-16:00,32,1,1,1,1,conditional_on_point_in_time_nasdaq_listing,1,1
PLL,2015-02-02,baseline,HEJFE-36433565499915E2,1,14:33-15:33,61,14:33-15:38,66,1,1,1,1,conditional_on_point_in_time_nasdaq_listing,1,1
PNRA,2015-02-02,baseline,HEJFE-4E643D38FFB3016E,1,14:28-15:28,61,14:28-15:33,66,1,1,1,1,conditional_on_point_in_time_nasdaq_listing,1,1
QLIK,2015-02-02,baseline,HEJFE-4080E04F012A7290,1,15:09-16:00,52,15:09-16:00,52,1,1,1,1,conditional_on_point_in_time_nasdaq_listing,1,1
R,2015-02-02,event,HEJFE-A25F33B630365184,1,15:13-16:00,48,15:13-16:00,48,1,1,1,1,conditional_on_point_in_time_nasdaq_listing,1,1
ROG,2015-02-02,baseline,HEJFE-7CEFB3FE3D986464,1,15:14-16:00,47,15:14-16:00,47,1,1,1,1,conditional_on_point_in_time_nasdaq_listing,1,1
THC,2015-02-02,baseline,HEJFE-0273F1BFCD285E7F,1,15:27-16:00,34,15:27-16:00,34,1,1,1,1,conditional_on_point_in_time_nasdaq_listing,1,1
TNGO,2015-02-02,baseline,HEJFE-AF5106891E058D23,1,14:40-15:40,61,14:40-15:45,66,1,1,1,1,conditional_on_point_in_time_nasdaq_listing,1,1
TRAK,2015-02-02,baseline,HEJFE-4D7E68AD113380B3,1,15:11-16:00,50,15:11-16:00,50,1,1,1,1,conditional_on_point_in_time_nasdaq_listing,1,1
TXRH,2015-02-02,baseline,HEJFE-0704950C71CFAFB4,1,14:54-15:54,61,14:54-15:59,66,1,1,1,1,conditional_on_point_in_time_nasdaq_listing,1,1
VEEV,2015-02-02,baseline,HEJFE-EBC49B9A024181AD,1,13:01-14:01,61,13:01-14:06,66,1,1,1,1,conditional_on_point_in_time_nasdaq_listing,1,1
WLL,2015-02-02,baseline,HEJFE-BB62E8864F35DCD0,1,15:24-16:00,37,15:24-16:00,37,1,1,1,1,conditional_on_point_in_time_nasdaq_listing,1,1
WMB,2015-02-02,baseline,HEJFE-1783DE88400AF6CC,1,14:24-15:24,61,14:24-15:29,66,1,1,1,1,conditional_on_point_in_time_nasdaq_listing,1,1
WTS,2015-02-02,baseline,HEJFE-D346C6CFDFB6E581,1,13:49-14:49,61,13:49-14:54,66,1,1,1,1,conditional_on_point_in_time_nasdaq_listing,1,1
ADI,2015-02-03,baseline,HEJFE-D9C52E6CC595C380,1,13:35-14:35,61,13:35-14:40,66,1,1,1,1,conditional_on_point_in_time_nasdaq_listing,1,1
ALNY,2015-02-03,baseline,HEJFE-22BF36BABB9D19D7,1,15:25-16:00,36,15:25-16:00,36,1,1,1,1,conditional_on_point_in_time_nasdaq_listing,1,1
AMSG,2015-02-03,baseline,HEJFE-0AA84E6E44ED02D8,1,15:27-16:00,34,15:27-16:00,34,1,1,1,1,conditional_on_point_in_time_nasdaq_listing,1,1
ATRC,2015-02-03,baseline,HEJFE-826F68D9DA88B37C,1,15:28-16:00,33,15:28-16:00,33,1,1,1,1,conditional_on_point_in_time_nasdaq_listing,1,1
CGNX,2015-02-03,baseline,HEJFE-FBA59D82CEE8FD00,1,13:34-14:34,61,13:34-14:39,66,1,1,1,1,conditional_on_point_in_time_nasdaq_listing,1,1
CLD,2015-02-03,baseline,HEJFE-B04F1AF8B6E30A43,1,15:05-16:00,56,15:05-16:00,56,1,1,1,1,conditional_on_point_in_time_nasdaq_listing,1,1
COLM,2015-02-03,baseline,HEJFE-FBFFFD99898188CF,1,14:03-15:03,61,14:03-15:08,66,1,1,1,1,conditional_on_point_in_time_nasdaq_listing,1,1
CRL,2015-02-03,baseline,HEJFE-947F50EBAFBA54DC,1,15:25-16:00,36,15:25-16:00,36,1,1,1,1,conditional_on_point_in_time_nasdaq_listing,1,1
DE,2015-02-03,baseline,HEJFE-A9D220DE2F7E7FC3,1,15:10-16:00,51,15:10-16:00,51,1,1,1,1,conditional_on_point_in_time_nasdaq_listing,1,1
DGI,2015-02-03,baseline,HEJFE-A76C746507C0D9AF,1,15:12-16:00,49,15:12-16:00,49,1,1,1,1,conditional_on_point_in_time_nasdaq_listing,1,1
DXCM,2015-02-03,baseline,HEJFE-99F31DB35F001A44,1,15:14-16:00,47,15:14-16:00,47,1,1,1,1,conditional_on_point_in_time_nasdaq_listing,1,1
FLR,2015-02-03,baseline,HEJFE-1E37362063697486,1,14:36-15:36,61,14:36-15:41,66,1,1,1,1,conditional_on_point_in_time_nasdaq_listing,1,1
GILD,2015-02-03,event,HEJFE-C4D39B22234902F2,1,15:20-16:00,41,15:20-16:00,41,1,1,1,1,conditional_on_point_in_time_nasdaq_listing,1,1
GMCR,2015-02-03,baseline,HEJFE-7482DE1CD44C1A00,1,13:37-14:37,61,13:37-14:42,66,1,1,1,1,conditional_on_point_in_time_nasdaq_listing,1,1
GNRC,2015-02-03,baseline,HEJFE-E342F6A93B35E012,1,15:22-16:00,39,15:22-16:00,39,1,1,1,1,conditional_on_point_in_time_nasdaq_listing,1,1
INWK,2015-02-03,baseline,HEJFE-20EC97300E6205B9,1,13:31-14:31,61,13:31-14:36,66,1,1,1,1,conditional_on_point_in_time_nasdaq_listing,1,1
JWN,2015-02-03,baseline,HEJFE-7ED8DBD4804E4330,1,13:59-14:59,61,13:59-15:04,66,1,1,1,1,conditional_on_point_in_time_nasdaq_listing,1,1
MIC,2015-02-03,baseline,HEJFE-93A7D27EF425EDF0,1,15:28-16:00,33,15:28-16:00,33,1,1,1,1,conditional_on_point_in_time_nasdaq_listing,1,1
NUAN,2015-02-03,baseline,HEJFE-54A5D1D8A5B593C8,1,15:03-16:00,58,15:03-16:00,58,1,1,1,1,conditional_on_point_in_time_nasdaq_listing,1,1
P,2015-02-03,baseline,HEJFE-847F0EFE669B2440,1,15:29-16:00,32,15:29-16:00,32,1,1,1,1,conditional_on_point_in_time_nasdaq_listing,1,1
PLL,2015-02-03,baseline,HEJFE-36433565499915E2,1,14:33-15:33,61,14:33-15:38,66,1,1,1,1,conditional_on_point_in_time_nasdaq_listing,1,1
PNRA,2015-02-03,baseline,HEJFE-4E643D38FFB3016E,1,14:28-15:28,61,14:28-15:33,66,1,1,1,1,conditional_on_point_in_time_nasdaq_listing,1,1
QLIK,2015-02-03,baseline,HEJFE-4080E04F012A7290,1,15:09-16:00,52,15:09-16:00,52,1,1,1,1,conditional_on_point_in_time_nasdaq_listing,1,1
ROG,2015-02-03,baseline,HEJFE-7CEFB3FE3D986464,1,15:14-16:00,47,15:14-16:00,47,1,1,1,1,conditional_on_point_in_time_nasdaq_listing,1,1
THC,2015-02-03,baseline,HEJFE-0273F1BFCD285E7F,1,15:27-16:00,34,15:27-16:00,34,1,1,1,1,conditional_on_point_in_time_nasdaq_listing,1,1
TNGO,2015-02-03,baseline,HEJFE-AF5106891E058D23,1,14:40-15:40,61,14:40-15:45,66,1,1,1,1,conditional_on_point_in_time_nasdaq_listing,1,1
TRAK,2015-02-03,baseline,HEJFE-4D7E68AD113380B3,1,15:11-16:00,50,15:11-16:00,50,1,1,1,1,conditional_on_point_in_time_nasdaq_listing,1,1
TXRH,2015-02-03,baseline,HEJFE-0704950C71CFAFB4,1,14:54-15:54,61,14:54-15:59,66,1,1,1,1,conditional_on_point_in_time_nasdaq_listing,1,1
VEEV,2015-02-03,baseline,HEJFE-EBC49B9A024181AD,1,13:01-14:01,61,13:01-14:06,66,1,1,1,1,conditional_on_point_in_time_nasdaq_listing,1,1
WLL,2015-02-03,baseline,HEJFE-BB62E8864F35DCD0,1,15:24-16:00,37,15:24-16:00,37,1,1,1,1,conditional_on_point_in_time_nasdaq_listing,1,1
WMB,2015-02-03,baseline,HEJFE-1783DE88400AF6CC,1,14:24-15:24,61,14:24-15:29,66,1,1,1,1,conditional_on_point_in_time_nasdaq_listing,1,1
WTS,2015-02-03,baseline,HEJFE-D346C6CFDFB6E581,1,13:49-14:49,61,13:49-14:54,66,1,1,1,1,conditional_on_point_in_time_nasdaq_listing,1,1
ADI,2015-02-04,baseline,HEJFE-D9C52E6CC595C380,1,13:35-14:35,61,13:35-14:40,66,1,1,1,1,conditional_on_point_in_time_nasdaq_listing,1,1
ALNY,2015-02-04,baseline,HEJFE-22BF36BABB9D19D7,1,15:25-16:00,36,15:25-16:00,36,1,1,1,1,conditional_on_point_in_time_nasdaq_listing,1,1
AMSG,2015-02-04,baseline,HEJFE-0AA84E6E44ED02D8,1,15:27-16:00,34,15:27-16:00,34,1,1,1,1,conditional_on_point_in_time_nasdaq_listing,1,1
ATRC,2015-02-04,baseline,HEJFE-826F68D9DA88B37C,1,15:28-16:00,33,15:28-16:00,33,1,1,1,1,conditional_on_point_in_time_nasdaq_listing,1,1
CGNX,2015-02-04,baseline,HEJFE-FBA59D82CEE8FD00,1,13:34-14:34,61,13:34-14:39,66,1,1,1,1,conditional_on_point_in_time_nasdaq_listing,1,1
CLD,2015-02-04,baseline,HEJFE-B04F1AF8B6E30A43,1,15:05-16:00,56,15:05-16:00,56,1,1,1,1,conditional_on_point_in_time_nasdaq_listing,1,1
COLM,2015-02-04,baseline,HEJFE-FBFFFD99898188CF,1,14:03-15:03,61,14:03-15:08,66,1,1,1,1,conditional_on_point_in_time_nasdaq_listing,1,1
CRL,2015-02-04,baseline,HEJFE-947F50EBAFBA54DC,1,15:25-16:00,36,15:25-16:00,36,1,1,1,1,conditional_on_point_in_time_nasdaq_listing,1,1
DE,2015-02-04,baseline,HEJFE-A9D220DE2F7E7FC3,1,15:10-16:00,51,15:10-16:00,51,1,1,1,1,conditional_on_point_in_time_nasdaq_listing,1,1
DGI,2015-02-04,baseline,HEJFE-A76C746507C0D9AF,1,15:12-16:00,49,15:12-16:00,49,1,1,1,1,conditional_on_point_in_time_nasdaq_listing,1,1
DXCM,2015-02-04,baseline,HEJFE-99F31DB35F001A44,1,15:14-16:00,47,15:14-16:00,47,1,1,1,1,conditional_on_point_in_time_nasdaq_listing,1,1
FLR,2015-02-04,baseline,HEJFE-1E37362063697486,1,14:36-15:36,61,14:36-15:41,66,1,1,1,1,conditional_on_point_in_time_nasdaq_listing,1,1
GMCR,2015-02-04,event,HEJFE-7482DE1CD44C1A00,1,13:37-14:37,61,13:37-14:42,66,1,1,1,1,conditional_on_point_in_time_nasdaq_listing,1,1
GNRC,2015-02-04,baseline,HEJFE-E342F6A93B35E012,1,15:22-16:00,39,15:22-16:00,39,1,1,1,1,conditional_on_point_in_time_nasdaq_listing,1,1
INWK,2015-02-04,baseline,HEJFE-20EC97300E6205B9,1,13:31-14:31,61,13:31-14:36,66,1,1,1,1,conditional_on_point_in_time_nasdaq_listing,1,1
JWN,2015-02-04,baseline,HEJFE-7ED8DBD4804E4330,1,13:59-14:59,61,13:59-15:04,66,1,1,1,1,conditional_on_point_in_time_nasdaq_listing,1,1
MIC,2015-02-04,baseline,HEJFE-93A7D27EF425EDF0,1,15:28-16:00,33,15:28-16:00,33,1,1,1,1,conditional_on_point_in_time_nasdaq_listing,1,1
NUAN,2015-02-04,baseline,HEJFE-54A5D1D8A5B593C8,1,15:03-16:00,58,15:03-16:00,58,1,1,1,1,conditional_on_point_in_time_nasdaq_listing,1,1
P,2015-02-04,baseline,HEJFE-847F0EFE669B2440,1,15:29-16:00,32,15:29-16:00,32,1,1,1,1,conditional_on_point_in_time_nasdaq_listing,1,1
PLL,2015-02-04,baseline,HEJFE-36433565499915E2,1,14:33-15:33,61,14:33-15:38,66,1,1,1,1,conditional_on_point_in_time_nasdaq_listing,1,1
PNRA,2015-02-04,baseline,HEJFE-4E643D38FFB3016E,1,14:28-15:28,61,14:28-15:33,66,1,1,1,1,conditional_on_point_in_time_nasdaq_listing,1,1
QLIK,2015-02-04,baseline,HEJFE-4080E04F012A7290,1,15:09-16:00,52,15:09-16:00,52,1,1,1,1,conditional_on_point_in_time_nasdaq_listing,1,1
ROG,2015-02-04,baseline,HEJFE-7CEFB3FE3D986464,1,15:14-16:00,47,15:14-16:00,47,1,1,1,1,conditional_on_point_in_time_nasdaq_listing,1,1
THC,2015-02-04,baseline,HEJFE-0273F1BFCD285E7F,1,15:27-16:00,34,15:27-16:00,34,1,1,1,1,conditional_on_point_in_time_nasdaq_listing,1,1
TNGO,2015-02-04,baseline,HEJFE-AF5106891E058D23,1,14:40-15:40,61,14:40-15:45,66,1,1,1,1,conditional_on_point_in_time_nasdaq_listing,1,1
TRAK,2015-02-04,baseline,HEJFE-4D7E68AD113380B3,1,15:11-16:00,50,15:11-16:00,50,1,1,1,1,conditional_on_point_in_time_nasdaq_listing,1,1
TXRH,2015-02-04,baseline,HEJFE-0704950C71CFAFB4,1,14:54-15:54,61,14:54-15:59,66,1,1,1,1,conditional_on_point_in_time_nasdaq_listing,1,1
VEEV,2015-02-04,baseline,HEJFE-EBC49B9A024181AD,1,13:01-14:01,61,13:01-14:06,66,1,1,1,1,conditional_on_point_in_time_nasdaq_listing,1,1
WLL,2015-02-04,baseline,HEJFE-BB62E8864F35DCD0,1,15:24-16:00,37,15:24-16:00,37,1,1,1,1,conditional_on_point_in_time_nasdaq_listing,1,1
WMB,2015-02-04,baseline,HEJFE-1783DE88400AF6CC,1,14:24-15:24,61,14:24-15:29,66,1,1,1,1,conditional_on_point_in_time_nasdaq_listing,1,1
WTS,2015-02-04,baseline,HEJFE-D346C6CFDFB6E581,1,13:49-14:49,61,13:49-14:54,66,1,1,1,1,conditional_on_point_in_time_nasdaq_listing,1,1
ADI,2015-02-05,baseline,HEJFE-D9C52E6CC595C380,1,13:35-14:35,61,13:35-14:40,66,1,1,1,1,conditional_on_point_in_time_nasdaq_listing,1,1
ALNY,2015-02-05,baseline,HEJFE-22BF36BABB9D19D7,1,15:25-16:00,36,15:25-16:00,36,1,1,1,1,conditional_on_point_in_time_nasdaq_listing,1,1
AMSG,2015-02-05,baseline,HEJFE-0AA84E6E44ED02D8,1,15:27-16:00,34,15:27-16:00,34,1,1,1,1,conditional_on_point_in_time_nasdaq_listing,1,1
ATRC,2015-02-05,baseline,HEJFE-826F68D9DA88B37C,1,15:28-16:00,33,15:28-16:00,33,1,1,1,1,conditional_on_point_in_time_nasdaq_listing,1,1
CGNX,2015-02-05,baseline,HEJFE-FBA59D82CEE8FD00,1,13:34-14:34,61,13:34-14:39,66,1,1,1,1,conditional_on_point_in_time_nasdaq_listing,1,1
CLD,2015-02-05,baseline,HEJFE-B04F1AF8B6E30A43,1,15:05-16:00,56,15:05-16:00,56,1,1,1,1,conditional_on_point_in_time_nasdaq_listing,1,1
COLM,2015-02-05,baseline,HEJFE-FBFFFD99898188CF,1,14:03-15:03,61,14:03-15:08,66,1,1,1,1,conditional_on_point_in_time_nasdaq_listing,1,1
CRL,2015-02-05,baseline,HEJFE-947F50EBAFBA54DC,1,15:25-16:00,36,15:25-16:00,36,1,1,1,1,conditional_on_point_in_time_nasdaq_listing,1,1
DE,2015-02-05,baseline,HEJFE-A9D220DE2F7E7FC3,1,15:10-16:00,51,15:10-16:00,51,1,1,1,1,conditional_on_point_in_time_nasdaq_listing,1,1
DGI,2015-02-05,baseline,HEJFE-A76C746507C0D9AF,1,15:12-16:00,49,15:12-16:00,49,1,1,1,1,conditional_on_point_in_time_nasdaq_listing,1,1
DXCM,2015-02-05,baseline,HEJFE-99F31DB35F001A44,1,15:14-16:00,47,15:14-16:00,47,1,1,1,1,conditional_on_point_in_time_nasdaq_listing,1,1
FLR,2015-02-05,baseline,HEJFE-1E37362063697486,1,14:36-15:36,61,14:36-15:41,66,1,1,1,1,conditional_on_point_in_time_nasdaq_listing,1,1
GNRC,2015-02-05,baseline,HEJFE-E342F6A93B35E012,1,15:22-16:00,39,15:22-16:00,39,1,1,1,1,conditional_on_point_in_time_nasdaq_listing,1,1
INWK,2015-02-05,baseline,HEJFE-20EC97300E6205B9,1,13:31-14:31,61,13:31-14:36,66,1,1,1,1,conditional_on_point_in_time_nasdaq_listing,1,1
JWN,2015-02-05,baseline,HEJFE-7ED8DBD4804E4330,1,13:59-14:59,61,13:59-15:04,66,1,1,1,1,conditional_on_point_in_time_nasdaq_listing,1,1
MIC,2015-02-05,baseline,HEJFE-93A7D27EF425EDF0,1,15:28-16:00,33,15:28-16:00,33,1,1,1,1,conditional_on_point_in_time_nasdaq_listing,1,1
NUAN,2015-02-05,event,HEJFE-54A5D1D8A5B593C8,1,15:03-16:00,58,15:03-16:00,58,1,1,1,1,conditional_on_point_in_time_nasdaq_listing,1,1
P,2015-02-05,event,HEJFE-847F0EFE669B2440,1,15:29-16:00,32,15:29-16:00,32,1,1,1,1,conditional_on_point_in_time_nasdaq_listing,1,1
PLL,2015-02-05,baseline,HEJFE-36433565499915E2,1,14:33-15:33,61,14:33-15:38,66,1,1,1,1,conditional_on_point_in_time_nasdaq_listing,1,1
PNRA,2015-02-05,baseline,HEJFE-4E643D38FFB3016E,1,14:28-15:28,61,14:28-15:33,66,1,1,1,1,conditional_on_point_in_time_nasdaq_listing,1,1
QLIK,2015-02-05,baseline,HEJFE-4080E04F012A7290,1,15:09-16:00,52,15:09-16:00,52,1,1,1,1,conditional_on_point_in_time_nasdaq_listing,1,1
ROG,2015-02-05,baseline,HEJFE-7CEFB3FE3D986464,1,15:14-16:00,47,15:14-16:00,47,1,1,1,1,conditional_on_point_in_time_nasdaq_listing,1,1
THC,2015-02-05,baseline,HEJFE-0273F1BFCD285E7F,1,15:27-16:00,34,15:27-16:00,34,1,1,1,1,conditional_on_point_in_time_nasdaq_listing,1,1
TNGO,2015-02-05,baseline,HEJFE-AF5106891E058D23,1,14:40-15:40,61,14:40-15:45,66,1,1,1,1,conditional_on_point_in_time_nasdaq_listing,1,1
TRAK,2015-02-05,baseline,HEJFE-4D7E68AD113380B3,1,15:11-16:00,50,15:11-16:00,50,1,1,1,1,conditional_on_point_in_time_nasdaq_listing,1,1
TXRH,2015-02-05,baseline,HEJFE-0704950C71CFAFB4,1,14:54-15:54,61,14:54-15:59,66,1,1,1,1,conditional_on_point_in_time_nasdaq_listing,1,1
VEEV,2015-02-05,baseline,HEJFE-EBC49B9A024181AD,1,13:01-14:01,61,13:01-14:06,66,1,1,1,1,conditional_on_point_in_time_nasdaq_listing,1,1
WLL,2015-02-05,baseline,HEJFE-BB62E8864F35DCD0,1,15:24-16:00,37,15:24-16:00,37,1,1,1,1,conditional_on_point_in_time_nasdaq_listing,1,1
WMB,2015-02-05,baseline,HEJFE-1783DE88400AF6CC,1,14:24-15:24,61,14:24-15:29,66,1,1,1,1,conditional_on_point_in_time_nasdaq_listing,1,1
WTS,2015-02-05,baseline,HEJFE-D346C6CFDFB6E581,1,13:49-14:49,61,13:49-14:54,66,1,1,1,1,conditional_on_point_in_time_nasdaq_listing,1,1
ADI,2015-02-06,baseline,HEJFE-D9C52E6CC595C380,1,13:35-14:35,61,13:35-14:40,66,1,1,1,1,conditional_on_point_in_time_nasdaq_listing,1,1
ALNY,2015-02-06,baseline,HEJFE-22BF36BABB9D19D7,1,15:25-16:00,36,15:25-16:00,36,1,1,1,1,conditional_on_point_in_time_nasdaq_listing,1,1
AMSG,2015-02-06,baseline,HEJFE-0AA84E6E44ED02D8,1,15:27-16:00,34,15:27-16:00,34,1,1,1,1,conditional_on_point_in_time_nasdaq_listing,1,1
ATRC,2015-02-06,baseline,HEJFE-826F68D9DA88B37C,1,15:28-16:00,33,15:28-16:00,33,1,1,1,1,conditional_on_point_in_time_nasdaq_listing,1,1
CGNX,2015-02-06,baseline,HEJFE-FBA59D82CEE8FD00,1,13:34-14:34,61,13:34-14:39,66,1,1,1,1,conditional_on_point_in_time_nasdaq_listing,1,1
CLD,2015-02-06,baseline,HEJFE-B04F1AF8B6E30A43,1,15:05-16:00,56,15:05-16:00,56,1,1,1,1,conditional_on_point_in_time_nasdaq_listing,1,1
COLM,2015-02-06,baseline,HEJFE-FBFFFD99898188CF,1,14:03-15:03,61,14:03-15:08,66,1,1,1,1,conditional_on_point_in_time_nasdaq_listing,1,1
CRL,2015-02-06,baseline,HEJFE-947F50EBAFBA54DC,1,15:25-16:00,36,15:25-16:00,36,1,1,1,1,conditional_on_point_in_time_nasdaq_listing,1,1
DE,2015-02-06,baseline,HEJFE-A9D220DE2F7E7FC3,1,15:10-16:00,51,15:10-16:00,51,1,1,1,1,conditional_on_point_in_time_nasdaq_listing,1,1
DGI,2015-02-06,baseline,HEJFE-A76C746507C0D9AF,1,15:12-16:00,49,15:12-16:00,49,1,1,1,1,conditional_on_point_in_time_nasdaq_listing,1,1
DXCM,2015-02-06,baseline,HEJFE-99F31DB35F001A44,1,15:14-16:00,47,15:14-16:00,47,1,1,1,1,conditional_on_point_in_time_nasdaq_listing,1,1
FLR,2015-02-06,baseline,HEJFE-1E37362063697486,1,14:36-15:36,61,14:36-15:41,66,1,1,1,1,conditional_on_point_in_time_nasdaq_listing,1,1
GNRC,2015-02-06,baseline,HEJFE-E342F6A93B35E012,1,15:22-16:00,39,15:22-16:00,39,1,1,1,1,conditional_on_point_in_time_nasdaq_listing,1,1
INWK,2015-02-06,baseline,HEJFE-20EC97300E6205B9,1,13:31-14:31,61,13:31-14:36,66,1,1,1,1,conditional_on_point_in_time_nasdaq_listing,1,1
JWN,2015-02-06,baseline,HEJFE-7ED8DBD4804E4330,1,13:59-14:59,61,13:59-15:04,66,1,1,1,1,conditional_on_point_in_time_nasdaq_listing,1,1
KOPN,2015-02-06,baseline,HEJFE-8415E931D4314106,1,14:28-15:28,61,14:28-15:33,66,1,1,1,1,conditional_on_point_in_time_nasdaq_listing,1,1
MIC,2015-02-06,baseline,HEJFE-93A7D27EF425EDF0,1,15:28-16:00,33,15:28-16:00,33,1,1,1,1,conditional_on_point_in_time_nasdaq_listing,1,1
PAY,2015-02-06,baseline,HEJFE-873A37657E58A8CD,1,14:41-15:41,61,14:41-15:46,66,1,1,1,1,conditional_on_point_in_time_nasdaq_listing,1,1
PLL,2015-02-06,baseline,HEJFE-36433565499915E2,1,14:33-15:33,61,14:33-15:38,66,1,1,1,1,conditional_on_point_in_time_nasdaq_listing,1,1
PNRA,2015-02-06,baseline,HEJFE-4E643D38FFB3016E,1,14:28-15:28,61,14:28-15:33,66,1,1,1,1,conditional_on_point_in_time_nasdaq_listing,1,1
QLIK,2015-02-06,baseline,HEJFE-4080E04F012A7290,1,15:09-16:00,52,15:09-16:00,52,1,1,1,1,conditional_on_point_in_time_nasdaq_listing,1,1
ROG,2015-02-06,baseline,HEJFE-7CEFB3FE3D986464,1,15:14-16:00,47,15:14-16:00,47,1,1,1,1,conditional_on_point_in_time_nasdaq_listing,1,1
THC,2015-02-06,baseline,HEJFE-0273F1BFCD285E7F,1,15:27-16:00,34,15:27-16:00,34,1,1,1,1,conditional_on_point_in_time_nasdaq_listing,1,1
TNGO,2015-02-06,baseline,HEJFE-AF5106891E058D23,1,14:40-15:40,61,14:40-15:45,66,1,1,1,1,conditional_on_point_in_time_nasdaq_listing,1,1
TRAK,2015-02-06,baseline,HEJFE-4D7E68AD113380B3,1,15:11-16:00,50,15:11-16:00,50,1,1,1,1,conditional_on_point_in_time_nasdaq_listing,1,1
TXRH,2015-02-06,baseline,HEJFE-0704950C71CFAFB4,1,14:54-15:54,61,14:54-15:59,66,1,1,1,1,conditional_on_point_in_time_nasdaq_listing,1,1
VEEV,2015-02-06,baseline,HEJFE-EBC49B9A024181AD,1,13:01-14:01,61,13:01-14:06,66,1,1,1,1,conditional_on_point_in_time_nasdaq_listing,1,1
WLL,2015-02-06,baseline,HEJFE-BB62E8864F35DCD0,1,15:24-16:00,37,15:24-16:00,37,1,1,1,1,conditional_on_point_in_time_nasdaq_listing,1,1
WMB,2015-02-06,baseline,HEJFE-1783DE88400AF6CC,1,14:24-15:24,61,14:24-15:29,66,1,1,1,1,conditional_on_point_in_time_nasdaq_listing,1,1
WTS,2015-02-06,baseline,HEJFE-D346C6CFDFB6E581,1,13:49-14:49,61,13:49-14:54,66,1,1,1,1,conditional_on_point_in_time_nasdaq_listing,1,1
ADI,2015-02-09,baseline,HEJFE-D9C52E6CC595C380,1,13:35-14:35,61,13:35-14:40,66,1,1,1,1,conditional_on_point_in_time_nasdaq_listing,1,1
ALNY,2015-02-09,baseline,HEJFE-22BF36BABB9D19D7,1,15:25-16:00,36,15:25-16:00,36,1,1,1,1,conditional_on_point_in_time_nasdaq_listing,1,1
AMSG,2015-02-09,baseline,HEJFE-0AA84E6E44ED02D8,1,15:27-16:00,34,15:27-16:00,34,1,1,1,1,conditional_on_point_in_time_nasdaq_listing,1,1
ATRC,2015-02-09,baseline,HEJFE-826F68D9DA88B37C,1,15:28-16:00,33,15:28-16:00,33,1,1,1,1,conditional_on_point_in_time_nasdaq_listing,1,1
CGNX,2015-02-09,baseline,HEJFE-FBA59D82CEE8FD00,1,13:34-14:34,61,13:34-14:39,66,1,1,1,1,conditional_on_point_in_time_nasdaq_listing,1,1
CLD,2015-02-09,baseline,HEJFE-B04F1AF8B6E30A43,1,15:05-16:00,56,15:05-16:00,56,1,1,1,1,conditional_on_point_in_time_nasdaq_listing,1,1
COLM,2015-02-09,baseline,HEJFE-FBFFFD99898188CF,1,14:03-15:03,61,14:03-15:08,66,1,1,1,1,conditional_on_point_in_time_nasdaq_listing,1,1
CRL,2015-02-09,baseline,HEJFE-947F50EBAFBA54DC,1,15:25-16:00,36,15:25-16:00,36,1,1,1,1,conditional_on_point_in_time_nasdaq_listing,1,1
DE,2015-02-09,baseline,HEJFE-A9D220DE2F7E7FC3,1,15:10-16:00,51,15:10-16:00,51,1,1,1,1,conditional_on_point_in_time_nasdaq_listing,1,1
DGI,2015-02-09,baseline,HEJFE-A76C746507C0D9AF,1,15:12-16:00,49,15:12-16:00,49,1,1,1,1,conditional_on_point_in_time_nasdaq_listing,1,1
DXCM,2015-02-09,baseline,HEJFE-99F31DB35F001A44,1,15:14-16:00,47,15:14-16:00,47,1,1,1,1,conditional_on_point_in_time_nasdaq_listing,1,1
FLR,2015-02-09,baseline,HEJFE-1E37362063697486,1,14:36-15:36,61,14:36-15:41,66,1,1,1,1,conditional_on_point_in_time_nasdaq_listing,1,1
GNRC,2015-02-09,baseline,HEJFE-E342F6A93B35E012,1,15:22-16:00,39,15:22-16:00,39,1,1,1,1,conditional_on_point_in_time_nasdaq_listing,1,1
INWK,2015-02-09,baseline,HEJFE-20EC97300E6205B9,1,13:31-14:31,61,13:31-14:36,66,1,1,1,1,conditional_on_point_in_time_nasdaq_listing,1,1
JWN,2015-02-09,baseline,HEJFE-7ED8DBD4804E4330,1,13:59-14:59,61,13:59-15:04,66,1,1,1,1,conditional_on_point_in_time_nasdaq_listing,1,1
KOPN,2015-02-09,baseline,HEJFE-8415E931D4314106,1,14:28-15:28,61,14:28-15:33,66,1,1,1,1,conditional_on_point_in_time_nasdaq_listing,1,1
MIC,2015-02-09,baseline,HEJFE-93A7D27EF425EDF0,1,15:28-16:00,33,15:28-16:00,33,1,1,1,1,conditional_on_point_in_time_nasdaq_listing,1,1
PAY,2015-02-09,baseline,HEJFE-873A37657E58A8CD,1,14:41-15:41,61,14:41-15:46,66,1,1,1,1,conditional_on_point_in_time_nasdaq_listing,1,1
PLL,2015-02-09,baseline,HEJFE-36433565499915E2,1,14:33-15:33,61,14:33-15:38,66,1,1,1,1,conditional_on_point_in_time_nasdaq_listing,1,1
PNRA,2015-02-09,baseline,HEJFE-4E643D38FFB3016E,1,14:28-15:28,61,14:28-15:33,66,1,1,1,1,conditional_on_point_in_time_nasdaq_listing,1,1
QLIK,2015-02-09,baseline,HEJFE-4080E04F012A7290,1,15:09-16:00,52,15:09-16:00,52,1,1,1,1,conditional_on_point_in_time_nasdaq_listing,1,1
ROG,2015-02-09,baseline,HEJFE-7CEFB3FE3D986464,1,15:14-16:00,47,15:14-16:00,47,1,1,1,1,conditional_on_point_in_time_nasdaq_listing,1,1
THC,2015-02-09,baseline,HEJFE-0273F1BFCD285E7F,1,15:27-16:00,34,15:27-16:00,34,1,1,1,1,conditional_on_point_in_time_nasdaq_listing,1,1
TNGO,2015-02-09,baseline,HEJFE-AF5106891E058D23,1,14:40-15:40,61,14:40-15:45,66,1,1,1,1,conditional_on_point_in_time_nasdaq_listing,1,1
TRAK,2015-02-09,baseline,HEJFE-4D7E68AD113380B3,1,15:11-16:00,50,15:11-16:00,50,1,1,1,1,conditional_on_point_in_time_nasdaq_listing,1,1
TXRH,2015-02-09,baseline,HEJFE-0704950C71CFAFB4,1,14:54-15:54,61,14:54-15:59,66,1,1,1,1,conditional_on_point_in_time_nasdaq_listing,1,1
VEEV,2015-02-09,baseline,HEJFE-EBC49B9A024181AD,1,13:01-14:01,61,13:01-14:06,66,1,1,1,1,conditional_on_point_in_time_nasdaq_listing,1,1
WLL,2015-02-09,baseline,HEJFE-BB62E8864F35DCD0,1,15:24-16:00,37,15:24-16:00,37,1,1,1,1,conditional_on_point_in_time_nasdaq_listing,1,1
WMB,2015-02-09,baseline,HEJFE-1783DE88400AF6CC,1,14:24-15:24,61,14:24-15:29,66,1,1,1,1,conditional_on_point_in_time_nasdaq_listing,1,1
WTS,2015-02-09,baseline,HEJFE-D346C6CFDFB6E581,1,13:49-14:49,61,13:49-14:54,66,1,1,1,1,conditional_on_point_in_time_nasdaq_listing,1,1
ADI,2015-02-10,baseline,HEJFE-D9C52E6CC595C380,1,13:35-14:35,61,13:35-14:40,66,1,1,1,1,conditional_on_point_in_time_nasdaq_listing,1,1
ALNY,2015-02-10,baseline,HEJFE-22BF36BABB9D19D7,1,15:25-16:00,36,15:25-16:00,36,1,1,1,1,conditional_on_point_in_time_nasdaq_listing,1,1
AMSG,2015-02-10,baseline,HEJFE-0AA84E6E44ED02D8,1,15:27-16:00,34,15:27-16:00,34,1,1,1,1,conditional_on_point_in_time_nasdaq_listing,1,1
ATRC,2015-02-10,baseline,HEJFE-826F68D9DA88B37C,1,15:28-16:00,33,15:28-16:00,33,1,1,1,1,conditional_on_point_in_time_nasdaq_listing,1,1
CGNX,2015-02-10,baseline,HEJFE-FBA59D82CEE8FD00,1,13:34-14:34,61,13:34-14:39,66,1,1,1,1,conditional_on_point_in_time_nasdaq_listing,1,1
CLD,2015-02-10,baseline,HEJFE-B04F1AF8B6E30A43,1,15:05-16:00,56,15:05-16:00,56,1,1,1,1,conditional_on_point_in_time_nasdaq_listing,1,1
COLM,2015-02-10,baseline,HEJFE-FBFFFD99898188CF,1,14:03-15:03,61,14:03-15:08,66,1,1,1,1,conditional_on_point_in_time_nasdaq_listing,1,1
CRL,2015-02-10,event,HEJFE-947F50EBAFBA54DC,1,15:25-16:00,36,15:25-16:00,36,1,1,1,1,conditional_on_point_in_time_nasdaq_listing,1,1
DE,2015-02-10,baseline,HEJFE-A9D220DE2F7E7FC3,1,15:10-16:00,51,15:10-16:00,51,1,1,1,1,conditional_on_point_in_time_nasdaq_listing,1,1
DGI,2015-02-10,baseline,HEJFE-A76C746507C0D9AF,1,15:12-16:00,49,15:12-16:00,49,1,1,1,1,conditional_on_point_in_time_nasdaq_listing,1,1
DXCM,2015-02-10,baseline,HEJFE-99F31DB35F001A44,1,15:14-16:00,47,15:14-16:00,47,1,1,1,1,conditional_on_point_in_time_nasdaq_listing,1,1
FLR,2015-02-10,baseline,HEJFE-1E37362063697486,1,14:36-15:36,61,14:36-15:41,66,1,1,1,1,conditional_on_point_in_time_nasdaq_listing,1,1
GNRC,2015-02-10,event,HEJFE-E342F6A93B35E012,1,15:22-16:00,39,15:22-16:00,39,1,1,1,1,conditional_on_point_in_time_nasdaq_listing,1,1
INWK,2015-02-10,baseline,HEJFE-20EC97300E6205B9,1,13:31-14:31,61,13:31-14:36,66,1,1,1,1,conditional_on_point_in_time_nasdaq_listing,1,1
JWN,2015-02-10,baseline,HEJFE-7ED8DBD4804E4330,1,13:59-14:59,61,13:59-15:04,66,1,1,1,1,conditional_on_point_in_time_nasdaq_listing,1,1
KOPN,2015-02-10,baseline,HEJFE-8415E931D4314106,1,14:28-15:28,61,14:28-15:33,66,1,1,1,1,conditional_on_point_in_time_nasdaq_listing,1,1
MIC,2015-02-10,baseline,HEJFE-93A7D27EF425EDF0,1,15:28-16:00,33,15:28-16:00,33,1,1,1,1,conditional_on_point_in_time_nasdaq_listing,1,1
PAY,2015-02-10,baseline,HEJFE-873A37657E58A8CD,1,14:41-15:41,61,14:41-15:46,66,1,1,1,1,conditional_on_point_in_time_nasdaq_listing,1,1
PLL,2015-02-10,baseline,HEJFE-36433565499915E2,1,14:33-15:33,61,14:33-15:38,66,1,1,1,1,conditional_on_point_in_time_nasdaq_listing,1,1
PNRA,2015-02-10,baseline,HEJFE-4E643D38FFB3016E,1,14:28-15:28,61,14:28-15:33,66,1,1,1,1,conditional_on_point_in_time_nasdaq_listing,1,1
QLIK,2015-02-10,baseline,HEJFE-4080E04F012A7290,1,15:09-16:00,52,15:09-16:00,52,1,1,1,1,conditional_on_point_in_time_nasdaq_listing,1,1
ROG,2015-02-10,baseline,HEJFE-7CEFB3FE3D986464,1,15:14-16:00,47,15:14-16:00,47,1,1,1,1,conditional_on_point_in_time_nasdaq_listing,1,1
THC,2015-02-10,baseline,HEJFE-0273F1BFCD285E7F,1,15:27-16:00,34,15:27-16:00,34,1,1,1,1,conditional_on_point_in_time_nasdaq_listing,1,1
TNGO,2015-02-10,baseline,HEJFE-AF5106891E058D23,1,14:40-15:40,61,14:40-15:45,66,1,1,1,1,conditional_on_point_in_time_nasdaq_listing,1,1
TRAK,2015-02-10,baseline,HEJFE-4D7E68AD113380B3,1,15:11-16:00,50,15:11-16:00,50,1,1,1,1,conditional_on_point_in_time_nasdaq_listing,1,1
TXRH,2015-02-10,baseline,HEJFE-0704950C71CFAFB4,1,14:54-15:54,61,14:54-15:59,66,1,1,1,1,conditional_on_point_in_time_nasdaq_listing,1,1
VEEV,2015-02-10,baseline,HEJFE-EBC49B9A024181AD,1,13:01-14:01,61,13:01-14:06,66,1,1,1,1,conditional_on_point_in_time_nasdaq_listing,1,1
WLL,2015-02-10,baseline,HEJFE-BB62E8864F35DCD0,1,15:24-16:00,37,15:24-16:00,37,1,1,1,1,conditional_on_point_in_time_nasdaq_listing,1,1
WMB,2015-02-10,baseline,HEJFE-1783DE88400AF6CC,1,14:24-15:24,61,14:24-15:29,66,1,1,1,1,conditional_on_point_in_time_nasdaq_listing,1,1
WTS,2015-02-10,baseline,HEJFE-D346C6CFDFB6E581,1,13:49-14:49,61,13:49-14:54,66,1,1,1,1,conditional_on_point_in_time_nasdaq_listing,1,1
ADI,2015-02-11,baseline,HEJFE-D9C52E6CC595C380,1,13:35-14:35,61,13:35-14:40,66,1,1,1,1,conditional_on_point_in_time_nasdaq_listing,1,1
ALNY,2015-02-11,baseline,HEJFE-22BF36BABB9D19D7,1,15:25-16:00,36,15:25-16:00,36,1,1,1,1,conditional_on_point_in_time_nasdaq_listing,1,1
AMSG,2015-02-11,baseline,HEJFE-0AA84E6E44ED02D8,1,15:27-16:00,34,15:27-16:00,34,1,1,1,1,conditional_on_point_in_time_nasdaq_listing,1,1
ATRC,2015-02-11,baseline,HEJFE-826F68D9DA88B37C,1,15:28-16:00,33,15:28-16:00,33,1,1,1,1,conditional_on_point_in_time_nasdaq_listing,1,1
CGNX,2015-02-11,baseline,HEJFE-FBA59D82CEE8FD00,1,13:34-14:34,61,13:34-14:39,66,1,1,1,1,conditional_on_point_in_time_nasdaq_listing,1,1
CLD,2015-02-11,baseline,HEJFE-B04F1AF8B6E30A43,1,15:05-16:00,56,15:05-16:00,56,1,1,1,1,conditional_on_point_in_time_nasdaq_listing,1,1
COLM,2015-02-11,baseline,HEJFE-FBFFFD99898188CF,1,14:03-15:03,61,14:03-15:08,66,1,1,1,1,conditional_on_point_in_time_nasdaq_listing,1,1
DE,2015-02-11,baseline,HEJFE-A9D220DE2F7E7FC3,1,15:10-16:00,51,15:10-16:00,51,1,1,1,1,conditional_on_point_in_time_nasdaq_listing,1,1
DGI,2015-02-11,baseline,HEJFE-A76C746507C0D9AF,1,15:12-16:00,49,15:12-16:00,49,1,1,1,1,conditional_on_point_in_time_nasdaq_listing,1,1
DXCM,2015-02-11,baseline,HEJFE-99F31DB35F001A44,1,15:14-16:00,47,15:14-16:00,47,1,1,1,1,conditional_on_point_in_time_nasdaq_listing,1,1
FLR,2015-02-11,baseline,HEJFE-1E37362063697486,1,14:36-15:36,61,14:36-15:41,66,1,1,1,1,conditional_on_point_in_time_nasdaq_listing,1,1
INWK,2015-02-11,baseline,HEJFE-20EC97300E6205B9,1,13:31-14:31,61,13:31-14:36,66,1,1,1,1,conditional_on_point_in_time_nasdaq_listing,1,1
JWN,2015-02-11,baseline,HEJFE-7ED8DBD4804E4330,1,13:59-14:59,61,13:59-15:04,66,1,1,1,1,conditional_on_point_in_time_nasdaq_listing,1,1
KOPN,2015-02-11,baseline,HEJFE-8415E931D4314106,1,14:28-15:28,61,14:28-15:33,66,1,1,1,1,conditional_on_point_in_time_nasdaq_listing,1,1
MIC,2015-02-11,baseline,HEJFE-93A7D27EF425EDF0,1,15:28-16:00,33,15:28-16:00,33,1,1,1,1,conditional_on_point_in_time_nasdaq_listing,1,1
PAY,2015-02-11,baseline,HEJFE-873A37657E58A8CD,1,14:41-15:41,61,14:41-15:46,66,1,1,1,1,conditional_on_point_in_time_nasdaq_listing,1,1
PLL,2015-02-11,baseline,HEJFE-36433565499915E2,1,14:33-15:33,61,14:33-15:38,66,1,1,1,1,conditional_on_point_in_time_nasdaq_listing,1,1
PNRA,2015-02-11,event,HEJFE-4E643D38FFB3016E,1,14:28-15:28,61,14:28-15:33,66,1,1,1,1,conditional_on_point_in_time_nasdaq_listing,1,1
QLIK,2015-02-11,baseline,HEJFE-4080E04F012A7290,1,15:09-16:00,52,15:09-16:00,52,1,1,1,1,conditional_on_point_in_time_nasdaq_listing,1,1
ROG,2015-02-11,baseline,HEJFE-7CEFB3FE3D986464,1,15:14-16:00,47,15:14-16:00,47,1,1,1,1,conditional_on_point_in_time_nasdaq_listing,1,1
THC,2015-02-11,baseline,HEJFE-0273F1BFCD285E7F,1,15:27-16:00,34,15:27-16:00,34,1,1,1,1,conditional_on_point_in_time_nasdaq_listing,1,1
TNGO,2015-02-11,baseline,HEJFE-AF5106891E058D23,1,14:40-15:40,61,14:40-15:45,66,1,1,1,1,conditional_on_point_in_time_nasdaq_listing,1,1
TRAK,2015-02-11,baseline,HEJFE-4D7E68AD113380B3,1,15:11-16:00,50,15:11-16:00,50,1,1,1,1,conditional_on_point_in_time_nasdaq_listing,1,1
TXRH,2015-02-11,baseline,HEJFE-0704950C71CFAFB4,1,14:54-15:54,61,14:54-15:59,66,1,1,1,1,conditional_on_point_in_time_nasdaq_listing,1,1
VEEV,2015-02-11,baseline,HEJFE-EBC49B9A024181AD,1,13:01-14:01,61,13:01-14:06,66,1,1,1,1,conditional_on_point_in_time_nasdaq_listing,1,1
WLL,2015-02-11,baseline,HEJFE-BB62E8864F35DCD0,1,15:24-16:00,37,15:24-16:00,37,1,1,1,1,conditional_on_point_in_time_nasdaq_listing,1,1
WMB,2015-02-11,baseline,HEJFE-1783DE88400AF6CC,1,14:24-15:24,61,14:24-15:29,66,1,1,1,1,conditional_on_point_in_time_nasdaq_listing,1,1
WTS,2015-02-11,baseline,HEJFE-D346C6CFDFB6E581,1,13:49-14:49,61,13:49-14:54,66,1,1,1,1,conditional_on_point_in_time_nasdaq_listing,1,1
ADI,2015-02-12,baseline,HEJFE-D9C52E6CC595C380,1,13:35-14:35,61,13:35-14:40,66,1,1,1,1,conditional_on_point_in_time_nasdaq_listing,1,1
ALNY,2015-02-12,event,HEJFE-22BF36BABB9D19D7,1,15:25-16:00,36,15:25-16:00,36,1,1,1,1,conditional_on_point_in_time_nasdaq_listing,1,1
AMSG,2015-02-12,baseline,HEJFE-0AA84E6E44ED02D8,1,15:27-16:00,34,15:27-16:00,34,1,1,1,1,conditional_on_point_in_time_nasdaq_listing,1,1
ATRC,2015-02-12,baseline,HEJFE-826F68D9DA88B37C,1,15:28-16:00,33,15:28-16:00,33,1,1,1,1,conditional_on_point_in_time_nasdaq_listing,1,1
CGNX,2015-02-12,event,HEJFE-FBA59D82CEE8FD00,1,13:34-14:34,61,13:34-14:39,66,1,1,1,1,conditional_on_point_in_time_nasdaq_listing,1,1
CLD,2015-02-12,baseline,HEJFE-B04F1AF8B6E30A43,1,15:05-16:00,56,15:05-16:00,56,1,1,1,1,conditional_on_point_in_time_nasdaq_listing,1,1
COLM,2015-02-12,event,HEJFE-FBFFFD99898188CF,1,14:03-15:03,61,14:03-15:08,66,1,1,1,1,conditional_on_point_in_time_nasdaq_listing,1,1
DE,2015-02-12,baseline,HEJFE-A9D220DE2F7E7FC3,1,15:10-16:00,51,15:10-16:00,51,1,1,1,1,conditional_on_point_in_time_nasdaq_listing,1,1
DGI,2015-02-12,baseline,HEJFE-A76C746507C0D9AF,1,15:12-16:00,49,15:12-16:00,49,1,1,1,1,conditional_on_point_in_time_nasdaq_listing,1,1
DXCM,2015-02-12,baseline,HEJFE-99F31DB35F001A44,1,15:14-16:00,47,15:14-16:00,47,1,1,1,1,conditional_on_point_in_time_nasdaq_listing,1,1
FLR,2015-02-12,baseline,HEJFE-1E37362063697486,1,14:36-15:36,61,14:36-15:41,66,1,1,1,1,conditional_on_point_in_time_nasdaq_listing,1,1
INWK,2015-02-12,event,HEJFE-20EC97300E6205B9,1,13:31-14:31,61,13:31-14:36,66,1,1,1,1,conditional_on_point_in_time_nasdaq_listing,1,1
JWN,2015-02-12,baseline,HEJFE-7ED8DBD4804E4330,1,13:59-14:59,61,13:59-15:04,66,1,1,1,1,conditional_on_point_in_time_nasdaq_listing,1,1
KOPN,2015-02-12,baseline,HEJFE-8415E931D4314106,1,14:28-15:28,61,14:28-15:33,66,1,1,1,1,conditional_on_point_in_time_nasdaq_listing,1,1
MIC,2015-02-12,baseline,HEJFE-93A7D27EF425EDF0,1,15:28-16:00,33,15:28-16:00,33,1,1,1,1,conditional_on_point_in_time_nasdaq_listing,1,1
PAY,2015-02-12,baseline,HEJFE-873A37657E58A8CD,1,14:41-15:41,61,14:41-15:46,66,1,1,1,1,conditional_on_point_in_time_nasdaq_listing,1,1
PLL,2015-02-12,baseline,HEJFE-36433565499915E2,1,14:33-15:33,61,14:33-15:38,66,1,1,1,1,conditional_on_point_in_time_nasdaq_listing,1,1
QLIK,2015-02-12,event,HEJFE-4080E04F012A7290,1,15:09-16:00,52,15:09-16:00,52,1,1,1,1,conditional_on_point_in_time_nasdaq_listing,1,1
ROG,2015-02-12,baseline,HEJFE-7CEFB3FE3D986464,1,15:14-16:00,47,15:14-16:00,47,1,1,1,1,conditional_on_point_in_time_nasdaq_listing,1,1
THC,2015-02-12,baseline,HEJFE-0273F1BFCD285E7F,1,15:27-16:00,34,15:27-16:00,34,1,1,1,1,conditional_on_point_in_time_nasdaq_listing,1,1
TNGO,2015-02-12,event,HEJFE-AF5106891E058D23,1,14:40-15:40,61,14:40-15:45,66,1,1,1,1,conditional_on_point_in_time_nasdaq_listing,1,1
TRAK,2015-02-12,baseline,HEJFE-4D7E68AD113380B3,1,15:11-16:00,50,15:11-16:00,50,1,1,1,1,conditional_on_point_in_time_nasdaq_listing,1,1
TXRH,2015-02-12,baseline,HEJFE-0704950C71CFAFB4,1,14:54-15:54,61,14:54-15:59,66,1,1,1,1,conditional_on_point_in_time_nasdaq_listing,1,1
VEEV,2015-02-12,baseline,HEJFE-EBC49B9A024181AD,1,13:01-14:01,61,13:01-14:06,66,1,1,1,1,conditional_on_point_in_time_nasdaq_listing,1,1
WLL,2015-02-12,baseline,HEJFE-BB62E8864F35DCD0,1,15:24-16:00,37,15:24-16:00,37,1,1,1,1,conditional_on_point_in_time_nasdaq_listing,1,1
WMB,2015-02-12,baseline,HEJFE-1783DE88400AF6CC,1,14:24-15:24,61,14:24-15:29,66,1,1,1,1,conditional_on_point_in_time_nasdaq_listing,1,1
WTS,2015-02-12,baseline,HEJFE-D346C6CFDFB6E581,1,13:49-14:49,61,13:49-14:54,66,1,1,1,1,conditional_on_point_in_time_nasdaq_listing,1,1
ADI,2015-02-13,baseline,HEJFE-D9C52E6CC595C380,1,13:35-14:35,61,13:35-14:40,66,1,1,1,1,conditional_on_point_in_time_nasdaq_listing,1,1
AMSG,2015-02-13,baseline,HEJFE-0AA84E6E44ED02D8,1,15:27-16:00,34,15:27-16:00,34,1,1,1,1,conditional_on_point_in_time_nasdaq_listing,1,1
ATRC,2015-02-13,baseline,HEJFE-826F68D9DA88B37C,1,15:28-16:00,33,15:28-16:00,33,1,1,1,1,conditional_on_point_in_time_nasdaq_listing,1,1
CLD,2015-02-13,baseline,HEJFE-B04F1AF8B6E30A43,1,15:05-16:00,56,15:05-16:00,56,1,1,1,1,conditional_on_point_in_time_nasdaq_listing,1,1
DE,2015-02-13,baseline,HEJFE-A9D220DE2F7E7FC3,1,15:10-16:00,51,15:10-16:00,51,1,1,1,1,conditional_on_point_in_time_nasdaq_listing,1,1
DGI,2015-02-13,baseline,HEJFE-A76C746507C0D9AF,1,15:12-16:00,49,15:12-16:00,49,1,1,1,1,conditional_on_point_in_time_nasdaq_listing,1,1
DXCM,2015-02-13,baseline,HEJFE-99F31DB35F001A44,1,15:14-16:00,47,15:14-16:00,47,1,1,1,1,conditional_on_point_in_time_nasdaq_listing,1,1
FLR,2015-02-13,baseline,HEJFE-1E37362063697486,1,14:36-15:36,61,14:36-15:41,66,1,1,1,1,conditional_on_point_in_time_nasdaq_listing,1,1
JWN,2015-02-13,baseline,HEJFE-7ED8DBD4804E4330,1,13:59-14:59,61,13:59-15:04,66,1,1,1,1,conditional_on_point_in_time_nasdaq_listing,1,1
KOPN,2015-02-13,baseline,HEJFE-8415E931D4314106,1,14:28-15:28,61,14:28-15:33,66,1,1,1,1,conditional_on_point_in_time_nasdaq_listing,1,1
MIC,2015-02-13,baseline,HEJFE-93A7D27EF425EDF0,1,15:28-16:00,33,15:28-16:00,33,1,1,1,1,conditional_on_point_in_time_nasdaq_listing,1,1
PAY,2015-02-13,baseline,HEJFE-873A37657E58A8CD,1,14:41-15:41,61,14:41-15:46,66,1,1,1,1,conditional_on_point_in_time_nasdaq_listing,1,1
PLL,2015-02-13,baseline,HEJFE-36433565499915E2,1,14:33-15:33,61,14:33-15:38,66,1,1,1,1,conditional_on_point_in_time_nasdaq_listing,1,1
ROG,2015-02-13,baseline,HEJFE-7CEFB3FE3D986464,1,15:14-16:00,47,15:14-16:00,47,1,1,1,1,conditional_on_point_in_time_nasdaq_listing,1,1
THC,2015-02-13,baseline,HEJFE-0273F1BFCD285E7F,1,15:27-16:00,34,15:27-16:00,34,1,1,1,1,conditional_on_point_in_time_nasdaq_listing,1,1
TRAK,2015-02-13,baseline,HEJFE-4D7E68AD113380B3,1,15:11-16:00,50,15:11-16:00,50,1,1,1,1,conditional_on_point_in_time_nasdaq_listing,1,1
TXRH,2015-02-13,baseline,HEJFE-0704950C71CFAFB4,1,14:54-15:54,61,14:54-15:59,66,1,1,1,1,conditional_on_point_in_time_nasdaq_listing,1,1
VEEV,2015-02-13,baseline,HEJFE-EBC49B9A024181AD,1,13:01-14:01,61,13:01-14:06,66,1,1,1,1,conditional_on_point_in_time_nasdaq_listing,1,1
WLL,2015-02-13,baseline,HEJFE-BB62E8864F35DCD0,1,15:24-16:00,37,15:24-16:00,37,1,1,1,1,conditional_on_point_in_time_nasdaq_listing,1,1
WMB,2015-02-13,baseline,HEJFE-1783DE88400AF6CC,1,14:24-15:24,61,14:24-15:29,66,1,1,1,1,conditional_on_point_in_time_nasdaq_listing,1,1
WTS,2015-02-13,baseline,HEJFE-D346C6CFDFB6E581,1,13:49-14:49,61,13:49-14:54,66,1,1,1,1,conditional_on_point_in_time_nasdaq_listing,1,1
ADI,2015-02-17,event,HEJFE-D9C52E6CC595C380,1,13:35-14:35,61,13:35-14:40,66,1,1,1,1,conditional_on_point_in_time_nasdaq_listing,1,1
AMSG,2015-02-17,baseline,HEJFE-0AA84E6E44ED02D8,1,15:27-16:00,34,15:27-16:00,34,1,1,1,1,conditional_on_point_in_time_nasdaq_listing,1,1
ATRC,2015-02-17,baseline,HEJFE-826F68D9DA88B37C,1,15:28-16:00,33,15:28-16:00,33,1,1,1,1,conditional_on_point_in_time_nasdaq_listing,1,1
CLD,2015-02-17,event,HEJFE-B04F1AF8B6E30A43,1,15:05-16:00,56,15:05-16:00,56,1,1,1,1,conditional_on_point_in_time_nasdaq_listing,1,1
DE,2015-02-17,baseline,HEJFE-A9D220DE2F7E7FC3,1,15:10-16:00,51,15:10-16:00,51,1,1,1,1,conditional_on_point_in_time_nasdaq_listing,1,1
DGI,2015-02-17,baseline,HEJFE-A76C746507C0D9AF,1,15:12-16:00,49,15:12-16:00,49,1,1,1,1,conditional_on_point_in_time_nasdaq_listing,1,1
DXCM,2015-02-17,baseline,HEJFE-99F31DB35F001A44,1,15:14-16:00,47,15:14-16:00,47,1,1,1,1,conditional_on_point_in_time_nasdaq_listing,1,1
FLR,2015-02-17,event,HEJFE-1E37362063697486,1,14:36-15:36,61,14:36-15:41,66,1,1,1,1,conditional_on_point_in_time_nasdaq_listing,1,1
JWN,2015-02-17,baseline,HEJFE-7ED8DBD4804E4330,1,13:59-14:59,61,13:59-15:04,66,1,1,1,1,conditional_on_point_in_time_nasdaq_listing,1,1
KOPN,2015-02-17,baseline,HEJFE-8415E931D4314106,1,14:28-15:28,61,14:28-15:33,66,1,1,1,1,conditional_on_point_in_time_nasdaq_listing,1,1
MIC,2015-02-17,baseline,HEJFE-93A7D27EF425EDF0,1,15:28-16:00,33,15:28-16:00,33,1,1,1,1,conditional_on_point_in_time_nasdaq_listing,1,1
PAY,2015-02-17,baseline,HEJFE-873A37657E58A8CD,1,14:41-15:41,61,14:41-15:46,66,1,1,1,1,conditional_on_point_in_time_nasdaq_listing,1,1
PLL,2015-02-17,baseline,HEJFE-36433565499915E2,1,14:33-15:33,61,14:33-15:38,66,1,1,1,1,conditional_on_point_in_time_nasdaq_listing,1,1
ROG,2015-02-17,event,HEJFE-7CEFB3FE3D986464,1,15:14-16:00,47,15:14-16:00,47,1,1,1,1,conditional_on_point_in_time_nasdaq_listing,1,1
THC,2015-02-17,baseline,HEJFE-0273F1BFCD285E7F,1,15:27-16:00,34,15:27-16:00,34,1,1,1,1,conditional_on_point_in_time_nasdaq_listing,1,1
TRAK,2015-02-17,baseline,HEJFE-4D7E68AD113380B3,1,15:11-16:00,50,15:11-16:00,50,1,1,1,1,conditional_on_point_in_time_nasdaq_listing,1,1
TXRH,2015-02-17,baseline,HEJFE-0704950C71CFAFB4,1,14:54-15:54,61,14:54-15:59,66,1,1,1,1,conditional_on_point_in_time_nasdaq_listing,1,1
VEEV,2015-02-17,baseline,HEJFE-EBC49B9A024181AD,1,13:01-14:01,61,13:01-14:06,66,1,1,1,1,conditional_on_point_in_time_nasdaq_listing,1,1
WLL,2015-02-17,baseline,HEJFE-BB62E8864F35DCD0,1,15:24-16:00,37,15:24-16:00,37,1,1,1,1,conditional_on_point_in_time_nasdaq_listing,1,1
WMB,2015-02-17,baseline,HEJFE-1783DE88400AF6CC,1,14:24-15:24,61,14:24-15:29,66,1,1,1,1,conditional_on_point_in_time_nasdaq_listing,1,1
WTS,2015-02-17,event,HEJFE-D346C6CFDFB6E581,1,13:49-14:49,61,13:49-14:54,66,1,1,1,1,conditional_on_point_in_time_nasdaq_listing,1,1
AMSG,2015-02-18,baseline,HEJFE-0AA84E6E44ED02D8,1,15:27-16:00,34,15:27-16:00,34,1,1,1,1,conditional_on_point_in_time_nasdaq_listing,1,1
ATRC,2015-02-18,baseline,HEJFE-826F68D9DA88B37C,1,15:28-16:00,33,15:28-16:00,33,1,1,1,1,conditional_on_point_in_time_nasdaq_listing,1,1
DE,2015-02-18,baseline,HEJFE-A9D220DE2F7E7FC3,1,15:10-16:00,51,15:10-16:00,51,1,1,1,1,conditional_on_point_in_time_nasdaq_listing,1,1
DGI,2015-02-18,baseline,HEJFE-A76C746507C0D9AF,1,15:12-16:00,49,15:12-16:00,49,1,1,1,1,conditional_on_point_in_time_nasdaq_listing,1,1
DXCM,2015-02-18,baseline,HEJFE-99F31DB35F001A44,1,15:14-16:00,47,15:14-16:00,47,1,1,1,1,conditional_on_point_in_time_nasdaq_listing,1,1
JWN,2015-02-18,baseline,HEJFE-7ED8DBD4804E4330,1,13:59-14:59,61,13:59-15:04,66,1,1,1,1,conditional_on_point_in_time_nasdaq_listing,1,1
KOPN,2015-02-18,baseline,HEJFE-8415E931D4314106,1,14:28-15:28,61,14:28-15:33,66,1,1,1,1,conditional_on_point_in_time_nasdaq_listing,1,1
MFRM,2015-02-18,baseline,HEJFE-05DE1473D5D7F7FB,1,15:25-16:00,36,15:25-16:00,36,1,1,1,1,conditional_on_point_in_time_nasdaq_listing,1,1
MIC,2015-02-18,event,HEJFE-93A7D27EF425EDF0,1,15:28-16:00,33,15:28-16:00,33,1,1,1,1,conditional_on_point_in_time_nasdaq_listing,1,1
NKE,2015-02-18,baseline,HEJFE-0BAF70D8CC8F1631,1,15:28-16:00,33,15:28-16:00,33,1,1,1,1,conditional_on_point_in_time_nasdaq_listing,1,1
PAY,2015-02-18,baseline,HEJFE-873A37657E58A8CD,1,14:41-15:41,61,14:41-15:46,66,1,1,1,1,conditional_on_point_in_time_nasdaq_listing,1,1
PLL,2015-02-18,baseline,HEJFE-36433565499915E2,1,14:33-15:33,61,14:33-15:38,66,1,1,1,1,conditional_on_point_in_time_nasdaq_listing,1,1
THC,2015-02-18,baseline,HEJFE-0273F1BFCD285E7F,1,15:27-16:00,34,15:27-16:00,34,1,1,1,1,conditional_on_point_in_time_nasdaq_listing,1,1
TRAK,2015-02-18,baseline,HEJFE-4D7E68AD113380B3,1,15:11-16:00,50,15:11-16:00,50,1,1,1,1,conditional_on_point_in_time_nasdaq_listing,1,1
TXRH,2015-02-18,baseline,HEJFE-0704950C71CFAFB4,1,14:54-15:54,61,14:54-15:59,66,1,1,1,1,conditional_on_point_in_time_nasdaq_listing,1,1
VEEV,2015-02-18,baseline,HEJFE-EBC49B9A024181AD,1,13:01-14:01,61,13:01-14:06,66,1,1,1,1,conditional_on_point_in_time_nasdaq_listing,1,1
WLL,2015-02-18,baseline,HEJFE-BB62E8864F35DCD0,1,15:24-16:00,37,15:24-16:00,37,1,1,1,1,conditional_on_point_in_time_nasdaq_listing,1,1
WMB,2015-02-18,event,HEJFE-1783DE88400AF6CC,1,14:24-15:24,61,14:24-15:29,66,1,1,1,1,conditional_on_point_in_time_nasdaq_listing,1,1
AMSG,2015-02-19,baseline,HEJFE-0AA84E6E44ED02D8,1,15:27-16:00,34,15:27-16:00,34,1,1,1,1,conditional_on_point_in_time_nasdaq_listing,1,1
ATRC,2015-02-19,baseline,HEJFE-826F68D9DA88B37C,1,15:28-16:00,33,15:28-16:00,33,1,1,1,1,conditional_on_point_in_time_nasdaq_listing,1,1
DE,2015-02-19,event,HEJFE-A9D220DE2F7E7FC3,1,15:10-16:00,51,15:10-16:00,51,1,1,1,1,conditional_on_point_in_time_nasdaq_listing,1,1
DGI,2015-02-19,baseline,HEJFE-A76C746507C0D9AF,1,15:12-16:00,49,15:12-16:00,49,1,1,1,1,conditional_on_point_in_time_nasdaq_listing,1,1
DXCM,2015-02-19,baseline,HEJFE-99F31DB35F001A44,1,15:14-16:00,47,15:14-16:00,47,1,1,1,1,conditional_on_point_in_time_nasdaq_listing,1,1
JWN,2015-02-19,event,HEJFE-7ED8DBD4804E4330,1,13:59-14:59,61,13:59-15:04,66,1,1,1,1,conditional_on_point_in_time_nasdaq_listing,1,1
KOPN,2015-02-19,baseline,HEJFE-8415E931D4314106,1,14:28-15:28,61,14:28-15:33,66,1,1,1,1,conditional_on_point_in_time_nasdaq_listing,1,1
MFRM,2015-02-19,baseline,HEJFE-05DE1473D5D7F7FB,1,15:25-16:00,36,15:25-16:00,36,1,1,1,1,conditional_on_point_in_time_nasdaq_listing,1,1
NKE,2015-02-19,baseline,HEJFE-0BAF70D8CC8F1631,1,15:28-16:00,33,15:28-16:00,33,1,1,1,1,conditional_on_point_in_time_nasdaq_listing,1,1
PAY,2015-02-19,baseline,HEJFE-873A37657E58A8CD,1,14:41-15:41,61,14:41-15:46,66,1,1,1,1,conditional_on_point_in_time_nasdaq_listing,1,1
PLL,2015-02-19,baseline,HEJFE-36433565499915E2,1,14:33-15:33,61,14:33-15:38,66,1,1,1,1,conditional_on_point_in_time_nasdaq_listing,1,1
THC,2015-02-19,baseline,HEJFE-0273F1BFCD285E7F,1,15:27-16:00,34,15:27-16:00,34,1,1,1,1,conditional_on_point_in_time_nasdaq_listing,1,1
TRAK,2015-02-19,baseline,HEJFE-4D7E68AD113380B3,1,15:11-16:00,50,15:11-16:00,50,1,1,1,1,conditional_on_point_in_time_nasdaq_listing,1,1
TXRH,2015-02-19,baseline,HEJFE-0704950C71CFAFB4,1,14:54-15:54,61,14:54-15:59,66,1,1,1,1,conditional_on_point_in_time_nasdaq_listing,1,1
VEEV,2015-02-19,baseline,HEJFE-EBC49B9A024181AD,1,13:01-14:01,61,13:01-14:06,66,1,1,1,1,conditional_on_point_in_time_nasdaq_listing,1,1
WLL,2015-02-19,baseline,HEJFE-BB62E8864F35DCD0,1,15:24-16:00,37,15:24-16:00,37,1,1,1,1,conditional_on_point_in_time_nasdaq_listing,1,1
AMSG,2015-02-20,baseline,HEJFE-0AA84E6E44ED02D8,1,15:27-16:00,34,15:27-16:00,34,1,1,1,1,conditional_on_point_in_time_nasdaq_listing,1,1
ATRC,2015-02-20,baseline,HEJFE-826F68D9DA88B37C,1,15:28-16:00,33,15:28-16:00,33,1,1,1,1,conditional_on_point_in_time_nasdaq_listing,1,1
DGI,2015-02-20,baseline,HEJFE-A76C746507C0D9AF,1,15:12-16:00,49,15:12-16:00,49,1,1,1,1,conditional_on_point_in_time_nasdaq_listing,1,1
DXCM,2015-02-20,baseline,HEJFE-99F31DB35F001A44,1,15:14-16:00,47,15:14-16:00,47,1,1,1,1,conditional_on_point_in_time_nasdaq_listing,1,1
KOPN,2015-02-20,baseline,HEJFE-8415E931D4314106,1,14:28-15:28,61,14:28-15:33,66,1,1,1,1,conditional_on_point_in_time_nasdaq_listing,1,1
MFRM,2015-02-20,baseline,HEJFE-05DE1473D5D7F7FB,1,15:25-16:00,36,15:25-16:00,36,1,1,1,1,conditional_on_point_in_time_nasdaq_listing,1,1
NKE,2015-02-20,baseline,HEJFE-0BAF70D8CC8F1631,1,15:28-16:00,33,15:28-16:00,33,1,1,1,1,conditional_on_point_in_time_nasdaq_listing,1,1
PAY,2015-02-20,baseline,HEJFE-873A37657E58A8CD,1,14:41-15:41,61,14:41-15:46,66,1,1,1,1,conditional_on_point_in_time_nasdaq_listing,1,1
PLL,2015-02-20,baseline,HEJFE-36433565499915E2,1,14:33-15:33,61,14:33-15:38,66,1,1,1,1,conditional_on_point_in_time_nasdaq_listing,1,1
THC,2015-02-20,baseline,HEJFE-0273F1BFCD285E7F,1,15:27-16:00,34,15:27-16:00,34,1,1,1,1,conditional_on_point_in_time_nasdaq_listing,1,1
TRAK,2015-02-20,baseline,HEJFE-4D7E68AD113380B3,1,15:11-16:00,50,15:11-16:00,50,1,1,1,1,conditional_on_point_in_time_nasdaq_listing,1,1
TXRH,2015-02-20,baseline,HEJFE-0704950C71CFAFB4,1,14:54-15:54,61,14:54-15:59,66,1,1,1,1,conditional_on_point_in_time_nasdaq_listing,1,1
VEEV,2015-02-20,baseline,HEJFE-EBC49B9A024181AD,1,13:01-14:01,61,13:01-14:06,66,1,1,1,1,conditional_on_point_in_time_nasdaq_listing,1,1
WLL,2015-02-20,baseline,HEJFE-BB62E8864F35DCD0,1,15:24-16:00,37,15:24-16:00,37,1,1,1,1,conditional_on_point_in_time_nasdaq_listing,1,1
AMSG,2015-02-23,baseline,HEJFE-0AA84E6E44ED02D8,1,15:27-16:00,34,15:27-16:00,34,1,1,1,1,conditional_on_point_in_time_nasdaq_listing,1,1
ATRC,2015-02-23,event,HEJFE-826F68D9DA88B37C,1,15:28-16:00,33,15:28-16:00,33,1,1,1,1,conditional_on_point_in_time_nasdaq_listing,1,1
DGI,2015-02-23,baseline,HEJFE-A76C746507C0D9AF,1,15:12-16:00,49,15:12-16:00,49,1,1,1,1,conditional_on_point_in_time_nasdaq_listing,1,1
DXCM,2015-02-23,baseline,HEJFE-99F31DB35F001A44,1,15:14-16:00,47,15:14-16:00,47,1,1,1,1,conditional_on_point_in_time_nasdaq_listing,1,1
KOPN,2015-02-23,baseline,HEJFE-8415E931D4314106,1,14:28-15:28,61,14:28-15:33,66,1,1,1,1,conditional_on_point_in_time_nasdaq_listing,1,1
MFRM,2015-02-23,baseline,HEJFE-05DE1473D5D7F7FB,1,15:25-16:00,36,15:25-16:00,36,1,1,1,1,conditional_on_point_in_time_nasdaq_listing,1,1
NKE,2015-02-23,baseline,HEJFE-0BAF70D8CC8F1631,1,15:28-16:00,33,15:28-16:00,33,1,1,1,1,conditional_on_point_in_time_nasdaq_listing,1,1
PAY,2015-02-23,baseline,HEJFE-873A37657E58A8CD,1,14:41-15:41,61,14:41-15:46,66,1,1,1,1,conditional_on_point_in_time_nasdaq_listing,1,1
PLL,2015-02-23,event,HEJFE-36433565499915E2,1,14:33-15:33,61,14:33-15:38,66,1,1,1,1,conditional_on_point_in_time_nasdaq_listing,1,1
THC,2015-02-23,event,HEJFE-0273F1BFCD285E7F,1,15:27-16:00,34,15:27-16:00,34,1,1,1,1,conditional_on_point_in_time_nasdaq_listing,1,1
TRAK,2015-02-23,event,HEJFE-4D7E68AD113380B3,1,15:11-16:00,50,15:11-16:00,50,1,1,1,1,conditional_on_point_in_time_nasdaq_listing,1,1
TXRH,2015-02-23,event,HEJFE-0704950C71CFAFB4,1,14:54-15:54,61,14:54-15:59,66,1,1,1,1,conditional_on_point_in_time_nasdaq_listing,1,1
VEEV,2015-02-23,baseline,HEJFE-EBC49B9A024181AD,1,13:01-14:01,61,13:01-14:06,66,1,1,1,1,conditional_on_point_in_time_nasdaq_listing,1,1
WLL,2015-02-23,baseline,HEJFE-BB62E8864F35DCD0,1,15:24-16:00,37,15:24-16:00,37,1,1,1,1,conditional_on_point_in_time_nasdaq_listing,1,1
AMSG,2015-02-24,baseline,HEJFE-0AA84E6E44ED02D8,1,15:27-16:00,34,15:27-16:00,34,1,1,1,1,conditional_on_point_in_time_nasdaq_listing,1,1
CAG,2015-02-24,baseline,HEJFE-EDF80619CED083CB,1,14:49-15:49,61,14:49-15:54,66,1,1,1,1,conditional_on_point_in_time_nasdaq_listing,1,1
DGI,2015-02-24,baseline,HEJFE-A76C746507C0D9AF,1,15:12-16:00,49,15:12-16:00,49,1,1,1,1,conditional_on_point_in_time_nasdaq_listing,1,1
DXCM,2015-02-24,baseline,HEJFE-99F31DB35F001A44,1,15:14-16:00,47,15:14-16:00,47,1,1,1,1,conditional_on_point_in_time_nasdaq_listing,1,1
KOPN,2015-02-24,baseline,HEJFE-8415E931D4314106,1,14:28-15:28,61,14:28-15:33,66,1,1,1,1,conditional_on_point_in_time_nasdaq_listing,1,1
MFRM,2015-02-24,baseline,HEJFE-05DE1473D5D7F7FB,1,15:25-16:00,36,15:25-16:00,36,1,1,1,1,conditional_on_point_in_time_nasdaq_listing,1,1
NKE,2015-02-24,baseline,HEJFE-0BAF70D8CC8F1631,1,15:28-16:00,33,15:28-16:00,33,1,1,1,1,conditional_on_point_in_time_nasdaq_listing,1,1
PAY,2015-02-24,baseline,HEJFE-873A37657E58A8CD,1,14:41-15:41,61,14:41-15:46,66,1,1,1,1,conditional_on_point_in_time_nasdaq_listing,1,1
PVH,2015-02-24,baseline,HEJFE-DF726FADF321F8E3,1,14:48-15:48,61,14:48-15:53,66,1,1,1,1,conditional_on_point_in_time_nasdaq_listing,1,1
VEEV,2015-02-24,baseline,HEJFE-EBC49B9A024181AD,1,13:01-14:01,61,13:01-14:06,66,1,1,1,1,conditional_on_point_in_time_nasdaq_listing,1,1
WLL,2015-02-24,baseline,HEJFE-BB62E8864F35DCD0,1,15:24-16:00,37,15:24-16:00,37,1,1,1,1,conditional_on_point_in_time_nasdaq_listing,1,1
AMSG,2015-02-25,event,HEJFE-0AA84E6E44ED02D8,1,15:27-16:00,34,15:27-16:00,34,1,1,1,1,conditional_on_point_in_time_nasdaq_listing,1,1
CAG,2015-02-25,baseline,HEJFE-EDF80619CED083CB,1,14:49-15:49,61,14:49-15:54,66,1,1,1,1,conditional_on_point_in_time_nasdaq_listing,1,1
DGI,2015-02-25,baseline,HEJFE-A76C746507C0D9AF,1,15:12-16:00,49,15:12-16:00,49,1,1,1,1,conditional_on_point_in_time_nasdaq_listing,1,1
DXCM,2015-02-25,event,HEJFE-99F31DB35F001A44,1,15:14-16:00,47,15:14-16:00,47,1,1,1,1,conditional_on_point_in_time_nasdaq_listing,1,1
GME,2015-02-25,baseline,HEJFE-753716A61B8622B0,1,15:12-16:00,49,15:12-16:00,49,1,1,1,1,conditional_on_point_in_time_nasdaq_listing,1,1
KOPN,2015-02-25,baseline,HEJFE-8415E931D4314106,1,14:28-15:28,61,14:28-15:33,66,1,1,1,1,conditional_on_point_in_time_nasdaq_listing,1,1
MFRM,2015-02-25,baseline,HEJFE-05DE1473D5D7F7FB,1,15:25-16:00,36,15:25-16:00,36,1,1,1,1,conditional_on_point_in_time_nasdaq_listing,1,1
NKE,2015-02-25,baseline,HEJFE-0BAF70D8CC8F1631,1,15:28-16:00,33,15:28-16:00,33,1,1,1,1,conditional_on_point_in_time_nasdaq_listing,1,1
PAY,2015-02-25,baseline,HEJFE-873A37657E58A8CD,1,14:41-15:41,61,14:41-15:46,66,1,1,1,1,conditional_on_point_in_time_nasdaq_listing,1,1
PVH,2015-02-25,baseline,HEJFE-DF726FADF321F8E3,1,14:48-15:48,61,14:48-15:53,66,1,1,1,1,conditional_on_point_in_time_nasdaq_listing,1,1
RH,2015-02-25,baseline,HEJFE-9B84208BA575EAC4,1,15:11-16:00,50,15:11-16:00,50,1,1,1,1,conditional_on_point_in_time_nasdaq_listing,1,1
VEEV,2015-02-25,baseline,HEJFE-EBC49B9A024181AD,1,13:01-14:01,61,13:01-14:06,66,1,1,1,1,conditional_on_point_in_time_nasdaq_listing,1,1
WLL,2015-02-25,event,HEJFE-BB62E8864F35DCD0,1,15:24-16:00,37,15:24-16:00,37,1,1,1,1,conditional_on_point_in_time_nasdaq_listing,1,1
CAG,2015-02-26,baseline,HEJFE-EDF80619CED083CB,1,14:49-15:49,61,14:49-15:54,66,1,1,1,1,conditional_on_point_in_time_nasdaq_listing,1,1
DGI,2015-02-26,event,HEJFE-A76C746507C0D9AF,1,15:12-16:00,49,15:12-16:00,49,1,1,1,1,conditional_on_point_in_time_nasdaq_listing,1,1
GME,2015-02-26,baseline,HEJFE-753716A61B8622B0,1,15:12-16:00,49,15:12-16:00,49,1,1,1,1,conditional_on_point_in_time_nasdaq_listing,1,1
KOPN,2015-02-26,baseline,HEJFE-8415E931D4314106,1,14:28-15:28,61,14:28-15:33,66,1,1,1,1,conditional_on_point_in_time_nasdaq_listing,1,1
MFRM,2015-02-26,baseline,HEJFE-05DE1473D5D7F7FB,1,15:25-16:00,36,15:25-16:00,36,1,1,1,1,conditional_on_point_in_time_nasdaq_listing,1,1
NKE,2015-02-26,baseline,HEJFE-0BAF70D8CC8F1631,1,15:28-16:00,33,15:28-16:00,33,1,1,1,1,conditional_on_point_in_time_nasdaq_listing,1,1
PAY,2015-02-26,baseline,HEJFE-873A37657E58A8CD,1,14:41-15:41,61,14:41-15:46,66,1,1,1,1,conditional_on_point_in_time_nasdaq_listing,1,1
PVH,2015-02-26,baseline,HEJFE-DF726FADF321F8E3,1,14:48-15:48,61,14:48-15:53,66,1,1,1,1,conditional_on_point_in_time_nasdaq_listing,1,1
RH,2015-02-26,baseline,HEJFE-9B84208BA575EAC4,1,15:11-16:00,50,15:11-16:00,50,1,1,1,1,conditional_on_point_in_time_nasdaq_listing,1,1
VEEV,2015-02-26,baseline,HEJFE-EBC49B9A024181AD,1,13:01-14:01,61,13:01-14:06,66,1,1,1,1,conditional_on_point_in_time_nasdaq_listing,1,1
CAG,2015-02-27,baseline,HEJFE-EDF80619CED083CB,1,14:49-15:49,61,14:49-15:54,66,1,1,1,1,conditional_on_point_in_time_nasdaq_listing,1,1
GME,2015-02-27,baseline,HEJFE-753716A61B8622B0,1,15:12-16:00,49,15:12-16:00,49,1,1,1,1,conditional_on_point_in_time_nasdaq_listing,1,1
KOPN,2015-02-27,baseline,HEJFE-8415E931D4314106,1,14:28-15:28,61,14:28-15:33,66,1,1,1,1,conditional_on_point_in_time_nasdaq_listing,1,1
MFRM,2015-02-27,baseline,HEJFE-05DE1473D5D7F7FB,1,15:25-16:00,36,15:25-16:00,36,1,1,1,1,conditional_on_point_in_time_nasdaq_listing,1,1
NKE,2015-02-27,baseline,HEJFE-0BAF70D8CC8F1631,1,15:28-16:00,33,15:28-16:00,33,1,1,1,1,conditional_on_point_in_time_nasdaq_listing,1,1
PAY,2015-02-27,baseline,HEJFE-873A37657E58A8CD,1,14:41-15:41,61,14:41-15:46,66,1,1,1,1,conditional_on_point_in_time_nasdaq_listing,1,1
PVH,2015-02-27,baseline,HEJFE-DF726FADF321F8E3,1,14:48-15:48,61,14:48-15:53,66,1,1,1,1,conditional_on_point_in_time_nasdaq_listing,1,1
RH,2015-02-27,baseline,HEJFE-9B84208BA575EAC4,1,15:11-16:00,50,15:11-16:00,50,1,1,1,1,conditional_on_point_in_time_nasdaq_listing,1,1
VEEV,2015-02-27,baseline,HEJFE-EBC49B9A024181AD,1,13:01-14:01,61,13:01-14:06,66,1,1,1,1,conditional_on_point_in_time_nasdaq_listing,1,1
CAG,2015-03-02,baseline,HEJFE-EDF80619CED083CB,1,14:49-15:49,61,14:49-15:54,66,1,1,1,1,conditional_on_point_in_time_nasdaq_listing,1,1
GME,2015-03-02,baseline,HEJFE-753716A61B8622B0,1,15:12-16:00,49,15:12-16:00,49,1,1,1,1,conditional_on_point_in_time_nasdaq_listing,1,1
KOPN,2015-03-02,baseline,HEJFE-8415E931D4314106,1,14:28-15:28,61,14:28-15:33,66,1,1,1,1,conditional_on_point_in_time_nasdaq_listing,1,1
MFRM,2015-03-02,baseline,HEJFE-05DE1473D5D7F7FB,1,15:25-16:00,36,15:25-16:00,36,1,1,1,1,conditional_on_point_in_time_nasdaq_listing,1,1
NKE,2015-03-02,baseline,HEJFE-0BAF70D8CC8F1631,1,15:28-16:00,33,15:28-16:00,33,1,1,1,1,conditional_on_point_in_time_nasdaq_listing,1,1
PAY,2015-03-02,baseline,HEJFE-873A37657E58A8CD,1,14:41-15:41,61,14:41-15:46,66,1,1,1,1,conditional_on_point_in_time_nasdaq_listing,1,1
PVH,2015-03-02,baseline,HEJFE-DF726FADF321F8E3,1,14:48-15:48,61,14:48-15:53,66,1,1,1,1,conditional_on_point_in_time_nasdaq_listing,1,1
RH,2015-03-02,baseline,HEJFE-9B84208BA575EAC4,1,15:11-16:00,50,15:11-16:00,50,1,1,1,1,conditional_on_point_in_time_nasdaq_listing,1,1
SNX,2015-03-02,baseline,HEJFE-238D29A9B584466D,1,15:24-16:00,37,15:24-16:00,37,1,1,1,1,conditional_on_point_in_time_nasdaq_listing,1,1
VEEV,2015-03-02,baseline,HEJFE-EBC49B9A024181AD,1,13:01-14:01,61,13:01-14:06,66,1,1,1,1,conditional_on_point_in_time_nasdaq_listing,1,1
CAG,2015-03-03,baseline,HEJFE-EDF80619CED083CB,1,14:49-15:49,61,14:49-15:54,66,1,1,1,1,conditional_on_point_in_time_nasdaq_listing,1,1
GME,2015-03-03,baseline,HEJFE-753716A61B8622B0,1,15:12-16:00,49,15:12-16:00,49,1,1,1,1,conditional_on_point_in_time_nasdaq_listing,1,1
KOPN,2015-03-03,baseline,HEJFE-8415E931D4314106,1,14:28-15:28,61,14:28-15:33,66,1,1,1,1,conditional_on_point_in_time_nasdaq_listing,1,1
MFRM,2015-03-03,baseline,HEJFE-05DE1473D5D7F7FB,1,15:25-16:00,36,15:25-16:00,36,1,1,1,1,conditional_on_point_in_time_nasdaq_listing,1,1
NKE,2015-03-03,baseline,HEJFE-0BAF70D8CC8F1631,1,15:28-16:00,33,15:28-16:00,33,1,1,1,1,conditional_on_point_in_time_nasdaq_listing,1,1
PAY,2015-03-03,baseline,HEJFE-873A37657E58A8CD,1,14:41-15:41,61,14:41-15:46,66,1,1,1,1,conditional_on_point_in_time_nasdaq_listing,1,1
PVH,2015-03-03,baseline,HEJFE-DF726FADF321F8E3,1,14:48-15:48,61,14:48-15:53,66,1,1,1,1,conditional_on_point_in_time_nasdaq_listing,1,1
RH,2015-03-03,baseline,HEJFE-9B84208BA575EAC4,1,15:11-16:00,50,15:11-16:00,50,1,1,1,1,conditional_on_point_in_time_nasdaq_listing,1,1
SNX,2015-03-03,baseline,HEJFE-238D29A9B584466D,1,15:24-16:00,37,15:24-16:00,37,1,1,1,1,conditional_on_point_in_time_nasdaq_listing,1,1
VEEV,2015-03-03,event,HEJFE-EBC49B9A024181AD,1,13:01-14:01,61,13:01-14:06,66,1,1,1,1,conditional_on_point_in_time_nasdaq_listing,1,1
CAG,2015-03-04,baseline,HEJFE-EDF80619CED083CB,1,14:49-15:49,61,14:49-15:54,66,1,1,1,1,conditional_on_point_in_time_nasdaq_listing,1,1
GME,2015-03-04,baseline,HEJFE-753716A61B8622B0,1,15:12-16:00,49,15:12-16:00,49,1,1,1,1,conditional_on_point_in_time_nasdaq_listing,1,1
KOPN,2015-03-04,baseline,HEJFE-8415E931D4314106,1,14:28-15:28,61,14:28-15:33,66,1,1,1,1,conditional_on_point_in_time_nasdaq_listing,1,1
MFRM,2015-03-04,baseline,HEJFE-05DE1473D5D7F7FB,1,15:25-16:00,36,15:25-16:00,36,1,1,1,1,conditional_on_point_in_time_nasdaq_listing,1,1
NKE,2015-03-04,baseline,HEJFE-0BAF70D8CC8F1631,1,15:28-16:00,33,15:28-16:00,33,1,1,1,1,conditional_on_point_in_time_nasdaq_listing,1,1
PAY,2015-03-04,baseline,HEJFE-873A37657E58A8CD,1,14:41-15:41,61,14:41-15:46,66,1,1,1,1,conditional_on_point_in_time_nasdaq_listing,1,1
PVH,2015-03-04,baseline,HEJFE-DF726FADF321F8E3,1,14:48-15:48,61,14:48-15:53,66,1,1,1,1,conditional_on_point_in_time_nasdaq_listing,1,1
RH,2015-03-04,baseline,HEJFE-9B84208BA575EAC4,1,15:11-16:00,50,15:11-16:00,50,1,1,1,1,conditional_on_point_in_time_nasdaq_listing,1,1
SNX,2015-03-04,baseline,HEJFE-238D29A9B584466D,1,15:24-16:00,37,15:24-16:00,37,1,1,1,1,conditional_on_point_in_time_nasdaq_listing,1,1
CAG,2015-03-05,baseline,HEJFE-EDF80619CED083CB,1,14:49-15:49,61,14:49-15:54,66,1,1,1,1,conditional_on_point_in_time_nasdaq_listing,1,1
GME,2015-03-05,baseline,HEJFE-753716A61B8622B0,1,15:12-16:00,49,15:12-16:00,49,1,1,1,1,conditional_on_point_in_time_nasdaq_listing,1,1
KOPN,2015-03-05,baseline,HEJFE-8415E931D4314106,1,14:28-15:28,61,14:28-15:33,66,1,1,1,1,conditional_on_point_in_time_nasdaq_listing,1,1
MFRM,2015-03-05,baseline,HEJFE-05DE1473D5D7F7FB,1,15:25-16:00,36,15:25-16:00,36,1,1,1,1,conditional_on_point_in_time_nasdaq_listing,1,1
NKE,2015-03-05,baseline,HEJFE-0BAF70D8CC8F1631,1,15:28-16:00,33,15:28-16:00,33,1,1,1,1,conditional_on_point_in_time_nasdaq_listing,1,1
PAY,2015-03-05,baseline,HEJFE-873A37657E58A8CD,1,14:41-15:41,61,14:41-15:46,66,1,1,1,1,conditional_on_point_in_time_nasdaq_listing,1,1
PVH,2015-03-05,baseline,HEJFE-DF726FADF321F8E3,1,14:48-15:48,61,14:48-15:53,66,1,1,1,1,conditional_on_point_in_time_nasdaq_listing,1,1
RH,2015-03-05,baseline,HEJFE-9B84208BA575EAC4,1,15:11-16:00,50,15:11-16:00,50,1,1,1,1,conditional_on_point_in_time_nasdaq_listing,1,1
SNX,2015-03-05,baseline,HEJFE-238D29A9B584466D,1,15:24-16:00,37,15:24-16:00,37,1,1,1,1,conditional_on_point_in_time_nasdaq_listing,1,1
CAG,2015-03-06,baseline,HEJFE-EDF80619CED083CB,1,14:49-15:49,61,14:49-15:54,66,1,1,1,1,conditional_on_point_in_time_nasdaq_listing,1,1
GME,2015-03-06,baseline,HEJFE-753716A61B8622B0,1,15:12-16:00,49,15:12-16:00,49,1,1,1,1,conditional_on_point_in_time_nasdaq_listing,1,1
KOPN,2015-03-06,baseline,HEJFE-8415E931D4314106,1,14:28-15:28,61,14:28-15:33,66,1,1,1,1,conditional_on_point_in_time_nasdaq_listing,1,1
MFRM,2015-03-06,baseline,HEJFE-05DE1473D5D7F7FB,1,15:25-16:00,36,15:25-16:00,36,1,1,1,1,conditional_on_point_in_time_nasdaq_listing,1,1
NKE,2015-03-06,baseline,HEJFE-0BAF70D8CC8F1631,1,15:28-16:00,33,15:28-16:00,33,1,1,1,1,conditional_on_point_in_time_nasdaq_listing,1,1
PAY,2015-03-06,baseline,HEJFE-873A37657E58A8CD,1,14:41-15:41,61,14:41-15:46,66,1,1,1,1,conditional_on_point_in_time_nasdaq_listing,1,1
PVH,2015-03-06,baseline,HEJFE-DF726FADF321F8E3,1,14:48-15:48,61,14:48-15:53,66,1,1,1,1,conditional_on_point_in_time_nasdaq_listing,1,1
RH,2015-03-06,baseline,HEJFE-9B84208BA575EAC4,1,15:11-16:00,50,15:11-16:00,50,1,1,1,1,conditional_on_point_in_time_nasdaq_listing,1,1
SNX,2015-03-06,baseline,HEJFE-238D29A9B584466D,1,15:24-16:00,37,15:24-16:00,37,1,1,1,1,conditional_on_point_in_time_nasdaq_listing,1,1
CAG,2015-03-09,baseline,HEJFE-EDF80619CED083CB,1,14:49-15:49,61,14:49-15:54,66,1,1,1,1,conditional_on_point_in_time_nasdaq_listing,1,1
GME,2015-03-09,baseline,HEJFE-753716A61B8622B0,1,15:12-16:00,49,15:12-16:00,49,1,1,1,1,conditional_on_point_in_time_nasdaq_listing,1,1
KOPN,2015-03-09,baseline,HEJFE-8415E931D4314106,1,14:28-15:28,61,14:28-15:33,66,1,1,1,1,conditional_on_point_in_time_nasdaq_listing,1,1
MFRM,2015-03-09,baseline,HEJFE-05DE1473D5D7F7FB,1,15:25-16:00,36,15:25-16:00,36,1,1,1,1,conditional_on_point_in_time_nasdaq_listing,1,1
NKE,2015-03-09,baseline,HEJFE-0BAF70D8CC8F1631,1,15:28-16:00,33,15:28-16:00,33,1,1,1,1,conditional_on_point_in_time_nasdaq_listing,1,1
PAY,2015-03-09,baseline,HEJFE-873A37657E58A8CD,1,14:41-15:41,61,14:41-15:46,66,1,1,1,1,conditional_on_point_in_time_nasdaq_listing,1,1
PVH,2015-03-09,baseline,HEJFE-DF726FADF321F8E3,1,14:48-15:48,61,14:48-15:53,66,1,1,1,1,conditional_on_point_in_time_nasdaq_listing,1,1
RH,2015-03-09,baseline,HEJFE-9B84208BA575EAC4,1,15:11-16:00,50,15:11-16:00,50,1,1,1,1,conditional_on_point_in_time_nasdaq_listing,1,1
SNX,2015-03-09,baseline,HEJFE-238D29A9B584466D,1,15:24-16:00,37,15:24-16:00,37,1,1,1,1,conditional_on_point_in_time_nasdaq_listing,1,1
CAG,2015-03-10,baseline,HEJFE-EDF80619CED083CB,1,14:49-15:49,61,14:49-15:54,66,1,1,1,1,conditional_on_point_in_time_nasdaq_listing,1,1
GME,2015-03-10,baseline,HEJFE-753716A61B8622B0,1,15:12-16:00,49,15:12-16:00,49,1,1,1,1,conditional_on_point_in_time_nasdaq_listing,1,1
KOPN,2015-03-10,event,HEJFE-8415E931D4314106,1,14:28-15:28,61,14:28-15:33,66,1,1,1,1,conditional_on_point_in_time_nasdaq_listing,1,1
MFRM,2015-03-10,baseline,HEJFE-05DE1473D5D7F7FB,1,15:25-16:00,36,15:25-16:00,36,1,1,1,1,conditional_on_point_in_time_nasdaq_listing,1,1
NKE,2015-03-10,baseline,HEJFE-0BAF70D8CC8F1631,1,15:28-16:00,33,15:28-16:00,33,1,1,1,1,conditional_on_point_in_time_nasdaq_listing,1,1
PAY,2015-03-10,event,HEJFE-873A37657E58A8CD,1,14:41-15:41,61,14:41-15:46,66,1,1,1,1,conditional_on_point_in_time_nasdaq_listing,1,1
PVH,2015-03-10,baseline,HEJFE-DF726FADF321F8E3,1,14:48-15:48,61,14:48-15:53,66,1,1,1,1,conditional_on_point_in_time_nasdaq_listing,1,1
RH,2015-03-10,baseline,HEJFE-9B84208BA575EAC4,1,15:11-16:00,50,15:11-16:00,50,1,1,1,1,conditional_on_point_in_time_nasdaq_listing,1,1
SNX,2015-03-10,baseline,HEJFE-238D29A9B584466D,1,15:24-16:00,37,15:24-16:00,37,1,1,1,1,conditional_on_point_in_time_nasdaq_listing,1,1
CAG,2015-03-11,baseline,HEJFE-EDF80619CED083CB,1,14:49-15:49,61,14:49-15:54,66,1,1,1,1,conditional_on_point_in_time_nasdaq_listing,1,1
GME,2015-03-11,baseline,HEJFE-753716A61B8622B0,1,15:12-16:00,49,15:12-16:00,49,1,1,1,1,conditional_on_point_in_time_nasdaq_listing,1,1
MFRM,2015-03-11,baseline,HEJFE-05DE1473D5D7F7FB,1,15:25-16:00,36,15:25-16:00,36,1,1,1,1,conditional_on_point_in_time_nasdaq_listing,1,1
NKE,2015-03-11,baseline,HEJFE-0BAF70D8CC8F1631,1,15:28-16:00,33,15:28-16:00,33,1,1,1,1,conditional_on_point_in_time_nasdaq_listing,1,1
PVH,2015-03-11,baseline,HEJFE-DF726FADF321F8E3,1,14:48-15:48,61,14:48-15:53,66,1,1,1,1,conditional_on_point_in_time_nasdaq_listing,1,1
RH,2015-03-11,baseline,HEJFE-9B84208BA575EAC4,1,15:11-16:00,50,15:11-16:00,50,1,1,1,1,conditional_on_point_in_time_nasdaq_listing,1,1
SNX,2015-03-11,baseline,HEJFE-238D29A9B584466D,1,15:24-16:00,37,15:24-16:00,37,1,1,1,1,conditional_on_point_in_time_nasdaq_listing,1,1
CAG,2015-03-12,baseline,HEJFE-EDF80619CED083CB,1,14:49-15:49,61,14:49-15:54,66,1,1,1,1,conditional_on_point_in_time_nasdaq_listing,1,1
GME,2015-03-12,baseline,HEJFE-753716A61B8622B0,1,15:12-16:00,49,15:12-16:00,49,1,1,1,1,conditional_on_point_in_time_nasdaq_listing,1,1
MFRM,2015-03-12,baseline,HEJFE-05DE1473D5D7F7FB,1,15:25-16:00,36,15:25-16:00,36,1,1,1,1,conditional_on_point_in_time_nasdaq_listing,1,1
NKE,2015-03-12,baseline,HEJFE-0BAF70D8CC8F1631,1,15:28-16:00,33,15:28-16:00,33,1,1,1,1,conditional_on_point_in_time_nasdaq_listing,1,1
PVH,2015-03-12,baseline,HEJFE-DF726FADF321F8E3,1,14:48-15:48,61,14:48-15:53,66,1,1,1,1,conditional_on_point_in_time_nasdaq_listing,1,1
RH,2015-03-12,baseline,HEJFE-9B84208BA575EAC4,1,15:11-16:00,50,15:11-16:00,50,1,1,1,1,conditional_on_point_in_time_nasdaq_listing,1,1
SNX,2015-03-12,baseline,HEJFE-238D29A9B584466D,1,15:24-16:00,37,15:24-16:00,37,1,1,1,1,conditional_on_point_in_time_nasdaq_listing,1,1
CAG,2015-03-13,baseline,HEJFE-EDF80619CED083CB,1,14:49-15:49,61,14:49-15:54,66,1,1,1,1,conditional_on_point_in_time_nasdaq_listing,1,1
GME,2015-03-13,baseline,HEJFE-753716A61B8622B0,1,15:12-16:00,49,15:12-16:00,49,1,1,1,1,conditional_on_point_in_time_nasdaq_listing,1,1
MFRM,2015-03-13,baseline,HEJFE-05DE1473D5D7F7FB,1,15:25-16:00,36,15:25-16:00,36,1,1,1,1,conditional_on_point_in_time_nasdaq_listing,1,1
NKE,2015-03-13,baseline,HEJFE-0BAF70D8CC8F1631,1,15:28-16:00,33,15:28-16:00,33,1,1,1,1,conditional_on_point_in_time_nasdaq_listing,1,1
PVH,2015-03-13,baseline,HEJFE-DF726FADF321F8E3,1,14:48-15:48,61,14:48-15:53,66,1,1,1,1,conditional_on_point_in_time_nasdaq_listing,1,1
RH,2015-03-13,baseline,HEJFE-9B84208BA575EAC4,1,15:11-16:00,50,15:11-16:00,50,1,1,1,1,conditional_on_point_in_time_nasdaq_listing,1,1
SNX,2015-03-13,baseline,HEJFE-238D29A9B584466D,1,15:24-16:00,37,15:24-16:00,37,1,1,1,1,conditional_on_point_in_time_nasdaq_listing,1,1
CAG,2015-03-16,baseline,HEJFE-EDF80619CED083CB,1,14:49-15:49,61,14:49-15:54,66,1,1,1,1,conditional_on_point_in_time_nasdaq_listing,1,1
GME,2015-03-16,baseline,HEJFE-753716A61B8622B0,1,15:12-16:00,49,15:12-16:00,49,1,1,1,1,conditional_on_point_in_time_nasdaq_listing,1,1
MFRM,2015-03-16,baseline,HEJFE-05DE1473D5D7F7FB,1,15:25-16:00,36,15:25-16:00,36,1,1,1,1,conditional_on_point_in_time_nasdaq_listing,1,1
NKE,2015-03-16,baseline,HEJFE-0BAF70D8CC8F1631,1,15:28-16:00,33,15:28-16:00,33,1,1,1,1,conditional_on_point_in_time_nasdaq_listing,1,1
PVH,2015-03-16,baseline,HEJFE-DF726FADF321F8E3,1,14:48-15:48,61,14:48-15:53,66,1,1,1,1,conditional_on_point_in_time_nasdaq_listing,1,1
RH,2015-03-16,baseline,HEJFE-9B84208BA575EAC4,1,15:11-16:00,50,15:11-16:00,50,1,1,1,1,conditional_on_point_in_time_nasdaq_listing,1,1
SNX,2015-03-16,baseline,HEJFE-238D29A9B584466D,1,15:24-16:00,37,15:24-16:00,37,1,1,1,1,conditional_on_point_in_time_nasdaq_listing,1,1
CAG,2015-03-17,baseline,HEJFE-EDF80619CED083CB,1,14:49-15:49,61,14:49-15:54,66,1,1,1,1,conditional_on_point_in_time_nasdaq_listing,1,1
GME,2015-03-17,baseline,HEJFE-753716A61B8622B0,1,15:12-16:00,49,15:12-16:00,49,1,1,1,1,conditional_on_point_in_time_nasdaq_listing,1,1
MAT,2015-03-17,baseline,HEJFE-263620F13A6443DD,1,14:09-15:09,61,14:09-15:14,66,1,1,1,1,conditional_on_point_in_time_nasdaq_listing,1,1
MFRM,2015-03-17,baseline,HEJFE-05DE1473D5D7F7FB,1,15:25-16:00,36,15:25-16:00,36,1,1,1,1,conditional_on_point_in_time_nasdaq_listing,1,1
NKE,2015-03-17,baseline,HEJFE-0BAF70D8CC8F1631,1,15:28-16:00,33,15:28-16:00,33,1,1,1,1,conditional_on_point_in_time_nasdaq_listing,1,1
NOW,2015-03-17,baseline,HEJFE-47A3794D1C360650,1,14:03-15:03,61,14:03-15:08,66,1,1,1,1,conditional_on_point_in_time_nasdaq_listing,1,1
PVH,2015-03-17,baseline,HEJFE-DF726FADF321F8E3,1,14:48-15:48,61,14:48-15:53,66,1,1,1,1,conditional_on_point_in_time_nasdaq_listing,1,1
RH,2015-03-17,baseline,HEJFE-9B84208BA575EAC4,1,15:11-16:00,50,15:11-16:00,50,1,1,1,1,conditional_on_point_in_time_nasdaq_listing,1,1
SNX,2015-03-17,baseline,HEJFE-238D29A9B584466D,1,15:24-16:00,37,15:24-16:00,37,1,1,1,1,conditional_on_point_in_time_nasdaq_listing,1,1
CAG,2015-03-18,baseline,HEJFE-EDF80619CED083CB,1,14:49-15:49,61,14:49-15:54,66,1,1,1,1,conditional_on_point_in_time_nasdaq_listing,1,1
GME,2015-03-18,baseline,HEJFE-753716A61B8622B0,1,15:12-16:00,49,15:12-16:00,49,1,1,1,1,conditional_on_point_in_time_nasdaq_listing,1,1
MAT,2015-03-18,baseline,HEJFE-263620F13A6443DD,1,14:09-15:09,61,14:09-15:14,66,1,1,1,1,conditional_on_point_in_time_nasdaq_listing,1,1
MFRM,2015-03-18,baseline,HEJFE-05DE1473D5D7F7FB,1,15:25-16:00,36,15:25-16:00,36,1,1,1,1,conditional_on_point_in_time_nasdaq_listing,1,1
NKE,2015-03-18,baseline,HEJFE-0BAF70D8CC8F1631,1,15:28-16:00,33,15:28-16:00,33,1,1,1,1,conditional_on_point_in_time_nasdaq_listing,1,1
NOW,2015-03-18,baseline,HEJFE-47A3794D1C360650,1,14:03-15:03,61,14:03-15:08,66,1,1,1,1,conditional_on_point_in_time_nasdaq_listing,1,1
PVH,2015-03-18,baseline,HEJFE-DF726FADF321F8E3,1,14:48-15:48,61,14:48-15:53,66,1,1,1,1,conditional_on_point_in_time_nasdaq_listing,1,1
RH,2015-03-18,baseline,HEJFE-9B84208BA575EAC4,1,15:11-16:00,50,15:11-16:00,50,1,1,1,1,conditional_on_point_in_time_nasdaq_listing,1,1
SNX,2015-03-18,baseline,HEJFE-238D29A9B584466D,1,15:24-16:00,37,15:24-16:00,37,1,1,1,1,conditional_on_point_in_time_nasdaq_listing,1,1
CAG,2015-03-19,baseline,HEJFE-EDF80619CED083CB,1,14:49-15:49,61,14:49-15:54,66,1,1,1,1,conditional_on_point_in_time_nasdaq_listing,1,1
GME,2015-03-19,baseline,HEJFE-753716A61B8622B0,1,15:12-16:00,49,15:12-16:00,49,1,1,1,1,conditional_on_point_in_time_nasdaq_listing,1,1
MAT,2015-03-19,baseline,HEJFE-263620F13A6443DD,1,14:09-15:09,61,14:09-15:14,66,1,1,1,1,conditional_on_point_in_time_nasdaq_listing,1,1
MFRM,2015-03-19,event,HEJFE-05DE1473D5D7F7FB,1,15:25-16:00,36,15:25-16:00,36,1,1,1,1,conditional_on_point_in_time_nasdaq_listing,1,1
NKE,2015-03-19,event,HEJFE-0BAF70D8CC8F1631,1,15:28-16:00,33,15:28-16:00,33,1,1,1,1,conditional_on_point_in_time_nasdaq_listing,1,1
NOW,2015-03-19,baseline,HEJFE-47A3794D1C360650,1,14:03-15:03,61,14:03-15:08,66,1,1,1,1,conditional_on_point_in_time_nasdaq_listing,1,1
PVH,2015-03-19,baseline,HEJFE-DF726FADF321F8E3,1,14:48-15:48,61,14:48-15:53,66,1,1,1,1,conditional_on_point_in_time_nasdaq_listing,1,1
RH,2015-03-19,baseline,HEJFE-9B84208BA575EAC4,1,15:11-16:00,50,15:11-16:00,50,1,1,1,1,conditional_on_point_in_time_nasdaq_listing,1,1
SNX,2015-03-19,baseline,HEJFE-238D29A9B584466D,1,15:24-16:00,37,15:24-16:00,37,1,1,1,1,conditional_on_point_in_time_nasdaq_listing,1,1
CAG,2015-03-20,baseline,HEJFE-EDF80619CED083CB,1,14:49-15:49,61,14:49-15:54,66,1,1,1,1,conditional_on_point_in_time_nasdaq_listing,1,1
CREE,2015-03-20,baseline,HEJFE-D35C7804C2F5326C,1,14:59-15:59,61,14:59-16:00,62,1,1,1,1,conditional_on_point_in_time_nasdaq_listing,1,1
GME,2015-03-20,baseline,HEJFE-753716A61B8622B0,1,15:12-16:00,49,15:12-16:00,49,1,1,1,1,conditional_on_point_in_time_nasdaq_listing,1,1
ILMN,2015-03-20,baseline,HEJFE-45559DD90D876D39,1,14:18-15:18,61,14:18-15:23,66,1,1,1,1,conditional_on_point_in_time_nasdaq_listing,1,1
MAT,2015-03-20,baseline,HEJFE-263620F13A6443DD,1,14:09-15:09,61,14:09-15:14,66,1,1,1,1,conditional_on_point_in_time_nasdaq_listing,1,1
NOW,2015-03-20,baseline,HEJFE-47A3794D1C360650,1,14:03-15:03,61,14:03-15:08,66,1,1,1,1,conditional_on_point_in_time_nasdaq_listing,1,1
PVH,2015-03-20,baseline,HEJFE-DF726FADF321F8E3,1,14:48-15:48,61,14:48-15:53,66,1,1,1,1,conditional_on_point_in_time_nasdaq_listing,1,1
RH,2015-03-20,baseline,HEJFE-9B84208BA575EAC4,1,15:11-16:00,50,15:11-16:00,50,1,1,1,1,conditional_on_point_in_time_nasdaq_listing,1,1
SNX,2015-03-20,baseline,HEJFE-238D29A9B584466D,1,15:24-16:00,37,15:24-16:00,37,1,1,1,1,conditional_on_point_in_time_nasdaq_listing,1,1
AMP,2015-03-23,baseline,HEJFE-5ED55A2EAC950921,1,14:52-15:52,61,14:52-15:57,66,1,1,1,1,conditional_on_point_in_time_nasdaq_listing,1,1
CAG,2015-03-23,baseline,HEJFE-EDF80619CED083CB,1,14:49-15:49,61,14:49-15:54,66,1,1,1,1,conditional_on_point_in_time_nasdaq_listing,1,1
CAKE,2015-03-23,baseline,HEJFE-760E36DA94752F1E,1,13:52-14:52,61,13:52-14:57,66,1,1,1,1,conditional_on_point_in_time_nasdaq_listing,1,1
COL,2015-03-23,baseline,HEJFE-791693865584F9CB,1,13:59-14:59,61,13:59-15:04,66,1,1,1,1,conditional_on_point_in_time_nasdaq_listing,1,1
CREE,2015-03-23,baseline,HEJFE-D35C7804C2F5326C,1,14:59-15:59,61,14:59-16:00,62,1,1,1,1,conditional_on_point_in_time_nasdaq_listing,1,1
GME,2015-03-23,baseline,HEJFE-753716A61B8622B0,1,15:12-16:00,49,15:12-16:00,49,1,1,1,1,conditional_on_point_in_time_nasdaq_listing,1,1
ILMN,2015-03-23,baseline,HEJFE-45559DD90D876D39,1,14:18-15:18,61,14:18-15:23,66,1,1,1,1,conditional_on_point_in_time_nasdaq_listing,1,1
MAT,2015-03-23,baseline,HEJFE-263620F13A6443DD,1,14:09-15:09,61,14:09-15:14,66,1,1,1,1,conditional_on_point_in_time_nasdaq_listing,1,1
NOW,2015-03-23,baseline,HEJFE-47A3794D1C360650,1,14:03-15:03,61,14:03-15:08,66,1,1,1,1,conditional_on_point_in_time_nasdaq_listing,1,1
PVH,2015-03-23,baseline,HEJFE-DF726FADF321F8E3,1,14:48-15:48,61,14:48-15:53,66,1,1,1,1,conditional_on_point_in_time_nasdaq_listing,1,1
RH,2015-03-23,baseline,HEJFE-9B84208BA575EAC4,1,15:11-16:00,50,15:11-16:00,50,1,1,1,1,conditional_on_point_in_time_nasdaq_listing,1,1
SKX,2015-03-23,baseline,HEJFE-F170013A9B3F85E2,1,14:54-15:54,61,14:54-15:59,66,1,1,1,1,conditional_on_point_in_time_nasdaq_listing,1,1
SNX,2015-03-23,baseline,HEJFE-238D29A9B584466D,1,15:24-16:00,37,15:24-16:00,37,1,1,1,1,conditional_on_point_in_time_nasdaq_listing,1,1
AMP,2015-03-24,baseline,HEJFE-5ED55A2EAC950921,1,14:52-15:52,61,14:52-15:57,66,1,1,1,1,conditional_on_point_in_time_nasdaq_listing,1,1
CAG,2015-03-24,baseline,HEJFE-EDF80619CED083CB,1,14:49-15:49,61,14:49-15:54,66,1,1,1,1,conditional_on_point_in_time_nasdaq_listing,1,1
CAKE,2015-03-24,baseline,HEJFE-760E36DA94752F1E,1,13:52-14:52,61,13:52-14:57,66,1,1,1,1,conditional_on_point_in_time_nasdaq_listing,1,1
COL,2015-03-24,baseline,HEJFE-791693865584F9CB,1,13:59-14:59,61,13:59-15:04,66,1,1,1,1,conditional_on_point_in_time_nasdaq_listing,1,1
CREE,2015-03-24,baseline,HEJFE-D35C7804C2F5326C,1,14:59-15:59,61,14:59-16:00,62,1,1,1,1,conditional_on_point_in_time_nasdaq_listing,1,1
GME,2015-03-24,baseline,HEJFE-753716A61B8622B0,1,15:12-16:00,49,15:12-16:00,49,1,1,1,1,conditional_on_point_in_time_nasdaq_listing,1,1
ILMN,2015-03-24,baseline,HEJFE-45559DD90D876D39,1,14:18-15:18,61,14:18-15:23,66,1,1,1,1,conditional_on_point_in_time_nasdaq_listing,1,1
MAT,2015-03-24,baseline,HEJFE-263620F13A6443DD,1,14:09-15:09,61,14:09-15:14,66,1,1,1,1,conditional_on_point_in_time_nasdaq_listing,1,1
NOW,2015-03-24,baseline,HEJFE-47A3794D1C360650,1,14:03-15:03,61,14:03-15:08,66,1,1,1,1,conditional_on_point_in_time_nasdaq_listing,1,1
PVH,2015-03-24,baseline,HEJFE-DF726FADF321F8E3,1,14:48-15:48,61,14:48-15:53,66,1,1,1,1,conditional_on_point_in_time_nasdaq_listing,1,1
RH,2015-03-24,baseline,HEJFE-9B84208BA575EAC4,1,15:11-16:00,50,15:11-16:00,50,1,1,1,1,conditional_on_point_in_time_nasdaq_listing,1,1
SKX,2015-03-24,baseline,HEJFE-F170013A9B3F85E2,1,14:54-15:54,61,14:54-15:59,66,1,1,1,1,conditional_on_point_in_time_nasdaq_listing,1,1
SNX,2015-03-24,baseline,HEJFE-238D29A9B584466D,1,15:24-16:00,37,15:24-16:00,37,1,1,1,1,conditional_on_point_in_time_nasdaq_listing,1,1
AMP,2015-03-25,baseline,HEJFE-5ED55A2EAC950921,1,14:52-15:52,61,14:52-15:57,66,1,1,1,1,conditional_on_point_in_time_nasdaq_listing,1,1
CAG,2015-03-25,event,HEJFE-EDF80619CED083CB,1,14:49-15:49,61,14:49-15:54,66,1,1,1,1,conditional_on_point_in_time_nasdaq_listing,1,1
CAKE,2015-03-25,baseline,HEJFE-760E36DA94752F1E,1,13:52-14:52,61,13:52-14:57,66,1,1,1,1,conditional_on_point_in_time_nasdaq_listing,1,1
COL,2015-03-25,baseline,HEJFE-791693865584F9CB,1,13:59-14:59,61,13:59-15:04,66,1,1,1,1,conditional_on_point_in_time_nasdaq_listing,1,1
CREE,2015-03-25,baseline,HEJFE-D35C7804C2F5326C,1,14:59-15:59,61,14:59-16:00,62,1,1,1,1,conditional_on_point_in_time_nasdaq_listing,1,1
GME,2015-03-25,baseline,HEJFE-753716A61B8622B0,1,15:12-16:00,49,15:12-16:00,49,1,1,1,1,conditional_on_point_in_time_nasdaq_listing,1,1
ILMN,2015-03-25,baseline,HEJFE-45559DD90D876D39,1,14:18-15:18,61,14:18-15:23,66,1,1,1,1,conditional_on_point_in_time_nasdaq_listing,1,1
MAT,2015-03-25,baseline,HEJFE-263620F13A6443DD,1,14:09-15:09,61,14:09-15:14,66,1,1,1,1,conditional_on_point_in_time_nasdaq_listing,1,1
NOW,2015-03-25,baseline,HEJFE-47A3794D1C360650,1,14:03-15:03,61,14:03-15:08,66,1,1,1,1,conditional_on_point_in_time_nasdaq_listing,1,1
PVH,2015-03-25,event,HEJFE-DF726FADF321F8E3,1,14:48-15:48,61,14:48-15:53,66,1,1,1,1,conditional_on_point_in_time_nasdaq_listing,1,1
RH,2015-03-25,baseline,HEJFE-9B84208BA575EAC4,1,15:11-16:00,50,15:11-16:00,50,1,1,1,1,conditional_on_point_in_time_nasdaq_listing,1,1
SKX,2015-03-25,baseline,HEJFE-F170013A9B3F85E2,1,14:54-15:54,61,14:54-15:59,66,1,1,1,1,conditional_on_point_in_time_nasdaq_listing,1,1
SNX,2015-03-25,baseline,HEJFE-238D29A9B584466D,1,15:24-16:00,37,15:24-16:00,37,1,1,1,1,conditional_on_point_in_time_nasdaq_listing,1,1
ALSN,2015-03-26,baseline,HEJFE-87DDC59E7BB99A84,1,14:47-15:47,61,14:47-15:52,66,1,1,1,1,conditional_on_point_in_time_nasdaq_listing,1,1
AMP,2015-03-26,baseline,HEJFE-5ED55A2EAC950921,1,14:52-15:52,61,14:52-15:57,66,1,1,1,1,conditional_on_point_in_time_nasdaq_listing,1,1
CAKE,2015-03-26,baseline,HEJFE-760E36DA94752F1E,1,13:52-14:52,61,13:52-14:57,66,1,1,1,1,conditional_on_point_in_time_nasdaq_listing,1,1
CMP,2015-03-26,baseline,HEJFE-5408AADD0CBD54E8,1,15:16-16:00,45,15:16-16:00,45,1,1,1,1,conditional_on_point_in_time_nasdaq_listing,1,1
COL,2015-03-26,baseline,HEJFE-791693865584F9CB,1,13:59-14:59,61,13:59-15:04,66,1,1,1,1,conditional_on_point_in_time_nasdaq_listing,1,1
CR,2015-03-26,baseline,HEJFE-E1B57B6A71B06A7F,1,15:09-16:00,52,15:09-16:00,52,1,1,1,1,conditional_on_point_in_time_nasdaq_listing,1,1
CREE,2015-03-26,baseline,HEJFE-D35C7804C2F5326C,1,14:59-15:59,61,14:59-16:00,62,1,1,1,1,conditional_on_point_in_time_nasdaq_listing,1,1
GME,2015-03-26,event,HEJFE-753716A61B8622B0,1,15:12-16:00,49,15:12-16:00,49,1,1,1,1,conditional_on_point_in_time_nasdaq_listing,1,1
ILMN,2015-03-26,baseline,HEJFE-45559DD90D876D39,1,14:18-15:18,61,14:18-15:23,66,1,1,1,1,conditional_on_point_in_time_nasdaq_listing,1,1
MAT,2015-03-26,baseline,HEJFE-263620F13A6443DD,1,14:09-15:09,61,14:09-15:14,66,1,1,1,1,conditional_on_point_in_time_nasdaq_listing,1,1
NOW,2015-03-26,baseline,HEJFE-47A3794D1C360650,1,14:03-15:03,61,14:03-15:08,66,1,1,1,1,conditional_on_point_in_time_nasdaq_listing,1,1
OSK,2015-03-26,baseline,HEJFE-CFA461ED8BCCB889,1,14:59-15:59,61,14:59-16:00,62,1,1,1,1,conditional_on_point_in_time_nasdaq_listing,1,1
RH,2015-03-26,event,HEJFE-9B84208BA575EAC4,1,15:11-16:00,50,15:11-16:00,50,1,1,1,1,conditional_on_point_in_time_nasdaq_listing,1,1
SKX,2015-03-26,baseline,HEJFE-F170013A9B3F85E2,1,14:54-15:54,61,14:54-15:59,66,1,1,1,1,conditional_on_point_in_time_nasdaq_listing,1,1
SNX,2015-03-26,baseline,HEJFE-238D29A9B584466D,1,15:24-16:00,37,15:24-16:00,37,1,1,1,1,conditional_on_point_in_time_nasdaq_listing,1,1
TXT,2015-03-26,baseline,HEJFE-B5A8A297D14CD19D,1,15:04-16:00,57,15:04-16:00,57,1,1,1,1,conditional_on_point_in_time_nasdaq_listing,1,1
ACHC,2015-03-27,baseline,HEJFE-6F0A7632D9B4FFF6,1,14:05-15:05,61,14:05-15:10,66,1,1,1,1,conditional_on_point_in_time_nasdaq_listing,1,1
ALSN,2015-03-27,baseline,HEJFE-87DDC59E7BB99A84,1,14:47-15:47,61,14:47-15:52,66,1,1,1,1,conditional_on_point_in_time_nasdaq_listing,1,1
AMP,2015-03-27,baseline,HEJFE-5ED55A2EAC950921,1,14:52-15:52,61,14:52-15:57,66,1,1,1,1,conditional_on_point_in_time_nasdaq_listing,1,1
CAKE,2015-03-27,baseline,HEJFE-760E36DA94752F1E,1,13:52-14:52,61,13:52-14:57,66,1,1,1,1,conditional_on_point_in_time_nasdaq_listing,1,1
CMP,2015-03-27,baseline,HEJFE-5408AADD0CBD54E8,1,15:16-16:00,45,15:16-16:00,45,1,1,1,1,conditional_on_point_in_time_nasdaq_listing,1,1
COL,2015-03-27,baseline,HEJFE-791693865584F9CB,1,13:59-14:59,61,13:59-15:04,66,1,1,1,1,conditional_on_point_in_time_nasdaq_listing,1,1
CR,2015-03-27,baseline,HEJFE-E1B57B6A71B06A7F,1,15:09-16:00,52,15:09-16:00,52,1,1,1,1,conditional_on_point_in_time_nasdaq_listing,1,1
CREE,2015-03-27,baseline,HEJFE-D35C7804C2F5326C,1,14:59-15:59,61,14:59-16:00,62,1,1,1,1,conditional_on_point_in_time_nasdaq_listing,1,1
ILMN,2015-03-27,baseline,HEJFE-45559DD90D876D39,1,14:18-15:18,61,14:18-15:23,66,1,1,1,1,conditional_on_point_in_time_nasdaq_listing,1,1
MAT,2015-03-27,baseline,HEJFE-263620F13A6443DD,1,14:09-15:09,61,14:09-15:14,66,1,1,1,1,conditional_on_point_in_time_nasdaq_listing,1,1
NATI,2015-03-27,baseline,HEJFE-7F8218B15679F14D,1,13:29-14:29,61,13:29-14:34,66,1,1,1,1,conditional_on_point_in_time_nasdaq_listing,1,1
NOW,2015-03-27,baseline,HEJFE-47A3794D1C360650,1,14:03-15:03,61,14:03-15:08,66,1,1,1,1,conditional_on_point_in_time_nasdaq_listing,1,1
OSK,2015-03-27,baseline,HEJFE-CFA461ED8BCCB889,1,14:59-15:59,61,14:59-16:00,62,1,1,1,1,conditional_on_point_in_time_nasdaq_listing,1,1
SKX,2015-03-27,baseline,HEJFE-F170013A9B3F85E2,1,14:54-15:54,61,14:54-15:59,66,1,1,1,1,conditional_on_point_in_time_nasdaq_listing,1,1
SNX,2015-03-27,baseline,HEJFE-238D29A9B584466D,1,15:24-16:00,37,15:24-16:00,37,1,1,1,1,conditional_on_point_in_time_nasdaq_listing,1,1
TXT,2015-03-27,baseline,HEJFE-B5A8A297D14CD19D,1,15:04-16:00,57,15:04-16:00,57,1,1,1,1,conditional_on_point_in_time_nasdaq_listing,1,1
ACHC,2015-03-30,baseline,HEJFE-6F0A7632D9B4FFF6,1,14:05-15:05,61,14:05-15:10,66,1,1,1,1,conditional_on_point_in_time_nasdaq_listing,1,1
ALSN,2015-03-30,baseline,HEJFE-87DDC59E7BB99A84,1,14:47-15:47,61,14:47-15:52,66,1,1,1,1,conditional_on_point_in_time_nasdaq_listing,1,1
AMP,2015-03-30,baseline,HEJFE-5ED55A2EAC950921,1,14:52-15:52,61,14:52-15:57,66,1,1,1,1,conditional_on_point_in_time_nasdaq_listing,1,1
CACI,2015-03-30,baseline,HEJFE-B9C8B3D0EF3DCB5E,1,14:24-15:24,61,14:24-15:29,66,1,1,1,1,conditional_on_point_in_time_nasdaq_listing,1,1
CAKE,2015-03-30,baseline,HEJFE-760E36DA94752F1E,1,13:52-14:52,61,13:52-14:57,66,1,1,1,1,conditional_on_point_in_time_nasdaq_listing,1,1
CBT,2015-03-30,baseline,HEJFE-9DF82252ED78E41F,1,13:03-14:03,61,13:03-14:08,66,1,1,1,1,conditional_on_point_in_time_nasdaq_listing,1,1
CMP,2015-03-30,baseline,HEJFE-5408AADD0CBD54E8,1,15:16-16:00,45,15:16-16:00,45,1,1,1,1,conditional_on_point_in_time_nasdaq_listing,1,1
COL,2015-03-30,baseline,HEJFE-791693865584F9CB,1,13:59-14:59,61,13:59-15:04,66,1,1,1,1,conditional_on_point_in_time_nasdaq_listing,1,1
CR,2015-03-30,baseline,HEJFE-E1B57B6A71B06A7F,1,15:09-16:00,52,15:09-16:00,52,1,1,1,1,conditional_on_point_in_time_nasdaq_listing,1,1
CREE,2015-03-30,baseline,HEJFE-D35C7804C2F5326C,1,14:59-15:59,61,14:59-16:00,62,1,1,1,1,conditional_on_point_in_time_nasdaq_listing,1,1
ILMN,2015-03-30,baseline,HEJFE-45559DD90D876D39,1,14:18-15:18,61,14:18-15:23,66,1,1,1,1,conditional_on_point_in_time_nasdaq_listing,1,1
MAT,2015-03-30,baseline,HEJFE-263620F13A6443DD,1,14:09-15:09,61,14:09-15:14,66,1,1,1,1,conditional_on_point_in_time_nasdaq_listing,1,1
NATI,2015-03-30,baseline,HEJFE-7F8218B15679F14D,1,13:29-14:29,61,13:29-14:34,66,1,1,1,1,conditional_on_point_in_time_nasdaq_listing,1,1
NOW,2015-03-30,baseline,HEJFE-47A3794D1C360650,1,14:03-15:03,61,14:03-15:08,66,1,1,1,1,conditional_on_point_in_time_nasdaq_listing,1,1
OSK,2015-03-30,baseline,HEJFE-CFA461ED8BCCB889,1,14:59-15:59,61,14:59-16:00,62,1,1,1,1,conditional_on_point_in_time_nasdaq_listing,1,1
PBI,2015-03-30,baseline,HEJFE-4291CBF555CED6A9,1,14:17-15:17,61,14:17-15:22,66,1,1,1,1,conditional_on_point_in_time_nasdaq_listing,1,1
POWI,2015-03-30,baseline,HEJFE-8A0517D50278EAE4,1,14:53-15:53,61,14:53-15:58,66,1,1,1,1,conditional_on_point_in_time_nasdaq_listing,1,1
ROG,2015-03-30,baseline,HEJFE-33FC1D00348D7C59,1,14:59-15:59,61,14:59-16:00,62,1,1,1,1,conditional_on_point_in_time_nasdaq_listing,1,1
SKX,2015-03-30,baseline,HEJFE-F170013A9B3F85E2,1,14:54-15:54,61,14:54-15:59,66,1,1,1,1,conditional_on_point_in_time_nasdaq_listing,1,1
SNX,2015-03-30,baseline,HEJFE-238D29A9B584466D,1,15:24-16:00,37,15:24-16:00,37,1,1,1,1,conditional_on_point_in_time_nasdaq_listing,1,1
TXT,2015-03-30,baseline,HEJFE-B5A8A297D14CD19D,1,15:04-16:00,57,15:04-16:00,57,1,1,1,1,conditional_on_point_in_time_nasdaq_listing,1,1
ACHC,2015-03-31,baseline,HEJFE-6F0A7632D9B4FFF6,1,14:05-15:05,61,14:05-15:10,66,1,1,1,1,conditional_on_point_in_time_nasdaq_listing,1,1
ALSN,2015-03-31,baseline,HEJFE-87DDC59E7BB99A84,1,14:47-15:47,61,14:47-15:52,66,1,1,1,1,conditional_on_point_in_time_nasdaq_listing,1,1
AMP,2015-03-31,baseline,HEJFE-5ED55A2EAC950921,1,14:52-15:52,61,14:52-15:57,66,1,1,1,1,conditional_on_point_in_time_nasdaq_listing,1,1
CACI,2015-03-31,baseline,HEJFE-B9C8B3D0EF3DCB5E,1,14:24-15:24,61,14:24-15:29,66,1,1,1,1,conditional_on_point_in_time_nasdaq_listing,1,1
CAKE,2015-03-31,baseline,HEJFE-760E36DA94752F1E,1,13:52-14:52,61,13:52-14:57,66,1,1,1,1,conditional_on_point_in_time_nasdaq_listing,1,1
CBT,2015-03-31,baseline,HEJFE-9DF82252ED78E41F,1,13:03-14:03,61,13:03-14:08,66,1,1,1,1,conditional_on_point_in_time_nasdaq_listing,1,1
CLD,2015-03-31,baseline,HEJFE-DB1E964E02F5921F,1,15:03-16:00,58,15:03-16:00,58,1,1,1,1,conditional_on_point_in_time_nasdaq_listing,1,1
CMP,2015-03-31,baseline,HEJFE-5408AADD0CBD54E8,1,15:16-16:00,45,15:16-16:00,45,1,1,1,1,conditional_on_point_in_time_nasdaq_listing,1,1
COL,2015-03-31,baseline,HEJFE-791693865584F9CB,1,13:59-14:59,61,13:59-15:04,66,1,1,1,1,conditional_on_point_in_time_nasdaq_listing,1,1
COLM,2015-03-31,baseline,HEJFE-0BCEF81B6C0111FB,1,14:43-15:43,61,14:43-15:48,66,1,1,1,1,conditional_on_point_in_time_nasdaq_listing,1,1
CR,2015-03-31,baseline,HEJFE-E1B57B6A71B06A7F,1,15:09-16:00,52,15:09-16:00,52,1,1,1,1,conditional_on_point_in_time_nasdaq_listing,1,1
CREE,2015-03-31,baseline,HEJFE-D35C7804C2F5326C,1,14:59-15:59,61,14:59-16:00,62,1,1,1,1,conditional_on_point_in_time_nasdaq_listing,1,1
FLT,2015-03-31,baseline,HEJFE-AF58BD8CAE4E8D1C,1,14:58-15:58,61,14:58-16:00,63,1,1,1,1,conditional_on_point_in_time_nasdaq_listing,1,1
ILMN,2015-03-31,baseline,HEJFE-45559DD90D876D39,1,14:18-15:18,61,14:18-15:23,66,1,1,1,1,conditional_on_point_in_time_nasdaq_listing,1,1
INT,2015-03-31,baseline,HEJFE-D51AC412EDF93AA8,1,15:10-16:00,51,15:10-16:00,51,1,1,1,1,conditional_on_point_in_time_nasdaq_listing,1,1
MAT,2015-03-31,baseline,HEJFE-263620F13A6443DD,1,14:09-15:09,61,14:09-15:14,66,1,1,1,1,conditional_on_point_in_time_nasdaq_listing,1,1
NATI,2015-03-31,baseline,HEJFE-7F8218B15679F14D,1,13:29-14:29,61,13:29-14:34,66,1,1,1,1,conditional_on_point_in_time_nasdaq_listing,1,1
NOW,2015-03-31,baseline,HEJFE-47A3794D1C360650,1,14:03-15:03,61,14:03-15:08,66,1,1,1,1,conditional_on_point_in_time_nasdaq_listing,1,1
OSK,2015-03-31,baseline,HEJFE-CFA461ED8BCCB889,1,14:59-15:59,61,14:59-16:00,62,1,1,1,1,conditional_on_point_in_time_nasdaq_listing,1,1
PBI,2015-03-31,baseline,HEJFE-4291CBF555CED6A9,1,14:17-15:17,61,14:17-15:22,66,1,1,1,1,conditional_on_point_in_time_nasdaq_listing,1,1
POWI,2015-03-31,baseline,HEJFE-8A0517D50278EAE4,1,14:53-15:53,61,14:53-15:58,66,1,1,1,1,conditional_on_point_in_time_nasdaq_listing,1,1
ROG,2015-03-31,baseline,HEJFE-33FC1D00348D7C59,1,14:59-15:59,61,14:59-16:00,62,1,1,1,1,conditional_on_point_in_time_nasdaq_listing,1,1
ROVI,2015-03-31,baseline,HEJFE-809E53BB4081FBAE,1,14:18-15:18,61,14:18-15:23,66,1,1,1,1,conditional_on_point_in_time_nasdaq_listing,1,1
SGEN,2015-03-31,baseline,HEJFE-D6AE4ACB99958A73,1,13:48-14:48,61,13:48-14:53,66,1,1,1,1,conditional_on_point_in_time_nasdaq_listing,1,1
SKX,2015-03-31,baseline,HEJFE-F170013A9B3F85E2,1,14:54-15:54,61,14:54-15:59,66,1,1,1,1,conditional_on_point_in_time_nasdaq_listing,1,1
SNX,2015-03-31,event,HEJFE-238D29A9B584466D,1,15:24-16:00,37,15:24-16:00,37,1,1,1,1,conditional_on_point_in_time_nasdaq_listing,1,1
TXT,2015-03-31,baseline,HEJFE-B5A8A297D14CD19D,1,15:04-16:00,57,15:04-16:00,57,1,1,1,1,conditional_on_point_in_time_nasdaq_listing,1,1
ACHC,2015-04-01,baseline,HEJFE-6F0A7632D9B4FFF6,1,14:05-15:05,61,14:05-15:10,66,1,1,1,1,conditional_on_point_in_time_nasdaq_listing,1,1
ALSN,2015-04-01,baseline,HEJFE-87DDC59E7BB99A84,1,14:47-15:47,61,14:47-15:52,66,1,1,1,1,conditional_on_point_in_time_nasdaq_listing,1,1
AMP,2015-04-01,baseline,HEJFE-5ED55A2EAC950921,1,14:52-15:52,61,14:52-15:57,66,1,1,1,1,conditional_on_point_in_time_nasdaq_listing,1,1
CACI,2015-04-01,baseline,HEJFE-B9C8B3D0EF3DCB5E,1,14:24-15:24,61,14:24-15:29,66,1,1,1,1,conditional_on_point_in_time_nasdaq_listing,1,1
CAKE,2015-04-01,baseline,HEJFE-760E36DA94752F1E,1,13:52-14:52,61,13:52-14:57,66,1,1,1,1,conditional_on_point_in_time_nasdaq_listing,1,1
CBT,2015-04-01,baseline,HEJFE-9DF82252ED78E41F,1,13:03-14:03,61,13:03-14:08,66,1,1,1,1,conditional_on_point_in_time_nasdaq_listing,1,1
CLD,2015-04-01,baseline,HEJFE-DB1E964E02F5921F,1,15:03-16:00,58,15:03-16:00,58,1,1,1,1,conditional_on_point_in_time_nasdaq_listing,1,1
CMP,2015-04-01,baseline,HEJFE-5408AADD0CBD54E8,1,15:16-16:00,45,15:16-16:00,45,1,1,1,1,conditional_on_point_in_time_nasdaq_listing,1,1
COL,2015-04-01,baseline,HEJFE-791693865584F9CB,1,13:59-14:59,61,13:59-15:04,66,1,1,1,1,conditional_on_point_in_time_nasdaq_listing,1,1
COLM,2015-04-01,baseline,HEJFE-0BCEF81B6C0111FB,1,14:43-15:43,61,14:43-15:48,66,1,1,1,1,conditional_on_point_in_time_nasdaq_listing,1,1
CR,2015-04-01,baseline,HEJFE-E1B57B6A71B06A7F,1,15:09-16:00,52,15:09-16:00,52,1,1,1,1,conditional_on_point_in_time_nasdaq_listing,1,1
CREE,2015-04-01,baseline,HEJFE-D35C7804C2F5326C,1,14:59-15:59,61,14:59-16:00,62,1,1,1,1,conditional_on_point_in_time_nasdaq_listing,1,1
FLT,2015-04-01,baseline,HEJFE-AF58BD8CAE4E8D1C,1,14:58-15:58,61,14:58-16:00,63,1,1,1,1,conditional_on_point_in_time_nasdaq_listing,1,1
ILMN,2015-04-01,baseline,HEJFE-45559DD90D876D39,1,14:18-15:18,61,14:18-15:23,66,1,1,1,1,conditional_on_point_in_time_nasdaq_listing,1,1
INT,2015-04-01,baseline,HEJFE-D51AC412EDF93AA8,1,15:10-16:00,51,15:10-16:00,51,1,1,1,1,conditional_on_point_in_time_nasdaq_listing,1,1
MAT,2015-04-01,baseline,HEJFE-263620F13A6443DD,1,14:09-15:09,61,14:09-15:14,66,1,1,1,1,conditional_on_point_in_time_nasdaq_listing,1,1
NATI,2015-04-01,baseline,HEJFE-7F8218B15679F14D,1,13:29-14:29,61,13:29-14:34,66,1,1,1,1,conditional_on_point_in_time_nasdaq_listing,1,1
NOW,2015-04-01,baseline,HEJFE-47A3794D1C360650,1,14:03-15:03,61,14:03-15:08,66,1,1,1,1,conditional_on_point_in_time_nasdaq_listing,1,1
OSK,2015-04-01,baseline,HEJFE-CFA461ED8BCCB889,1,14:59-15:59,61,14:59-16:00,62,1,1,1,1,conditional_on_point_in_time_nasdaq_listing,1,1
PBI,2015-04-01,baseline,HEJFE-4291CBF555CED6A9,1,14:17-15:17,61,14:17-15:22,66,1,1,1,1,conditional_on_point_in_time_nasdaq_listing,1,1
POWI,2015-04-01,baseline,HEJFE-8A0517D50278EAE4,1,14:53-15:53,61,14:53-15:58,66,1,1,1,1,conditional_on_point_in_time_nasdaq_listing,1,1
ROG,2015-04-01,baseline,HEJFE-33FC1D00348D7C59,1,14:59-15:59,61,14:59-16:00,62,1,1,1,1,conditional_on_point_in_time_nasdaq_listing,1,1
ROVI,2015-04-01,baseline,HEJFE-809E53BB4081FBAE,1,14:18-15:18,61,14:18-15:23,66,1,1,1,1,conditional_on_point_in_time_nasdaq_listing,1,1
SGEN,2015-04-01,baseline,HEJFE-D6AE4ACB99958A73,1,13:48-14:48,61,13:48-14:53,66,1,1,1,1,conditional_on_point_in_time_nasdaq_listing,1,1
SKX,2015-04-01,baseline,HEJFE-F170013A9B3F85E2,1,14:54-15:54,61,14:54-15:59,66,1,1,1,1,conditional_on_point_in_time_nasdaq_listing,1,1
TXT,2015-04-01,baseline,HEJFE-B5A8A297D14CD19D,1,15:04-16:00,57,15:04-16:00,57,1,1,1,1,conditional_on_point_in_time_nasdaq_listing,1,1
ACHC,2015-04-02,baseline,HEJFE-6F0A7632D9B4FFF6,1,14:05-15:05,61,14:05-15:10,66,1,1,1,1,conditional_on_point_in_time_nasdaq_listing,1,1
ALSN,2015-04-02,baseline,HEJFE-87DDC59E7BB99A84,1,14:47-15:47,61,14:47-15:52,66,1,1,1,1,conditional_on_point_in_time_nasdaq_listing,1,1
AMP,2015-04-02,baseline,HEJFE-5ED55A2EAC950921,1,14:52-15:52,61,14:52-15:57,66,1,1,1,1,conditional_on_point_in_time_nasdaq_listing,1,1
CACI,2015-04-02,baseline,HEJFE-B9C8B3D0EF3DCB5E,1,14:24-15:24,61,14:24-15:29,66,1,1,1,1,conditional_on_point_in_time_nasdaq_listing,1,1
CAKE,2015-04-02,baseline,HEJFE-760E36DA94752F1E,1,13:52-14:52,61,13:52-14:57,66,1,1,1,1,conditional_on_point_in_time_nasdaq_listing,1,1
CBT,2015-04-02,baseline,HEJFE-9DF82252ED78E41F,1,13:03-14:03,61,13:03-14:08,66,1,1,1,1,conditional_on_point_in_time_nasdaq_listing,1,1
CGNX,2015-04-02,baseline,HEJFE-8EAA8616B1750B40,1,14:39-15:39,61,14:39-15:44,66,1,1,1,1,conditional_on_point_in_time_nasdaq_listing,1,1
CLD,2015-04-02,baseline,HEJFE-DB1E964E02F5921F,1,15:03-16:00,58,15:03-16:00,58,1,1,1,1,conditional_on_point_in_time_nasdaq_listing,1,1
CMP,2015-04-02,baseline,HEJFE-5408AADD0CBD54E8,1,15:16-16:00,45,15:16-16:00,45,1,1,1,1,conditional_on_point_in_time_nasdaq_listing,1,1
COL,2015-04-02,baseline,HEJFE-791693865584F9CB,1,13:59-14:59,61,13:59-15:04,66,1,1,1,1,conditional_on_point_in_time_nasdaq_listing,1,1
COLM,2015-04-02,baseline,HEJFE-0BCEF81B6C0111FB,1,14:43-15:43,61,14:43-15:48,66,1,1,1,1,conditional_on_point_in_time_nasdaq_listing,1,1
CR,2015-04-02,baseline,HEJFE-E1B57B6A71B06A7F,1,15:09-16:00,52,15:09-16:00,52,1,1,1,1,conditional_on_point_in_time_nasdaq_listing,1,1
CREE,2015-04-02,baseline,HEJFE-D35C7804C2F5326C,1,14:59-15:59,61,14:59-16:00,62,1,1,1,1,conditional_on_point_in_time_nasdaq_listing,1,1
FLT,2015-04-02,baseline,HEJFE-AF58BD8CAE4E8D1C,1,14:58-15:58,61,14:58-16:00,63,1,1,1,1,conditional_on_point_in_time_nasdaq_listing,1,1
IDTI,2015-04-02,baseline,HEJFE-EFFA194386ABDD28,1,15:10-16:00,51,15:10-16:00,51,1,1,1,1,conditional_on_point_in_time_nasdaq_listing,1,1
ILMN,2015-04-02,baseline,HEJFE-45559DD90D876D39,1,14:18-15:18,61,14:18-15:23,66,1,1,1,1,conditional_on_point_in_time_nasdaq_listing,1,1
INT,2015-04-02,baseline,HEJFE-D51AC412EDF93AA8,1,15:10-16:00,51,15:10-16:00,51,1,1,1,1,conditional_on_point_in_time_nasdaq_listing,1,1
MAT,2015-04-02,baseline,HEJFE-263620F13A6443DD,1,14:09-15:09,61,14:09-15:14,66,1,1,1,1,conditional_on_point_in_time_nasdaq_listing,1,1
MDU,2015-04-02,baseline,HEJFE-977FEBE8CA3CFCB6,1,15:27-16:00,34,15:27-16:00,34,1,1,1,1,conditional_on_point_in_time_nasdaq_listing,1,1
NATI,2015-04-02,baseline,HEJFE-7F8218B15679F14D,1,13:29-14:29,61,13:29-14:34,66,1,1,1,1,conditional_on_point_in_time_nasdaq_listing,1,1
NOW,2015-04-02,baseline,HEJFE-47A3794D1C360650,1,14:03-15:03,61,14:03-15:08,66,1,1,1,1,conditional_on_point_in_time_nasdaq_listing,1,1
OSK,2015-04-02,baseline,HEJFE-CFA461ED8BCCB889,1,14:59-15:59,61,14:59-16:00,62,1,1,1,1,conditional_on_point_in_time_nasdaq_listing,1,1
PBI,2015-04-02,baseline,HEJFE-4291CBF555CED6A9,1,14:17-15:17,61,14:17-15:22,66,1,1,1,1,conditional_on_point_in_time_nasdaq_listing,1,1
POWI,2015-04-02,baseline,HEJFE-8A0517D50278EAE4,1,14:53-15:53,61,14:53-15:58,66,1,1,1,1,conditional_on_point_in_time_nasdaq_listing,1,1
ROG,2015-04-02,baseline,HEJFE-33FC1D00348D7C59,1,14:59-15:59,61,14:59-16:00,62,1,1,1,1,conditional_on_point_in_time_nasdaq_listing,1,1
ROVI,2015-04-02,baseline,HEJFE-809E53BB4081FBAE,1,14:18-15:18,61,14:18-15:23,66,1,1,1,1,conditional_on_point_in_time_nasdaq_listing,1,1
SGEN,2015-04-02,baseline,HEJFE-D6AE4ACB99958A73,1,13:48-14:48,61,13:48-14:53,66,1,1,1,1,conditional_on_point_in_time_nasdaq_listing,1,1
SKX,2015-04-02,baseline,HEJFE-F170013A9B3F85E2,1,14:54-15:54,61,14:54-15:59,66,1,1,1,1,conditional_on_point_in_time_nasdaq_listing,1,1
THC,2015-04-02,baseline,HEJFE-6C4EA140AD75FFE2,1,15:18-16:00,43,15:18-16:00,43,1,1,1,1,conditional_on_point_in_time_nasdaq_listing,1,1
TW,2015-04-02,baseline,HEJFE-5D222F0F8E0C77D0,1,15:17-16:00,44,15:17-16:00,44,1,1,1,1,conditional_on_point_in_time_nasdaq_listing,1,1
TXT,2015-04-02,baseline,HEJFE-B5A8A297D14CD19D,1,15:04-16:00,57,15:04-16:00,57,1,1,1,1,conditional_on_point_in_time_nasdaq_listing,1,1
ACHC,2015-04-06,baseline,HEJFE-6F0A7632D9B4FFF6,1,14:05-15:05,61,14:05-15:10,66,1,1,1,1,conditional_on_point_in_time_nasdaq_listing,1,1
ALSN,2015-04-06,baseline,HEJFE-87DDC59E7BB99A84,1,14:47-15:47,61,14:47-15:52,66,1,1,1,1,conditional_on_point_in_time_nasdaq_listing,1,1
AMP,2015-04-06,baseline,HEJFE-5ED55A2EAC950921,1,14:52-15:52,61,14:52-15:57,66,1,1,1,1,conditional_on_point_in_time_nasdaq_listing,1,1
CACI,2015-04-06,baseline,HEJFE-B9C8B3D0EF3DCB5E,1,14:24-15:24,61,14:24-15:29,66,1,1,1,1,conditional_on_point_in_time_nasdaq_listing,1,1
CAKE,2015-04-06,baseline,HEJFE-760E36DA94752F1E,1,13:52-14:52,61,13:52-14:57,66,1,1,1,1,conditional_on_point_in_time_nasdaq_listing,1,1
CBT,2015-04-06,baseline,HEJFE-9DF82252ED78E41F,1,13:03-14:03,61,13:03-14:08,66,1,1,1,1,conditional_on_point_in_time_nasdaq_listing,1,1
CGNX,2015-04-06,baseline,HEJFE-8EAA8616B1750B40,1,14:39-15:39,61,14:39-15:44,66,1,1,1,1,conditional_on_point_in_time_nasdaq_listing,1,1
CLD,2015-04-06,baseline,HEJFE-DB1E964E02F5921F,1,15:03-16:00,58,15:03-16:00,58,1,1,1,1,conditional_on_point_in_time_nasdaq_listing,1,1
CMP,2015-04-06,baseline,HEJFE-5408AADD0CBD54E8,1,15:16-16:00,45,15:16-16:00,45,1,1,1,1,conditional_on_point_in_time_nasdaq_listing,1,1
COL,2015-04-06,baseline,HEJFE-791693865584F9CB,1,13:59-14:59,61,13:59-15:04,66,1,1,1,1,conditional_on_point_in_time_nasdaq_listing,1,1
COLM,2015-04-06,baseline,HEJFE-0BCEF81B6C0111FB,1,14:43-15:43,61,14:43-15:48,66,1,1,1,1,conditional_on_point_in_time_nasdaq_listing,1,1
CR,2015-04-06,baseline,HEJFE-E1B57B6A71B06A7F,1,15:09-16:00,52,15:09-16:00,52,1,1,1,1,conditional_on_point_in_time_nasdaq_listing,1,1
CREE,2015-04-06,baseline,HEJFE-D35C7804C2F5326C,1,14:59-15:59,61,14:59-16:00,62,1,1,1,1,conditional_on_point_in_time_nasdaq_listing,1,1
FLT,2015-04-06,baseline,HEJFE-AF58BD8CAE4E8D1C,1,14:58-15:58,61,14:58-16:00,63,1,1,1,1,conditional_on_point_in_time_nasdaq_listing,1,1
IDTI,2015-04-06,baseline,HEJFE-EFFA194386ABDD28,1,15:10-16:00,51,15:10-16:00,51,1,1,1,1,conditional_on_point_in_time_nasdaq_listing,1,1
ILMN,2015-04-06,baseline,HEJFE-45559DD90D876D39,1,14:18-15:18,61,14:18-15:23,66,1,1,1,1,conditional_on_point_in_time_nasdaq_listing,1,1
INT,2015-04-06,baseline,HEJFE-D51AC412EDF93AA8,1,15:10-16:00,51,15:10-16:00,51,1,1,1,1,conditional_on_point_in_time_nasdaq_listing,1,1
MAT,2015-04-06,baseline,HEJFE-263620F13A6443DD,1,14:09-15:09,61,14:09-15:14,66,1,1,1,1,conditional_on_point_in_time_nasdaq_listing,1,1
MDU,2015-04-06,baseline,HEJFE-977FEBE8CA3CFCB6,1,15:27-16:00,34,15:27-16:00,34,1,1,1,1,conditional_on_point_in_time_nasdaq_listing,1,1
NATI,2015-04-06,baseline,HEJFE-7F8218B15679F14D,1,13:29-14:29,61,13:29-14:34,66,1,1,1,1,conditional_on_point_in_time_nasdaq_listing,1,1
NOW,2015-04-06,baseline,HEJFE-47A3794D1C360650,1,14:03-15:03,61,14:03-15:08,66,1,1,1,1,conditional_on_point_in_time_nasdaq_listing,1,1
OSK,2015-04-06,baseline,HEJFE-CFA461ED8BCCB889,1,14:59-15:59,61,14:59-16:00,62,1,1,1,1,conditional_on_point_in_time_nasdaq_listing,1,1
PBI,2015-04-06,baseline,HEJFE-4291CBF555CED6A9,1,14:17-15:17,61,14:17-15:22,66,1,1,1,1,conditional_on_point_in_time_nasdaq_listing,1,1
POWI,2015-04-06,baseline,HEJFE-8A0517D50278EAE4,1,14:53-15:53,61,14:53-15:58,66,1,1,1,1,conditional_on_point_in_time_nasdaq_listing,1,1
ROG,2015-04-06,baseline,HEJFE-33FC1D00348D7C59,1,14:59-15:59,61,14:59-16:00,62,1,1,1,1,conditional_on_point_in_time_nasdaq_listing,1,1
ROVI,2015-04-06,baseline,HEJFE-809E53BB4081FBAE,1,14:18-15:18,61,14:18-15:23,66,1,1,1,1,conditional_on_point_in_time_nasdaq_listing,1,1
SGEN,2015-04-06,baseline,HEJFE-D6AE4ACB99958A73,1,13:48-14:48,61,13:48-14:53,66,1,1,1,1,conditional_on_point_in_time_nasdaq_listing,1,1
SKX,2015-04-06,baseline,HEJFE-F170013A9B3F85E2,1,14:54-15:54,61,14:54-15:59,66,1,1,1,1,conditional_on_point_in_time_nasdaq_listing,1,1
SM,2015-04-06,baseline,HEJFE-5B6F87699FF5093E,1,14:38-15:38,61,14:38-15:43,66,1,1,1,1,conditional_on_point_in_time_nasdaq_listing,1,1
THC,2015-04-06,baseline,HEJFE-6C4EA140AD75FFE2,1,15:18-16:00,43,15:18-16:00,43,1,1,1,1,conditional_on_point_in_time_nasdaq_listing,1,1
TW,2015-04-06,baseline,HEJFE-5D222F0F8E0C77D0,1,15:17-16:00,44,15:17-16:00,44,1,1,1,1,conditional_on_point_in_time_nasdaq_listing,1,1
TXT,2015-04-06,baseline,HEJFE-B5A8A297D14CD19D,1,15:04-16:00,57,15:04-16:00,57,1,1,1,1,conditional_on_point_in_time_nasdaq_listing,1,1
ACHC,2015-04-07,baseline,HEJFE-6F0A7632D9B4FFF6,1,14:05-15:05,61,14:05-15:10,66,1,1,1,1,conditional_on_point_in_time_nasdaq_listing,1,1
ALSN,2015-04-07,baseline,HEJFE-87DDC59E7BB99A84,1,14:47-15:47,61,14:47-15:52,66,1,1,1,1,conditional_on_point_in_time_nasdaq_listing,1,1
AMP,2015-04-07,baseline,HEJFE-5ED55A2EAC950921,1,14:52-15:52,61,14:52-15:57,66,1,1,1,1,conditional_on_point_in_time_nasdaq_listing,1,1
BRKR,2015-04-07,baseline,HEJFE-3046057647A0FC5C,1,15:00-16:00,61,15:00-16:00,61,1,1,1,1,conditional_on_point_in_time_nasdaq_listing,1,1
CACI,2015-04-07,baseline,HEJFE-B9C8B3D0EF3DCB5E,1,14:24-15:24,61,14:24-15:29,66,1,1,1,1,conditional_on_point_in_time_nasdaq_listing,1,1
CAKE,2015-04-07,baseline,HEJFE-760E36DA94752F1E,1,13:52-14:52,61,13:52-14:57,66,1,1,1,1,conditional_on_point_in_time_nasdaq_listing,1,1
CBT,2015-04-07,baseline,HEJFE-9DF82252ED78E41F,1,13:03-14:03,61,13:03-14:08,66,1,1,1,1,conditional_on_point_in_time_nasdaq_listing,1,1
CGNX,2015-04-07,baseline,HEJFE-8EAA8616B1750B40,1,14:39-15:39,61,14:39-15:44,66,1,1,1,1,conditional_on_point_in_time_nasdaq_listing,1,1
CLD,2015-04-07,baseline,HEJFE-DB1E964E02F5921F,1,15:03-16:00,58,15:03-16:00,58,1,1,1,1,conditional_on_point_in_time_nasdaq_listing,1,1
CMP,2015-04-07,baseline,HEJFE-5408AADD0CBD54E8,1,15:16-16:00,45,15:16-16:00,45,1,1,1,1,conditional_on_point_in_time_nasdaq_listing,1,1
COL,2015-04-07,baseline,HEJFE-791693865584F9CB,1,13:59-14:59,61,13:59-15:04,66,1,1,1,1,conditional_on_point_in_time_nasdaq_listing,1,1
COLM,2015-04-07,baseline,HEJFE-0BCEF81B6C0111FB,1,14:43-15:43,61,14:43-15:48,66,1,1,1,1,conditional_on_point_in_time_nasdaq_listing,1,1
CR,2015-04-07,baseline,HEJFE-E1B57B6A71B06A7F,1,15:09-16:00,52,15:09-16:00,52,1,1,1,1,conditional_on_point_in_time_nasdaq_listing,1,1
CREE,2015-04-07,baseline,HEJFE-D35C7804C2F5326C,1,14:59-15:59,61,14:59-16:00,62,1,1,1,1,conditional_on_point_in_time_nasdaq_listing,1,1
CSOD,2015-04-07,baseline,HEJFE-5E9AD5C9AD67944D,1,14:59-15:59,61,14:59-16:00,62,1,1,1,1,conditional_on_point_in_time_nasdaq_listing,1,1
DYN,2015-04-07,baseline,HEJFE-E28050410A1480C6,1,13:54-14:54,61,13:54-14:59,66,1,1,1,1,conditional_on_point_in_time_nasdaq_listing,1,1
FLT,2015-04-07,baseline,HEJFE-AF58BD8CAE4E8D1C,1,14:58-15:58,61,14:58-16:00,63,1,1,1,1,conditional_on_point_in_time_nasdaq_listing,1,1
IDTI,2015-04-07,baseline,HEJFE-EFFA194386ABDD28,1,15:10-16:00,51,15:10-16:00,51,1,1,1,1,conditional_on_point_in_time_nasdaq_listing,1,1
ILMN,2015-04-07,baseline,HEJFE-45559DD90D876D39,1,14:18-15:18,61,14:18-15:23,66,1,1,1,1,conditional_on_point_in_time_nasdaq_listing,1,1
INT,2015-04-07,baseline,HEJFE-D51AC412EDF93AA8,1,15:10-16:00,51,15:10-16:00,51,1,1,1,1,conditional_on_point_in_time_nasdaq_listing,1,1
MAT,2015-04-07,baseline,HEJFE-263620F13A6443DD,1,14:09-15:09,61,14:09-15:14,66,1,1,1,1,conditional_on_point_in_time_nasdaq_listing,1,1
MDU,2015-04-07,baseline,HEJFE-977FEBE8CA3CFCB6,1,15:27-16:00,34,15:27-16:00,34,1,1,1,1,conditional_on_point_in_time_nasdaq_listing,1,1
NATI,2015-04-07,baseline,HEJFE-7F8218B15679F14D,1,13:29-14:29,61,13:29-14:34,66,1,1,1,1,conditional_on_point_in_time_nasdaq_listing,1,1
NOW,2015-04-07,baseline,HEJFE-47A3794D1C360650,1,14:03-15:03,61,14:03-15:08,66,1,1,1,1,conditional_on_point_in_time_nasdaq_listing,1,1
OSK,2015-04-07,baseline,HEJFE-CFA461ED8BCCB889,1,14:59-15:59,61,14:59-16:00,62,1,1,1,1,conditional_on_point_in_time_nasdaq_listing,1,1
PBI,2015-04-07,baseline,HEJFE-4291CBF555CED6A9,1,14:17-15:17,61,14:17-15:22,66,1,1,1,1,conditional_on_point_in_time_nasdaq_listing,1,1
POWI,2015-04-07,baseline,HEJFE-8A0517D50278EAE4,1,14:53-15:53,61,14:53-15:58,66,1,1,1,1,conditional_on_point_in_time_nasdaq_listing,1,1
PRU,2015-04-07,baseline,HEJFE-A3C5C43F6AC75C44,1,15:17-16:00,44,15:17-16:00,44,1,1,1,1,conditional_on_point_in_time_nasdaq_listing,1,1
ROG,2015-04-07,baseline,HEJFE-33FC1D00348D7C59,1,14:59-15:59,61,14:59-16:00,62,1,1,1,1,conditional_on_point_in_time_nasdaq_listing,1,1
ROVI,2015-04-07,baseline,HEJFE-809E53BB4081FBAE,1,14:18-15:18,61,14:18-15:23,66,1,1,1,1,conditional_on_point_in_time_nasdaq_listing,1,1
SGEN,2015-04-07,baseline,HEJFE-D6AE4ACB99958A73,1,13:48-14:48,61,13:48-14:53,66,1,1,1,1,conditional_on_point_in_time_nasdaq_listing,1,1
SKX,2015-04-07,baseline,HEJFE-F170013A9B3F85E2,1,14:54-15:54,61,14:54-15:59,66,1,1,1,1,conditional_on_point_in_time_nasdaq_listing,1,1
SM,2015-04-07,baseline,HEJFE-5B6F87699FF5093E,1,14:38-15:38,61,14:38-15:43,66,1,1,1,1,conditional_on_point_in_time_nasdaq_listing,1,1
THC,2015-04-07,baseline,HEJFE-6C4EA140AD75FFE2,1,15:18-16:00,43,15:18-16:00,43,1,1,1,1,conditional_on_point_in_time_nasdaq_listing,1,1
TW,2015-04-07,baseline,HEJFE-5D222F0F8E0C77D0,1,15:17-16:00,44,15:17-16:00,44,1,1,1,1,conditional_on_point_in_time_nasdaq_listing,1,1
TXT,2015-04-07,baseline,HEJFE-B5A8A297D14CD19D,1,15:04-16:00,57,15:04-16:00,57,1,1,1,1,conditional_on_point_in_time_nasdaq_listing,1,1
ACHC,2015-04-08,baseline,HEJFE-6F0A7632D9B4FFF6,1,14:05-15:05,61,14:05-15:10,66,1,1,1,1,conditional_on_point_in_time_nasdaq_listing,1,1
ALSN,2015-04-08,baseline,HEJFE-87DDC59E7BB99A84,1,14:47-15:47,61,14:47-15:52,66,1,1,1,1,conditional_on_point_in_time_nasdaq_listing,1,1
AMP,2015-04-08,baseline,HEJFE-5ED55A2EAC950921,1,14:52-15:52,61,14:52-15:57,66,1,1,1,1,conditional_on_point_in_time_nasdaq_listing,1,1
BRKR,2015-04-08,baseline,HEJFE-3046057647A0FC5C,1,15:00-16:00,61,15:00-16:00,61,1,1,1,1,conditional_on_point_in_time_nasdaq_listing,1,1
CACI,2015-04-08,baseline,HEJFE-B9C8B3D0EF3DCB5E,1,14:24-15:24,61,14:24-15:29,66,1,1,1,1,conditional_on_point_in_time_nasdaq_listing,1,1
CAKE,2015-04-08,baseline,HEJFE-760E36DA94752F1E,1,13:52-14:52,61,13:52-14:57,66,1,1,1,1,conditional_on_point_in_time_nasdaq_listing,1,1
CBT,2015-04-08,baseline,HEJFE-9DF82252ED78E41F,1,13:03-14:03,61,13:03-14:08,66,1,1,1,1,conditional_on_point_in_time_nasdaq_listing,1,1
CGNX,2015-04-08,baseline,HEJFE-8EAA8616B1750B40,1,14:39-15:39,61,14:39-15:44,66,1,1,1,1,conditional_on_point_in_time_nasdaq_listing,1,1
CLD,2015-04-08,baseline,HEJFE-DB1E964E02F5921F,1,15:03-16:00,58,15:03-16:00,58,1,1,1,1,conditional_on_point_in_time_nasdaq_listing,1,1
CMP,2015-04-08,baseline,HEJFE-5408AADD0CBD54E8,1,15:16-16:00,45,15:16-16:00,45,1,1,1,1,conditional_on_point_in_time_nasdaq_listing,1,1
COL,2015-04-08,baseline,HEJFE-791693865584F9CB,1,13:59-14:59,61,13:59-15:04,66,1,1,1,1,conditional_on_point_in_time_nasdaq_listing,1,1
COLM,2015-04-08,baseline,HEJFE-0BCEF81B6C0111FB,1,14:43-15:43,61,14:43-15:48,66,1,1,1,1,conditional_on_point_in_time_nasdaq_listing,1,1
CR,2015-04-08,baseline,HEJFE-E1B57B6A71B06A7F,1,15:09-16:00,52,15:09-16:00,52,1,1,1,1,conditional_on_point_in_time_nasdaq_listing,1,1
CREE,2015-04-08,baseline,HEJFE-D35C7804C2F5326C,1,14:59-15:59,61,14:59-16:00,62,1,1,1,1,conditional_on_point_in_time_nasdaq_listing,1,1
CSOD,2015-04-08,baseline,HEJFE-5E9AD5C9AD67944D,1,14:59-15:59,61,14:59-16:00,62,1,1,1,1,conditional_on_point_in_time_nasdaq_listing,1,1
DYN,2015-04-08,baseline,HEJFE-E28050410A1480C6,1,13:54-14:54,61,13:54-14:59,66,1,1,1,1,conditional_on_point_in_time_nasdaq_listing,1,1
FLT,2015-04-08,baseline,HEJFE-AF58BD8CAE4E8D1C,1,14:58-15:58,61,14:58-16:00,63,1,1,1,1,conditional_on_point_in_time_nasdaq_listing,1,1
IDTI,2015-04-08,baseline,HEJFE-EFFA194386ABDD28,1,15:10-16:00,51,15:10-16:00,51,1,1,1,1,conditional_on_point_in_time_nasdaq_listing,1,1
ILMN,2015-04-08,baseline,HEJFE-45559DD90D876D39,1,14:18-15:18,61,14:18-15:23,66,1,1,1,1,conditional_on_point_in_time_nasdaq_listing,1,1
INT,2015-04-08,baseline,HEJFE-D51AC412EDF93AA8,1,15:10-16:00,51,15:10-16:00,51,1,1,1,1,conditional_on_point_in_time_nasdaq_listing,1,1
MAT,2015-04-08,baseline,HEJFE-263620F13A6443DD,1,14:09-15:09,61,14:09-15:14,66,1,1,1,1,conditional_on_point_in_time_nasdaq_listing,1,1
MDU,2015-04-08,baseline,HEJFE-977FEBE8CA3CFCB6,1,15:27-16:00,34,15:27-16:00,34,1,1,1,1,conditional_on_point_in_time_nasdaq_listing,1,1
NATI,2015-04-08,baseline,HEJFE-7F8218B15679F14D,1,13:29-14:29,61,13:29-14:34,66,1,1,1,1,conditional_on_point_in_time_nasdaq_listing,1,1
NOW,2015-04-08,baseline,HEJFE-47A3794D1C360650,1,14:03-15:03,61,14:03-15:08,66,1,1,1,1,conditional_on_point_in_time_nasdaq_listing,1,1
OSK,2015-04-08,baseline,HEJFE-CFA461ED8BCCB889,1,14:59-15:59,61,14:59-16:00,62,1,1,1,1,conditional_on_point_in_time_nasdaq_listing,1,1
PBI,2015-04-08,baseline,HEJFE-4291CBF555CED6A9,1,14:17-15:17,61,14:17-15:22,66,1,1,1,1,conditional_on_point_in_time_nasdaq_listing,1,1
POWI,2015-04-08,baseline,HEJFE-8A0517D50278EAE4,1,14:53-15:53,61,14:53-15:58,66,1,1,1,1,conditional_on_point_in_time_nasdaq_listing,1,1
PRU,2015-04-08,baseline,HEJFE-A3C5C43F6AC75C44,1,15:17-16:00,44,15:17-16:00,44,1,1,1,1,conditional_on_point_in_time_nasdaq_listing,1,1
ROG,2015-04-08,baseline,HEJFE-33FC1D00348D7C59,1,14:59-15:59,61,14:59-16:00,62,1,1,1,1,conditional_on_point_in_time_nasdaq_listing,1,1
ROVI,2015-04-08,baseline,HEJFE-809E53BB4081FBAE,1,14:18-15:18,61,14:18-15:23,66,1,1,1,1,conditional_on_point_in_time_nasdaq_listing,1,1
SGEN,2015-04-08,baseline,HEJFE-D6AE4ACB99958A73,1,13:48-14:48,61,13:48-14:53,66,1,1,1,1,conditional_on_point_in_time_nasdaq_listing,1,1
SKX,2015-04-08,baseline,HEJFE-F170013A9B3F85E2,1,14:54-15:54,61,14:54-15:59,66,1,1,1,1,conditional_on_point_in_time_nasdaq_listing,1,1
SM,2015-04-08,baseline,HEJFE-5B6F87699FF5093E,1,14:38-15:38,61,14:38-15:43,66,1,1,1,1,conditional_on_point_in_time_nasdaq_listing,1,1
THC,2015-04-08,baseline,HEJFE-6C4EA140AD75FFE2,1,15:18-16:00,43,15:18-16:00,43,1,1,1,1,conditional_on_point_in_time_nasdaq_listing,1,1
TW,2015-04-08,baseline,HEJFE-5D222F0F8E0C77D0,1,15:17-16:00,44,15:17-16:00,44,1,1,1,1,conditional_on_point_in_time_nasdaq_listing,1,1
TXT,2015-04-08,baseline,HEJFE-B5A8A297D14CD19D,1,15:04-16:00,57,15:04-16:00,57,1,1,1,1,conditional_on_point_in_time_nasdaq_listing,1,1
ACHC,2015-04-09,baseline,HEJFE-6F0A7632D9B4FFF6,1,14:05-15:05,61,14:05-15:10,66,1,1,1,1,conditional_on_point_in_time_nasdaq_listing,1,1
ALSN,2015-04-09,baseline,HEJFE-87DDC59E7BB99A84,1,14:47-15:47,61,14:47-15:52,66,1,1,1,1,conditional_on_point_in_time_nasdaq_listing,1,1
AMP,2015-04-09,baseline,HEJFE-5ED55A2EAC950921,1,14:52-15:52,61,14:52-15:57,66,1,1,1,1,conditional_on_point_in_time_nasdaq_listing,1,1
BRKR,2015-04-09,baseline,HEJFE-3046057647A0FC5C,1,15:00-16:00,61,15:00-16:00,61,1,1,1,1,conditional_on_point_in_time_nasdaq_listing,1,1
CACI,2015-04-09,baseline,HEJFE-B9C8B3D0EF3DCB5E,1,14:24-15:24,61,14:24-15:29,66,1,1,1,1,conditional_on_point_in_time_nasdaq_listing,1,1
CAKE,2015-04-09,baseline,HEJFE-760E36DA94752F1E,1,13:52-14:52,61,13:52-14:57,66,1,1,1,1,conditional_on_point_in_time_nasdaq_listing,1,1
CBT,2015-04-09,baseline,HEJFE-9DF82252ED78E41F,1,13:03-14:03,61,13:03-14:08,66,1,1,1,1,conditional_on_point_in_time_nasdaq_listing,1,1
CGNX,2015-04-09,baseline,HEJFE-8EAA8616B1750B40,1,14:39-15:39,61,14:39-15:44,66,1,1,1,1,conditional_on_point_in_time_nasdaq_listing,1,1
CLD,2015-04-09,baseline,HEJFE-DB1E964E02F5921F,1,15:03-16:00,58,15:03-16:00,58,1,1,1,1,conditional_on_point_in_time_nasdaq_listing,1,1
CMP,2015-04-09,baseline,HEJFE-5408AADD0CBD54E8,1,15:16-16:00,45,15:16-16:00,45,1,1,1,1,conditional_on_point_in_time_nasdaq_listing,1,1
COL,2015-04-09,baseline,HEJFE-791693865584F9CB,1,13:59-14:59,61,13:59-15:04,66,1,1,1,1,conditional_on_point_in_time_nasdaq_listing,1,1
COLM,2015-04-09,baseline,HEJFE-0BCEF81B6C0111FB,1,14:43-15:43,61,14:43-15:48,66,1,1,1,1,conditional_on_point_in_time_nasdaq_listing,1,1
CR,2015-04-09,baseline,HEJFE-E1B57B6A71B06A7F,1,15:09-16:00,52,15:09-16:00,52,1,1,1,1,conditional_on_point_in_time_nasdaq_listing,1,1
CREE,2015-04-09,baseline,HEJFE-D35C7804C2F5326C,1,14:59-15:59,61,14:59-16:00,62,1,1,1,1,conditional_on_point_in_time_nasdaq_listing,1,1
CSOD,2015-04-09,baseline,HEJFE-5E9AD5C9AD67944D,1,14:59-15:59,61,14:59-16:00,62,1,1,1,1,conditional_on_point_in_time_nasdaq_listing,1,1
DYN,2015-04-09,baseline,HEJFE-E28050410A1480C6,1,13:54-14:54,61,13:54-14:59,66,1,1,1,1,conditional_on_point_in_time_nasdaq_listing,1,1
FLT,2015-04-09,baseline,HEJFE-AF58BD8CAE4E8D1C,1,14:58-15:58,61,14:58-16:00,63,1,1,1,1,conditional_on_point_in_time_nasdaq_listing,1,1
IDTI,2015-04-09,baseline,HEJFE-EFFA194386ABDD28,1,15:10-16:00,51,15:10-16:00,51,1,1,1,1,conditional_on_point_in_time_nasdaq_listing,1,1
ILMN,2015-04-09,baseline,HEJFE-45559DD90D876D39,1,14:18-15:18,61,14:18-15:23,66,1,1,1,1,conditional_on_point_in_time_nasdaq_listing,1,1
INT,2015-04-09,baseline,HEJFE-D51AC412EDF93AA8,1,15:10-16:00,51,15:10-16:00,51,1,1,1,1,conditional_on_point_in_time_nasdaq_listing,1,1
MAT,2015-04-09,baseline,HEJFE-263620F13A6443DD,1,14:09-15:09,61,14:09-15:14,66,1,1,1,1,conditional_on_point_in_time_nasdaq_listing,1,1
MDU,2015-04-09,baseline,HEJFE-977FEBE8CA3CFCB6,1,15:27-16:00,34,15:27-16:00,34,1,1,1,1,conditional_on_point_in_time_nasdaq_listing,1,1
NATI,2015-04-09,baseline,HEJFE-7F8218B15679F14D,1,13:29-14:29,61,13:29-14:34,66,1,1,1,1,conditional_on_point_in_time_nasdaq_listing,1,1
NOW,2015-04-09,baseline,HEJFE-47A3794D1C360650,1,14:03-15:03,61,14:03-15:08,66,1,1,1,1,conditional_on_point_in_time_nasdaq_listing,1,1
OSK,2015-04-09,baseline,HEJFE-CFA461ED8BCCB889,1,14:59-15:59,61,14:59-16:00,62,1,1,1,1,conditional_on_point_in_time_nasdaq_listing,1,1
PBI,2015-04-09,baseline,HEJFE-4291CBF555CED6A9,1,14:17-15:17,61,14:17-15:22,66,1,1,1,1,conditional_on_point_in_time_nasdaq_listing,1,1
POWI,2015-04-09,baseline,HEJFE-8A0517D50278EAE4,1,14:53-15:53,61,14:53-15:58,66,1,1,1,1,conditional_on_point_in_time_nasdaq_listing,1,1
PRU,2015-04-09,baseline,HEJFE-A3C5C43F6AC75C44,1,15:17-16:00,44,15:17-16:00,44,1,1,1,1,conditional_on_point_in_time_nasdaq_listing,1,1
ROG,2015-04-09,baseline,HEJFE-33FC1D00348D7C59,1,14:59-15:59,61,14:59-16:00,62,1,1,1,1,conditional_on_point_in_time_nasdaq_listing,1,1
ROVI,2015-04-09,baseline,HEJFE-809E53BB4081FBAE,1,14:18-15:18,61,14:18-15:23,66,1,1,1,1,conditional_on_point_in_time_nasdaq_listing,1,1
SGEN,2015-04-09,baseline,HEJFE-D6AE4ACB99958A73,1,13:48-14:48,61,13:48-14:53,66,1,1,1,1,conditional_on_point_in_time_nasdaq_listing,1,1
SKX,2015-04-09,baseline,HEJFE-F170013A9B3F85E2,1,14:54-15:54,61,14:54-15:59,66,1,1,1,1,conditional_on_point_in_time_nasdaq_listing,1,1
SM,2015-04-09,baseline,HEJFE-5B6F87699FF5093E,1,14:38-15:38,61,14:38-15:43,66,1,1,1,1,conditional_on_point_in_time_nasdaq_listing,1,1
THC,2015-04-09,baseline,HEJFE-6C4EA140AD75FFE2,1,15:18-16:00,43,15:18-16:00,43,1,1,1,1,conditional_on_point_in_time_nasdaq_listing,1,1
TW,2015-04-09,baseline,HEJFE-5D222F0F8E0C77D0,1,15:17-16:00,44,15:17-16:00,44,1,1,1,1,conditional_on_point_in_time_nasdaq_listing,1,1
TXT,2015-04-09,baseline,HEJFE-B5A8A297D14CD19D,1,15:04-16:00,57,15:04-16:00,57,1,1,1,1,conditional_on_point_in_time_nasdaq_listing,1,1
ACHC,2015-04-10,baseline,HEJFE-6F0A7632D9B4FFF6,1,14:05-15:05,61,14:05-15:10,66,1,1,1,1,conditional_on_point_in_time_nasdaq_listing,1,1
ALSN,2015-04-10,baseline,HEJFE-87DDC59E7BB99A84,1,14:47-15:47,61,14:47-15:52,66,1,1,1,1,conditional_on_point_in_time_nasdaq_listing,1,1
AMP,2015-04-10,baseline,HEJFE-5ED55A2EAC950921,1,14:52-15:52,61,14:52-15:57,66,1,1,1,1,conditional_on_point_in_time_nasdaq_listing,1,1
BRKR,2015-04-10,baseline,HEJFE-3046057647A0FC5C,1,15:00-16:00,61,15:00-16:00,61,1,1,1,1,conditional_on_point_in_time_nasdaq_listing,1,1
CACI,2015-04-10,baseline,HEJFE-B9C8B3D0EF3DCB5E,1,14:24-15:24,61,14:24-15:29,66,1,1,1,1,conditional_on_point_in_time_nasdaq_listing,1,1
CAKE,2015-04-10,baseline,HEJFE-760E36DA94752F1E,1,13:52-14:52,61,13:52-14:57,66,1,1,1,1,conditional_on_point_in_time_nasdaq_listing,1,1
CBT,2015-04-10,baseline,HEJFE-9DF82252ED78E41F,1,13:03-14:03,61,13:03-14:08,66,1,1,1,1,conditional_on_point_in_time_nasdaq_listing,1,1
CGNX,2015-04-10,baseline,HEJFE-8EAA8616B1750B40,1,14:39-15:39,61,14:39-15:44,66,1,1,1,1,conditional_on_point_in_time_nasdaq_listing,1,1
CLD,2015-04-10,baseline,HEJFE-DB1E964E02F5921F,1,15:03-16:00,58,15:03-16:00,58,1,1,1,1,conditional_on_point_in_time_nasdaq_listing,1,1
CMP,2015-04-10,baseline,HEJFE-5408AADD0CBD54E8,1,15:16-16:00,45,15:16-16:00,45,1,1,1,1,conditional_on_point_in_time_nasdaq_listing,1,1
COL,2015-04-10,baseline,HEJFE-791693865584F9CB,1,13:59-14:59,61,13:59-15:04,66,1,1,1,1,conditional_on_point_in_time_nasdaq_listing,1,1
COLM,2015-04-10,baseline,HEJFE-0BCEF81B6C0111FB,1,14:43-15:43,61,14:43-15:48,66,1,1,1,1,conditional_on_point_in_time_nasdaq_listing,1,1
CR,2015-04-10,baseline,HEJFE-E1B57B6A71B06A7F,1,15:09-16:00,52,15:09-16:00,52,1,1,1,1,conditional_on_point_in_time_nasdaq_listing,1,1
CREE,2015-04-10,baseline,HEJFE-D35C7804C2F5326C,1,14:59-15:59,61,14:59-16:00,62,1,1,1,1,conditional_on_point_in_time_nasdaq_listing,1,1
CSOD,2015-04-10,baseline,HEJFE-5E9AD5C9AD67944D,1,14:59-15:59,61,14:59-16:00,62,1,1,1,1,conditional_on_point_in_time_nasdaq_listing,1,1
DYN,2015-04-10,baseline,HEJFE-E28050410A1480C6,1,13:54-14:54,61,13:54-14:59,66,1,1,1,1,conditional_on_point_in_time_nasdaq_listing,1,1
FLT,2015-04-10,baseline,HEJFE-AF58BD8CAE4E8D1C,1,14:58-15:58,61,14:58-16:00,63,1,1,1,1,conditional_on_point_in_time_nasdaq_listing,1,1
IDTI,2015-04-10,baseline,HEJFE-EFFA194386ABDD28,1,15:10-16:00,51,15:10-16:00,51,1,1,1,1,conditional_on_point_in_time_nasdaq_listing,1,1
ILMN,2015-04-10,baseline,HEJFE-45559DD90D876D39,1,14:18-15:18,61,14:18-15:23,66,1,1,1,1,conditional_on_point_in_time_nasdaq_listing,1,1
INT,2015-04-10,baseline,HEJFE-D51AC412EDF93AA8,1,15:10-16:00,51,15:10-16:00,51,1,1,1,1,conditional_on_point_in_time_nasdaq_listing,1,1
MAT,2015-04-10,baseline,HEJFE-263620F13A6443DD,1,14:09-15:09,61,14:09-15:14,66,1,1,1,1,conditional_on_point_in_time_nasdaq_listing,1,1
MDU,2015-04-10,baseline,HEJFE-977FEBE8CA3CFCB6,1,15:27-16:00,34,15:27-16:00,34,1,1,1,1,conditional_on_point_in_time_nasdaq_listing,1,1
NATI,2015-04-10,baseline,HEJFE-7F8218B15679F14D,1,13:29-14:29,61,13:29-14:34,66,1,1,1,1,conditional_on_point_in_time_nasdaq_listing,1,1
NOW,2015-04-10,baseline,HEJFE-47A3794D1C360650,1,14:03-15:03,61,14:03-15:08,66,1,1,1,1,conditional_on_point_in_time_nasdaq_listing,1,1
OSK,2015-04-10,baseline,HEJFE-CFA461ED8BCCB889,1,14:59-15:59,61,14:59-16:00,62,1,1,1,1,conditional_on_point_in_time_nasdaq_listing,1,1
PBI,2015-04-10,baseline,HEJFE-4291CBF555CED6A9,1,14:17-15:17,61,14:17-15:22,66,1,1,1,1,conditional_on_point_in_time_nasdaq_listing,1,1
POWI,2015-04-10,baseline,HEJFE-8A0517D50278EAE4,1,14:53-15:53,61,14:53-15:58,66,1,1,1,1,conditional_on_point_in_time_nasdaq_listing,1,1
PRU,2015-04-10,baseline,HEJFE-A3C5C43F6AC75C44,1,15:17-16:00,44,15:17-16:00,44,1,1,1,1,conditional_on_point_in_time_nasdaq_listing,1,1
ROG,2015-04-10,baseline,HEJFE-33FC1D00348D7C59,1,14:59-15:59,61,14:59-16:00,62,1,1,1,1,conditional_on_point_in_time_nasdaq_listing,1,1
ROVI,2015-04-10,baseline,HEJFE-809E53BB4081FBAE,1,14:18-15:18,61,14:18-15:23,66,1,1,1,1,conditional_on_point_in_time_nasdaq_listing,1,1
SGEN,2015-04-10,baseline,HEJFE-D6AE4ACB99958A73,1,13:48-14:48,61,13:48-14:53,66,1,1,1,1,conditional_on_point_in_time_nasdaq_listing,1,1
SKX,2015-04-10,baseline,HEJFE-F170013A9B3F85E2,1,14:54-15:54,61,14:54-15:59,66,1,1,1,1,conditional_on_point_in_time_nasdaq_listing,1,1
SM,2015-04-10,baseline,HEJFE-5B6F87699FF5093E,1,14:38-15:38,61,14:38-15:43,66,1,1,1,1,conditional_on_point_in_time_nasdaq_listing,1,1
THC,2015-04-10,baseline,HEJFE-6C4EA140AD75FFE2,1,15:18-16:00,43,15:18-16:00,43,1,1,1,1,conditional_on_point_in_time_nasdaq_listing,1,1
TW,2015-04-10,baseline,HEJFE-5D222F0F8E0C77D0,1,15:17-16:00,44,15:17-16:00,44,1,1,1,1,conditional_on_point_in_time_nasdaq_listing,1,1
TXT,2015-04-10,baseline,HEJFE-B5A8A297D14CD19D,1,15:04-16:00,57,15:04-16:00,57,1,1,1,1,conditional_on_point_in_time_nasdaq_listing,1,1
ACHC,2015-04-13,baseline,HEJFE-6F0A7632D9B4FFF6,1,14:05-15:05,61,14:05-15:10,66,1,1,1,1,conditional_on_point_in_time_nasdaq_listing,1,1
ALSN,2015-04-13,baseline,HEJFE-87DDC59E7BB99A84,1,14:47-15:47,61,14:47-15:52,66,1,1,1,1,conditional_on_point_in_time_nasdaq_listing,1,1
AMP,2015-04-13,baseline,HEJFE-5ED55A2EAC950921,1,14:52-15:52,61,14:52-15:57,66,1,1,1,1,conditional_on_point_in_time_nasdaq_listing,1,1
BRKR,2015-04-13,baseline,HEJFE-3046057647A0FC5C,1,15:00-16:00,61,15:00-16:00,61,1,1,1,1,conditional_on_point_in_time_nasdaq_listing,1,1
CACI,2015-04-13,baseline,HEJFE-B9C8B3D0EF3DCB5E,1,14:24-15:24,61,14:24-15:29,66,1,1,1,1,conditional_on_point_in_time_nasdaq_listing,1,1
CAKE,2015-04-13,baseline,HEJFE-760E36DA94752F1E,1,13:52-14:52,61,13:52-14:57,66,1,1,1,1,conditional_on_point_in_time_nasdaq_listing,1,1
CBT,2015-04-13,baseline,HEJFE-9DF82252ED78E41F,1,13:03-14:03,61,13:03-14:08,66,1,1,1,1,conditional_on_point_in_time_nasdaq_listing,1,1
CGNX,2015-04-13,baseline,HEJFE-8EAA8616B1750B40,1,14:39-15:39,61,14:39-15:44,66,1,1,1,1,conditional_on_point_in_time_nasdaq_listing,1,1
CLD,2015-04-13,baseline,HEJFE-DB1E964E02F5921F,1,15:03-16:00,58,15:03-16:00,58,1,1,1,1,conditional_on_point_in_time_nasdaq_listing,1,1
CMP,2015-04-13,baseline,HEJFE-5408AADD0CBD54E8,1,15:16-16:00,45,15:16-16:00,45,1,1,1,1,conditional_on_point_in_time_nasdaq_listing,1,1
COL,2015-04-13,baseline,HEJFE-791693865584F9CB,1,13:59-14:59,61,13:59-15:04,66,1,1,1,1,conditional_on_point_in_time_nasdaq_listing,1,1
COLM,2015-04-13,baseline,HEJFE-0BCEF81B6C0111FB,1,14:43-15:43,61,14:43-15:48,66,1,1,1,1,conditional_on_point_in_time_nasdaq_listing,1,1
CR,2015-04-13,baseline,HEJFE-E1B57B6A71B06A7F,1,15:09-16:00,52,15:09-16:00,52,1,1,1,1,conditional_on_point_in_time_nasdaq_listing,1,1
CREE,2015-04-13,baseline,HEJFE-D35C7804C2F5326C,1,14:59-15:59,61,14:59-16:00,62,1,1,1,1,conditional_on_point_in_time_nasdaq_listing,1,1
CSOD,2015-04-13,baseline,HEJFE-5E9AD5C9AD67944D,1,14:59-15:59,61,14:59-16:00,62,1,1,1,1,conditional_on_point_in_time_nasdaq_listing,1,1
DYN,2015-04-13,baseline,HEJFE-E28050410A1480C6,1,13:54-14:54,61,13:54-14:59,66,1,1,1,1,conditional_on_point_in_time_nasdaq_listing,1,1
FLT,2015-04-13,baseline,HEJFE-AF58BD8CAE4E8D1C,1,14:58-15:58,61,14:58-16:00,63,1,1,1,1,conditional_on_point_in_time_nasdaq_listing,1,1
IDTI,2015-04-13,baseline,HEJFE-EFFA194386ABDD28,1,15:10-16:00,51,15:10-16:00,51,1,1,1,1,conditional_on_point_in_time_nasdaq_listing,1,1
ILMN,2015-04-13,baseline,HEJFE-45559DD90D876D39,1,14:18-15:18,61,14:18-15:23,66,1,1,1,1,conditional_on_point_in_time_nasdaq_listing,1,1
INT,2015-04-13,baseline,HEJFE-D51AC412EDF93AA8,1,15:10-16:00,51,15:10-16:00,51,1,1,1,1,conditional_on_point_in_time_nasdaq_listing,1,1
MAT,2015-04-13,baseline,HEJFE-263620F13A6443DD,1,14:09-15:09,61,14:09-15:14,66,1,1,1,1,conditional_on_point_in_time_nasdaq_listing,1,1
MDU,2015-04-13,baseline,HEJFE-977FEBE8CA3CFCB6,1,15:27-16:00,34,15:27-16:00,34,1,1,1,1,conditional_on_point_in_time_nasdaq_listing,1,1
NATI,2015-04-13,baseline,HEJFE-7F8218B15679F14D,1,13:29-14:29,61,13:29-14:34,66,1,1,1,1,conditional_on_point_in_time_nasdaq_listing,1,1
NOW,2015-04-13,baseline,HEJFE-47A3794D1C360650,1,14:03-15:03,61,14:03-15:08,66,1,1,1,1,conditional_on_point_in_time_nasdaq_listing,1,1
OSK,2015-04-13,baseline,HEJFE-CFA461ED8BCCB889,1,14:59-15:59,61,14:59-16:00,62,1,1,1,1,conditional_on_point_in_time_nasdaq_listing,1,1
PBI,2015-04-13,baseline,HEJFE-4291CBF555CED6A9,1,14:17-15:17,61,14:17-15:22,66,1,1,1,1,conditional_on_point_in_time_nasdaq_listing,1,1
POWI,2015-04-13,baseline,HEJFE-8A0517D50278EAE4,1,14:53-15:53,61,14:53-15:58,66,1,1,1,1,conditional_on_point_in_time_nasdaq_listing,1,1
PRU,2015-04-13,baseline,HEJFE-A3C5C43F6AC75C44,1,15:17-16:00,44,15:17-16:00,44,1,1,1,1,conditional_on_point_in_time_nasdaq_listing,1,1
ROG,2015-04-13,baseline,HEJFE-33FC1D00348D7C59,1,14:59-15:59,61,14:59-16:00,62,1,1,1,1,conditional_on_point_in_time_nasdaq_listing,1,1
ROVI,2015-04-13,baseline,HEJFE-809E53BB4081FBAE,1,14:18-15:18,61,14:18-15:23,66,1,1,1,1,conditional_on_point_in_time_nasdaq_listing,1,1
SGEN,2015-04-13,baseline,HEJFE-D6AE4ACB99958A73,1,13:48-14:48,61,13:48-14:53,66,1,1,1,1,conditional_on_point_in_time_nasdaq_listing,1,1
SKX,2015-04-13,baseline,HEJFE-F170013A9B3F85E2,1,14:54-15:54,61,14:54-15:59,66,1,1,1,1,conditional_on_point_in_time_nasdaq_listing,1,1
SM,2015-04-13,baseline,HEJFE-5B6F87699FF5093E,1,14:38-15:38,61,14:38-15:43,66,1,1,1,1,conditional_on_point_in_time_nasdaq_listing,1,1
THC,2015-04-13,baseline,HEJFE-6C4EA140AD75FFE2,1,15:18-16:00,43,15:18-16:00,43,1,1,1,1,conditional_on_point_in_time_nasdaq_listing,1,1
TW,2015-04-13,baseline,HEJFE-5D222F0F8E0C77D0,1,15:17-16:00,44,15:17-16:00,44,1,1,1,1,conditional_on_point_in_time_nasdaq_listing,1,1
TXT,2015-04-13,baseline,HEJFE-B5A8A297D14CD19D,1,15:04-16:00,57,15:04-16:00,57,1,1,1,1,conditional_on_point_in_time_nasdaq_listing,1,1
ACHC,2015-04-14,baseline,HEJFE-6F0A7632D9B4FFF6,1,14:05-15:05,61,14:05-15:10,66,1,1,1,1,conditional_on_point_in_time_nasdaq_listing,1,1
ALSN,2015-04-14,baseline,HEJFE-87DDC59E7BB99A84,1,14:47-15:47,61,14:47-15:52,66,1,1,1,1,conditional_on_point_in_time_nasdaq_listing,1,1
AMP,2015-04-14,baseline,HEJFE-5ED55A2EAC950921,1,14:52-15:52,61,14:52-15:57,66,1,1,1,1,conditional_on_point_in_time_nasdaq_listing,1,1
BRKR,2015-04-14,baseline,HEJFE-3046057647A0FC5C,1,15:00-16:00,61,15:00-16:00,61,1,1,1,1,conditional_on_point_in_time_nasdaq_listing,1,1
CACI,2015-04-14,baseline,HEJFE-B9C8B3D0EF3DCB5E,1,14:24-15:24,61,14:24-15:29,66,1,1,1,1,conditional_on_point_in_time_nasdaq_listing,1,1
CAKE,2015-04-14,baseline,HEJFE-760E36DA94752F1E,1,13:52-14:52,61,13:52-14:57,66,1,1,1,1,conditional_on_point_in_time_nasdaq_listing,1,1
CBT,2015-04-14,baseline,HEJFE-9DF82252ED78E41F,1,13:03-14:03,61,13:03-14:08,66,1,1,1,1,conditional_on_point_in_time_nasdaq_listing,1,1
CGNX,2015-04-14,baseline,HEJFE-8EAA8616B1750B40,1,14:39-15:39,61,14:39-15:44,66,1,1,1,1,conditional_on_point_in_time_nasdaq_listing,1,1
CLD,2015-04-14,baseline,HEJFE-DB1E964E02F5921F,1,15:03-16:00,58,15:03-16:00,58,1,1,1,1,conditional_on_point_in_time_nasdaq_listing,1,1
CMP,2015-04-14,baseline,HEJFE-5408AADD0CBD54E8,1,15:16-16:00,45,15:16-16:00,45,1,1,1,1,conditional_on_point_in_time_nasdaq_listing,1,1
COL,2015-04-14,baseline,HEJFE-791693865584F9CB,1,13:59-14:59,61,13:59-15:04,66,1,1,1,1,conditional_on_point_in_time_nasdaq_listing,1,1
COLM,2015-04-14,baseline,HEJFE-0BCEF81B6C0111FB,1,14:43-15:43,61,14:43-15:48,66,1,1,1,1,conditional_on_point_in_time_nasdaq_listing,1,1
CR,2015-04-14,baseline,HEJFE-E1B57B6A71B06A7F,1,15:09-16:00,52,15:09-16:00,52,1,1,1,1,conditional_on_point_in_time_nasdaq_listing,1,1
CREE,2015-04-14,baseline,HEJFE-D35C7804C2F5326C,1,14:59-15:59,61,14:59-16:00,62,1,1,1,1,conditional_on_point_in_time_nasdaq_listing,1,1
CSOD,2015-04-14,baseline,HEJFE-5E9AD5C9AD67944D,1,14:59-15:59,61,14:59-16:00,62,1,1,1,1,conditional_on_point_in_time_nasdaq_listing,1,1
DYN,2015-04-14,baseline,HEJFE-E28050410A1480C6,1,13:54-14:54,61,13:54-14:59,66,1,1,1,1,conditional_on_point_in_time_nasdaq_listing,1,1
FLT,2015-04-14,baseline,HEJFE-AF58BD8CAE4E8D1C,1,14:58-15:58,61,14:58-16:00,63,1,1,1,1,conditional_on_point_in_time_nasdaq_listing,1,1
IDTI,2015-04-14,baseline,HEJFE-EFFA194386ABDD28,1,15:10-16:00,51,15:10-16:00,51,1,1,1,1,conditional_on_point_in_time_nasdaq_listing,1,1
ILMN,2015-04-14,baseline,HEJFE-45559DD90D876D39,1,14:18-15:18,61,14:18-15:23,66,1,1,1,1,conditional_on_point_in_time_nasdaq_listing,1,1
INT,2015-04-14,baseline,HEJFE-D51AC412EDF93AA8,1,15:10-16:00,51,15:10-16:00,51,1,1,1,1,conditional_on_point_in_time_nasdaq_listing,1,1
MAT,2015-04-14,baseline,HEJFE-263620F13A6443DD,1,14:09-15:09,61,14:09-15:14,66,1,1,1,1,conditional_on_point_in_time_nasdaq_listing,1,1
MDU,2015-04-14,baseline,HEJFE-977FEBE8CA3CFCB6,1,15:27-16:00,34,15:27-16:00,34,1,1,1,1,conditional_on_point_in_time_nasdaq_listing,1,1
NATI,2015-04-14,baseline,HEJFE-7F8218B15679F14D,1,13:29-14:29,61,13:29-14:34,66,1,1,1,1,conditional_on_point_in_time_nasdaq_listing,1,1
NOW,2015-04-14,baseline,HEJFE-47A3794D1C360650,1,14:03-15:03,61,14:03-15:08,66,1,1,1,1,conditional_on_point_in_time_nasdaq_listing,1,1
OSK,2015-04-14,baseline,HEJFE-CFA461ED8BCCB889,1,14:59-15:59,61,14:59-16:00,62,1,1,1,1,conditional_on_point_in_time_nasdaq_listing,1,1
PBI,2015-04-14,baseline,HEJFE-4291CBF555CED6A9,1,14:17-15:17,61,14:17-15:22,66,1,1,1,1,conditional_on_point_in_time_nasdaq_listing,1,1
POWI,2015-04-14,baseline,HEJFE-8A0517D50278EAE4,1,14:53-15:53,61,14:53-15:58,66,1,1,1,1,conditional_on_point_in_time_nasdaq_listing,1,1
PRU,2015-04-14,baseline,HEJFE-A3C5C43F6AC75C44,1,15:17-16:00,44,15:17-16:00,44,1,1,1,1,conditional_on_point_in_time_nasdaq_listing,1,1
ROG,2015-04-14,baseline,HEJFE-33FC1D00348D7C59,1,14:59-15:59,61,14:59-16:00,62,1,1,1,1,conditional_on_point_in_time_nasdaq_listing,1,1
ROVI,2015-04-14,baseline,HEJFE-809E53BB4081FBAE,1,14:18-15:18,61,14:18-15:23,66,1,1,1,1,conditional_on_point_in_time_nasdaq_listing,1,1
SGEN,2015-04-14,baseline,HEJFE-D6AE4ACB99958A73,1,13:48-14:48,61,13:48-14:53,66,1,1,1,1,conditional_on_point_in_time_nasdaq_listing,1,1
SKX,2015-04-14,baseline,HEJFE-F170013A9B3F85E2,1,14:54-15:54,61,14:54-15:59,66,1,1,1,1,conditional_on_point_in_time_nasdaq_listing,1,1
SM,2015-04-14,baseline,HEJFE-5B6F87699FF5093E,1,14:38-15:38,61,14:38-15:43,66,1,1,1,1,conditional_on_point_in_time_nasdaq_listing,1,1
THC,2015-04-14,baseline,HEJFE-6C4EA140AD75FFE2,1,15:18-16:00,43,15:18-16:00,43,1,1,1,1,conditional_on_point_in_time_nasdaq_listing,1,1
TW,2015-04-14,baseline,HEJFE-5D222F0F8E0C77D0,1,15:17-16:00,44,15:17-16:00,44,1,1,1,1,conditional_on_point_in_time_nasdaq_listing,1,1
TXT,2015-04-14,baseline,HEJFE-B5A8A297D14CD19D,1,15:04-16:00,57,15:04-16:00,57,1,1,1,1,conditional_on_point_in_time_nasdaq_listing,1,1
ACHC,2015-04-15,baseline,HEJFE-6F0A7632D9B4FFF6,1,14:05-15:05,61,14:05-15:10,66,1,1,1,1,conditional_on_point_in_time_nasdaq_listing,1,1
ALSN,2015-04-15,baseline,HEJFE-87DDC59E7BB99A84,1,14:47-15:47,61,14:47-15:52,66,1,1,1,1,conditional_on_point_in_time_nasdaq_listing,1,1
AMP,2015-04-15,baseline,HEJFE-5ED55A2EAC950921,1,14:52-15:52,61,14:52-15:57,66,1,1,1,1,conditional_on_point_in_time_nasdaq_listing,1,1
BRKR,2015-04-15,baseline,HEJFE-3046057647A0FC5C,1,15:00-16:00,61,15:00-16:00,61,1,1,1,1,conditional_on_point_in_time_nasdaq_listing,1,1
CACI,2015-04-15,baseline,HEJFE-B9C8B3D0EF3DCB5E,1,14:24-15:24,61,14:24-15:29,66,1,1,1,1,conditional_on_point_in_time_nasdaq_listing,1,1
CAKE,2015-04-15,baseline,HEJFE-760E36DA94752F1E,1,13:52-14:52,61,13:52-14:57,66,1,1,1,1,conditional_on_point_in_time_nasdaq_listing,1,1
CBT,2015-04-15,baseline,HEJFE-9DF82252ED78E41F,1,13:03-14:03,61,13:03-14:08,66,1,1,1,1,conditional_on_point_in_time_nasdaq_listing,1,1
CGNX,2015-04-15,baseline,HEJFE-8EAA8616B1750B40,1,14:39-15:39,61,14:39-15:44,66,1,1,1,1,conditional_on_point_in_time_nasdaq_listing,1,1
CLD,2015-04-15,baseline,HEJFE-DB1E964E02F5921F,1,15:03-16:00,58,15:03-16:00,58,1,1,1,1,conditional_on_point_in_time_nasdaq_listing,1,1
CMP,2015-04-15,baseline,HEJFE-5408AADD0CBD54E8,1,15:16-16:00,45,15:16-16:00,45,1,1,1,1,conditional_on_point_in_time_nasdaq_listing,1,1
COL,2015-04-15,baseline,HEJFE-791693865584F9CB,1,13:59-14:59,61,13:59-15:04,66,1,1,1,1,conditional_on_point_in_time_nasdaq_listing,1,1
COLM,2015-04-15,baseline,HEJFE-0BCEF81B6C0111FB,1,14:43-15:43,61,14:43-15:48,66,1,1,1,1,conditional_on_point_in_time_nasdaq_listing,1,1
CR,2015-04-15,baseline,HEJFE-E1B57B6A71B06A7F,1,15:09-16:00,52,15:09-16:00,52,1,1,1,1,conditional_on_point_in_time_nasdaq_listing,1,1
CREE,2015-04-15,baseline,HEJFE-D35C7804C2F5326C,1,14:59-15:59,61,14:59-16:00,62,1,1,1,1,conditional_on_point_in_time_nasdaq_listing,1,1
CSOD,2015-04-15,baseline,HEJFE-5E9AD5C9AD67944D,1,14:59-15:59,61,14:59-16:00,62,1,1,1,1,conditional_on_point_in_time_nasdaq_listing,1,1
DYN,2015-04-15,baseline,HEJFE-E28050410A1480C6,1,13:54-14:54,61,13:54-14:59,66,1,1,1,1,conditional_on_point_in_time_nasdaq_listing,1,1
FLT,2015-04-15,baseline,HEJFE-AF58BD8CAE4E8D1C,1,14:58-15:58,61,14:58-16:00,63,1,1,1,1,conditional_on_point_in_time_nasdaq_listing,1,1
IDTI,2015-04-15,baseline,HEJFE-EFFA194386ABDD28,1,15:10-16:00,51,15:10-16:00,51,1,1,1,1,conditional_on_point_in_time_nasdaq_listing,1,1
ILMN,2015-04-15,baseline,HEJFE-45559DD90D876D39,1,14:18-15:18,61,14:18-15:23,66,1,1,1,1,conditional_on_point_in_time_nasdaq_listing,1,1
INT,2015-04-15,baseline,HEJFE-D51AC412EDF93AA8,1,15:10-16:00,51,15:10-16:00,51,1,1,1,1,conditional_on_point_in_time_nasdaq_listing,1,1
MAT,2015-04-15,baseline,HEJFE-263620F13A6443DD,1,14:09-15:09,61,14:09-15:14,66,1,1,1,1,conditional_on_point_in_time_nasdaq_listing,1,1
MDU,2015-04-15,baseline,HEJFE-977FEBE8CA3CFCB6,1,15:27-16:00,34,15:27-16:00,34,1,1,1,1,conditional_on_point_in_time_nasdaq_listing,1,1
NATI,2015-04-15,baseline,HEJFE-7F8218B15679F14D,1,13:29-14:29,61,13:29-14:34,66,1,1,1,1,conditional_on_point_in_time_nasdaq_listing,1,1
NOW,2015-04-15,baseline,HEJFE-47A3794D1C360650,1,14:03-15:03,61,14:03-15:08,66,1,1,1,1,conditional_on_point_in_time_nasdaq_listing,1,1
OSK,2015-04-15,baseline,HEJFE-CFA461ED8BCCB889,1,14:59-15:59,61,14:59-16:00,62,1,1,1,1,conditional_on_point_in_time_nasdaq_listing,1,1
PBI,2015-04-15,baseline,HEJFE-4291CBF555CED6A9,1,14:17-15:17,61,14:17-15:22,66,1,1,1,1,conditional_on_point_in_time_nasdaq_listing,1,1
POWI,2015-04-15,baseline,HEJFE-8A0517D50278EAE4,1,14:53-15:53,61,14:53-15:58,66,1,1,1,1,conditional_on_point_in_time_nasdaq_listing,1,1
PRU,2015-04-15,baseline,HEJFE-A3C5C43F6AC75C44,1,15:17-16:00,44,15:17-16:00,44,1,1,1,1,conditional_on_point_in_time_nasdaq_listing,1,1
ROG,2015-04-15,baseline,HEJFE-33FC1D00348D7C59,1,14:59-15:59,61,14:59-16:00,62,1,1,1,1,conditional_on_point_in_time_nasdaq_listing,1,1
ROVI,2015-04-15,baseline,HEJFE-809E53BB4081FBAE,1,14:18-15:18,61,14:18-15:23,66,1,1,1,1,conditional_on_point_in_time_nasdaq_listing,1,1
SGEN,2015-04-15,baseline,HEJFE-D6AE4ACB99958A73,1,13:48-14:48,61,13:48-14:53,66,1,1,1,1,conditional_on_point_in_time_nasdaq_listing,1,1
SKX,2015-04-15,baseline,HEJFE-F170013A9B3F85E2,1,14:54-15:54,61,14:54-15:59,66,1,1,1,1,conditional_on_point_in_time_nasdaq_listing,1,1
SM,2015-04-15,baseline,HEJFE-5B6F87699FF5093E,1,14:38-15:38,61,14:38-15:43,66,1,1,1,1,conditional_on_point_in_time_nasdaq_listing,1,1
THC,2015-04-15,baseline,HEJFE-6C4EA140AD75FFE2,1,15:18-16:00,43,15:18-16:00,43,1,1,1,1,conditional_on_point_in_time_nasdaq_listing,1,1
TW,2015-04-15,baseline,HEJFE-5D222F0F8E0C77D0,1,15:17-16:00,44,15:17-16:00,44,1,1,1,1,conditional_on_point_in_time_nasdaq_listing,1,1
TXT,2015-04-15,baseline,HEJFE-B5A8A297D14CD19D,1,15:04-16:00,57,15:04-16:00,57,1,1,1,1,conditional_on_point_in_time_nasdaq_listing,1,1
ACHC,2015-04-16,baseline,HEJFE-6F0A7632D9B4FFF6,1,14:05-15:05,61,14:05-15:10,66,1,1,1,1,conditional_on_point_in_time_nasdaq_listing,1,1
ALSN,2015-04-16,baseline,HEJFE-87DDC59E7BB99A84,1,14:47-15:47,61,14:47-15:52,66,1,1,1,1,conditional_on_point_in_time_nasdaq_listing,1,1
AMP,2015-04-16,baseline,HEJFE-5ED55A2EAC950921,1,14:52-15:52,61,14:52-15:57,66,1,1,1,1,conditional_on_point_in_time_nasdaq_listing,1,1
BRKR,2015-04-16,baseline,HEJFE-3046057647A0FC5C,1,15:00-16:00,61,15:00-16:00,61,1,1,1,1,conditional_on_point_in_time_nasdaq_listing,1,1
CACI,2015-04-16,baseline,HEJFE-B9C8B3D0EF3DCB5E,1,14:24-15:24,61,14:24-15:29,66,1,1,1,1,conditional_on_point_in_time_nasdaq_listing,1,1
CAKE,2015-04-16,baseline,HEJFE-760E36DA94752F1E,1,13:52-14:52,61,13:52-14:57,66,1,1,1,1,conditional_on_point_in_time_nasdaq_listing,1,1
CBT,2015-04-16,baseline,HEJFE-9DF82252ED78E41F,1,13:03-14:03,61,13:03-14:08,66,1,1,1,1,conditional_on_point_in_time_nasdaq_listing,1,1
CGNX,2015-04-16,baseline,HEJFE-8EAA8616B1750B40,1,14:39-15:39,61,14:39-15:44,66,1,1,1,1,conditional_on_point_in_time_nasdaq_listing,1,1
CLD,2015-04-16,baseline,HEJFE-DB1E964E02F5921F,1,15:03-16:00,58,15:03-16:00,58,1,1,1,1,conditional_on_point_in_time_nasdaq_listing,1,1
CMP,2015-04-16,baseline,HEJFE-5408AADD0CBD54E8,1,15:16-16:00,45,15:16-16:00,45,1,1,1,1,conditional_on_point_in_time_nasdaq_listing,1,1
COL,2015-04-16,baseline,HEJFE-791693865584F9CB,1,13:59-14:59,61,13:59-15:04,66,1,1,1,1,conditional_on_point_in_time_nasdaq_listing,1,1
COLM,2015-04-16,baseline,HEJFE-0BCEF81B6C0111FB,1,14:43-15:43,61,14:43-15:48,66,1,1,1,1,conditional_on_point_in_time_nasdaq_listing,1,1
CR,2015-04-16,baseline,HEJFE-E1B57B6A71B06A7F,1,15:09-16:00,52,15:09-16:00,52,1,1,1,1,conditional_on_point_in_time_nasdaq_listing,1,1
CREE,2015-04-16,baseline,HEJFE-D35C7804C2F5326C,1,14:59-15:59,61,14:59-16:00,62,1,1,1,1,conditional_on_point_in_time_nasdaq_listing,1,1
CSOD,2015-04-16,baseline,HEJFE-5E9AD5C9AD67944D,1,14:59-15:59,61,14:59-16:00,62,1,1,1,1,conditional_on_point_in_time_nasdaq_listing,1,1
DYN,2015-04-16,baseline,HEJFE-E28050410A1480C6,1,13:54-14:54,61,13:54-14:59,66,1,1,1,1,conditional_on_point_in_time_nasdaq_listing,1,1
FLT,2015-04-16,baseline,HEJFE-AF58BD8CAE4E8D1C,1,14:58-15:58,61,14:58-16:00,63,1,1,1,1,conditional_on_point_in_time_nasdaq_listing,1,1
IDTI,2015-04-16,baseline,HEJFE-EFFA194386ABDD28,1,15:10-16:00,51,15:10-16:00,51,1,1,1,1,conditional_on_point_in_time_nasdaq_listing,1,1
ILMN,2015-04-16,baseline,HEJFE-45559DD90D876D39,1,14:18-15:18,61,14:18-15:23,66,1,1,1,1,conditional_on_point_in_time_nasdaq_listing,1,1
INT,2015-04-16,baseline,HEJFE-D51AC412EDF93AA8,1,15:10-16:00,51,15:10-16:00,51,1,1,1,1,conditional_on_point_in_time_nasdaq_listing,1,1
MAT,2015-04-16,event,HEJFE-263620F13A6443DD,1,14:09-15:09,61,14:09-15:14,66,1,1,1,1,conditional_on_point_in_time_nasdaq_listing,1,1
MDU,2015-04-16,baseline,HEJFE-977FEBE8CA3CFCB6,1,15:27-16:00,34,15:27-16:00,34,1,1,1,1,conditional_on_point_in_time_nasdaq_listing,1,1
NATI,2015-04-16,baseline,HEJFE-7F8218B15679F14D,1,13:29-14:29,61,13:29-14:34,66,1,1,1,1,conditional_on_point_in_time_nasdaq_listing,1,1
NOW,2015-04-16,event,HEJFE-47A3794D1C360650,1,14:03-15:03,61,14:03-15:08,66,1,1,1,1,conditional_on_point_in_time_nasdaq_listing,1,1
OSK,2015-04-16,baseline,HEJFE-CFA461ED8BCCB889,1,14:59-15:59,61,14:59-16:00,62,1,1,1,1,conditional_on_point_in_time_nasdaq_listing,1,1
PBI,2015-04-16,baseline,HEJFE-4291CBF555CED6A9,1,14:17-15:17,61,14:17-15:22,66,1,1,1,1,conditional_on_point_in_time_nasdaq_listing,1,1
POWI,2015-04-16,baseline,HEJFE-8A0517D50278EAE4,1,14:53-15:53,61,14:53-15:58,66,1,1,1,1,conditional_on_point_in_time_nasdaq_listing,1,1
PRU,2015-04-16,baseline,HEJFE-A3C5C43F6AC75C44,1,15:17-16:00,44,15:17-16:00,44,1,1,1,1,conditional_on_point_in_time_nasdaq_listing,1,1
ROG,2015-04-16,baseline,HEJFE-33FC1D00348D7C59,1,14:59-15:59,61,14:59-16:00,62,1,1,1,1,conditional_on_point_in_time_nasdaq_listing,1,1
ROVI,2015-04-16,baseline,HEJFE-809E53BB4081FBAE,1,14:18-15:18,61,14:18-15:23,66,1,1,1,1,conditional_on_point_in_time_nasdaq_listing,1,1
SGEN,2015-04-16,baseline,HEJFE-D6AE4ACB99958A73,1,13:48-14:48,61,13:48-14:53,66,1,1,1,1,conditional_on_point_in_time_nasdaq_listing,1,1
SKX,2015-04-16,baseline,HEJFE-F170013A9B3F85E2,1,14:54-15:54,61,14:54-15:59,66,1,1,1,1,conditional_on_point_in_time_nasdaq_listing,1,1
SM,2015-04-16,baseline,HEJFE-5B6F87699FF5093E,1,14:38-15:38,61,14:38-15:43,66,1,1,1,1,conditional_on_point_in_time_nasdaq_listing,1,1
THC,2015-04-16,baseline,HEJFE-6C4EA140AD75FFE2,1,15:18-16:00,43,15:18-16:00,43,1,1,1,1,conditional_on_point_in_time_nasdaq_listing,1,1
TW,2015-04-16,baseline,HEJFE-5D222F0F8E0C77D0,1,15:17-16:00,44,15:17-16:00,44,1,1,1,1,conditional_on_point_in_time_nasdaq_listing,1,1
TXT,2015-04-16,baseline,HEJFE-B5A8A297D14CD19D,1,15:04-16:00,57,15:04-16:00,57,1,1,1,1,conditional_on_point_in_time_nasdaq_listing,1,1
ACHC,2015-04-17,baseline,HEJFE-6F0A7632D9B4FFF6,1,14:05-15:05,61,14:05-15:10,66,1,1,1,1,conditional_on_point_in_time_nasdaq_listing,1,1
ALSN,2015-04-17,baseline,HEJFE-87DDC59E7BB99A84,1,14:47-15:47,61,14:47-15:52,66,1,1,1,1,conditional_on_point_in_time_nasdaq_listing,1,1
AMP,2015-04-17,baseline,HEJFE-5ED55A2EAC950921,1,14:52-15:52,61,14:52-15:57,66,1,1,1,1,conditional_on_point_in_time_nasdaq_listing,1,1
BRKR,2015-04-17,baseline,HEJFE-3046057647A0FC5C,1,15:00-16:00,61,15:00-16:00,61,1,1,1,1,conditional_on_point_in_time_nasdaq_listing,1,1
CACI,2015-04-17,baseline,HEJFE-B9C8B3D0EF3DCB5E,1,14:24-15:24,61,14:24-15:29,66,1,1,1,1,conditional_on_point_in_time_nasdaq_listing,1,1
CAKE,2015-04-17,baseline,HEJFE-760E36DA94752F1E,1,13:52-14:52,61,13:52-14:57,66,1,1,1,1,conditional_on_point_in_time_nasdaq_listing,1,1
CBT,2015-04-17,baseline,HEJFE-9DF82252ED78E41F,1,13:03-14:03,61,13:03-14:08,66,1,1,1,1,conditional_on_point_in_time_nasdaq_listing,1,1
CGNX,2015-04-17,baseline,HEJFE-8EAA8616B1750B40,1,14:39-15:39,61,14:39-15:44,66,1,1,1,1,conditional_on_point_in_time_nasdaq_listing,1,1
CLD,2015-04-17,baseline,HEJFE-DB1E964E02F5921F,1,15:03-16:00,58,15:03-16:00,58,1,1,1,1,conditional_on_point_in_time_nasdaq_listing,1,1
CMP,2015-04-17,baseline,HEJFE-5408AADD0CBD54E8,1,15:16-16:00,45,15:16-16:00,45,1,1,1,1,conditional_on_point_in_time_nasdaq_listing,1,1
COL,2015-04-17,baseline,HEJFE-791693865584F9CB,1,13:59-14:59,61,13:59-15:04,66,1,1,1,1,conditional_on_point_in_time_nasdaq_listing,1,1
COLM,2015-04-17,baseline,HEJFE-0BCEF81B6C0111FB,1,14:43-15:43,61,14:43-15:48,66,1,1,1,1,conditional_on_point_in_time_nasdaq_listing,1,1
CR,2015-04-17,baseline,HEJFE-E1B57B6A71B06A7F,1,15:09-16:00,52,15:09-16:00,52,1,1,1,1,conditional_on_point_in_time_nasdaq_listing,1,1
CREE,2015-04-17,baseline,HEJFE-D35C7804C2F5326C,1,14:59-15:59,61,14:59-16:00,62,1,1,1,1,conditional_on_point_in_time_nasdaq_listing,1,1
CSOD,2015-04-17,baseline,HEJFE-5E9AD5C9AD67944D,1,14:59-15:59,61,14:59-16:00,62,1,1,1,1,conditional_on_point_in_time_nasdaq_listing,1,1
DYN,2015-04-17,baseline,HEJFE-E28050410A1480C6,1,13:54-14:54,61,13:54-14:59,66,1,1,1,1,conditional_on_point_in_time_nasdaq_listing,1,1
FLT,2015-04-17,baseline,HEJFE-AF58BD8CAE4E8D1C,1,14:58-15:58,61,14:58-16:00,63,1,1,1,1,conditional_on_point_in_time_nasdaq_listing,1,1
IDTI,2015-04-17,baseline,HEJFE-EFFA194386ABDD28,1,15:10-16:00,51,15:10-16:00,51,1,1,1,1,conditional_on_point_in_time_nasdaq_listing,1,1
ILMN,2015-04-17,baseline,HEJFE-45559DD90D876D39,1,14:18-15:18,61,14:18-15:23,66,1,1,1,1,conditional_on_point_in_time_nasdaq_listing,1,1
INT,2015-04-17,baseline,HEJFE-D51AC412EDF93AA8,1,15:10-16:00,51,15:10-16:00,51,1,1,1,1,conditional_on_point_in_time_nasdaq_listing,1,1
MDU,2015-04-17,baseline,HEJFE-977FEBE8CA3CFCB6,1,15:27-16:00,34,15:27-16:00,34,1,1,1,1,conditional_on_point_in_time_nasdaq_listing,1,1
NATI,2015-04-17,baseline,HEJFE-7F8218B15679F14D,1,13:29-14:29,61,13:29-14:34,66,1,1,1,1,conditional_on_point_in_time_nasdaq_listing,1,1
OSK,2015-04-17,baseline,HEJFE-CFA461ED8BCCB889,1,14:59-15:59,61,14:59-16:00,62,1,1,1,1,conditional_on_point_in_time_nasdaq_listing,1,1
PBI,2015-04-17,baseline,HEJFE-4291CBF555CED6A9,1,14:17-15:17,61,14:17-15:22,66,1,1,1,1,conditional_on_point_in_time_nasdaq_listing,1,1
POWI,2015-04-17,baseline,HEJFE-8A0517D50278EAE4,1,14:53-15:53,61,14:53-15:58,66,1,1,1,1,conditional_on_point_in_time_nasdaq_listing,1,1
PRU,2015-04-17,baseline,HEJFE-A3C5C43F6AC75C44,1,15:17-16:00,44,15:17-16:00,44,1,1,1,1,conditional_on_point_in_time_nasdaq_listing,1,1
ROG,2015-04-17,baseline,HEJFE-33FC1D00348D7C59,1,14:59-15:59,61,14:59-16:00,62,1,1,1,1,conditional_on_point_in_time_nasdaq_listing,1,1
ROVI,2015-04-17,baseline,HEJFE-809E53BB4081FBAE,1,14:18-15:18,61,14:18-15:23,66,1,1,1,1,conditional_on_point_in_time_nasdaq_listing,1,1
SGEN,2015-04-17,baseline,HEJFE-D6AE4ACB99958A73,1,13:48-14:48,61,13:48-14:53,66,1,1,1,1,conditional_on_point_in_time_nasdaq_listing,1,1
SKX,2015-04-17,baseline,HEJFE-F170013A9B3F85E2,1,14:54-15:54,61,14:54-15:59,66,1,1,1,1,conditional_on_point_in_time_nasdaq_listing,1,1
SM,2015-04-17,baseline,HEJFE-5B6F87699FF5093E,1,14:38-15:38,61,14:38-15:43,66,1,1,1,1,conditional_on_point_in_time_nasdaq_listing,1,1
THC,2015-04-17,baseline,HEJFE-6C4EA140AD75FFE2,1,15:18-16:00,43,15:18-16:00,43,1,1,1,1,conditional_on_point_in_time_nasdaq_listing,1,1
TW,2015-04-17,baseline,HEJFE-5D222F0F8E0C77D0,1,15:17-16:00,44,15:17-16:00,44,1,1,1,1,conditional_on_point_in_time_nasdaq_listing,1,1
TXT,2015-04-17,baseline,HEJFE-B5A8A297D14CD19D,1,15:04-16:00,57,15:04-16:00,57,1,1,1,1,conditional_on_point_in_time_nasdaq_listing,1,1
ACHC,2015-04-20,baseline,HEJFE-6F0A7632D9B4FFF6,1,14:05-15:05,61,14:05-15:10,66,1,1,1,1,conditional_on_point_in_time_nasdaq_listing,1,1
ADI,2015-04-20,baseline,HEJFE-09EB83905864C50A,1,14:45-15:45,61,14:45-15:50,66,1,1,1,1,conditional_on_point_in_time_nasdaq_listing,1,1
ALSN,2015-04-20,baseline,HEJFE-87DDC59E7BB99A84,1,14:47-15:47,61,14:47-15:52,66,1,1,1,1,conditional_on_point_in_time_nasdaq_listing,1,1
AMP,2015-04-20,baseline,HEJFE-5ED55A2EAC950921,1,14:52-15:52,61,14:52-15:57,66,1,1,1,1,conditional_on_point_in_time_nasdaq_listing,1,1
BRKR,2015-04-20,baseline,HEJFE-3046057647A0FC5C,1,15:00-16:00,61,15:00-16:00,61,1,1,1,1,conditional_on_point_in_time_nasdaq_listing,1,1
CACI,2015-04-20,baseline,HEJFE-B9C8B3D0EF3DCB5E,1,14:24-15:24,61,14:24-15:29,66,1,1,1,1,conditional_on_point_in_time_nasdaq_listing,1,1
CAKE,2015-04-20,baseline,HEJFE-760E36DA94752F1E,1,13:52-14:52,61,13:52-14:57,66,1,1,1,1,conditional_on_point_in_time_nasdaq_listing,1,1
CBT,2015-04-20,baseline,HEJFE-9DF82252ED78E41F,1,13:03-14:03,61,13:03-14:08,66,1,1,1,1,conditional_on_point_in_time_nasdaq_listing,1,1
CGNX,2015-04-20,baseline,HEJFE-8EAA8616B1750B40,1,14:39-15:39,61,14:39-15:44,66,1,1,1,1,conditional_on_point_in_time_nasdaq_listing,1,1
CLD,2015-04-20,baseline,HEJFE-DB1E964E02F5921F,1,15:03-16:00,58,15:03-16:00,58,1,1,1,1,conditional_on_point_in_time_nasdaq_listing,1,1
CMP,2015-04-20,baseline,HEJFE-5408AADD0CBD54E8,1,15:16-16:00,45,15:16-16:00,45,1,1,1,1,conditional_on_point_in_time_nasdaq_listing,1,1
COL,2015-04-20,baseline,HEJFE-791693865584F9CB,1,13:59-14:59,61,13:59-15:04,66,1,1,1,1,conditional_on_point_in_time_nasdaq_listing,1,1
COLM,2015-04-20,baseline,HEJFE-0BCEF81B6C0111FB,1,14:43-15:43,61,14:43-15:48,66,1,1,1,1,conditional_on_point_in_time_nasdaq_listing,1,1
CR,2015-04-20,baseline,HEJFE-E1B57B6A71B06A7F,1,15:09-16:00,52,15:09-16:00,52,1,1,1,1,conditional_on_point_in_time_nasdaq_listing,1,1
CREE,2015-04-20,baseline,HEJFE-D35C7804C2F5326C,1,14:59-15:59,61,14:59-16:00,62,1,1,1,1,conditional_on_point_in_time_nasdaq_listing,1,1
CSOD,2015-04-20,baseline,HEJFE-5E9AD5C9AD67944D,1,14:59-15:59,61,14:59-16:00,62,1,1,1,1,conditional_on_point_in_time_nasdaq_listing,1,1
DYN,2015-04-20,baseline,HEJFE-E28050410A1480C6,1,13:54-14:54,61,13:54-14:59,66,1,1,1,1,conditional_on_point_in_time_nasdaq_listing,1,1
FLT,2015-04-20,baseline,HEJFE-AF58BD8CAE4E8D1C,1,14:58-15:58,61,14:58-16:00,63,1,1,1,1,conditional_on_point_in_time_nasdaq_listing,1,1
IDTI,2015-04-20,baseline,HEJFE-EFFA194386ABDD28,1,15:10-16:00,51,15:10-16:00,51,1,1,1,1,conditional_on_point_in_time_nasdaq_listing,1,1
ILMN,2015-04-20,baseline,HEJFE-45559DD90D876D39,1,14:18-15:18,61,14:18-15:23,66,1,1,1,1,conditional_on_point_in_time_nasdaq_listing,1,1
INT,2015-04-20,baseline,HEJFE-D51AC412EDF93AA8,1,15:10-16:00,51,15:10-16:00,51,1,1,1,1,conditional_on_point_in_time_nasdaq_listing,1,1
MDU,2015-04-20,baseline,HEJFE-977FEBE8CA3CFCB6,1,15:27-16:00,34,15:27-16:00,34,1,1,1,1,conditional_on_point_in_time_nasdaq_listing,1,1
NATI,2015-04-20,baseline,HEJFE-7F8218B15679F14D,1,13:29-14:29,61,13:29-14:34,66,1,1,1,1,conditional_on_point_in_time_nasdaq_listing,1,1
NDSN,2015-04-20,baseline,HEJFE-332D5C6DC3ACE6B1,1,15:05-16:00,56,15:05-16:00,56,1,1,1,1,conditional_on_point_in_time_nasdaq_listing,1,1
OSK,2015-04-20,baseline,HEJFE-CFA461ED8BCCB889,1,14:59-15:59,61,14:59-16:00,62,1,1,1,1,conditional_on_point_in_time_nasdaq_listing,1,1
PBI,2015-04-20,baseline,HEJFE-4291CBF555CED6A9,1,14:17-15:17,61,14:17-15:22,66,1,1,1,1,conditional_on_point_in_time_nasdaq_listing,1,1
POWI,2015-04-20,baseline,HEJFE-8A0517D50278EAE4,1,14:53-15:53,61,14:53-15:58,66,1,1,1,1,conditional_on_point_in_time_nasdaq_listing,1,1
PRU,2015-04-20,baseline,HEJFE-A3C5C43F6AC75C44,1,15:17-16:00,44,15:17-16:00,44,1,1,1,1,conditional_on_point_in_time_nasdaq_listing,1,1
ROG,2015-04-20,baseline,HEJFE-33FC1D00348D7C59,1,14:59-15:59,61,14:59-16:00,62,1,1,1,1,conditional_on_point_in_time_nasdaq_listing,1,1
ROVI,2015-04-20,baseline,HEJFE-809E53BB4081FBAE,1,14:18-15:18,61,14:18-15:23,66,1,1,1,1,conditional_on_point_in_time_nasdaq_listing,1,1
SGEN,2015-04-20,baseline,HEJFE-D6AE4ACB99958A73,1,13:48-14:48,61,13:48-14:53,66,1,1,1,1,conditional_on_point_in_time_nasdaq_listing,1,1
SKX,2015-04-20,baseline,HEJFE-F170013A9B3F85E2,1,14:54-15:54,61,14:54-15:59,66,1,1,1,1,conditional_on_point_in_time_nasdaq_listing,1,1
SM,2015-04-20,baseline,HEJFE-5B6F87699FF5093E,1,14:38-15:38,61,14:38-15:43,66,1,1,1,1,conditional_on_point_in_time_nasdaq_listing,1,1
THC,2015-04-20,baseline,HEJFE-6C4EA140AD75FFE2,1,15:18-16:00,43,15:18-16:00,43,1,1,1,1,conditional_on_point_in_time_nasdaq_listing,1,1
TW,2015-04-20,baseline,HEJFE-5D222F0F8E0C77D0,1,15:17-16:00,44,15:17-16:00,44,1,1,1,1,conditional_on_point_in_time_nasdaq_listing,1,1
TXT,2015-04-20,baseline,HEJFE-B5A8A297D14CD19D,1,15:04-16:00,57,15:04-16:00,57,1,1,1,1,conditional_on_point_in_time_nasdaq_listing,1,1
ACHC,2015-04-21,baseline,HEJFE-6F0A7632D9B4FFF6,1,14:05-15:05,61,14:05-15:10,66,1,1,1,1,conditional_on_point_in_time_nasdaq_listing,1,1
ADI,2015-04-21,baseline,HEJFE-09EB83905864C50A,1,14:45-15:45,61,14:45-15:50,66,1,1,1,1,conditional_on_point_in_time_nasdaq_listing,1,1
ALSN,2015-04-21,baseline,HEJFE-87DDC59E7BB99A84,1,14:47-15:47,61,14:47-15:52,66,1,1,1,1,conditional_on_point_in_time_nasdaq_listing,1,1
AMP,2015-04-21,baseline,HEJFE-5ED55A2EAC950921,1,14:52-15:52,61,14:52-15:57,66,1,1,1,1,conditional_on_point_in_time_nasdaq_listing,1,1
BRKR,2015-04-21,baseline,HEJFE-3046057647A0FC5C,1,15:00-16:00,61,15:00-16:00,61,1,1,1,1,conditional_on_point_in_time_nasdaq_listing,1,1
CACI,2015-04-21,baseline,HEJFE-B9C8B3D0EF3DCB5E,1,14:24-15:24,61,14:24-15:29,66,1,1,1,1,conditional_on_point_in_time_nasdaq_listing,1,1
CAKE,2015-04-21,baseline,HEJFE-760E36DA94752F1E,1,13:52-14:52,61,13:52-14:57,66,1,1,1,1,conditional_on_point_in_time_nasdaq_listing,1,1
CBT,2015-04-21,baseline,HEJFE-9DF82252ED78E41F,1,13:03-14:03,61,13:03-14:08,66,1,1,1,1,conditional_on_point_in_time_nasdaq_listing,1,1
CGNX,2015-04-21,baseline,HEJFE-8EAA8616B1750B40,1,14:39-15:39,61,14:39-15:44,66,1,1,1,1,conditional_on_point_in_time_nasdaq_listing,1,1
CLD,2015-04-21,baseline,HEJFE-DB1E964E02F5921F,1,15:03-16:00,58,15:03-16:00,58,1,1,1,1,conditional_on_point_in_time_nasdaq_listing,1,1
CMP,2015-04-21,baseline,HEJFE-5408AADD0CBD54E8,1,15:16-16:00,45,15:16-16:00,45,1,1,1,1,conditional_on_point_in_time_nasdaq_listing,1,1
COL,2015-04-21,baseline,HEJFE-791693865584F9CB,1,13:59-14:59,61,13:59-15:04,66,1,1,1,1,conditional_on_point_in_time_nasdaq_listing,1,1
COLM,2015-04-21,baseline,HEJFE-0BCEF81B6C0111FB,1,14:43-15:43,61,14:43-15:48,66,1,1,1,1,conditional_on_point_in_time_nasdaq_listing,1,1
CR,2015-04-21,baseline,HEJFE-E1B57B6A71B06A7F,1,15:09-16:00,52,15:09-16:00,52,1,1,1,1,conditional_on_point_in_time_nasdaq_listing,1,1
CREE,2015-04-21,event,HEJFE-D35C7804C2F5326C,1,14:59-15:59,61,14:59-16:00,62,1,1,1,1,conditional_on_point_in_time_nasdaq_listing,1,1
CSOD,2015-04-21,baseline,HEJFE-5E9AD5C9AD67944D,1,14:59-15:59,61,14:59-16:00,62,1,1,1,1,conditional_on_point_in_time_nasdaq_listing,1,1
DYN,2015-04-21,baseline,HEJFE-E28050410A1480C6,1,13:54-14:54,61,13:54-14:59,66,1,1,1,1,conditional_on_point_in_time_nasdaq_listing,1,1
FLT,2015-04-21,baseline,HEJFE-AF58BD8CAE4E8D1C,1,14:58-15:58,61,14:58-16:00,63,1,1,1,1,conditional_on_point_in_time_nasdaq_listing,1,1
IDTI,2015-04-21,baseline,HEJFE-EFFA194386ABDD28,1,15:10-16:00,51,15:10-16:00,51,1,1,1,1,conditional_on_point_in_time_nasdaq_listing,1,1
ILMN,2015-04-21,event,HEJFE-45559DD90D876D39,1,14:18-15:18,61,14:18-15:23,66,1,1,1,1,conditional_on_point_in_time_nasdaq_listing,1,1
INT,2015-04-21,baseline,HEJFE-D51AC412EDF93AA8,1,15:10-16:00,51,15:10-16:00,51,1,1,1,1,conditional_on_point_in_time_nasdaq_listing,1,1
MDU,2015-04-21,baseline,HEJFE-977FEBE8CA3CFCB6,1,15:27-16:00,34,15:27-16:00,34,1,1,1,1,conditional_on_point_in_time_nasdaq_listing,1,1
NATI,2015-04-21,baseline,HEJFE-7F8218B15679F14D,1,13:29-14:29,61,13:29-14:34,66,1,1,1,1,conditional_on_point_in_time_nasdaq_listing,1,1
NDSN,2015-04-21,baseline,HEJFE-332D5C6DC3ACE6B1,1,15:05-16:00,56,15:05-16:00,56,1,1,1,1,conditional_on_point_in_time_nasdaq_listing,1,1
OSK,2015-04-21,baseline,HEJFE-CFA461ED8BCCB889,1,14:59-15:59,61,14:59-16:00,62,1,1,1,1,conditional_on_point_in_time_nasdaq_listing,1,1
PBI,2015-04-21,baseline,HEJFE-4291CBF555CED6A9,1,14:17-15:17,61,14:17-15:22,66,1,1,1,1,conditional_on_point_in_time_nasdaq_listing,1,1
POWI,2015-04-21,baseline,HEJFE-8A0517D50278EAE4,1,14:53-15:53,61,14:53-15:58,66,1,1,1,1,conditional_on_point_in_time_nasdaq_listing,1,1
PRU,2015-04-21,baseline,HEJFE-A3C5C43F6AC75C44,1,15:17-16:00,44,15:17-16:00,44,1,1,1,1,conditional_on_point_in_time_nasdaq_listing,1,1
ROG,2015-04-21,baseline,HEJFE-33FC1D00348D7C59,1,14:59-15:59,61,14:59-16:00,62,1,1,1,1,conditional_on_point_in_time_nasdaq_listing,1,1
ROVI,2015-04-21,baseline,HEJFE-809E53BB4081FBAE,1,14:18-15:18,61,14:18-15:23,66,1,1,1,1,conditional_on_point_in_time_nasdaq_listing,1,1
SCVL,2015-04-21,baseline,HEJFE-D6BA56FA6D57427E,1,14:47-15:47,61,14:47-15:52,66,1,1,1,1,conditional_on_point_in_time_nasdaq_listing,1,1
SGEN,2015-04-21,baseline,HEJFE-D6AE4ACB99958A73,1,13:48-14:48,61,13:48-14:53,66,1,1,1,1,conditional_on_point_in_time_nasdaq_listing,1,1
SKX,2015-04-21,baseline,HEJFE-F170013A9B3F85E2,1,14:54-15:54,61,14:54-15:59,66,1,1,1,1,conditional_on_point_in_time_nasdaq_listing,1,1
SM,2015-04-21,baseline,HEJFE-5B6F87699FF5093E,1,14:38-15:38,61,14:38-15:43,66,1,1,1,1,conditional_on_point_in_time_nasdaq_listing,1,1
THC,2015-04-21,baseline,HEJFE-6C4EA140AD75FFE2,1,15:18-16:00,43,15:18-16:00,43,1,1,1,1,conditional_on_point_in_time_nasdaq_listing,1,1
TW,2015-04-21,baseline,HEJFE-5D222F0F8E0C77D0,1,15:17-16:00,44,15:17-16:00,44,1,1,1,1,conditional_on_point_in_time_nasdaq_listing,1,1
TXT,2015-04-21,baseline,HEJFE-B5A8A297D14CD19D,1,15:04-16:00,57,15:04-16:00,57,1,1,1,1,conditional_on_point_in_time_nasdaq_listing,1,1
ACHC,2015-04-22,baseline,HEJFE-6F0A7632D9B4FFF6,1,14:05-15:05,61,14:05-15:10,66,1,1,1,1,conditional_on_point_in_time_nasdaq_listing,1,1
ADI,2015-04-22,baseline,HEJFE-09EB83905864C50A,1,14:45-15:45,61,14:45-15:50,66,1,1,1,1,conditional_on_point_in_time_nasdaq_listing,1,1
ALSN,2015-04-22,baseline,HEJFE-87DDC59E7BB99A84,1,14:47-15:47,61,14:47-15:52,66,1,1,1,1,conditional_on_point_in_time_nasdaq_listing,1,1
AMP,2015-04-22,event,HEJFE-5ED55A2EAC950921,1,14:52-15:52,61,14:52-15:57,66,1,1,1,1,conditional_on_point_in_time_nasdaq_listing,1,1
BRKR,2015-04-22,baseline,HEJFE-3046057647A0FC5C,1,15:00-16:00,61,15:00-16:00,61,1,1,1,1,conditional_on_point_in_time_nasdaq_listing,1,1
CACI,2015-04-22,baseline,HEJFE-B9C8B3D0EF3DCB5E,1,14:24-15:24,61,14:24-15:29,66,1,1,1,1,conditional_on_point_in_time_nasdaq_listing,1,1
CAKE,2015-04-22,event,HEJFE-760E36DA94752F1E,1,13:52-14:52,61,13:52-14:57,66,1,1,1,1,conditional_on_point_in_time_nasdaq_listing,1,1
CBT,2015-04-22,baseline,HEJFE-9DF82252ED78E41F,1,13:03-14:03,61,13:03-14:08,66,1,1,1,1,conditional_on_point_in_time_nasdaq_listing,1,1
CGNX,2015-04-22,baseline,HEJFE-8EAA8616B1750B40,1,14:39-15:39,61,14:39-15:44,66,1,1,1,1,conditional_on_point_in_time_nasdaq_listing,1,1
CLD,2015-04-22,baseline,HEJFE-DB1E964E02F5921F,1,15:03-16:00,58,15:03-16:00,58,1,1,1,1,conditional_on_point_in_time_nasdaq_listing,1,1
CMP,2015-04-22,baseline,HEJFE-5408AADD0CBD54E8,1,15:16-16:00,45,15:16-16:00,45,1,1,1,1,conditional_on_point_in_time_nasdaq_listing,1,1
COL,2015-04-22,event,HEJFE-791693865584F9CB,1,13:59-14:59,61,13:59-15:04,66,1,1,1,1,conditional_on_point_in_time_nasdaq_listing,1,1
COLM,2015-04-22,baseline,HEJFE-0BCEF81B6C0111FB,1,14:43-15:43,61,14:43-15:48,66,1,1,1,1,conditional_on_point_in_time_nasdaq_listing,1,1
CR,2015-04-22,baseline,HEJFE-E1B57B6A71B06A7F,1,15:09-16:00,52,15:09-16:00,52,1,1,1,1,conditional_on_point_in_time_nasdaq_listing,1,1
CSOD,2015-04-22,baseline,HEJFE-5E9AD5C9AD67944D,1,14:59-15:59,61,14:59-16:00,62,1,1,1,1,conditional_on_point_in_time_nasdaq_listing,1,1
DYN,2015-04-22,baseline,HEJFE-E28050410A1480C6,1,13:54-14:54,61,13:54-14:59,66,1,1,1,1,conditional_on_point_in_time_nasdaq_listing,1,1
FLT,2015-04-22,baseline,HEJFE-AF58BD8CAE4E8D1C,1,14:58-15:58,61,14:58-16:00,63,1,1,1,1,conditional_on_point_in_time_nasdaq_listing,1,1
IDTI,2015-04-22,baseline,HEJFE-EFFA194386ABDD28,1,15:10-16:00,51,15:10-16:00,51,1,1,1,1,conditional_on_point_in_time_nasdaq_listing,1,1
INT,2015-04-22,baseline,HEJFE-D51AC412EDF93AA8,1,15:10-16:00,51,15:10-16:00,51,1,1,1,1,conditional_on_point_in_time_nasdaq_listing,1,1
MDU,2015-04-22,baseline,HEJFE-977FEBE8CA3CFCB6,1,15:27-16:00,34,15:27-16:00,34,1,1,1,1,conditional_on_point_in_time_nasdaq_listing,1,1
NATI,2015-04-22,baseline,HEJFE-7F8218B15679F14D,1,13:29-14:29,61,13:29-14:34,66,1,1,1,1,conditional_on_point_in_time_nasdaq_listing,1,1
NDSN,2015-04-22,baseline,HEJFE-332D5C6DC3ACE6B1,1,15:05-16:00,56,15:05-16:00,56,1,1,1,1,conditional_on_point_in_time_nasdaq_listing,1,1
OSK,2015-04-22,baseline,HEJFE-CFA461ED8BCCB889,1,14:59-15:59,61,14:59-16:00,62,1,1,1,1,conditional_on_point_in_time_nasdaq_listing,1,1
PBI,2015-04-22,baseline,HEJFE-4291CBF555CED6A9,1,14:17-15:17,61,14:17-15:22,66,1,1,1,1,conditional_on_point_in_time_nasdaq_listing,1,1
POWI,2015-04-22,baseline,HEJFE-8A0517D50278EAE4,1,14:53-15:53,61,14:53-15:58,66,1,1,1,1,conditional_on_point_in_time_nasdaq_listing,1,1
PRU,2015-04-22,baseline,HEJFE-A3C5C43F6AC75C44,1,15:17-16:00,44,15:17-16:00,44,1,1,1,1,conditional_on_point_in_time_nasdaq_listing,1,1
ROG,2015-04-22,baseline,HEJFE-33FC1D00348D7C59,1,14:59-15:59,61,14:59-16:00,62,1,1,1,1,conditional_on_point_in_time_nasdaq_listing,1,1
ROVI,2015-04-22,baseline,HEJFE-809E53BB4081FBAE,1,14:18-15:18,61,14:18-15:23,66,1,1,1,1,conditional_on_point_in_time_nasdaq_listing,1,1
SCVL,2015-04-22,baseline,HEJFE-D6BA56FA6D57427E,1,14:47-15:47,61,14:47-15:52,66,1,1,1,1,conditional_on_point_in_time_nasdaq_listing,1,1
SGEN,2015-04-22,baseline,HEJFE-D6AE4ACB99958A73,1,13:48-14:48,61,13:48-14:53,66,1,1,1,1,conditional_on_point_in_time_nasdaq_listing,1,1
SKX,2015-04-22,event,HEJFE-F170013A9B3F85E2,1,14:54-15:54,61,14:54-15:59,66,1,1,1,1,conditional_on_point_in_time_nasdaq_listing,1,1
SM,2015-04-22,baseline,HEJFE-5B6F87699FF5093E,1,14:38-15:38,61,14:38-15:43,66,1,1,1,1,conditional_on_point_in_time_nasdaq_listing,1,1
THC,2015-04-22,baseline,HEJFE-6C4EA140AD75FFE2,1,15:18-16:00,43,15:18-16:00,43,1,1,1,1,conditional_on_point_in_time_nasdaq_listing,1,1
TW,2015-04-22,baseline,HEJFE-5D222F0F8E0C77D0,1,15:17-16:00,44,15:17-16:00,44,1,1,1,1,conditional_on_point_in_time_nasdaq_listing,1,1
TXT,2015-04-22,baseline,HEJFE-B5A8A297D14CD19D,1,15:04-16:00,57,15:04-16:00,57,1,1,1,1,conditional_on_point_in_time_nasdaq_listing,1,1
ACHC,2015-04-23,baseline,HEJFE-6F0A7632D9B4FFF6,1,14:05-15:05,61,14:05-15:10,66,1,1,1,1,conditional_on_point_in_time_nasdaq_listing,1,1
ADI,2015-04-23,baseline,HEJFE-09EB83905864C50A,1,14:45-15:45,61,14:45-15:50,66,1,1,1,1,conditional_on_point_in_time_nasdaq_listing,1,1
ALSN,2015-04-23,baseline,HEJFE-87DDC59E7BB99A84,1,14:47-15:47,61,14:47-15:52,66,1,1,1,1,conditional_on_point_in_time_nasdaq_listing,1,1
BRKR,2015-04-23,baseline,HEJFE-3046057647A0FC5C,1,15:00-16:00,61,15:00-16:00,61,1,1,1,1,conditional_on_point_in_time_nasdaq_listing,1,1
CACI,2015-04-23,baseline,HEJFE-B9C8B3D0EF3DCB5E,1,14:24-15:24,61,14:24-15:29,66,1,1,1,1,conditional_on_point_in_time_nasdaq_listing,1,1
CBT,2015-04-23,baseline,HEJFE-9DF82252ED78E41F,1,13:03-14:03,61,13:03-14:08,66,1,1,1,1,conditional_on_point_in_time_nasdaq_listing,1,1
CGNX,2015-04-23,baseline,HEJFE-8EAA8616B1750B40,1,14:39-15:39,61,14:39-15:44,66,1,1,1,1,conditional_on_point_in_time_nasdaq_listing,1,1
CLD,2015-04-23,baseline,HEJFE-DB1E964E02F5921F,1,15:03-16:00,58,15:03-16:00,58,1,1,1,1,conditional_on_point_in_time_nasdaq_listing,1,1
CMP,2015-04-23,baseline,HEJFE-5408AADD0CBD54E8,1,15:16-16:00,45,15:16-16:00,45,1,1,1,1,conditional_on_point_in_time_nasdaq_listing,1,1
COLM,2015-04-23,baseline,HEJFE-0BCEF81B6C0111FB,1,14:43-15:43,61,14:43-15:48,66,1,1,1,1,conditional_on_point_in_time_nasdaq_listing,1,1
CR,2015-04-23,baseline,HEJFE-E1B57B6A71B06A7F,1,15:09-16:00,52,15:09-16:00,52,1,1,1,1,conditional_on_point_in_time_nasdaq_listing,1,1
CSOD,2015-04-23,baseline,HEJFE-5E9AD5C9AD67944D,1,14:59-15:59,61,14:59-16:00,62,1,1,1,1,conditional_on_point_in_time_nasdaq_listing,1,1
DYN,2015-04-23,baseline,HEJFE-E28050410A1480C6,1,13:54-14:54,61,13:54-14:59,66,1,1,1,1,conditional_on_point_in_time_nasdaq_listing,1,1
FLT,2015-04-23,baseline,HEJFE-AF58BD8CAE4E8D1C,1,14:58-15:58,61,14:58-16:00,63,1,1,1,1,conditional_on_point_in_time_nasdaq_listing,1,1
IDTI,2015-04-23,baseline,HEJFE-EFFA194386ABDD28,1,15:10-16:00,51,15:10-16:00,51,1,1,1,1,conditional_on_point_in_time_nasdaq_listing,1,1
INT,2015-04-23,baseline,HEJFE-D51AC412EDF93AA8,1,15:10-16:00,51,15:10-16:00,51,1,1,1,1,conditional_on_point_in_time_nasdaq_listing,1,1
MDU,2015-04-23,baseline,HEJFE-977FEBE8CA3CFCB6,1,15:27-16:00,34,15:27-16:00,34,1,1,1,1,conditional_on_point_in_time_nasdaq_listing,1,1
NATI,2015-04-23,baseline,HEJFE-7F8218B15679F14D,1,13:29-14:29,61,13:29-14:34,66,1,1,1,1,conditional_on_point_in_time_nasdaq_listing,1,1
NDSN,2015-04-23,baseline,HEJFE-332D5C6DC3ACE6B1,1,15:05-16:00,56,15:05-16:00,56,1,1,1,1,conditional_on_point_in_time_nasdaq_listing,1,1
OSK,2015-04-23,baseline,HEJFE-CFA461ED8BCCB889,1,14:59-15:59,61,14:59-16:00,62,1,1,1,1,conditional_on_point_in_time_nasdaq_listing,1,1
PBI,2015-04-23,baseline,HEJFE-4291CBF555CED6A9,1,14:17-15:17,61,14:17-15:22,66,1,1,1,1,conditional_on_point_in_time_nasdaq_listing,1,1
POWI,2015-04-23,baseline,HEJFE-8A0517D50278EAE4,1,14:53-15:53,61,14:53-15:58,66,1,1,1,1,conditional_on_point_in_time_nasdaq_listing,1,1
PRU,2015-04-23,baseline,HEJFE-A3C5C43F6AC75C44,1,15:17-16:00,44,15:17-16:00,44,1,1,1,1,conditional_on_point_in_time_nasdaq_listing,1,1
ROG,2015-04-23,baseline,HEJFE-33FC1D00348D7C59,1,14:59-15:59,61,14:59-16:00,62,1,1,1,1,conditional_on_point_in_time_nasdaq_listing,1,1
ROVI,2015-04-23,baseline,HEJFE-809E53BB4081FBAE,1,14:18-15:18,61,14:18-15:23,66,1,1,1,1,conditional_on_point_in_time_nasdaq_listing,1,1
SCVL,2015-04-23,baseline,HEJFE-D6BA56FA6D57427E,1,14:47-15:47,61,14:47-15:52,66,1,1,1,1,conditional_on_point_in_time_nasdaq_listing,1,1
SGEN,2015-04-23,baseline,HEJFE-D6AE4ACB99958A73,1,13:48-14:48,61,13:48-14:53,66,1,1,1,1,conditional_on_point_in_time_nasdaq_listing,1,1
SM,2015-04-23,baseline,HEJFE-5B6F87699FF5093E,1,14:38-15:38,61,14:38-15:43,66,1,1,1,1,conditional_on_point_in_time_nasdaq_listing,1,1
THC,2015-04-23,baseline,HEJFE-6C4EA140AD75FFE2,1,15:18-16:00,43,15:18-16:00,43,1,1,1,1,conditional_on_point_in_time_nasdaq_listing,1,1
TW,2015-04-23,baseline,HEJFE-5D222F0F8E0C77D0,1,15:17-16:00,44,15:17-16:00,44,1,1,1,1,conditional_on_point_in_time_nasdaq_listing,1,1
TXT,2015-04-23,baseline,HEJFE-B5A8A297D14CD19D,1,15:04-16:00,57,15:04-16:00,57,1,1,1,1,conditional_on_point_in_time_nasdaq_listing,1,1
ACHC,2015-04-24,baseline,HEJFE-6F0A7632D9B4FFF6,1,14:05-15:05,61,14:05-15:10,66,1,1,1,1,conditional_on_point_in_time_nasdaq_listing,1,1
ADI,2015-04-24,baseline,HEJFE-09EB83905864C50A,1,14:45-15:45,61,14:45-15:50,66,1,1,1,1,conditional_on_point_in_time_nasdaq_listing,1,1
ALSN,2015-04-24,baseline,HEJFE-87DDC59E7BB99A84,1,14:47-15:47,61,14:47-15:52,66,1,1,1,1,conditional_on_point_in_time_nasdaq_listing,1,1
BRKR,2015-04-24,baseline,HEJFE-3046057647A0FC5C,1,15:00-16:00,61,15:00-16:00,61,1,1,1,1,conditional_on_point_in_time_nasdaq_listing,1,1
CACI,2015-04-24,baseline,HEJFE-B9C8B3D0EF3DCB5E,1,14:24-15:24,61,14:24-15:29,66,1,1,1,1,conditional_on_point_in_time_nasdaq_listing,1,1
CBT,2015-04-24,baseline,HEJFE-9DF82252ED78E41F,1,13:03-14:03,61,13:03-14:08,66,1,1,1,1,conditional_on_point_in_time_nasdaq_listing,1,1
CGNX,2015-04-24,baseline,HEJFE-8EAA8616B1750B40,1,14:39-15:39,61,14:39-15:44,66,1,1,1,1,conditional_on_point_in_time_nasdaq_listing,1,1
CLD,2015-04-24,baseline,HEJFE-DB1E964E02F5921F,1,15:03-16:00,58,15:03-16:00,58,1,1,1,1,conditional_on_point_in_time_nasdaq_listing,1,1
CMP,2015-04-24,baseline,HEJFE-5408AADD0CBD54E8,1,15:16-16:00,45,15:16-16:00,45,1,1,1,1,conditional_on_point_in_time_nasdaq_listing,1,1
COLM,2015-04-24,baseline,HEJFE-0BCEF81B6C0111FB,1,14:43-15:43,61,14:43-15:48,66,1,1,1,1,conditional_on_point_in_time_nasdaq_listing,1,1
CR,2015-04-24,baseline,HEJFE-E1B57B6A71B06A7F,1,15:09-16:00,52,15:09-16:00,52,1,1,1,1,conditional_on_point_in_time_nasdaq_listing,1,1
CSOD,2015-04-24,baseline,HEJFE-5E9AD5C9AD67944D,1,14:59-15:59,61,14:59-16:00,62,1,1,1,1,conditional_on_point_in_time_nasdaq_listing,1,1
DYN,2015-04-24,baseline,HEJFE-E28050410A1480C6,1,13:54-14:54,61,13:54-14:59,66,1,1,1,1,conditional_on_point_in_time_nasdaq_listing,1,1
FLT,2015-04-24,baseline,HEJFE-AF58BD8CAE4E8D1C,1,14:58-15:58,61,14:58-16:00,63,1,1,1,1,conditional_on_point_in_time_nasdaq_listing,1,1
IDTI,2015-04-24,baseline,HEJFE-EFFA194386ABDD28,1,15:10-16:00,51,15:10-16:00,51,1,1,1,1,conditional_on_point_in_time_nasdaq_listing,1,1
INT,2015-04-24,baseline,HEJFE-D51AC412EDF93AA8,1,15:10-16:00,51,15:10-16:00,51,1,1,1,1,conditional_on_point_in_time_nasdaq_listing,1,1
MDU,2015-04-24,baseline,HEJFE-977FEBE8CA3CFCB6,1,15:27-16:00,34,15:27-16:00,34,1,1,1,1,conditional_on_point_in_time_nasdaq_listing,1,1
NATI,2015-04-24,baseline,HEJFE-7F8218B15679F14D,1,13:29-14:29,61,13:29-14:34,66,1,1,1,1,conditional_on_point_in_time_nasdaq_listing,1,1
NDSN,2015-04-24,baseline,HEJFE-332D5C6DC3ACE6B1,1,15:05-16:00,56,15:05-16:00,56,1,1,1,1,conditional_on_point_in_time_nasdaq_listing,1,1
OSK,2015-04-24,baseline,HEJFE-CFA461ED8BCCB889,1,14:59-15:59,61,14:59-16:00,62,1,1,1,1,conditional_on_point_in_time_nasdaq_listing,1,1
PBI,2015-04-24,baseline,HEJFE-4291CBF555CED6A9,1,14:17-15:17,61,14:17-15:22,66,1,1,1,1,conditional_on_point_in_time_nasdaq_listing,1,1
POWI,2015-04-24,baseline,HEJFE-8A0517D50278EAE4,1,14:53-15:53,61,14:53-15:58,66,1,1,1,1,conditional_on_point_in_time_nasdaq_listing,1,1
PRU,2015-04-24,baseline,HEJFE-A3C5C43F6AC75C44,1,15:17-16:00,44,15:17-16:00,44,1,1,1,1,conditional_on_point_in_time_nasdaq_listing,1,1
ROG,2015-04-24,baseline,HEJFE-33FC1D00348D7C59,1,14:59-15:59,61,14:59-16:00,62,1,1,1,1,conditional_on_point_in_time_nasdaq_listing,1,1
ROVI,2015-04-24,baseline,HEJFE-809E53BB4081FBAE,1,14:18-15:18,61,14:18-15:23,66,1,1,1,1,conditional_on_point_in_time_nasdaq_listing,1,1
SCVL,2015-04-24,baseline,HEJFE-D6BA56FA6D57427E,1,14:47-15:47,61,14:47-15:52,66,1,1,1,1,conditional_on_point_in_time_nasdaq_listing,1,1
SGEN,2015-04-24,baseline,HEJFE-D6AE4ACB99958A73,1,13:48-14:48,61,13:48-14:53,66,1,1,1,1,conditional_on_point_in_time_nasdaq_listing,1,1
SM,2015-04-24,baseline,HEJFE-5B6F87699FF5093E,1,14:38-15:38,61,14:38-15:43,66,1,1,1,1,conditional_on_point_in_time_nasdaq_listing,1,1
THC,2015-04-24,baseline,HEJFE-6C4EA140AD75FFE2,1,15:18-16:00,43,15:18-16:00,43,1,1,1,1,conditional_on_point_in_time_nasdaq_listing,1,1
TW,2015-04-24,baseline,HEJFE-5D222F0F8E0C77D0,1,15:17-16:00,44,15:17-16:00,44,1,1,1,1,conditional_on_point_in_time_nasdaq_listing,1,1
TXT,2015-04-24,baseline,HEJFE-B5A8A297D14CD19D,1,15:04-16:00,57,15:04-16:00,57,1,1,1,1,conditional_on_point_in_time_nasdaq_listing,1,1
ACHC,2015-04-27,baseline,HEJFE-6F0A7632D9B4FFF6,1,14:05-15:05,61,14:05-15:10,66,1,1,1,1,conditional_on_point_in_time_nasdaq_listing,1,1
ADI,2015-04-27,baseline,HEJFE-09EB83905864C50A,1,14:45-15:45,61,14:45-15:50,66,1,1,1,1,conditional_on_point_in_time_nasdaq_listing,1,1
ALSN,2015-04-27,event,HEJFE-87DDC59E7BB99A84,1,14:47-15:47,61,14:47-15:52,66,1,1,1,1,conditional_on_point_in_time_nasdaq_listing,1,1
BRKR,2015-04-27,baseline,HEJFE-3046057647A0FC5C,1,15:00-16:00,61,15:00-16:00,61,1,1,1,1,conditional_on_point_in_time_nasdaq_listing,1,1
CACI,2015-04-27,baseline,HEJFE-B9C8B3D0EF3DCB5E,1,14:24-15:24,61,14:24-15:29,66,1,1,1,1,conditional_on_point_in_time_nasdaq_listing,1,1
CBT,2015-04-27,baseline,HEJFE-9DF82252ED78E41F,1,13:03-14:03,61,13:03-14:08,66,1,1,1,1,conditional_on_point_in_time_nasdaq_listing,1,1
CGNX,2015-04-27,baseline,HEJFE-8EAA8616B1750B40,1,14:39-15:39,61,14:39-15:44,66,1,1,1,1,conditional_on_point_in_time_nasdaq_listing,1,1
CLD,2015-04-27,baseline,HEJFE-DB1E964E02F5921F,1,15:03-16:00,58,15:03-16:00,58,1,1,1,1,conditional_on_point_in_time_nasdaq_listing,1,1
CMP,2015-04-27,event,HEJFE-5408AADD0CBD54E8,1,15:16-16:00,45,15:16-16:00,45,1,1,1,1,conditional_on_point_in_time_nasdaq_listing,1,1
COLM,2015-04-27,baseline,HEJFE-0BCEF81B6C0111FB,1,14:43-15:43,61,14:43-15:48,66,1,1,1,1,conditional_on_point_in_time_nasdaq_listing,1,1
CR,2015-04-27,event,HEJFE-E1B57B6A71B06A7F,1,15:09-16:00,52,15:09-16:00,52,1,1,1,1,conditional_on_point_in_time_nasdaq_listing,1,1
CSOD,2015-04-27,baseline,HEJFE-5E9AD5C9AD67944D,1,14:59-15:59,61,14:59-16:00,62,1,1,1,1,conditional_on_point_in_time_nasdaq_listing,1,1
DYN,2015-04-27,baseline,HEJFE-E28050410A1480C6,1,13:54-14:54,61,13:54-14:59,66,1,1,1,1,conditional_on_point_in_time_nasdaq_listing,1,1
FLT,2015-04-27,baseline,HEJFE-AF58BD8CAE4E8D1C,1,14:58-15:58,61,14:58-16:00,63,1,1,1,1,conditional_on_point_in_time_nasdaq_listing,1,1
IDTI,2015-04-27,baseline,HEJFE-EFFA194386ABDD28,1,15:10-16:00,51,15:10-16:00,51,1,1,1,1,conditional_on_point_in_time_nasdaq_listing,1,1
INT,2015-04-27,baseline,HEJFE-D51AC412EDF93AA8,1,15:10-16:00,51,15:10-16:00,51,1,1,1,1,conditional_on_point_in_time_nasdaq_listing,1,1
MDU,2015-04-27,baseline,HEJFE-977FEBE8CA3CFCB6,1,15:27-16:00,34,15:27-16:00,34,1,1,1,1,conditional_on_point_in_time_nasdaq_listing,1,1
NATI,2015-04-27,baseline,HEJFE-7F8218B15679F14D,1,13:29-14:29,61,13:29-14:34,66,1,1,1,1,conditional_on_point_in_time_nasdaq_listing,1,1
NDSN,2015-04-27,baseline,HEJFE-332D5C6DC3ACE6B1,1,15:05-16:00,56,15:05-16:00,56,1,1,1,1,conditional_on_point_in_time_nasdaq_listing,1,1
OSK,2015-04-27,event,HEJFE-CFA461ED8BCCB889,1,14:59-15:59,61,14:59-16:00,62,1,1,1,1,conditional_on_point_in_time_nasdaq_listing,1,1
PBI,2015-04-27,baseline,HEJFE-4291CBF555CED6A9,1,14:17-15:17,61,14:17-15:22,66,1,1,1,1,conditional_on_point_in_time_nasdaq_listing,1,1
POWI,2015-04-27,baseline,HEJFE-8A0517D50278EAE4,1,14:53-15:53,61,14:53-15:58,66,1,1,1,1,conditional_on_point_in_time_nasdaq_listing,1,1
PRU,2015-04-27,baseline,HEJFE-A3C5C43F6AC75C44,1,15:17-16:00,44,15:17-16:00,44,1,1,1,1,conditional_on_point_in_time_nasdaq_listing,1,1
ROG,2015-04-27,baseline,HEJFE-33FC1D00348D7C59,1,14:59-15:59,61,14:59-16:00,62,1,1,1,1,conditional_on_point_in_time_nasdaq_listing,1,1
ROVI,2015-04-27,baseline,HEJFE-809E53BB4081FBAE,1,14:18-15:18,61,14:18-15:23,66,1,1,1,1,conditional_on_point_in_time_nasdaq_listing,1,1
SCVL,2015-04-27,baseline,HEJFE-D6BA56FA6D57427E,1,14:47-15:47,61,14:47-15:52,66,1,1,1,1,conditional_on_point_in_time_nasdaq_listing,1,1
SGEN,2015-04-27,baseline,HEJFE-D6AE4ACB99958A73,1,13:48-14:48,61,13:48-14:53,66,1,1,1,1,conditional_on_point_in_time_nasdaq_listing,1,1
SM,2015-04-27,baseline,HEJFE-5B6F87699FF5093E,1,14:38-15:38,61,14:38-15:43,66,1,1,1,1,conditional_on_point_in_time_nasdaq_listing,1,1
THC,2015-04-27,baseline,HEJFE-6C4EA140AD75FFE2,1,15:18-16:00,43,15:18-16:00,43,1,1,1,1,conditional_on_point_in_time_nasdaq_listing,1,1
TW,2015-04-27,baseline,HEJFE-5D222F0F8E0C77D0,1,15:17-16:00,44,15:17-16:00,44,1,1,1,1,conditional_on_point_in_time_nasdaq_listing,1,1
TXT,2015-04-27,event,HEJFE-B5A8A297D14CD19D,1,15:04-16:00,57,15:04-16:00,57,1,1,1,1,conditional_on_point_in_time_nasdaq_listing,1,1
ACHC,2015-04-28,event,HEJFE-6F0A7632D9B4FFF6,1,14:05-15:05,61,14:05-15:10,66,1,1,1,1,conditional_on_point_in_time_nasdaq_listing,1,1
ADI,2015-04-28,baseline,HEJFE-09EB83905864C50A,1,14:45-15:45,61,14:45-15:50,66,1,1,1,1,conditional_on_point_in_time_nasdaq_listing,1,1
BRKR,2015-04-28,baseline,HEJFE-3046057647A0FC5C,1,15:00-16:00,61,15:00-16:00,61,1,1,1,1,conditional_on_point_in_time_nasdaq_listing,1,1
CACI,2015-04-28,baseline,HEJFE-B9C8B3D0EF3DCB5E,1,14:24-15:24,61,14:24-15:29,66,1,1,1,1,conditional_on_point_in_time_nasdaq_listing,1,1
CBT,2015-04-28,baseline,HEJFE-9DF82252ED78E41F,1,13:03-14:03,61,13:03-14:08,66,1,1,1,1,conditional_on_point_in_time_nasdaq_listing,1,1
CGNX,2015-04-28,baseline,HEJFE-8EAA8616B1750B40,1,14:39-15:39,61,14:39-15:44,66,1,1,1,1,conditional_on_point_in_time_nasdaq_listing,1,1
CLD,2015-04-28,baseline,HEJFE-DB1E964E02F5921F,1,15:03-16:00,58,15:03-16:00,58,1,1,1,1,conditional_on_point_in_time_nasdaq_listing,1,1
COLM,2015-04-28,baseline,HEJFE-0BCEF81B6C0111FB,1,14:43-15:43,61,14:43-15:48,66,1,1,1,1,conditional_on_point_in_time_nasdaq_listing,1,1
CSOD,2015-04-28,baseline,HEJFE-5E9AD5C9AD67944D,1,14:59-15:59,61,14:59-16:00,62,1,1,1,1,conditional_on_point_in_time_nasdaq_listing,1,1
DYN,2015-04-28,baseline,HEJFE-E28050410A1480C6,1,13:54-14:54,61,13:54-14:59,66,1,1,1,1,conditional_on_point_in_time_nasdaq_listing,1,1
FLT,2015-04-28,baseline,HEJFE-AF58BD8CAE4E8D1C,1,14:58-15:58,61,14:58-16:00,63,1,1,1,1,conditional_on_point_in_time_nasdaq_listing,1,1
IDTI,2015-04-28,baseline,HEJFE-EFFA194386ABDD28,1,15:10-16:00,51,15:10-16:00,51,1,1,1,1,conditional_on_point_in_time_nasdaq_listing,1,1
INT,2015-04-28,baseline,HEJFE-D51AC412EDF93AA8,1,15:10-16:00,51,15:10-16:00,51,1,1,1,1,conditional_on_point_in_time_nasdaq_listing,1,1
MDU,2015-04-28,baseline,HEJFE-977FEBE8CA3CFCB6,1,15:27-16:00,34,15:27-16:00,34,1,1,1,1,conditional_on_point_in_time_nasdaq_listing,1,1
NATI,2015-04-28,event,HEJFE-7F8218B15679F14D,1,13:29-14:29,61,13:29-14:34,66,1,1,1,1,conditional_on_point_in_time_nasdaq_listing,1,1
NDSN,2015-04-28,baseline,HEJFE-332D5C6DC3ACE6B1,1,15:05-16:00,56,15:05-16:00,56,1,1,1,1,conditional_on_point_in_time_nasdaq_listing,1,1
PBI,2015-04-28,baseline,HEJFE-4291CBF555CED6A9,1,14:17-15:17,61,14:17-15:22,66,1,1,1,1,conditional_on_point_in_time_nasdaq_listing,1,1
POWI,2015-04-28,baseline,HEJFE-8A0517D50278EAE4,1,14:53-15:53,61,14:53-15:58,66,1,1,1,1,conditional_on_point_in_time_nasdaq_listing,1,1
PRU,2015-04-28,baseline,HEJFE-A3C5C43F6AC75C44,1,15:17-16:00,44,15:17-16:00,44,1,1,1,1,conditional_on_point_in_time_nasdaq_listing,1,1
ROG,2015-04-28,baseline,HEJFE-33FC1D00348D7C59,1,14:59-15:59,61,14:59-16:00,62,1,1,1,1,conditional_on_point_in_time_nasdaq_listing,1,1
ROVI,2015-04-28,baseline,HEJFE-809E53BB4081FBAE,1,14:18-15:18,61,14:18-15:23,66,1,1,1,1,conditional_on_point_in_time_nasdaq_listing,1,1
SCVL,2015-04-28,baseline,HEJFE-D6BA56FA6D57427E,1,14:47-15:47,61,14:47-15:52,66,1,1,1,1,conditional_on_point_in_time_nasdaq_listing,1,1
SGEN,2015-04-28,baseline,HEJFE-D6AE4ACB99958A73,1,13:48-14:48,61,13:48-14:53,66,1,1,1,1,conditional_on_point_in_time_nasdaq_listing,1,1
SM,2015-04-28,baseline,HEJFE-5B6F87699FF5093E,1,14:38-15:38,61,14:38-15:43,66,1,1,1,1,conditional_on_point_in_time_nasdaq_listing,1,1
THC,2015-04-28,baseline,HEJFE-6C4EA140AD75FFE2,1,15:18-16:00,43,15:18-16:00,43,1,1,1,1,conditional_on_point_in_time_nasdaq_listing,1,1
TW,2015-04-28,baseline,HEJFE-5D222F0F8E0C77D0,1,15:17-16:00,44,15:17-16:00,44,1,1,1,1,conditional_on_point_in_time_nasdaq_listing,1,1
ADI,2015-04-29,baseline,HEJFE-09EB83905864C50A,1,14:45-15:45,61,14:45-15:50,66,1,1,1,1,conditional_on_point_in_time_nasdaq_listing,1,1
BRKR,2015-04-29,baseline,HEJFE-3046057647A0FC5C,1,15:00-16:00,61,15:00-16:00,61,1,1,1,1,conditional_on_point_in_time_nasdaq_listing,1,1
CACI,2015-04-29,event,HEJFE-B9C8B3D0EF3DCB5E,1,14:24-15:24,61,14:24-15:29,66,1,1,1,1,conditional_on_point_in_time_nasdaq_listing,1,1
CBT,2015-04-29,event,HEJFE-9DF82252ED78E41F,1,13:03-14:03,61,13:03-14:08,66,1,1,1,1,conditional_on_point_in_time_nasdaq_listing,1,1
CGNX,2015-04-29,baseline,HEJFE-8EAA8616B1750B40,1,14:39-15:39,61,14:39-15:44,66,1,1,1,1,conditional_on_point_in_time_nasdaq_listing,1,1
CLD,2015-04-29,baseline,HEJFE-DB1E964E02F5921F,1,15:03-16:00,58,15:03-16:00,58,1,1,1,1,conditional_on_point_in_time_nasdaq_listing,1,1
COLM,2015-04-29,baseline,HEJFE-0BCEF81B6C0111FB,1,14:43-15:43,61,14:43-15:48,66,1,1,1,1,conditional_on_point_in_time_nasdaq_listing,1,1
CSOD,2015-04-29,baseline,HEJFE-5E9AD5C9AD67944D,1,14:59-15:59,61,14:59-16:00,62,1,1,1,1,conditional_on_point_in_time_nasdaq_listing,1,1
DYN,2015-04-29,baseline,HEJFE-E28050410A1480C6,1,13:54-14:54,61,13:54-14:59,66,1,1,1,1,conditional_on_point_in_time_nasdaq_listing,1,1
FLT,2015-04-29,baseline,HEJFE-AF58BD8CAE4E8D1C,1,14:58-15:58,61,14:58-16:00,63,1,1,1,1,conditional_on_point_in_time_nasdaq_listing,1,1
IDTI,2015-04-29,baseline,HEJFE-EFFA194386ABDD28,1,15:10-16:00,51,15:10-16:00,51,1,1,1,1,conditional_on_point_in_time_nasdaq_listing,1,1
INT,2015-04-29,baseline,HEJFE-D51AC412EDF93AA8,1,15:10-16:00,51,15:10-16:00,51,1,1,1,1,conditional_on_point_in_time_nasdaq_listing,1,1
MDU,2015-04-29,baseline,HEJFE-977FEBE8CA3CFCB6,1,15:27-16:00,34,15:27-16:00,34,1,1,1,1,conditional_on_point_in_time_nasdaq_listing,1,1
NDSN,2015-04-29,baseline,HEJFE-332D5C6DC3ACE6B1,1,15:05-16:00,56,15:05-16:00,56,1,1,1,1,conditional_on_point_in_time_nasdaq_listing,1,1
PBI,2015-04-29,event,HEJFE-4291CBF555CED6A9,1,14:17-15:17,61,14:17-15:22,66,1,1,1,1,conditional_on_point_in_time_nasdaq_listing,1,1
POWI,2015-04-29,event,HEJFE-8A0517D50278EAE4,1,14:53-15:53,61,14:53-15:58,66,1,1,1,1,conditional_on_point_in_time_nasdaq_listing,1,1
PRU,2015-04-29,baseline,HEJFE-A3C5C43F6AC75C44,1,15:17-16:00,44,15:17-16:00,44,1,1,1,1,conditional_on_point_in_time_nasdaq_listing,1,1
ROG,2015-04-29,event,HEJFE-33FC1D00348D7C59,1,14:59-15:59,61,14:59-16:00,62,1,1,1,1,conditional_on_point_in_time_nasdaq_listing,1,1
ROVI,2015-04-29,baseline,HEJFE-809E53BB4081FBAE,1,14:18-15:18,61,14:18-15:23,66,1,1,1,1,conditional_on_point_in_time_nasdaq_listing,1,1
SCVL,2015-04-29,baseline,HEJFE-D6BA56FA6D57427E,1,14:47-15:47,61,14:47-15:52,66,1,1,1,1,conditional_on_point_in_time_nasdaq_listing,1,1
SGEN,2015-04-29,baseline,HEJFE-D6AE4ACB99958A73,1,13:48-14:48,61,13:48-14:53,66,1,1,1,1,conditional_on_point_in_time_nasdaq_listing,1,1
SM,2015-04-29,baseline,HEJFE-5B6F87699FF5093E,1,14:38-15:38,61,14:38-15:43,66,1,1,1,1,conditional_on_point_in_time_nasdaq_listing,1,1
THC,2015-04-29,baseline,HEJFE-6C4EA140AD75FFE2,1,15:18-16:00,43,15:18-16:00,43,1,1,1,1,conditional_on_point_in_time_nasdaq_listing,1,1
TW,2015-04-29,baseline,HEJFE-5D222F0F8E0C77D0,1,15:17-16:00,44,15:17-16:00,44,1,1,1,1,conditional_on_point_in_time_nasdaq_listing,1,1
ADI,2015-04-30,baseline,HEJFE-09EB83905864C50A,1,14:45-15:45,61,14:45-15:50,66,1,1,1,1,conditional_on_point_in_time_nasdaq_listing,1,1
BRKR,2015-04-30,baseline,HEJFE-3046057647A0FC5C,1,15:00-16:00,61,15:00-16:00,61,1,1,1,1,conditional_on_point_in_time_nasdaq_listing,1,1
CGNX,2015-04-30,baseline,HEJFE-8EAA8616B1750B40,1,14:39-15:39,61,14:39-15:44,66,1,1,1,1,conditional_on_point_in_time_nasdaq_listing,1,1
CLD,2015-04-30,event,HEJFE-DB1E964E02F5921F,1,15:03-16:00,58,15:03-16:00,58,1,1,1,1,conditional_on_point_in_time_nasdaq_listing,1,1
COLM,2015-04-30,event,HEJFE-0BCEF81B6C0111FB,1,14:43-15:43,61,14:43-15:48,66,1,1,1,1,conditional_on_point_in_time_nasdaq_listing,1,1
CSOD,2015-04-30,baseline,HEJFE-5E9AD5C9AD67944D,1,14:59-15:59,61,14:59-16:00,62,1,1,1,1,conditional_on_point_in_time_nasdaq_listing,1,1
DYN,2015-04-30,baseline,HEJFE-E28050410A1480C6,1,13:54-14:54,61,13:54-14:59,66,1,1,1,1,conditional_on_point_in_time_nasdaq_listing,1,1
FLT,2015-04-30,event,HEJFE-AF58BD8CAE4E8D1C,1,14:58-15:58,61,14:58-16:00,63,1,1,1,1,conditional_on_point_in_time_nasdaq_listing,1,1
IDTI,2015-04-30,baseline,HEJFE-EFFA194386ABDD28,1,15:10-16:00,51,15:10-16:00,51,1,1,1,1,conditional_on_point_in_time_nasdaq_listing,1,1
INT,2015-04-30,event,HEJFE-D51AC412EDF93AA8,1,15:10-16:00,51,15:10-16:00,51,1,1,1,1,conditional_on_point_in_time_nasdaq_listing,1,1
MDU,2015-04-30,baseline,HEJFE-977FEBE8CA3CFCB6,1,15:27-16:00,34,15:27-16:00,34,1,1,1,1,conditional_on_point_in_time_nasdaq_listing,1,1
NDSN,2015-04-30,baseline,HEJFE-332D5C6DC3ACE6B1,1,15:05-16:00,56,15:05-16:00,56,1,1,1,1,conditional_on_point_in_time_nasdaq_listing,1,1
PRU,2015-04-30,baseline,HEJFE-A3C5C43F6AC75C44,1,15:17-16:00,44,15:17-16:00,44,1,1,1,1,conditional_on_point_in_time_nasdaq_listing,1,1
ROVI,2015-04-30,event,HEJFE-809E53BB4081FBAE,1,14:18-15:18,61,14:18-15:23,66,1,1,1,1,conditional_on_point_in_time_nasdaq_listing,1,1
SCVL,2015-04-30,baseline,HEJFE-D6BA56FA6D57427E,1,14:47-15:47,61,14:47-15:52,66,1,1,1,1,conditional_on_point_in_time_nasdaq_listing,1,1
SGEN,2015-04-30,event,HEJFE-D6AE4ACB99958A73,1,13:48-14:48,61,13:48-14:53,66,1,1,1,1,conditional_on_point_in_time_nasdaq_listing,1,1
SM,2015-04-30,baseline,HEJFE-5B6F87699FF5093E,1,14:38-15:38,61,14:38-15:43,66,1,1,1,1,conditional_on_point_in_time_nasdaq_listing,1,1
THC,2015-04-30,baseline,HEJFE-6C4EA140AD75FFE2,1,15:18-16:00,43,15:18-16:00,43,1,1,1,1,conditional_on_point_in_time_nasdaq_listing,1,1
TW,2015-04-30,baseline,HEJFE-5D222F0F8E0C77D0,1,15:17-16:00,44,15:17-16:00,44,1,1,1,1,conditional_on_point_in_time_nasdaq_listing,1,1
ADI,2015-05-01,baseline,HEJFE-09EB83905864C50A,1,14:45-15:45,61,14:45-15:50,66,1,1,1,1,conditional_on_point_in_time_nasdaq_listing,1,1
BRKR,2015-05-01,baseline,HEJFE-3046057647A0FC5C,1,15:00-16:00,61,15:00-16:00,61,1,1,1,1,conditional_on_point_in_time_nasdaq_listing,1,1
CGNX,2015-05-01,baseline,HEJFE-8EAA8616B1750B40,1,14:39-15:39,61,14:39-15:44,66,1,1,1,1,conditional_on_point_in_time_nasdaq_listing,1,1
CSOD,2015-05-01,baseline,HEJFE-5E9AD5C9AD67944D,1,14:59-15:59,61,14:59-16:00,62,1,1,1,1,conditional_on_point_in_time_nasdaq_listing,1,1
DYN,2015-05-01,baseline,HEJFE-E28050410A1480C6,1,13:54-14:54,61,13:54-14:59,66,1,1,1,1,conditional_on_point_in_time_nasdaq_listing,1,1
IDTI,2015-05-01,baseline,HEJFE-EFFA194386ABDD28,1,15:10-16:00,51,15:10-16:00,51,1,1,1,1,conditional_on_point_in_time_nasdaq_listing,1,1
MDU,2015-05-01,baseline,HEJFE-977FEBE8CA3CFCB6,1,15:27-16:00,34,15:27-16:00,34,1,1,1,1,conditional_on_point_in_time_nasdaq_listing,1,1
NDSN,2015-05-01,baseline,HEJFE-332D5C6DC3ACE6B1,1,15:05-16:00,56,15:05-16:00,56,1,1,1,1,conditional_on_point_in_time_nasdaq_listing,1,1
PRU,2015-05-01,baseline,HEJFE-A3C5C43F6AC75C44,1,15:17-16:00,44,15:17-16:00,44,1,1,1,1,conditional_on_point_in_time_nasdaq_listing,1,1
SCVL,2015-05-01,baseline,HEJFE-D6BA56FA6D57427E,1,14:47-15:47,61,14:47-15:52,66,1,1,1,1,conditional_on_point_in_time_nasdaq_listing,1,1
SM,2015-05-01,baseline,HEJFE-5B6F87699FF5093E,1,14:38-15:38,61,14:38-15:43,66,1,1,1,1,conditional_on_point_in_time_nasdaq_listing,1,1
THC,2015-05-01,baseline,HEJFE-6C4EA140AD75FFE2,1,15:18-16:00,43,15:18-16:00,43,1,1,1,1,conditional_on_point_in_time_nasdaq_listing,1,1
TW,2015-05-01,baseline,HEJFE-5D222F0F8E0C77D0,1,15:17-16:00,44,15:17-16:00,44,1,1,1,1,conditional_on_point_in_time_nasdaq_listing,1,1
ADI,2015-05-04,baseline,HEJFE-09EB83905864C50A,1,14:45-15:45,61,14:45-15:50,66,1,1,1,1,conditional_on_point_in_time_nasdaq_listing,1,1
BRKR,2015-05-04,baseline,HEJFE-3046057647A0FC5C,1,15:00-16:00,61,15:00-16:00,61,1,1,1,1,conditional_on_point_in_time_nasdaq_listing,1,1
CGNX,2015-05-04,event,HEJFE-8EAA8616B1750B40,1,14:39-15:39,61,14:39-15:44,66,1,1,1,1,conditional_on_point_in_time_nasdaq_listing,1,1
CSOD,2015-05-04,baseline,HEJFE-5E9AD5C9AD67944D,1,14:59-15:59,61,14:59-16:00,62,1,1,1,1,conditional_on_point_in_time_nasdaq_listing,1,1
DYN,2015-05-04,baseline,HEJFE-E28050410A1480C6,1,13:54-14:54,61,13:54-14:59,66,1,1,1,1,conditional_on_point_in_time_nasdaq_listing,1,1
IDTI,2015-05-04,event,HEJFE-EFFA194386ABDD28,1,15:10-16:00,51,15:10-16:00,51,1,1,1,1,conditional_on_point_in_time_nasdaq_listing,1,1
MDU,2015-05-04,event,HEJFE-977FEBE8CA3CFCB6,1,15:27-16:00,34,15:27-16:00,34,1,1,1,1,conditional_on_point_in_time_nasdaq_listing,1,1
NDSN,2015-05-04,baseline,HEJFE-332D5C6DC3ACE6B1,1,15:05-16:00,56,15:05-16:00,56,1,1,1,1,conditional_on_point_in_time_nasdaq_listing,1,1
PRU,2015-05-04,baseline,HEJFE-A3C5C43F6AC75C44,1,15:17-16:00,44,15:17-16:00,44,1,1,1,1,conditional_on_point_in_time_nasdaq_listing,1,1
SCVL,2015-05-04,baseline,HEJFE-D6BA56FA6D57427E,1,14:47-15:47,61,14:47-15:52,66,1,1,1,1,conditional_on_point_in_time_nasdaq_listing,1,1
SM,2015-05-04,baseline,HEJFE-5B6F87699FF5093E,1,14:38-15:38,61,14:38-15:43,66,1,1,1,1,conditional_on_point_in_time_nasdaq_listing,1,1
THC,2015-05-04,event,HEJFE-6C4EA140AD75FFE2,1,15:18-16:00,43,15:18-16:00,43,1,1,1,1,conditional_on_point_in_time_nasdaq_listing,1,1
TW,2015-05-04,event,HEJFE-5D222F0F8E0C77D0,1,15:17-16:00,44,15:17-16:00,44,1,1,1,1,conditional_on_point_in_time_nasdaq_listing,1,1
ADI,2015-05-05,baseline,HEJFE-09EB83905864C50A,1,14:45-15:45,61,14:45-15:50,66,1,1,1,1,conditional_on_point_in_time_nasdaq_listing,1,1
BRKR,2015-05-05,baseline,HEJFE-3046057647A0FC5C,1,15:00-16:00,61,15:00-16:00,61,1,1,1,1,conditional_on_point_in_time_nasdaq_listing,1,1
CSOD,2015-05-05,baseline,HEJFE-5E9AD5C9AD67944D,1,14:59-15:59,61,14:59-16:00,62,1,1,1,1,conditional_on_point_in_time_nasdaq_listing,1,1
DYN,2015-05-05,baseline,HEJFE-E28050410A1480C6,1,13:54-14:54,61,13:54-14:59,66,1,1,1,1,conditional_on_point_in_time_nasdaq_listing,1,1
NDSN,2015-05-05,baseline,HEJFE-332D5C6DC3ACE6B1,1,15:05-16:00,56,15:05-16:00,56,1,1,1,1,conditional_on_point_in_time_nasdaq_listing,1,1
PRU,2015-05-05,baseline,HEJFE-A3C5C43F6AC75C44,1,15:17-16:00,44,15:17-16:00,44,1,1,1,1,conditional_on_point_in_time_nasdaq_listing,1,1
SCVL,2015-05-05,baseline,HEJFE-D6BA56FA6D57427E,1,14:47-15:47,61,14:47-15:52,66,1,1,1,1,conditional_on_point_in_time_nasdaq_listing,1,1
SM,2015-05-05,event,HEJFE-5B6F87699FF5093E,1,14:38-15:38,61,14:38-15:43,66,1,1,1,1,conditional_on_point_in_time_nasdaq_listing,1,1
ADI,2015-05-06,baseline,HEJFE-09EB83905864C50A,1,14:45-15:45,61,14:45-15:50,66,1,1,1,1,conditional_on_point_in_time_nasdaq_listing,1,1
BRKR,2015-05-06,event,HEJFE-3046057647A0FC5C,1,15:00-16:00,61,15:00-16:00,61,1,1,1,1,conditional_on_point_in_time_nasdaq_listing,1,1
CSOD,2015-05-06,event,HEJFE-5E9AD5C9AD67944D,1,14:59-15:59,61,14:59-16:00,62,1,1,1,1,conditional_on_point_in_time_nasdaq_listing,1,1
DYN,2015-05-06,event,HEJFE-E28050410A1480C6,1,13:54-14:54,61,13:54-14:59,66,1,1,1,1,conditional_on_point_in_time_nasdaq_listing,1,1
NDSN,2015-05-06,baseline,HEJFE-332D5C6DC3ACE6B1,1,15:05-16:00,56,15:05-16:00,56,1,1,1,1,conditional_on_point_in_time_nasdaq_listing,1,1
PRU,2015-05-06,event,HEJFE-A3C5C43F6AC75C44,1,15:17-16:00,44,15:17-16:00,44,1,1,1,1,conditional_on_point_in_time_nasdaq_listing,1,1
SCVL,2015-05-06,baseline,HEJFE-D6BA56FA6D57427E,1,14:47-15:47,61,14:47-15:52,66,1,1,1,1,conditional_on_point_in_time_nasdaq_listing,1,1
ADI,2015-05-07,baseline,HEJFE-09EB83905864C50A,1,14:45-15:45,61,14:45-15:50,66,1,1,1,1,conditional_on_point_in_time_nasdaq_listing,1,1
NDSN,2015-05-07,baseline,HEJFE-332D5C6DC3ACE6B1,1,15:05-16:00,56,15:05-16:00,56,1,1,1,1,conditional_on_point_in_time_nasdaq_listing,1,1
SCVL,2015-05-07,baseline,HEJFE-D6BA56FA6D57427E,1,14:47-15:47,61,14:47-15:52,66,1,1,1,1,conditional_on_point_in_time_nasdaq_listing,1,1
ADI,2015-05-08,baseline,HEJFE-09EB83905864C50A,1,14:45-15:45,61,14:45-15:50,66,1,1,1,1,conditional_on_point_in_time_nasdaq_listing,1,1
NDSN,2015-05-08,baseline,HEJFE-332D5C6DC3ACE6B1,1,15:05-16:00,56,15:05-16:00,56,1,1,1,1,conditional_on_point_in_time_nasdaq_listing,1,1
SCVL,2015-05-08,baseline,HEJFE-D6BA56FA6D57427E,1,14:47-15:47,61,14:47-15:52,66,1,1,1,1,conditional_on_point_in_time_nasdaq_listing,1,1
ADI,2015-05-11,baseline,HEJFE-09EB83905864C50A,1,14:45-15:45,61,14:45-15:50,66,1,1,1,1,conditional_on_point_in_time_nasdaq_listing,1,1
NDSN,2015-05-11,baseline,HEJFE-332D5C6DC3ACE6B1,1,15:05-16:00,56,15:05-16:00,56,1,1,1,1,conditional_on_point_in_time_nasdaq_listing,1,1
SCVL,2015-05-11,baseline,HEJFE-D6BA56FA6D57427E,1,14:47-15:47,61,14:47-15:52,66,1,1,1,1,conditional_on_point_in_time_nasdaq_listing,1,1
ADI,2015-05-12,baseline,HEJFE-09EB83905864C50A,1,14:45-15:45,61,14:45-15:50,66,1,1,1,1,conditional_on_point_in_time_nasdaq_listing,1,1
NDSN,2015-05-12,baseline,HEJFE-332D5C6DC3ACE6B1,1,15:05-16:00,56,15:05-16:00,56,1,1,1,1,conditional_on_point_in_time_nasdaq_listing,1,1
SCVL,2015-05-12,baseline,HEJFE-D6BA56FA6D57427E,1,14:47-15:47,61,14:47-15:52,66,1,1,1,1,conditional_on_point_in_time_nasdaq_listing,1,1
ADI,2015-05-13,baseline,HEJFE-09EB83905864C50A,1,14:45-15:45,61,14:45-15:50,66,1,1,1,1,conditional_on_point_in_time_nasdaq_listing,1,1
NDSN,2015-05-13,baseline,HEJFE-332D5C6DC3ACE6B1,1,15:05-16:00,56,15:05-16:00,56,1,1,1,1,conditional_on_point_in_time_nasdaq_listing,1,1
SCVL,2015-05-13,baseline,HEJFE-D6BA56FA6D57427E,1,14:47-15:47,61,14:47-15:52,66,1,1,1,1,conditional_on_point_in_time_nasdaq_listing,1,1
ADI,2015-05-14,baseline,HEJFE-09EB83905864C50A,1,14:45-15:45,61,14:45-15:50,66,1,1,1,1,conditional_on_point_in_time_nasdaq_listing,1,1
NDSN,2015-05-14,baseline,HEJFE-332D5C6DC3ACE6B1,1,15:05-16:00,56,15:05-16:00,56,1,1,1,1,conditional_on_point_in_time_nasdaq_listing,1,1
SCVL,2015-05-14,baseline,HEJFE-D6BA56FA6D57427E,1,14:47-15:47,61,14:47-15:52,66,1,1,1,1,conditional_on_point_in_time_nasdaq_listing,1,1
ADI,2015-05-15,baseline,HEJFE-09EB83905864C50A,1,14:45-15:45,61,14:45-15:50,66,1,1,1,1,conditional_on_point_in_time_nasdaq_listing,1,1
NDSN,2015-05-15,baseline,HEJFE-332D5C6DC3ACE6B1,1,15:05-16:00,56,15:05-16:00,56,1,1,1,1,conditional_on_point_in_time_nasdaq_listing,1,1
SCVL,2015-05-15,baseline,HEJFE-D6BA56FA6D57427E,1,14:47-15:47,61,14:47-15:52,66,1,1,1,1,conditional_on_point_in_time_nasdaq_listing,1,1
ADI,2015-05-18,baseline,HEJFE-09EB83905864C50A,1,14:45-15:45,61,14:45-15:50,66,1,1,1,1,conditional_on_point_in_time_nasdaq_listing,1,1
NDSN,2015-05-18,baseline,HEJFE-332D5C6DC3ACE6B1,1,15:05-16:00,56,15:05-16:00,56,1,1,1,1,conditional_on_point_in_time_nasdaq_listing,1,1
SCVL,2015-05-18,baseline,HEJFE-D6BA56FA6D57427E,1,14:47-15:47,61,14:47-15:52,66,1,1,1,1,conditional_on_point_in_time_nasdaq_listing,1,1
ADI,2015-05-19,event,HEJFE-09EB83905864C50A,1,14:45-15:45,61,14:45-15:50,66,1,1,1,1,conditional_on_point_in_time_nasdaq_listing,1,1
NDSN,2015-05-19,event,HEJFE-332D5C6DC3ACE6B1,1,15:05-16:00,56,15:05-16:00,56,1,1,1,1,conditional_on_point_in_time_nasdaq_listing,1,1
SCVL,2015-05-19,baseline,HEJFE-D6BA56FA6D57427E,1,14:47-15:47,61,14:47-15:52,66,1,1,1,1,conditional_on_point_in_time_nasdaq_listing,1,1
SCVL,2015-05-20,event,HEJFE-D6BA56FA6D57427E,1,14:47-15:47,61,14:47-15:52,66,1,1,1,1,conditional_on_point_in_time_nasdaq_listing,1,1
